<?xml version="1.0" encoding="iso-8859-1" ?>
<newsitem itemid="559090" id="root" date="1997-05-05" xml:lang="en">
<title>HUNGARY: HUNGARY TO FIGHT TRADE, C/A GAPS BY REFORMS - FINMIN.</title>
<headline>HUNGARY TO FIGHT TRADE, C/A GAPS BY REFORMS - FINMIN.</headline>
<dateline>BUDAPEST 1997-04-05</dateline>
<text>
<p>Hungary's deep structural reforms should help it avoid trade and current account problems which could arise from rising economic growth, Finance Minister Peter Medgyessy said on Monday.</p>
<p>Medgyessy told Reuters in an interview that the economic restrictions which Hungary introduced two years ago were necessary to create conditions for sustainable growth, but alone were not sufficient to spark growth.</p>
<p>&quot;The restrictions are not sufficient, because if (they) do not come along with structural reforms, (economic) balance problems may return,&quot; he said.</p>
<p>&quot;That's why the government's decision (last week) about the pension reform has an enormous significance.&quot;</p>
<p>He added that the decision also outlined reform measures in the health care system.</p>
<p>The pension and health care reforms will be operational in 1998 and 1999 and guarantee that ecconomic growth is sustainable, Medgyessy said.</p>
<p>-- Sandor Peto, Budapest newsroom (36 1) 327 4040</p>
</text>
<copyright>(c) Reuters Limited 1997</copyright>
<metadata>
<codes class="bip:countries:1.0">
  <code code="HUNG">
    <editdetail attribution="Reuters BIP Coding Group" action="confirmed" date="1997-05-05"/>
  </code>
</codes>
<codes class="bip:topics:1.0">
  <code code="E51">
    <editdetail attribution="Reuters BIP Coding Group" action="confirmed" date="1997-05-05"/>
  </code>
  <code code="E511">
    <editdetail attribution="Reuters BIP Coding Group" action="confirmed" date="1997-05-05"/>
  </code>
  <code code="E512">
    <editdetail attribution="Reuters BIP Coding Group" action="confirmed" date="1997-05-05"/>
  </code>
  <code code="ECAT">
    <editdetail attribution="Reuters BIP Coding Group" action="confirmed" date="1997-05-05"/>
  </code>
</codes>
<dc element="dc.date.created" value="1997-04-05"/>
<dc element="dc.publisher" value="Reuters Holdings Plc"/>
<dc element="dc.date.published" value="1997-05-05"/>
<dc element="dc.source" value="Reuters"/>
<dc element="dc.creator.location" value="BUDAPEST"/>
<dc element="dc.creator.location.country.name" value="HUNGARY"/>
<dc element="dc.source" value="Reuters"/>
</metadata>
</newsitem>
