<?xml version="1.0" encoding="iso-8859-1" ?>
<newsitem itemid="559042" id="root" date="1997-05-05" xml:lang="en">
<title>SLOVAKIA: SLOVAK STEEL MAKER VSZ SAYS TO DIVERSIFY.</title>
<headline>SLOVAK STEEL MAKER VSZ SAYS TO DIVERSIFY.</headline>
<byline>Peter Laca</byline>
<dateline>KOSIC, Slovakia 1997-05-05</dateline>
<text>
<p>Slovakia's largest steelmaker VSZ a.s. will continue its strategy of chanelling profits into diversification in order to loosen its dependence on the fickle steel market, management officials said on Monday.</p>
<p>&quot;We want to focus more strongly on other sectors such as banking, automobile production and services,&quot; VSZ President Jan Smerek told a news conference in Kosice.</p>
<p>Smerek announced that VSZ had posted a 1.35 billion crown net profit in 1996, a nine percent increase from the 1.2 billion profit in the previous year and that management had proposed a 1996 dividend of 40 crowns per share after 30 crowns in 1995.</p>
<p>The 1996 profit was made on total revenues of 52.07 billion crowns.</p>
<p>&quot;We saw a negative trend in revenues at the end of last year, but we were able quickly to adapt to this trend, to post satisfactory results for the full year,&quot; Smerek said.</p>
<p>VSZ is already  diversifying into other fields in order to eliminate the negative influence of cyclical devlopments in the steel industry, and has already heavily invested in the past two years into banking, insurance, services and even sports. Last year it bought the Czech Republic's Sparta Prague football club for one billion crowns.</p>
<p>On Monday, the company announced it was in preliminary negotiations with an unspecified Japanese carmaker on building a car assembly plant in Slovakia.</p>
<p>&quot;We are negotiating with (Japanese) Nomura Bank....but these talks are still only very preliminary,&quot; Jan Seno, VSZ Vice President for finance told Reuters.</p>
<p>Two years ago VSZ had begun talks on a Slovak car assembly plant with Korean KIA car producer, but these broke down, Smerek said without elaborating.</p>
<p>Last month VSZ Supervisory Board Chairman Alexander Rezes said VSZ was perparing extensive restructuring measures partly in the hope of forging ties with Japan's Toyota Motor Corp .</p>
<p>After a trip to Japan at the beginning of April, Slovak Finance Minister Sergei Kozlik said Toyota was considering locating a car production plant in eastern Slovakia.</p>
<p>Toyota has so far not commented on the project.</p>
<p>Last year, VSZ invested 2.5 billion crowns into steel production which, Smerek said was a sufficient amount.</p>
<p>Investments in 1997 are estimated at 3.5 billion crowns of which the major part will go to the production of zinc-coated sheet steel.</p>
<p>Seno told Reuters that VSZ had bought a 20 percent stake in Czech steel producer Trinecke Zelezarny from a major Trinec shareholder whom it declined to name.</p>
<p>&quot;We have declared a strategy to build a strong multi-national company in central Europe and the buy into Trinec is a part of this strategy,&quot; Seno said.</p>
<p>Earlier this year VSZ said it was also interested in taking a stake in Czech engineering concern Skoda a.s.,but Seno said this was now no longer a topical issue.</p>
<p>Company officials also said VSZ was interested in buying into two major Hungarian steel plants, but gave no details.</p>
</text>
<copyright>(c) Reuters Limited 1997</copyright>
<metadata>
<codes class="bip:countries:1.0">
  <code code="SLVAK">
    <editdetail attribution="Reuters BIP Coding Group" action="confirmed" date="1997-05-05"/>
  </code>
</codes>
<codes class="bip:industries:1.0">
  <code code="I22100">
    <editdetail attribution="Reuters BIP Coding Group" action="confirmed" date="1997-05-05"/>
  </code>
</codes>
<codes class="bip:topics:1.0">
  <code code="C11">
    <editdetail attribution="Reuters BIP Coding Group" action="confirmed" date="1997-05-05"/>
  </code>
  <code code="CCAT">
    <editdetail attribution="Reuters BIP Coding Group" action="confirmed" date="1997-05-05"/>
  </code>
</codes>
<dc element="dc.date.created" value="1997-05-05"/>
<dc element="dc.publisher" value="Reuters Holdings Plc"/>
<dc element="dc.date.published" value="1997-05-05"/>
<dc element="dc.source" value="Reuters"/>
<dc element="dc.creator.location" value="KOSIC, Slovakia"/>
<dc element="dc.creator.location.country.name" value="SLOVAKIA"/>
<dc element="dc.source" value="Reuters"/>
</metadata>
</newsitem>
