<?xml version="1.0" encoding="iso-8859-1" ?>
<newsitem itemid="559060" id="root" date="1997-05-05" xml:lang="en">
<title>RUSSIA: PRESS DIGEST - RUSSIA IZVESTIA - MAY 5.</title>
<headline>PRESS DIGEST - RUSSIA IZVESTIA - MAY 5.</headline>
<dateline>MOSCOW 1997-05-05</dateline>
<text>
<p>Following are some of the leading stories in the May 6 edition of Russia's Izvestia newspaper. Reuters has not verified these stories and does not vouch for their accuracy.</p>
<p>- First Deputy Prime Minister Boris Nemtsov, in an interview with the paper, again denies rumours of disagreements between the prime minister and his first deputies.</p>
<p>- The U.S. space agency NASA threatens to stop sending American astronaunts to the Russian Mir space station.</p>
<p>- A number of economic measures taken recently by the Russian president and government signify that the second stage of reforms has started in Russia.</p>
<p>- Russia's coal industry is facing great changes.</p>
<p>- Russia's Sberbank, the state savings bank, is playing increasingly active role in servicing the federal budget.</p>
<p>- Tightening of tax regulations in the oil industry has had a negative impact on the activity of joint ventures.</p>
<p>-- Svetlana Kovaleva, Moscow Newsroom, +7095 941 8520</p>
</text>
<copyright>(c) Reuters Limited 1997</copyright>
<metadata>
<codes class="bip:countries:1.0">
  <code code="RUSS">
    <editdetail attribution="Reuters BIP Coding Group" action="confirmed" date="1997-05-05"/>
  </code>
</codes>
<codes class="bip:topics:1.0">
  <code code="GCAT">
    <editdetail attribution="Reuters BIP Coding Group" action="confirmed" date="1997-05-05"/>
  </code>
</codes>
<dc element="dc.date.created" value="1997-05-05"/>
<dc element="dc.publisher" value="Reuters Holdings Plc"/>
<dc element="dc.date.published" value="1997-05-05"/>
<dc element="dc.source" value="Reuters"/>
<dc element="dc.creator.location" value="MOSCOW"/>
<dc element="dc.creator.location.country.name" value="RUSSIA"/>
<dc element="dc.source" value="Reuters"/>
</metadata>
</newsitem>
