<?xml version="1.0" encoding="iso-8859-1" ?>
<newsitem itemid="559033" id="root" date="1997-05-05" xml:lang="en">
<title>SOUTH AFRICA: UNICORN IN MOZAMBIQUE SHIPPING LINE VENTURE.</title>
<headline>UNICORN IN MOZAMBIQUE SHIPPING LINE VENTURE.</headline>
<dateline>DURBAN, South Africa 1997-05-05</dateline>
<text>
<p>A joint venture between South Africa's Unicorn Lines and Portugual's Tertir will introduce a new shipping line service along Mozambique's coast in May, Unicorn Chief Executive Dave Rennie said on Monday.</p>
<p>The service, known as Mozline, will serve Maputo, Beira, Quelimane, Nacala and Pemba on two different port rotation schedules and offer line-owned container equipment for container and general cargo services, Rennie said.</p>
<p>&quot;King and Sons, Maputo, will provide a complete shipping agency service in all major Mozambican ports, while Unicorn SA will act as agents in Durban,&quot; he said in a statement.</p>
<p>&quot;By extending the through bill service to Durban, a gateway to a worldwide service into and out of Mozambique will be opened. This can only be beneficial in facilitating trade opportunities developing from a growing Mozambican economy,&quot; he added.</p>
<p>The first vessel dedicated to the service, called the Point Lisas, will call at Maputo during the second week of May to commence the first voyage.</p>
<p>The 3,000 dwt vessel is capable of carrying 158 containers and is fitted with two 25 tonne combination cranes. More ships will be added to the service later in the year.</p>
<p>Unicorn is a unit of Grindrod Unicorn Group Ltd.</p>
<p>--Durban Newsroom, +27 31 306-8646</p>
</text>
<copyright>(c) Reuters Limited 1997</copyright>
<metadata>
<codes class="bip:countries:1.0">
  <code code="MOZAM">
    <editdetail attribution="Reuters BIP Coding Group" action="confirmed" date="1997-05-05"/>
  </code>
  <code code="PORL">
    <editdetail attribution="Reuters BIP Coding Group" action="confirmed" date="1997-05-05"/>
  </code>
  <code code="SAFR">
    <editdetail attribution="Reuters BIP Coding Group" action="confirmed" date="1997-05-05"/>
  </code>
</codes>
<codes class="bip:industries:1.0">
  <code code="I74000">
    <editdetail attribution="Reuters BIP Coding Group" action="confirmed" date="1997-05-05"/>
  </code>
  <code code="I77003">
    <editdetail attribution="Reuters BIP Coding Group" action="confirmed" date="1997-05-05"/>
  </code>
</codes>
<codes class="bip:topics:1.0">
  <code code="C11">
    <editdetail attribution="Reuters BIP Coding Group" action="confirmed" date="1997-05-05"/>
  </code>
  <code code="CCAT">
    <editdetail attribution="Reuters BIP Coding Group" action="confirmed" date="1997-05-05"/>
  </code>
</codes>
<dc element="dc.date.created" value="1997-05-05"/>
<dc element="dc.publisher" value="Reuters Holdings Plc"/>
<dc element="dc.date.published" value="1997-05-05"/>
<dc element="dc.source" value="Reuters"/>
<dc element="dc.creator.location" value="DURBAN, South Africa"/>
<dc element="dc.creator.location.country.name" value="SOUTH AFRICA"/>
<dc element="dc.source" value="Reuters"/>
</metadata>
</newsitem>
