<?xml version="1.0" encoding="iso-8859-1" ?>
<newsitem itemid="559056" id="root" date="1997-05-05" xml:lang="en">
<title>POLAND: STOMIL Q1 NET RISES TO PLN 15.2 MLN.</title>
<headline>STOMIL Q1 NET RISES TO PLN 15.2 MLN.</headline>
<dateline>WARSAW 1997-05-05</dateline>
<text>
<p>Stomil preliminary results</p>
<p>for the first quarter of the year ending March 31, 1997.</p>
<p>(Figures in millions of zlotys unless stated)</p>
<p>						Q1 1997	Q1 1996</p>
<p>    operating profit			22.00 vs     22.11</p>
<p>    pre-tax profit			  19.98 vs     25.35</p>
<p>    net profit				15.22 vs     14.72</p>
<p>NOTE - full company name is: Stomil Olsztyn SA.</p>
<p>    net sales				161.23 vs    146.07</p>
<p>    costs of sales			 120.77 vs    104.76</p>
<p>    extraordinary profit		   0.00 vs	0.00</p>
<p>    income tax				 4.76 vs     10.63</p>
<p>    other taxes				 na  vs	 na</p>
<p>    financial revenues		     1.30 vs     24.91</p>
<p>    financial costs			  3.32 vs     21.67</p>
<p>    investment				61.11 vs     17.17</p>
<p>-- Warsaw Newsroom +48 22 653 9700</p>
</text>
<copyright>(c) Reuters Limited 1997</copyright>
<metadata>
<codes class="bip:countries:1.0">
  <code code="POL">
    <editdetail attribution="Reuters BIP Coding Group" action="confirmed" date="1997-05-05"/>
  </code>
</codes>
<codes class="bip:industries:1.0">
  <code code="I48110">
    <editdetail attribution="Reuters BIP Coding Group" action="confirmed" date="1997-05-05"/>
  </code>
</codes>
<codes class="bip:topics:1.0">
  <code code="C15">
    <editdetail attribution="Reuters BIP Coding Group" action="confirmed" date="1997-05-05"/>
  </code>
  <code code="C151">
    <editdetail attribution="Reuters BIP Coding Group" action="confirmed" date="1997-05-05"/>
  </code>
  <code code="CCAT">
    <editdetail attribution="Reuters BIP Coding Group" action="confirmed" date="1997-05-05"/>
  </code>
</codes>
<dc element="dc.date.created" value="1997-05-05"/>
<dc element="dc.publisher" value="Reuters Holdings Plc"/>
<dc element="dc.date.published" value="1997-05-05"/>
<dc element="dc.source" value="Reuters"/>
<dc element="dc.creator.location" value="WARSAW"/>
<dc element="dc.creator.location.country.name" value="POLAND"/>
<dc element="dc.source" value="Reuters"/>
</metadata>
</newsitem>
