<?xml version="1.0" encoding="iso-8859-1" ?>
<newsitem itemid="559081" id="root" date="1997-05-05" xml:lang="en">
<title>HUNGARY: HUNGARY MAY STEP UP ANTI-INFLATION FIGHT - MEDGYESSY.</title>
<headline>HUNGARY MAY STEP UP ANTI-INFLATION FIGHT - MEDGYESSY.</headline>
<byline>Sandor Peto</byline>
<dateline>BUDAPEST 1997-05-05</dateline>
<text>
<p>Hungary's government is likely to discuss within three weeks two alternative programmes about the reduction of inflation (CPI) in 1998, Finance Minister Peter Medgyessy told Reuters in an interview on Monday.</p>
<p>&quot;This is a matter of such importance that before (the government discussion) I will ask the Prime Minister and the central bank president for a joint consultation,&quot; he said.</p>
<p>Medgyessy declined to disclose the details of the plans, but said that the alternative programme, which includes a more radical cut, may push down year-on-year inflation to slightly below 10 percent by December 1998 in the optimal case.</p>
<p>He said that a larger cut in inflation would be more favourable for economic growth adding that the other programme for 1998 would represent a one to three percentage point smaller cut in average inflation.</p>
<p>&quot;The chance of that (larger inflation reduction) depends very much on what the social partners (employers and trade unions) are ready to accept and what parts of the anti-inflationary programme politicians are willing to undertake,&quot; he said.</p>
<p>He said that year-on-year inflation could go down to between 16 to 17 percent by December 1997 from 18.8 percent in March, adding that he would be able to give a more precise forecast in June, after seeing the May CPI figures.</p>
<p>Medgyessy said the ministry maintained its 18 percent average inflation forecast for 1997, compared with an average inflation of 23.6 percent last year.</p>
<p>The government, approving the draft of the pension reform last week, showed that it did not hesitate to make decisions for the long-term, although 1998 elections were near, he said.</p>
<p>&quot;I think the government will be able to undertake the programme (including the larger inflation cut) despite the difficult situation,&quot; he said.</p>
<p>&quot;I would rather ask whether the necessary confidence of the social partners can be created,&quot; he said. &quot;I think that if they see guarantees (for the completion of the programme) they will agree.&quot;</p>
<p>Whichever of the two programmes is approved, government intervention would use only tools which are usual in market economies, such as decisions on interest rates and devaluation, the central bank's reserve policies and its open market interventions, Medgyessy said.</p>
<p>He said that declining inflation and structural reforms together would support increasing and sustainable economic growth.</p>
<p>Hungary targets a gross domestic product (GDP) growth of two to three percent this year, up from a prelimiary figure of one percent in 1996, and plans to boost growth to up to five percent in the next few years.</p>
<p>Hungary's deep structural reforms should help it avoid trade and current account problems which could arise from rising economic growth, Medgyessy said.</p>
<p>He said Hungary's economic restrictions introduced two years ago were necessary to create conditions for sustainable growth, but alone were not sufficient to spark growth.</p>
<p>He added that the government's decision about pensions also outlined measures in the health care system, but the health care reform itself was likely to come only after the 1998 elections.</p>
<p>The pension and health care reforms will be operational in 1998 and 1999 and guarantee that ecconomic growth is sustainable, Medgyessy said.</p>
<p>-- Budapest newsroom (36 1) 327 4040</p>
</text>
<copyright>(c) Reuters Limited 1997</copyright>
<metadata>
<codes class="bip:countries:1.0">
  <code code="HUNG">
    <editdetail attribution="Reuters BIP Coding Group" action="confirmed" date="1997-05-05"/>
  </code>
</codes>
<codes class="bip:topics:1.0">
  <code code="E12">
    <editdetail attribution="Reuters BIP Coding Group" action="confirmed" date="1997-05-05"/>
  </code>
  <code code="E13">
    <editdetail attribution="Reuters BIP Coding Group" action="confirmed" date="1997-05-05"/>
  </code>
  <code code="E131">
    <editdetail attribution="Reuters BIP Coding Group" action="confirmed" date="1997-05-05"/>
  </code>
  <code code="ECAT">
    <editdetail attribution="Reuters BIP Coding Group" action="confirmed" date="1997-05-05"/>
  </code>
</codes>
<dc element="dc.date.created" value="1997-05-05"/>
<dc element="dc.publisher" value="Reuters Holdings Plc"/>
<dc element="dc.date.published" value="1997-05-05"/>
<dc element="dc.source" value="Reuters"/>
<dc element="dc.creator.location" value="BUDAPEST"/>
<dc element="dc.creator.location.country.name" value="HUNGARY"/>
<dc element="dc.source" value="Reuters"/>
</metadata>
</newsitem>
