<?xml version="1.0" encoding="iso-8859-1" ?>
<newsitem itemid="559113" id="root" date="1997-05-05" xml:lang="en">
<title>ROMANIA: ROMANIAN RETAIL SALES ON THE SLIDE IN FEBRUARY.</title>
<headline>ROMANIAN RETAIL SALES ON THE SLIDE IN FEBRUARY.</headline>
<dateline>BUCHAREST 1997-05-05</dateline>
<text>
<p>Turnover of Romanian retail trade companies slipped by 4.1 percent in February from the previous month as the population's consumption declined, National Statistics Board (CNS) data showed.</p>
<p>It said February's retail sales were 20.7 percent down from the same month of 1996.</p>
<p>Retail trade dropped by 17.4 percent over January-February, when sales of food products, beverage and tobacco saw a 24.4 percent fall from the same period last year.</p>
<p>The private sector accounted for 70 percent of February's retail trade, down from 71 percent the previous month. NOTE -- Changes in comparable prices.</p>
<p>-- Mirela Eremia, Bucharest Newsroom 40-1 3120264</p>
</text>
<copyright>(c) Reuters Limited 1997</copyright>
<metadata>
<codes class="bip:countries:1.0">
  <code code="ROM">
    <editdetail attribution="Reuters BIP Coding Group" action="confirmed" date="1997-05-05"/>
  </code>
</codes>
<codes class="bip:topics:1.0">
  <code code="E14">
    <editdetail attribution="Reuters BIP Coding Group" action="confirmed" date="1997-05-05"/>
  </code>
  <code code="E143">
    <editdetail attribution="Reuters BIP Coding Group" action="confirmed" date="1997-05-05"/>
  </code>
  <code code="ECAT">
    <editdetail attribution="Reuters BIP Coding Group" action="confirmed" date="1997-05-05"/>
  </code>
</codes>
<dc element="dc.date.created" value="1997-05-05"/>
<dc element="dc.publisher" value="Reuters Holdings Plc"/>
<dc element="dc.date.published" value="1997-05-05"/>
<dc element="dc.source" value="Reuters"/>
<dc element="dc.creator.location" value="BUCHAREST"/>
<dc element="dc.creator.location.country.name" value="ROMANIA"/>
<dc element="dc.source" value="Reuters"/>
</metadata>
</newsitem>
