<?xml version="1.0" encoding="iso-8859-1" ?>
<newsitem itemid="559112" id="root" date="1997-05-05" xml:lang="en">
<title>LITHUANIA: KLASCO HANDLES LESS CARGO IN APRIL.</title>
<headline>KLASCO HANDLES LESS CARGO IN APRIL.</headline>
<dateline>VILNIUS 1997-05-05</dateline>
<text>
<p>The state-run Klaipeda Stevedoring Company (KLASCO), the largest stevedoring firm in Lithuania, said on Monday that it handled 740,000 tonnes of cargo in April compared to 891,000 tonnes in March.  </p>
<p>The company's economy director, Algirdas Kateiva, also told Reuters that in April 1996, KLASCO handled 623,000 tonnes of cargo.</p>
<p>&quot;On April 20, we started dredging operations in front of three of our quays, and that slowed things down a bit,&quot; he said.</p>
<p>Kateiva added that the company expected to handle around 615,000 tonnes of cargo in May as the dredging work continues.</p>
<p>&quot;There is more cargo coming through the port but we won't be able to increase our operations until the work is completed,&quot; he said.</p>
<p>He said that the dredging would take at least six months to complete.</p>
<p>-- Andrius Vilkancas, Vilnius newsroom +370 2 22 35 18</p>
</text>
<copyright>(c) Reuters Limited 1997</copyright>
<metadata>
<codes class="bip:countries:1.0">
  <code code="LITH">
    <editdetail attribution="Reuters BIP Coding Group" action="confirmed" date="1997-05-05"/>
  </code>
</codes>
<codes class="bip:industries:1.0">
  <code code="I36101">
    <editdetail attribution="Reuters BIP Coding Group" action="confirmed" date="1997-05-05"/>
  </code>
  <code code="I77002">
    <editdetail attribution="Reuters BIP Coding Group" action="confirmed" date="1997-05-05"/>
  </code>
</codes>
<codes class="bip:topics:1.0">
  <code code="C21">
    <editdetail attribution="Reuters BIP Coding Group" action="confirmed" date="1997-05-05"/>
  </code>
  <code code="C31">
    <editdetail attribution="Reuters BIP Coding Group" action="confirmed" date="1997-05-05"/>
  </code>
  <code code="CCAT">
    <editdetail attribution="Reuters BIP Coding Group" action="confirmed" date="1997-05-05"/>
  </code>
</codes>
<dc element="dc.date.created" value="1997-05-05"/>
<dc element="dc.publisher" value="Reuters Holdings Plc"/>
<dc element="dc.date.published" value="1997-05-05"/>
<dc element="dc.source" value="Reuters"/>
<dc element="dc.creator.location" value="VILNIUS"/>
<dc element="dc.creator.location.country.name" value="LITHUANIA"/>
<dc element="dc.source" value="Reuters"/>
</metadata>
</newsitem>
