<?xml version="1.0" encoding="iso-8859-1" ?>
<newsitem itemid="559145" id="root" date="1997-05-05" xml:lang="en">
<title>TURKEY: GOVERNMENT LIST.</title>
<headline>GOVERNMENT LIST.</headline>
<text>
<p>TURKEY GOVERNMENT LIST (970505)</p>
<p> President (Sworn in 16 May 93)...............Suleyman DEMIREL</p>
<p>				  - - - - - - -</p>
<p>COALITION GOVERNMENT (Formed 28 Jun 96)</p>
<p>(See end of list for party affiliations)</p>
<p> Prime Minister..........Necmettin ERBAKAN (RP)</p>
<p> Deputy Prime Minister.......Tansu CILLER (DYP)</p>
<p>(Also foreign minister)</p>
<p>				  - - - - - - -</p>
<p>STATE MINISTERS:</p>
<p>Fehim ADAK (RP)</p>
<p>Nevzat ERCAN (DYP)</p>
<p>Abdullah GUL (RP)</p>
<p>Isilay SAYGIN (DYP)</p>
<p>Sabri TEKIR (RP)</p>
<p>Nafiz KURT (DYP) (Also acting Health Minister)</p>
<p>Mehmet ALTINSOY (RP)</p>
<p>Namik Kemal ZEYBEK (DYP)</p>
<p>Lutfu ESENGUL (RP)</p>
<p>Salim ENSARIOGLU (DYP)</p>
<p>Ahmet Cemil TUNC (RP)</p>
<p>Bekir AKSOY (DYP)</p>
<p>Gurcan DAGDAS (RP)</p>
<p>Ufuk SOYLEMEZ (DYP)</p>
<p>Teoman Riza GUNERI (RP)</p>
<p>Ayfer YILMAZ (DYP)</p>
<p>Sacit GUNBEY (RP)</p>
<p>Bahattin SEKER (DYP)</p>
<p>Ahmet DEMIRCAN (RP)</p>
<p>				  - - - - - - -</p>
<p>MINISTERS:</p>
<p>Agriculture...Musa DEMIRCI (RP)</p>
<p>Culture....Ismail KAHRAMAN (RP)</p>
<p> Defence......Turhan TAYAN (DYP)</p>
<p>Education...Mehmet SAGLAM (DYP)</p>
<p> Energy.........Recai KUTAN (RP)</p>
<p> Environment................Ziyattin TOKAR (RP)</p>
<p>Finance...Abdullatif SENER (RP)</p>
<p> Foreign..............See deputy prime minister</p>
<p> Forestry......Halit DAGLI (DYP)</p>
<p>(Also acting Trade &amp; Industry minister)</p>
<p> Health...............See State Ministers above</p>
<p> Housing........Cevat AYHAN (RP)</p>
<p>Interior ...Meral AKSENER (DYP)</p>
<p> Justice.......Sevket KAZAN (RP)</p>
<p> Labour........Necati CELIK (RP)</p>
<p>Tourism....Bahattin YUCEL (DYP)</p>
<p> Trade &amp; Industry.........See Forestry minister</p>
<p>Transport....Omer BARUTCU (DYP)</p>
<p>				  - - - - - - -</p>
<p>Speaker of Parliament...Mustafa KALEMLI (ANAP)</p>
<p>				  - - - - - - -</p>
<p> Central Bank Governor...............Gazi ERCEL</p>
<p>				  - - - - - - -</p>
<p>PARTY AFFILIATIONS:</p>
<p>DYP - True Path Party</p>
<p>RP - Welfare Party</p>
<p>ANAP - Motherland Party</p>
<p>				  - - - - - - -</p>
<p>	   NOTE: Any comments/queries on the content of this</p>
<p>		 government list, please contact the Reuter</p>
<p>		 Editorial Reference Unit, London, on (171) 542</p>
<p>		 7968.</p>
<p>				(End government list)</p>
</text>
<copyright>(c) Reuters Limited 1997</copyright>
<metadata>
<codes class="bip:countries:1.0">
  <code code="TURK">
    <editdetail attribution="Reuters BIP Coding Group" action="confirmed" date="1997-05-05"/>
  </code>
</codes>
<codes class="bip:topics:1.0">
  <code code="GCAT">
    <editdetail attribution="Reuters BIP Coding Group" action="confirmed" date="1997-05-05"/>
  </code>
  <code code="GPOL">
    <editdetail attribution="Reuters BIP Coding Group" action="confirmed" date="1997-05-05"/>
  </code>
</codes>
<dc element="dc.publisher" value="Reuters Holdings Plc"/>
<dc element="dc.date.published" value="1997-05-05"/>
<dc element="dc.source" value="Reuters"/>
<dc element="dc.creator.location.country.name" value="TURKEY"/>
<dc element="dc.source" value="Reuters"/>
</metadata>
</newsitem>
