<?xml version="1.0" encoding="iso-8859-1" ?>
<newsitem itemid="559191" id="root" date="1997-05-05" xml:lang="en">
<title>SOUTH AFRICA: S.Africa JSE turnover up 58 pct in first 4 months.</title>
<headline>S.Africa JSE turnover up 58 pct in first 4 months.</headline>
<dateline>JOHANNESBURG 1997-05-05</dateline>
<text>
<p>Turnover on South Africa's Johannesburg Stock Exchange (JSE), excluding arbitrage deals, surged 58 percent in the first four months of 1997 compared to the same period last year, the bourse said on Friday.</p>
<p>The JSE said trade worth 58.64 billion rand has been concluded from the start of the year to April 27, compared with 37.10 billion rand in the same 1996 period.</p>
<p>Net foreign purchases in the first four months of 1997 stood at 6.27 billion rand compared to 5.25 billion rand for the whole of 1996, the JSE said.</p>
<p>Market capitalisation rose 6.2 percent in the four month period to 1,216 billion rand compared to 1,145 billion rand.</p>
<p>In April 1997 liquidity improved to 17.3 percent from 10.6 percent in the same period last year. The first four months of 1997 show liquidity up 14.8 percent.</p>
<p>In U.S. dollar terms the JSE's market capitalisation was worth $271.66 billion on March 27, 1997.</p>
<p>It ranks as the 15th largest bourse by dollar market capitalisation among the 45 member stock exhanges of the Federation Internationale des Bourses de Valeurs (FIBV). In dollar market turnover the JSE is 28th.</p>
<p>The JSE's liquidity ratio, in dollar terms, on March 27 fell to 13.5 percent from 14.2 percent previously, ranking it 39th.</p>
<p>-- Johannesburg newsroom, +27 11 482 1003</p>
</text>
<copyright>(c) Reuters Limited 1997</copyright>
<metadata>
<codes class="bip:countries:1.0">
  <code code="SAFR">
    <editdetail attribution="Reuters BIP Coding Group" action="confirmed" date="1997-05-05"/>
  </code>
</codes>
<codes class="bip:topics:1.0">
  <code code="M11">
    <editdetail attribution="Reuters BIP Coding Group" action="confirmed" date="1997-05-05"/>
  </code>
  <code code="MCAT">
    <editdetail attribution="Reuters BIP Coding Group" action="confirmed" date="1997-05-05"/>
  </code>
</codes>
<dc element="dc.date.created" value="1997-05-05"/>
<dc element="dc.publisher" value="Reuters Holdings Plc"/>
<dc element="dc.date.published" value="1997-05-05"/>
<dc element="dc.source" value="Reuters"/>
<dc element="dc.creator.location" value="JOHANNESBURG"/>
<dc element="dc.creator.location.country.name" value="SOUTH AFRICA"/>
<dc element="dc.source" value="Reuters"/>
</metadata>
</newsitem>
