<?xml version="1.0" encoding="iso-8859-1" ?>
<newsitem itemid="559173" id="root" date="1997-05-05" xml:lang="en">
<title>SOUTH AFRICA: S.Africa's de Klerk will not seek amnesty -- party.</title>
<headline>S.Africa's de Klerk will not seek amnesty -- party.</headline>
<dateline>CAPE TOWN 1997-05-05</dateline>
<text>
<p>The former ruling National Party (NP) said on Monday its leader F.W. de Klerk would not seek amnesty from South Africa's Truth and Reconciliation Commission probing apartheid crimes.</p>
<p>&quot;Mr de Klerk will not apply for amnesty,&quot; party spokesman Jan Bosman told Reuters after a NP Federal Council meeting held to discuss the amnesty process ahead of a May 10 deadline.</p>
<p>The commission, appointed to heal the wounds of apartheid, has heard gruelling testimony about torture and abuse by police and former policemen who have confessed to killing a number of anti-apartheid activists.</p>
<p>But De Klerk, who repudiated apartheid in 1990 and four years later surrendered power to President Nelson Mandela, has repeatedly insisted that he has never been a party to any decision to kill apartheid foes.</p>
<p>&quot;It's a lie that I knew. It's a lie that I was part of any conspiracy to do these terrible things... to assassinate people. How many times much I say it's a lie before people hear me?,&quot; he told a news conference in March.</p>
<p>In a statement issued on Monday night, de Klerk said he would meet Nobel peace laureate Desmond Tutu, who chairs the Commission, later this week to discuss the Commission's definitions affecting political leaders.</p>
<p>He said the amnesty process appeared to deal only with individuals who had committed crimes, and not his party's willingness to accept overall political responsibility for the policies of the former NP government.</p>
<p>&quot;Within this framework the amnesty process is not the correct channel for the acceptance of political responsibility for policy...Political leaders who in terms of the law did not commit crimes should therefore find another way of doing this,&quot; he added.</p>
<p>De Klerk apologised to the truth commission in August last year for the suffering apartheid had wrought during 48 years of NP rule.</p>
</text>
<copyright>(c) Reuters Limited 1997</copyright>
<metadata>
<codes class="bip:countries:1.0">
  <code code="SAFR">
    <editdetail attribution="Reuters BIP Coding Group" action="confirmed" date="1997-05-05"/>
  </code>
</codes>
<codes class="bip:topics:1.0">
  <code code="GCAT">
    <editdetail attribution="Reuters BIP Coding Group" action="confirmed" date="1997-05-05"/>
  </code>
  <code code="GCRIM">
    <editdetail attribution="Reuters BIP Coding Group" action="confirmed" date="1997-05-05"/>
  </code>
  <code code="GPOL">
    <editdetail attribution="Reuters BIP Coding Group" action="confirmed" date="1997-05-05"/>
  </code>
  <code code="GVIO">
    <editdetail attribution="Reuters BIP Coding Group" action="confirmed" date="1997-05-05"/>
  </code>
</codes>
<dc element="dc.date.created" value="1997-05-05"/>
<dc element="dc.publisher" value="Reuters Holdings Plc"/>
<dc element="dc.date.published" value="1997-05-05"/>
<dc element="dc.source" value="Reuters"/>
<dc element="dc.creator.location" value="CAPE TOWN"/>
<dc element="dc.creator.location.country.name" value="SOUTH AFRICA"/>
<dc element="dc.source" value="Reuters"/>
</metadata>
</newsitem>
