<?xml version="1.0" encoding="iso-8859-1" ?>
<newsitem itemid="559140" id="root" date="1997-05-05" xml:lang="en">
<title>USA: Computer defeats Kasparov to tie chess match.</title>
<headline>Computer defeats Kasparov to tie chess match.</headline>
<byline>Grant McCool</byline>
<dateline>NEW YORK 1997-05-04</dateline>
<text>
<p>The supercomputer Deep Blue, playing like a human, defeated world chess champion Garry Kasparov on Sunday to tie their six-game re-match at one victory each.</p>
<p>Deep Blue's victory after 45 moves and 3 hours and 42 minutes play was the second time in history that a computer program had defeated a reigning world champion in a classical chess format.</p>
<p>The first time was in February 1996 in Philadelphia when the IBM system won the first game of their rivalry, a battle between human and silicon chip that is a test of our relationship with computers. Kasparov recovered to win that match overall.</p>
<p>&quot;This was real chess, not computer chess,&quot; Deep Blue's grandmaster consultant, Joel Benjamin of the United States, told hundreds of spectators who watched Sunday's second game in a Manhattan office complex. &quot;This is the kind of game that the very best human players would be proud of.&quot;</p>
<p>Benjamin and other expert observers said the computer established a spacial advantage out of the opening, restricting the 34-year-old Russian grandmaster to mostly passive moves.</p>
<p>Usually, computers excel at complicated tactical struggles in which their massive calculating powers give them the edge. However, in this game, Deep Blue demonstrated that it &quot;understood&quot; positional concepts too, the experts said.</p>
<p>&quot;I think the computer played an excellent positional game and I was impressed by how it closed all the possible counterplay Kasparov may have dreamed of,&quot; said Czech-born grandmaster Lubo Kavalek. &quot;It was incredibly well done.&quot;</p>
<p>The match is tied at one point each. One point is awarded for a win and a 1/2 point for a draw. Kasparov won the first game with the white pieces Saturday. The winner will receive $700,000 and the loser $400,000. The third game was scheduled for Tuesday and the match ends on May 11.</p>
<p>Kasparov, who won Saturday with some finesse, appeared calm as he left the small playing room on the 35th floor of the building. He did not appear at the post-game news conference.</p>
<p>During the game he frequently held his head in his hands and grimaced, clearly uncomfortable because he could not untangle his black pieces from the grip of his opponent's men.</p>
<p>&quot;It was easily the best game I've ever seen a computer play and one of the best games I've ever seen anything play against Kasparov,&quot; Frederic Friedel, the creator of chess-playing computer called &quot;Fritz&quot; and one of the Russian's closest advisors, told Reuters. &quot;It played very intelligent chess and this is what we've always been slightly afraid of. I'm terrified right now.&quot;</p>
<p>Deep Blue and Kasparov opened the game with the classical Ruy Lopez or Spanish game, sometimes referred to as &quot;the Spanish torture&quot;. The system is named after a chess-playing Spanish priest who lived in the 16th century.</p>
<p>The clash between Kasparov and the machine is part chess match and part research project to help build computers that can make complex, simultaneous calculations at high speeds. Among the applications for the technology developed for Deep Blue are weather forecasting, air traffic control, data mining and molecular dynamics.</p>
<p>Chess playing is considered ideal for computers because the game involves a specific number of physical objects governed by simple, clearly defined rules.</p>
<p>Kasparov, considered by most experts to be the best player in the history of chess, had no advance information of Deep Blue's most recent games or improvements made to its program. Deep Blue, an IBM RS/6000 SP parallel processor with specialized microchips for chess, calculates hundreds of millions of moves per second.</p>
<p>IBM computer scientists have also infused its software with more knowledge of chess, a factor that Kasparov has acknowledged will be his biggest obstacle if he is to defeat the machine over six games.</p>
</text>
<copyright>(c) Reuters Limited 1997</copyright>
<metadata>
<codes class="bip:countries:1.0">
  <code code="RUSS">
    <editdetail attribution="Reuters BIP Coding Group" action="confirmed" date="1997-05-05"/>
  </code>
  <code code="USA">
    <editdetail attribution="Reuters BIP Coding Group" action="confirmed" date="1997-05-05"/>
  </code>
</codes>
<codes class="bip:topics:1.0">
  <code code="GCAT">
    <editdetail attribution="Reuters BIP Coding Group" action="confirmed" date="1997-05-05"/>
  </code>
  <code code="GSPO">
    <editdetail attribution="Reuters BIP Coding Group" action="confirmed" date="1997-05-05"/>
  </code>
</codes>
<dc element="dc.date.created" value="1997-05-04"/>
<dc element="dc.publisher" value="Reuters Holdings Plc"/>
<dc element="dc.date.published" value="1997-05-05"/>
<dc element="dc.source" value="Reuters"/>
<dc element="dc.creator.location" value="NEW YORK"/>
<dc element="dc.creator.location.country.name" value="USA"/>
<dc element="dc.source" value="Reuters"/>
</metadata>
</newsitem>
