<?xml version="1.0" encoding="iso-8859-1" ?>
<newsitem itemid="559197" id="root" date="1997-05-05" xml:lang="en">
<title>ZIMBABWE: Zimbabwe shares weaker in thin trade.</title>
<headline>Zimbabwe shares weaker in thin trade.</headline>
<dateline>HARARE 1997-05-05</dateline>
<text>
<p>Zimbabwean shares continued weak on Monday as most of the big investors remained on the sidelines awaiting some key corporate results.</p>
<p>Brokers expected the trend to continue for a while, adding that some investors might soon be lured to the local money market where interest rates were edging towards an attractive 20 percent.</p>
<p>&quot;Volumes are generally very low. Basically most people are waiting for the results of major counters like Delta which should be coming in the next week or so,&quot; one broker said.</p>
<p>He said the highest volumes of trade on Monday were in newspaper group Zimpapers which effected a nine-for-one share split and offered shareholders a three-for-one bonus issue. The group traded at 160 cents per share after the split from 5,900 cents on Friday.</p>
<p>The key industrial index shed 39.95 points to close at 10,754.42, on the back of a 200 cent loss to 5,100 in bankers FMB while cement firm Porthold eased 150 cents to 1,700 and bankers NMB  NMBZ.ZI and Barclays both put off 50 cents to 3,300 and 3,050 respectively.</p>
<p>The secondary seven-share mining index came off 3.63 points to 1,018.54 with gold giants Ashanti 100 cents weaker at 10,500 while Alloy Prefs went down 25 cents to 95 and copper miners Mhangura were 5 cents lower at 25.</p>
<p>--Stella Mapenzauswa, Harare Newsroom: +263-4 72 52 27/8/9</p>
</text>
<copyright>(c) Reuters Limited 1997</copyright>
<metadata>
<codes class="bip:countries:1.0">
  <code code="ZIMBAB">
    <editdetail attribution="Reuters BIP Coding Group" action="confirmed" date="1997-05-05"/>
  </code>
</codes>
<codes class="bip:topics:1.0">
  <code code="M11">
    <editdetail attribution="Reuters BIP Coding Group" action="confirmed" date="1997-05-05"/>
  </code>
  <code code="MCAT">
    <editdetail attribution="Reuters BIP Coding Group" action="confirmed" date="1997-05-05"/>
  </code>
</codes>
<dc element="dc.date.created" value="1997-05-05"/>
<dc element="dc.publisher" value="Reuters Holdings Plc"/>
<dc element="dc.date.published" value="1997-05-05"/>
<dc element="dc.source" value="Reuters"/>
<dc element="dc.creator.location" value="HARARE"/>
<dc element="dc.creator.location.country.name" value="ZIMBABWE"/>
<dc element="dc.source" value="Reuters"/>
</metadata>
</newsitem>
