<?xml version="1.0" encoding="iso-8859-1" ?>
<newsitem itemid="559105" id="root" date="1997-05-05" xml:lang="en">
<title>LITHUANIA: LITHUANIAN GAS FIRM'S Q1 NET PROFIT 19 MILLION LITAS.</title>
<headline>LITHUANIAN GAS FIRM'S Q1 NET PROFIT 19 MILLION LITAS.</headline>
<dateline>VILNIUS 1997-05-05</dateline>
<text>
<p>Lithuania's state-run gas company, Lithuanian Gas, said on Monday that its net profit for the first three months of this year was 19 million litas compared to 20 million litas for the same period in 1996.  </p>
<p>&quot;We had a net profit of 19 million litas in the first quarter of this year...we always make a profit in the first and fourth quarters during the heating season,&quot; Kestutis Shumacheris, the company's general director, told Reuters.</p>
<p>The company posted losses of almost 16 million litas for 1996 after the Lithuanian government agreed to assume responsibility for its debts to Russian suppliers.</p>
<p>Shumacheris said that the company would use 16 million litas of its first quarter profit to compensate for its 1996 losses and the rest will be used for repair works on its supply system.</p>
<p>He added that the company would only finish all of 1997 with a profit if gas prices are raised.</p>
<p>&quot;We are talking to the government's price commission about the increase...but it is premature to say how much it will be,&quot; he said, but added that it is expected to come into force on July 1.</p>
<p>Lithuanian Gas is around 90 percent state-owned and its private shares are traded on the A list of the Vilnius bourse.</p>
<p>-- Andrius Vilkancas, Vilnius newsroom +370 2 22 35 18</p>
</text>
<copyright>(c) Reuters Limited 1997</copyright>
<metadata>
<codes class="bip:countries:1.0">
  <code code="LITH">
    <editdetail attribution="Reuters BIP Coding Group" action="confirmed" date="1997-05-05"/>
  </code>
</codes>
<codes class="bip:industries:1.0">
  <code code="I16200">
    <editdetail attribution="Reuters BIP Coding Group" action="confirmed" date="1997-05-05"/>
  </code>
</codes>
<codes class="bip:topics:1.0">
  <code code="C15">
    <editdetail attribution="Reuters BIP Coding Group" action="confirmed" date="1997-05-05"/>
  </code>
  <code code="C151">
    <editdetail attribution="Reuters BIP Coding Group" action="confirmed" date="1997-05-05"/>
  </code>
  <code code="CCAT">
    <editdetail attribution="Reuters BIP Coding Group" action="confirmed" date="1997-05-05"/>
  </code>
</codes>
<dc element="dc.date.created" value="1997-05-05"/>
<dc element="dc.publisher" value="Reuters Holdings Plc"/>
<dc element="dc.date.published" value="1997-05-05"/>
<dc element="dc.source" value="Reuters"/>
<dc element="dc.creator.location" value="VILNIUS"/>
<dc element="dc.creator.location.country.name" value="LITHUANIA"/>
<dc element="dc.source" value="Reuters"/>
</metadata>
</newsitem>
