<?xml version="1.0" encoding="iso-8859-1" ?>
<newsitem itemid="559187" id="root" date="1997-05-05" xml:lang="en">
<title>ZAIRE: No joy in Zaire capital as Mobutu hangs on.</title>
<headline>No joy in Zaire capital as Mobutu hangs on.</headline>
<byline>John Chiahemen</byline>
<dateline>KINSHASA 1997-05-05</dateline>
<text>
<p>Inconclusive talks on ending Zaire's civil war have left many in the capital Kinshasa feeling frustrated. Some say President Mobutu Sese Seko spoilt the party by refusing to step down from power, others fear what might happen next.</p>
<p>But with rebel leader Laurent Kabila refusing to declare a truce and his rebels advancing down the road to Kinshasa, markets operated normally and there was no sign of new military checkpoints in the centre of the city of five million people.</p>
<p>&quot;Mobutu should have stayed away for good,&quot; said newspaper vendor Paul Mbwaza, clutching several Kinshasa dailies sporting banner headlines on the talks aboard a South African ship.</p>
<p>&quot;Champagne had been chilled to celebrate the departure of the leopard,&quot; commented the opposition daily Le Potentiel, referring to Mobutu, who always sports a leopard skin cap.</p>
<p>&quot;But Mobutu spoilt the party by presenting a three-point plan, throwing the (capital) city into uncertainty,&quot; it said.</p>
<p>Mobutu's movements were not immediately clear.</p>
<p>Witnesses at Ndjili international airport, 25 km (16 miles) from the capital and in the advancing rebels' path, reported that Mobutu's plane had returned.</p>
<p>Emergency rule Prime Minister Likulia Bolongo met the plane but public access was restricted and although a motorcade with smoked glass windows was seen leaving the airport no one actually saw the veteran president.</p>
<p>Political commentator Tshidibi Ngodavi, writing in Le Potentiel, likened Mobutu to a &quot;a tired leopard, around whom antelopes, sheep, goats and all sorts of animals move freely without any fear.&quot;</p>
<p>But despite the veneer of calm, many in the capital betrayed anxiety that war would inevitably come to the city.</p>
<p>The independent daily La Reference Plus said Mobutu's decision to hang on could trigger a rebel assault on the city. &quot;The carnage that everyone has been fearing for days would very much be the order of the day,&quot; it said.</p>
<p>There were no signs of stepped up military activity in the capital on Monday even though many newspapers carried reports of rebel claims of being within 60 km (35 miles) of the city.</p>
<p>But on the road east to Kenge, the nearest town to Kinshasa taken by rebels, witnesses saw special presidential guard units manning a bridge about 30 km (18 miles) from the capital.</p>
<p>A flatbed military truck carrying a multiple rocket launcher raced by heading in the direction of Kenge, followed by another loaded with ammunition and supplies.</p>
<p>A DSP soldier among a group of 30 told reporters: &quot;We're going to stop Kabila. He's not coming here.&quot;</p>
<p>Kabila's forces say their immediate target is Kinshasa airport but international airlines have not cancelled flights.</p>
<p>Officials at South Africa Airways, the Belgian carrier Sabena and Ethiopian Airlines all said they were maintaining their services. A Sabena flight arrived on schedule on Monday morning and was due to return to Brussels later.</p>
<p>Asked about the rebels, a Sabena official said: &quot;They're still far away.&quot;</p>
<p>There was no sign of a rush by Kinshasa residents to flee to Congo's capital Brazzaville across River Zaire, partly because of a decree by Kinshasa's military governor last week requiring exit visas for the crossing.</p>
<p>Most Kinshasa residents say openly they would welcome the rebels and that their only fear is the reaction of the army.</p>
<p>To date, unpaid and demoralised troops have spent more time looting than fighting the rebels.</p>
</text>
<copyright>(c) Reuters Limited 1997</copyright>
<metadata>
<codes class="bip:countries:1.0">
  <code code="ZAIRE">
    <editdetail attribution="Reuters BIP Coding Group" action="confirmed" date="1997-05-05"/>
  </code>
</codes>
<codes class="bip:topics:1.0">
  <code code="GCAT">
    <editdetail attribution="Reuters BIP Coding Group" action="confirmed" date="1997-05-05"/>
  </code>
  <code code="GVIO">
    <editdetail attribution="Reuters BIP Coding Group" action="confirmed" date="1997-05-05"/>
  </code>
</codes>
<dc element="dc.date.created" value="1997-05-05"/>
<dc element="dc.publisher" value="Reuters Holdings Plc"/>
<dc element="dc.date.published" value="1997-05-05"/>
<dc element="dc.source" value="Reuters"/>
<dc element="dc.creator.location" value="KINSHASA"/>
<dc element="dc.creator.location.country.name" value="ZAIRE"/>
<dc element="dc.source" value="Reuters"/>
</metadata>
</newsitem>
