<?xml version="1.0" encoding="iso-8859-1" ?>
<newsitem itemid="559179" id="root" date="1997-05-05" xml:lang="en">
<title>SENEGAL: Senegal offers stake in state airline.</title>
<headline>Senegal offers stake in state airline.</headline>
<dateline>DAKAR 1997-05-05</dateline>
<text>
<p>Senegal said on Monday it was seeking a strategic partner for its national carrier Air Senegal as part of its privatisation programme.</p>
<p>&quot;The government of Senegal pledges to cede 51 percent of the capital of the company to a strategic partner,&quot; the state privatisation committee said in a statement.</p>
<p>Air Senegal has a Twin otter plane of 18 seats, and 116 staff, an official of Air Senegal told Reuters.</p>
<p>The closing date for tenders is July 14.</p>
</text>
<copyright>(c) Reuters Limited 1997</copyright>
<metadata>
<codes class="bip:countries:1.0">
  <code code="SENEG">
    <editdetail attribution="Reuters BIP Coding Group" action="confirmed" date="1997-05-05"/>
  </code>
</codes>
<codes class="bip:industries:1.0">
  <code code="I75000">
    <editdetail attribution="Reuters BIP Coding Group" action="confirmed" date="1997-05-05"/>
  </code>
</codes>
<codes class="bip:topics:1.0">
  <code code="C18">
    <editdetail attribution="Reuters BIP Coding Group" action="confirmed" date="1997-05-05"/>
  </code>
  <code code="C183">
    <editdetail attribution="Reuters BIP Coding Group" action="confirmed" date="1997-05-05"/>
  </code>
  <code code="CCAT">
    <editdetail attribution="Reuters BIP Coding Group" action="confirmed" date="1997-05-05"/>
  </code>
</codes>
<dc element="dc.date.created" value="1997-05-05"/>
<dc element="dc.publisher" value="Reuters Holdings Plc"/>
<dc element="dc.date.published" value="1997-05-05"/>
<dc element="dc.source" value="Reuters"/>
<dc element="dc.creator.location" value="DAKAR"/>
<dc element="dc.creator.location.country.name" value="SENEGAL"/>
<dc element="dc.source" value="Reuters"/>
</metadata>
</newsitem>
