<?xml version="1.0" encoding="iso-8859-1" ?>
<newsitem itemid="559182" id="root" date="1997-05-05" xml:lang="en">
<title>ZAIRE: Zaire's Mobutu back in Kinshasa, resting -- aide.</title>
<headline>Zaire's Mobutu back in Kinshasa, resting -- aide.</headline>
<dateline>KINSHASA 1997-05-05</dateline>
<text>
<p>Zaire's embattled President Mobutu Sese Seko returned to the capital Kinshasa on Monday following inconclusive weekend talks with rebel leader Laurent Kabila, an aide said.</p>
<p>The veteran leader, who is battling cancer and a whirlwind rebellion, was resting at his presidential villa in Tshatshi military camp on the banks of the Zaire River, the aide told Reuters. Mobutu has not been seen in public since returning.</p>
<p>Kabila told a news conference at his Lubumbashi headquarters on Monday that his forces would chase Mobutu out of the capital Kinshasa if he did not hand over power by the time they arrived.</p>
<p>Mobutu, who has dominated Zaire since seizing power in 1965, offered at Sunday's talks on a South African ship in Congo's port of Pointe Noire to hand over to an elected president.</p>
<p>Kabila insisted his Alliance of Democratic Forces for the Liberation of Congo-Zaire should be the transitional authority.</p>
<p>South African President Nelson Mandela, who hosted the meeting, said he would convene fresh talks between Mobutu and Kabila within eight to 10 days to &quot;narrow the gap between the two parties&quot;.</p>
<p>Kabila said his forces were now less than 60 km (35 miles) from Kinshasa's Ndjili international airport, which is 25 km (16 miles) east of the capital.</p>
<p>Witnesses said Mobutu's plane landed there on Monday.</p>
<p>Emergency rule Prime Minister Likulia Bolongo met the plane but public access was restricted and although an impressive motorcade with smoked glass windows was seen leaving the airport no one actually saw the 66-year-old president.</p>
</text>
<copyright>(c) Reuters Limited 1997</copyright>
<metadata>
<codes class="bip:countries:1.0">
  <code code="ZAIRE">
    <editdetail attribution="Reuters BIP Coding Group" action="confirmed" date="1997-05-05"/>
  </code>
</codes>
<codes class="bip:topics:1.0">
  <code code="GCAT">
    <editdetail attribution="Reuters BIP Coding Group" action="confirmed" date="1997-05-05"/>
  </code>
  <code code="GVIO">
    <editdetail attribution="Reuters BIP Coding Group" action="confirmed" date="1997-05-05"/>
  </code>
</codes>
<dc element="dc.date.created" value="1997-05-05"/>
<dc element="dc.publisher" value="Reuters Holdings Plc"/>
<dc element="dc.date.published" value="1997-05-05"/>
<dc element="dc.source" value="Reuters"/>
<dc element="dc.creator.location" value="KINSHASA"/>
<dc element="dc.creator.location.country.name" value="ZAIRE"/>
<dc element="dc.source" value="Reuters"/>
</metadata>
</newsitem>
