<?xml version="1.0" encoding="iso-8859-1" ?>
<newsitem itemid="559177" id="root" date="1997-05-05" xml:lang="en">
<title>MALAWI: Malawi government dismisses customs strike threat.</title>
<headline>Malawi government dismisses customs strike threat.</headline>
<dateline>BLANTYRE 1997-05-05</dateline>
<text>
<p>Malawian finance minister Aleke Banda on Monday stood firm against threats by more than 400 customs workers to go on strike in support of wage demands.</p>
<p>Malawi's Customs Workers Union threatened at the weekend to join a month-old civil servant strike from Tuesday. Eighty percent of government revenue comes from customs.</p>
<p>Banda said the government had no money to meet the demands and would not allow customs workers to close border posts because it would hurt the country's economy.</p>
<p>&quot;We'll find means to keep the customs posts working,&quot; he told Reuters.</p>
<p>He said some employees were willing to go to work and would be protected by the government. &quot;The security forces have a duty to protect those who want to work. We have no doubt we'll keep the posts working,&quot; he added.</p>
<p>The nationwide strike was called by the Civil Servants' Trade Union to push for a 100 percent wage increase.</p>
<p>However the government has said it can only afford a maximum 47 percent pay increase for its 100,000-strong workforce without upsetting the economy.</p>
<p>&quot;Economic programmes are working well. If we did anything that rekindled inflation, everyone will be the loser,&quot; Banda said.</p>
<p>Malawi has introduced a reform programme aimed at increasing government efficiency and cutting public spending. Official figures show the economy grew by more than nine percent in 1996 and growth of 7.1 percent is projected for 1997.</p>
</text>
<copyright>(c) Reuters Limited 1997</copyright>
<metadata>
<codes class="bip:countries:1.0">
  <code code="MALAW">
    <editdetail attribution="Reuters BIP Coding Group" action="confirmed" date="1997-05-05"/>
  </code>
</codes>
<codes class="bip:topics:1.0">
  <code code="C42">
    <editdetail attribution="Reuters BIP Coding Group" action="confirmed" date="1997-05-05"/>
  </code>
  <code code="CCAT">
    <editdetail attribution="Reuters BIP Coding Group" action="confirmed" date="1997-05-05"/>
  </code>
  <code code="E41">
    <editdetail attribution="Reuters BIP Coding Group" action="confirmed" date="1997-05-05"/>
  </code>
  <code code="E51">
    <editdetail attribution="Reuters BIP Coding Group" action="confirmed" date="1997-05-05"/>
  </code>
  <code code="E512">
    <editdetail attribution="Reuters BIP Coding Group" action="confirmed" date="1997-05-05"/>
  </code>
  <code code="ECAT">
    <editdetail attribution="Reuters BIP Coding Group" action="confirmed" date="1997-05-05"/>
  </code>
  <code code="GCAT">
    <editdetail attribution="Reuters BIP Coding Group" action="confirmed" date="1997-05-05"/>
  </code>
  <code code="GJOB">
    <editdetail attribution="Reuters BIP Coding Group" action="confirmed" date="1997-05-05"/>
  </code>
</codes>
<dc element="dc.date.created" value="1997-05-05"/>
<dc element="dc.publisher" value="Reuters Holdings Plc"/>
<dc element="dc.date.published" value="1997-05-05"/>
<dc element="dc.source" value="Reuters"/>
<dc element="dc.creator.location" value="BLANTYRE"/>
<dc element="dc.creator.location.country.name" value="MALAWI"/>
<dc element="dc.source" value="Reuters"/>
</metadata>
</newsitem>
