<?xml version="1.0" encoding="iso-8859-1" ?>
<newsitem itemid="559143" id="root" date="1997-05-05" xml:lang="en">
<title>PHILIPPINES: HK cyclist wins Tour of the Philippines.</title>
<headline>HK cyclist wins Tour of the Philippines.</headline>
<dateline>MANILA 1997-05-05</dateline>
<text>
<p>Hong Kong cyclist Wong Kam Po held on to his overnight lead and captured the tour of the Philippines cycling championship on Sunday, the first foreigner to win the event in the tour's 42-year history.</p>
<p>The 24-year-old former Asian junior champion beat Filipino defending champion Victor Espiritu by one minute, 19 seconds to win the top individual prize of 500,000 pesos ($19,200).</p>
<p>Wong covered the 16-stage, 2,457.3-km (1,526-mile) race that started on the southern island of Mindanao and ended in Manila in 62 hours, six minutes, 28 seconds.</p>
<p>South Korea's Sung Hwang Ji won Sunday's 72-km (45-mile) final stage around a Manila park to power the Koreans to the team championship and the first prize of 500,000 pesos.</p>
<p>Wong trailed in second place behing Espiritu after 14 stages but, racing at a clip of 50 kph (31 mph), grabbed the yellow jersey on Saturday by winning the 15th stage from northern Nueva Ecija province to nearby Pampanga province.</p>
<p>Wong raised his hand in victory as he crossed the finish line on Sunday seconds behind lap winner Ji. Besides his cash prize, he also won a new car.</p>
</text>
<copyright>(c) Reuters Limited 1997</copyright>
<metadata>
<codes class="bip:countries:1.0">
  <code code="HKONG">
    <editdetail attribution="Reuters BIP Coding Group" action="confirmed" date="1997-05-05"/>
  </code>
  <code code="PHLNS">
    <editdetail attribution="Reuters BIP Coding Group" action="confirmed" date="1997-05-05"/>
  </code>
</codes>
<codes class="bip:topics:1.0">
  <code code="GCAT">
    <editdetail attribution="Reuters BIP Coding Group" action="confirmed" date="1997-05-05"/>
  </code>
  <code code="GSPO">
    <editdetail attribution="Reuters BIP Coding Group" action="confirmed" date="1997-05-05"/>
  </code>
</codes>
<dc element="dc.date.created" value="1997-05-05"/>
<dc element="dc.publisher" value="Reuters Holdings Plc"/>
<dc element="dc.date.published" value="1997-05-05"/>
<dc element="dc.source" value="Reuters"/>
<dc element="dc.creator.location" value="MANILA"/>
<dc element="dc.creator.location.country.name" value="PHILIPPINES"/>
<dc element="dc.source" value="Reuters"/>
</metadata>
</newsitem>
