<?xml version="1.0" encoding="iso-8859-1" ?>
<newsitem itemid="559246" id="root" date="1997-05-05" xml:lang="en">
<title>SOUTH AFRICA: Pubhold, Publico issue cautionary.</title>
<headline>Pubhold, Publico issue cautionary.</headline>
<dateline>JOHANNESBURG 1997-05-05</dateline>
<text>
<p>Printing and publishing firm Publico Ltd and its holding company Publico Holdings Ltd said on Monday that they were in talks which, if successfully concluded, could have an impact on their share prices.</p>
<p>Shareholders were advised to exercise caution in their sharedealings until further notice.</p>
<p>-- Johannesburg newsroom, +27 11 482-1003</p>
</text>
<copyright>(c) Reuters Limited 1997</copyright>
<metadata>
<codes class="bip:countries:1.0">
  <code code="SAFR">
    <editdetail attribution="Reuters BIP Coding Group" action="confirmed" date="1997-05-05"/>
  </code>
</codes>
<codes class="bip:industries:1.0">
  <code code="I47510">
    <editdetail attribution="Reuters BIP Coding Group" action="confirmed" date="1997-05-05"/>
  </code>
</codes>
<codes class="bip:topics:1.0">
  <code code="C15">
    <editdetail attribution="Reuters BIP Coding Group" action="confirmed" date="1997-05-05"/>
  </code>
  <code code="C152">
    <editdetail attribution="Reuters BIP Coding Group" action="confirmed" date="1997-05-05"/>
  </code>
  <code code="CCAT">
    <editdetail attribution="Reuters BIP Coding Group" action="confirmed" date="1997-05-05"/>
  </code>
</codes>
<dc element="dc.date.created" value="1997-05-05"/>
<dc element="dc.publisher" value="Reuters Holdings Plc"/>
<dc element="dc.date.published" value="1997-05-05"/>
<dc element="dc.source" value="Reuters"/>
<dc element="dc.creator.location" value="JOHANNESBURG"/>
<dc element="dc.creator.location.country.name" value="SOUTH AFRICA"/>
<dc element="dc.source" value="Reuters"/>
</metadata>
</newsitem>
