<?xml version="1.0" encoding="iso-8859-1" ?>
<newsitem itemid="559213" id="root" date="1997-05-05" xml:lang="en">
<title>CONGO: Text of communique after Zaire talks.</title>
<headline>Text of communique after Zaire talks.</headline>
<dateline>POINTE NOIRE, Congo 1997-05-05</dateline>
<text>
<p>Here is the full text in English of the official communique issued after the first direct talks between leaders of Zaire's warring parties under the mediation of South African President Nelson Mandela:</p>
<p>On the 4th of May 1997, President Mandela met the president of the Republic of Zaire, Mr Mobutu Sese Seko, and the president of the Alliance of Democratic Forces for the Liberation of Congo-Zaire, Mr Laurent Kabila, on board the South African Ship, the SAS Outeniqua, to discuss the crisis in Zaire.</p>
<p>To address the situation, President Kabila proposed that:</p>
<p>-- The ADFLC should assume power as the transitional authority</p>
<p>-- The ADFLC would decide who else should be part of this authority</p>
<p>-- President Mobutu should cede power to such an authority</p>
<p>-- Termination of hostilities would be a consequence of this process.</p>
<p>President Kabila also handed over a document to President Mobutu containing the proposals of the ADFLC.</p>
<p>He also explained that as a gesture of goodwill he had ordered his troops to stop their advance on all fronts. They would, however, defend themselves and reciprocate if they were attacked.</p>
<p>For his part, President Mobutu proposed that the following steps be taken:</p>
<p>-- A ceasefire should be agreed</p>
<p>-- A transitional authority should be established to organise elections, including the election of a president</p>
<p>-- That he will hand over power to such an elected president.</p>
<p>After a long and frank exchange of views, it was agreed that the two sides would consider each other's proposals and communicate their conclusions to President Mandela.</p>
<p>It was agreed that President Mandela would convene a meeting of the two sides within eight to 10 days during which period such consideration would have taken place.</p>
<p>Both President Mandela and the special representative of the United Nations/Organisation of African Unity, Ambassador Mohamed Sahnoun, welcomed the decisions arrived at and expressed the hope that these would open the way for a peaceful settlement of the conflict and serve as an important encouragement to the peoples of Zaire-Congo, Africa and the world. END TEXT.</p>
</text>
<copyright>(c) Reuters Limited 1997</copyright>
<metadata>
<codes class="bip:countries:1.0">
  <code code="CONGO">
    <editdetail attribution="Reuters BIP Coding Group" action="confirmed" date="1997-05-05"/>
  </code>
  <code code="SAFR">
    <editdetail attribution="Reuters BIP Coding Group" action="confirmed" date="1997-05-05"/>
  </code>
  <code code="ZAIRE">
    <editdetail attribution="Reuters BIP Coding Group" action="confirmed" date="1997-05-05"/>
  </code>
</codes>
<codes class="bip:topics:1.0">
  <code code="GCAT">
    <editdetail attribution="Reuters BIP Coding Group" action="confirmed" date="1997-05-05"/>
  </code>
  <code code="GDIP">
    <editdetail attribution="Reuters BIP Coding Group" action="confirmed" date="1997-05-05"/>
  </code>
  <code code="GVIO">
    <editdetail attribution="Reuters BIP Coding Group" action="confirmed" date="1997-05-05"/>
  </code>
</codes>
<dc element="dc.date.created" value="1997-05-05"/>
<dc element="dc.publisher" value="Reuters Holdings Plc"/>
<dc element="dc.date.published" value="1997-05-05"/>
<dc element="dc.source" value="Reuters"/>
<dc element="dc.creator.location" value="POINTE NOIRE, Congo"/>
<dc element="dc.creator.location.country.name" value="CONGO"/>
<dc element="dc.source" value="Reuters"/>
</metadata>
</newsitem>
