<?xml version="1.0" encoding="iso-8859-1" ?>
<newsitem itemid="559219" id="root" date="1997-05-05" xml:lang="en">
<title>COTE D'IVOIRE: PRESS DIGEST - Ivory Coast - May 5.</title>
<headline>PRESS DIGEST - Ivory Coast - May 5.</headline>
<dateline>ABIDJAN 1997-05-05</dateline>
<text>
<p>These are significant items in the Ivorian press on Monday. Reuters has not verified these items and does not vouch for their accuracy.</p>
<p>FRATERNITE MATIN</p>
<p>- The government closes university student residences in commercial capital Abidjan; blames insecurity and violence witnessed on the campuses in second city Bouake and Abidjan. - Marketing company Research International sponsors Quantum International in Ivory Coast. Quantum International to conduct research in sectors ranging from trade to banking, insurance hotels and communications.</p>
<p>LA VOIE</p>
<p>- Slash and burn farming and human settlement remain a persistent threat to Ivory Coast's dwindling rain forest, experts from state forest agency SODEFOR say.</p>
<p>LE JOUR</p>
<p>- Students at Ivory Coast's elite higher education institutions ask that their exams be postponed after closure of student residences</p>
<p>($1=580 CFA)</p>
<p>-- Abidjan newsroom +225 21 90 90</p>
</text>
<copyright>(c) Reuters Limited 1997</copyright>
<metadata>
<codes class="bip:countries:1.0">
  <code code="ICST">
    <editdetail attribution="Reuters BIP Coding Group" action="confirmed" date="1997-05-05"/>
  </code>
</codes>
<codes class="bip:topics:1.0">
  <code code="GCAT">
    <editdetail attribution="Reuters BIP Coding Group" action="confirmed" date="1997-05-05"/>
  </code>
</codes>
<dc element="dc.date.created" value="1997-05-05"/>
<dc element="dc.publisher" value="Reuters Holdings Plc"/>
<dc element="dc.date.published" value="1997-05-05"/>
<dc element="dc.source" value="Reuters"/>
<dc element="dc.creator.location" value="ABIDJAN"/>
<dc element="dc.creator.location.country.name" value="COTE D'IVOIRE"/>
<dc element="dc.source" value="Reuters"/>
</metadata>
</newsitem>
