<?xml version="1.0" encoding="iso-8859-1" ?>
<newsitem itemid="559273" id="root" date="1997-05-05" xml:lang="en">
<title>BULGARIA: Bulgaria's Jews commemorate victims of Holocaust.</title>
<headline>Bulgaria's Jews commemorate victims of Holocaust.</headline>
<byline>Galina Sabeva</byline>
<dateline>SOFIA 1997-05-05</dateline>
<text>
<p>Members of Bulgaria's small Jewish community gathered at Sofia's synagogue on Monday to commemorate the victims of the Nazi Holocaust and to remember those who helped save them from the death camps.</p>
<p>Public pressure saved Bulgaria's Jews from deportation during World War Two, although the Balkan state was allied with Germany.</p>
<p>&quot;This is an extraordinary day for me -- a day of pain and excitement, I feel proud of my Jewish origin and sad for the Jews' tragic destiny,&quot; said Sofia Koen, 17, who led the service.</p>
<p>More than 500 Jews attended the service at the city centre synagogue, which was restored and reopened last year. Six Jewish children lit six candles to commemorate the six million Holocaust victims.</p>
<p>Edi Shvartz, head of the Shalom Group of Bulgarian Jews said the figures were not just statistics as each of them represented &quot;a life, and dreams for the future which were killed&quot;.</p>
<p>&quot;The pain in the hearts of Jewish people is still alive and we all pray for such a tragedy not be repeated again,&quot; said one elderly man at the service, Moris Natan.</p>
<p>Bulgaria's wartime government refused to hand over its 50,000 Jewish citizens to the Nazis in 1943 despite its military alliance with Germany.</p>
<p>&quot;We shall never forget that Bulgaria saved its Jews and did not allow their deportation,&quot; said David Levi.</p>
<p>Yaakov Djerassi, president of the Zion Jewish organisation, said the role of Bulgaria and its wartime King Boris III had not received the recognition it deserved.</p>
<p>&quot;Bulgaria's people and the Bulgarian King did a heroic deed in saving their Jews and after so many years I think it is high time that the whole world should recognise this,&quot; he said.</p>
<p>Bulgarian Jews had to wear Star of David badges, many businesses and professions were forbidden them and men were drafted to build roads, but none died in the Nazi death camps.</p>
<p>After World War Two, Bulgaria's Jews emigrated to Israel, and now the community numbers no more than 7,000.</p>
<p>Most Bulgarian Jews are Sephardic, descendents of the Jews forced out of Spain in 1492. They were invited by the Ottomans, who offered religious freedom in exchange for the practice of their skills as artisans and merchants.</p>
</text>
<copyright>(c) Reuters Limited 1997</copyright>
<metadata>
<codes class="bip:countries:1.0">
  <code code="BUL">
    <editdetail attribution="Reuters BIP Coding Group" action="confirmed" date="1997-05-05"/>
  </code>
  <code code="GFR">
    <editdetail attribution="Reuters BIP Coding Group" action="confirmed" date="1997-05-05"/>
  </code>
</codes>
<codes class="bip:topics:1.0">
  <code code="GCAT">
    <editdetail attribution="Reuters BIP Coding Group" action="confirmed" date="1997-05-05"/>
  </code>
  <code code="GPOL">
    <editdetail attribution="Reuters BIP Coding Group" action="confirmed" date="1997-05-05"/>
  </code>
  <code code="GVIO">
    <editdetail attribution="Reuters BIP Coding Group" action="confirmed" date="1997-05-05"/>
  </code>
</codes>
<dc element="dc.date.created" value="1997-05-05"/>
<dc element="dc.publisher" value="Reuters Holdings Plc"/>
<dc element="dc.date.published" value="1997-05-05"/>
<dc element="dc.source" value="Reuters"/>
<dc element="dc.creator.location" value="SOFIA"/>
<dc element="dc.creator.location.country.name" value="BULGARIA"/>
<dc element="dc.source" value="Reuters"/>
</metadata>
</newsitem>
