<?xml version="1.0" encoding="iso-8859-1" ?>
<newsitem itemid="559249" id="root" date="1997-05-05" xml:lang="en">
<title>POLAND: Poland won't protest over eggs thrown at president.</title>
<headline>Poland won't protest over eggs thrown at president.</headline>
<dateline>WARSAW 1997-05-05</dateline>
<text>
<p>Poland is concerned that its president's security was threatened when four rightist Poles got close enough to fling eggs at him in Paris but will not protest to France, officials said on Monday.</p>
<p>The government's spokeswoman, Aleksandra Jakubowska, said France had failed to provide adequate security for President Aleksander Kwasniewski.</p>
<p>&quot;Judging from the information we have, not everything was done to ensure proper security for the president,&quot; she said at a news briefing.</p>
<p>&quot;If eggs could reach (the president), so could...stones, if not hand grenades,&quot; she said.</p>
<p>But Poland will not issue a diplomatic protest note although it will ask the French to investigate the incident and discover all the circumstances, Foreign Minister Dariusz Rosati said.</p>
<p>&quot;This was not an event that would require a diplomatic note on the part of the Polish foreign ministry,&quot; he told PAP news agency.</p>
<p>Kwasniewski, a former communist turned social democrat, and his wife Jolanta were entering a Paris theatre to attend a concert on Sunday when attackers threw the eggs.</p>
<p>They missed Kwasniewski, but Polish news media reported that two of his aides were hit and were planning civil lawsuits against their attackers, who were detained by police.</p>
<p>Two small, virtually unknown rightist groups held a news conference to say that their members had travelled to Paris specifically to hurl eggs at Kwasniewski.</p>
<p>&quot;We express solidarity with our colleagues arrested in France and we will stand in their defence using all legal means,&quot; PAP news agency quoted the leader of one group, Piotr Lisiewicz, as telling reporters in the western city of Poznan.</p>
<p>Jakubowska said the Polish government would discuss the incident on Tuesday.</p>
<p>Kwasniewski, in office since 1995, and his political allies from the co-ruling ex-communist Democratic Left Alliance, are often heckled during public appearances in Poland by rightists, who say their involvement in the old regime before 1989 should disqualify them from politics.</p>
<p>Mainstream right and centre opposition parties, which hope to defeat the ex-communists in this year's parliamentary elections, mostly distance themselves from such incidents.</p>
<p>Kwasniewski, due to return to Warsaw late on Monday, met his counterpart Jacques Chirac earlier in the day and received fresh confirmation of France's support for Poland's efforts to quickly join NATO and the European Union.</p>
</text>
<copyright>(c) Reuters Limited 1997</copyright>
<metadata>
<codes class="bip:countries:1.0">
  <code code="FRA">
    <editdetail attribution="Reuters BIP Coding Group" action="confirmed" date="1997-05-05"/>
  </code>
  <code code="POL">
    <editdetail attribution="Reuters BIP Coding Group" action="confirmed" date="1997-05-05"/>
  </code>
</codes>
<codes class="bip:topics:1.0">
  <code code="GCAT">
    <editdetail attribution="Reuters BIP Coding Group" action="confirmed" date="1997-05-05"/>
  </code>
  <code code="GDIP">
    <editdetail attribution="Reuters BIP Coding Group" action="confirmed" date="1997-05-05"/>
  </code>
  <code code="GVIO">
    <editdetail attribution="Reuters BIP Coding Group" action="confirmed" date="1997-05-05"/>
  </code>
</codes>
<dc element="dc.date.created" value="1997-05-05"/>
<dc element="dc.publisher" value="Reuters Holdings Plc"/>
<dc element="dc.date.published" value="1997-05-05"/>
<dc element="dc.source" value="Reuters"/>
<dc element="dc.creator.location" value="WARSAW"/>
<dc element="dc.creator.location.country.name" value="POLAND"/>
<dc element="dc.source" value="Reuters"/>
</metadata>
</newsitem>
