<?xml version="1.0" encoding="iso-8859-1" ?>
<newsitem itemid="559253" id="root" date="1997-05-05" xml:lang="en">
<title>LITHUANIA: Lithuanian shares mixed in dull trade.</title>
<headline>Lithuanian shares mixed in dull trade.</headline>
<dateline>VILNIUS 1997-05-05</dateline>
<text>
<p>Lithuanian shares were mixed in dull trade on Monday but dealers said that prices seemed set to stabilise soon as sellers dig in and refuse to part with their shares at current prices.</p>
<p>&quot;Sellers seem to be reluctant to sell at such low prices...if the situation continues, the market should soon stabilise,&quot; said Arvydas Jacikevicius of brokerage house Suprema.</p>
<p>Demand for equities remained low on Monday and dealers said that foreign portfolio investors, whose concerns about the government's monetary policies have eased, seemed more interested in debt.</p>
<p>Yields have been falling steadily at primary auctions for Lithuanian Treasury bills as foreigners have returned to the market, driving up demand, dealers said.</p>
<p>On the equities market, Birzai Dairy was in relative demand in trade of just over 109,000 litas at the unchanged price of 10.25 litas.</p>
<p>The session's few big gainers included cardboard maker Medienos Plaushas, which rose to 12.99 litas from 12.00 litas in trade of only 4,500 litas.</p>
<p>Dealers said that the company seemed to be a bit underpriced but were unsure if it would rise much more in the current climate.</p>
<p>There were no really big price movements in the banking sector and banking shares only turned over 48,380 litas.</p>
<p>-- Ed Stoddard, Vilnius newsroom +370 2 22 35 18</p>
</text>
<copyright>(c) Reuters Limited 1997</copyright>
<metadata>
<codes class="bip:countries:1.0">
  <code code="LITH">
    <editdetail attribution="Reuters BIP Coding Group" action="confirmed" date="1997-05-05"/>
  </code>
</codes>
<codes class="bip:topics:1.0">
  <code code="M11">
    <editdetail attribution="Reuters BIP Coding Group" action="confirmed" date="1997-05-05"/>
  </code>
  <code code="MCAT">
    <editdetail attribution="Reuters BIP Coding Group" action="confirmed" date="1997-05-05"/>
  </code>
</codes>
<dc element="dc.date.created" value="1997-05-05"/>
<dc element="dc.publisher" value="Reuters Holdings Plc"/>
<dc element="dc.date.published" value="1997-05-05"/>
<dc element="dc.source" value="Reuters"/>
<dc element="dc.creator.location" value="VILNIUS"/>
<dc element="dc.creator.location.country.name" value="LITHUANIA"/>
<dc element="dc.source" value="Reuters"/>
</metadata>
</newsitem>
