<?xml version="1.0" encoding="iso-8859-1" ?>
<newsitem itemid="559319" id="root" date="1997-05-05" xml:lang="en">
<title>POLAND: BPH ups credit rates by two points.</title>
<headline>BPH ups credit rates by two points.</headline>
<dateline>WARSAW 1997-05-05</dateline>
<text>
<p>Poland's Bank Przemyslowo-Handlowy SA will on June 2 increase credit rates on already existing loans by two percentage points after the central bank raised obligatory reserves on zloty term deposits, BPH said on Monday.</p>
<p>BPH said it would leave deposit rates unchanged and increase credit rates on new loans as of May 6.</p>
<p>From April 30 the central bank increased the mandatory reserve requirement on zloty term deposits by two points to 11 percent and reserves on foreign currency deposits by one point to five percent to cool quickly growing domestic demand.</p>
<p>-- Warsaw Newsroom +48 22 653 9700</p>
</text>
<copyright>(c) Reuters Limited 1997</copyright>
<metadata>
<codes class="bip:countries:1.0">
  <code code="POL">
    <editdetail attribution="Reuters BIP Coding Group" action="confirmed" date="1997-05-05"/>
  </code>
</codes>
<codes class="bip:industries:1.0">
  <code code="I81402">
    <editdetail attribution="Reuters BIP Coding Group" action="confirmed" date="1997-05-05"/>
  </code>
</codes>
<codes class="bip:topics:1.0">
  <code code="C31">
    <editdetail attribution="Reuters BIP Coding Group" action="confirmed" date="1997-05-05"/>
  </code>
  <code code="CCAT">
    <editdetail attribution="Reuters BIP Coding Group" action="confirmed" date="1997-05-05"/>
  </code>
</codes>
<dc element="dc.date.created" value="1997-05-05"/>
<dc element="dc.publisher" value="Reuters Holdings Plc"/>
<dc element="dc.date.published" value="1997-05-05"/>
<dc element="dc.source" value="Reuters"/>
<dc element="dc.creator.location" value="WARSAW"/>
<dc element="dc.creator.location.country.name" value="POLAND"/>
<dc element="dc.source" value="Reuters"/>
</metadata>
</newsitem>
