<?xml version="1.0" encoding="iso-8859-1" ?>
<newsitem itemid="559346" id="root" date="1997-05-05" xml:lang="en">
<title>AZERBAIJAN: UAE to start Dubai-Baku air service from June 2.</title>
<headline>UAE to start Dubai-Baku air service from June 2.</headline>
<dateline>BAKU 1997-05-05</dateline>
<text>
<p>The United Arab Emirates' international carrier Emirates Airline will begin scheduled thrice-weekly flights between Dubai and Baku, the capital of Azerbaijan, the company said in a press statement on Monday.</p>
<p>Quoting Shoaib Khoory, the airline's senior general manager of commercial operations, it said the airline would begin the first regular flights to destinations in the former Soviet Union from June 2.</p>
<p>&quot;We will operate a long-range A-300-600R jet with departure from Baku on Mondays, Wednesdays and Saturdays,&quot; Khoory said.</p>
<p>He said that passengers would have a convenient connection in Dubai airport for destinations to London, Nairobi, Bombay and South East Asia.</p>
<p>Khoory said Emirates Sky Cargo, the airline's freight division, looked set to develop the air cargo business between Baku and Dubai, using a container and cargo capacity of 12,000 kg available on A-300-600R aircraft.</p>
<p>--Moscow Newsroom, +7 095 941 8520</p>
</text>
<copyright>(c) Reuters Limited 1997</copyright>
<metadata>
<codes class="bip:countries:1.0">
  <code code="AZERB">
    <editdetail attribution="Reuters BIP Coding Group" action="confirmed" date="1997-05-05"/>
  </code>
  <code code="DUBAI">
    <editdetail attribution="Reuters BIP Coding Group" action="confirmed" date="1997-05-05"/>
  </code>
  <code code="UAE">
    <editdetail attribution="Reuters BIP Coding Group" action="confirmed" date="1997-05-05"/>
  </code>
</codes>
<codes class="bip:industries:1.0">
  <code code="I75000">
    <editdetail attribution="Reuters BIP Coding Group" action="confirmed" date="1997-05-05"/>
  </code>
</codes>
<codes class="bip:topics:1.0">
  <code code="C21">
    <editdetail attribution="Reuters BIP Coding Group" action="confirmed" date="1997-05-05"/>
  </code>
  <code code="CCAT">
    <editdetail attribution="Reuters BIP Coding Group" action="confirmed" date="1997-05-05"/>
  </code>
</codes>
<dc element="dc.date.created" value="1997-05-05"/>
<dc element="dc.publisher" value="Reuters Holdings Plc"/>
<dc element="dc.date.published" value="1997-05-05"/>
<dc element="dc.source" value="Reuters"/>
<dc element="dc.creator.location" value="BAKU"/>
<dc element="dc.creator.location.country.name" value="AZERBAIJAN"/>
<dc element="dc.source" value="Reuters"/>
</metadata>
</newsitem>
