<?xml version="1.0" encoding="iso-8859-1" ?>
<newsitem itemid="559306" id="root" date="1997-05-05" xml:lang="en">
<title>BULGARIA: Bulgaria April fx reserves double to $1,145.6 mln.</title>
<headline>Bulgaria April fx reserves double to $1,145.6 mln.</headline>
<dateline>SOFIA 1997-05-05</dateline>
<text>
<p>The Bulgarian National Bank said in a statement on Monday its foreign exchange reserves doubled in April to $1,145.5 million from $554.3 million in March. </p>
<p>The BNB said that $398.927 million were held in current accounts and short-term deposits in foreign banks and $607.366 million were held in foreign securities and International Monetary Fund reserve position.</p>
<p>The statement said $97.726 million were held in precious metals deposited with first class foreign correspondent banks and $41.599 million were held in deposits in local commercial banks.</p>
<p>Bulgaria's monetary gold reserves held in the vaults of the central bank stood at 32.074 tonnes, or about 1.03 million troy ounces on April 30, said the BNB.</p>
<p>The rise was mainly due to BNB net dollar purchases and $178.7 million of International Monetary Fund (IMF) loans received under a funding package approved in April, a BNB official said.</p>
<p>A further $160 million came from the sell off of 60 percent in soda ash producer Sodi to Belgian chemicals and drugs group Solvay SA.</p>
<p> BNB FX RESERVES	    APRIL 30   MARCH	APRIL'96</p>
<p> MLN USD			 1,145.6   554.3	  627.7</p>
<p>-- Elisaveta Konstantinova, Sofia Newsroom, 359-2-981-4145</p>
</text>
<copyright>(c) Reuters Limited 1997</copyright>
<metadata>
<codes class="bip:countries:1.0">
  <code code="BUL">
    <editdetail attribution="Reuters BIP Coding Group" action="confirmed" date="1997-05-05"/>
  </code>
</codes>
<codes class="bip:topics:1.0">
  <code code="E51">
    <editdetail attribution="Reuters BIP Coding Group" action="confirmed" date="1997-05-05"/>
  </code>
  <code code="E513">
    <editdetail attribution="Reuters BIP Coding Group" action="confirmed" date="1997-05-05"/>
  </code>
  <code code="ECAT">
    <editdetail attribution="Reuters BIP Coding Group" action="confirmed" date="1997-05-05"/>
  </code>
</codes>
<dc element="dc.date.created" value="1997-05-05"/>
<dc element="dc.publisher" value="Reuters Holdings Plc"/>
<dc element="dc.date.published" value="1997-05-05"/>
<dc element="dc.source" value="Reuters"/>
<dc element="dc.creator.location" value="SOFIA"/>
<dc element="dc.creator.location.country.name" value="BULGARIA"/>
<dc element="dc.source" value="Reuters"/>
</metadata>
</newsitem>
