<?xml version="1.0" encoding="iso-8859-1" ?>
<newsitem itemid="559320" id="root" date="1997-05-05" xml:lang="en">
<title>RUSSIA: Russia Irkutsk region takes bids to lead Eurobond.</title>
<headline>Russia Irkutsk region takes bids to lead Eurobond.</headline>
<dateline>MOSCOW 1997-05-05</dateline>
<text>
<p>The All-Russian Bank for Regional Development, agent bank for Russia's Irkutsk region Eurobond issue, plans to finish accepting bids for the lead manager's position in about two weeks, a bank official said on Monday.</p>
<p>Planning department head Yevgeny Petrov told Reuters the bank already had received bids from Societe Generale and Salomon Brothers.</p>
<p>He said the bank expected bids from ING-Barings, ABN-Amro and possibly Morgan Stanley.</p>
<p>Irkutsk region, located in Siberia, plans to issue $80 million in dollar-denominated Eurobonds at end 1997 or start 1998.</p>
<p>--Julie Tolkacheva, Moscow Newsroom, +7095 941 8520</p>
</text>
<copyright>(c) Reuters Limited 1997</copyright>
<metadata>
<codes class="bip:countries:1.0">
  <code code="RUSS">
    <editdetail attribution="Reuters BIP Coding Group" action="confirmed" date="1997-05-05"/>
  </code>
</codes>
<codes class="bip:topics:1.0">
  <code code="E21">
    <editdetail attribution="Reuters BIP Coding Group" action="confirmed" date="1997-05-05"/>
  </code>
  <code code="E212">
    <editdetail attribution="Reuters BIP Coding Group" action="confirmed" date="1997-05-05"/>
  </code>
  <code code="ECAT">
    <editdetail attribution="Reuters BIP Coding Group" action="confirmed" date="1997-05-05"/>
  </code>
  <code code="M12">
    <editdetail attribution="Reuters BIP Coding Group" action="confirmed" date="1997-05-05"/>
  </code>
  <code code="MCAT">
    <editdetail attribution="Reuters BIP Coding Group" action="confirmed" date="1997-05-05"/>
  </code>
</codes>
<dc element="dc.date.created" value="1997-05-05"/>
<dc element="dc.publisher" value="Reuters Holdings Plc"/>
<dc element="dc.date.published" value="1997-05-05"/>
<dc element="dc.source" value="Reuters"/>
<dc element="dc.creator.location" value="MOSCOW"/>
<dc element="dc.creator.location.country.name" value="RUSSIA"/>
<dc element="dc.source" value="Reuters"/>
</metadata>
</newsitem>
