<?xml version="1.0" encoding="iso-8859-1" ?>
<newsitem itemid="559308" id="root" date="1997-05-05" xml:lang="en">
<title>ROMANIA: Romanian miners' leader on trial over 1991 riots.</title>
<headline>Romanian miners' leader on trial over 1991 riots.</headline>
<dateline>BUCHAREST 1997-05-05</dateline>
<text>
<p>Miners' union leader Miron Cosma on Monday denied charges of undermining state authority which were brought against him after riots that toppled Romania's first post-communist government.</p>
<p>&quot;The charges are groundless,&quot; Cosma told a criminal court at the start of his trial. &quot;This is pure fantasy, I never wanted the overthrow of the (Petre) Roman government.&quot;</p>
<p>Cosma, 42, was charged in connection with a 1991 miners' revolt and the counts against him range from undermining state authority to breaking firearms rules. If found guilty, he could be jailed for up to 15 years.</p>
<p>&quot;This is the first political trial after the revolution,&quot; he told the panel of two judges in a reference to the 1989 collapse of communism.</p>
<p>Cosma led thousands of coalminers on a three-day rampage to Bucharest, when government offices were damaged and three people were killed during 1991 clashes with security forces.</p>
<p>The riots led to the ousting of Roman, a reformist prime minister.</p>
<p>The new centrist government, which ousted ex-communists in elections last year, has pledged to take steps against those responsible for waves of political violence in 1990 and 1991.</p>
<p>On Monday the prosecution read excerpts from the 107-page indictment which focuses on the September 1991 riots without going back to June 1990, when Cosma's miners ransacked opposition party offices and crushed anti-government protests.</p>
<p>More than 360 witnesses will be called to give evidence during the trial, including former president Ion Iliescu, whom the opposition has accused of calling in the miners.</p>
<p>Iliescu has publicly denied the accusations.</p>
<p>Cosma will continue to give evidence on Tuesday in the trial which is expected to last several months.</p>
</text>
<copyright>(c) Reuters Limited 1997</copyright>
<metadata>
<codes class="bip:countries:1.0">
  <code code="ROM">
    <editdetail attribution="Reuters BIP Coding Group" action="confirmed" date="1997-05-05"/>
  </code>
</codes>
<codes class="bip:topics:1.0">
  <code code="GCAT">
    <editdetail attribution="Reuters BIP Coding Group" action="confirmed" date="1997-05-05"/>
  </code>
  <code code="GCRIM">
    <editdetail attribution="Reuters BIP Coding Group" action="confirmed" date="1997-05-05"/>
  </code>
  <code code="GPOL">
    <editdetail attribution="Reuters BIP Coding Group" action="confirmed" date="1997-05-05"/>
  </code>
  <code code="GVIO">
    <editdetail attribution="Reuters BIP Coding Group" action="confirmed" date="1997-05-05"/>
  </code>
</codes>
<dc element="dc.date.created" value="1997-05-05"/>
<dc element="dc.publisher" value="Reuters Holdings Plc"/>
<dc element="dc.date.published" value="1997-05-05"/>
<dc element="dc.source" value="Reuters"/>
<dc element="dc.creator.location" value="BUCHAREST"/>
<dc element="dc.creator.location.country.name" value="ROMANIA"/>
<dc element="dc.source" value="Reuters"/>
</metadata>
</newsitem>
