<?xml version="1.0" encoding="iso-8859-1" ?>
<newsitem itemid="559303" id="root" date="1997-05-05" xml:lang="en">
<title>RUSSIA: Russia customs ban mostly spares air couriers.</title>
<headline>Russia customs ban mostly spares air couriers.</headline>
<dateline>MOSCOW 1997-05-05</dateline>
<text>
<p>New customs rules have not hurt air couriers operating in Russia as badly as expected, creating a more stable cargo market in April than the previous month, Western firms said on Monday.</p>
<p>Under a Russian customs rule imposed on March 20 shippers are barred from automatically forwarding cargo into the Russian provinces through Moscow. Rather clients must come personally to Moscow to clear customs.</p>
<p>&quot;We had some troubles during first days after the ban was imposed, but the four leading courier firms were able to get permission from customs so that the law does not affect their activities,&quot; said Ivan Shatskikh, U.S. courier United Parcel Service's local financial director.</p>
<p>As a result, UPS saw a small increase in April volume compared with the previous month, and expected a very active market in May, Shatskikh said.</p>
<p>&quot;The market has been growing during last few years. This is a very good trend,&quot; he said.</p>
<p>Igor Filatov, TNT's sales manager, said his company handled more export shipments last month compared with March. &quot;But we had some difficulties with Russia's new customs laws,&quot; he said.</p>
<p>Filatov said that TNT's volumes were lower during first days of May due to the May Day holidays.</p>
<p>He added said that competition between four leading courier firms, operating in Russia -- TNT, UPS, DHL and FedEx -- became sharper.</p>
<p>&quot;Nobody is sleeping in this market,&quot; he said. &quot;We see it as very promising.&quot;</p>
<p>But for Federal Express the market was weaker in April compared with March, according to Ben Scott, marketing specialist for Central and Eastern Europe.</p>
<p>&quot;I believe that the overall market must be soft in April, perhaps because shippers are nervous because things seem so unstable recently,&quot; he said.</p>
<p>Marina Petropalovskaya, DHL marketing manager, said April volumes were the same as in March.</p>
<p>&quot;We hoped the competition would be very strong, but this forecast was wrong,&quot; she said.</p>
<p>Officials from the major air courriers said rates did not change over the past month.</p>
<p>The cost of sending a half-kilo parcel (one pound) from Moscow to North America, Canada or Mexico varied between $55 with FedEx and $61 with TNT.</p>
<p>A similiar package from Moscow to Western Europe cost between $50 for UPS and $58 for DHL, and between $65 for UPS and $75 for DHL from Moscow to South East Asia and Japan. --Viktor Anoshkin, Moscow Newsroom, +7095 941 8520</p>
</text>
<copyright>(c) Reuters Limited 1997</copyright>
<metadata>
<codes class="bip:countries:1.0">
  <code code="RUSS">
    <editdetail attribution="Reuters BIP Coding Group" action="confirmed" date="1997-05-05"/>
  </code>
</codes>
<codes class="bip:industries:1.0">
  <code code="I77002">
    <editdetail attribution="Reuters BIP Coding Group" action="confirmed" date="1997-05-05"/>
  </code>
  <code code="I79010">
    <editdetail attribution="Reuters BIP Coding Group" action="confirmed" date="1997-05-05"/>
  </code>
  <code code="I79020">
    <editdetail attribution="Reuters BIP Coding Group" action="confirmed" date="1997-05-05"/>
  </code>
</codes>
<codes class="bip:topics:1.0">
  <code code="C13">
    <editdetail attribution="Reuters BIP Coding Group" action="confirmed" date="1997-05-05"/>
  </code>
  <code code="C15">
    <editdetail attribution="Reuters BIP Coding Group" action="confirmed" date="1997-05-05"/>
  </code>
  <code code="C152">
    <editdetail attribution="Reuters BIP Coding Group" action="confirmed" date="1997-05-05"/>
  </code>
  <code code="CCAT">
    <editdetail attribution="Reuters BIP Coding Group" action="confirmed" date="1997-05-05"/>
  </code>
</codes>
<dc element="dc.date.created" value="1997-05-05"/>
<dc element="dc.publisher" value="Reuters Holdings Plc"/>
<dc element="dc.date.published" value="1997-05-05"/>
<dc element="dc.source" value="Reuters"/>
<dc element="dc.creator.location" value="MOSCOW"/>
<dc element="dc.creator.location.country.name" value="RUSSIA"/>
<dc element="dc.source" value="Reuters"/>
</metadata>
</newsitem>
