<?xml version="1.0" encoding="iso-8859-1" ?>
<newsitem itemid="712287" id="root" date="1997-07-08" xml:lang="en">
<title>USA: TABLE-Northland Cranberries Inc Q3 net.</title>
<headline>TABLE-Northland Cranberries Inc Q3 net.</headline>
<dateline>WISCONSIN RAPIDS, Wis. 1997-07-08</dateline>
<text>
<p>(DOLLARS IN THOUSANDS EXCEPT PER SHARE DATA)</p>
<p>			 (UNAUDITED)</p>
<p>		   For the 3 months ended  For the 9 months ended</p>
<p>			5/31/97     5/31/96     5/31/97     5/31/96</p>
<p> Revenues	   $10,377	$6,675     $34,810     $32,359</p>
<p> Cost of sales	5,060	 2,772	16,233	13,748</p>
<p> Gross profit	 5,317	 3,903	18,577	18,611</p>
<p>Cost and expenses</p>
<p>Selling, general and</p>
<p>  administrative    3,676	 1,808	10,010	 4,108</p>
<p> Interest	     1,247	   660	 3,156	 1,998</p>
<p>Total costs and expenses</p>
<p>			  4,923	 2,468	13,166	 6,106</p>
<p>Income before income taxes</p>
<p>			    394	 1,435	 5,411	12,505</p>
<p> Income taxes	   169	   580	 2,157	 4,931</p>
<p> Net income	     225	   855	 3,254	 7,574</p>
<p>Net income per share:</p>
<p>			   0.02	  0.06	  0.23	  0.55</p>
<p>Weighted Average Common</p>
<p>Shares Outstanding:</p>
<p>		   14,281,691  13,792,156  14,293,406  13,753,408</p>
<p>((Chicago newsdesk, 312-408-8787))</p>
</text>
<copyright>(c) Reuters Limited 1997</copyright>
<metadata>
<codes class="bip:countries:1.0">
  <code code="USA">
    <editdetail attribution="Reuters BIP Coding Group" action="confirmed" date="1997-07-08"/>
  </code>
</codes>
<codes class="bip:industries:1.0">
  <code code="I01002">
    <editdetail attribution="Reuters BIP Coding Group" action="confirmed" date="1997-07-08"/>
  </code>
  <code code="I0100206">
    <editdetail attribution="Reuters BIP Coding Group" action="confirmed" date="1997-07-08"/>
  </code>
</codes>
<codes class="bip:topics:1.0">
  <code code="C15">
    <editdetail attribution="Reuters BIP Coding Group" action="confirmed" date="1997-07-08"/>
  </code>
  <code code="C151">
    <editdetail attribution="Reuters BIP Coding Group" action="confirmed" date="1997-07-08"/>
  </code>
  <code code="CCAT">
    <editdetail attribution="Reuters BIP Coding Group" action="confirmed" date="1997-07-08"/>
  </code>
</codes>
<dc element="dc.date.created" value="1997-07-08"/>
<dc element="dc.publisher" value="Reuters Holdings Plc"/>
<dc element="dc.date.published" value="1997-07-08"/>
<dc element="dc.source" value="Reuters"/>
<dc element="dc.creator.location" value="WISCONSIN RAPIDS, Wis."/>
<dc element="dc.creator.location.country.name" value="USA"/>
<dc element="dc.source" value="Reuters"/>
</metadata>
</newsitem>
