<?xml version="1.0" encoding="iso-8859-1" ?>
<newsitem itemid="712265" id="root" date="1997-07-08" xml:lang="en">
<title>USA: U.S. spot resid prices mixed, USG again gains.</title>
<headline>U.S. spot resid prices mixed, USG again gains.</headline>
<dateline>NEW YORK 1997-07-08</dateline>
<text>
<p>U.S. spot fuel oil prices were mixed Tuesday in thin trade, with East Coast mostly holding, while the Gulf Coast still seemed well supported by recent Florida demand and some high sulphur interest for Mexico.</p>
<p>&quot;The East Coast is taking a rest because the hot weather has abated and gas is a little sloppy, but Florida is smoking. There's probably a little more supply than demand in the East, while the Gulf looks a little short,&quot; said one cash trader.</p>
<p>In New York Harbor, physical one percent held relatively steady at about $17 a barrel, with August paper done at $16.55, up 15 cents on firmer crude, traders said.  </p>
<p>New York high sulphurs mostly held steady, with 2.2 percent still talked in the low-$15s.</p>
<p>NYH 0.3 percent high pour slipped a quarter to $18.00-25 amid prospects for more nuclear power supply.</p>
<p>At the U.S. Gulf, one percent climbed 25 cents to the low-$16s, helped by forecasts for more heat in Florida and expectations a utility there would tender Wednesday for 200,000 barrels of one percent and a small quantity of diesel. The tender announcement had been expected today.</p>
<p>USG three percent also gained slightly to about the $14 level, with buying interest for Mexico still supporting the grade.</p>
<p>No USG deals were reported.</p>
<p>New York city gate swing gas prices stayed unchanged Tuesday in the high-$2.30s/mmBtu, or $15.00 a barrel equivalent. Gas at Henry Hub, the NYMEX delivery point, also held steady at about $2.13/mmBtu, or $13.42 a barrel.</p>
<p>((--J Silha, New York Power Desk 212-859-1624))</p>
</text>
<copyright>(c) Reuters Limited 1997</copyright>
<metadata>
<codes class="bip:countries:1.0">
  <code code="USA">
    <editdetail attribution="Reuters BIP Coding Group" action="confirmed" date="1997-07-08"/>
  </code>
</codes>
<codes class="bip:topics:1.0">
  <code code="M14">
    <editdetail attribution="Reuters BIP Coding Group" action="confirmed" date="1997-07-08"/>
  </code>
  <code code="M143">
    <editdetail attribution="Reuters BIP Coding Group" action="confirmed" date="1997-07-08"/>
  </code>
  <code code="MCAT">
    <editdetail attribution="Reuters BIP Coding Group" action="confirmed" date="1997-07-08"/>
  </code>
</codes>
<dc element="dc.date.created" value="1997-07-08"/>
<dc element="dc.publisher" value="Reuters Holdings Plc"/>
<dc element="dc.date.published" value="1997-07-08"/>
<dc element="dc.source" value="Reuters"/>
<dc element="dc.creator.location" value="NEW YORK"/>
<dc element="dc.creator.location.country.name" value="USA"/>
<dc element="dc.source" value="Reuters"/>
</metadata>
</newsitem>
