<?xml version="1.0" encoding="iso-8859-1" ?>
<newsitem itemid="712235" id="root" date="1997-07-08" xml:lang="en">
<title>CANADA: Bank of Canada 91-day T-bill yields avg 3.062 pct.</title>
<headline>Bank of Canada 91-day T-bill yields avg 3.062 pct.</headline>
<dateline>OTTAWA 1997-07-08</dateline>
<text>
<p>The Bank of Canada said the average yield at this week's auction of C$2.4 billion of 91-day Government of Canada treasury bills due October 9 was 3.062 percent, down from 3.170 percent last week.</p>
<p>The average yield on C$1.1 billion of 173-day T-bills due December 30 was 3.401 percent, down from 3.515 percent last week, and on C$1.1 billion of 364-day T-bills due July 9, 1998 was 3.897 percent, down from 4.013 percent.</p>
<p>The Bank bought C$525 million three-month, C$100 million six-month and C$100 million one-year bills. It holds C$850 million of C$5.0 billion bills due July 17. (Details follow)  </p>
<p>AVG  3.062  99.24238  PCT AT * AVG  3.401  98.41359  PCT AT  LO   3.035  99.24901  HI YLD * LO   3.380  98.42323  HI YLD</p>
<p> HI   3.071  99.24017  49.324 * HI   3.408  98.41038  44.172</p>
<p> 1-YR 1.10 BLN DUE 07/09/98   *----NEXT WEEK-----------------</p>
<p> AVG  3.897  96.25906  PCT AT *   3-MO DUE 10/16/97 2.40 BLN</p>
<p> LO   3.890  96.26553  HI YLD *   6-MO DUE 01/15/98 1.20 BLN</p>
<p> HI   3.907  96.24982  51.400 *   1-YR DUE 07/09/98 1.00 BLN</p>
<p> AMT MAT 07/17/97 -- 5.00 BLN *		TOTAL -  4.60 BLN</p>
<p>((--Reuters Toronto bureau 416 941-8100))</p>
</text>
<copyright>(c) Reuters Limited 1997</copyright>
<metadata>
<codes class="bip:countries:1.0">
  <code code="CANA">
    <editdetail attribution="Reuters BIP Coding Group" action="confirmed" date="1997-07-08"/>
  </code>
</codes>
<codes class="bip:topics:1.0">
  <code code="M13">
    <editdetail attribution="Reuters BIP Coding Group" action="confirmed" date="1997-07-08"/>
  </code>
  <code code="M131">
    <editdetail attribution="Reuters BIP Coding Group" action="confirmed" date="1997-07-08"/>
  </code>
  <code code="MCAT">
    <editdetail attribution="Reuters BIP Coding Group" action="confirmed" date="1997-07-08"/>
  </code>
</codes>
<dc element="dc.date.created" value="1997-07-08"/>
<dc element="dc.publisher" value="Reuters Holdings Plc"/>
<dc element="dc.date.published" value="1997-07-08"/>
<dc element="dc.source" value="Reuters"/>
<dc element="dc.creator.location" value="OTTAWA"/>
<dc element="dc.creator.location.country.name" value="CANADA"/>
<dc element="dc.source" value="Reuters"/>
</metadata>
</newsitem>
