<?xml version="1.0" encoding="iso-8859-1" ?>
<newsitem itemid="712290" id="root" date="1997-07-08" xml:lang="en">
<title>USA: TABLE-Trustmark Corp Q2 net, shr rise.</title>
<headline>TABLE-Trustmark Corp Q2 net, shr rise.</headline>
<dateline>JACKSON, Miss. 1997-07-08</dateline>
<text>
<p>($ in thousands, except per share data)</p>
<p>				Six Months Ended	  Quarter Ended</p>
<p>				    June 30,		  June 30,</p>
<p>				   1997     1996(a)     1997  1996(a)</p>
<p> Total Assets	    5,269,515  5,168,134</p>
<p> Stockholders' Equity    564,652    496,681</p>
<p> Net Income		   35,217     31,556   17,542   16,187</p>
<p> Net Income Per Share	 0.97	 0.90     0.48     0.46</p>
<p>NOTES: (a) Prior years' financial statements not restated as changes would have been immaterial.</p>
<p>-- New York Newsdesk 212 603-3310</p>
</text>
<copyright>(c) Reuters Limited 1997</copyright>
<metadata>
<codes class="bip:countries:1.0">
  <code code="USA">
    <editdetail attribution="Reuters BIP Coding Group" action="confirmed" date="1997-07-08"/>
  </code>
</codes>
<codes class="bip:industries:1.0">
  <code code="I81402">
    <editdetail attribution="Reuters BIP Coding Group" action="confirmed" date="1997-07-08"/>
  </code>
</codes>
<codes class="bip:topics:1.0">
  <code code="C15">
    <editdetail attribution="Reuters BIP Coding Group" action="confirmed" date="1997-07-08"/>
  </code>
  <code code="C151">
    <editdetail attribution="Reuters BIP Coding Group" action="confirmed" date="1997-07-08"/>
  </code>
  <code code="CCAT">
    <editdetail attribution="Reuters BIP Coding Group" action="confirmed" date="1997-07-08"/>
  </code>
</codes>
<dc element="dc.date.created" value="1997-07-08"/>
<dc element="dc.publisher" value="Reuters Holdings Plc"/>
<dc element="dc.date.published" value="1997-07-08"/>
<dc element="dc.source" value="Reuters"/>
<dc element="dc.creator.location" value="JACKSON, Miss."/>
<dc element="dc.creator.location.country.name" value="USA"/>
<dc element="dc.source" value="Reuters"/>
</metadata>
</newsitem>
