<?xml version="1.0" encoding="iso-8859-1" ?>
<newsitem itemid="712228" id="root" date="1997-07-08" xml:lang="en">
<title>CANADA: Toronto film festival announces planned offerings.</title>
<headline>Toronto film festival announces planned offerings.</headline>
<byline>Paul Casciato</byline>
<dateline>TORONTO 1997-07-08</dateline>
<text>
<p>Toronto International Film Festival director Piers Handling said on Tuesday that Canadian director Atom Egoyan's Cannes award-winning film &quot;The Sweet Hereafter&quot; would open the prestigious festival on September 4.</p>
<p>Handling told a crowded news conference that the festival would also host the North American premiere of director Curtis Hanson's film noir &quot;L.A. Confidential&quot;, which stars Kevin Spacey and Kim Basinger; the world premiere of &quot;Mrs. Dalloway&quot;, starring Vanessa Redgrave from director Marleen Gorris; &quot;Regeneration&quot; by director Gillies MacKinnon; and the North American premiere of Vera Belmont's &quot;Marquise&quot;.</p>
<p>&quot;We'll be filling in the rest of the pieces in the coming weeks,&quot; Handling said. &quot;(But) we're certainly thrilled and we think it is a good start.&quot;</p>
<p>He said the festival would feature French director Benoit Jacquot in its Spotlight program, including the North American premiere of Jacquot's most recent film &quot;Le Septieme Ciel&quot;.</p>
<p>One change to the festival this year is the inclusion of the Masters program, which will highlight the work of acclaimed directors such as Jean-Luc Godard, Lars von Trier and Michelangelo Antonioni.</p>
<p>&quot;These films are the highlights for many festival-goers, so we decided to make the Masters a program in its own right,&quot; Handling said.</p>
<p>((Reuters Toronto Bureau 416 941-8100))</p>
</text>
<copyright>(c) Reuters Limited 1997</copyright>
<metadata>
<codes class="bip:countries:1.0">
  <code code="CANA">
    <editdetail attribution="Reuters BIP Coding Group" action="confirmed" date="1997-07-08"/>
  </code>
</codes>
<codes class="bip:topics:1.0">
  <code code="GCAT">
    <editdetail attribution="Reuters BIP Coding Group" action="confirmed" date="1997-07-08"/>
  </code>
  <code code="GENT">
    <editdetail attribution="Reuters BIP Coding Group" action="confirmed" date="1997-07-08"/>
  </code>
</codes>
<dc element="dc.date.created" value="1997-07-08"/>
<dc element="dc.publisher" value="Reuters Holdings Plc"/>
<dc element="dc.date.published" value="1997-07-08"/>
<dc element="dc.source" value="Reuters"/>
<dc element="dc.creator.location" value="TORONTO"/>
<dc element="dc.creator.location.country.name" value="CANADA"/>
<dc element="dc.source" value="Reuters"/>
</metadata>
</newsitem>
