<?xml version="1.0" encoding="iso-8859-1" ?>
<newsitem itemid="712260" id="root" date="1997-07-08" xml:lang="en">
<title>USA: US Senators raise concern over rural utility loans.</title>
<headline>US Senators raise concern over rural utility loans.</headline>
<dateline>WASHINGTON 1997-07-08</dateline>
<text>
<p>U.S. senators Tuesday raised concern about the federal government's exposure to massive loans to rural electric cooperatives which might turn bad if they cannot survive in a competitive power market.</p>
<p>The Agriculture Department's Rural Utilities Service has $32 billion in outstanding loans to electric cooperatives.</p>
<p>About $8 billion of the total is owed by 12 borrowers who face bankruptcy or are considered likely to default, according to the General Accounting Office.</p>
<p>The Rural Utilities Service has already written off more than $1 billion in bad loans over the last five years.</p>
<p>Service director Wally Beyer said he could not predict how much the agency would be able to recover, but tried to reassure the Senate Agriculture, Nutrition and Forestry Committee that talks with the borrowers were going well.</p>
<p>&quot;We don't at this point feel there's going to be a need for huge write-offs if we can extend some loans,&quot; he said.</p>
<p>Senator Rick Santorum urged Beyer to focus on lowering the federal government's exposure at a time when the power industry is becoming competitive across the country.</p>
<p>&quot;The deregulation that is coming ... could dramatically disrupt all of these rural electric cooperatives,&quot; Santorum said.</p>
<p>Beyer responded that the agency was encouraging its strong borrowers to turn to private capital markets, but moves to deregulate local power markets would make it increasingly difficult for rural utilities to borrow money.</p>
<p>&quot;Capital is going to flow to where the profit centers are. There are not many profit centers in rural America,&quot; he said, adding that supplying power in rural areas would always be more expensive than in industrial and highly-populated areas.</p>
<p>The biggest source of financial stress on past loans was investments in nuclear power plants, he said. Most of the agency's loans are to cooperatives that own distribution facilities rather than those that own generation and transmission facilities.</p>
</text>
<copyright>(c) Reuters Limited 1997</copyright>
<metadata>
<codes class="bip:countries:1.0">
  <code code="USA">
    <editdetail attribution="Reuters BIP Coding Group" action="confirmed" date="1997-07-08"/>
  </code>
</codes>
<codes class="bip:industries:1.0">
  <code code="I16100">
    <editdetail attribution="Reuters BIP Coding Group" action="confirmed" date="1997-07-08"/>
  </code>
</codes>
<codes class="bip:topics:1.0">
  <code code="C13">
    <editdetail attribution="Reuters BIP Coding Group" action="confirmed" date="1997-07-08"/>
  </code>
  <code code="C17">
    <editdetail attribution="Reuters BIP Coding Group" action="confirmed" date="1997-07-08"/>
  </code>
  <code code="C173">
    <editdetail attribution="Reuters BIP Coding Group" action="confirmed" date="1997-07-08"/>
  </code>
  <code code="CCAT">
    <editdetail attribution="Reuters BIP Coding Group" action="confirmed" date="1997-07-08"/>
  </code>
</codes>
<dc element="dc.date.created" value="1997-07-08"/>
<dc element="dc.publisher" value="Reuters Holdings Plc"/>
<dc element="dc.date.published" value="1997-07-08"/>
<dc element="dc.source" value="Reuters"/>
<dc element="dc.creator.location" value="WASHINGTON"/>
<dc element="dc.creator.location.country.name" value="USA"/>
<dc element="dc.source" value="Reuters"/>
</metadata>
</newsitem>
