<?xml version="1.0" encoding="iso-8859-1" ?>
<newsitem itemid="712298" id="root" date="1997-07-08" xml:lang="en">
<title>USA: FSA sees no First Merchants loss.</title>
<headline>FSA sees no First Merchants loss.</headline>
<dateline>NEW YORK 1997-07-08</dateline>
<text>
<p>Financial Security Assurance said Tuesday it does not expect to incur any losses on $503 million of auto loan transactions it insured that were sponsored by First Merchants Acceptance Corp.</p>
<p>First Merchants said Tuesday it is in default under its secured senior loan agreement with its banks, and may seek protection under the United States Bankruptcy Code.  </p>
<p>&quot;We have been monitoring the First Merchants situation very carefully for some time and do not expect to experience any losses on any of our eight insured auto loan transactions, which are backed by subprime loans,&quot; Russell Brewer, managing director and chief underwriting officer at FSA, said in a statement.</p>
<p>FSA has a total outstanding net par exposure to First Merchants of $503 million, with an expected remaining average life on the deals of about 1.5 years, according to the statement.</p>
<p>Brewer said the FSA-insured issues are &quot;substantially over-collateralized and the assets supporting them are held in bankruptcy remote special purpose vehicles.&quot;</p>
<p>He said FSA has taken action to ensure that effective servicing on the portfolios continues.</p>
<p>--Steven Dickson, 212-859-1652</p>
</text>
<copyright>(c) Reuters Limited 1997</copyright>
<metadata>
<codes class="bip:countries:1.0">
  <code code="USA">
    <editdetail attribution="Reuters BIP Coding Group" action="confirmed" date="1997-07-08"/>
  </code>
</codes>
<codes class="bip:industries:1.0">
  <code code="I65100">
    <editdetail attribution="Reuters BIP Coding Group" action="confirmed" date="1997-07-08"/>
  </code>
  <code code="I83100">
    <editdetail attribution="Reuters BIP Coding Group" action="confirmed" date="1997-07-08"/>
  </code>
</codes>
<codes class="bip:topics:1.0">
  <code code="C15">
    <editdetail attribution="Reuters BIP Coding Group" action="confirmed" date="1997-07-08"/>
  </code>
  <code code="C152">
    <editdetail attribution="Reuters BIP Coding Group" action="confirmed" date="1997-07-08"/>
  </code>
  <code code="C16">
    <editdetail attribution="Reuters BIP Coding Group" action="confirmed" date="1997-07-08"/>
  </code>
  <code code="C17">
    <editdetail attribution="Reuters BIP Coding Group" action="confirmed" date="1997-07-08"/>
  </code>
  <code code="CCAT">
    <editdetail attribution="Reuters BIP Coding Group" action="confirmed" date="1997-07-08"/>
  </code>
</codes>
<dc element="dc.date.created" value="1997-07-08"/>
<dc element="dc.publisher" value="Reuters Holdings Plc"/>
<dc element="dc.date.published" value="1997-07-08"/>
<dc element="dc.source" value="Reuters"/>
<dc element="dc.creator.location" value="NEW YORK"/>
<dc element="dc.creator.location.country.name" value="USA"/>
<dc element="dc.source" value="Reuters"/>
</metadata>
</newsitem>
