<?xml version="1.0" encoding="iso-8859-1" ?>
<newsitem itemid="712292" id="root" date="1997-07-08" xml:lang="en">
<title>USA: Talbots sees Q2 loss about $0.28to $0.38/shr.</title>
<headline>Talbots sees Q2 loss about $0.28to $0.38/shr.</headline>
<dateline>HINGHAM, Mass. 1997-07-08</dateline>
<text>
<p>Talbots Inc said Tuesday it expects a net loss for the second quarter in the range of $0.28 to $0.38 per share, but it expects to remain profitable for the full year.</p>
<p>The company also said it expects positive quarterly sales and earnings comparisons for the third and fourth quarters of the year.</p>
<p>In addition, the company said Clark Hinkley, who had been responsible for merchandising, will relinquish his position as chief operating officer and as a member of the board.  </p>
<p>The company said he has accepted the newly created position of executive vice president, manufacturing/special services.</p>
<p>The company has begun a search for a new executive vice president and chief merchandising officer.</p>
<p>The company said it expects its net losses for the second quarter ending August 2 to be in the range of $9 million to $12 million.</p>
<p>The company said the loss is the result of its weak semi-annual sale performance during the last ten days of fiscal June and the anticipated continuation of these sales trends into July.  </p>
<p>It also is the result of its practice of providing for all spring markdowns during the second quarter.</p>
<p>Talbots said it believes these &quot;problems&quot; are confined to the first half of the year, and it expects to enter its third fiscal quarter with all new merchandise.</p>
<p>The company said changes in the balance between classic sportswear and casual merchandise in the fall assortments will be presented in stores in early September.</p>
<p>It also said it will launch as planned the most aggressive advertising and marketing program in the its history in early September.</p>
</text>
<copyright>(c) Reuters Limited 1997</copyright>
<metadata>
<codes class="bip:countries:1.0">
  <code code="USA">
    <editdetail attribution="Reuters BIP Coding Group" action="confirmed" date="1997-07-08"/>
  </code>
</codes>
<codes class="bip:industries:1.0">
  <code code="I64500">
    <editdetail attribution="Reuters BIP Coding Group" action="confirmed" date="1997-07-08"/>
  </code>
</codes>
<codes class="bip:topics:1.0">
  <code code="C15">
    <editdetail attribution="Reuters BIP Coding Group" action="confirmed" date="1997-07-08"/>
  </code>
  <code code="C152">
    <editdetail attribution="Reuters BIP Coding Group" action="confirmed" date="1997-07-08"/>
  </code>
  <code code="CCAT">
    <editdetail attribution="Reuters BIP Coding Group" action="confirmed" date="1997-07-08"/>
  </code>
</codes>
<dc element="dc.date.created" value="1997-07-08"/>
<dc element="dc.publisher" value="Reuters Holdings Plc"/>
<dc element="dc.date.published" value="1997-07-08"/>
<dc element="dc.source" value="Reuters"/>
<dc element="dc.creator.location" value="HINGHAM, Mass."/>
<dc element="dc.creator.location.country.name" value="USA"/>
<dc element="dc.source" value="Reuters"/>
</metadata>
</newsitem>
