<?xml version="1.0" encoding="iso-8859-1" ?>
<newsitem itemid="712352" id="root" date="1997-07-08" xml:lang="en">
<title>USA: RESEARCH ALERT - Mycogen EPS view cut.</title>
<headline>RESEARCH ALERT - Mycogen EPS view cut.</headline>
<dateline>MINNEAPOLIS 1997-07-08</dateline>
<text>
<p>Dain Bosworth analyst Bonnie Wittenburg said Tuesday she lowered her earnings estimate for Mycogen Corp for fiscal 1997 to a loss of $0.34 a share from a loss of $0.22.</p>
<p>-- Her fiscal 1998 estimate remains a loss of $0.05 a share. In fiscal 1996, the company's loss was $0.85 a share.</p>
<p>-- Dain's rating on Mycogen remains a buy, &quot;not based on short-term results. Rather it is based on Mycogen's technology base and growth potential.&quot;</p>
<p>-- Mycogen reported third quarter earnings of $0.30 a share before a charge of $0.28, below the consensus of $0.33.  </p>
<p>-- &quot;We believe it is reasonable to chase this stock into the high $20's or low $30's,&quot; Wittenburg said in a report.</p>
<p>-- Mycogen shares were up 1/4 to 23.</p>
<p>((Reuters Chicago Newsdesk (312) 408-8787))</p>
</text>
<copyright>(c) Reuters Limited 1997</copyright>
<metadata>
<codes class="bip:countries:1.0">
  <code code="USA">
    <editdetail attribution="Reuters BIP Coding Group" action="confirmed" date="1997-07-08"/>
  </code>
</codes>
<codes class="bip:industries:1.0">
  <code code="I25680">
    <editdetail attribution="Reuters BIP Coding Group" action="confirmed" date="1997-07-08"/>
  </code>
</codes>
<codes class="bip:topics:1.0">
  <code code="C15">
    <editdetail attribution="Reuters BIP Coding Group" action="confirmed" date="1997-07-08"/>
  </code>
  <code code="C152">
    <editdetail attribution="Reuters BIP Coding Group" action="confirmed" date="1997-07-08"/>
  </code>
  <code code="CCAT">
    <editdetail attribution="Reuters BIP Coding Group" action="confirmed" date="1997-07-08"/>
  </code>
</codes>
<dc element="dc.date.created" value="1997-07-08"/>
<dc element="dc.publisher" value="Reuters Holdings Plc"/>
<dc element="dc.date.published" value="1997-07-08"/>
<dc element="dc.source" value="Reuters"/>
<dc element="dc.creator.location" value="MINNEAPOLIS"/>
<dc element="dc.creator.location.country.name" value="USA"/>
<dc element="dc.source" value="Reuters"/>
</metadata>
</newsitem>
