<?xml version="1.0" encoding="iso-8859-1" ?>
<newsitem itemid="712315" id="root" date="1997-07-08" xml:lang="en">
<title>USA: Rymer files for Chapter 11 bankruptcy.</title>
<headline>Rymer files for Chapter 11 bankruptcy.</headline>
<dateline>CHICAGO 1997-07-08</dateline>
<text>
<p>Rymer Foods Inc, a frozen meat company, said Tuesday it has filed for Chapter 11 bankruptcy protection in order to implement a prepackaged bankruptcy restructuring plan.</p>
<p>Under the plan, Rymer will implement a 25-1 reverse stock split and will eliminate all senior notes.  </p>
<p>Under the plan, prior senior note holders will own 80 percent of the common shares oustanding of the company, prior shareholders will own 10 percent and senior management will own 10 percent, Rymer said.</p>
<p>Rymer's shareholders and note holders have approved the plan, Rymer said, adding that its main operating subsidiary, Rymer Meat Inc, is not part of the bankruptcy filing and that its operations will not be affected.</p>
<p>Rymer said it expected to receive approval of the plan and complete a previously announced financial restructuring in late August.</p>
<p>Rymer previously completed a bankruptcy reorganization  in 1993.</p>
<p>((Chicago newsdesk, 312-408-8787))</p>
</text>
<copyright>(c) Reuters Limited 1997</copyright>
<metadata>
<codes class="bip:countries:1.0">
  <code code="USA">
    <editdetail attribution="Reuters BIP Coding Group" action="confirmed" date="1997-07-08"/>
  </code>
</codes>
<codes class="bip:industries:1.0">
  <code code="I61000">
    <editdetail attribution="Reuters BIP Coding Group" action="confirmed" date="1997-07-08"/>
  </code>
</codes>
<codes class="bip:topics:1.0">
  <code code="C16">
    <editdetail attribution="Reuters BIP Coding Group" action="confirmed" date="1997-07-08"/>
  </code>
  <code code="C17">
    <editdetail attribution="Reuters BIP Coding Group" action="confirmed" date="1997-07-08"/>
  </code>
  <code code="CCAT">
    <editdetail attribution="Reuters BIP Coding Group" action="confirmed" date="1997-07-08"/>
  </code>
</codes>
<dc element="dc.date.created" value="1997-07-08"/>
<dc element="dc.publisher" value="Reuters Holdings Plc"/>
<dc element="dc.date.published" value="1997-07-08"/>
<dc element="dc.source" value="Reuters"/>
<dc element="dc.creator.location" value="CHICAGO"/>
<dc element="dc.creator.location.country.name" value="USA"/>
<dc element="dc.source" value="Reuters"/>
</metadata>
</newsitem>
