<?xml version="1.0" encoding="iso-8859-1" ?>
<newsitem itemid="712311" id="root" date="1997-07-08" xml:lang="en">
<title>USA: US growth and low inflation possible--KC Fed chief.</title>
<headline>US growth and low inflation possible--KC Fed chief.</headline>
<dateline>CASPER, Wyo. 1997-07-08</dateline>
<text>
<p>The performance of the U.S. economy suggests the nation can have positive growth with falling inflation, said the president of the Federal Reserve Bank of Kansas City, Thomas Hoenig.</p>
<p>&quot;Over the last couple of years, we have actually seen the economy run very healthy with inflation actually coming down,&quot; Hoenig told an audience of businessmen gathered here.</p>
<p>&quot;Over the entire expansion, inflation has averaged 3.1 or so percent on an annual basis ... We actually know that we can have very good growth with inflation coming down,&quot; he added.  </p>
<p>The Kansas City Fed chief said economic growth appeared to have moderated in the second quarter after a sizzling 5.9 percent growth rate in the first three months of the year.</p>
</text>
<copyright>(c) Reuters Limited 1997</copyright>
<metadata>
<codes class="bip:countries:1.0">
  <code code="USA">
    <editdetail attribution="Reuters BIP Coding Group" action="confirmed" date="1997-07-08"/>
  </code>
</codes>
<codes class="bip:topics:1.0">
  <code code="E11">
    <editdetail attribution="Reuters BIP Coding Group" action="confirmed" date="1997-07-08"/>
  </code>
  <code code="ECAT">
    <editdetail attribution="Reuters BIP Coding Group" action="confirmed" date="1997-07-08"/>
  </code>
</codes>
<dc element="dc.date.created" value="1997-07-08"/>
<dc element="dc.publisher" value="Reuters Holdings Plc"/>
<dc element="dc.date.published" value="1997-07-08"/>
<dc element="dc.source" value="Reuters"/>
<dc element="dc.creator.location" value="CASPER, Wyo."/>
<dc element="dc.creator.location.country.name" value="USA"/>
<dc element="dc.source" value="Reuters"/>
</metadata>
</newsitem>
