<?xml version="1.0" encoding="iso-8859-1" ?>
<newsitem itemid="712318" id="root" date="1997-07-08" xml:lang="en">
<title>USA: Procter &amp; Gamble to continue shr buyback.</title>
<headline>Procter &amp; Gamble to continue shr buyback.</headline>
<dateline>CINCINNATI 1997-07-08</dateline>
<text>
<p>Procter &amp; Gamble Co said Tuesday it plans to continue repurchasing its outstanding common stock through the 1997-98 fiscal year, and expects its investments to be in the range of $1.0 billion.</p>
<p>In addition, the company said it will continue the buyback program initiated in 1995 to offset per share earnings dilution resulting from management compensation programs.</p>
<p>The company also said it expects to be able to proceed with desired strategic acquisitions in addition to the stock repurchase program.</p>
</text>
<copyright>(c) Reuters Limited 1997</copyright>
<metadata>
<codes class="bip:countries:1.0">
  <code code="USA">
    <editdetail attribution="Reuters BIP Coding Group" action="confirmed" date="1997-07-08"/>
  </code>
</codes>
<codes class="bip:industries:1.0">
  <code code="I25800">
    <editdetail attribution="Reuters BIP Coding Group" action="confirmed" date="1997-07-08"/>
  </code>
</codes>
<codes class="bip:topics:1.0">
  <code code="C17">
    <editdetail attribution="Reuters BIP Coding Group" action="confirmed" date="1997-07-08"/>
  </code>
  <code code="C171">
    <editdetail attribution="Reuters BIP Coding Group" action="confirmed" date="1997-07-08"/>
  </code>
  <code code="C18">
    <editdetail attribution="Reuters BIP Coding Group" action="confirmed" date="1997-07-08"/>
  </code>
  <code code="C181">
    <editdetail attribution="Reuters BIP Coding Group" action="confirmed" date="1997-07-08"/>
  </code>
  <code code="CCAT">
    <editdetail attribution="Reuters BIP Coding Group" action="confirmed" date="1997-07-08"/>
  </code>
</codes>
<dc element="dc.date.created" value="1997-07-08"/>
<dc element="dc.publisher" value="Reuters Holdings Plc"/>
<dc element="dc.date.published" value="1997-07-08"/>
<dc element="dc.source" value="Reuters"/>
<dc element="dc.creator.location" value="CINCINNATI"/>
<dc element="dc.creator.location.country.name" value="USA"/>
<dc element="dc.source" value="Reuters"/>
</metadata>
</newsitem>
