<?xml version="1.0" encoding="iso-8859-1" ?>
<newsitem itemid="712359" id="root" date="1997-07-08" xml:lang="en">
<title>USA: America West June load factor rises.</title>
<headline>America West June load factor rises.</headline>
<dateline>PHOENIX 1997-07-08</dateline>
<text>
<p>June 1997	June 1996	 % Change</p>
<p>Passengers Enplaned    1,606,809	 1,524,749	     5.4</p>
<p>Revenue Passenger Miles (000)</p>
<p>			     1,429,560	 1,298,102	    10.1</p>
<p>Available Seat Miles (000)</p>
<p>			     1,929,329	 1,796,833	     7.4</p>
<p>Load Factor (percent)	 74.1		72.2    1.9 points</p>
<p>		   2nd Quarter 1997    2nd Quarter 1996   % Change</p>
<p>Passengers Enplaned</p>
<p>			     4,671,102	 4,581,235	    2.0</p>
<p>RPMs (000)		  4,141,830	 3,848,442	    7.6</p>
<p>ASMs			 5,847,618	 5,353,210	    9.2</p>
<p>Load Factor (percent)    70.8		71.9    (1.1) points</p>
<p>			   YTD 1997	 YTD 1996	    % Change</p>
<p>Passengers Enplaned</p>
<p>			    9,261,394	8,886,565	     4.2</p>
<p>Revenue Passenger Miles (000)</p>
<p>			    8,124,077     7,352,325	    10.5</p>
<p>Available Seat Miles (000)</p>
<p>			   11,638,225     10,308,278	     12.9</p>
<p>Load Factor (percent)	 69.8	     71.3  (1.5) points</p>
</text>
<copyright>(c) Reuters Limited 1997</copyright>
<metadata>
<codes class="bip:countries:1.0">
  <code code="USA">
    <editdetail attribution="Reuters BIP Coding Group" action="confirmed" date="1997-07-08"/>
  </code>
</codes>
<codes class="bip:industries:1.0">
  <code code="I75000">
    <editdetail attribution="Reuters BIP Coding Group" action="confirmed" date="1997-07-08"/>
  </code>
</codes>
<codes class="bip:topics:1.0">
  <code code="C31">
    <editdetail attribution="Reuters BIP Coding Group" action="confirmed" date="1997-07-08"/>
  </code>
  <code code="CCAT">
    <editdetail attribution="Reuters BIP Coding Group" action="confirmed" date="1997-07-08"/>
  </code>
</codes>
<dc element="dc.date.created" value="1997-07-08"/>
<dc element="dc.publisher" value="Reuters Holdings Plc"/>
<dc element="dc.date.published" value="1997-07-08"/>
<dc element="dc.source" value="Reuters"/>
<dc element="dc.creator.location" value="PHOENIX"/>
<dc element="dc.creator.location.country.name" value="USA"/>
<dc element="dc.source" value="Reuters"/>
</metadata>
</newsitem>
