<?xml version="1.0" encoding="iso-8859-1" ?>
<newsitem itemid="712328" id="root" date="1997-07-08" xml:lang="en">
<title>USA: Santa Fe says shareholders approve spinoff.</title>
<headline>Santa Fe says shareholders approve spinoff.</headline>
<dateline>HOUSTON 1997-07-08</dateline>
<text>
<p>Santa Fe Energy Resources said Tuesday its shareholders approved the spinoff of Monterey Resources Inc.</p>
<p>The company said its board declared the distribution of all its common stock of Monterey Resources to its common shareholders.</p>
<p>Santa Fe Energy owns 45,350,000 shares of Monterey's common stock and the distribution will be tax-free to Santa Fe and its shareholders.</p>
<p>For each share of Santa Fe Energy, stockholders will receive approximately 0.44 of a share of common stock in Monterey Resources.</p>
<p>Santa Fe shareholders of record on July 18 will receive the distribution which will occur on or about July 25.</p>
<p>((--New York Newsroom 212-859-1902))</p>
</text>
<copyright>(c) Reuters Limited 1997</copyright>
<metadata>
<codes class="bip:countries:1.0">
  <code code="USA">
    <editdetail attribution="Reuters BIP Coding Group" action="confirmed" date="1997-07-08"/>
  </code>
</codes>
<codes class="bip:industries:1.0">
  <code code="I13000">
    <editdetail attribution="Reuters BIP Coding Group" action="confirmed" date="1997-07-08"/>
  </code>
  <code code="I1300003">
    <editdetail attribution="Reuters BIP Coding Group" action="confirmed" date="1997-07-08"/>
  </code>
</codes>
<codes class="bip:topics:1.0">
  <code code="C11">
    <editdetail attribution="Reuters BIP Coding Group" action="confirmed" date="1997-07-08"/>
  </code>
  <code code="C18">
    <editdetail attribution="Reuters BIP Coding Group" action="confirmed" date="1997-07-08"/>
  </code>
  <code code="C181">
    <editdetail attribution="Reuters BIP Coding Group" action="confirmed" date="1997-07-08"/>
  </code>
  <code code="CCAT">
    <editdetail attribution="Reuters BIP Coding Group" action="confirmed" date="1997-07-08"/>
  </code>
</codes>
<dc element="dc.date.created" value="1997-07-08"/>
<dc element="dc.publisher" value="Reuters Holdings Plc"/>
<dc element="dc.date.published" value="1997-07-08"/>
<dc element="dc.source" value="Reuters"/>
<dc element="dc.creator.location" value="HOUSTON"/>
<dc element="dc.creator.location.country.name" value="USA"/>
<dc element="dc.source" value="Reuters"/>
</metadata>
</newsitem>
