<?xml version="1.0" encoding="iso-8859-1" ?>
<newsitem itemid="712367" id="root" date="1997-07-08" xml:lang="en">
<title>USA: Streicher Mobile Fueling names new CFO.</title>
<headline>Streicher Mobile Fueling names new CFO.</headline>
<dateline>FORT LAUDERDALE, Fla. 1997-07-08</dateline>
<text>
<p>Streicher Mobile Fueling Inc said on Tuesday that Walter Barrett had joined the company as its new chief financial officer, succeeding William Tetsworth.</p>
<p>Streicher did not disclose a reason for Tetworth's leaving the post.</p>
<p>Barrett, 39, joined Streicher from Devcon International Corp, a heavy construction and construction materials firm where he had served as a vice president and chief financial officer since 1991.</p>
<p>Streicher Mobile Fueling Inc provides mobile fueling services.</p>
</text>
<copyright>(c) Reuters Limited 1997</copyright>
<metadata>
<codes class="bip:countries:1.0">
  <code code="USA">
    <editdetail attribution="Reuters BIP Coding Group" action="confirmed" date="1997-07-08"/>
  </code>
</codes>
<codes class="bip:topics:1.0">
  <code code="C41">
    <editdetail attribution="Reuters BIP Coding Group" action="confirmed" date="1997-07-08"/>
  </code>
  <code code="C411">
    <editdetail attribution="Reuters BIP Coding Group" action="confirmed" date="1997-07-08"/>
  </code>
  <code code="CCAT">
    <editdetail attribution="Reuters BIP Coding Group" action="confirmed" date="1997-07-08"/>
  </code>
</codes>
<dc element="dc.date.created" value="1997-07-08"/>
<dc element="dc.publisher" value="Reuters Holdings Plc"/>
<dc element="dc.date.published" value="1997-07-08"/>
<dc element="dc.source" value="Reuters"/>
<dc element="dc.creator.location" value="FORT LAUDERDALE, Fla."/>
<dc element="dc.creator.location.country.name" value="USA"/>
<dc element="dc.source" value="Reuters"/>
</metadata>
</newsitem>
