<?xml version="1.0" encoding="iso-8859-1" ?>
<newsitem itemid="712360" id="root" date="1997-07-08" xml:lang="en">
<title>USA: Insituform, holders settle proxy contest.</title>
<headline>Insituform, holders settle proxy contest.</headline>
<dateline>WASHINGTON 1997-07-08</dateline>
<text>
<p>A group including two Insituform Technologies Inc directors said Tuesday they and the company on July 3 agreed in principle to settle a proxy contest for the election of slate of nominees to the board.</p>
<p>In a filing with the Securities and Exchange Commission, the group including dissident directors Jerome Kalishman and Robert Affholder said under terms of the agreement, the company's board of directors would be reduced to nine from 13.</p>
<p>They also said the current staggered terms of the directors would be eliminated and there would be no contested election of directors prior to the 1999 annual meeting.  </p>
<p>The agreement in principle is subject to the execution of a definitive agreement, the approval of the full board of directors of the company and approval by the stockholders at the 1997 annual meeting schedule for August 21.</p>
<p>Under the terms of the agreement in principle, the company's board of directors would consist of seven current directors and two new independent directors.</p>
<p>The current seven are: Robert Affholder, Paul Biddleman, Anthony Hooper, Jerome Kalishman, Silas Spengler, Sheldon Weining, Russell Wight, Jr.</p>
<p>The new independent director is Stephen Cortinovis and another independent director to be named later, according to the filing.</p>
<p>The proxy contest by the pair to replace three directors was first made public on June 23.</p>
<p>Insituform,, based in Memphis, Tenn., is a sewer, water, gas and industrial pipe repair company.</p>
</text>
<copyright>(c) Reuters Limited 1997</copyright>
<metadata>
<codes class="bip:countries:1.0">
  <code code="USA">
    <editdetail attribution="Reuters BIP Coding Group" action="confirmed" date="1997-07-08"/>
  </code>
</codes>
<codes class="bip:industries:1.0">
  <code code="I50200">
    <editdetail attribution="Reuters BIP Coding Group" action="confirmed" date="1997-07-08"/>
  </code>
  <code code="I5020043">
    <editdetail attribution="Reuters BIP Coding Group" action="confirmed" date="1997-07-08"/>
  </code>
</codes>
<codes class="bip:topics:1.0">
  <code code="C41">
    <editdetail attribution="Reuters BIP Coding Group" action="confirmed" date="1997-07-08"/>
  </code>
  <code code="C411">
    <editdetail attribution="Reuters BIP Coding Group" action="confirmed" date="1997-07-08"/>
  </code>
  <code code="CCAT">
    <editdetail attribution="Reuters BIP Coding Group" action="confirmed" date="1997-07-08"/>
  </code>
</codes>
<dc element="dc.date.created" value="1997-07-08"/>
<dc element="dc.publisher" value="Reuters Holdings Plc"/>
<dc element="dc.date.published" value="1997-07-08"/>
<dc element="dc.source" value="Reuters"/>
<dc element="dc.creator.location" value="WASHINGTON"/>
<dc element="dc.creator.location.country.name" value="USA"/>
<dc element="dc.source" value="Reuters"/>
</metadata>
</newsitem>
