<?xml version="1.0" encoding="iso-8859-1" ?>
<newsitem itemid="712312" id="root" date="1997-07-08" xml:lang="en">
<title>USA: Digital Descriptor delisted from NASDAQ.</title>
<headline>Digital Descriptor delisted from NASDAQ.</headline>
<dateline>LANGHORNE, Pa. 1997-07-08</dateline>
<text>
<p>Digital Descriptor Systems Inc said Tuesday its shares were delisted from NASDAQ at the close of business on July 7.</p>
<p>The company said it did not meet the $2 million total asset and $1 million capital surplus requirement.</p>
<p>The company said total assets at December 31, 1996 were $1.9 million and capital and surplus were $1.1 respectively.</p>
<p>The company said NASDAQ excluded from assets a $150,000 certificate of deposit pledged for a bank loan, which has now been reduced to $82,000.</p>
<p>The company said it is in discussion with several investment banking firms for private placement of capital.</p>
<p>It said it will &quot;make every effort&quot; to meet NASDAQ requirements and will apply for listing as soon as possible.</p>
</text>
<copyright>(c) Reuters Limited 1997</copyright>
<metadata>
<codes class="bip:countries:1.0">
  <code code="USA">
    <editdetail attribution="Reuters BIP Coding Group" action="confirmed" date="1997-07-08"/>
  </code>
</codes>
<codes class="bip:industries:1.0">
  <code code="I33020">
    <editdetail attribution="Reuters BIP Coding Group" action="confirmed" date="1997-07-08"/>
  </code>
</codes>
<codes class="bip:topics:1.0">
  <code code="C14">
    <editdetail attribution="Reuters BIP Coding Group" action="confirmed" date="1997-07-08"/>
  </code>
  <code code="CCAT">
    <editdetail attribution="Reuters BIP Coding Group" action="confirmed" date="1997-07-08"/>
  </code>
</codes>
<dc element="dc.date.created" value="1997-07-08"/>
<dc element="dc.publisher" value="Reuters Holdings Plc"/>
<dc element="dc.date.published" value="1997-07-08"/>
<dc element="dc.source" value="Reuters"/>
<dc element="dc.creator.location" value="LANGHORNE, Pa."/>
<dc element="dc.creator.location.country.name" value="USA"/>
<dc element="dc.source" value="Reuters"/>
</metadata>
</newsitem>
