<?xml version="1.0" encoding="iso-8859-1" ?>
<newsitem itemid="712442" id="root" date="1997-07-08" xml:lang="en">
<title>UK: CRICKET-ENGLAND SELECTORS SHOW FAITH IN LOSING SIDE.</title>
<headline>CRICKET-ENGLAND SELECTORS SHOW FAITH IN LOSING SIDE.</headline>
<dateline>LONDON 1997-07-08</dateline>
<text>
<p>England cricket selectors on Tuesday expressed a vote of confidence in the side which lost the third test to Australia, keeping the same players for the fourth test starting on July 24.</p>
<p>In a surprise move, the 12-man squad was named more than two weeks before the start of the next test at Headingley in Leeds.</p>
<p>Spinner Phil Tufnell was the only player added to the team which lost the third test by 268 runs at Old Trafford. The series is now tied at 1-1.</p>
<p>Fast bowlers Devon Malcolm and Mike Smith, who were included in the squad for the third test, were overlooked by selectors.</p>
<p>England squad: Michael Atherton (captain), Mark Butcher, Alec Stewart, Nasser Hussain, Graham Thorpe, John Crawley, Mark Ealham, Robert Croft, Darren Gough, Andy Caddick, Dean Headley, Phil Tufnell.</p>
</text>
<copyright>(c) Reuters Limited 1997</copyright>
<metadata>
<codes class="bip:countries:1.0">
  <code code="AUSTR">
    <editdetail attribution="Reuters BIP Coding Group" action="confirmed" date="1997-07-08"/>
  </code>
  <code code="UK">
    <editdetail attribution="Reuters BIP Coding Group" action="confirmed" date="1997-07-08"/>
  </code>
</codes>
<codes class="bip:topics:1.0">
  <code code="GCAT">
    <editdetail attribution="Reuters BIP Coding Group" action="confirmed" date="1997-07-08"/>
  </code>
  <code code="GSPO">
    <editdetail attribution="Reuters BIP Coding Group" action="confirmed" date="1997-07-08"/>
  </code>
</codes>
<dc element="dc.date.created" value="1997-07-08"/>
<dc element="dc.publisher" value="Reuters Holdings Plc"/>
<dc element="dc.date.published" value="1997-07-08"/>
<dc element="dc.source" value="Reuters"/>
<dc element="dc.creator.location" value="LONDON"/>
<dc element="dc.creator.location.country.name" value="UK"/>
<dc element="dc.source" value="Reuters"/>
</metadata>
</newsitem>
