<?xml version="1.0" encoding="iso-8859-1" ?>
<newsitem itemid="712470" id="root" date="1997-07-08" xml:lang="en">
<title>AUSTRIA: SOCCER-KONSEL TO SIGN TWO-YEAR CONTRACT WITH AS ROMA.</title>
<headline>SOCCER-KONSEL TO SIGN TWO-YEAR CONTRACT WITH AS ROMA.</headline>
<dateline>VIENNA 1997-07-08</dateline>
<text>
<p>Austria goalkeeper Michael Konsel of Rapid Vienna will sign a two-year contract with AS Roma after both clubs agreed on Tuesday on a transfer for nine million schillings ($729,000), the Austrian news agency APA said.</p>
<p>APA quoted Konsel's lawyer Skender Fani as saying: &quot;Michael is basically already an AS Roma player. He will be signing the contract in Vienna which will then be faxed to Rome.&quot;</p>
<p>Konsel and Fani broke off negotiations with the Italian club on Monday after financial disagreements. Rapid originally wanted 10 million schillings for Konsel.</p>
<p>&quot;The last few weeks were full of stress for me. Now I am relieved that everything worked out so well. I am really looking forward to my new assignment,&quot; Konsel, 35, said.</p>
<p>He will join his new team in Rome on Sunday and undergo medical examinations on Monday. ($ = 12.32 Austrian Schillings)</p>
</text>
<copyright>(c) Reuters Limited 1997</copyright>
<metadata>
<codes class="bip:countries:1.0">
  <code code="AUST">
    <editdetail attribution="Reuters BIP Coding Group" action="confirmed" date="1997-07-08"/>
  </code>
  <code code="ITALY">
    <editdetail attribution="Reuters BIP Coding Group" action="confirmed" date="1997-07-08"/>
  </code>
</codes>
<codes class="bip:topics:1.0">
  <code code="GCAT">
    <editdetail attribution="Reuters BIP Coding Group" action="confirmed" date="1997-07-08"/>
  </code>
  <code code="GSPO">
    <editdetail attribution="Reuters BIP Coding Group" action="confirmed" date="1997-07-08"/>
  </code>
</codes>
<dc element="dc.date.created" value="1997-07-08"/>
<dc element="dc.publisher" value="Reuters Holdings Plc"/>
<dc element="dc.date.published" value="1997-07-08"/>
<dc element="dc.source" value="Reuters"/>
<dc element="dc.creator.location" value="VIENNA"/>
<dc element="dc.creator.location.country.name" value="AUSTRIA"/>
<dc element="dc.source" value="Reuters"/>
</metadata>
</newsitem>
