<?xml version="1.0" encoding="iso-8859-1" ?>
<newsitem itemid="712472" id="root" date="1997-07-08" xml:lang="en">
<title>GREECE: OLYMPICS-IOC PRES SAMARANCH TO PLANT OLIVE TREE IN ATHENS.</title>
<headline>OLYMPICS-IOC PRES SAMARANCH TO PLANT OLIVE TREE IN ATHENS.</headline>
<dateline>ATHENS 1997-07-08</dateline>
<text>
<p>International Olympic Committee president Juan Antonio Samaranch is in Athens to participate in the 37th International Olympics Academy (IOA) conference at Pnyka.</p>
<p>Earlier, Samaranch will plant an olive tree bearing his name at the IOC-members park during a ceremony attended by the Greek cabinet, Athens mayor Dimitris Avramopoulos and Athens 2004 bid committee president Yanna Angelopoulos.</p>
<p>Athens, Rome, Stockholm, Cape Town and Buenos Aires are on the final shortlist of cities bidding to host the 2004 Olympic Games. --George Georgiopoulos, Athens Newsroom +301 3311812-4</p>
</text>
<copyright>(c) Reuters Limited 1997</copyright>
<metadata>
<codes class="bip:countries:1.0">
  <code code="GREECE">
    <editdetail attribution="Reuters BIP Coding Group" action="confirmed" date="1997-07-08"/>
  </code>
</codes>
<codes class="bip:topics:1.0">
  <code code="GCAT">
    <editdetail attribution="Reuters BIP Coding Group" action="confirmed" date="1997-07-08"/>
  </code>
  <code code="GSPO">
    <editdetail attribution="Reuters BIP Coding Group" action="confirmed" date="1997-07-08"/>
  </code>
</codes>
<dc element="dc.date.created" value="1997-07-08"/>
<dc element="dc.publisher" value="Reuters Holdings Plc"/>
<dc element="dc.date.published" value="1997-07-08"/>
<dc element="dc.source" value="Reuters"/>
<dc element="dc.creator.location" value="ATHENS"/>
<dc element="dc.creator.location.country.name" value="GREECE"/>
<dc element="dc.source" value="Reuters"/>
</metadata>
</newsitem>
