<?xml version="1.0" encoding="iso-8859-1" ?>
<newsitem itemid="712444" id="root" date="1997-07-08" xml:lang="en">
<title>UK: SOCCER-JUNINHO MOVE TO TOTTENHAM OUT OF QUESTION.</title>
<headline>SOCCER-JUNINHO MOVE TO TOTTENHAM OUT OF QUESTION.</headline>
<dateline>LONDON 1997-07-08</dateline>
<text>
<p>Relegated English club Middlesbrough were discussing several offers for talented Brazilian midfielder Juninho on Tuesday after a move to Tottenham Hotspur fell through.</p>
<p>Juninho was reported to be having talks with Middlesbrough chief executive Keith Lamb in a bid to speed up a possible transfer to Spanish side Atletico Madrid.</p>
<p>Club spokesman Mark Hooper refused to confirm that a meeting was taking place.</p>
<p>But he said: &quot;After the offer from Tottenham fell through the club is now considering other offers. (Manager) Bryan Robson has accepted that he wants to leave. We are discussing the offers at the moment.&quot;</p>
<p>Speculation has mounted about Juninho's future since Middlesbrough were relegated from the premier league last season.</p>
<p>The Brazilian has repeatedly said he would prefer a move to Spain but, with two years remaining on his contract at Middlesbrough, the north-east club appear to hold the key to his future.</p>
<p>Middlesbrough agreed on a fee with Tottenham but the player, who joined the Middlesbrough in October 1995, could not agree terms.</p>
<p>Last week Atletico said they had signed Juninho. Recent Spanish reports suggested the club was likely to pay $20.1 million for the midfielder.</p>
</text>
<copyright>(c) Reuters Limited 1997</copyright>
<metadata>
<codes class="bip:countries:1.0">
  <code code="BRAZ">
    <editdetail attribution="Reuters BIP Coding Group" action="confirmed" date="1997-07-08"/>
  </code>
  <code code="SPAIN">
    <editdetail attribution="Reuters BIP Coding Group" action="confirmed" date="1997-07-08"/>
  </code>
  <code code="UK">
    <editdetail attribution="Reuters BIP Coding Group" action="confirmed" date="1997-07-08"/>
  </code>
</codes>
<codes class="bip:topics:1.0">
  <code code="GCAT">
    <editdetail attribution="Reuters BIP Coding Group" action="confirmed" date="1997-07-08"/>
  </code>
  <code code="GSPO">
    <editdetail attribution="Reuters BIP Coding Group" action="confirmed" date="1997-07-08"/>
  </code>
</codes>
<dc element="dc.date.created" value="1997-07-08"/>
<dc element="dc.publisher" value="Reuters Holdings Plc"/>
<dc element="dc.date.published" value="1997-07-08"/>
<dc element="dc.source" value="Reuters"/>
<dc element="dc.creator.location" value="LONDON"/>
<dc element="dc.creator.location.country.name" value="UK"/>
<dc element="dc.source" value="Reuters"/>
</metadata>
</newsitem>
