<?xml version="1.0" encoding="iso-8859-1" ?>
<newsitem itemid="712406" id="root" date="1997-07-08" xml:lang="en">
<title>USA: Innkeepers sees hotel deal accretive in '97.</title>
<headline>Innkeepers sees hotel deal accretive in '97.</headline>
<dateline>PALM BEACH, Fla. 1997-07-08</dateline>
<text>
<p>Innkeepers USA Trust said Tuesday it had closed on the acquisition of nine hotels from privately held Summerfield Hotel Corp for about $118.6 million, and expected the deal to be accretive to earnings in 1997 and thereafter.</p>
<p>The acquisition price included about $89.5 million in cash and about $29.1 million in common operating partnership units valued at $15, the company said.</p>
<p>Innkeepers said the cash consideration in the deal was financed through a one-year term loan provided by Lehman Brothers priced at 30 day LIBOR plus 175 basis points.</p>
<p>The company also said it had acquired three Chicago-based Hampton Inns in June for $19.1 million in cash.</p>
</text>
<copyright>(c) Reuters Limited 1997</copyright>
<metadata>
<codes class="bip:countries:1.0">
  <code code="USA">
    <editdetail attribution="Reuters BIP Coding Group" action="confirmed" date="1997-07-08"/>
  </code>
</codes>
<codes class="bip:industries:1.0">
  <code code="I66500">
    <editdetail attribution="Reuters BIP Coding Group" action="confirmed" date="1997-07-08"/>
  </code>
  <code code="I81502">
    <editdetail attribution="Reuters BIP Coding Group" action="confirmed" date="1997-07-08"/>
  </code>
  <code code="I8150206">
    <editdetail attribution="Reuters BIP Coding Group" action="confirmed" date="1997-07-08"/>
  </code>
</codes>
<codes class="bip:topics:1.0">
  <code code="C18">
    <editdetail attribution="Reuters BIP Coding Group" action="confirmed" date="1997-07-08"/>
  </code>
  <code code="C182">
    <editdetail attribution="Reuters BIP Coding Group" action="confirmed" date="1997-07-08"/>
  </code>
  <code code="CCAT">
    <editdetail attribution="Reuters BIP Coding Group" action="confirmed" date="1997-07-08"/>
  </code>
</codes>
<dc element="dc.date.created" value="1997-07-08"/>
<dc element="dc.publisher" value="Reuters Holdings Plc"/>
<dc element="dc.date.published" value="1997-07-08"/>
<dc element="dc.source" value="Reuters"/>
<dc element="dc.creator.location" value="PALM BEACH, Fla."/>
<dc element="dc.creator.location.country.name" value="USA"/>
<dc element="dc.source" value="Reuters"/>
</metadata>
</newsitem>
