<?xml version="1.0" encoding="iso-8859-1" ?>
<newsitem itemid="712435" id="root" date="1997-07-08" xml:lang="en">
<title>UK: GOLF-YOUNGEST WALKER CUP PLAYER IN HISTORY.</title>
<headline>GOLF-YOUNGEST WALKER CUP PLAYER IN HISTORY.</headline>
<dateline>ST ANDREWS, Scotland 1997-07-08</dateline>
<text>
<p>The Britain and Ireland team have picked the youngest player ever selected for the Walker Cup for this year's biennial amateur team match against the United States in August.</p>
<p>Justin Rose will be just 10 days past his 17th birthday when the 36th match is played at Quaker Ridge, New York, on August 9 and 10.</p>
<p>The previous youngest was Ronan Rafferty, who played in 1981 when he was 17 years seven months.</p>
<p>Rose was born in South Africa but moved with his family to England when he was five.</p>
<p>He has won many junior events, including the under-18 English strokeplay title when he was just 14, and recently captured his first senior title, the St Andrews Links Trophy.</p>
<p>Rose is one of only two Englishman on the team. The other is Gary Wolstenholme, 20 years Rose's senior, who famously defeated the now-world number one Tiger Woods when Britain and Ireland won at Royal Porthcawl two years ago.</p>
<p>Scotland provide five of the team, Ireland two and Wales one.</p>
</text>
<copyright>(c) Reuters Limited 1997</copyright>
<metadata>
<codes class="bip:countries:1.0">
  <code code="IRE">
    <editdetail attribution="Reuters BIP Coding Group" action="confirmed" date="1997-07-08"/>
  </code>
  <code code="UK">
    <editdetail attribution="Reuters BIP Coding Group" action="confirmed" date="1997-07-08"/>
  </code>
  <code code="USA">
    <editdetail attribution="Reuters BIP Coding Group" action="confirmed" date="1997-07-08"/>
  </code>
</codes>
<codes class="bip:topics:1.0">
  <code code="GCAT">
    <editdetail attribution="Reuters BIP Coding Group" action="confirmed" date="1997-07-08"/>
  </code>
  <code code="GSPO">
    <editdetail attribution="Reuters BIP Coding Group" action="confirmed" date="1997-07-08"/>
  </code>
</codes>
<dc element="dc.date.created" value="1997-07-08"/>
<dc element="dc.publisher" value="Reuters Holdings Plc"/>
<dc element="dc.date.published" value="1997-07-08"/>
<dc element="dc.source" value="Reuters"/>
<dc element="dc.creator.location" value="ST ANDREWS, Scotland"/>
<dc element="dc.creator.location.country.name" value="UK"/>
<dc element="dc.source" value="Reuters"/>
</metadata>
</newsitem>
