<?xml version="1.0" encoding="iso-8859-1" ?>
<newsitem itemid="712469" id="root" date="1997-07-08" xml:lang="en">
<title>GERMANY: SOCCER-HOBSCH SET TO MOVE FROM BREMEN TO RENNES.</title>
<headline>SOCCER-HOBSCH SET TO MOVE FROM BREMEN TO RENNES.</headline>
<dateline>BREMEN, Germany 1997-07-08</dateline>
<text>
<p>Werder Bremen striker Bernd Hobsch is expected to sign for French first division Rennes this week, Germany's SID sports news agency reported on Tuesday.</p>
</text>
<copyright>(c) Reuters Limited 1997</copyright>
<metadata>
<codes class="bip:countries:1.0">
  <code code="FRA">
    <editdetail attribution="Reuters BIP Coding Group" action="confirmed" date="1997-07-08"/>
  </code>
  <code code="GFR">
    <editdetail attribution="Reuters BIP Coding Group" action="confirmed" date="1997-07-08"/>
  </code>
</codes>
<codes class="bip:topics:1.0">
  <code code="GCAT">
    <editdetail attribution="Reuters BIP Coding Group" action="confirmed" date="1997-07-08"/>
  </code>
  <code code="GSPO">
    <editdetail attribution="Reuters BIP Coding Group" action="confirmed" date="1997-07-08"/>
  </code>
</codes>
<dc element="dc.date.created" value="1997-07-08"/>
<dc element="dc.publisher" value="Reuters Holdings Plc"/>
<dc element="dc.date.published" value="1997-07-08"/>
<dc element="dc.source" value="Reuters"/>
<dc element="dc.creator.location" value="BREMEN, Germany"/>
<dc element="dc.creator.location.country.name" value="GERMANY"/>
<dc element="dc.source" value="Reuters"/>
</metadata>
</newsitem>
