<?xml version="1.0" encoding="iso-8859-1" ?>
<newsitem itemid="712476" id="root" date="1997-07-08" xml:lang="en">
<title>SPAIN: SOCCER-KAREMBEU SET TO JOIN REAL MADRID, SAYS AGENT.</title>
<headline>SOCCER-KAREMBEU SET TO JOIN REAL MADRID, SAYS AGENT.</headline>
<dateline>MADRID 1997-07-08</dateline>
<text>
<p>French international striker Christian Karembeu is set to leave Italian club Sampdoria to join Real Madrid, a Spanish newspaper said on Tuesday.</p>
<p>&quot;The two clubs are negotiating and although there are many differences, there are many ways for them to arrive at an agreement,&quot; his agent Milan Calasan said in the Spanish sports daily Marca.</p>
<p>His contract with Sampdoria expires at the end of next season but he has repeatedly said he wants to move as soon as possible after an unhappy time in Italy.</p>
<p>At one stage last season his club were discussing a transfer to Barcelona while he was trying to engineer his own move to rivals Real Madrid.</p>
</text>
<copyright>(c) Reuters Limited 1997</copyright>
<metadata>
<codes class="bip:countries:1.0">
  <code code="FRA">
    <editdetail attribution="Reuters BIP Coding Group" action="confirmed" date="1997-07-08"/>
  </code>
  <code code="ITALY">
    <editdetail attribution="Reuters BIP Coding Group" action="confirmed" date="1997-07-08"/>
  </code>
  <code code="SPAIN">
    <editdetail attribution="Reuters BIP Coding Group" action="confirmed" date="1997-07-08"/>
  </code>
</codes>
<codes class="bip:topics:1.0">
  <code code="GCAT">
    <editdetail attribution="Reuters BIP Coding Group" action="confirmed" date="1997-07-08"/>
  </code>
  <code code="GSPO">
    <editdetail attribution="Reuters BIP Coding Group" action="confirmed" date="1997-07-08"/>
  </code>
</codes>
<dc element="dc.date.created" value="1997-07-08"/>
<dc element="dc.publisher" value="Reuters Holdings Plc"/>
<dc element="dc.date.published" value="1997-07-08"/>
<dc element="dc.source" value="Reuters"/>
<dc element="dc.creator.location" value="MADRID"/>
<dc element="dc.creator.location.country.name" value="SPAIN"/>
<dc element="dc.source" value="Reuters"/>
</metadata>
</newsitem>
