<?xml version="1.0" encoding="iso-8859-1" ?>
<newsitem itemid="712453" id="root" date="1997-07-08" xml:lang="en">
<title>LEBANON: GAMES-LEBANON TO EXCLUDE IRAQ FROM PAN ARAB GAMES.</title>
<headline>GAMES-LEBANON TO EXCLUDE IRAQ FROM PAN ARAB GAMES.</headline>
<dateline>BEIRUT 1997-07-08</dateline>
<text>
<p>Lebanon has decided to exclude Iraqi athletes from the Pan Arab Games which open in Beirut on Saturday, sources close to the games said on Tuesday.</p>
<p>&quot;The Iraqis don't have any visas to come to Lebanon. They will not get visas,&quot; said one of the sources.  </p>
<p>&quot;Because diplomatic ties between Lebanon and Iraq have been severed, we cannot welcome Iraq unless we receive an order from the political authorities,&quot; Zeid Khyami, director-general of the sports ministry, who is in charge of organising the games, told Reuters.</p>
<p>The source said that Lebanon decided to exclude Iraqi athletes from the games due to pressure from Kuwait and other Gulf Arab states.</p>
<p>He said Gulf Arab states -- Saudi Arabia, Kuwait, United Arab Emirates, Qatar, Bahrain and Oman -- threatened to boycott the Pan Arab Games if Iraq participated.</p>
<p>&quot;The Gulf Cooperation Council (GCC) states threatened to boycott the games if Iraq takes part,&quot; said the source who requested anonymity.</p>
</text>
<copyright>(c) Reuters Limited 1997</copyright>
<metadata>
<codes class="bip:countries:1.0">
  <code code="IRAQ">
    <editdetail attribution="Reuters BIP Coding Group" action="confirmed" date="1997-07-08"/>
  </code>
  <code code="LEBAN">
    <editdetail attribution="Reuters BIP Coding Group" action="confirmed" date="1997-07-08"/>
  </code>
</codes>
<codes class="bip:topics:1.0">
  <code code="GCAT">
    <editdetail attribution="Reuters BIP Coding Group" action="confirmed" date="1997-07-08"/>
  </code>
  <code code="GDIP">
    <editdetail attribution="Reuters BIP Coding Group" action="confirmed" date="1997-07-08"/>
  </code>
</codes>
<dc element="dc.date.created" value="1997-07-08"/>
<dc element="dc.publisher" value="Reuters Holdings Plc"/>
<dc element="dc.date.published" value="1997-07-08"/>
<dc element="dc.source" value="Reuters"/>
<dc element="dc.creator.location" value="BEIRUT"/>
<dc element="dc.creator.location.country.name" value="LEBANON"/>
<dc element="dc.source" value="Reuters"/>
</metadata>
</newsitem>
