<?xml version="1.0" encoding="iso-8859-1" ?>
<newsitem itemid="712414" id="root" date="1997-07-08" xml:lang="en">
<title>USA: BackWeb to buy Lanacom in push technology merger.</title>
<headline>BackWeb to buy Lanacom in push technology merger.</headline>
<dateline>SAN JOSE, Calif. 1997-07-08</dateline>
<text>
<p>BackWeb Technologies said it has agreed to buy Lanacom Inc, and would incorporate its software into BackWeb's family of push products for delivering applications and information within companies.</p>
<p>The privately-held companies did not disclose terms of the deal, which they expect to close in mid-July. BackWeb executives said they expect to retain a majority of Lanacom's 24 employees and to integrate its products within four months.</p>
<p>Tony Davis, president and CEO of Lanacom, based in Toronto, will become vice president for product development at BackWeb, including responsibility for research and development.  </p>
<p>The deal is the latest sign of consolidation in the emerging market for so-called push technologies, which enable content such as software updates and news to be delivered automatically to computer users using networks like the Web.</p>
<p>&quot;We think we just acquired the company which has the best tools in the market for building, extracting, combining and manipulating information,&quot; BackWeb CEO Eli Barkat said in an interview, adding users can in minutes use Lanacom's tools to build their own customized automated update services.  </p>
<p>Such tools can be used to extract updating information on a company's rivals, for example, or to provide notification when airline ticket prices drop to below a certain level.</p>
<p>Barkat said the companies had been talking for some time and had gotten down to serious discussions in the last two months which culminated in the merger.</p>
<p>&quot;We're a privately held company and so our strategy is not to grow by acquisition,&quot; he added.  &quot;But the thing about this company is it's very rare that you run into a company that builds such a complimentary technology that works so well on top of what you do (as Lanacom).&quot;  </p>
<p>Phil Heye, director of product  management at BackWeb, said the two companies' client software -- used on desktop computers -- will be integrated together and Lanacom's Headliner server software will be offered as an optional add-on module.</p>
<p>Lanacom has between half a dozen and a dozen &quot;fairly well committed&quot; customers, he said.  This includes one customer which has already integrated the two companies' products together.</p>
<p>BackWeb said it will maintain Lanacom's Toronto offices as a development site.</p>
<p>BackWeb added that the integrated products will support both Microsoft Corp's Channel Definition Format (CDF) push delivery protocol and Netscape Communications Corp's Netcaster push delivery system.</p>
<p>Both companies also have agreements with Tibco Software Inc and Barkat said the combined company will provide a server option prividing real-time multicast push technologies using Tibco's multicast technology, which enables content to be sent out to multiple locations at the same time.</p>
<p>Tibco is a subsidiary of Reuters Holdings Plc and Cisco Systems Inc recently made a minority investment in Tibco Software Inc.</p>
<p>((sam.perry@reuters.com, in Palo Alto, +1 415 846 5400))</p>
</text>
<copyright>(c) Reuters Limited 1997</copyright>
<metadata>
<codes class="bip:countries:1.0">
  <code code="USA">
    <editdetail attribution="Reuters BIP Coding Group" action="confirmed" date="1997-07-08"/>
  </code>
</codes>
<codes class="bip:industries:1.0">
  <code code="I33030">
    <editdetail attribution="Reuters BIP Coding Group" action="confirmed" date="1997-07-08"/>
  </code>
</codes>
<codes class="bip:topics:1.0">
  <code code="C18">
    <editdetail attribution="Reuters BIP Coding Group" action="confirmed" date="1997-07-08"/>
  </code>
  <code code="C181">
    <editdetail attribution="Reuters BIP Coding Group" action="confirmed" date="1997-07-08"/>
  </code>
  <code code="CCAT">
    <editdetail attribution="Reuters BIP Coding Group" action="confirmed" date="1997-07-08"/>
  </code>
</codes>
<dc element="dc.date.created" value="1997-07-08"/>
<dc element="dc.publisher" value="Reuters Holdings Plc"/>
<dc element="dc.date.published" value="1997-07-08"/>
<dc element="dc.source" value="Reuters"/>
<dc element="dc.creator.location" value="SAN JOSE, Calif."/>
<dc element="dc.creator.location.country.name" value="USA"/>
<dc element="dc.source" value="Reuters"/>
</metadata>
</newsitem>
