<?xml version="1.0" encoding="iso-8859-1" ?>
<newsitem itemid="712452" id="root" date="1997-07-08" xml:lang="en">
<title>AUSTRALIA: RUGBY UNION-SMITH ORDERS WALLABIES TO SHOW AGGRESSION.</title>
<headline>RUGBY UNION-SMITH ORDERS WALLABIES TO SHOW AGGRESSION.</headline>
<byline>Robert Galvin</byline>
<dateline>SYDNEY 1997-07-08</dateline>
<text>
<p>Australia coach Greg Smith ordered his players to show more aggression after making six changes on Tuesday for the one-off rugby union test against England on Saturday.</p>
<p>Smith, disgusted by his side's performance in their 30-13 defeat by New Zealand in Christchurch last Saturday, criticised the forwards, with the front row bearing the brunt of his anger.</p>
<p>Prop Richard Harry, hooker Marco Caputo and lock Matt Cockbain were among those dropped in reaction to the All Blacks' overwhelming dominance in the scrum at Lancaster Park.</p>
<p>Earlier, Smith delivered a stern lecture to his players about their lack of spirit and determination against the All Blacks.</p>
<p>Speaking after the team meeting, Smith said: &quot;I don't believe we did justice to ourselves. I wanted them to know that we (the Wallaby team selectors) were disgusted with what happened.&quot;</p>
<p>Domestic news agency Australian Associated Press said Smith launched into a tirade during the meeting, telling the players they must assert themselves physically against England, even if it meant taking matters into their own hands.</p>
<p>Smith said he would prefer them to fight back rather than lie down and allow the opposition to commit professional fouls and interference with impunity, the report said.</p>
<p>Asked by Reuters to comment on the report, Smith angrily declined to confirm or deny making the statements in what he insisted was an emotional, but private, team meeting.</p>
<p>Uncapped prop Cameron Blades, hooker Michael Foley and lock Garrick Morgan have been drafted into the side by Smith to add scrummaging power for the clash at the Sydney Football Stadium against the Triple Crown winners.</p>
<p>Australia may make one further change in the forwards after naming four players -- Troy Coker, Daniel Manu, Brett Robinson and David Wilson -- for the back row.</p>
<p>Coker played at number eight with Robinson and Wilson as flankers against the All Blacks but Smith said he would make a final decision later in the week.</p>
<p>&quot;Australia have to have a scrum that does not lose. Our front row was not as effective as we wanted it to be (against New Zealand) on Saturday,&quot; Smith told reporters.</p>
<p>In the backs, full-back Matthew Burke and centre Jason Little return from injury at the expense of Stephen Larkham and Daniel Herbert.</p>
<p>Centre James Holbeck was named in the starting line-up as a replacement for Pat Howard, who fractured his ankle and damaged ligaments in an awkward fall in a tackle against New Zealand.</p>
<p>Australia (from): Matthew Burke, Joe Roff, Jason Little, James Holbeck, Ben Tune, Tim Horan, George Gregan, Troy Coker, Daniel Manu, Brett Robinson, David Wilson, John Eales (captain), Garrick Morgan, Cameron Blades, Michael Foley, Ewen McKenzie.</p>
<p>(Note: one of Coker, Manu, Robinson or Wilson to be omitted).</p>
</text>
<copyright>(c) Reuters Limited 1997</copyright>
<metadata>
<codes class="bip:countries:1.0">
  <code code="AUSTR">
    <editdetail attribution="Reuters BIP Coding Group" action="confirmed" date="1997-07-08"/>
  </code>
</codes>
<codes class="bip:topics:1.0">
  <code code="GCAT">
    <editdetail attribution="Reuters BIP Coding Group" action="confirmed" date="1997-07-08"/>
  </code>
  <code code="GSPO">
    <editdetail attribution="Reuters BIP Coding Group" action="confirmed" date="1997-07-08"/>
  </code>
</codes>
<dc element="dc.date.created" value="1997-07-08"/>
<dc element="dc.publisher" value="Reuters Holdings Plc"/>
<dc element="dc.date.published" value="1997-07-08"/>
<dc element="dc.source" value="Reuters"/>
<dc element="dc.creator.location" value="SYDNEY"/>
<dc element="dc.creator.location.country.name" value="AUSTRALIA"/>
<dc element="dc.source" value="Reuters"/>
</metadata>
</newsitem>
