<?xml version="1.0" encoding="iso-8859-1" ?>
<newsitem itemid="712410" id="root" date="1997-07-08" xml:lang="en">
<title>USA: Golden Bear, Visa in 5-yr marketing pact.</title>
<headline>Golden Bear, Visa in 5-yr marketing pact.</headline>
<dateline>NEW YORK 1997-07-08</dateline>
<text>
<p>-Golden Bear Golf Inc said Tuesday that it has signed a five-year partnership agreement with Visa U.S.A. to start marketing and acceptance programs to promote Visa's exclusive rights as the preferred card of Golden Bear Golf businesses.</p>
<p>The company said that Visa will also integrate Golden Bear Golf Properties and promotions into television advertising and sponsor two televised golf events produced by Jack Nicklaus Productions.</p>
<p>Golden Bear's chairman and largest shareholder is Jack Nicklaus.  Its businesses include the Golden Bear Golf Centers, Nicklaus/Flick Golf Schools, several licensed products and other marketing alliances, and the Jack Nicklaus International Golf Club.</p>
<p>Separately, Citibank said Tuesday that it will launch the Citibank Jack Nicklaus Visa Card, which will be offered as a Citibank Platinum Select Card.</p>
</text>
<copyright>(c) Reuters Limited 1997</copyright>
<metadata>
<codes class="bip:countries:1.0">
  <code code="USA">
    <editdetail attribution="Reuters BIP Coding Group" action="confirmed" date="1997-07-08"/>
  </code>
</codes>
<codes class="bip:industries:1.0">
  <code code="I49420">
    <editdetail attribution="Reuters BIP Coding Group" action="confirmed" date="1997-07-08"/>
  </code>
  <code code="I81501">
    <editdetail attribution="Reuters BIP Coding Group" action="confirmed" date="1997-07-08"/>
  </code>
  <code code="I8150108">
    <editdetail attribution="Reuters BIP Coding Group" action="confirmed" date="1997-07-08"/>
  </code>
</codes>
<codes class="bip:topics:1.0">
  <code code="C33">
    <editdetail attribution="Reuters BIP Coding Group" action="confirmed" date="1997-07-08"/>
  </code>
  <code code="CCAT">
    <editdetail attribution="Reuters BIP Coding Group" action="confirmed" date="1997-07-08"/>
  </code>
</codes>
<dc element="dc.date.created" value="1997-07-08"/>
<dc element="dc.publisher" value="Reuters Holdings Plc"/>
<dc element="dc.date.published" value="1997-07-08"/>
<dc element="dc.source" value="Reuters"/>
<dc element="dc.creator.location" value="NEW YORK"/>
<dc element="dc.creator.location.country.name" value="USA"/>
<dc element="dc.source" value="Reuters"/>
</metadata>
</newsitem>
