<?xml version="1.0" encoding="iso-8859-1" ?>
<newsitem itemid="712493" id="root" date="1997-07-08" xml:lang="en">
<title>ESTONIA: ESTONIA - NOON RADIO HEADLINES - JULY 8.</title>
<headline>ESTONIA - NOON RADIO HEADLINES - JULY 8.</headline>
<dateline>TALLINN 1997-07-08</dateline>
<text>
<p>These were the main headlines from Estonia's Kuku radio noon news report on Tuesday. Reuters has not verified these stories and does not vouch for their accuracy.</p>
<p>- A court case involving Jaan Toots, former secretary general of the interior minstry, versus the government for wrongful dismissal starts in the Tallinn adminstrative court on Wednesday.</p>
<p>- Car drivers are refusing to give way to bicyles with two recent accidents caused by car drivers refusing to give bicycle riders the right to turn.</p>
<p>- German police have stopped a truck carrying 170 tonnes of illegally exported British beef bound for Russia.</p>
<p>-- Tallinn newsroom +372 620 9202, reuters@reuters.ee</p>
</text>
<copyright>(c) Reuters Limited 1997</copyright>
<metadata>
<codes class="bip:countries:1.0">
  <code code="ESTNIA">
    <editdetail attribution="Reuters BIP Coding Group" action="confirmed" date="1997-07-08"/>
  </code>
</codes>
<codes class="bip:topics:1.0">
  <code code="GCAT">
    <editdetail attribution="Reuters BIP Coding Group" action="confirmed" date="1997-07-08"/>
  </code>
</codes>
<dc element="dc.date.created" value="1997-07-08"/>
<dc element="dc.publisher" value="Reuters Holdings Plc"/>
<dc element="dc.date.published" value="1997-07-08"/>
<dc element="dc.source" value="Reuters"/>
<dc element="dc.creator.location" value="TALLINN"/>
<dc element="dc.creator.location.country.name" value="ESTONIA"/>
<dc element="dc.source" value="Reuters"/>
</metadata>
</newsitem>
