<?xml version="1.0" encoding="iso-8859-1" ?>
<newsitem itemid="712446" id="root" date="1997-07-08" xml:lang="en">
<title>UK: MOTOR RACING-JORDAN SIGNS DEAL WITH MUGEN-HONDA.</title>
<headline>MOTOR RACING-JORDAN SIGNS DEAL WITH MUGEN-HONDA.</headline>
<dateline>LONDON 1997-07-08</dateline>
<text>
<p>Jordan, the British Formula One motor racing team, announced on Tuesday that it had signed a deal with Japanese company Mugen-Honda to supply engines for the 1998 and 1999 Grand Prix seasons.</p>
<p>The deal, rumoured for a number of weeks, will see Jordan do a direct swap with the Prost Grand Prix team, who will be using Jordan's current Peugeot engines next year.</p>
<p>&quot;This is another significant milestone for Jordan Grand Prix,&quot; explained managing director Eddie Jordan.</p>
<p>&quot;We have worked hard for a long time to earn this opportunity and our partnership with Mugen-Honda will provide additional strength and depth to our package plus an unparalleled commitment to success.&quot;</p>
<p>The news of the deal will come as a blow to world champion Damon Hill's TWR Arrows outfit, who had hoped to secure the engines to replace their unreliable and under-performing Yamahas.</p>
</text>
<copyright>(c) Reuters Limited 1997</copyright>
<metadata>
<codes class="bip:countries:1.0">
  <code code="JAP">
    <editdetail attribution="Reuters BIP Coding Group" action="confirmed" date="1997-07-08"/>
  </code>
  <code code="UK">
    <editdetail attribution="Reuters BIP Coding Group" action="confirmed" date="1997-07-08"/>
  </code>
</codes>
<codes class="bip:topics:1.0">
  <code code="GCAT">
    <editdetail attribution="Reuters BIP Coding Group" action="confirmed" date="1997-07-08"/>
  </code>
  <code code="GSPO">
    <editdetail attribution="Reuters BIP Coding Group" action="confirmed" date="1997-07-08"/>
  </code>
</codes>
<dc element="dc.date.created" value="1997-07-08"/>
<dc element="dc.publisher" value="Reuters Holdings Plc"/>
<dc element="dc.date.published" value="1997-07-08"/>
<dc element="dc.source" value="Reuters"/>
<dc element="dc.creator.location" value="LONDON"/>
<dc element="dc.creator.location.country.name" value="UK"/>
<dc element="dc.source" value="Reuters"/>
</metadata>
</newsitem>
