<?xml version="1.0" encoding="iso-8859-1" ?>
<newsitem itemid="712500" id="root" date="1997-07-08" xml:lang="en">
<title>CZECH REPUBLIC: INSURER SAYS CZECH FLOODS BIGGEST IN MODERN TIMES.</title>
<headline>INSURER SAYS CZECH FLOODS BIGGEST IN MODERN TIMES.</headline>
<dateline>PRAGUE 1997-07-08</dateline>
<text>
<p>The largest Czech insurer Ceska Pojistovna a.s. said on Tuesday that damage from floods which have hit eastern Czech Republic this week were the biggest catastrophe in the area in decades.</p>
<p>&quot;It is clear today already that the the extent of damage does not have a comparison in the modern history of the Czech Republic,&quot; the company said in a statement.</p>
<p>Spokeswoman Marcela Doleckova said it was too early to give any more precise damage estimate.</p>
<p>Floods resulting from terrential rain have swept away houses, roads and railways in the region, and forced thousands out of their homes.</p>
<p>Pojistovna said that in just two out of about a dozen districts hit by the disaster over 10,000 buildings have been reported damaged.</p>
<p>&quot;Ceska Pojistovna has several hundred thousand private clients, and several tens of thousands of business clients in the affected regions,&quot; the statement said.</p>
<p>Doleckova said that the company has secured enough liquidity to pay out advanced insurance payments.</p>
<p>-- Jan Lopatka, Prague Newsroom, 420-2-2423-0003</p>
</text>
<copyright>(c) Reuters Limited 1997</copyright>
<metadata>
<codes class="bip:countries:1.0">
  <code code="CZREP">
    <editdetail attribution="Reuters BIP Coding Group" action="confirmed" date="1997-07-08"/>
  </code>
</codes>
<codes class="bip:industries:1.0">
  <code code="I82001">
    <editdetail attribution="Reuters BIP Coding Group" action="confirmed" date="1997-07-08"/>
  </code>
</codes>
<codes class="bip:topics:1.0">
  <code code="CCAT">
    <editdetail attribution="Reuters BIP Coding Group" action="confirmed" date="1997-07-08"/>
  </code>
  <code code="GCAT">
    <editdetail attribution="Reuters BIP Coding Group" action="confirmed" date="1997-07-08"/>
  </code>
  <code code="GDIS">
    <editdetail attribution="Reuters BIP Coding Group" action="confirmed" date="1997-07-08"/>
  </code>
  <code code="GWEA">
    <editdetail attribution="Reuters BIP Coding Group" action="confirmed" date="1997-07-08"/>
  </code>
</codes>
<dc element="dc.date.created" value="1997-07-08"/>
<dc element="dc.publisher" value="Reuters Holdings Plc"/>
<dc element="dc.date.published" value="1997-07-08"/>
<dc element="dc.source" value="Reuters"/>
<dc element="dc.creator.location" value="PRAGUE"/>
<dc element="dc.creator.location.country.name" value="CZECH REPUBLIC"/>
<dc element="dc.source" value="Reuters"/>
</metadata>
</newsitem>
