<?xml version="1.0" encoding="iso-8859-1" ?>
<newsitem itemid="712588" id="root" date="1997-07-08" xml:lang="en">
<title>UK: Gunmen torch train in N.Ireland protest.</title>
<headline>Gunmen torch train in N.Ireland protest.</headline>
<dateline>BELFAST 1997-07-08</dateline>
<text>
<p>Masked gunmen boarded a train at Newry station, 40 miles (70 km) south of Belfast on Tuesday afternoon and set it ablaze, police said.</p>
<p>They could not confirm reports that the gang told passengers they were members of the underground Irish Republican Army, which is fighting British rule of Northern Ireland.  </p>
<p>Police said the men left behind plastic bags which were assumed to contain incendiary material and the train caught fire. Passengers were on the train at the time but managed to escape.</p>
<p>The train was thought to be operated by Ireland's state CIE railway company which operates trains between the Irish capital, Dublin and Belfast.</p>
<p>It was the latest act of violence since protests erupted over the routing of a Protestant Orange Order parade through a Catholic part of Portadown on Sunday.</p>
</text>
<copyright>(c) Reuters Limited 1997</copyright>
<metadata>
<codes class="bip:countries:1.0">
  <code code="UK">
    <editdetail attribution="Reuters BIP Coding Group" action="confirmed" date="1997-07-08"/>
  </code>
</codes>
<codes class="bip:topics:1.0">
  <code code="GCAT">
    <editdetail attribution="Reuters BIP Coding Group" action="confirmed" date="1997-07-08"/>
  </code>
  <code code="GVIO">
    <editdetail attribution="Reuters BIP Coding Group" action="confirmed" date="1997-07-08"/>
  </code>
</codes>
<dc element="dc.date.created" value="1997-07-08"/>
<dc element="dc.publisher" value="Reuters Holdings Plc"/>
<dc element="dc.date.published" value="1997-07-08"/>
<dc element="dc.source" value="Reuters"/>
<dc element="dc.creator.location" value="BELFAST"/>
<dc element="dc.creator.location.country.name" value="UK"/>
<dc element="dc.source" value="Reuters"/>
</metadata>
</newsitem>
