<?xml version="1.0" encoding="iso-8859-1" ?>
<newsitem itemid="712550" id="root" date="1997-07-08" xml:lang="en">
<title>UK: Eurobonds see NTT in yen, Canada in dollars.</title>
<headline>Eurobonds see NTT in yen, Canada in dollars.</headline>
<dateline>LONDON 1997-07-08</dateline>
<text>
<p>Activity in the Eurobond market was brisk on Tuesday, with the main deals a 100 billion yen 10-year bond by NTT and a $1.0 billion five-year global for Canada.</p>
<p>NTT sparked controversy by choosing two U.S. securities firms to underwrite its deal, the first liquid Euroyen issue to surface this year.</p>
<p>The deal was priced at four b.p. over 194 JGBs, which bankers said was on the tight side.</p>
<p>&quot;We would have liked to have seen an extra five to 10 b.p. of spread to attract investors to this corporate deal,&quot; a trader at a Japanese bank said.</p>
<p>&quot;So far, the major investment funds are waiting to buy the deal until the spread widens,&quot; he said.</p>
<p>But lead managers Merrill Lynch and Morgan Stanley reported strong demand, and said they had already sold most of their bonds. An official at Morgan Stanley said the spread was unlikely to widen, and could even tighten.</p>
<p>Bankers elsewhere said the leads were committed to maintainig the launch spread.</p>
<p>In dollars, Canada's $1.0 billion five-year global bond was well-received, giving investors a rare chance to buy a liquid sovereign deal.</p>
<p>Bankers said the eight b.p. launch spread did not leave any room for tightening, but the deal was nevertheless well-bid.</p>
<p>On the emerging market side the main deals were a $200 million five-year bond for Lithuania and a $200 million three-year bond for Russian commercial bank SBS-Agro.</p>
<p>SBS-Agro is the first such borrower to issue a fixed-rate Eurobond -- so far supply from Russia has been restricted to sovereign and municipality issues.</p>
<p>First launched for $150 million, the deal was increased to $200 million during the morning session.</p>
<p>An official at lead manager J.P. Morgan said the deal was twice oversubscribed, which bodes well for other Russian banks eyeing the market. He said the funds were raised more cheaply than those available in the syndicated loan market.</p>
<p>This month alone two deals are expected -- one for Alfa-Bank and one for Uneximbank -- both of which are currently holding investor presentations in Europe.</p>
<p>-- Aline van Duyn, London Newsroom +44 171 542 7748</p>
</text>
<copyright>(c) Reuters Limited 1997</copyright>
<metadata>
<codes class="bip:countries:1.0">
  <code code="CANA">
    <editdetail attribution="Reuters BIP Coding Group" action="confirmed" date="1997-07-08"/>
  </code>
  <code code="JAP">
    <editdetail attribution="Reuters BIP Coding Group" action="confirmed" date="1997-07-08"/>
  </code>
  <code code="UK">
    <editdetail attribution="Reuters BIP Coding Group" action="confirmed" date="1997-07-08"/>
  </code>
</codes>
<codes class="bip:topics:1.0">
  <code code="M12">
    <editdetail attribution="Reuters BIP Coding Group" action="confirmed" date="1997-07-08"/>
  </code>
  <code code="MCAT">
    <editdetail attribution="Reuters BIP Coding Group" action="confirmed" date="1997-07-08"/>
  </code>
</codes>
<dc element="dc.date.created" value="1997-07-08"/>
<dc element="dc.publisher" value="Reuters Holdings Plc"/>
<dc element="dc.date.published" value="1997-07-08"/>
<dc element="dc.source" value="Reuters"/>
<dc element="dc.creator.location" value="LONDON"/>
<dc element="dc.creator.location.country.name" value="UK"/>
<dc element="dc.source" value="Reuters"/>
</metadata>
</newsitem>
