<?xml version="1.0" encoding="iso-8859-1" ?>
<newsitem itemid="712568" id="root" date="1997-07-08" xml:lang="en">
<title>UK: North Sea wet market active, prompt spreads firmer.</title>
<headline>North Sea wet market active, prompt spreads firmer.</headline>
<dateline>LONDON 1997-07-08</dateline>
<text>
<p>North Sea physical markets saw active trade on a couple of sweet grades on Tuesday with differentials edging up a few cents, traders said.</p>
<p>Ekofisk saw between two and four cargoes move over the day. The two deals which were confirmed were at Dated Brent +15 and +16 cents. Regular Ekofisk buyers said they saw no further July Ekofisks for sale. Two Oseberg cargoes traded, one confirmed at Dated Brent +20 cents.</p>
<p>No Brent trade was reported and the market remained at August +5/+15 cents with sellers holding out for one buyer who is thought to need a further three cargoes to fill a last decade July VLCC loader destined for the U.S.</p>
<p>The single Brent cargo in today's paper chains was kept before the five o'clock deadline by traders Aron.</p>
<p>On the paper market action concentrated on the Aug/Sept which moved up to six times between -11 and -9 cents. Late talk put the spread at -10/-9 cents and the Sep/Oct -15/-13 cents.</p>
<p>The only CFD reported was a July 14-25 at a strong Sept -22 cents. Late talk put next weeks (July 14-18) at Sept -24/-20 cents with the July 21-25 week at Sept -27/-23 cents.</p>
<p>Traders said availabilities were tight but said that field maintenance in August which will result in reduced North Sea output was already factored into the market.</p>
<p>&quot;Everyone is aware of what August will bring but the whole thing depends on Iraq - totally on Iraq,&quot; one said.</p>
<p>&quot;We know Iraqi crude will come onto the market in August but the question of when in August and how much are still to be answered,&quot; another added.</p>
<p>A U.N. official said on Tuesday they hope to receive the Iraqi food distribution plan by 2000 GMT.</p>
<p>--Siobhan Hayden, London Newsroom +44 171 542 8978</p>
</text>
<copyright>(c) Reuters Limited 1997</copyright>
<metadata>
<codes class="bip:countries:1.0">
  <code code="UK">
    <editdetail attribution="Reuters BIP Coding Group" action="confirmed" date="1997-07-08"/>
  </code>
</codes>
<codes class="bip:topics:1.0">
  <code code="M14">
    <editdetail attribution="Reuters BIP Coding Group" action="confirmed" date="1997-07-08"/>
  </code>
  <code code="M143">
    <editdetail attribution="Reuters BIP Coding Group" action="confirmed" date="1997-07-08"/>
  </code>
  <code code="MCAT">
    <editdetail attribution="Reuters BIP Coding Group" action="confirmed" date="1997-07-08"/>
  </code>
</codes>
<dc element="dc.date.created" value="1997-07-08"/>
<dc element="dc.publisher" value="Reuters Holdings Plc"/>
<dc element="dc.date.published" value="1997-07-08"/>
<dc element="dc.source" value="Reuters"/>
<dc element="dc.creator.location" value="LONDON"/>
<dc element="dc.creator.location.country.name" value="UK"/>
<dc element="dc.source" value="Reuters"/>
</metadata>
</newsitem>
