<?xml version="1.0" encoding="iso-8859-1" ?>
<newsitem itemid="712570" id="root" date="1997-07-08" xml:lang="en">
<title>UK: NWE fuel oil barges, low sulphur cargoes softer.</title>
<headline>NWE fuel oil barges, low sulphur cargoes softer.</headline>
<dateline>LONDON 1997-07-08</dateline>
<text>
<p>European high sulphur fuel oil barges closed steady on Tuesday with demand said to have improved from Monday, while low sulphur was said to have traded lower with weaker swaps.</p>
<p>High sulphur barges were unchanged from their earlier trading level of $85/$85.50 fob Rotterdam for RMG material and $86 for running refinery material -- all within Monday's trading range.</p>
<p>But demand was better than on Monday.</p>
<p>&quot;Demand was reasonable, some 20,000 tonnes done today, which is a lot better than yesterday,&quot; one trader said.</p>
<p>Bunkers were traded at $87.50/$88 delivered for 380 cst material and 180 cst fetched some $5 higher.</p>
<p>No deals were heard in low sulphur barges, which continued last week's trend, offered at $97, with buyers $2 lower.</p>
<p>High sulphur cargoes continued to be offered steady at about $84/$85 cif with buyers at $81/$82, after swaps rose slightly over Monday's close.</p>
<p>But traders said one &quot;problematic cargo&quot; of high sulphur lower grade cracked material was on offer at $81 cif with bids no better than $79 cif.</p>
</text>
<copyright>(c) Reuters Limited 1997</copyright>
<metadata>
<codes class="bip:countries:1.0">
  <code code="UK">
    <editdetail attribution="Reuters BIP Coding Group" action="confirmed" date="1997-07-08"/>
  </code>
</codes>
<codes class="bip:topics:1.0">
  <code code="M14">
    <editdetail attribution="Reuters BIP Coding Group" action="confirmed" date="1997-07-08"/>
  </code>
  <code code="M143">
    <editdetail attribution="Reuters BIP Coding Group" action="confirmed" date="1997-07-08"/>
  </code>
  <code code="MCAT">
    <editdetail attribution="Reuters BIP Coding Group" action="confirmed" date="1997-07-08"/>
  </code>
</codes>
<dc element="dc.date.created" value="1997-07-08"/>
<dc element="dc.publisher" value="Reuters Holdings Plc"/>
<dc element="dc.date.published" value="1997-07-08"/>
<dc element="dc.source" value="Reuters"/>
<dc element="dc.creator.location" value="LONDON"/>
<dc element="dc.creator.location.country.name" value="UK"/>
<dc element="dc.source" value="Reuters"/>
</metadata>
</newsitem>
