<?xml version="1.0" encoding="iso-8859-1" ?>
<newsitem itemid="712521" id="root" date="1997-07-08" xml:lang="en">
<title>CZECH REPUBLIC: CZECH EUROTEL SEES $400 MLN BANK CREDIT SOON.</title>
<headline>CZECH EUROTEL SEES $400 MLN BANK CREDIT SOON.</headline>
<dateline>PRAGUE 1997-07-08</dateline>
<text>
<p>EuroTel Praha s.r.o., a Czech-U.S. mobile telephone venture, said on Tuesday that it was in the final stages of negotiations with banks over $400 million in credit to provide operational capital and investment.</p>
<p>&quot;There has been great interest in financing from the banks, and we expect to get a very competitive rate,&quot; EuroTel chief executive Mac Allman told Reuters. &quot;We are in the process of negotiations and we hope in the next 30 days to reach an agreement and make an announcement.&quot;  </p>
<p>He declined to give further details over which banks were involved in the talks, but said the credit would be short-term.</p>
<p>EuroTel is majority owned by Czech fixed line monopoly SPT Telecom a.s. , with a U.S. consortium comprised of U.S West Media Group and Bell Atlantic International holding a 49 percent stake.</p>
<p>Allman said that EuroTel expected get cheaper financing for their short-term credit than SPT has received for longer-term loans.</p>
<p>SPT last summer was granted a five-year $750 million syndicated credit from Chase Investment Bank and Citibank at 25 basis points over the London Interbank Offered Rate (LIBOR).</p>
<p>EuroTel officials said on Tuesday that its client base had grown to over 250,000 and it had an 80 percent market share for its digital GSM service.</p>
<p>The company launched its digital service last year, after having a monopoly on NMT analogue service since the early 1990's.</p>
<p>Its only competitor for GSM is a Czech-German joint venture, Radiomobil a.s., managed by DeTeMobil, the mobile phone unit of Deutsce Telekom AG .</p>
<p>-- Prague Newsroom, 420-2-2423-0003</p>
</text>
<copyright>(c) Reuters Limited 1997</copyright>
<metadata>
<codes class="bip:countries:1.0">
  <code code="CZREP">
    <editdetail attribution="Reuters BIP Coding Group" action="confirmed" date="1997-07-08"/>
  </code>
</codes>
<codes class="bip:industries:1.0">
  <code code="I79020">
    <editdetail attribution="Reuters BIP Coding Group" action="confirmed" date="1997-07-08"/>
  </code>
</codes>
<codes class="bip:topics:1.0">
  <code code="C17">
    <editdetail attribution="Reuters BIP Coding Group" action="confirmed" date="1997-07-08"/>
  </code>
  <code code="C173">
    <editdetail attribution="Reuters BIP Coding Group" action="confirmed" date="1997-07-08"/>
  </code>
  <code code="CCAT">
    <editdetail attribution="Reuters BIP Coding Group" action="confirmed" date="1997-07-08"/>
  </code>
</codes>
<dc element="dc.date.created" value="1997-07-08"/>
<dc element="dc.publisher" value="Reuters Holdings Plc"/>
<dc element="dc.date.published" value="1997-07-08"/>
<dc element="dc.source" value="Reuters"/>
<dc element="dc.creator.location" value="PRAGUE"/>
<dc element="dc.creator.location.country.name" value="CZECH REPUBLIC"/>
<dc element="dc.source" value="Reuters"/>
</metadata>
</newsitem>
