<?xml version="1.0" encoding="iso-8859-1" ?>
<newsitem itemid="712534" id="root" date="1997-07-08" xml:lang="en">
<title>ESTONIA: BALTIC 30 INDEX UP 0.63 PCT TO 105.82.</title>
<headline>BALTIC 30 INDEX UP 0.63 PCT TO 105.82.</headline>
<dateline>TALLINN 1997-07-08</dateline>
<text>
<p>The Baltic 30 index, the only pan-Baltic index, which is compiled by the three leading business newspapers, rose by 0.63 percent to 105.82 on Monday, Estonia's Aripaev said.</p>
<p>The Baltic 30 index covers the 10 leading stocks from the three Baltic stock markets and is compiled by Aripaev, Lithuania's Verslo Zinios and Latvia's Dienas Bizness.</p>
<p>The index from 100 on May 19.</p>
<p>-- Tallinn newsroom, +372 620 9202/1, reuters@reuters</p>
</text>
<copyright>(c) Reuters Limited 1997</copyright>
<metadata>
<codes class="bip:countries:1.0">
  <code code="BALTST">
    <editdetail attribution="Reuters BIP Coding Group" action="confirmed" date="1997-07-08"/>
  </code>
  <code code="ESTNIA">
    <editdetail attribution="Reuters BIP Coding Group" action="confirmed" date="1997-07-08"/>
  </code>
  <code code="LATV">
    <editdetail attribution="Reuters BIP Coding Group" action="confirmed" date="1997-07-08"/>
  </code>
  <code code="LITH">
    <editdetail attribution="Reuters BIP Coding Group" action="confirmed" date="1997-07-08"/>
  </code>
</codes>
<codes class="bip:topics:1.0">
  <code code="M11">
    <editdetail attribution="Reuters BIP Coding Group" action="confirmed" date="1997-07-08"/>
  </code>
  <code code="MCAT">
    <editdetail attribution="Reuters BIP Coding Group" action="confirmed" date="1997-07-08"/>
  </code>
</codes>
<dc element="dc.date.created" value="1997-07-08"/>
<dc element="dc.publisher" value="Reuters Holdings Plc"/>
<dc element="dc.date.published" value="1997-07-08"/>
<dc element="dc.source" value="Reuters"/>
<dc element="dc.creator.location" value="TALLINN"/>
<dc element="dc.creator.location.country.name" value="ESTONIA"/>
<dc element="dc.source" value="Reuters"/>
</metadata>
</newsitem>
