<?xml version="1.0" encoding="iso-8859-1" ?>
<newsitem itemid="712524" id="root" date="1997-07-08" xml:lang="en">
<title>LITHUANIA: FIVE MLN LITAS BID IN C.BANK'S REPO AUCTION.</title>
<headline>FIVE MLN LITAS BID IN C.BANK'S REPO AUCTION.</headline>
<dateline>VILNIUS 1997-07-08</dateline>
<text>
<p>Lithuania's central bank said on Tuesday that one commercial bank bid five million litas at its third repurchase auction.</p>
<p>&quot;One commercial bank bid five million litas at an annual interest rate of 6.79 percent today,&quot; the deputy head of the central bank's market operations department, Renata Sidoravichiene, told Reuters.</p>
<p>The central bank offered 15 million litas to repurchase government T-bills at a minimum 6.75 percent annual interest rate with seven days maturity, Sidoravichiene said.</p>
<p>The next repo auction is scheduled for August 8.</p>
<p>The introduction of repo auctions is the first stage of the central bank's gradual plan to regain the monetary policy instruments it lost when Lithuania adopted its currency board system in the spring of 1994.</p>
<p>-- Andrius Vilkancas, Vilnius newsroom +370 2 22 35 17</p>
</text>
<copyright>(c) Reuters Limited 1997</copyright>
<metadata>
<codes class="bip:countries:1.0">
  <code code="LITH">
    <editdetail attribution="Reuters BIP Coding Group" action="confirmed" date="1997-07-08"/>
  </code>
</codes>
<codes class="bip:topics:1.0">
  <code code="M13">
    <editdetail attribution="Reuters BIP Coding Group" action="confirmed" date="1997-07-08"/>
  </code>
  <code code="M131">
    <editdetail attribution="Reuters BIP Coding Group" action="confirmed" date="1997-07-08"/>
  </code>
  <code code="MCAT">
    <editdetail attribution="Reuters BIP Coding Group" action="confirmed" date="1997-07-08"/>
  </code>
</codes>
<dc element="dc.date.created" value="1997-07-08"/>
<dc element="dc.publisher" value="Reuters Holdings Plc"/>
<dc element="dc.date.published" value="1997-07-08"/>
<dc element="dc.source" value="Reuters"/>
<dc element="dc.creator.location" value="VILNIUS"/>
<dc element="dc.creator.location.country.name" value="LITHUANIA"/>
<dc element="dc.source" value="Reuters"/>
</metadata>
</newsitem>
