<?xml version="1.0" encoding="iso-8859-1" ?>
<newsitem itemid="712522" id="root" date="1997-07-08" xml:lang="en">
<title>YUGOSLAVIA: PRESS DIGEST - YUGOSLAVIA - JULY 8.</title>
<headline>PRESS DIGEST - YUGOSLAVIA - JULY 8.</headline>
<dateline>BELGRADE 1997-07-08</dateline>
<text>
<p>Here are the highlights of stories in Serbian and Montenegrin press on Tuesday. Reuters has not verified these stories nor does it vouch for their accuracy.</p>
<p>			 -- S E R B I A --</p>
<p>NASA BORBA</p>
<p>- Police blocked municipal assembly evening celebration of the Yugoslav national team victory at the European basketball championship. The federal government organised a celebration earlier in the day.</p>
<p>- Bosnian Serb parliament speaker Dragan Kalinic called Bosnian Serb President Biljana Plavsic to wait for the decision of the constitutional court about the dissolution of the parliament.</p>
<p>- The Bosnian Serb constitutional court will rescind president Plavsic's decision to disband the parliament and she will have to accept a compromise or leave her post, said a Bosnian Serb government source.</p>
<p>- Rains and hail will delay this year's harvest and reduce the yield by 10 to 15 percent, said Srbislav Dencic of the Novi Sad agriculture institute.</p>
<p>- Foreign tourists with hotel vouchers can get Yugoslav visas valid up to 30 days at all border crossings.</p>
<p>- Montenegro puts up for sale majority stakes in another 40 small and medium sized firms.</p>
<p>POLITIKA</p>
<p>- Serbian President Slobodan Milosevic promoted seven Serbian police officers to the rank of general on occasion of Serbia Uprising Day July 7.</p>
<p>- All 7,000 agricultural machines to be exchanged for produce under a programme for renewal of agricultural machinery will be delivered by end of July, said the head of the Commodity Reserve Agency.</p>
<p>- Yugoslavia has to start talks on the trans-Balkan gas pipeline soon, especially with Russia's Gazprom, if it doesn't want the pipeline to bypass it, said technical director of Serbian oil industry NIS Energogas Borivoje Vranic.</p>
<p>- Serbian parliament to continue the debate on the law on local self-government to which over 1,000 amendments were submitted.</p>
<p>GRADJANIN</p>
<p>- Bosnian Serb President Biljana Plavsic is expected appoint a new prime minister and form a government of national salvation by Monday, said a source close to the president.</p>
<p>VECERNJE NOVOSTI</p>
<p>- Bosnian Serb President Biljana Plavsic said Bosnian Serb Army General Staff statement equal to state coup. The Bosnian Serb Army has entered political waters on one side of the conflict, Plavsic says.</p>
<p>- Bosnian Moslem authorities still holding 240 Serbs in prison camps in Zenica, Pepelari and Begov Han, writes Doboj paper Svitanja, quoting Serb sources in Zenica.</p>
<p>- &quot;We are not interested in the interpretations of others,&quot; Bosnian Serb Major-General Petar Colic says in comment to Novosti on crisis in the Bosnian Serb leadership.</p>
<p>- Montenegrin parliament to discuss government changes. Major reconstruction of the government expected in the fall.</p>
<p>- Begej shipyard of Zrenjanin launches vessel for German company.</p>
<p>- Fans demolished shop windows, cars in central Belgrade during celebrations of Yugoslavia's victory in European Basketball Championship. Police arrest 95 hooligans.</p>
<p>		 -- M O N T E N E G R O --</p>
<p>POBJEDA</p>
<p>- Montenegro television board of directors appointed Milorad Djurkovic, a sports commentator, as the new acting editor in chief.</p>
<p>- Fifty eight members of the Democratic Party of Socialists main board, including all three deputy chairmen, asked president Momir Bulatovic to convene a main board session on July 11 to discuss the nomination of a DPS candidate for presidential elections in the republic.</p>
<p>- The Friedrich Ebert foundation and the German Information centre will open their offices in Podgorica soon, according to the Montenegrin Information Ministry. -- Belgrade newsroom +381 11 311 4305</p>
</text>
<copyright>(c) Reuters Limited 1997</copyright>
<metadata>
<codes class="bip:countries:1.0">
  <code code="YUG">
    <editdetail attribution="Reuters BIP Coding Group" action="confirmed" date="1997-07-08"/>
  </code>
</codes>
<codes class="bip:topics:1.0">
  <code code="GCAT">
    <editdetail attribution="Reuters BIP Coding Group" action="confirmed" date="1997-07-08"/>
  </code>
</codes>
<dc element="dc.date.created" value="1997-07-08"/>
<dc element="dc.publisher" value="Reuters Holdings Plc"/>
<dc element="dc.date.published" value="1997-07-08"/>
<dc element="dc.source" value="Reuters"/>
<dc element="dc.creator.location" value="BELGRADE"/>
<dc element="dc.creator.location.country.name" value="YUGOSLAVIA"/>
<dc element="dc.source" value="Reuters"/>
</metadata>
</newsitem>
