<?xml version="1.0" encoding="iso-8859-1" ?>
<newsitem itemid="712549" id="root" date="1997-07-08" xml:lang="en">
<title>UK: Marston to open 50 Pitcher &amp; Piano by 2000.</title>
<headline>Marston to open 50 Pitcher &amp; Piano by 2000.</headline>
<byline>Tim Farrand</byline>
<dateline>LONDON 1997-07-08</dateline>
<text>
<p>Brewer and pub owner Marston, Thompson &amp; Evershed Plc plans to expand its chain of &quot;Pitcher and Piano&quot; bars to 50 from 10 by the year 2000, chairman Michael Hurdle said in an interview on Tuesday.</p>
<p>Pitcher and Piano achieved average sales per outlet of 20,600 stg per week and for the nine months of ownership contributed 1.4 million stg in profits before central costs of 0.5 million.</p>
<p>Analysts said the future growth of the company depends on its skills as a retailer and a test of this will be its ability to roll out more Pitcher and Piano bars. Brewing now accounts for only 10 percent of group profits.</p>
<p>The company added three Pitcher and Piano bars in the year to March 29, 1997 and plans to add nine more in the current financial year, said Hurdle.</p>
<p>&quot;It's not just about site numbers but the size of the sites we are adding,&quot; said Hurdle.</p>
<p>The investment community criticised Marston in June 1996, for paying as much as 20 million stg for seven inner London Pitcher and Piano bars.</p>
<p>Earlier, Marston reported an 8.2 percent rise in its pre-tax profits to 29.5 million stg in the year to March 29, 1997. The group owns 245 managed pubs and 625 tenanted houses. Its retail division profits grew 17.5 percent to 18.4 million in the year.</p>
<p>Hurdle said there is currently a &quot;feelgood factor&quot; among consumers, which has contributed to an encouraging start to the current financial year.</p>
<p>&quot;There is a delay in the budget starting to bite. The pain is yet to come. I think the customer on the high street hasn't had a bucket of cold water,&quot; said Hurdle.</p>
<p>Chancellor Gordon Brown announced his budget on July 2, which many economists think failed to quell consumer spending, leaving the central bank to tighten fiscal policy.</p>
<p>Marston shares bucked the general trend in the brewing sector on Tuesday to rise 7p to 276p near the close. Scottish and Newcastle Plc shares were down 3p at 690 while Whitbread Plc fell 14p to 785. Shares in Bass Plc were off 3p at 768.</p>
<p>--  London newsroom +44 171 542 6437</p>
</text>
<copyright>(c) Reuters Limited 1997</copyright>
<metadata>
<codes class="bip:countries:1.0">
  <code code="UK">
    <editdetail attribution="Reuters BIP Coding Group" action="confirmed" date="1997-07-08"/>
  </code>
</codes>
<codes class="bip:industries:1.0">
  <code code="I42700">
    <editdetail attribution="Reuters BIP Coding Group" action="confirmed" date="1997-07-08"/>
  </code>
</codes>
<codes class="bip:topics:1.0">
  <code code="C11">
    <editdetail attribution="Reuters BIP Coding Group" action="confirmed" date="1997-07-08"/>
  </code>
  <code code="C24">
    <editdetail attribution="Reuters BIP Coding Group" action="confirmed" date="1997-07-08"/>
  </code>
  <code code="CCAT">
    <editdetail attribution="Reuters BIP Coding Group" action="confirmed" date="1997-07-08"/>
  </code>
</codes>
<dc element="dc.date.created" value="1997-07-08"/>
<dc element="dc.publisher" value="Reuters Holdings Plc"/>
<dc element="dc.date.published" value="1997-07-08"/>
<dc element="dc.source" value="Reuters"/>
<dc element="dc.creator.location" value="LONDON"/>
<dc element="dc.creator.location.country.name" value="UK"/>
<dc element="dc.source" value="Reuters"/>
</metadata>
</newsitem>
