<?xml version="1.0" encoding="iso-8859-1" ?>
<newsitem itemid="712626" id="root" date="1997-07-08" xml:lang="en">
<title>CANADA: Hearing delayed in CWB complaint against railroads.</title>
<headline>Hearing delayed in CWB complaint against railroads.</headline>
<dateline>WINNIPEG 1997-07-08</dateline>
<text>
<p>A hearing to determine whether Canada's two major railways were to blame for a backlog of grain-carrying vessels at Pacific ports earlier this year was delayed, a Canadian Wheat Board spokeswoman said.</p>
<p>The Canadian Transportation Agency, a federal quasi-judicial tribunal, was set to hear 41 submissions on August 11 on the backlog that the CWB says cost it C$15 million in demurrage charges.</p>
<p>But the CTA postponed the hearing to a yet-to-be-determined date after Canadian National Railway Co and CP Rail System filed a suit in Manitoba Court of Queen's Bench, CWB spokeswoman Tracey Bryksa said.</p>
<p>The railways alleged the CWB's external legal council was in a position of conflict of interest.</p>
<p>The railways tried to have the CWB's complaint to the CTA dismissed earlier this year and have maintained that shipment delays were due to heavy snowfall, extreme cold and equipment failure.</p>
<p>About 1.5 million tonnes of wheat sales had to be deferred to the 1997/98 (Aug/July) crop year because of the shipment delays, the CWB has said.</p>
<p>((Gilbert Le Gras, Winnipeg Reuters bureau 204 947 3548))</p>
</text>
<copyright>(c) Reuters Limited 1997</copyright>
<metadata>
<codes class="bip:countries:1.0">
  <code code="CANA">
    <editdetail attribution="Reuters BIP Coding Group" action="confirmed" date="1997-07-08"/>
  </code>
</codes>
<codes class="bip:industries:1.0">
  <code code="I01001">
    <editdetail attribution="Reuters BIP Coding Group" action="confirmed" date="1997-07-08"/>
  </code>
  <code code="I0100132">
    <editdetail attribution="Reuters BIP Coding Group" action="confirmed" date="1997-07-08"/>
  </code>
  <code code="I71000">
    <editdetail attribution="Reuters BIP Coding Group" action="confirmed" date="1997-07-08"/>
  </code>
  <code code="I83960">
    <editdetail attribution="Reuters BIP Coding Group" action="confirmed" date="1997-07-08"/>
  </code>
</codes>
<codes class="bip:topics:1.0">
  <code code="C12">
    <editdetail attribution="Reuters BIP Coding Group" action="confirmed" date="1997-07-08"/>
  </code>
  <code code="CCAT">
    <editdetail attribution="Reuters BIP Coding Group" action="confirmed" date="1997-07-08"/>
  </code>
  <code code="GCAT">
    <editdetail attribution="Reuters BIP Coding Group" action="confirmed" date="1997-07-08"/>
  </code>
  <code code="GCRIM">
    <editdetail attribution="Reuters BIP Coding Group" action="confirmed" date="1997-07-08"/>
  </code>
</codes>
<dc element="dc.date.created" value="1997-07-08"/>
<dc element="dc.publisher" value="Reuters Holdings Plc"/>
<dc element="dc.date.published" value="1997-07-08"/>
<dc element="dc.source" value="Reuters"/>
<dc element="dc.creator.location" value="WINNIPEG"/>
<dc element="dc.creator.location.country.name" value="CANADA"/>
<dc element="dc.source" value="Reuters"/>
</metadata>
</newsitem>
