<?xml version="1.0" encoding="iso-8859-1" ?>
<newsitem itemid="712682" id="root" date="1997-07-08" xml:lang="en">
<title>KENYA: Political tension seen threatening Kenyan economy.</title>
<headline>Political tension seen threatening Kenyan economy.</headline>
<byline>Buchizya Mseteka</byline>
<dateline>NAIROBI 1997-07-08</dateline>
<text>
<p>The acid test for Kenya in the run-up to elections this year will be whether it reins in political tension and rekindles fast evaporating investor confidence, economic analysts said on Tuesday.</p>
<p>They were speaking a day after an outbreak of the worst political violence since pluralist politics were introduced in 1991.</p>
<p>Monday's political clashes, reminiscent of the torid election period in 1992, left up to 10 people dead and scores injured and hospitalised across Kenya.</p>
<p>Financial analysts feared that gains in Kenya's economy -- largely due to economic reforms -- could be wiped away by the volatile political climate.</p>
<p>Kenya has forecast economic growth at 4.0 percent in 1997 compared to 4.6 percent in 1996 and 4.8 perfcent in 1995. That compared to no growth in the 1991 to 1992 period.</p>
<p>Inflation is forecast in single digits compared to around 101 percent through most of 1992.</p>
<p>Kenya's opposition, usually divided on ethnic, ideological and personal lines, has found a fragile cohesion in its campaign for constitutional reforms before elections later this year.</p>
<p>The confrontation between the opposition and Kenyan President Daniel arap Moi seems likely to continue and the hardline standoff is getting investors running scared.</p>
<p>Market indicators showed swift response on Monday.</p>
<p>The Nairobi stock exchange index edged up 17.46 points but traded volume fell to the year's low at 5.1 billion shillings on 140,382 shares.</p>
<p>An executive at a multi-national corporation added: &quot;This (violence) is a double blow. Firstly because the message we are getting is that instability is here to stay unless reforms are carried out.</p>
<p>&quot;Secondly a stronger message to investors and business houses is that the government is losing control or is not even in control,&quot; he said.</p>
<p>Western donors, who underwrite lifeblood aid amounting to over $900 million a year to the region's economic and diplomatic engine, are also begining to rethink.</p>
<p>The United States ambassador, Prudence Bushnell, told a university forum on Monday that Kenya has not fulfilled its promise as a bright hope of democracy. The envoy said elements by which polls could be viewed as free and fair were not in place.</p>
<p>&quot;The fact that Kenyans must witness once again pre-election confrontations indicates that persistent and serious problems still exist in the transition to full democracy,&quot; she said.</p>
<p>But economic experts said what was more worrying was that the political temperature was rising just as the International Monetary Fund (IMF) was closing in on Moi's government because of concerns about its handling of a multi-million dollar financial scandal.</p>
<p>The IMF has delayed the release of a $36 million loan to Kenya.</p>
<p>The Fund has also given the government until the end of July to respond to its concerns or face the potential suspension of its Enhanced Structual Adjustment Facility loan agreement.</p>
<p>The delay in disbursement of the loan -- it had originally been slated for approval at the end of last month -- was a blow to Moi at a time of mounting protests inside Kenya against his rule.</p>
<p>&quot;The political confrontation could not have come at a wrong time for Moi. IMF certification is very important, actually it is the lifeblood for any Third World country and what donors and the business is hearing from the IMF is not good news,&quot; said a senior government economist.</p>
<p>&quot;Yesterday's (Monday) political fiasco is dreadful public relations for the country. It is bound to impact negatively on the economy. My business relies on law and order and I am concerned at what is happening,&quot; said a leading manufacturer.</p>
<p>But leading stock broker and investment manager John Munge cast a positive view.</p>
<p>&quot;This is an election year and there is bound to be tension but I do not think it will get out hand,&quot; said Munge.</p>
</text>
<copyright>(c) Reuters Limited 1997</copyright>
<metadata>
<codes class="bip:countries:1.0">
  <code code="KENYA">
    <editdetail attribution="Reuters BIP Coding Group" action="confirmed" date="1997-07-08"/>
  </code>
</codes>
<codes class="bip:topics:1.0">
  <code code="E11">
    <editdetail attribution="Reuters BIP Coding Group" action="confirmed" date="1997-07-08"/>
  </code>
  <code code="E12">
    <editdetail attribution="Reuters BIP Coding Group" action="confirmed" date="1997-07-08"/>
  </code>
  <code code="ECAT">
    <editdetail attribution="Reuters BIP Coding Group" action="confirmed" date="1997-07-08"/>
  </code>
  <code code="GCAT">
    <editdetail attribution="Reuters BIP Coding Group" action="confirmed" date="1997-07-08"/>
  </code>
  <code code="GPOL">
    <editdetail attribution="Reuters BIP Coding Group" action="confirmed" date="1997-07-08"/>
  </code>
  <code code="GVIO">
    <editdetail attribution="Reuters BIP Coding Group" action="confirmed" date="1997-07-08"/>
  </code>
</codes>
<dc element="dc.date.created" value="1997-07-08"/>
<dc element="dc.publisher" value="Reuters Holdings Plc"/>
<dc element="dc.date.published" value="1997-07-08"/>
<dc element="dc.source" value="Reuters"/>
<dc element="dc.creator.location" value="NAIROBI"/>
<dc element="dc.creator.location.country.name" value="KENYA"/>
<dc element="dc.source" value="Reuters"/>
</metadata>
</newsitem>
