<?xml version="1.0" encoding="iso-8859-1" ?>
<newsitem itemid="712653" id="root" date="1997-07-08" xml:lang="en">
<title>KENYA: Rwanda says 20 people massacred by suspected Hutus.</title>
<headline>Rwanda says 20 people massacred by suspected Hutus.</headline>
<dateline>NAIROBI 1997-07-08</dateline>
<text>
<p>Suspected Hutu militiamen massacred 20 people including a school headmaster, his wife and children in two attacks in central Rwanda, the state Rwanda news agency said on Tuesday.</p>
<p>The agency, monitored by the British Broadcasting Corporation, said suspected Interahamwe militiamen, who played a leading role in Rwanda's 1994 genocide, struck in Nyakabanda commune.</p>
<p>They killed the headmaster of a secondary school, his wife and children before going on a rampage and killing other people who had encouraged local residents to collaborate with security forces, it said.</p>
<p>It added a total of 17 people were killed at Nyakabanda commune last Saturday and a further three were slaughtered in Mushubati commune on Friday night by another gang of militiamen.</p>
<p>It said security forces in Gitarama prefecture were hunting the killers and recently 30 infiltrators who had fled army operations in the north and northwest of Rwanda were captured by Nyakabanda residents.</p>
<p>The Rwandan government says the Hutu militiamen were among more than a million Rwandan Hutu refugees who have returned to their homeland from the former Zaire and Tanzania since last year.</p>
<p>Human rights groups have said the government's Rwanda Patriotic Army has killed civilians in reprisal attacks and during hunts for insurgents, which have concentrated in the northwest.</p>
<p>An estimated 800,000 members of the Tutsi minority and Hutu moderates were slaughtered in three months of genocide across the Central African country 1994 by Hutu troops, mobs and militiamen.</p>
</text>
<copyright>(c) Reuters Limited 1997</copyright>
<metadata>
<codes class="bip:countries:1.0">
  <code code="RWANDA">
    <editdetail attribution="Reuters BIP Coding Group" action="confirmed" date="1997-07-08"/>
  </code>
</codes>
<codes class="bip:topics:1.0">
  <code code="GCAT">
    <editdetail attribution="Reuters BIP Coding Group" action="confirmed" date="1997-07-08"/>
  </code>
  <code code="GVIO">
    <editdetail attribution="Reuters BIP Coding Group" action="confirmed" date="1997-07-08"/>
  </code>
</codes>
<dc element="dc.date.created" value="1997-07-08"/>
<dc element="dc.publisher" value="Reuters Holdings Plc"/>
<dc element="dc.date.published" value="1997-07-08"/>
<dc element="dc.source" value="Reuters"/>
<dc element="dc.creator.location" value="NAIROBI"/>
<dc element="dc.creator.location.country.name" value="KENYA"/>
<dc element="dc.source" value="Reuters"/>
</metadata>
</newsitem>
