<?xml version="1.0" encoding="iso-8859-1" ?>
<newsitem itemid="712696" id="root" date="1997-07-08" xml:lang="en">
<title>MAURITIUS: Mauritius rupee weakens vs dollar, steady on pound.</title>
<headline>Mauritius rupee weakens vs dollar, steady on pound.</headline>
<dateline>PORT LOUIS 1997-07-08</dateline>
<text>
<p>The Mauritian rupee was weaker against the dollar and steady against the pound sterling on Tuesday, reflecting both international trends and local market conditions, foreign exchange dealers said.</p>
<p>The rupee was quoted at a commercial mean rate of 20.9575 to the dollar from 20.9325 on Monday, and at 35.344 to the pound from 35.354.</p>
</text>
<copyright>(c) Reuters Limited 1997</copyright>
<metadata>
<codes class="bip:countries:1.0">
  <code code="MAURTS">
    <editdetail attribution="Reuters BIP Coding Group" action="confirmed" date="1997-07-08"/>
  </code>
</codes>
<codes class="bip:topics:1.0">
  <code code="M13">
    <editdetail attribution="Reuters BIP Coding Group" action="confirmed" date="1997-07-08"/>
  </code>
  <code code="M132">
    <editdetail attribution="Reuters BIP Coding Group" action="confirmed" date="1997-07-08"/>
  </code>
  <code code="MCAT">
    <editdetail attribution="Reuters BIP Coding Group" action="confirmed" date="1997-07-08"/>
  </code>
</codes>
<dc element="dc.date.created" value="1997-07-08"/>
<dc element="dc.publisher" value="Reuters Holdings Plc"/>
<dc element="dc.date.published" value="1997-07-08"/>
<dc element="dc.source" value="Reuters"/>
<dc element="dc.creator.location" value="PORT LOUIS"/>
<dc element="dc.creator.location.country.name" value="MAURITIUS"/>
<dc element="dc.source" value="Reuters"/>
</metadata>
</newsitem>
