<?xml version="1.0" encoding="iso-8859-1" ?>
<newsitem itemid="712691" id="root" date="1997-07-08" xml:lang="en">
<title>SOUTH AFRICA: S.African June business confidence index rises.</title>
<headline>S.African June business confidence index rises.</headline>
<dateline>JOHANNESBURG 1997-07-08</dateline>
<text>
<p>The South African Chamber of Business said its business confidence index (1990 = 100) rose by 0.8 percentage points to 114.6 points in June from 113.8 points the previous month and 118.9 a year ago.  </p>
<p>Positive influences on the index included the rise in the value of merchandise exports during the month, lower money market rates and a fall in registered unemployment compared to May.</p>
<p>Negative influences included an increase in the number of insolvencies, a weaker average rand in dollar terms and a fall in the average dollar price of gold.</p>
<p>The index is a composite index which tracks the performance of 13 key economic indicators which have the greatest bearing on the business mood.</p>
<p>-- Johannesburg newsroom +27 11 482 1003</p>
</text>
<copyright>(c) Reuters Limited 1997</copyright>
<metadata>
<codes class="bip:countries:1.0">
  <code code="SAFR">
    <editdetail attribution="Reuters BIP Coding Group" action="confirmed" date="1997-07-08"/>
  </code>
</codes>
<codes class="bip:topics:1.0">
  <code code="E11">
    <editdetail attribution="Reuters BIP Coding Group" action="confirmed" date="1997-07-08"/>
  </code>
  <code code="ECAT">
    <editdetail attribution="Reuters BIP Coding Group" action="confirmed" date="1997-07-08"/>
  </code>
</codes>
<dc element="dc.date.created" value="1997-07-08"/>
<dc element="dc.publisher" value="Reuters Holdings Plc"/>
<dc element="dc.date.published" value="1997-07-08"/>
<dc element="dc.source" value="Reuters"/>
<dc element="dc.creator.location" value="JOHANNESBURG"/>
<dc element="dc.creator.location.country.name" value="SOUTH AFRICA"/>
<dc element="dc.source" value="Reuters"/>
</metadata>
</newsitem>
