<?xml version="1.0" encoding="iso-8859-1" ?>
<newsitem itemid="712667" id="root" date="1997-07-08" xml:lang="en">
<title>SOUTH AFRICA: S.African stock market closing report.</title>
<headline>S.African stock market closing report.</headline>
<dateline>JOHANNESBURG 1997-07-08</dateline>
<text>
<p>South African shares recovered early losses and ended Tuesday in positive territory as golds launched a mini-rally to claw back some of Monday's steep fall, dealers said.</p>
<p>The overall rise was partly inspired by bullion's successful efforts to climb back over the $320 an ounce level and so provide some desperately needed short-term support to the ailing golds index.</p>
<p>But dealers warned gold shares were not out of trouble yet.</p>
<p>&quot;People have been trying to call the bottom for bullion and they might have got this rally right, but there is still some downside to come,&quot; said James Scott, equity marketing manager at Societe Generale Frankel Pollak.</p>
<p>Golds put on 19.8 points, or 2.19 percent, to 923.7 and so recovered about half their Monday losses.</p>
<p>In the wider market encouraging buying from overseas overcame early negative local sentiment and the afternoon saw brisk business after a lacklustre start to the week.</p>
<p>Overall there were 172 shares that headed down, against 184 that posted gains.</p>
<p>About 928 million rands worth of trade changed hands with trade boosted by overseas buying in Coronation &quot;N&quot; shares that saw the stock add 275 cents to 85.50 rand in trade worth 77.65 million rand. Coronation Holdings rose 300 cents to 95.50 rand.</p>
<p>Trade was also boosted by one broker's sale offshore of a basket of blue-chip shares, dealers said.</p>
<p>The all-share index ended up 17.1 points to 7,310.3 as the industrials index added 23.3 points to 8,766.3.</p>
<p>Dealers said the market would probably try and hold the gains on Wednesday after seeing two successive days of heavy selling that had left some stocks looking a touch oversold.</p>
<p>&quot;It shoud try and stick around here,&quot; one dealer said.  </p>
<p>Amongst individual shares to catch the market's eye was a flood of rumours that ignited music to retailing group CNA-Gallo Ltd with speculation that stores firm Pick'n Pay Ltd is in talks to buy it.</p>
<p>CNA-Gallo ended up 54 cents, or 13.99 percent, to 440 cents. Pick'n Pay shares were up 20 cents to match their year high of 720 cents.</p>
<p>Another gainer was media group Sasani Ltd which rallied from some recent heavy losses that have stripped more than 30 percent off the stock's value in the past three weeks.</p>
<p>Sasani finished up nine cents to 96 cents.</p>
<p>Shares in iron and steel producer Iscor Ltd fell to a new 1997 low following reports that it was considering mothballing its Pretoria steel mill, so endangering 1,400 jobs, but later recovered lost ground to end unchanged at 287 cents.</p>
<p>Among falling shares Lenco Holdings Ltd toppled on news that talks with Malbak Ltd had been called off. Lenco dropped 95 cents to 540 cents, while Malbak was unchanged at 690 cents.</p>
<p>In the futures market dealers said there had been some tentative buying into the spot market.</p>
<p>Contracts followed equities up and recovered most of their losses after a shakey early start.</p>
<p>The September all-share contract was last at 6,657/65 from 6,669 as the industrials contract was at 8,495/508 from 8,509. The golds contract was at 642/55 from 634.</p>
<p>-- Paul Harris, Johannesburg newsroom +27 11 482 1003</p>
</text>
<copyright>(c) Reuters Limited 1997</copyright>
<metadata>
<codes class="bip:countries:1.0">
  <code code="SAFR">
    <editdetail attribution="Reuters BIP Coding Group" action="confirmed" date="1997-07-08"/>
  </code>
</codes>
<codes class="bip:topics:1.0">
  <code code="M11">
    <editdetail attribution="Reuters BIP Coding Group" action="confirmed" date="1997-07-08"/>
  </code>
  <code code="MCAT">
    <editdetail attribution="Reuters BIP Coding Group" action="confirmed" date="1997-07-08"/>
  </code>
</codes>
<dc element="dc.date.created" value="1997-07-08"/>
<dc element="dc.publisher" value="Reuters Holdings Plc"/>
<dc element="dc.date.published" value="1997-07-08"/>
<dc element="dc.source" value="Reuters"/>
<dc element="dc.creator.location" value="JOHANNESBURG"/>
<dc element="dc.creator.location.country.name" value="SOUTH AFRICA"/>
<dc element="dc.source" value="Reuters"/>
</metadata>
</newsitem>
