<?xml version="1.0" encoding="iso-8859-1" ?>
<newsitem itemid="712607" id="root" date="1997-07-08" xml:lang="en">
<title>YUGOSLAVIA: MONTENEGRO GOVERNMENT LIST.</title>
<headline>MONTENEGRO GOVERNMENT LIST.</headline>
<text>
<p>MONTENEGRO GOVERNMENT LIST (970708)</p>
<p> President.....................................Momir BULATOVIC</p>
<p>	 (Elected for a five-year term 10 Jan 93)</p>
<p>				  - - - - - - -</p>
<p>GOVERNMENT: (Reshuffled 8 Jun 97)</p>
<p>Prime Minister................................Milo DJUKANOVIC</p>
<p> Deputy Prime Ministers.........................Milutin LAJIC</p>
<p>in charge of privatisation...................Jovan MIHAILOVIC</p>
<p>in charge of economic affairs..................Asim TELACEVIC</p>
<p>   in charge of political system..............Miodrag VUKOVIC</p>
<p>				  - - - - - - -</p>
<p>MINISTERS:</p>
<p> Agriculture, Forestry &amp; Water...............Radivoje RASOVIC</p>
<p> Culture.................................Branislava LIJESEVIC</p>
<p> Ecology......................................Miladin VUKOTIC</p>
<p> Education &amp; Science...........................Dragan KUJOVIC</p>
<p> Energy, Mining &amp; Industry................Miodrag GOMILANOVIC</p>
<p> Finance....................................Predrag GORANOVIC</p>
<p> Foreign Affairs...............................Branko PEROVIC</p>
<p> Health.........................................Miomir MUGOSA</p>
<p> Internal Affairs.............................Filip VUJANOVIC</p>
<p> Justice......................................Dusko LALICEVIC</p>
<p> Labour &amp; Social Protection..................Branimir BOJANIC</p>
<p> Marine &amp; Transport...........................Andrija PERISIC</p>
<p> Religion....................................Slobodan TOMOVIC</p>
<p> Sports......................................Bozidar IVANOVIC</p>
<p> Tourism..........................................Ivo ARMENKO</p>
<p> Trade.........................................Branko VUJOVIC</p>
<p> Urbanism.......................................Radovan BAKIC</p>
<p> Without Portfolio............................Mladen VUKCEVIC</p>
<p> Without Portfolio..........................Slavko STIJEPOVIC</p>
<p> Without Portfolio...........................Franjo DEDVUKALJ</p>
<p> Without Portfolio .............................Rajko MILOVIC</p>
<p> Secretariat for Legislature...............head not appointed</p>
<p> Secretariat for Information..................Bozidar JAREDIC</p>
<p> Secretariat for Development.............Branimir GVOZDENOVIC</p>
<p>				 - - - - - - -</p>
<p> Parliament President........................Svetozar MAROVIC</p>
<p>				 - - - - - - -</p>
<p>	 NOTE: Any comments/queries on the content of this</p>
<p>		 government list, please contact the Reuter</p>
<p>		 Editorial Reference Unit, London, on (171) 542</p>
<p>		 7968.</p>
<p>			(End Government List)</p>
</text>
<copyright>(c) Reuters Limited 1997</copyright>
<metadata>
<codes class="bip:countries:1.0">
  <code code="YUG">
    <editdetail attribution="Reuters BIP Coding Group" action="confirmed" date="1997-07-08"/>
  </code>
</codes>
<codes class="bip:topics:1.0">
  <code code="GCAT">
    <editdetail attribution="Reuters BIP Coding Group" action="confirmed" date="1997-07-08"/>
  </code>
  <code code="GPOL">
    <editdetail attribution="Reuters BIP Coding Group" action="confirmed" date="1997-07-08"/>
  </code>
</codes>
<dc element="dc.publisher" value="Reuters Holdings Plc"/>
<dc element="dc.date.published" value="1997-07-08"/>
<dc element="dc.source" value="Reuters"/>
<dc element="dc.creator.location.country.name" value="YUGOSLAVIA"/>
<dc element="dc.source" value="Reuters"/>
</metadata>
</newsitem>
