<?xml version="1.0" encoding="iso-8859-1" ?>
<newsitem itemid="712683" id="root" date="1997-07-08" xml:lang="en">
<title>SUDAN: Sudan to sell main prison due to overcrowding.</title>
<headline>Sudan to sell main prison due to overcrowding.</headline>
<dateline>KHARTOUM 1997-07-08</dateline>
<text>
<p>Sudan has put its main prison up for sale because of overcrowding, a newspaper said on Tuesday.</p>
<p>The privately owned al-Rai al-Akher said the Ministries of Finance and Internal Affairs were discussing the value of the prison in Khartoum's twin city Ombdurman.</p>
<p>The paper said there were 1,200 inmates and the prison could not handle the increasing numbers.</p>
<p>&quot;This affects the health and environment in the prison and the surrounding area,&quot; it quoted the director of the prison force, Major General al-Shaikh al-Rayah al-Shaikh, as saying.</p>
<p>A recent visit by officials to the prison led to plans to move it to al-Hadi town west of Omdurman, he said.</p>
</text>
<copyright>(c) Reuters Limited 1997</copyright>
<metadata>
<codes class="bip:countries:1.0">
  <code code="SUDAN">
    <editdetail attribution="Reuters BIP Coding Group" action="confirmed" date="1997-07-08"/>
  </code>
</codes>
<codes class="bip:topics:1.0">
  <code code="C18">
    <editdetail attribution="Reuters BIP Coding Group" action="confirmed" date="1997-07-08"/>
  </code>
  <code code="C183">
    <editdetail attribution="Reuters BIP Coding Group" action="confirmed" date="1997-07-08"/>
  </code>
  <code code="CCAT">
    <editdetail attribution="Reuters BIP Coding Group" action="confirmed" date="1997-07-08"/>
  </code>
  <code code="GCAT">
    <editdetail attribution="Reuters BIP Coding Group" action="confirmed" date="1997-07-08"/>
  </code>
  <code code="GCRIM">
    <editdetail attribution="Reuters BIP Coding Group" action="confirmed" date="1997-07-08"/>
  </code>
</codes>
<dc element="dc.date.created" value="1997-07-08"/>
<dc element="dc.publisher" value="Reuters Holdings Plc"/>
<dc element="dc.date.published" value="1997-07-08"/>
<dc element="dc.source" value="Reuters"/>
<dc element="dc.creator.location" value="KHARTOUM"/>
<dc element="dc.creator.location.country.name" value="SUDAN"/>
<dc element="dc.source" value="Reuters"/>
</metadata>
</newsitem>
