<?xml version="1.0" encoding="iso-8859-1" ?>
<newsitem itemid="712618" id="root" date="1997-07-08" xml:lang="en">
<title>CANADA: Daily Canadian spot natgas prices - July 8.</title>
<headline>Daily Canadian spot natgas prices - July 8.</headline>
<text>
<p>DOMESTIC (JULY SALES)		$CDN/GJ		$US/MMBTU</p>
<p>  AECO				  1.52/1.57	     1.19/1.23</p>
<p>  ALBERTA BORDER - EMPRESS	1.54/1.59	     1.20/1.24</p>
<p>EXPORT (JULY SALES)</p>
<p>  SUMAS (HUNTINGDON, BC)	  1.41/1.47	     1.10/1.15</p>
<p>  NIAGARA, ONT			2.89/2.95	     2.26/2.31</p>
<p>NOTE - CANADA, U.S. DOLLAR CONVERSION BASED ON BANK OF CANADA NOON RATE.</p>
</text>
<copyright>(c) Reuters Limited 1997</copyright>
<metadata>
<codes class="bip:countries:1.0">
  <code code="CANA">
    <editdetail attribution="Reuters BIP Coding Group" action="confirmed" date="1997-07-08"/>
  </code>
</codes>
<codes class="bip:topics:1.0">
  <code code="M14">
    <editdetail attribution="Reuters BIP Coding Group" action="confirmed" date="1997-07-08"/>
  </code>
  <code code="M143">
    <editdetail attribution="Reuters BIP Coding Group" action="confirmed" date="1997-07-08"/>
  </code>
  <code code="MCAT">
    <editdetail attribution="Reuters BIP Coding Group" action="confirmed" date="1997-07-08"/>
  </code>
</codes>
<dc element="dc.publisher" value="Reuters Holdings Plc"/>
<dc element="dc.date.published" value="1997-07-08"/>
<dc element="dc.source" value="Reuters"/>
<dc element="dc.creator.location.country.name" value="CANADA"/>
<dc element="dc.source" value="Reuters"/>
</metadata>
</newsitem>
