<?xml version="1.0" encoding="iso-8859-1" ?>
<newsitem itemid="712660" id="root" date="1997-07-08" xml:lang="en">
<title>SOUTH AFRICA: S.Africa rand/bonds closing report.</title>
<headline>S.Africa rand/bonds closing report.</headline>
<dateline>JOHANNESBURG 1997-07-08</dateline>
<text>
<p>The South African rand was charting fresh five-month lows late Tuesday after yielding to a day-long push at the 4.55 level fuelled by offshore dollar demand and nervousness about the gold price.</p>
<p>The rand was last quoted at 4.5500/5530 on the U.S. dollar from 4.5355/5385 late Monday, having earlier hit an intraday worst of 4.5505, a level not seen since February 3.</p>
<p>Dealers said the move through 4.55, prompted by a late bout of offshore dollar demand, had been kept orderly by the Reserve Bank &quot;smoothing&quot; activities.</p>
<p>&quot;I think the central bank's trying to engineer a smooth move up to 4.5600. It seems to to be happy to let it gap up and let it trade sideways for a while,&quot; said one Johannesburg-based foreign exchange dealer.</p>
<p>The market concensus was that 4.56 would be the unit's short-term ceiling but just how far the Reserve Bank would let it go in the longer term was unclear.</p>
<p>&quot;I don't think the bank's actually unhappy given the state of the gold price. They're using a slow, co-ordinated strategy but where it all ends I'm not that sure,&quot; said one dealer.</p>
<p>The rand took little heart from a slight rebound by gold in London dealings, with the yellow metal's upside probably limited after prices slumped to 12-year lows last week.</p>
<p>In cross rate dealings the rand started stronger against the Japanese yen and German mark but weaker against the British pound.</p>
<p>But the unit's strength against the mark faded with it last fetching 0.3860/3864 marks from 0.3842/3845 on Monday. Gains against the yen were also whittled with the rand last at 24.6944/7326 yen from 24.7318/7702.</p>
<p>Against sterling the rand found its lowest point since January 22 during the session recovering only slightly to stand at 7.6931/7028 pounds from 7.6404/6500 before.  </p>
<p>South African gilts had a comparatively frothy session with yields tracking steadily lower on options and eurobond hedging-related demand.</p>
<p>The benchmark R150 bond was last changing hands at 14.110 percent from Monday's 1405 GMT level of 14.195 pct.</p>
<p>&quot;The jobbers were trying to sell it down earlier but then the Americans came in and swept them up. It was pretty messy today, not much volume,&quot; said one bond dealer.</p>
<p>Other dealers said the debt market was likely to get nervous a these levels with the softer rand and weaker U.S. rates looming as negative indicators.</p>
<p>On the money market, three-month NCDs were steady at between 15.65 to 15.70 percent offered, while the 90-day BA rate was also unchanged between 15.25 and 15.10 percent.</p>
<p>The R150 was likely to run into selling between 14.05 and 14.00 percent while upside resistance for Wednesday's session was pegged around 14.20.</p>
<p>On the money market, three-month NCDs were steady at between 15.65 to 15.70 percent offered, while the 90-day BA rate was also unchanged between 15.25 and 15.10 percent.</p>
<p>South Africa's money market shortage rose to 6.284 billion rand on Monday from 5.781 billion rand on Saturday, the Reserve Bank said.</p>
<p>Foreigners were net buyers of 344.25 million rand's worth of bonds on Monday after buying 1,016.37 million rand's worth on Friday, the Bond Exchange said.</p>
<p>Nominal cumulative volumes stood at 5.1 billion rand on Monday.</p>
<p>-- Justin McCamish, Johannesburg newsroom +27 11 482-1003</p>
</text>
<copyright>(c) Reuters Limited 1997</copyright>
<metadata>
<codes class="bip:countries:1.0">
  <code code="SAFR">
    <editdetail attribution="Reuters BIP Coding Group" action="confirmed" date="1997-07-08"/>
  </code>
</codes>
<codes class="bip:topics:1.0">
  <code code="M12">
    <editdetail attribution="Reuters BIP Coding Group" action="confirmed" date="1997-07-08"/>
  </code>
  <code code="M13">
    <editdetail attribution="Reuters BIP Coding Group" action="confirmed" date="1997-07-08"/>
  </code>
  <code code="M132">
    <editdetail attribution="Reuters BIP Coding Group" action="confirmed" date="1997-07-08"/>
  </code>
  <code code="MCAT">
    <editdetail attribution="Reuters BIP Coding Group" action="confirmed" date="1997-07-08"/>
  </code>
</codes>
<dc element="dc.date.created" value="1997-07-08"/>
<dc element="dc.publisher" value="Reuters Holdings Plc"/>
<dc element="dc.date.published" value="1997-07-08"/>
<dc element="dc.source" value="Reuters"/>
<dc element="dc.creator.location" value="JOHANNESBURG"/>
<dc element="dc.creator.location.country.name" value="SOUTH AFRICA"/>
<dc element="dc.source" value="Reuters"/>
</metadata>
</newsitem>
