<?xml version="1.0" encoding="iso-8859-1" ?>
<newsitem itemid="712677" id="root" date="1997-07-08" xml:lang="en">
<title>SOUTH AFRICA: Australia trade minister sees greater SAfrica ties.</title>
<headline>Australia trade minister sees greater SAfrica ties.</headline>
<dateline>DURBAN, South Africa 1997-07-08</dateline>
<text>
<p>Australia's trade minister and deputy prime minister, Tim Fischer, said on Tuesday South Africa's economic policies had boosted foreign investor confidence, which promised increased Australian investment.</p>
<p>Leading a business delegation at the start of a three-day visit to South Africa, Fischer said the economies of the two countries were undergoing a reform process that could bring them closer together.</p>
<p>&quot;The economic reform processes that are actively being pursued in Australia and South Africa present many opportunities for our bilateral relationship,&quot; Fischer told a business function in the east coast port city of Durban.</p>
<p>He said trade was increasing between the two countries at a trend growth rate of 35 percent per annum since 1991.</p>
<p>&quot;Even though Foreign Direct Investment inflows are slow at present, Australian businesses are willing to take the plunge and to participate with you in building a vibrant and prosperous South Africa.&quot;</p>
<p>Australia was also interested in the trade and investment opportunities emerging from trade liberalisation in the southern African economic bloc of the 12-member Southern African Development Community, he said.</p>
<p>Fischer said Australian companies had been opened up to the discipline of international competition by the reduction of Australia's general tariff rate to five percent across a majority of tariff lines.</p>
<p>The private sector had responded strongly and manufacturing and services now accounted for just over half of Australian exports of goods and services, he said.</p>
<p>Australian GDP growth for the 1997-98 financial year is forecast at 3.5 percent, while consumer price inflation is estimated at 1.75 percent compared to one percent for 1996-97.</p>
<p>Fischer will hold talks with South African Trade Minister Alec Erwin on Wednesday and Thursday in Pretoria as part of the first Joint Ministerial Commission.</p>
</text>
<copyright>(c) Reuters Limited 1997</copyright>
<metadata>
<codes class="bip:countries:1.0">
  <code code="AUSTR">
    <editdetail attribution="Reuters BIP Coding Group" action="confirmed" date="1997-07-08"/>
  </code>
  <code code="SAFR">
    <editdetail attribution="Reuters BIP Coding Group" action="confirmed" date="1997-07-08"/>
  </code>
</codes>
<codes class="bip:topics:1.0">
  <code code="E12">
    <editdetail attribution="Reuters BIP Coding Group" action="confirmed" date="1997-07-08"/>
  </code>
  <code code="E51">
    <editdetail attribution="Reuters BIP Coding Group" action="confirmed" date="1997-07-08"/>
  </code>
  <code code="E511">
    <editdetail attribution="Reuters BIP Coding Group" action="confirmed" date="1997-07-08"/>
  </code>
  <code code="ECAT">
    <editdetail attribution="Reuters BIP Coding Group" action="confirmed" date="1997-07-08"/>
  </code>
</codes>
<dc element="dc.date.created" value="1997-07-08"/>
<dc element="dc.publisher" value="Reuters Holdings Plc"/>
<dc element="dc.date.published" value="1997-07-08"/>
<dc element="dc.source" value="Reuters"/>
<dc element="dc.creator.location" value="DURBAN, South Africa"/>
<dc element="dc.creator.location.country.name" value="SOUTH AFRICA"/>
<dc element="dc.source" value="Reuters"/>
</metadata>
</newsitem>
