<?xml version="1.0" encoding="iso-8859-1" ?>
<newsitem itemid="712710" id="root" date="1997-07-08" xml:lang="en">
<title>SOUTH AFRICA: Prebon Yamane in venture with S.Africa's Equisec.</title>
<headline>Prebon Yamane in venture with S.Africa's Equisec.</headline>
<dateline>JOHANNESBURG 1997-07-08</dateline>
<text>
<p>Brokerage Prebon Yamane and South Africa's Equisec said they were forming a joint venture to offer voice-executed screen broking services in rand-based treasury products.</p>
<p>The joint venture, to be called Prebon Equisec, will have to be approved by South Africa's Reserve Bank, the Financial Services Board and the Johannesburg Stock Exchange.</p>
<p>--Johannesburg newsroom -27-11-482.1003</p>
</text>
<copyright>(c) Reuters Limited 1997</copyright>
<metadata>
<codes class="bip:countries:1.0">
  <code code="SAFR">
    <editdetail attribution="Reuters BIP Coding Group" action="confirmed" date="1997-07-08"/>
  </code>
</codes>
<codes class="bip:industries:1.0">
  <code code="I83100">
    <editdetail attribution="Reuters BIP Coding Group" action="confirmed" date="1997-07-08"/>
  </code>
</codes>
<codes class="bip:topics:1.0">
  <code code="C11">
    <editdetail attribution="Reuters BIP Coding Group" action="confirmed" date="1997-07-08"/>
  </code>
  <code code="CCAT">
    <editdetail attribution="Reuters BIP Coding Group" action="confirmed" date="1997-07-08"/>
  </code>
</codes>
<dc element="dc.date.created" value="1997-07-08"/>
<dc element="dc.publisher" value="Reuters Holdings Plc"/>
<dc element="dc.date.published" value="1997-07-08"/>
<dc element="dc.source" value="Reuters"/>
<dc element="dc.creator.location" value="JOHANNESBURG"/>
<dc element="dc.creator.location.country.name" value="SOUTH AFRICA"/>
<dc element="dc.source" value="Reuters"/>
</metadata>
</newsitem>
