<?xml version="1.0" encoding="iso-8859-1" ?>
<newsitem itemid="665373" id="root" date="1997-06-17" xml:lang="en">
<title>CANADA: Bank of Canada 91-day T-bill yields avg 2.856 pct.</title>
<headline>Bank of Canada 91-day T-bill yields avg 2.856 pct.</headline>
<dateline>OTTAWA 1997-06-17</dateline>
<text>
<p>The Bank of Canada said the average yield at this week's auction of C$2.2 billion of 91-day Government of Canada treasury bills due September 18 was 2.856 percent, down from 2.898 percent last week.</p>
<p>The average yield on C$1.1 billion of 182-day T-bills due December 18, 1997 was 3.194 percent, down from 3.325 percent last week, and on C$1.0 billion of 357-day T-bills due June 11, 1998 was 3.603 percent, down from 3.807 percent.</p>
<p>The Bank bought C$600 million three-month, C$100 million six-month and C$100 million one-year bills. It holds C$750 million of C$5.7 billion bills due June 26. (Details follow)  </p>
<p> 3-MO 2.20 BLN DUE 09/18/97   * 6-MO 1.10 BLN DUE 12/18/97</p>
<p>	YIELD  PRICE		*	YIELD  PRICE</p>
<p>AVG  2.856  99.29299  PCT AT * AVG  3.194  98.43234  PCT AT  LO   2.840  99.29692  HI YLD * LO   3.187  98.43572  HI YLD</p>
<p> HI   2.860  99.29201  61.428 * HI   3.210  98.42461  13.333</p>
<p> 1-YR 1.00 BLN DUE 06/11/98   *----NEXT WEEK-----------------</p>
<p> AVG  3.603  96.59593  PCT AT *   3-MO DUE 09/25/97 2.30 BLN</p>
<p> LO   3.575  96.62149  HI YLD *   6-MO DUE 12/18/97 1.10 BLN</p>
<p> HI   3.618  96.58224  96.076 *   1-YR DUE 06/25/98 1.10 BLN</p>
<p> AMT MAT 06/26/97 -- 5.70 BLN *		TOTAL -  4.50 BLN</p>
</text>
<copyright>(c) Reuters Limited 1997</copyright>
<metadata>
<codes class="bip:countries:1.0">
  <code code="CANA">
    <editdetail attribution="Reuters BIP Coding Group" action="confirmed" date="1997-06-17"/>
  </code>
</codes>
<codes class="bip:topics:1.0">
  <code code="M13">
    <editdetail attribution="Reuters BIP Coding Group" action="confirmed" date="1997-06-17"/>
  </code>
  <code code="M131">
    <editdetail attribution="Reuters BIP Coding Group" action="confirmed" date="1997-06-17"/>
  </code>
  <code code="MCAT">
    <editdetail attribution="Reuters BIP Coding Group" action="confirmed" date="1997-06-17"/>
  </code>
</codes>
<dc element="dc.date.created" value="1997-06-17"/>
<dc element="dc.publisher" value="Reuters Holdings Plc"/>
<dc element="dc.date.published" value="1997-06-17"/>
<dc element="dc.source" value="Reuters"/>
<dc element="dc.creator.location" value="OTTAWA"/>
<dc element="dc.creator.location.country.name" value="CANADA"/>
<dc element="dc.source" value="Reuters"/>
</metadata>
</newsitem>
