<?xml version="1.0" encoding="iso-8859-1" ?>
<newsitem itemid="665383" id="root" date="1997-06-17" xml:lang="en">
<title>USA: CONSENSUS: U.S. corporate earnings surpise data.</title>
<headline>CONSENSUS: U.S. corporate earnings surpise data.</headline>
<text>
<p>Earnings surprise for June 17, provided by Zacks Investment Research. The following companies reported the , and greatest deviations, above or below analysts' mean estimates, as compiled by Zacks</p>
<p>COMPANY		ESTIMATE  ACTUAL  PCT SURPRISE</p>
<p>NJ STEEL		 0.06     0.46    666.67%</p>
<p>NATL PICTURE	   0.22     0.27     22.73%</p>
<p>EXEL LIMITED	   0.88     0.99     12.50%</p>
<p>APOLLO GROUP	   0.20     0.22     10.00%</p>
<p>HORIZON MENTAL	 0.27     0.29	7.41%</p>
<p>HEINZ		    0.47     0.50	6.38%</p>
<p>EDWARDS		  0.81     0.83	2.47%</p>
<p>SHELDAHL		-0.14    -0.19    -35.71%</p>
<p>CASEYS GEN	     0.15     0.14     -6.67%</p>
</text>
<copyright>(c) Reuters Limited 1997</copyright>
<metadata>
<codes class="bip:countries:1.0">
  <code code="USA">
    <editdetail attribution="Reuters BIP Coding Group" action="confirmed" date="1997-06-17"/>
  </code>
</codes>
<codes class="bip:industries:1.0">
  <code code="I22100">
    <editdetail attribution="Reuters BIP Coding Group" action="confirmed" date="1997-06-17"/>
  </code>
  <code code="I25140">
    <editdetail attribution="Reuters BIP Coding Group" action="confirmed" date="1997-06-17"/>
  </code>
  <code code="I41000">
    <editdetail attribution="Reuters BIP Coding Group" action="confirmed" date="1997-06-17"/>
  </code>
  <code code="I46000">
    <editdetail attribution="Reuters BIP Coding Group" action="confirmed" date="1997-06-17"/>
  </code>
  <code code="I64100">
    <editdetail attribution="Reuters BIP Coding Group" action="confirmed" date="1997-06-17"/>
  </code>
  <code code="I82003">
    <editdetail attribution="Reuters BIP Coding Group" action="confirmed" date="1997-06-17"/>
  </code>
  <code code="I83100">
    <editdetail attribution="Reuters BIP Coding Group" action="confirmed" date="1997-06-17"/>
  </code>
  <code code="I95100">
    <editdetail attribution="Reuters BIP Coding Group" action="confirmed" date="1997-06-17"/>
  </code>
</codes>
<codes class="bip:topics:1.0">
  <code code="C15">
    <editdetail attribution="Reuters BIP Coding Group" action="confirmed" date="1997-06-17"/>
  </code>
  <code code="C151">
    <editdetail attribution="Reuters BIP Coding Group" action="confirmed" date="1997-06-17"/>
  </code>
  <code code="C152">
    <editdetail attribution="Reuters BIP Coding Group" action="confirmed" date="1997-06-17"/>
  </code>
  <code code="CCAT">
    <editdetail attribution="Reuters BIP Coding Group" action="confirmed" date="1997-06-17"/>
  </code>
</codes>
<dc element="dc.publisher" value="Reuters Holdings Plc"/>
<dc element="dc.date.published" value="1997-06-17"/>
<dc element="dc.source" value="Reuters"/>
<dc element="dc.creator.location.country.name" value="USA"/>
<dc element="dc.source" value="Reuters"/>
</metadata>
</newsitem>
