<?xml version="1.0" encoding="iso-8859-1" ?>
<newsitem itemid="665459" id="root" date="1997-06-17" xml:lang="en">
<title>USA: Angstrom Technologies Q2 profit vs loss.</title>
<headline>Angstrom Technologies Q2 profit vs loss.</headline>
<dateline>ERLANGER, KY 1997-06-17</dateline>
<text>
<p>Three Months Ended	 Six Months Ended</p>
<p>		 April 30,     April 30,    April 30,   April 30,</p>
<p>		     1997	    1996	    1997	 1996</p>
<p>Net sales     $ 433,183    $ 244,083     $ 855,979  $ 442,582</p>
<p>Cost of sales   129,293	120,150	 248,743    260,307</p>
<p>Gross profit    303,890	123,933	 607,236    182,275</p>
<p>SG&amp;A expenses   225,463	215,338	 452,828    395,197</p>
<p>Interest income  12,595	 17,415	  19,776     34,926</p>
<p>Interest expense (2,583)     (3,305)	 (5,355)    (6,778)</p>
<p>Net income (loss) before income</p>
<p>  taxes	    88,439     (77,295)	168,829   (180,746)</p>
<p>Less preferred dividend requirement:</p>
<p>		    (54,819)   (62,855)     (109,600)  (106,900)</p>
<p>Net income (loss) applicable to</p>
<p>common stockholders:</p>
<p>		    33,620     (140,150)	 59,229   (287,646)</p>
<p>Net income (loss)</p>
<p>  per share	  --	 $(0.01)	     --     $(0.01)</p>
<p>Weighted average number of shares</p>
<p>  outstanding 22,537,466  21,760,958    22,512,045 21,985,118</p>
<p>NOTE: Full name is Angstrom Technologies Inc.</p>
<p>(( --New York Newsdesk 212-859-1610.))</p>
</text>
<copyright>(c) Reuters Limited 1997</copyright>
<metadata>
<codes class="bip:countries:1.0">
  <code code="USA">
    <editdetail attribution="Reuters BIP Coding Group" action="confirmed" date="1997-06-17"/>
  </code>
</codes>
<codes class="bip:industries:1.0">
  <code code="I34420">
    <editdetail attribution="Reuters BIP Coding Group" action="confirmed" date="1997-06-17"/>
  </code>
</codes>
<codes class="bip:topics:1.0">
  <code code="C15">
    <editdetail attribution="Reuters BIP Coding Group" action="confirmed" date="1997-06-17"/>
  </code>
  <code code="C151">
    <editdetail attribution="Reuters BIP Coding Group" action="confirmed" date="1997-06-17"/>
  </code>
  <code code="CCAT">
    <editdetail attribution="Reuters BIP Coding Group" action="confirmed" date="1997-06-17"/>
  </code>
</codes>
<dc element="dc.date.created" value="1997-06-17"/>
<dc element="dc.publisher" value="Reuters Holdings Plc"/>
<dc element="dc.date.published" value="1997-06-17"/>
<dc element="dc.source" value="Reuters"/>
<dc element="dc.creator.location" value="ERLANGER, KY"/>
<dc element="dc.creator.location.country.name" value="USA"/>
<dc element="dc.source" value="Reuters"/>
</metadata>
</newsitem>
