<?xml version="1.0" encoding="iso-8859-1" ?>
<newsitem itemid="665484" id="root" date="1997-06-17" xml:lang="en">
<title>USA: WorldCom stock robust after upbeat meeting.</title>
<headline>WorldCom stock robust after upbeat meeting.</headline>
<dateline>NEW YORK 1997-06-17</dateline>
<text>
<p>WorldCom Inc was the most actively traded stock on the Nasdaq stock market Tuesday following an upbeat meeting by the company's senior management with analysts the previous day.</p>
<p>Shares of the diversified communications provider closed up 1-1/8 at 31 on volume of 11.3 million shares, after an all day Monday meeting which Merrill Lynch analyst Mark Kastan said highlighted WorldCom's strong strategic positioning.</p>
<p>Linda Meltzer, analyst at UBS Securities, said: &quot;Yesterday was a very solid display by management of (their) story. It probably whet appetites of those who didn't own the stock.&quot;  </p>
<p>In the meeting, management reaffirmed confidence in the consensus earnings estimate of $0.36 per share for 1997 and $0.80 per share in 1998, Kastan said in a research note.</p>
<p>WorldCom also said it still expected between $300 million and $350 million in cost reductions to result from its recently completed acquisition of MFS Communications, analysts said.</p>
<p>WorldCom acquired MFS Communications Co last December in a $12.6 billion stock swap.</p>
<p>Kastan said Internet-related revenue growth should continue to be the company's strongest line of business for the foreseeable future, driven by UUNET's extensive local infrastructure and an intense focus on the business market.</p>
<p>The company acquired UUNET as part of MFS Communications.</p>
<p>&quot;WorldCom management spent more time than usual discussing the Internet and international (business), which are the company's fastest growing businesses right now,&quot; Meltzer said.</p>
<p>International opportunities should boost growth the next few years, especially WorldComs focus on Europe, Kastan said.</p>
<p>&quot;With local networks in place and a pan-European long haul network in the works, WorldCom should prove quite nimble and able to successfully 'cherry pick' profitable telecom opportunities,&quot; Kastan said.</p>
<p>((Wall Street desk 212-859-1730))</p>
</text>
<copyright>(c) Reuters Limited 1997</copyright>
<metadata>
<codes class="bip:countries:1.0">
  <code code="USA">
    <editdetail attribution="Reuters BIP Coding Group" action="confirmed" date="1997-06-17"/>
  </code>
</codes>
<codes class="bip:industries:1.0">
  <code code="I79020">
    <editdetail attribution="Reuters BIP Coding Group" action="confirmed" date="1997-06-17"/>
  </code>
</codes>
<codes class="bip:topics:1.0">
  <code code="C15">
    <editdetail attribution="Reuters BIP Coding Group" action="confirmed" date="1997-06-17"/>
  </code>
  <code code="C152">
    <editdetail attribution="Reuters BIP Coding Group" action="confirmed" date="1997-06-17"/>
  </code>
  <code code="CCAT">
    <editdetail attribution="Reuters BIP Coding Group" action="confirmed" date="1997-06-17"/>
  </code>
</codes>
<dc element="dc.date.created" value="1997-06-17"/>
<dc element="dc.publisher" value="Reuters Holdings Plc"/>
<dc element="dc.date.published" value="1997-06-17"/>
<dc element="dc.source" value="Reuters"/>
<dc element="dc.creator.location" value="NEW YORK"/>
<dc element="dc.creator.location.country.name" value="USA"/>
<dc element="dc.source" value="Reuters"/>
</metadata>
</newsitem>
