<?xml version="1.0" encoding="iso-8859-1" ?>
<newsitem itemid="665476" id="root" date="1997-06-17" xml:lang="en">
<title>USA: Mark Centers board to cut dividend rate.</title>
<headline>Mark Centers board to cut dividend rate.</headline>
<dateline>KINGSTON, Pa. 1997-06-17</dateline>
<text>
<p>Mark Centers Trust's board reduced the company's quarterly dividend to $0.20 a share, or an annual rate of $0.80, from $0.36, citing increased costs.</p>
<p>Tenant improvement and expansion costs associated with the recent leasing activity is more prudently funded with internally generated cash rather than increasing the company's debt levels, Mark Centers said.  </p>
<p>Mark Centers said in a statement on Tuesday the $0.20 a share dividend is payable July 31, 1997, to shareholders of record on June 30, 1997 and will include a significant non-taxable return of capital component.</p>
<p>Also, Mark Centers currently has executed leases totaling 384,000 square feet bringing its portfolio to 89% leased as of May 31, 1997.</p>
<p>The majority of these leases will commence in fourth quarter of 1997 and the first quarter of 1998 and on an annualized basis generate $3.4 million in revenues, the company said.</p>
</text>
<copyright>(c) Reuters Limited 1997</copyright>
<metadata>
<codes class="bip:countries:1.0">
  <code code="USA">
    <editdetail attribution="Reuters BIP Coding Group" action="confirmed" date="1997-06-17"/>
  </code>
</codes>
<codes class="bip:industries:1.0">
  <code code="I81502">
    <editdetail attribution="Reuters BIP Coding Group" action="confirmed" date="1997-06-17"/>
  </code>
</codes>
<codes class="bip:topics:1.0">
  <code code="C15">
    <editdetail attribution="Reuters BIP Coding Group" action="confirmed" date="1997-06-17"/>
  </code>
  <code code="C151">
    <editdetail attribution="Reuters BIP Coding Group" action="confirmed" date="1997-06-17"/>
  </code>
  <code code="CCAT">
    <editdetail attribution="Reuters BIP Coding Group" action="confirmed" date="1997-06-17"/>
  </code>
</codes>
<dc element="dc.date.created" value="1997-06-17"/>
<dc element="dc.publisher" value="Reuters Holdings Plc"/>
<dc element="dc.date.published" value="1997-06-17"/>
<dc element="dc.source" value="Reuters"/>
<dc element="dc.creator.location" value="KINGSTON, Pa."/>
<dc element="dc.creator.location.country.name" value="USA"/>
<dc element="dc.source" value="Reuters"/>
</metadata>
</newsitem>
