<?xml version="1.0" encoding="iso-8859-1" ?>
<newsitem itemid="665453" id="root" date="1997-06-17" xml:lang="en">
<title>USA: Medialink acquires Corporate Television.</title>
<headline>Medialink acquires Corporate Television.</headline>
<dateline>NEW YORK 1997-06-17</dateline>
<text>
<p>Medialink Worldwide Inc said Tuesday it acquired Corporate Television Group Inc for $4 million in cash and stock.</p>
<p>In addition, earn-out provisions allow for up to an additional $6.2 million to be paid based on the achievement of certain revenue and profitability targets and leverage gained through cross-marketing Medialink clients over the next five years.  </p>
<p>Corporate Television, formerly Reuters Corporate Television, a division of Reuters New Media Inc, will be operated as a division of Medialink under the name Medialink Corporate Television.</p>
<p>Laurence Moskowitz, chairman, president and chief executive officer of Medialink, said, &quot;The acquisition will be immediately accretive to earnings, adds critical mass and should bring additional operating efficiencies to our business.&quot;</p>
<p>Corporate Television is based in New York and provides strategic video communications consulting and production services for internal and external audiences.</p>
<p>Medialink provides video and audio production and satellite distribution services for corporations and other organizations seeking to communicate their news to the public.</p>
</text>
<copyright>(c) Reuters Limited 1997</copyright>
<metadata>
<codes class="bip:countries:1.0">
  <code code="USA">
    <editdetail attribution="Reuters BIP Coding Group" action="confirmed" date="1997-06-17"/>
  </code>
</codes>
<codes class="bip:industries:1.0">
  <code code="I83954">
    <editdetail attribution="Reuters BIP Coding Group" action="confirmed" date="1997-06-17"/>
  </code>
</codes>
<codes class="bip:topics:1.0">
  <code code="C18">
    <editdetail attribution="Reuters BIP Coding Group" action="confirmed" date="1997-06-17"/>
  </code>
  <code code="C181">
    <editdetail attribution="Reuters BIP Coding Group" action="confirmed" date="1997-06-17"/>
  </code>
  <code code="CCAT">
    <editdetail attribution="Reuters BIP Coding Group" action="confirmed" date="1997-06-17"/>
  </code>
</codes>
<dc element="dc.date.created" value="1997-06-17"/>
<dc element="dc.publisher" value="Reuters Holdings Plc"/>
<dc element="dc.date.published" value="1997-06-17"/>
<dc element="dc.source" value="Reuters"/>
<dc element="dc.creator.location" value="NEW YORK"/>
<dc element="dc.creator.location.country.name" value="USA"/>
<dc element="dc.source" value="Reuters"/>
</metadata>
</newsitem>
