<?xml version="1.0" encoding="iso-8859-1" ?>
<newsitem itemid="665428" id="root" date="1997-06-17" xml:lang="en">
<title>USA: Metrika IPO modifies terms -- underwriter.</title>
<headline>Metrika IPO modifies terms -- underwriter.</headline>
<dateline>NEW YORK 1997-06-17</dateline>
<text>
<p>Terms were modified for the planned initial public offering in Metrika Systems Corp after the proposed number of shares were lowered and the estimated price range raised, lead underwriter Salomon Brothers said on Tuesday.</p>
<p>Metrika proposed to offer 2.0 million shares, down from its initial proposal of 3.0 million shares. The estimated price range, however, was increased to $15.50 to $18.50 from an original $7.50 to $9.50.</p>
<p>The offering is expected to trade on Thursday under the proposed symbol &quot;MKA&quot; on the American Stock Exchange.</p>
<p>Metrika develops, manufactures and markets on-line industrial process optimization systems.</p>
</text>
<copyright>(c) Reuters Limited 1997</copyright>
<metadata>
<codes class="bip:countries:1.0">
  <code code="USA">
    <editdetail attribution="Reuters BIP Coding Group" action="confirmed" date="1997-06-17"/>
  </code>
</codes>
<codes class="bip:topics:1.0">
  <code code="C17">
    <editdetail attribution="Reuters BIP Coding Group" action="confirmed" date="1997-06-17"/>
  </code>
  <code code="C171">
    <editdetail attribution="Reuters BIP Coding Group" action="confirmed" date="1997-06-17"/>
  </code>
  <code code="CCAT">
    <editdetail attribution="Reuters BIP Coding Group" action="confirmed" date="1997-06-17"/>
  </code>
</codes>
<dc element="dc.date.created" value="1997-06-17"/>
<dc element="dc.publisher" value="Reuters Holdings Plc"/>
<dc element="dc.date.published" value="1997-06-17"/>
<dc element="dc.source" value="Reuters"/>
<dc element="dc.creator.location" value="NEW YORK"/>
<dc element="dc.creator.location.country.name" value="USA"/>
<dc element="dc.source" value="Reuters"/>
</metadata>
</newsitem>
