<?xml version="1.0" encoding="iso-8859-1" ?>
<newsitem itemid="665445" id="root" date="1997-06-17" xml:lang="en">
<title>USA: Informix to cut 200 jobs in Europe.</title>
<headline>Informix to cut 200 jobs in Europe.</headline>
<dateline>MENLO PARK, Calif. 1997-06-17</dateline>
<text>
<p>Informix Corp. plans to cut 200 jobs in Europe, or 17 percent of the 1,200-employee work force there, through layoffs and attrition, a spokesman at the software company said Tuesday.</p>
<p>The struggling database software company already has cut 100 jobs in the United States as part of a plan to pare costs. The company plans to reduce its 4,400-employee worldwide work force by 10 percent.</p>
<p>&quot;One thing we're trying to do is balance revenues and expenses geographically,&quot; said Informix spokesman Robert Manetta. &quot;Where we see imbalances, we try to match it up.&quot;</p>
<p>Informix, based in Menlo Park, Calif., reported an unexpected $140.1 million loss in the first quarter as revenue plunged 34 percent to $133.7 million.</p>
<p>Earlier this year, the company bet its future on a new type of database software that can store graphics, sounds and other multimedia information as well as text and numbers. But sales have been disappointing because there is not much demand for the multimedia capabilites yet, company executives said.</p>
<p>Informix is trying to return to profit by the end of the year by cutting jobs through layoffs and attrition and paring costs.</p>
<p>Informix stock was up 6.25 cents at $9.375 in afternoon trading on Nasdaq.</p>
</text>
<copyright>(c) Reuters Limited 1997</copyright>
<metadata>
<codes class="bip:countries:1.0">
  <code code="USA">
    <editdetail attribution="Reuters BIP Coding Group" action="confirmed" date="1997-06-17"/>
  </code>
</codes>
<codes class="bip:industries:1.0">
  <code code="I33020">
    <editdetail attribution="Reuters BIP Coding Group" action="confirmed" date="1997-06-17"/>
  </code>
  <code code="I3302021">
    <editdetail attribution="Reuters BIP Coding Group" action="confirmed" date="1997-06-17"/>
  </code>
</codes>
<codes class="bip:topics:1.0">
  <code code="C42">
    <editdetail attribution="Reuters BIP Coding Group" action="confirmed" date="1997-06-17"/>
  </code>
  <code code="CCAT">
    <editdetail attribution="Reuters BIP Coding Group" action="confirmed" date="1997-06-17"/>
  </code>
  <code code="E41">
    <editdetail attribution="Reuters BIP Coding Group" action="confirmed" date="1997-06-17"/>
  </code>
  <code code="ECAT">
    <editdetail attribution="Reuters BIP Coding Group" action="confirmed" date="1997-06-17"/>
  </code>
  <code code="GCAT">
    <editdetail attribution="Reuters BIP Coding Group" action="confirmed" date="1997-06-17"/>
  </code>
  <code code="GJOB">
    <editdetail attribution="Reuters BIP Coding Group" action="confirmed" date="1997-06-17"/>
  </code>
</codes>
<dc element="dc.date.created" value="1997-06-17"/>
<dc element="dc.publisher" value="Reuters Holdings Plc"/>
<dc element="dc.date.published" value="1997-06-17"/>
<dc element="dc.source" value="Reuters"/>
<dc element="dc.creator.location" value="MENLO PARK, Calif."/>
<dc element="dc.creator.location.country.name" value="USA"/>
<dc element="dc.source" value="Reuters"/>
</metadata>
</newsitem>
