<?xml version="1.0" encoding="iso-8859-1" ?>
<newsitem itemid="665401" id="root" date="1997-06-17" xml:lang="en">
<title>USA: Tricord absolved in class action suit.</title>
<headline>Tricord absolved in class action suit.</headline>
<dateline>PLYMOUTH, Minn. 1997-06-16</dateline>
<text>
<p>Tricord Systems Inc said Monday a federal jury in St. Paul, Minnesota absolved the company of any liability in a class action lawsuit alleging securities fraud.</p>
<p>Tricord said the jury found the company and two of its officers were not engaged in any wrongdoing. The plaintiff class had claimed that in early 1994 Tricord had made misrepresentations about its future revenue prospects.  </p>
<p>The company issued a press release on July 1, 1994 indicating that results for the second quarter of 1994 were expected to be less than previously projected. After the release, Tricord said a number of class action suits were filed against the company and the two officers claiming violations of federal securities law.</p>
<p>The class was represented by Karl Cambronne of the Minneapolis firm Chestnut &amp; Brooks. Sarah Wolff and Arnold Pagniucci of the Chicago firm Sachnoff &amp; Weaver represented Tricord and the officers.</p>
<p>Tricord provides computer network super servers.</p>
<p>((--Chicago newsdesk, 312-408-8787))</p>
</text>
<copyright>(c) Reuters Limited 1997</copyright>
<metadata>
<codes class="bip:countries:1.0">
  <code code="USA">
    <editdetail attribution="Reuters BIP Coding Group" action="confirmed" date="1997-06-17"/>
  </code>
</codes>
<codes class="bip:industries:1.0">
  <code code="I33030">
    <editdetail attribution="Reuters BIP Coding Group" action="confirmed" date="1997-06-17"/>
  </code>
</codes>
<codes class="bip:topics:1.0">
  <code code="C12">
    <editdetail attribution="Reuters BIP Coding Group" action="confirmed" date="1997-06-17"/>
  </code>
  <code code="CCAT">
    <editdetail attribution="Reuters BIP Coding Group" action="confirmed" date="1997-06-17"/>
  </code>
  <code code="GCAT">
    <editdetail attribution="Reuters BIP Coding Group" action="confirmed" date="1997-06-17"/>
  </code>
  <code code="GCRIM">
    <editdetail attribution="Reuters BIP Coding Group" action="confirmed" date="1997-06-17"/>
  </code>
</codes>
<dc element="dc.date.created" value="1997-06-16"/>
<dc element="dc.publisher" value="Reuters Holdings Plc"/>
<dc element="dc.date.published" value="1997-06-17"/>
<dc element="dc.source" value="Reuters"/>
<dc element="dc.creator.location" value="PLYMOUTH, Minn."/>
<dc element="dc.creator.location.country.name" value="USA"/>
<dc element="dc.source" value="Reuters"/>
</metadata>
</newsitem>
