<?xml version="1.0" encoding="iso-8859-1" ?>
<newsitem itemid="665580" id="root" date="1997-06-17" xml:lang="en">
<title>USA: AmEx, Italian post office in marketing deal.</title>
<headline>AmEx, Italian post office in marketing deal.</headline>
<dateline>NEW YORK 1997-06-17</dateline>
<text>
<p>American Express Co said Tuesday it reached a marketing agreement in which the Italian Post Office will distribute American Express Cards through its network of 15,000 branches.</p>
<p>American Express said the agreement will allow American Express Card holders to to settle their monthly bills through their postal accounts. Also, the card holders will be able to use the card for the post office's international express courier services.</p>
<p>Toby Usnik, a spokesman for American Express, said applications for the cards will be available in the post office branches, and there will be compensation to the Italian Post Office for card sales.</p>
<p>He said initially the effort will involve the green charge cards. &quot;Clearly there is room for developing the relationship over time,&quot; he said. &quot;We will work with our partner, the post office, to find the optimal fit of our products for their customers.</p>
<p>American Express said the agremeent was the latest in a series of deals it has entered into with financial institutions around the world.</p>
<p>((--Cal Mankowski/New York Newsdesk/212 859 1732))</p>
</text>
<copyright>(c) Reuters Limited 1997</copyright>
<metadata>
<codes class="bip:countries:1.0">
  <code code="ITALY">
    <editdetail attribution="Reuters BIP Coding Group" action="confirmed" date="1997-06-17"/>
  </code>
  <code code="USA">
    <editdetail attribution="Reuters BIP Coding Group" action="confirmed" date="1997-06-17"/>
  </code>
</codes>
<codes class="bip:industries:1.0">
  <code code="I81402">
    <editdetail attribution="Reuters BIP Coding Group" action="confirmed" date="1997-06-17"/>
  </code>
</codes>
<codes class="bip:topics:1.0">
  <code code="C13">
    <editdetail attribution="Reuters BIP Coding Group" action="confirmed" date="1997-06-17"/>
  </code>
  <code code="CCAT">
    <editdetail attribution="Reuters BIP Coding Group" action="confirmed" date="1997-06-17"/>
  </code>
  <code code="M11">
    <editdetail attribution="Reuters BIP Coding Group" action="confirmed" date="1997-06-17"/>
  </code>
  <code code="MCAT">
    <editdetail attribution="Reuters BIP Coding Group" action="confirmed" date="1997-06-17"/>
  </code>
</codes>
<dc element="dc.date.created" value="1997-06-17"/>
<dc element="dc.publisher" value="Reuters Holdings Plc"/>
<dc element="dc.date.published" value="1997-06-17"/>
<dc element="dc.source" value="Reuters"/>
<dc element="dc.creator.location" value="NEW YORK"/>
<dc element="dc.creator.location.country.name" value="USA"/>
<dc element="dc.source" value="Reuters"/>
</metadata>
</newsitem>
