<?xml version="1.0" encoding="iso-8859-1" ?>
<newsitem itemid="665501" id="root" date="1997-06-17" xml:lang="en">
<title>USA: Chinese city Shenyang mulls issuing yankee bonds.</title>
<headline>Chinese city Shenyang mulls issuing yankee bonds.</headline>
<byline>Nailene Chou Wiest</byline>
<dateline>NEW YORK 1997-06-17</dateline>
<text>
<p>Shenyang, a major industrial city in northeast China, may be the first Chinese municipality to issue bonds in the United States, said Mayor Mu Suixin on Tuesday.</p>
<p>In an interview with Reuters, Mu said he has been in contact with U.S. investment banks regarding the debt issuance, while the city seeks approval from Beijing.  </p>
<p>&quot;We want to take the lead in offering Chinese municipal bonds to international investors,&quot; he said, adding that other countries, notably Russia, have successfully tapped this source of funding for regional development.</p>
<p>The capital raised would be put in a &quot;Shenyang development fund&quot; to reinvigorate the city's industrial complex, he said.</p>
<p>In his first visit to the United States since taking office in February, Mu spelled out an ambitious plan to attract foreign capital, technology and managerial skills.  </p>
<p>Shenyang has a well developed transportation network and infrastructure for heavy industry, whose potentials await development with the help of international capital and world-class management, he told U.S. business leaders earlier on Tuesday in a luncheon organized by the merchant banking firm, Hamilton Pacific Holdings.</p>
<p>&quot;I am here to knock the door of Wall Street,&quot; Mu said at the luncheon.  </p>
<p>Inviting foreign financial companies to open representative offices and branches in Shenyang, Mu offered five years of local tax holidiay in addition to other incentives comparable to those offered by other Chinese cities.</p>
<p>Mu also proposed a new type of joint venture in which U.S. companies would assume management and complete control of one Chinese enterprise without putting in any capital.</p>
<p>The joint venture partners would split the profit at a pre-set ratio. If the enterprise fails to turn a profit, the loss would be shared by joint venture partners, he explained.  </p>
<p>&quot;This calls for minimal investment, minimal risk and greatest return,&quot; he said.</p>
<p>He said the city had many advantages vis-a-vis Shenzhen and Shanghai in the south, including its low-cost labor force, whose  monthly wage averages 400 to 500 yuan. ($50 to $60; 8.29 yuan per U.S. dollar).</p>
<p>Mu said Shenyang has attracted $800 million in investments from some 400 U.S. companies.</p>
<p>(( - 212-859-1674))</p>
</text>
<copyright>(c) Reuters Limited 1997</copyright>
<metadata>
<codes class="bip:countries:1.0">
  <code code="CHINA">
    <editdetail attribution="Reuters BIP Coding Group" action="confirmed" date="1997-06-17"/>
  </code>
  <code code="USA">
    <editdetail attribution="Reuters BIP Coding Group" action="confirmed" date="1997-06-17"/>
  </code>
</codes>
<codes class="bip:topics:1.0">
  <code code="E21">
    <editdetail attribution="Reuters BIP Coding Group" action="confirmed" date="1997-06-17"/>
  </code>
  <code code="E212">
    <editdetail attribution="Reuters BIP Coding Group" action="confirmed" date="1997-06-17"/>
  </code>
  <code code="ECAT">
    <editdetail attribution="Reuters BIP Coding Group" action="confirmed" date="1997-06-17"/>
  </code>
  <code code="M12">
    <editdetail attribution="Reuters BIP Coding Group" action="confirmed" date="1997-06-17"/>
  </code>
  <code code="MCAT">
    <editdetail attribution="Reuters BIP Coding Group" action="confirmed" date="1997-06-17"/>
  </code>
</codes>
<dc element="dc.date.created" value="1997-06-17"/>
<dc element="dc.publisher" value="Reuters Holdings Plc"/>
<dc element="dc.date.published" value="1997-06-17"/>
<dc element="dc.source" value="Reuters"/>
<dc element="dc.creator.location" value="NEW YORK"/>
<dc element="dc.creator.location.country.name" value="USA"/>
<dc element="dc.source" value="Reuters"/>
</metadata>
</newsitem>
