<?xml version="1.0" encoding="iso-8859-1" ?>
<newsitem itemid="665598" id="root" date="1997-06-17" xml:lang="en">
<title>USA: Philips - Lucent venture a good fit.</title>
<headline>Philips - Lucent venture a good fit.</headline>
<byline>Eric Auchard</byline>
<dateline>NEW YORK 1997-06-17</dateline>
<text>
<p>The $2.5 billion consumer products joint venture planned by Philips Electronics NV and Lucent Technologies Inc is a perfect geographic fit between the two companies.</p>
<p>Philips is the leading maker of corded and cordless phones in Europe and has a growing presence in Asia. Lucent is the top supplier of corded and cordless phones and answering machines in the United States.  </p>
<p>&quot;The only overlap is upside,&quot; said Michael McTighe, managing director of Philips's consumer electronics arm and the chief executive of the new venture.</p>
<p>As an example of the venture's expected synergies, McTighe said Lucent's line-up of phone products primarily sold in the United States could be targeted at selected overseas markets.</p>
<p>&quot;There are many markets in Latin America and Asia where we can offer those products in a short period of time,&quot; he said. The products meet U.S. Federal Communications Commission requirements, which would smooth their entry into new markets, he said.  </p>
<p>At the same time, executives stressed that the venture will continue to execute existing strategies in the two companies' respective product and geographic markets.</p>
<p>McTighe said the only major country where neither company has significant operations is Japan, but the new venture has its eye on that country in the coming year.</p>
<p>&quot;Probably the only country we won't see anything in this year is Japan,&quot; he said. &quot;Next year we will attack there.&quot;</p>
<p>Both the existing Philips consumer unit and the new venture are known as Philips Consumer Communications.  </p>
<p>The venture will initially be based in Parsippany, N.J., near Lucent's Basking Ridge, N.J., headquarters, while a search for a permanent base takes place, officials said.</p>
<p>The executives said the new venture took shape quickly after talks began two to three months ago. The lack of overlap in the companies' operations proved to be a catalyst, they said.</p>
<p>The venture brings together the $1.4 billion consumer products business of Philips and the $1.1 billion Lucent consumer product business.</p>
<p>Ownership of the venture -- 60 percent by Philips and 40 percent by Lucent -- represents the approximate revenue contribution of the two companies, a Lucent spokeswoman said.</p>
<p>Carly Fiorina, a respected Lucent executive who recently took the helm of the company's consumer products business as president, will serve on the board of the new venture.</p>
<p>She said Lucent's U.S. market share was double that of any rival in corded and cordless phones and answering machines.</p>
<p>Reuters interviewed McTighe and Fiorina by telephone today.</p>
</text>
<copyright>(c) Reuters Limited 1997</copyright>
<metadata>
<codes class="bip:countries:1.0">
  <code code="NETH">
    <editdetail attribution="Reuters BIP Coding Group" action="confirmed" date="1997-06-17"/>
  </code>
  <code code="USA">
    <editdetail attribution="Reuters BIP Coding Group" action="confirmed" date="1997-06-17"/>
  </code>
</codes>
<codes class="bip:industries:1.0">
  <code code="I34000">
    <editdetail attribution="Reuters BIP Coding Group" action="confirmed" date="1997-06-17"/>
  </code>
  <code code="I34400">
    <editdetail attribution="Reuters BIP Coding Group" action="confirmed" date="1997-06-17"/>
  </code>
</codes>
<codes class="bip:topics:1.0">
  <code code="C11">
    <editdetail attribution="Reuters BIP Coding Group" action="confirmed" date="1997-06-17"/>
  </code>
  <code code="CCAT">
    <editdetail attribution="Reuters BIP Coding Group" action="confirmed" date="1997-06-17"/>
  </code>
</codes>
<dc element="dc.date.created" value="1997-06-17"/>
<dc element="dc.publisher" value="Reuters Holdings Plc"/>
<dc element="dc.date.published" value="1997-06-17"/>
<dc element="dc.source" value="Reuters"/>
<dc element="dc.creator.location" value="NEW YORK"/>
<dc element="dc.creator.location.country.name" value="USA"/>
<dc element="dc.source" value="Reuters"/>
</metadata>
</newsitem>
