<?xml version="1.0" encoding="iso-8859-1" ?>
<newsitem itemid="665563" id="root" date="1997-06-17" xml:lang="en">
<title>USA: RESEARCH ALERT - Tommy Hilfiger downgraded.</title>
<headline>RESEARCH ALERT - Tommy Hilfiger downgraded.</headline>
<dateline>NEW YORK 1997-06-17</dateline>
<text>
<p>Dillon, Read &amp; Co Inc said on Tuesday it downgraded the shares of Tommy Hilfiger Corp to outperform from buy.  </p>
<p>-- Analyst Allison Malkin said in a research note the downgrade was based on weaker-than expected retail trends.</p>
<p>-- &quot;While the company's brand continues to outperform its competitors, its largest department store customers have told us that the men's collections area is not growing as fast as last year and one department store informed us that Father's Day did not meet expectations,&quot; she said.</p>
<p>-- Tommy Hilfiger shares were off 3-5/8 at 39-3/4.</p>
<p>((Wall Street desk 212-859-1730))</p>
</text>
<copyright>(c) Reuters Limited 1997</copyright>
<metadata>
<codes class="bip:countries:1.0">
  <code code="USA">
    <editdetail attribution="Reuters BIP Coding Group" action="confirmed" date="1997-06-17"/>
  </code>
</codes>
<codes class="bip:industries:1.0">
  <code code="I45300">
    <editdetail attribution="Reuters BIP Coding Group" action="confirmed" date="1997-06-17"/>
  </code>
</codes>
<codes class="bip:topics:1.0">
  <code code="C15">
    <editdetail attribution="Reuters BIP Coding Group" action="confirmed" date="1997-06-17"/>
  </code>
  <code code="C152">
    <editdetail attribution="Reuters BIP Coding Group" action="confirmed" date="1997-06-17"/>
  </code>
  <code code="CCAT">
    <editdetail attribution="Reuters BIP Coding Group" action="confirmed" date="1997-06-17"/>
  </code>
</codes>
<dc element="dc.date.created" value="1997-06-17"/>
<dc element="dc.publisher" value="Reuters Holdings Plc"/>
<dc element="dc.date.published" value="1997-06-17"/>
<dc element="dc.source" value="Reuters"/>
<dc element="dc.creator.location" value="NEW YORK"/>
<dc element="dc.creator.location.country.name" value="USA"/>
<dc element="dc.source" value="Reuters"/>
</metadata>
</newsitem>
