<?xml version="1.0" encoding="iso-8859-1" ?>
<newsitem itemid="665577" id="root" date="1997-06-17" xml:lang="en">
<title>USA: INTERVIEW-Royal Caribbean sees sales gains.</title>
<headline>INTERVIEW-Royal Caribbean sees sales gains.</headline>
<byline>Michael Connor</byline>
<dateline>MIAMI 1997-06-17</dateline>
<text>
<p>Sales growth rather than cost cuts will drive earnings higher at Royal Caribbean International after a $1.3 billion acquisition of upmarket cruise operator Celebrity Cruise Lines Inc, Royal's chief executive said on Tuesday.</p>
<p>&quot;The most powerful force will be on revenue. Even a small rise in revenues translates into a big gain on the bottom line,&quot; Richard Fain told Reuters.  </p>
<p>Earlier Tuesday, Royal Caribbean, the No. 2 cruise-ship company after Carnival Inc, said it agreed to buy Celebrity for $1.3 billion in cash, Royal Caribbean shares and assumption of about $800 million in debt.</p>
<p>Celebrity, owned by Overseas Shipbuilding Group Inc and Chandris Group, operates four recently built cruise ships. It is scheduled to take delivery in October of still another new ship, the Mercury.</p>
<p>Altogether, the deal adds 8,200 berths to Royal Caribbean's 19,770. Royal Caribbean now has 11 ships and has contracted for two more enormous, 130,000-ton ships, due in 1999 and later.  </p>
<p>Analysts applauded the deal, saying Royal Caribbean was paying close to book value for Celebrity, or about what it would cost to replace the five Celebrity vessels.</p>
<p>New ships, which are typically larger and decked out with features such as waterslides and nine-story atriums, are increasingly important for attracting mass-market cruise passengers, analysts said.</p>
<p>&quot;Hardware and on-board amenties are very important,&quot; said analyst Scott Barry of Raymond James. &quot;The core cruise-vacation markets are being dominated by the new tonnage.&quot;</p>
<p>Fain said Royal may redeploy some of the Celebrity ships.  </p>
<p>&quot;There are some opportunities to make more efficient use of the ships,&quot; Fain said. &quot;I would expect it will ease our entree into Europe.&quot;</p>
<p>U.S. cruise operators such as Carnival and Royal Caribbean are increasingly moving overseas into the comparatively small but highly promising markets of Asia and Europe. Carnival just completed an acquisition of Italian operator, Costa.</p>
<p>Celebrity now sails mainly to Caribbean ports, as does Royal Caribbean, but also is active in Alaska.</p>
<p>Fain said the combination gives Royal Caribbean another well-known cruise-ship brand, one with minimal overlap with its own primarily mid-market offerings, and another line of trips to offer through its large salesforce.</p>
<p>Celebrity is a so-called premium operator, charging higher prices than many other cruise companies for holidays a week or longer. It's profitability has been weak, analysts said.</p>
<p>&quot;Celebrity has an outstanding product and reputation, but it hasn't been large enough by itself to take full advantage of those things,&quot; Fain said. &quot;We give them scale and size.&quot;</p>
<p>Fain said the deal, which involves 7.4 million new Royal Caribbean shares, would dilute earnings per share in 1998, but would benefit EPS beginning in 1999. He declined to estimate the dilution.</p>
</text>
<copyright>(c) Reuters Limited 1997</copyright>
<metadata>
<codes class="bip:countries:1.0">
  <code code="USA">
    <editdetail attribution="Reuters BIP Coding Group" action="confirmed" date="1997-06-17"/>
  </code>
</codes>
<codes class="bip:industries:1.0">
  <code code="I74000">
    <editdetail attribution="Reuters BIP Coding Group" action="confirmed" date="1997-06-17"/>
  </code>
</codes>
<codes class="bip:topics:1.0">
  <code code="C15">
    <editdetail attribution="Reuters BIP Coding Group" action="confirmed" date="1997-06-17"/>
  </code>
  <code code="C152">
    <editdetail attribution="Reuters BIP Coding Group" action="confirmed" date="1997-06-17"/>
  </code>
  <code code="C18">
    <editdetail attribution="Reuters BIP Coding Group" action="confirmed" date="1997-06-17"/>
  </code>
  <code code="C181">
    <editdetail attribution="Reuters BIP Coding Group" action="confirmed" date="1997-06-17"/>
  </code>
  <code code="CCAT">
    <editdetail attribution="Reuters BIP Coding Group" action="confirmed" date="1997-06-17"/>
  </code>
</codes>
<dc element="dc.date.created" value="1997-06-17"/>
<dc element="dc.publisher" value="Reuters Holdings Plc"/>
<dc element="dc.date.published" value="1997-06-17"/>
<dc element="dc.source" value="Reuters"/>
<dc element="dc.creator.location" value="MIAMI"/>
<dc element="dc.creator.location.country.name" value="USA"/>
<dc element="dc.source" value="Reuters"/>
</metadata>
</newsitem>
