<?xml version="1.0" encoding="iso-8859-1" ?>
<newsitem itemid="665522" id="root" date="1997-06-17" xml:lang="en">
<title>USA: Payless Cashways Inc Q2 May 31 loss.</title>
<headline>Payless Cashways Inc Q2 May 31 loss.</headline>
<dateline>KANSAS CITY, Mo. 1997-06-17</dateline>
<text>
<p>(In thousands, except percentages and per share amounts)</p>
<p> Net sales			$661,191	   $682,252</p>
<p> Cost of merchandise sold    483,093	    491,500</p>
<p> Interest expense		 16,274	     14,606</p>
<p>Income (loss) before</p>
<p>    income taxes		  (1,096)	    11,152</p>
<p> Net income (loss)	     (13,229)	     5,866</p>
<p> Net income (loss) per share   (0.37)		0.11</p>
<p> Weighted average shares	39,963	     40,063</p>
<p>Twenty-Six Weeks</p>
<p> Net sales		    $1,148,741	 $1,209,019</p>
<p> Cost of merchandise sold    831,340	    864,416</p>
<p> Gross margin		    317,401	    344,603</p>
<p> Interest expense		 32,329	     29,958</p>
<p> Loss before income taxes    (27,854)	    (3,341)</p>
<p> Net loss			  (21,364)	    (1,757)</p>
<p> Net loss per common share     (0.61)	     (0.12)</p>
<p> Weighted average shares	39,961	     39,933</p>
<p>NOTE: Periods ended May 31 vs May 25.</p>
<p>((--Chicago Newsdesk (312) 408-8787))</p>
</text>
<copyright>(c) Reuters Limited 1997</copyright>
<metadata>
<codes class="bip:countries:1.0">
  <code code="USA">
    <editdetail attribution="Reuters BIP Coding Group" action="confirmed" date="1997-06-17"/>
  </code>
</codes>
<codes class="bip:industries:1.0">
  <code code="I64800">
    <editdetail attribution="Reuters BIP Coding Group" action="confirmed" date="1997-06-17"/>
  </code>
</codes>
<codes class="bip:topics:1.0">
  <code code="C15">
    <editdetail attribution="Reuters BIP Coding Group" action="confirmed" date="1997-06-17"/>
  </code>
  <code code="C151">
    <editdetail attribution="Reuters BIP Coding Group" action="confirmed" date="1997-06-17"/>
  </code>
  <code code="CCAT">
    <editdetail attribution="Reuters BIP Coding Group" action="confirmed" date="1997-06-17"/>
  </code>
</codes>
<dc element="dc.date.created" value="1997-06-17"/>
<dc element="dc.publisher" value="Reuters Holdings Plc"/>
<dc element="dc.date.published" value="1997-06-17"/>
<dc element="dc.source" value="Reuters"/>
<dc element="dc.creator.location" value="KANSAS CITY, Mo."/>
<dc element="dc.creator.location.country.name" value="USA"/>
<dc element="dc.source" value="Reuters"/>
</metadata>
</newsitem>
