<?xml version="1.0" encoding="iso-8859-1" ?>
<newsitem itemid="665523" id="root" date="1997-06-17" xml:lang="en">
<title>USA: CSCE to raise margins on cocoa futures June 18.</title>
<headline>CSCE to raise margins on cocoa futures June 18.</headline>
<dateline>NEW YORK 1997-06-17</dateline>
<text>
<p>Coffee, Sugar and Cocoa Exchange said Tuesday it will raise margins on the July 1997 and September 1997 cocoa contracts by $100, to $600, including no spot charge, effective June 18.</p>
<p>The margin on all other coffee contracts will be increased by $100, to $600, the exchange said in a statement.</p>
<p>For customers who are not exchange members or a member of the trade, margins will be 140 percent above trade rates, CSCE said. ((--Patricia Avidan, New York Commodities Desk, 212 859 1640))</p>
</text>
<copyright>(c) Reuters Limited 1997</copyright>
<metadata>
<codes class="bip:countries:1.0">
  <code code="USA">
    <editdetail attribution="Reuters BIP Coding Group" action="confirmed" date="1997-06-17"/>
  </code>
</codes>
<codes class="bip:topics:1.0">
  <code code="M14">
    <editdetail attribution="Reuters BIP Coding Group" action="confirmed" date="1997-06-17"/>
  </code>
  <code code="M141">
    <editdetail attribution="Reuters BIP Coding Group" action="confirmed" date="1997-06-17"/>
  </code>
  <code code="MCAT">
    <editdetail attribution="Reuters BIP Coding Group" action="confirmed" date="1997-06-17"/>
  </code>
</codes>
<dc element="dc.date.created" value="1997-06-17"/>
<dc element="dc.publisher" value="Reuters Holdings Plc"/>
<dc element="dc.date.published" value="1997-06-17"/>
<dc element="dc.source" value="Reuters"/>
<dc element="dc.creator.location" value="NEW YORK"/>
<dc element="dc.creator.location.country.name" value="USA"/>
<dc element="dc.source" value="Reuters"/>
</metadata>
</newsitem>
