<?xml version="1.0" encoding="iso-8859-1" ?>
<newsitem itemid="665656" id="root" date="1997-06-17" xml:lang="en">
<title>USA: RESEARCH ALERT - 360 Communications cut.</title>
<headline>RESEARCH ALERT - 360 Communications cut.</headline>
<dateline>NEW YORK 1997-06-17</dateline>
<text>
<p>Bear Stearns downgraded 360 Communications Co to neutral from attractive, a Bear Stearns source said.</p>
<p>-- Additional details were not immediately available.</p>
<p>-- 360 Communications lost 1/2 to 17-1/2.</p>
</text>
<copyright>(c) Reuters Limited 1997</copyright>
<metadata>
<codes class="bip:countries:1.0">
  <code code="USA">
    <editdetail attribution="Reuters BIP Coding Group" action="confirmed" date="1997-06-17"/>
  </code>
</codes>
<codes class="bip:topics:1.0">
  <code code="C15">
    <editdetail attribution="Reuters BIP Coding Group" action="confirmed" date="1997-06-17"/>
  </code>
  <code code="C152">
    <editdetail attribution="Reuters BIP Coding Group" action="confirmed" date="1997-06-17"/>
  </code>
  <code code="CCAT">
    <editdetail attribution="Reuters BIP Coding Group" action="confirmed" date="1997-06-17"/>
  </code>
</codes>
<dc element="dc.date.created" value="1997-06-17"/>
<dc element="dc.publisher" value="Reuters Holdings Plc"/>
<dc element="dc.date.published" value="1997-06-17"/>
<dc element="dc.source" value="Reuters"/>
<dc element="dc.creator.location" value="NEW YORK"/>
<dc element="dc.creator.location.country.name" value="USA"/>
<dc element="dc.source" value="Reuters"/>
</metadata>
</newsitem>
