<?xml version="1.0" encoding="iso-8859-1" ?>
<newsitem itemid="665652" id="root" date="1997-06-17" xml:lang="en">
<title>USA: Casey's General Stores Inc Q4 April 30 net.</title>
<headline>Casey's General Stores Inc Q4 April 30 net.</headline>
<dateline>ANKENY, Iowa. 1997-06-17</dateline>
<text>
<p>1996			1995</p>
<p> Shr			  $0.14		    $0.12</p>
<p> Net			  3,698		    3,205</p>
<p> Revs		     264,903		  238,192</p>
<p> Avg shrs			NA			 NA</p>
<p>(All Data Above 000s Except Per Share Numbers)</p>
<p>NOTE: Q4 1997 revenue includes net sales of $263.7 million and franchise revenue of $1.2 million. Year-ago Q4 revenue includes net sales of $236.9 million and franchise revenue of $1.3 million.  </p>
<p>			YEAR</p>
<p> Shr			  $1.03		    $1.02</p>
<p> Net			 27,010		   26,767</p>
<p> Revs		   1,114,209		  960,148</p>
<p> Avg shrs			NA			 NA</p>
<p>(All Data Above 000s Except Per Share Numbers)</p>
<p>NOTE: Fiscal 1997 total revenue includes net sales of $1.11 billion and franchise revenue of $5.2 million. Fiscal 1996 total revenue includes net sales of $954.8 million and franchise revenue of $5.4 million.</p>
<p>((Reuters Chicago Newsdesk (312) 408-8787))</p>
</text>
<copyright>(c) Reuters Limited 1997</copyright>
<metadata>
<codes class="bip:countries:1.0">
  <code code="USA">
    <editdetail attribution="Reuters BIP Coding Group" action="confirmed" date="1997-06-17"/>
  </code>
</codes>
<codes class="bip:industries:1.0">
  <code code="I64100">
    <editdetail attribution="Reuters BIP Coding Group" action="confirmed" date="1997-06-17"/>
  </code>
</codes>
<codes class="bip:topics:1.0">
  <code code="C15">
    <editdetail attribution="Reuters BIP Coding Group" action="confirmed" date="1997-06-17"/>
  </code>
  <code code="C151">
    <editdetail attribution="Reuters BIP Coding Group" action="confirmed" date="1997-06-17"/>
  </code>
  <code code="C1511">
    <editdetail attribution="Reuters BIP Coding Group" action="confirmed" date="1997-06-17"/>
  </code>
  <code code="CCAT">
    <editdetail attribution="Reuters BIP Coding Group" action="confirmed" date="1997-06-17"/>
  </code>
</codes>
<dc element="dc.date.created" value="1997-06-17"/>
<dc element="dc.publisher" value="Reuters Holdings Plc"/>
<dc element="dc.date.published" value="1997-06-17"/>
<dc element="dc.source" value="Reuters"/>
<dc element="dc.creator.location" value="ANKENY, Iowa."/>
<dc element="dc.creator.location.country.name" value="USA"/>
<dc element="dc.source" value="Reuters"/>
</metadata>
</newsitem>
