<?xml version="1.0" encoding="iso-8859-1" ?>
<newsitem itemid="665629" id="root" date="1997-06-17" xml:lang="en">
<title>USA: Countrywide Q1 diluted shr $0.64 vs $0.58.</title>
<headline>Countrywide Q1 diluted shr $0.64 vs $0.58.</headline>
<dateline>CALABASAS, Calif. 1997-06-17</dateline>
<text>
<p>Countrywide Credit Industries, Inc.</p>
<p>		 CONSOLIDATED STATEMENTS OF EARNINGS (unaudited)</p>
<p>					     Three Months Ended</p>
<p>						    May 31,</p>
<p>(Dollar amounts in thousands,</p>
<p>   except share data)		  1997	  1996  % Change</p>
<p>Revenues</p>
<p>   Loan origination fees	   $53,499	$55,949    (4%)</p>
<p>   Gain on sale of loans	    90,235	 47,080     92%</p>
<p>     Loan production revenue     143,734	103,029     40%</p>
<p>   Interest earned		    82,180	 88,848    (8%)</p>
<p>   Interest charges		 (81,834)     (77,066)	6%</p>
<p>     Net interest income		 346	 11,782   (97%)</p>
<p>   Loan servicing income	   214,315	179,274     20%</p>
<p>Amortization and impairment/</p>
<p>recovery of mortgage servicing</p>
<p>    rights			    (25,956)	 48,285  (154%)</p>
<p>   Servicing hedge expense	(44,743)    (100,426)   (55%)</p>
<p>Net loan administration income</p>
<p>					   143,616	127,133     13%</p>
<p>Commissions, fees and other income</p>
<p>					    30,949	 21,338     45%</p>
<p>	 Total revenues		318,645	263,282     21%</p>
<p>Expenses</p>
<p>   Salaries and related expenses  88,041	 68,998     28%</p>
<p>Occupancy and other office</p>
<p>     expenses			   38,066	 29,898     27%</p>
<p>   Guarantee fees		     42,576	 37,501     14%</p>
<p>   Marketing expenses		 10,320	  8,824     17%</p>
<p>   Other operating expenses	 24,939	 18,677     34%</p>
<p>     Total expenses		  203,942	163,898     24%</p>
<p> Earnings before income taxes    114,703	 99,384     15%</p>
<p>   Provision for income taxes     44,734	 38,760     15%</p>
<p> NET EARNINGS			   69,969	 60,624     15%</p>
<p>Earnings per Share</p>
<p>   Primary				  0.64	   0.58     10%</p>
<p>   Fully Diluted			  0.64	   0.58     10%</p>
<p>Weighted Average Shares Outstanding</p>
<p>   Primary			 109,257,000  104,210,000	5%</p>
<p>   Fully Diluted		 109,257,000  104,426,000	5%</p>
</text>
<copyright>(c) Reuters Limited 1997</copyright>
<metadata>
<codes class="bip:countries:1.0">
  <code code="USA">
    <editdetail attribution="Reuters BIP Coding Group" action="confirmed" date="1997-06-17"/>
  </code>
</codes>
<codes class="bip:industries:1.0">
  <code code="I81501">
    <editdetail attribution="Reuters BIP Coding Group" action="confirmed" date="1997-06-17"/>
  </code>
  <code code="I8150103">
    <editdetail attribution="Reuters BIP Coding Group" action="confirmed" date="1997-06-17"/>
  </code>
</codes>
<codes class="bip:topics:1.0">
  <code code="C15">
    <editdetail attribution="Reuters BIP Coding Group" action="confirmed" date="1997-06-17"/>
  </code>
  <code code="C151">
    <editdetail attribution="Reuters BIP Coding Group" action="confirmed" date="1997-06-17"/>
  </code>
  <code code="CCAT">
    <editdetail attribution="Reuters BIP Coding Group" action="confirmed" date="1997-06-17"/>
  </code>
</codes>
<dc element="dc.date.created" value="1997-06-17"/>
<dc element="dc.publisher" value="Reuters Holdings Plc"/>
<dc element="dc.date.published" value="1997-06-17"/>
<dc element="dc.source" value="Reuters"/>
<dc element="dc.creator.location" value="CALABASAS, Calif."/>
<dc element="dc.creator.location.country.name" value="USA"/>
<dc element="dc.source" value="Reuters"/>
</metadata>
</newsitem>
