<?xml version="1.0" encoding="iso-8859-1" ?>
<newsitem itemid="665691" id="root" date="1997-06-17" xml:lang="en">
<title>USA: First Team sees Q1 above expectations.</title>
<headline>First Team sees Q1 above expectations.</headline>
<dateline>MINNEAPOLIS 1997-06-17</dateline>
<text>
<p>First Team Sports Inc, which makes in-line skates, said Tuesday it expects results for the first quarter ended May 31 to exceed analysts' estimates.</p>
<p>The company said it expects revenues to slightly exceed $26 million, while earnings will range from $0.31 to $0.33 a share.</p>
<p>Analysts' expectations are for revenues of $25-$26 million and earnings of $0.28-$0.30 a share.  </p>
<p>In the year-ago first quarter it earned $0.48 a share on sales of $30.6 million.</p>
<p>&quot;The in-line category is still feeling the effects of some excess inventory in the marketplace,&quot; John Egart, president, said in a statement. &quot;This, coupled with poor spring weather conditions throughout some key retail areas in the U.S. and Europe, has kept sales below the previous year.&quot;</p>
<p>However, he said company efforts to build its UltraWheels branded products had resulted in a modest increase over last year's first quarter sales for that product line.</p>
<p>&quot;Although we are still working through what we believe to be the end of an excess inventory situation at retail, especially the lower-priced products, we are realizing good results from our new spring offerings,&quot; Egart said.</p>
<p>He said First Team was late in delivering its new UltraWheels Softec line to retailers, which also delayed the re-order business in the first quarter. But he said the line has been very well received by consumers and initial sales are encouraging.</p>
<p>&quot;In addition, we believe we are continuing to gain shelf space with both new and existing customers,&quot; Egart said.</p>
<p>((Chicago Newsdesk (312) 408-8787))</p>
</text>
<copyright>(c) Reuters Limited 1997</copyright>
<metadata>
<codes class="bip:countries:1.0">
  <code code="USA">
    <editdetail attribution="Reuters BIP Coding Group" action="confirmed" date="1997-06-17"/>
  </code>
</codes>
<codes class="bip:industries:1.0">
  <code code="I49420">
    <editdetail attribution="Reuters BIP Coding Group" action="confirmed" date="1997-06-17"/>
  </code>
</codes>
<codes class="bip:topics:1.0">
  <code code="C15">
    <editdetail attribution="Reuters BIP Coding Group" action="confirmed" date="1997-06-17"/>
  </code>
  <code code="C152">
    <editdetail attribution="Reuters BIP Coding Group" action="confirmed" date="1997-06-17"/>
  </code>
  <code code="CCAT">
    <editdetail attribution="Reuters BIP Coding Group" action="confirmed" date="1997-06-17"/>
  </code>
</codes>
<dc element="dc.date.created" value="1997-06-17"/>
<dc element="dc.publisher" value="Reuters Holdings Plc"/>
<dc element="dc.date.published" value="1997-06-17"/>
<dc element="dc.source" value="Reuters"/>
<dc element="dc.creator.location" value="MINNEAPOLIS"/>
<dc element="dc.creator.location.country.name" value="USA"/>
<dc element="dc.source" value="Reuters"/>
</metadata>
</newsitem>
