<?xml version="1.0" encoding="iso-8859-1" ?>
<newsitem itemid="665666" id="root" date="1997-06-17" xml:lang="en">
<title>USA: RESEARCH ALERT - Micron Technology lowered.</title>
<headline>RESEARCH ALERT - Micron Technology lowered.</headline>
<dateline>NEW YORK 1997-06-17</dateline>
<text>
<p>CS First Boston said on Tuesday it lowered its rating on the shares of Micron Technology Inc to hold from buy, because of valuation.</p>
<p>-- Analyst Jack Geraghty was not immediately available to provide further details.</p>
<p>-- Micron Technology posted third quarter earnings of $96.8 million or $0.44 per share, up from $58.2 million or $0.27 per share in the year-ago quarter.</p>
<p>-- Micron sales rose to $965 million from $771 million.</p>
<p>-- Micron Technology stock was off 5/8 at 41-1/8.</p>
<p>((Wall Street desk 212-859-1730))</p>
</text>
<copyright>(c) Reuters Limited 1997</copyright>
<metadata>
<codes class="bip:countries:1.0">
  <code code="USA">
    <editdetail attribution="Reuters BIP Coding Group" action="confirmed" date="1997-06-17"/>
  </code>
</codes>
<codes class="bip:industries:1.0">
  <code code="I34531">
    <editdetail attribution="Reuters BIP Coding Group" action="confirmed" date="1997-06-17"/>
  </code>
</codes>
<codes class="bip:topics:1.0">
  <code code="C15">
    <editdetail attribution="Reuters BIP Coding Group" action="confirmed" date="1997-06-17"/>
  </code>
  <code code="C152">
    <editdetail attribution="Reuters BIP Coding Group" action="confirmed" date="1997-06-17"/>
  </code>
  <code code="CCAT">
    <editdetail attribution="Reuters BIP Coding Group" action="confirmed" date="1997-06-17"/>
  </code>
</codes>
<dc element="dc.date.created" value="1997-06-17"/>
<dc element="dc.publisher" value="Reuters Holdings Plc"/>
<dc element="dc.date.published" value="1997-06-17"/>
<dc element="dc.source" value="Reuters"/>
<dc element="dc.creator.location" value="NEW YORK"/>
<dc element="dc.creator.location.country.name" value="USA"/>
<dc element="dc.source" value="Reuters"/>
</metadata>
</newsitem>
