<?xml version="1.0" encoding="iso-8859-1" ?>
<newsitem itemid="665611" id="root" date="1997-06-17" xml:lang="en">
<title>USA: Food Concepts says merger talks progress.</title>
<headline>Food Concepts says merger talks progress.</headline>
<dateline>COCONUT CREEK, Fla. 1997-06-17</dateline>
<text>
<p>Food Concepts Inc said Tuesday that it has made &quot;significant progress&quot; toward a merger with Colonial Coffee Roasters and said it expects a definitive agreement in the next few weeks.</p>
<p>Combined revenues of the two companies would more than double the existing sales of Food Concepts, the company said.</p>
<p>The planned merger would not only add over a million dollars in revenues to Food Concepts, but also would increase their roasting capacity three-fold, Food Concepts said.</p>
</text>
<copyright>(c) Reuters Limited 1997</copyright>
<metadata>
<codes class="bip:countries:1.0">
  <code code="USA">
    <editdetail attribution="Reuters BIP Coding Group" action="confirmed" date="1997-06-17"/>
  </code>
</codes>
<codes class="bip:topics:1.0">
  <code code="C18">
    <editdetail attribution="Reuters BIP Coding Group" action="confirmed" date="1997-06-17"/>
  </code>
  <code code="C181">
    <editdetail attribution="Reuters BIP Coding Group" action="confirmed" date="1997-06-17"/>
  </code>
  <code code="CCAT">
    <editdetail attribution="Reuters BIP Coding Group" action="confirmed" date="1997-06-17"/>
  </code>
</codes>
<dc element="dc.date.created" value="1997-06-17"/>
<dc element="dc.publisher" value="Reuters Holdings Plc"/>
<dc element="dc.date.published" value="1997-06-17"/>
<dc element="dc.source" value="Reuters"/>
<dc element="dc.creator.location" value="COCONUT CREEK, Fla."/>
<dc element="dc.creator.location.country.name" value="USA"/>
<dc element="dc.source" value="Reuters"/>
</metadata>
</newsitem>
