<?xml version="1.0" encoding="iso-8859-1" ?>
<newsitem itemid="665620" id="root" date="1997-06-17" xml:lang="en">
<title>USA: Capital One to buy JCPenney unit deposit franchise.</title>
<headline>Capital One to buy JCPenney unit deposit franchise.</headline>
<dateline>FALLS CHURCH, Va. 1997-06-17</dateline>
<text>
<p>Capital One FSB said Tuesday it has reached an agreement to buy the national retail deposit franchise of JCPenney National Bank, a unit of retailer J.C. Penney Co Inc.</p>
<p>Terms of the sale were not disclosed.</p>
<p>Capital One said the JCPenney bank's deposit balances are approximately $425 million and the acquisition is expected to close in early October, subject to regulatory approval/</p>
<p>Capital One operates subsidiaries that are among the largest providers of MasterCard and Visa credit cards in the U.S.  </p>
<p>Dave Willey, senior vice preisdent of Captial One, said the acquisition will diversify Capital One's retail funding business.</p>
<p>Earlier this year, JCPenney National Bank sold its bank credit card portfolio of about $740 million to Associates First Capital Corp of Dallas.</p>
<p>In May the bank agreed to sell its branch network and realated assets for undisclosed terms to the First National Bank of Wyoming.</p>
</text>
<copyright>(c) Reuters Limited 1997</copyright>
<metadata>
<codes class="bip:countries:1.0">
  <code code="USA">
    <editdetail attribution="Reuters BIP Coding Group" action="confirmed" date="1997-06-17"/>
  </code>
</codes>
<codes class="bip:industries:1.0">
  <code code="I65600">
    <editdetail attribution="Reuters BIP Coding Group" action="confirmed" date="1997-06-17"/>
  </code>
  <code code="I6560002">
    <editdetail attribution="Reuters BIP Coding Group" action="confirmed" date="1997-06-17"/>
  </code>
  <code code="I81402">
    <editdetail attribution="Reuters BIP Coding Group" action="confirmed" date="1997-06-17"/>
  </code>
  <code code="I81501">
    <editdetail attribution="Reuters BIP Coding Group" action="confirmed" date="1997-06-17"/>
  </code>
  <code code="I8150108">
    <editdetail attribution="Reuters BIP Coding Group" action="confirmed" date="1997-06-17"/>
  </code>
</codes>
<codes class="bip:topics:1.0">
  <code code="C18">
    <editdetail attribution="Reuters BIP Coding Group" action="confirmed" date="1997-06-17"/>
  </code>
  <code code="C181">
    <editdetail attribution="Reuters BIP Coding Group" action="confirmed" date="1997-06-17"/>
  </code>
  <code code="CCAT">
    <editdetail attribution="Reuters BIP Coding Group" action="confirmed" date="1997-06-17"/>
  </code>
</codes>
<dc element="dc.date.created" value="1997-06-17"/>
<dc element="dc.publisher" value="Reuters Holdings Plc"/>
<dc element="dc.date.published" value="1997-06-17"/>
<dc element="dc.source" value="Reuters"/>
<dc element="dc.creator.location" value="FALLS CHURCH, Va."/>
<dc element="dc.creator.location.country.name" value="USA"/>
<dc element="dc.source" value="Reuters"/>
</metadata>
</newsitem>
