<?xml version="1.0" encoding="iso-8859-1" ?>
<newsitem itemid="665618" id="root" date="1997-06-17" xml:lang="en">
<title>USA: RESEARCH ALERT - Panamerican Beverage cut.</title>
<headline>RESEARCH ALERT - Panamerican Beverage cut.</headline>
<dateline>NEW YORK 1997-06-17</dateline>
<text>
<p>CS First Boston said on Tuesday that it lowered its rating on the shares of Panamerican Beverages Inc to hold from buy.</p>
<p>-- Further details were not immediately available.</p>
<p>-- Panamerican Beverages Inc's was off 1/4 at 32-7/8.</p>
<p>((Wall Street desk 212-859-1730))</p>
</text>
<copyright>(c) Reuters Limited 1997</copyright>
<metadata>
<codes class="bip:countries:1.0">
  <code code="USA">
    <editdetail attribution="Reuters BIP Coding Group" action="confirmed" date="1997-06-17"/>
  </code>
</codes>
<codes class="bip:industries:1.0">
  <code code="I42800">
    <editdetail attribution="Reuters BIP Coding Group" action="confirmed" date="1997-06-17"/>
  </code>
</codes>
<codes class="bip:topics:1.0">
  <code code="C15">
    <editdetail attribution="Reuters BIP Coding Group" action="confirmed" date="1997-06-17"/>
  </code>
  <code code="C152">
    <editdetail attribution="Reuters BIP Coding Group" action="confirmed" date="1997-06-17"/>
  </code>
  <code code="CCAT">
    <editdetail attribution="Reuters BIP Coding Group" action="confirmed" date="1997-06-17"/>
  </code>
</codes>
<dc element="dc.date.created" value="1997-06-17"/>
<dc element="dc.publisher" value="Reuters Holdings Plc"/>
<dc element="dc.date.published" value="1997-06-17"/>
<dc element="dc.source" value="Reuters"/>
<dc element="dc.creator.location" value="NEW YORK"/>
<dc element="dc.creator.location.country.name" value="USA"/>
<dc element="dc.source" value="Reuters"/>
</metadata>
</newsitem>
