<?xml version="1.0" encoding="iso-8859-1" ?>
<newsitem itemid="665721" id="root" date="1997-06-17" xml:lang="en">
<title>USA: Apollo Group Inc Q3 May 31 share rises.</title>
<headline>Apollo Group Inc Q3 May 31 share rises.</headline>
<dateline>PHOENIX 1997-06-17</dateline>
<text>
<p>Selected Financial and Operating Data (unaudited)</p>
<p>		 (Dollars in thousands, except per share amounts)</p>
<p>				Three Months Ended  Nine Months Ended</p>
<p>				 May 31,    May 31,  May 31,  May 31,</p>
<p>				    1997	 1996     1997     1996</p>
<p> Total net revenues	  77,842    58,991  206,477  155,076</p>
<p> Total costs and expenses  58,586    46,050  166,588  129,571</p>
<p>Income before income taxes</p>
<p>				   19,256    12,941   39,889   25,505</p>
<p>Less provision for income</p>
<p>  taxes			   7,702     5,241   15,954   10,330</p>
<p> Net income		    11,554     7,700   23,935   15,175</p>
<p> Net income per share	   .22	 .15	.46	.30</p>
<p>Weighted average shares</p>
<p>			51,827,000 51,457,000 51,747,000 51,054,000</p>
<p>-- New York Newsdesk 212 859-1610</p>
</text>
<copyright>(c) Reuters Limited 1997</copyright>
<metadata>
<codes class="bip:countries:1.0">
  <code code="USA">
    <editdetail attribution="Reuters BIP Coding Group" action="confirmed" date="1997-06-17"/>
  </code>
</codes>
<codes class="bip:topics:1.0">
  <code code="C15">
    <editdetail attribution="Reuters BIP Coding Group" action="confirmed" date="1997-06-17"/>
  </code>
  <code code="C151">
    <editdetail attribution="Reuters BIP Coding Group" action="confirmed" date="1997-06-17"/>
  </code>
  <code code="CCAT">
    <editdetail attribution="Reuters BIP Coding Group" action="confirmed" date="1997-06-17"/>
  </code>
</codes>
<dc element="dc.date.created" value="1997-06-17"/>
<dc element="dc.publisher" value="Reuters Holdings Plc"/>
<dc element="dc.date.published" value="1997-06-17"/>
<dc element="dc.source" value="Reuters"/>
<dc element="dc.creator.location" value="PHOENIX"/>
<dc element="dc.creator.location.country.name" value="USA"/>
<dc element="dc.source" value="Reuters"/>
</metadata>
</newsitem>
