<?xml version="1.0" encoding="iso-8859-1" ?>
<newsitem itemid="665772" id="root" date="1997-06-17" xml:lang="en">
<title>USA: Circon board reviewing revised bid.</title>
<headline>Circon board reviewing revised bid.</headline>
<dateline>NEW YORK 1997-06-16</dateline>
<text>
<p>Circon Corp said Monday it is asking its shareholders to await a board recommendation on the revised bid from U.S. Surgical Corp.</p>
<p>Earlier in the day U.S. Surgical announced that it was reducing its cash tender offer to purchase Circon to $14.50 a share.</p>
<p>U.S. Surgical has been trying to acquire Circon since August, 1996, when it offered $18 a share.</p>
<p>U.S. Surgical also said it was considering a proxy contest to nominate two independent directors to Circon's board to strengthen its effort to take over the supplier of urological and gynecological surgery products.</p>
<p>In a statement, Circon said that its board will review U.S. Surgical's revised bid.</p>
<p>&quot;Shareholders need not take any action at this time,&quot; the statement said, adding that shareholders should await board recommendation.</p>
</text>
<copyright>(c) Reuters Limited 1997</copyright>
<metadata>
<codes class="bip:countries:1.0">
  <code code="USA">
    <editdetail attribution="Reuters BIP Coding Group" action="confirmed" date="1997-06-17"/>
  </code>
</codes>
<codes class="bip:industries:1.0">
  <code code="I37200">
    <editdetail attribution="Reuters BIP Coding Group" action="confirmed" date="1997-06-17"/>
  </code>
</codes>
<codes class="bip:topics:1.0">
  <code code="C18">
    <editdetail attribution="Reuters BIP Coding Group" action="confirmed" date="1997-06-17"/>
  </code>
  <code code="C181">
    <editdetail attribution="Reuters BIP Coding Group" action="confirmed" date="1997-06-17"/>
  </code>
  <code code="CCAT">
    <editdetail attribution="Reuters BIP Coding Group" action="confirmed" date="1997-06-17"/>
  </code>
</codes>
<dc element="dc.date.created" value="1997-06-16"/>
<dc element="dc.publisher" value="Reuters Holdings Plc"/>
<dc element="dc.date.published" value="1997-06-17"/>
<dc element="dc.source" value="Reuters"/>
<dc element="dc.creator.location" value="NEW YORK"/>
<dc element="dc.creator.location.country.name" value="USA"/>
<dc element="dc.source" value="Reuters"/>
</metadata>
</newsitem>
