<?xml version="1.0" encoding="iso-8859-1" ?>
<newsitem itemid="665771" id="root" date="1997-06-17" xml:lang="en">
<title>USA: CalPERS unveils governance proposal for U.S. cos.</title>
<headline>CalPERS unveils governance proposal for U.S. cos.</headline>
<dateline>SACRAMENTO, Calif. 1997-06-16</dateline>
<text>
<p>California's Public Employees' Retirement System -- the nation's largest public pension fund -- unveiled Monday a set of proposed governance guidelines for U.S. companies in its $113 billion portfolio.</p>
<p>The proposed &quot;corporate governance&quot; principles for the U.S. market were designed to boost the independence and accountability of company boards, and the value of the system's domestic stock holdings, CalPERS staff said.</p>
<p>The CalPERS investment committee was expected to vote on the staff proposal at Monday's meeting in Sacramento, but instead deferred action to study the guidelines further.  </p>
<p>The committee may vote on the plan at its scheduled meeting in August, a spokesman for the pension system said.</p>
<p>Under the proposed principles for U.S. companies:</p>
<p>* A majority of a company's board would consist of directors who are independent. No director would be considered independent after having served 10 or more years on the company's board. Ideally, no more than 10 percent of the directors would be over the age of 70.</p>
<p>* When the chair of a company's board also serves as the company's chief executive officer, the board should designate an independent director who acts in a lead capacity.  </p>
<p>* Company directors would be compensated with a combination of cash and stock. Ideally, CalPERS said at least 50 percent of a director's total compensation would be stock.</p>
<p>* A company's board would adopt a written statement of its own governance principles and re-evaluate them every two to three years. The board would also set performance criteria for itself and individual goals for its directors.</p>
<p>If approved by CalPERS later this year, the pension fund would ask the top 300 companies in its U.S. portfolio to address these principles. CalPERS would then issue a report that would evaluate their efforts.  </p>
<p>Companies that fail to comply with the proposed standards could face corporate governance fights and board shakeups, CalPERS staff said.</p>
<p>In March, CalPERS adopted similar corporate governance principles for France and Germany.</p>
<p>CalPERS is the largest public pension fund in the United States and the third largest in the world, with assets totaling more than $113 billion.</p>
<p>The fund provides retirement and health benefits to more than one million public employees and their families.</p>
<p>((- Adam Entous, 415-677-2511))</p>
</text>
<copyright>(c) Reuters Limited 1997</copyright>
<metadata>
<codes class="bip:countries:1.0">
  <code code="USA">
    <editdetail attribution="Reuters BIP Coding Group" action="confirmed" date="1997-06-17"/>
  </code>
</codes>
<codes class="bip:industries:1.0">
  <code code="I81502">
    <editdetail attribution="Reuters BIP Coding Group" action="confirmed" date="1997-06-17"/>
  </code>
  <code code="I8150214">
    <editdetail attribution="Reuters BIP Coding Group" action="confirmed" date="1997-06-17"/>
  </code>
</codes>
<codes class="bip:topics:1.0">
  <code code="C13">
    <editdetail attribution="Reuters BIP Coding Group" action="confirmed" date="1997-06-17"/>
  </code>
  <code code="C21">
    <editdetail attribution="Reuters BIP Coding Group" action="confirmed" date="1997-06-17"/>
  </code>
  <code code="C41">
    <editdetail attribution="Reuters BIP Coding Group" action="confirmed" date="1997-06-17"/>
  </code>
  <code code="CCAT">
    <editdetail attribution="Reuters BIP Coding Group" action="confirmed" date="1997-06-17"/>
  </code>
</codes>
<dc element="dc.date.created" value="1997-06-16"/>
<dc element="dc.publisher" value="Reuters Holdings Plc"/>
<dc element="dc.date.published" value="1997-06-17"/>
<dc element="dc.source" value="Reuters"/>
<dc element="dc.creator.location" value="SACRAMENTO, Calif."/>
<dc element="dc.creator.location.country.name" value="USA"/>
<dc element="dc.source" value="Reuters"/>
</metadata>
</newsitem>
