<?xml version="1.0" encoding="iso-8859-1" ?>
<newsitem itemid="665759" id="root" date="1997-06-17" xml:lang="en">
<title>USA: INTERVIEW-Shoney's dissident seeks CEO post.</title>
<headline>INTERVIEW-Shoney's dissident seeks CEO post.</headline>
<dateline>NEW YORK 1997-06-16</dateline>
<text>
<p>Raymond Schoenbaum, son of the man who founded Shoney's restaurants, aims to be chairman and chief executive of the company if he is successful in his proxy fight to replace the company's board.</p>
<p>&quot;I plan to turn the company around and make it successful,&quot; Schoenbaum, the son of founder Alex Schoenbaum, said in an interview. &quot;We have taken a lot of wrong paths in the past few years.&quot;  </p>
<p>Schoenbaum and his mother, who formed the Shoney's Shareholders Committee with their eight percent stake, filed to call for a special shareholder meeting to replace Shoney's board, amend its bylaws to keep only seven directors and repeal any amendments to the by-laws that have not been approved by shareholders since February 18, 1996.</p>
<p>Schoenbaum said food quality is the top problem at the chain, which posted $1.1 billion in sales for the year ended October 1996.</p>
<p>Shoney's chief administrative officer W. Craig Barber said he was &quot;surprised&quot; by Schoenbaum's plan to replace the board.  </p>
<p>Barber noted that the Schoenbaum family has been represented on the board since the 1970s and Schoenbaum's brother has served on the board since 1996.</p>
<p>Shoney's board was re-elected three months ago with 80 percent of the vote, Barber said.</p>
<p>Schoenbaum, who has operated restaurant chains independently of Shoney's and taken a leave of absence from Applebee's International Inc's board, said he has offered his advice to improve the restaurant chain's operations, but Shoney's has not been receptive.</p>
<p>Schoenbaum said Shoney's share price has fallen sharply since 1993, while the number of customers coming into its restaurants has declined.</p>
<p>Barber declined to comment about the state of the company's share price, which closed at 6-1/2, up 1/8.</p>
<p>Schoenbaum said the move to replace the board is not meant to cast aspersions upon his brother, but to improve the chain which had a stock price as high as 25 in 1993.</p>
<p>Schoenbaum said he would not put the company up for sale if he won the proxy fight to replace the board and he is not planning to buy any more Shoney's stock.</p>
<p>&quot;Shoney's is part of my family's legacy,&quot; he said.</p>
</text>
<copyright>(c) Reuters Limited 1997</copyright>
<metadata>
<codes class="bip:countries:1.0">
  <code code="USA">
    <editdetail attribution="Reuters BIP Coding Group" action="confirmed" date="1997-06-17"/>
  </code>
</codes>
<codes class="bip:industries:1.0">
  <code code="I66100">
    <editdetail attribution="Reuters BIP Coding Group" action="confirmed" date="1997-06-17"/>
  </code>
</codes>
<codes class="bip:topics:1.0">
  <code code="C41">
    <editdetail attribution="Reuters BIP Coding Group" action="confirmed" date="1997-06-17"/>
  </code>
  <code code="C411">
    <editdetail attribution="Reuters BIP Coding Group" action="confirmed" date="1997-06-17"/>
  </code>
  <code code="CCAT">
    <editdetail attribution="Reuters BIP Coding Group" action="confirmed" date="1997-06-17"/>
  </code>
</codes>
<dc element="dc.date.created" value="1997-06-16"/>
<dc element="dc.publisher" value="Reuters Holdings Plc"/>
<dc element="dc.date.published" value="1997-06-17"/>
<dc element="dc.source" value="Reuters"/>
<dc element="dc.creator.location" value="NEW YORK"/>
<dc element="dc.creator.location.country.name" value="USA"/>
<dc element="dc.source" value="Reuters"/>
</metadata>
</newsitem>
