<?xml version="1.0" encoding="iso-8859-1" ?>
<newsitem itemid="665766" id="root" date="1997-06-17" xml:lang="en">
<title>USA: Micron profit rose 66 percent in 3rd quarter.</title>
<headline>Micron profit rose 66 percent in 3rd quarter.</headline>
<dateline>BOISE, Idaho 1997-06-16</dateline>
<text>
<p>Micron Technology Inc. said Monday its earnings rose a better-than-expected 66 percent for the latest quarter, boosted by higher prices for its computer memory chips.</p>
<p>Micron, based in Boise, Idaho, said net income jumped to $96.8 million, or 44 cents a share, for its third quarter ended on June 16, from $58.2 million, or 27 cents, a year earlier. Sales rose 25 percent to $965 million from $771 million.</p>
<p>Wall Street expected Micron to earn 38 cents a share, according to Zacks Investment Research, which tracks analysts' estimates.</p>
<p>Micron, one of the world's largest makers of computer memory chips, said profits improved as it got better at producing a new generation of chips using more advanced technology.</p>
<p>Micron also makes personal computers. PC sales rose 29 percent to $361.8 million in the third quarter from $280.3 million a year ago.</p>
<p>Gross margins on semiconductor products rose to 49 percent in the third quarter compared with 32 percent in the second quarter and 38 percent in the year-ago quarter. Gross margins is a measure of how much the company earns for each dollar of products sold.</p>
<p>The company also benefitted from an increase in prices for dynamic random-access memory chips.</p>
<p>But Micron said falling PC prices and customers' preferences for Micron's low-priced PC products hurt gross margins in its PC business. The third-quarter PC gross margin was 15 percent, down from 17 percent in the second quarter and 16 percent in last year's third quarter.</p>
<p>Micron said it continues to see pressure on its PC gross margins as competitors cut prices.</p>
<p>Micron released its earnings after the market had closed. Its shares had risen $1.75 to $42.50, partly in anticipation of a good quarter, analysts said.</p>
</text>
<copyright>(c) Reuters Limited 1997</copyright>
<metadata>
<codes class="bip:countries:1.0">
  <code code="USA">
    <editdetail attribution="Reuters BIP Coding Group" action="confirmed" date="1997-06-17"/>
  </code>
</codes>
<codes class="bip:industries:1.0">
  <code code="I34531">
    <editdetail attribution="Reuters BIP Coding Group" action="confirmed" date="1997-06-17"/>
  </code>
</codes>
<codes class="bip:topics:1.0">
  <code code="C15">
    <editdetail attribution="Reuters BIP Coding Group" action="confirmed" date="1997-06-17"/>
  </code>
  <code code="C151">
    <editdetail attribution="Reuters BIP Coding Group" action="confirmed" date="1997-06-17"/>
  </code>
  <code code="CCAT">
    <editdetail attribution="Reuters BIP Coding Group" action="confirmed" date="1997-06-17"/>
  </code>
</codes>
<dc element="dc.date.created" value="1997-06-16"/>
<dc element="dc.publisher" value="Reuters Holdings Plc"/>
<dc element="dc.date.published" value="1997-06-17"/>
<dc element="dc.source" value="Reuters"/>
<dc element="dc.creator.location" value="BOISE, Idaho"/>
<dc element="dc.creator.location.country.name" value="USA"/>
<dc element="dc.source" value="Reuters"/>
</metadata>
</newsitem>
