<?xml version="1.0" encoding="iso-8859-1" ?>
<newsitem itemid="665719" id="root" date="1997-06-17" xml:lang="en">
<title>USA: Wall Street's open hinges on CPI data.</title>
<headline>Wall Street's open hinges on CPI data.</headline>
<byline>Patricia Willens</byline>
<dateline>NEW YORK 1997-06-17</dateline>
<text>
<p>The direction of Wall Street stocks on Tuesday will depend on how the market interprets key economic data, including the May U.S. Consumer Price Index.</p>
<p>Analysts said the CPI data and housing starts, both due at 0830 EDT/1230 GMT, as well as industrial production, due at 0915 EDT/1315 GMT, will provide clues as to the strength of the economy and the chances of the Federal Reserve raising interest rates next month.  </p>
<p>Analysts said the data could either carry the stock market to another high or dampen the recent bullish outlook.</p>
<p>&quot;On the whole, the market is going to take its cue from the economic data today,&quot; said Peter Cardillo, director of research at Westfalia Investments.</p>
<p>&quot;A lot will depend on the numbers,&quot; said Larry Wachtel, a market analyst at Prudential Securities.  </p>
<p>Economists are predicting a CPI rise of 0.2 percent for May, after a 0.1 percent April rise. &quot;Core&quot; CPI, which excludes food and energy items, is expected to be up 0.2 percent, compared to a 0.3 percent rise in April.</p>
<p>Housing starts are seen as flat, with new starts occurring at an adjusted annual rate of 1.47 million in May, compared to 1.473 million in April.</p>
<p>May industrial production is seen rising 0.2 percent after being flat in April. Capacity utilization is forecast at 83.4 percent, unchanged from April.  </p>
<p>Japan's Nikkei average closed lower, down 87.41 points, or 0.42 percent, at 20,593.66.</p>
<p>In London the FTSE 100 was down 44.7 points at 4700.4. U.S. stocks traded in London were firm in light trading as investors awaited the release of the CPI.</p>
<p>The dollar edged lower against the yen, trading at 113.00/10 yen. In Europe the dollar was trading at 1.7355/62 marks.  </p>
<p>The Wall Street Journal said in its Heard on the Street column that the Russell small-cap indexes are about to undergo an overhaul, with younger and more technology-driven stocks replacing older members.</p>
<p>The New York Times said in its Market Place column that real estate investment trusts have started to own property outright, especially office buildings, and are now hot properties themselves among investors.</p>
<p>((--Wall Street Desk 212-859-1730))</p>
</text>
<copyright>(c) Reuters Limited 1997</copyright>
<metadata>
<codes class="bip:countries:1.0">
  <code code="USA">
    <editdetail attribution="Reuters BIP Coding Group" action="confirmed" date="1997-06-17"/>
  </code>
</codes>
<codes class="bip:topics:1.0">
  <code code="M11">
    <editdetail attribution="Reuters BIP Coding Group" action="confirmed" date="1997-06-17"/>
  </code>
  <code code="MCAT">
    <editdetail attribution="Reuters BIP Coding Group" action="confirmed" date="1997-06-17"/>
  </code>
</codes>
<dc element="dc.date.created" value="1997-06-17"/>
<dc element="dc.publisher" value="Reuters Holdings Plc"/>
<dc element="dc.date.published" value="1997-06-17"/>
<dc element="dc.source" value="Reuters"/>
<dc element="dc.creator.location" value="NEW YORK"/>
<dc element="dc.creator.location.country.name" value="USA"/>
<dc element="dc.source" value="Reuters"/>
</metadata>
</newsitem>
