<?xml version="1.0" encoding="iso-8859-1" ?>
<newsitem itemid="665700" id="root" date="1997-06-17" xml:lang="en">
<title>USA: Countrywide Credit Industries Inc Q1 shr up.</title>
<headline>Countrywide Credit Industries Inc Q1 shr up.</headline>
<dateline>CALABASAS, Calif. 1997-06-17</dateline>
<text>
<p>CONSOLIDATED STATEMENTS OF EARNINGS (unaudited)</p>
<p>Three Months Ended May 31</p>
<p>(Dollar amounts in thousands,except share data)</p>
<p>				  1997	1996   % Change</p>
<p> Total revenues	     318,645   263,282    21%</p>
<p> Total expenses	     203,942   163,898    24%</p>
<p>Earnings before income taxes  114,703  99,384 15%</p>
<p> Provision for income taxes    44,734  38,760  15%</p>
<p> NET EARNINGS		  69,969  60,624	15%</p>
<p>Earnings per Share</p>
<p>   Primary			$0.64	 0.58   10%</p>
<p>   Fully Diluted		 0.64	 0.58   10%</p>
<p>Weighted Average Shares Outstanding</p>
<p>   Primary	  109,257,000  104,210,000	5%</p>
<p>   Fully Diluted  109,257,000  104,426,000	5%</p>
<p>---New York Newsdesk 212-859-1610</p>
</text>
<copyright>(c) Reuters Limited 1997</copyright>
<metadata>
<codes class="bip:countries:1.0">
  <code code="USA">
    <editdetail attribution="Reuters BIP Coding Group" action="confirmed" date="1997-06-17"/>
  </code>
</codes>
<codes class="bip:industries:1.0">
  <code code="I81501">
    <editdetail attribution="Reuters BIP Coding Group" action="confirmed" date="1997-06-17"/>
  </code>
  <code code="I8150103">
    <editdetail attribution="Reuters BIP Coding Group" action="confirmed" date="1997-06-17"/>
  </code>
</codes>
<codes class="bip:topics:1.0">
  <code code="C15">
    <editdetail attribution="Reuters BIP Coding Group" action="confirmed" date="1997-06-17"/>
  </code>
  <code code="C151">
    <editdetail attribution="Reuters BIP Coding Group" action="confirmed" date="1997-06-17"/>
  </code>
  <code code="CCAT">
    <editdetail attribution="Reuters BIP Coding Group" action="confirmed" date="1997-06-17"/>
  </code>
</codes>
<dc element="dc.date.created" value="1997-06-17"/>
<dc element="dc.publisher" value="Reuters Holdings Plc"/>
<dc element="dc.date.published" value="1997-06-17"/>
<dc element="dc.source" value="Reuters"/>
<dc element="dc.creator.location" value="CALABASAS, Calif."/>
<dc element="dc.creator.location.country.name" value="USA"/>
<dc element="dc.source" value="Reuters"/>
</metadata>
</newsitem>
