<?xml version="1.0" encoding="iso-8859-1" ?>
<newsitem itemid="665763" id="root" date="1997-06-17" xml:lang="en">
<title>USA: Northrop Grumman gets $132 mln USAF deals.</title>
<headline>Northrop Grumman gets $132 mln USAF deals.</headline>
<dateline>MELBOURNE, Fla 1997-06-16</dateline>
<text>
<p>Northrop Grumman Corp said Monday it won two contracts worth $132 million with the U.S. Air Force for the Joint Surveillance Target Attack Radar System.</p>
<p>The Joint STARS computer replacement program will run for 30 months comprises a base $74 million contract and a $58 million increase for additional improvements, Northrop said.</p>
<p>The base contract calls for Northrop to integrate new, more powerful central computers and workstations, install new hardware and upgrade with added computers that will be much faster.</p>
<p>In a separate statement, the company said its Electronic Sensors and Systems Division won a contract of more than $50 million from the Boeing Co to supply a key electro-optical sensor for Britain's Royal Air Force maritime patrol aircraft.</p>
<p>Earlier Monday, Northrop Grumman also said it won a contract worth more than $200 million to produce nacelle components for Boeing airplanes.</p>
</text>
<copyright>(c) Reuters Limited 1997</copyright>
<metadata>
<codes class="bip:countries:1.0">
  <code code="USA">
    <editdetail attribution="Reuters BIP Coding Group" action="confirmed" date="1997-06-17"/>
  </code>
</codes>
<codes class="bip:industries:1.0">
  <code code="I36400">
    <editdetail attribution="Reuters BIP Coding Group" action="confirmed" date="1997-06-17"/>
  </code>
  <code code="I3640010">
    <editdetail attribution="Reuters BIP Coding Group" action="confirmed" date="1997-06-17"/>
  </code>
  <code code="I3640047">
    <editdetail attribution="Reuters BIP Coding Group" action="confirmed" date="1997-06-17"/>
  </code>
</codes>
<codes class="bip:topics:1.0">
  <code code="C33">
    <editdetail attribution="Reuters BIP Coding Group" action="confirmed" date="1997-06-17"/>
  </code>
  <code code="C331">
    <editdetail attribution="Reuters BIP Coding Group" action="confirmed" date="1997-06-17"/>
  </code>
  <code code="CCAT">
    <editdetail attribution="Reuters BIP Coding Group" action="confirmed" date="1997-06-17"/>
  </code>
</codes>
<dc element="dc.date.created" value="1997-06-16"/>
<dc element="dc.publisher" value="Reuters Holdings Plc"/>
<dc element="dc.date.published" value="1997-06-17"/>
<dc element="dc.source" value="Reuters"/>
<dc element="dc.creator.location" value="MELBOURNE, Fla"/>
<dc element="dc.creator.location.country.name" value="USA"/>
<dc element="dc.source" value="Reuters"/>
</metadata>
</newsitem>
