<?xml version="1.0" encoding="iso-8859-1" ?>
<newsitem itemid="665792" id="root" date="1997-06-17" xml:lang="en">
<title>UK: SOCCER-AJAX WINGER OVERMARS SIGNED BY ARSENAL.</title>
<headline>SOCCER-AJAX WINGER OVERMARS SIGNED BY ARSENAL.</headline>
<dateline>LONDON 1997-06-17</dateline>
<text>
<p>Ajax Amsterdam winger Marc Overmars signed for Arsenal on Tuesday for a reported fee of five million pounds ($8.2 million) as Arsene Wenger, manager of the premier league club, continued his buying spree ahead of next season.</p>
<p>Overmars was paraded in front of the press at Highbury along with another new signing, 19-year-old Portuguese striker Luis Boamorte who cost a further 1.75 million pounds ($2.9 million).</p>
<p>Wenger has also recently signed Frenchmen Emmanuel Petit and Gilles Grimaldi, both aged 26, as he attempts to build a younger side in Arsenal's challenge for honours in the forthcoming season.</p>
<p>Overmars, 24, who played 164 matches for Ajax over five years, scoring 43 goals, will become the second Dutch international at Arsenal, joining striker Dennis Bergkamp.</p>
<p>&quot;Marc is a player of class,&quot; said Wenger. &quot;He has qualities that are difficult to find in Europe. He is a good dribbler and he is not afraid to go into space.</p>
<p>&quot;We neeed this type of player in our squad. Last year we lost the championship at home and this year we need more speed, more power and more penetration at home.&quot;</p>
<p>Overmars said: &quot;English football is a litle bit different, you get more space and a little more freedom. And I think that with my speed and quality I can use that space very well.</p>
<p>&quot;I have spoken to Dennis Bergkamp about the club and he says nothing but good things. I am very happy to be here.&quot;</p>
</text>
<copyright>(c) Reuters Limited 1997</copyright>
<metadata>
<codes class="bip:countries:1.0">
  <code code="NETH">
    <editdetail attribution="Reuters BIP Coding Group" action="confirmed" date="1997-06-17"/>
  </code>
  <code code="UK">
    <editdetail attribution="Reuters BIP Coding Group" action="confirmed" date="1997-06-17"/>
  </code>
</codes>
<codes class="bip:topics:1.0">
  <code code="GCAT">
    <editdetail attribution="Reuters BIP Coding Group" action="confirmed" date="1997-06-17"/>
  </code>
  <code code="GSPO">
    <editdetail attribution="Reuters BIP Coding Group" action="confirmed" date="1997-06-17"/>
  </code>
</codes>
<dc element="dc.date.created" value="1997-06-17"/>
<dc element="dc.publisher" value="Reuters Holdings Plc"/>
<dc element="dc.date.published" value="1997-06-17"/>
<dc element="dc.source" value="Reuters"/>
<dc element="dc.creator.location" value="LONDON"/>
<dc element="dc.creator.location.country.name" value="UK"/>
<dc element="dc.source" value="Reuters"/>
</metadata>
</newsitem>
