<?xml version="1.0" encoding="iso-8859-1" ?>
<newsitem itemid="665743" id="root" date="1997-06-17" xml:lang="en">
<title>USA: Dunn Computer Corp Q2 shr drops.</title>
<headline>Dunn Computer Corp Q2 shr drops.</headline>
<dateline>STERLING, Va. 1997-06-16</dateline>
<text>
<p>Period ended April 30</p>
<p>				1997			1996</p>
<p> Shr			  $0.03		    $0.10</p>
<p> Net			    129			403</p>
<p> Revs			 3,987		    5,073</p>
<p>				6  MONTHS  Shr			  $0.16		    $0.23</p>
<p> Net			    916			675</p>
<p> Revs			 9,492		   11,418</p>
<p>(All data above 000s except per share numbers)</p>
<p>((-- New York newsdesk 212-859-1610))</p>
</text>
<copyright>(c) Reuters Limited 1997</copyright>
<metadata>
<codes class="bip:countries:1.0">
  <code code="USA">
    <editdetail attribution="Reuters BIP Coding Group" action="confirmed" date="1997-06-17"/>
  </code>
</codes>
<codes class="bip:topics:1.0">
  <code code="C15">
    <editdetail attribution="Reuters BIP Coding Group" action="confirmed" date="1997-06-17"/>
  </code>
  <code code="C151">
    <editdetail attribution="Reuters BIP Coding Group" action="confirmed" date="1997-06-17"/>
  </code>
  <code code="CCAT">
    <editdetail attribution="Reuters BIP Coding Group" action="confirmed" date="1997-06-17"/>
  </code>
</codes>
<dc element="dc.date.created" value="1997-06-16"/>
<dc element="dc.publisher" value="Reuters Holdings Plc"/>
<dc element="dc.date.published" value="1997-06-17"/>
<dc element="dc.source" value="Reuters"/>
<dc element="dc.creator.location" value="STERLING, Va."/>
<dc element="dc.creator.location.country.name" value="USA"/>
<dc element="dc.source" value="Reuters"/>
</metadata>
</newsitem>
