<?xml version="1.0" encoding="iso-8859-1" ?>
<newsitem itemid="665790" id="root" date="1997-06-17" xml:lang="en">
<title>SWITZERLAND: CYCLING-TOUR OF SWITZERLAND FIRST STAGE PLACINGS.</title>
<headline>CYCLING-TOUR OF SWITZERLAND FIRST STAGE PLACINGS.</headline>
<dateline>ROMANSHORN, Switzerland 1997-06-17</dateline>
<text>
<p>Leading placings</p>
<p>in the first stage, a 7.2-km time-trial, of the Tour of</p>
<p>Switzerland on Tuesday:</p>
<p>1. Oskar Camenzind (Swtizerland) 8 minutes 57.42 seconds</p>
<p>  2. Lon Van Bon (Netherlands)	     3 seconds behind</p>
<p>  3. Roberto Petito (Italy)		  5</p>
<p>  4. Danny Nelissen (Netherlands)	  7</p>
<p>  5. Udo Blts (Germany)		     13</p>
<p>  6. Juergen Werner (Germany)	     19</p>
<p>  7. Daniele Nardello (Italy)	     21</p>
<p>  8. Frdric Guesdon (France</p>
<p>  9. Christophe Agnolutto (France)</p>
<p> 10. Max Van Heeswijk (Netherlands)    all same time</p>
<p> 11. Franck Bouyer (France)		22</p>
<p> 12. Mirko Celestino (Italy)</p>
<p> 13. Emmanuel Magnien (France)	   both same time</p>
<p> 14. EdDa Seigneur (France)	     23</p>
<p> 15. Philipp Buschor (Switzerland)     same time</p>
</text>
<copyright>(c) Reuters Limited 1997</copyright>
<metadata>
<codes class="bip:countries:1.0">
  <code code="SWITZ">
    <editdetail attribution="Reuters BIP Coding Group" action="confirmed" date="1997-06-17"/>
  </code>
</codes>
<codes class="bip:topics:1.0">
  <code code="GCAT">
    <editdetail attribution="Reuters BIP Coding Group" action="confirmed" date="1997-06-17"/>
  </code>
  <code code="GSPO">
    <editdetail attribution="Reuters BIP Coding Group" action="confirmed" date="1997-06-17"/>
  </code>
</codes>
<dc element="dc.date.created" value="1997-06-17"/>
<dc element="dc.publisher" value="Reuters Holdings Plc"/>
<dc element="dc.date.published" value="1997-06-17"/>
<dc element="dc.source" value="Reuters"/>
<dc element="dc.creator.location" value="ROMANSHORN, Switzerland"/>
<dc element="dc.creator.location.country.name" value="SWITZERLAND"/>
<dc element="dc.source" value="Reuters"/>
</metadata>
</newsitem>
