<?xml version="1.0" encoding="iso-8859-1" ?>
<newsitem itemid="665812" id="root" date="1997-06-17" xml:lang="en">
<title>USA: GOLF-LEADING 1997 MONEY WINNERS ON PGA TOUR.</title>
<headline>GOLF-LEADING 1997 MONEY WINNERS ON PGA TOUR.</headline>
<dateline>PONTE VEDRA, Florida 1997-06-16</dateline>
<text>
<p>Leading 1997</p>
<p>money winners on the PGA Tour (U.S. unless noted):</p>
<p>  1. Tiger Woods		     $1,396,466</p>
<p>  2. Steve Elkington (Australia)  1,209,214</p>
<p>  3. Brad Faxon			   983,876</p>
<p>  4. Mark O'Meara			 927,609</p>
<p>  5. Scott Hoch			   847,798</p>
<p>  6. Jesper Parnevik (Sweden)	 799,987</p>
<p>  7. Nick Price (Zimbabwe)	    794,357</p>
<p>  8. Paul Stankowski		    775,245</p>
<p>  9. Jim Furyk			    689,903</p>
<p> 10. Ernie Els (South Africa)	 689,055</p>
<p> 11. Tom Lehman			   675,181</p>
<p> 12. Tommy Tolles			 625,999</p>
<p> 13. Stuart Appleby (Australia)     622,736</p>
<p> 14. Scott McCarron		     584,134</p>
<p> 15. Phil Mickelson		     547,402</p>
<p> 16. Colin Montgomerie (Britain)    526,529</p>
<p> 17. Steve Jones			  518,569</p>
<p> 18. David Duval			  510,712</p>
<p> 19. Vijay Singh (Fiji)		 508,988</p>
<p> 20. Justin Leonard		     507,743</p>
</text>
<copyright>(c) Reuters Limited 1997</copyright>
<metadata>
<codes class="bip:countries:1.0">
  <code code="USA">
    <editdetail attribution="Reuters BIP Coding Group" action="confirmed" date="1997-06-17"/>
  </code>
</codes>
<codes class="bip:topics:1.0">
  <code code="GCAT">
    <editdetail attribution="Reuters BIP Coding Group" action="confirmed" date="1997-06-17"/>
  </code>
  <code code="GSPO">
    <editdetail attribution="Reuters BIP Coding Group" action="confirmed" date="1997-06-17"/>
  </code>
</codes>
<dc element="dc.date.created" value="1997-06-16"/>
<dc element="dc.publisher" value="Reuters Holdings Plc"/>
<dc element="dc.date.published" value="1997-06-17"/>
<dc element="dc.source" value="Reuters"/>
<dc element="dc.creator.location" value="PONTE VEDRA, Florida"/>
<dc element="dc.creator.location.country.name" value="USA"/>
<dc element="dc.source" value="Reuters"/>
</metadata>
</newsitem>
