<?xml version="1.0" encoding="iso-8859-1" ?>
<newsitem itemid="665845" id="root" date="1997-06-17" xml:lang="en">
<title>USA: NHL ICE HOCKEY-NASHVILLE, ATLANTA, ST. PAUL, COLUMBUS TO GET FRANCHISES.</title>
<headline>NHL ICE HOCKEY-NASHVILLE, ATLANTA, ST. PAUL, COLUMBUS TO GET FRANCHISES.</headline>
<dateline>NEW YORK 1997-06-17</dateline>
<text>
<p>Nashville, Tennessee, Atlanta, St. Paul, Minnesota and Columbus, Ohio were tabbed by the National Hockey League's Expansion Committee on Tuesday as the league's next four expansion franchises.</p>
<p>The NHL's Board of Governors will put the recommendation by the expansion committee to a vote at a meeting in New York on June 25. A three-fourths vote is required for admission of new members.</p>
<p>Each of the new franchises would pay an $80 million francise fee, the league said. The suggested expansion would boost NHL membership to 30 teams.</p>
<p>The Nashville franchise would begin play in the 1998-99 season, followed by Atlanta in 1999-2000, and St. Paul and Columbus in 2000-01, according to the proposal.</p>
<p>As part of the expansion plan, the NHL and the NHL Players' Association have agreed to a four-year extension to the collective bargaining agreement, subject to ratification, that extends it until September 15, 2004, the league said.</p>
<p>The committee also recommends a new alignment for the league, that would ultimately see two conferences, each comprised of three divisions of five teams.</p>
<p>The league already has added five teams this decade. The San Jose Sharks entered the NHL in 1990. The Tampa Bay Lightning and Ottawa Senators began play in 1991 and the Mighty Ducks of Anaheim and Florida Panthers joined the league two years later.</p>
<p>The proposed six-division format:</p>
<p>Eastern Conference</p>
<p>Atlantic</p>
<p>New Jersey</p>
<p>New York Islanders</p>
<p>New York Rangers</p>
<p>Philadelphia</p>
<p>PIttsburgh</p>
<p>Northeast</p>
<p>Boston</p>
<p>Buffalo</p>
<p>Montreal</p>
<p>Ottawa</p>
<p>Toronto</p>
<p>Southeast</p>
<p>Atlanta</p>
<p>Carlina</p>
<p>Florida</p>
<p>Tampa Bay</p>
<p>Washington</p>
<p>Western Conference</p>
<p>Chicago</p>
<p>Columbus</p>
<p>Detroit</p>
<p>Nashville</p>
<p>St Louis</p>
<p>Northwest</p>
<p>Calgary</p>
<p>Colorado</p>
<p>Edmonton</p>
<p>Minnesota</p>
<p>Vancouver</p>
<p>Pacific</p>
<p>Anaheim</p>
<p>Dallas</p>
<p>Los Angeles</p>
<p>Phoenix</p>
<p>San Jose</p>
</text>
<copyright>(c) Reuters Limited 1997</copyright>
<metadata>
<codes class="bip:countries:1.0">
  <code code="USA">
    <editdetail attribution="Reuters BIP Coding Group" action="confirmed" date="1997-06-17"/>
  </code>
</codes>
<codes class="bip:topics:1.0">
  <code code="GCAT">
    <editdetail attribution="Reuters BIP Coding Group" action="confirmed" date="1997-06-17"/>
  </code>
  <code code="GSPO">
    <editdetail attribution="Reuters BIP Coding Group" action="confirmed" date="1997-06-17"/>
  </code>
</codes>
<dc element="dc.date.created" value="1997-06-17"/>
<dc element="dc.publisher" value="Reuters Holdings Plc"/>
<dc element="dc.date.published" value="1997-06-17"/>
<dc element="dc.source" value="Reuters"/>
<dc element="dc.creator.location" value="NEW YORK"/>
<dc element="dc.creator.location.country.name" value="USA"/>
<dc element="dc.source" value="Reuters"/>
</metadata>
</newsitem>
