<?xml version="1.0" encoding="iso-8859-1" ?>
<newsitem itemid="665832" id="root" date="1997-06-17" xml:lang="en">
<title>NEW ZEALAND: RUGBY UNION-BRITISH LIONS BEAT EMERGING SPRINGBOKS 51-22.</title>
<headline>RUGBY UNION-BRITISH LIONS BEAT EMERGING SPRINGBOKS 51-22.</headline>
<dateline>WELLINGTON, South Africa 1997-06-17</dateline>
<text>
<p>The British Lions beat the Emerging Springboks 51-22 (halftime 16-15) in their rugby union tour match on Tuesday.</p>
<p>Scorers:</p>
<p>Emerging Springboks - Tries: Warren Brosnihan, Marius Goosen, Paul Treu. Conversions: M.J. Smith, Percival Montgomery. Penalty: M.J. Smith.</p>
<p>British Lions - Tries: Nick Beal (3), Graham Rowntree, Tim Stimpson, Mike Catt. Conversions: Stimpson (6). Penalties: Stimpson (3).</p>
</text>
<copyright>(c) Reuters Limited 1997</copyright>
<metadata>
<codes class="bip:countries:1.0">
  <code code="IRE">
    <editdetail attribution="Reuters BIP Coding Group" action="confirmed" date="1997-06-17"/>
  </code>
  <code code="NZ">
    <editdetail attribution="Reuters BIP Coding Group" action="confirmed" date="1997-06-17"/>
  </code>
  <code code="SAFR">
    <editdetail attribution="Reuters BIP Coding Group" action="confirmed" date="1997-06-17"/>
  </code>
  <code code="UK">
    <editdetail attribution="Reuters BIP Coding Group" action="confirmed" date="1997-06-17"/>
  </code>
</codes>
<codes class="bip:topics:1.0">
  <code code="GCAT">
    <editdetail attribution="Reuters BIP Coding Group" action="confirmed" date="1997-06-17"/>
  </code>
  <code code="GSPO">
    <editdetail attribution="Reuters BIP Coding Group" action="confirmed" date="1997-06-17"/>
  </code>
</codes>
<dc element="dc.date.created" value="1997-06-17"/>
<dc element="dc.publisher" value="Reuters Holdings Plc"/>
<dc element="dc.date.published" value="1997-06-17"/>
<dc element="dc.source" value="Reuters"/>
<dc element="dc.creator.location" value="WELLINGTON, South Africa"/>
<dc element="dc.creator.location.country.name" value="NEW ZEALAND"/>
<dc element="dc.source" value="Reuters"/>
</metadata>
</newsitem>
