<?xml version="1.0" encoding="iso-8859-1" ?>
<newsitem itemid="665847" id="root" date="1997-06-17" xml:lang="en">
<title>USA: BASEBALL-STANDINGS AFTER MONDAY'S MAJOR LEAGUE GAMES.</title>
<headline>BASEBALL-STANDINGS AFTER MONDAY'S MAJOR LEAGUE GAMES.</headline>
<dateline>NEW YORK 1997-06-17</dateline>
<text>
<p>Major League Baseball</p>
<p>standings after games on Monday (tabulate under wins, losses,</p>
<p>winning percentage and games behind first):</p>
<p>		  AMERICAN LEAGUE</p>
<p>		   EAST DIVISION</p>
<p>			 W    L   PCT  GB</p>
<p> BALTIMORE	  45   20  .692   -</p>
<p> NY YANKEES	 37   30  .552   9</p>
<p> TORONTO	    31   33  .484  13 1/2</p>
<p> DETROIT	    29   36  .446  16</p>
<p> BOSTON	     29   38  .433  17</p>
<p>		  CENTRAL DIVISION</p>
<p>			 W    L   PCT  GB</p>
<p> CLEVELAND	  34   30  .531   -</p>
<p> KANSAS CITY	32   33  .492   2 1/2</p>
<p> MILWAUKEE	  31   34  .477   3 1/2</p>
<p> CHI WHITE SOX    30   36  .455   5</p>
<p> MINNESOTA	  30   37  .448   5 1/2</p>
<p>		   WEST DIVISION</p>
<p>			 W    L   PCT  GB</p>
<p> SEATTLE	    38   29  .567   -</p>
<p> TEXAS		35   30  .538   2</p>
<p> ANAHEIM	    34   32  .515   3 1/2</p>
<p> OAKLAND	    28   41  .406  11</p>
<p>		  NATIONAL LEAGUE</p>
<p>		   EAST DIVISION</p>
<p>			 W    L   PCT  GB</p>
<p> ATLANTA	    43   25  .632   -</p>
<p> FLORIDA	    40   27  .597   2 1/2</p>
<p> MONTREAL	   39   28  .582   3 1/2</p>
<p> NY METS	    37   30  .552   5 1/2</p>
<p> PHILADELPHIA     22   44  .333  20</p>
<p>		   CENTRAL DIVISION</p>
<p>			 W    L   PCT  GB</p>
<p> PITTSBURGH	 33   34  .493   -</p>
<p> HOUSTON	    33   36  .478   1</p>
<p> ST LOUIS	   31   36  .463   2</p>
<p> CINCINNATI	 28   39  .418   5</p>
<p> CHICAGO CUBS     28   40  .412   5 1/2</p>
<p>		   WEST DIVISION</p>
<p>			 W    L   PCT  GB</p>
<p> SAN FRANCISCO    38   29  .567   -</p>
<p> COLORADO	   36   32  .529   2 1/2</p>
<p> LOS ANGELES	32   35  .478   6</p>
<p> SAN DIEGO	  29   38  .433   9</p>
<p>TUESDAY, JUNE 17 SCHEDULE (ALL INTERLEAGUE GAMES)</p>
<p>PHILADELPHIA AT BOSTON </p>
<p>CINCINNATI AT CLEVELAND</p>
<p> FLORIDA AT DETROIT     </p>
<p>MONTREAL AT BALTIMORE  </p>
<p>NY METS AT NY YANKEES  </p>
<p> ATLANTA AT TORONTO     </p>
<p>CHICAGO CUBS AT CHI WHITE SOX</p>
<p>HOUSTON AT KANSAS CITY </p>
<p>ST LOUIS AT MILWAUKEE  </p>
<p>PITTSBURGH AT MINNESOTA</p>
<p> TEXAS AT COLORADO	</p>
<p>ANAHEIM AT LOS ANGELES </p>
<p> OAKLAND AT SAN DIEGO   </p>
<p>SEATTLE AT SAN FRANCISCO</p>
</text>
<copyright>(c) Reuters Limited 1997</copyright>
<metadata>
<codes class="bip:countries:1.0">
  <code code="USA">
    <editdetail attribution="Reuters BIP Coding Group" action="confirmed" date="1997-06-17"/>
  </code>
</codes>
<codes class="bip:topics:1.0">
  <code code="GCAT">
    <editdetail attribution="Reuters BIP Coding Group" action="confirmed" date="1997-06-17"/>
  </code>
  <code code="GSPO">
    <editdetail attribution="Reuters BIP Coding Group" action="confirmed" date="1997-06-17"/>
  </code>
</codes>
<dc element="dc.date.created" value="1997-06-17"/>
<dc element="dc.publisher" value="Reuters Holdings Plc"/>
<dc element="dc.date.published" value="1997-06-17"/>
<dc element="dc.source" value="Reuters"/>
<dc element="dc.creator.location" value="NEW YORK"/>
<dc element="dc.creator.location.country.name" value="USA"/>
<dc element="dc.source" value="Reuters"/>
</metadata>
</newsitem>
