<?xml version="1.0" encoding="iso-8859-1" ?>
<newsitem itemid="665821" id="root" date="1997-06-17" xml:lang="en">
<title>UK: RUGBY LEAGUE-WORLD CLUB CHAMPIONSHIP RESULT.</title>
<headline>RUGBY LEAGUE-WORLD CLUB CHAMPIONSHIP RESULT.</headline>
<dateline>LONDON 1997-06-16</dateline>
<text>
<p>Result of a world club</p>
<p>championship match played on Monday:</p>
<p>St Helens (England)  8  Cronulla Sharks (Australia)  48</p>
</text>
<copyright>(c) Reuters Limited 1997</copyright>
<metadata>
<codes class="bip:countries:1.0">
  <code code="AUSTR">
    <editdetail attribution="Reuters BIP Coding Group" action="confirmed" date="1997-06-17"/>
  </code>
  <code code="UK">
    <editdetail attribution="Reuters BIP Coding Group" action="confirmed" date="1997-06-17"/>
  </code>
</codes>
<codes class="bip:topics:1.0">
  <code code="GCAT">
    <editdetail attribution="Reuters BIP Coding Group" action="confirmed" date="1997-06-17"/>
  </code>
  <code code="GSPO">
    <editdetail attribution="Reuters BIP Coding Group" action="confirmed" date="1997-06-17"/>
  </code>
</codes>
<dc element="dc.date.created" value="1997-06-16"/>
<dc element="dc.publisher" value="Reuters Holdings Plc"/>
<dc element="dc.date.published" value="1997-06-17"/>
<dc element="dc.source" value="Reuters"/>
<dc element="dc.creator.location" value="LONDON"/>
<dc element="dc.creator.location.country.name" value="UK"/>
<dc element="dc.source" value="Reuters"/>
</metadata>
</newsitem>
