<?xml version="1.0" encoding="iso-8859-1" ?>
<newsitem itemid="665828" id="root" date="1997-06-17" xml:lang="en">
<title>BARBADOS: CRICKET-SAMUELS RECALLED TO WEST INDIES' SIDE.</title>
<headline>CRICKET-SAMUELS RECALLED TO WEST INDIES' SIDE.</headline>
<dateline>BRIDGETOWN 1997-06-17</dateline>
<text>
<p>Jamaican opener Robert Samuels has been recalled to the West Indies' squad for the second and final test against Sri Lanka in Kingstown, St Vincent, on Friday.</p>
<p>Left-hander Samuels. overlooked for the recent series against India, replaces the injured Shivnarine Chanderpaul, who is being treated for muscle spasms in his neck after an injury during a domestic match.</p>
<p>West Indies won the first test in Antigua on Sunday by six wickets within three days.</p>
<p>West Indies - Courtney Walsh (captain), Sherwin Campbell, Stuart Williams, Brian Lara, Robert Samuels, Carl Hooper, Roland Holder, Floyd Reifer, Courtney Browne, Ian Bishop, Curtly Ambrose, Franklyn Rose, Mervyn Dillon.</p>
</text>
<copyright>(c) Reuters Limited 1997</copyright>
<metadata>
<codes class="bip:countries:1.0">
  <code code="BARB">
    <editdetail attribution="Reuters BIP Coding Group" action="confirmed" date="1997-06-17"/>
  </code>
  <code code="JAMA">
    <editdetail attribution="Reuters BIP Coding Group" action="confirmed" date="1997-06-17"/>
  </code>
  <code code="SRILAN">
    <editdetail attribution="Reuters BIP Coding Group" action="confirmed" date="1997-06-17"/>
  </code>
  <code code="WEIND">
    <editdetail attribution="Reuters BIP Coding Group" action="confirmed" date="1997-06-17"/>
  </code>
</codes>
<codes class="bip:topics:1.0">
  <code code="GCAT">
    <editdetail attribution="Reuters BIP Coding Group" action="confirmed" date="1997-06-17"/>
  </code>
  <code code="GSPO">
    <editdetail attribution="Reuters BIP Coding Group" action="confirmed" date="1997-06-17"/>
  </code>
</codes>
<dc element="dc.date.created" value="1997-06-17"/>
<dc element="dc.publisher" value="Reuters Holdings Plc"/>
<dc element="dc.date.published" value="1997-06-17"/>
<dc element="dc.source" value="Reuters"/>
<dc element="dc.creator.location" value="BRIDGETOWN"/>
<dc element="dc.creator.location.country.name" value="BARBADOS"/>
<dc element="dc.source" value="Reuters"/>
</metadata>
</newsitem>
