<?xml version="1.0" encoding="iso-8859-1" ?>
<newsitem itemid="685033" id="root" date="1997-06-25" xml:lang="en">
<title>USA: Standard Register in marketing pact.</title>
<headline>Standard Register in marketing pact.</headline>
<dateline>DAYTON, Ohio 1997-06-25</dateline>
<text>
<p>Standard Register and Lexmark Internatioal Inc entered a joint marketing pact for the companies to market Standard Register's document systems with Lexmark's laser printers.</p>
<p>Within the financial industry, Lexmark and Standard Register will jointly market Standard Register's Secure Printer solution with Lexmark's laser printers.</p>
<p>In health care, Standard Register and Lexmark will market Patient LinkUp with Lexmark's printers, Standard Register said in a statement on Wednesday.</p>
<p>Lexmark will also participate in Standard Register's Document Fraud Prevention Seminars.</p>
</text>
<copyright>(c) Reuters Limited 1997</copyright>
<metadata>
<codes class="bip:countries:1.0">
  <code code="USA">
    <editdetail attribution="Reuters BIP Coding Group" action="confirmed" date="1997-06-25"/>
  </code>
</codes>
<codes class="bip:industries:1.0">
  <code code="I33010">
    <editdetail attribution="Reuters BIP Coding Group" action="confirmed" date="1997-06-25"/>
  </code>
  <code code="I33020">
    <editdetail attribution="Reuters BIP Coding Group" action="confirmed" date="1997-06-25"/>
  </code>
  <code code="I3302013">
    <editdetail attribution="Reuters BIP Coding Group" action="confirmed" date="1997-06-25"/>
  </code>
</codes>
<codes class="bip:topics:1.0">
  <code code="C11">
    <editdetail attribution="Reuters BIP Coding Group" action="confirmed" date="1997-06-25"/>
  </code>
  <code code="CCAT">
    <editdetail attribution="Reuters BIP Coding Group" action="confirmed" date="1997-06-25"/>
  </code>
</codes>
<dc element="dc.date.created" value="1997-06-25"/>
<dc element="dc.publisher" value="Reuters Holdings Plc"/>
<dc element="dc.date.published" value="1997-06-25"/>
<dc element="dc.source" value="Reuters"/>
<dc element="dc.creator.location" value="DAYTON, Ohio"/>
<dc element="dc.creator.location.country.name" value="USA"/>
<dc element="dc.source" value="Reuters"/>
</metadata>
</newsitem>
