<?xml version="1.0" encoding="iso-8859-1" ?>
<newsitem itemid="685072" id="root" date="1997-06-25" xml:lang="en">
<title>USA: ImmuDyne, Carmel hearing postponed.</title>
<headline>ImmuDyne, Carmel hearing postponed.</headline>
<dateline>HOUSTON 1997-06-25</dateline>
<text>
<p>ImmuDyne Inc said Wednesday that the hearing scheduled for June 18 before the 225th Judicial District Court, Bexar County, San Antonio, Texas to enforce an agreement and related summary judgment involving Carmel Research Inc has been postponed in part as a result of the filing by Carmel of Chapter 11 Bankruptcy on June 17.</p>
<p>Management of ImmuDyne expected that enforcement of the agreement and summary judgment would have required Carmel, an Immudyne shareholder, to turn over to ImmuDyne 3.25 million shares of ImmuDyne common stock.</p>
<p>ImmuDyne would have been required to issue 1.55 million shares of common stock to Mark McLaughlin, a shareholder, and his attorneys, and would have retired 1.7 million such shares, all in accordance with the summary judgment.</p>
<p>The effect of this ruling and Carmel's bankruptcy is being reviewed by ImmuDyne.</p>
<p>On June 18, the court ordered ImmuDyne to deliver to McLaughlin the $100,000 of the royalties accumulated from November 1996 to present, otherwise due to Carmel, pursuant to the summary judgment.</p>
<p>ImmuDyne said the issue of being able to pay these moneys is clouded by the Carmel bankruptcy.</p>
<p>In a separate matter, the company said it received notice of a lawsuit filed by shareholder Byron Donzis against the company relating to the non payment of certain consulting fees.</p>
<p>The complaint against ImmuDyne was filed in the 2nd Judicial District Court of the State of Nevada.</p>
<p>The company said it is evaluating the claims and intends to vigorously defend such allegations.</p>
</text>
<copyright>(c) Reuters Limited 1997</copyright>
<metadata>
<codes class="bip:countries:1.0">
  <code code="USA">
    <editdetail attribution="Reuters BIP Coding Group" action="confirmed" date="1997-06-25"/>
  </code>
</codes>
<codes class="bip:industries:1.0">
  <code code="I25700">
    <editdetail attribution="Reuters BIP Coding Group" action="confirmed" date="1997-06-25"/>
  </code>
</codes>
<codes class="bip:topics:1.0">
  <code code="C12">
    <editdetail attribution="Reuters BIP Coding Group" action="confirmed" date="1997-06-25"/>
  </code>
  <code code="C16">
    <editdetail attribution="Reuters BIP Coding Group" action="confirmed" date="1997-06-25"/>
  </code>
  <code code="CCAT">
    <editdetail attribution="Reuters BIP Coding Group" action="confirmed" date="1997-06-25"/>
  </code>
  <code code="GCAT">
    <editdetail attribution="Reuters BIP Coding Group" action="confirmed" date="1997-06-25"/>
  </code>
  <code code="GCRIM">
    <editdetail attribution="Reuters BIP Coding Group" action="confirmed" date="1997-06-25"/>
  </code>
</codes>
<dc element="dc.date.created" value="1997-06-25"/>
<dc element="dc.publisher" value="Reuters Holdings Plc"/>
<dc element="dc.date.published" value="1997-06-25"/>
<dc element="dc.source" value="Reuters"/>
<dc element="dc.creator.location" value="HOUSTON"/>
<dc element="dc.creator.location.country.name" value="USA"/>
<dc element="dc.source" value="Reuters"/>
</metadata>
</newsitem>
