<?xml version="1.0" encoding="iso-8859-1" ?>
<newsitem itemid="685089" id="root" date="1997-06-25" xml:lang="en">
<title>USA: Novavax study shows product cuts hot flashes.</title>
<headline>Novavax study shows product cuts hot flashes.</headline>
<dateline>COLUMBIA, Md. 1997-06-25</dateline>
<text>
<p>Novavax Inc said Wednesday its experimental estrogen reduced hot flashes up to 98 percent during a two-week study of 10 post menopausal women.</p>
<p>The company said it considers results of the study important because they are a formal indication of the potential benefits of a &quot;patchless&quot; transdermal version of natural human estrogen.</p>
<p>The company said topically applied experimental product contains the active hormone in a cosmetic-like cream, sidestepping certain disadvantages of skin patches.  </p>
<p>The company said the new product candidate, called Estrasorb, was designed to reduce the occurrence of hot flashes in menopausal and post menopausal women.</p>
<p>Hot flashes, in which women experience a sensation of heat with perspiration and some reddening of the skin, are considered a side effect of menopause.</p>
<p>The company said its findings came from the first phase of a dose- ranging study approved two months ago by the U.S. Food and Drug Administration.  </p>
<p>The study showed a 69-98 percent reduction of hot flashes during the second week of 14 consecutive days of Estrasorb administration.</p>
<p>The company said Estrasorb was well tolerated by the study group and there were no signs of skin irritation.</p>
<p>Skin irritation is a reported side effect of most transdermal patches, and often inhibits their use during hot or humid weather.</p>
<p>Additional studies are ongoing to determine the most appropriate dose of the product for women in need of estrogen replacement therapy for control of menopausal and post menopausal symptoms.</p>
</text>
<copyright>(c) Reuters Limited 1997</copyright>
<metadata>
<codes class="bip:countries:1.0">
  <code code="USA">
    <editdetail attribution="Reuters BIP Coding Group" action="confirmed" date="1997-06-25"/>
  </code>
</codes>
<codes class="bip:industries:1.0">
  <code code="I25700">
    <editdetail attribution="Reuters BIP Coding Group" action="confirmed" date="1997-06-25"/>
  </code>
</codes>
<codes class="bip:topics:1.0">
  <code code="C23">
    <editdetail attribution="Reuters BIP Coding Group" action="confirmed" date="1997-06-25"/>
  </code>
  <code code="CCAT">
    <editdetail attribution="Reuters BIP Coding Group" action="confirmed" date="1997-06-25"/>
  </code>
</codes>
<dc element="dc.date.created" value="1997-06-25"/>
<dc element="dc.publisher" value="Reuters Holdings Plc"/>
<dc element="dc.date.published" value="1997-06-25"/>
<dc element="dc.source" value="Reuters"/>
<dc element="dc.creator.location" value="COLUMBIA, Md."/>
<dc element="dc.creator.location.country.name" value="USA"/>
<dc element="dc.source" value="Reuters"/>
</metadata>
</newsitem>
