<?xml version="1.0" encoding="iso-8859-1" ?>
<newsitem itemid="685042" id="root" date="1997-06-25" xml:lang="en">
<title>USA: USDA gross cutout hide and offal value.</title>
<headline>USDA gross cutout hide and offal value.</headline>
<dateline>DES MOINES 1997-06-25</dateline>
<text>
<p>The hide and offal value from a typical slaughter steer for Wednesday was estimated at 8.23 per cwt live, down -0.02 when compared with Tuesday's value. - USDA</p>
<p>FOB CENTRAL U.S. TODAY'S CALCULATIONS FOR BY-PRODUCT VALUE</p>
<p>(STEER) -			   Lbs   Price  Change   Value</p>
<p>Steer hide, butt brand	 4.93   76.50    -	 4.83</p>
<p>Tallow, edible		   1.20   19.75    -	 0.24</p>
<p>Tallow, packer bleachable    4.50   18.25    -	 0.82</p>
<p>Tongues, Swiss #1 Wht 0-3%   0.26  160.00    -	 0.42</p>
<p>Cheek meat, trmd		 0.32   67.00    -	 0.21</p>
<p>Head meat			  0.13   52.50    -	 0.07</p>
<p>Oxtail, selected		 0.16  136.00    -	 0.22</p>
<p>Hearts, reg, bone out	  0.38   27.00    -	 0.10</p>
<p>Lips, unscalded		  0.11   47.00    -	 0.05</p>
<p>Livers, slcted, gall off     0.96   34.00   -3.00    0.33</p>
<p>Tripe, scalded edible	  0.65   20.00    -	 0.13</p>
<p>Tripe, honeycomb bleached    0.15   53.00    6.00    0.08</p>
<p>Lungs, inedible		  0.47    4.60    -	 0.02</p>
<p>Melts				0.14    6.25    -	 0.01</p>
<p>Meat bone ml, 50% blk/ton    3.70  279.50   -0.50    0.52</p>
<p>Blood meal, 85% blk/ton	0.60  585.00    -	 0.18</p>
<p>TOTAL :			   18.66			  8.23</p>
<p>((Chicago newsdesk 312-408-8720))</p>
</text>
<copyright>(c) Reuters Limited 1997</copyright>
<metadata>
<codes class="bip:countries:1.0">
  <code code="USA">
    <editdetail attribution="Reuters BIP Coding Group" action="confirmed" date="1997-06-25"/>
  </code>
</codes>
<codes class="bip:topics:1.0">
  <code code="M14">
    <editdetail attribution="Reuters BIP Coding Group" action="confirmed" date="1997-06-25"/>
  </code>
  <code code="M141">
    <editdetail attribution="Reuters BIP Coding Group" action="confirmed" date="1997-06-25"/>
  </code>
  <code code="MCAT">
    <editdetail attribution="Reuters BIP Coding Group" action="confirmed" date="1997-06-25"/>
  </code>
</codes>
<dc element="dc.date.created" value="1997-06-25"/>
<dc element="dc.publisher" value="Reuters Holdings Plc"/>
<dc element="dc.date.published" value="1997-06-25"/>
<dc element="dc.source" value="Reuters"/>
<dc element="dc.creator.location" value="DES MOINES"/>
<dc element="dc.creator.location.country.name" value="USA"/>
<dc element="dc.source" value="Reuters"/>
</metadata>
</newsitem>
