<?xml version="1.0" encoding="iso-8859-1" ?>
<newsitem itemid="685014" id="root" date="1997-06-25" xml:lang="en">
<title>CANADA: CBRS reaffirms Alberta ratings with stable outlook.</title>
<headline>CBRS reaffirms Alberta ratings with stable outlook.</headline>
<dateline>MONTREAL 1997-06-25</dateline>
<text>
<p>Canadian Bond Rating Service on Wednesday said it reaffirmed Alberta's long- and short-term debt ratings at AA+ and A-1+ respectively with stable outlooks.  </p>
<p>In confirming the ratings, the bond rating agency noted that the oil-rich economy grew by a healthy 3.2 percent in 1996, fueled by its interest-sensitive and export sectors, as well as stronger consumer spending. The agency said economic growth of 3.6 percent in 1997 and 4.1 percent in 1998 was expected for the province.  </p>
<p>CBRS also noted that the province forecast a C$2.3 billion surplus for fiscal 1996-97 and planned to eliminate its C$3.9 billion net debt by fiscal 2005-2006. The net debt is the province's liabilities less the assets of its Heritage Fund.</p>
<p>The agency said when the net debt was paid down, the province would continue to pay interest on about C$9.5 billion of debt after fiscal 2005-2006.</p>
<p>((Jeffrey Hodgson (416) 941-8105, e-mail: jeffrey.hodgson@reuters.com))</p>
</text>
<copyright>(c) Reuters Limited 1997</copyright>
<metadata>
<codes class="bip:countries:1.0">
  <code code="CANA">
    <editdetail attribution="Reuters BIP Coding Group" action="confirmed" date="1997-06-25"/>
  </code>
</codes>
<codes class="bip:topics:1.0">
  <code code="C17">
    <editdetail attribution="Reuters BIP Coding Group" action="confirmed" date="1997-06-25"/>
  </code>
  <code code="C174">
    <editdetail attribution="Reuters BIP Coding Group" action="confirmed" date="1997-06-25"/>
  </code>
  <code code="CCAT">
    <editdetail attribution="Reuters BIP Coding Group" action="confirmed" date="1997-06-25"/>
  </code>
  <code code="E21">
    <editdetail attribution="Reuters BIP Coding Group" action="confirmed" date="1997-06-25"/>
  </code>
  <code code="E212">
    <editdetail attribution="Reuters BIP Coding Group" action="confirmed" date="1997-06-25"/>
  </code>
  <code code="ECAT">
    <editdetail attribution="Reuters BIP Coding Group" action="confirmed" date="1997-06-25"/>
  </code>
</codes>
<dc element="dc.date.created" value="1997-06-25"/>
<dc element="dc.publisher" value="Reuters Holdings Plc"/>
<dc element="dc.date.published" value="1997-06-25"/>
<dc element="dc.source" value="Reuters"/>
<dc element="dc.creator.location" value="MONTREAL"/>
<dc element="dc.creator.location.country.name" value="CANADA"/>
<dc element="dc.source" value="Reuters"/>
</metadata>
</newsitem>
