<?xml version="1.0" encoding="iso-8859-1" ?>
<newsitem itemid="685053" id="root" date="1997-06-25" xml:lang="en">
<title>USA: Atmel sees weak Q2 results.</title>
<headline>Atmel sees weak Q2 results.</headline>
<dateline>SAN JOSE, Calif. 1997-06-25</dateline>
<text>
<p>Atmel Corp warned Wednesday that results for its second quarter would be below expectations.</p>
<p>The company said in a statement it expects revenues for the quarter, ending June 30, to be about 10 percent below the $252.9 million it reported in the first quarter.</p>
<p>Profits are expected to be about 30 percent below the $38.7 million, or $0.38 a share, it posted in its first quarter, Atmel said.</p>
<p>Analysts had expected the company to earn $0.38 a share in the second quarter, according to First Call. In the comparable year-ago quarter Atmel had profits of $50.3 million, or $0.50 a share.</p>
<p>Atmel attributed the weaker than expected results to pricing pressures in its non-volatile memory business due to increased competition principally in the EPROM and Flash markets.</p>
<p>The company said that while it has started to book orders for its new products, many of those orders were not for delivery during the quarter and therefore did not help offset pricing weakness in the non-volatile memory business. The company said bookings in the second quarter should exceed first quarter levels.</p>
</text>
<copyright>(c) Reuters Limited 1997</copyright>
<metadata>
<codes class="bip:countries:1.0">
  <code code="USA">
    <editdetail attribution="Reuters BIP Coding Group" action="confirmed" date="1997-06-25"/>
  </code>
</codes>
<codes class="bip:industries:1.0">
  <code code="I34531">
    <editdetail attribution="Reuters BIP Coding Group" action="confirmed" date="1997-06-25"/>
  </code>
</codes>
<codes class="bip:topics:1.0">
  <code code="C15">
    <editdetail attribution="Reuters BIP Coding Group" action="confirmed" date="1997-06-25"/>
  </code>
  <code code="C152">
    <editdetail attribution="Reuters BIP Coding Group" action="confirmed" date="1997-06-25"/>
  </code>
  <code code="CCAT">
    <editdetail attribution="Reuters BIP Coding Group" action="confirmed" date="1997-06-25"/>
  </code>
</codes>
<dc element="dc.date.created" value="1997-06-25"/>
<dc element="dc.publisher" value="Reuters Holdings Plc"/>
<dc element="dc.date.published" value="1997-06-25"/>
<dc element="dc.source" value="Reuters"/>
<dc element="dc.creator.location" value="SAN JOSE, Calif."/>
<dc element="dc.creator.location.country.name" value="USA"/>
<dc element="dc.source" value="Reuters"/>
</metadata>
</newsitem>
