<?xml version="1.0" encoding="iso-8859-1" ?>
<newsitem itemid="685018" id="root" date="1997-06-25" xml:lang="en">
<title>CANADA: Reuters opens bureau in Quebec City.</title>
<headline>Reuters opens bureau in Quebec City.</headline>
<dateline>QUEBEC CITY 1997-06-25</dateline>
<text>
<p>Reuters America Inc said on Wednesday it opened a news bureau in Quebec City, the capital of Canada's French-speaking province of Quebec.</p>
<p>Reuters said its editorial presence in the city would enable it to expand its Canadian coverage, monitor the Quebec political scene and provide additional news reports in French.</p>
<p>&quot;The opening of the Quebec City bureau reflects Reuters commitment to increasing the breadth and depth of our news coverage from Canada,'' Stephen Jukes, Editor, Reuters America, said in a statement.</p>
<p>&quot;It also reflects a recognition of Canada's political realities and our determination to provide news with a balanced perspective from mainly French-speaking Quebec,&quot; said Jukes. &quot;Reuters is the first international news agency to establish a full-time news presence in Quebec's legislative capital.&quot;</p>
<p>The Reuters bureau, staffed by correspondent Patrick White and a part-time photographer and researcher, will file stories in French and English for its international news services and support Reuters Online Canada, a multimedia service that delivers online news, features and photo packages to Canadian Web publishers, corporate sites and corporate intranets.</p>
<p>Reuters newest reporting bureau in Quebec City brings the number of Reuters Canadian editorial bureaus to seven and the number of bureaus in North America to 29.</p>
<p>Reuters established a full-time editorial presence in Canada in the early 1970s. Reuters other Canadian bureaus are Toronto, Montreal, Ottawa, Vancouver, Calgary and Winnipeg.</p>
<p>Reuters America Inc is the primary operating division in the Americas of Reuters Holdings Plc. Reuters supplies the global business community and news media with real-time financial data, transaction systems, information management systems, access to numerical and textual historical databases, news, graphics, photos and news video.</p>
<p>((Reuters Toronto Bureau (416) 941-8100))</p>
</text>
<copyright>(c) Reuters Limited 1997</copyright>
<metadata>
<codes class="bip:countries:1.0">
  <code code="CANA">
    <editdetail attribution="Reuters BIP Coding Group" action="confirmed" date="1997-06-25"/>
  </code>
  <code code="UK">
    <editdetail attribution="Reuters BIP Coding Group" action="confirmed" date="1997-06-25"/>
  </code>
</codes>
<codes class="bip:industries:1.0">
  <code code="I83954">
    <editdetail attribution="Reuters BIP Coding Group" action="confirmed" date="1997-06-25"/>
  </code>
</codes>
<codes class="bip:topics:1.0">
  <code code="C24">
    <editdetail attribution="Reuters BIP Coding Group" action="confirmed" date="1997-06-25"/>
  </code>
  <code code="CCAT">
    <editdetail attribution="Reuters BIP Coding Group" action="confirmed" date="1997-06-25"/>
  </code>
</codes>
<dc element="dc.date.created" value="1997-06-25"/>
<dc element="dc.publisher" value="Reuters Holdings Plc"/>
<dc element="dc.date.published" value="1997-06-25"/>
<dc element="dc.source" value="Reuters"/>
<dc element="dc.creator.location" value="QUEBEC CITY"/>
<dc element="dc.creator.location.country.name" value="CANADA"/>
<dc element="dc.source" value="Reuters"/>
</metadata>
</newsitem>
