<?xml version="1.0" encoding="iso-8859-1" ?>
<newsitem itemid="685054" id="root" date="1997-06-25" xml:lang="en">
<title>USA: Tobacco earnings hinge on price increases-analysts.</title>
<headline>Tobacco earnings hinge on price increases-analysts.</headline>
<byline>Jeff Mamera</byline>
<dateline>NEW YORK 1997-06-25</dateline>
<text>
<p>Tobacco companies' long-term earnings outlook depends on how much they are able to raise cigarette prices in the wake of the proposed litigation settlement reached last week between the industry and state attorneys general.</p>
<p>&quot;There are a lot of variables,&quot; said K. Timothy Swanson, an analyst at A.G. Edwards. &quot;But the big unknown is what effect the higher prices will have on demand.&quot;  </p>
<p>The companies are almost sure to raise cigarette prices to try to cover the cost of the settlement, estimated at $368.5 billion over 25 years, analysts said.</p>
<p>While it still unclear whether those increases will ultimately cut into long-term earnings by reducing demand, analysts are certain that 1998 earnings will show a sharp drop. That is because of the initial $10.5 billion payout the companies would make as part of the settlement, as well as the interest on that amount.  </p>
<p>Philip Morris Cos Inc, which according to some reports is expected to make an initial $6.5 billion payout, would trim about $0.40 a share maximum from 1998 earnings as a result, said Allan Kaplan, an analyst at Merrill Lynch.</p>
<p>Kaplan, who said Philip Morris would finance the payment by taking on debt, lowered his 1998 earnings estimate for the company to between $3.00 and $3.20 a share, from $3.42.</p>
<p>Philip Morris officials were not immediately available to comment. The company's board said in a late afternoon statement that it supported the settlement.  </p>
<p>R.J. Reynolds Tobacco Co, a unit of RJR Nabisco Holdings Corp, said in an Securities and Exchange Commission filing it would initially pay about $600 million. Including interest payments, that translates into about an impact on earnings of $0.49 per share in 1998, according to Roy Burry, an analyst at Oppenheimer &amp; Co.</p>
<p>Burry estimated the company would earn about $2.98 a share for that year.</p>
<p>David Adelman, an analyst at Morgan Stanley, said RJR would likely spin off the remaining 80.0 percent of its food business to help defer the costs of the payout.  </p>
<p>After such a spin-off, the company would earn about $1.40 a share for 1998, Adelman said, down from his previous estimate of $2.00.</p>
<p>RJR Reynolds officials were not immediately available to comment.</p>
<p>Brooke Group Ltd's Liggett tobacco unit would likely go bankrupt as a result of the settlement, a person close to the company told Reuters.</p>
<p>UST Inc, Loews Corp and Britain's B.A.T Industries Plc are among other tobacco companies that the settlement would also affect.</p>
</text>
<copyright>(c) Reuters Limited 1997</copyright>
<metadata>
<codes class="bip:countries:1.0">
  <code code="USA">
    <editdetail attribution="Reuters BIP Coding Group" action="confirmed" date="1997-06-25"/>
  </code>
</codes>
<codes class="bip:industries:1.0">
  <code code="I42900">
    <editdetail attribution="Reuters BIP Coding Group" action="confirmed" date="1997-06-25"/>
  </code>
  <code code="I83960">
    <editdetail attribution="Reuters BIP Coding Group" action="confirmed" date="1997-06-25"/>
  </code>
</codes>
<codes class="bip:topics:1.0">
  <code code="C12">
    <editdetail attribution="Reuters BIP Coding Group" action="confirmed" date="1997-06-25"/>
  </code>
  <code code="C15">
    <editdetail attribution="Reuters BIP Coding Group" action="confirmed" date="1997-06-25"/>
  </code>
  <code code="C151">
    <editdetail attribution="Reuters BIP Coding Group" action="confirmed" date="1997-06-25"/>
  </code>
  <code code="C31">
    <editdetail attribution="Reuters BIP Coding Group" action="confirmed" date="1997-06-25"/>
  </code>
  <code code="CCAT">
    <editdetail attribution="Reuters BIP Coding Group" action="confirmed" date="1997-06-25"/>
  </code>
  <code code="GCAT">
    <editdetail attribution="Reuters BIP Coding Group" action="confirmed" date="1997-06-25"/>
  </code>
  <code code="GCRIM">
    <editdetail attribution="Reuters BIP Coding Group" action="confirmed" date="1997-06-25"/>
  </code>
</codes>
<dc element="dc.date.created" value="1997-06-25"/>
<dc element="dc.publisher" value="Reuters Holdings Plc"/>
<dc element="dc.date.published" value="1997-06-25"/>
<dc element="dc.source" value="Reuters"/>
<dc element="dc.creator.location" value="NEW YORK"/>
<dc element="dc.creator.location.country.name" value="USA"/>
<dc element="dc.source" value="Reuters"/>
</metadata>
</newsitem>
