<?xml version="1.0" encoding="iso-8859-1" ?>
<newsitem itemid="685044" id="root" date="1997-06-25" xml:lang="en">
<title>USA: ViroPharma files for two million shares.</title>
<headline>ViroPharma files for two million shares.</headline>
<dateline>WASHINGTON 1997-06-25</dateline>
<text>
<p>ViroPharma Inc filed Wednesday with the Securities and Exchange Commission a registration to sell up to two million common shares.</p>
<p>The company has granted the underwriters a 30-day over-allotment option to purchase up to 300,000 additional shares. The offering will be made through J.P. Morgan &amp; Co and Cowen &amp; Co.</p>
<p>After the offering, outstanding shares will total 11,148,911 common.</p>
<p>Net proceeds will be used for the further development of pleconaril, including clinical trials and certain premarketing activities, ongoing research and development programs and general corporate purposes, which may include capital equipment expenditures.</p>
<p>ViroPharma, based in Malvern, Pa., is a development stage company engaged in the discovery and development of proprietary antiviral pharmaceuticals for the treatment of diseases caused by RNA viruses.</p>
</text>
<copyright>(c) Reuters Limited 1997</copyright>
<metadata>
<codes class="bip:countries:1.0">
  <code code="USA">
    <editdetail attribution="Reuters BIP Coding Group" action="confirmed" date="1997-06-25"/>
  </code>
</codes>
<codes class="bip:industries:1.0">
  <code code="I25700">
    <editdetail attribution="Reuters BIP Coding Group" action="confirmed" date="1997-06-25"/>
  </code>
</codes>
<codes class="bip:topics:1.0">
  <code code="C13">
    <editdetail attribution="Reuters BIP Coding Group" action="confirmed" date="1997-06-25"/>
  </code>
  <code code="C17">
    <editdetail attribution="Reuters BIP Coding Group" action="confirmed" date="1997-06-25"/>
  </code>
  <code code="C171">
    <editdetail attribution="Reuters BIP Coding Group" action="confirmed" date="1997-06-25"/>
  </code>
  <code code="CCAT">
    <editdetail attribution="Reuters BIP Coding Group" action="confirmed" date="1997-06-25"/>
  </code>
</codes>
<dc element="dc.date.created" value="1997-06-25"/>
<dc element="dc.publisher" value="Reuters Holdings Plc"/>
<dc element="dc.date.published" value="1997-06-25"/>
<dc element="dc.source" value="Reuters"/>
<dc element="dc.creator.location" value="WASHINGTON"/>
<dc element="dc.creator.location.country.name" value="USA"/>
<dc element="dc.source" value="Reuters"/>
</metadata>
</newsitem>
