<?xml version="1.0" encoding="iso-8859-1" ?>
<newsitem itemid="685181" id="root" date="1997-06-25" xml:lang="en">
<title>USA: RESEARCH ALERT - Harborside Healthcare.</title>
<headline>RESEARCH ALERT - Harborside Healthcare.</headline>
<dateline>NEW YORK 1997-06-25</dateline>
<text>
<p>Schroder Werheim &amp; Co said it initiated coverage of Harborside Healthcare Corp with an outperform rating.</p>
<p>-- Additional details were not immediately available.</p>
<p>-- Harborside was down 1/4 to 13-3/4 at midday Wednesday.</p>
</text>
<copyright>(c) Reuters Limited 1997</copyright>
<metadata>
<codes class="bip:countries:1.0">
  <code code="USA">
    <editdetail attribution="Reuters BIP Coding Group" action="confirmed" date="1997-06-25"/>
  </code>
</codes>
<codes class="bip:topics:1.0">
  <code code="C15">
    <editdetail attribution="Reuters BIP Coding Group" action="confirmed" date="1997-06-25"/>
  </code>
  <code code="C152">
    <editdetail attribution="Reuters BIP Coding Group" action="confirmed" date="1997-06-25"/>
  </code>
  <code code="CCAT">
    <editdetail attribution="Reuters BIP Coding Group" action="confirmed" date="1997-06-25"/>
  </code>
</codes>
<dc element="dc.date.created" value="1997-06-25"/>
<dc element="dc.publisher" value="Reuters Holdings Plc"/>
<dc element="dc.date.published" value="1997-06-25"/>
<dc element="dc.source" value="Reuters"/>
<dc element="dc.creator.location" value="NEW YORK"/>
<dc element="dc.creator.location.country.name" value="USA"/>
<dc element="dc.source" value="Reuters"/>
</metadata>
</newsitem>
