<?xml version="1.0" encoding="iso-8859-1" ?>
<newsitem itemid="685176" id="root" date="1997-06-25" xml:lang="en">
<title>USA: Gingrich supports concept of outside board for IRS.</title>
<headline>Gingrich supports concept of outside board for IRS.</headline>
<dateline>WASHINGTON 1997-06-25</dateline>
<text>
<p>U.S. House Speaker Newt Gingrich said he supported the concept of an independent board to oversee the IRS, a key recommendation from a review released Wednesday.</p>
<p>&quot;We'll do everything we can on the House side to move this,&quot; Gingrich said at a new conference called to unveil the report. In response to questions, he said &quot;I absolutely support the concept' of an independent board to oversee the Internal Revenue Service.  </p>
<p>House Majority Leader Dick Armey, Texas Republican, said he might support an independent board but he described the step as &quot;an incidental point to everyone except the Treasury&quot; compared to the goal of tax simplification.</p>
<p>Five of the 16 members of the National Commission on Restructuring the Internal Revenue Service dissented from the recommendation for a seven-member board, drawn mostly from the private sector, to manage the IRS. The agency would remain as part of the Treasury Department.</p>
<p>The Clinton administration strongly opposed the proposal as potentially unconstitutional and needless tinkering that might disrupt tax collection.</p>
<p>Included in the report were 52 recommendations for tax simplification, including abolition of the alternative minimum tax, encouraging electronic filing and spreading out the deadline, now April 15, for filing person income taxes.  </p>
<p>The presidentially appointed board proposed by the commission would have five members from &quot;large service organizations.&quot; Its other members would be the secretary of the Treasury and a representative from the labor union representing IRS workers.</p>
<p>Under the plan, Treasury would retain full control of tax policy. The commissioner of IRS would be appointed to a five-year term.</p>
</text>
<copyright>(c) Reuters Limited 1997</copyright>
<metadata>
<codes class="bip:countries:1.0">
  <code code="USA">
    <editdetail attribution="Reuters BIP Coding Group" action="confirmed" date="1997-06-25"/>
  </code>
</codes>
<codes class="bip:topics:1.0">
  <code code="E21">
    <editdetail attribution="Reuters BIP Coding Group" action="confirmed" date="1997-06-25"/>
  </code>
  <code code="E211">
    <editdetail attribution="Reuters BIP Coding Group" action="confirmed" date="1997-06-25"/>
  </code>
  <code code="ECAT">
    <editdetail attribution="Reuters BIP Coding Group" action="confirmed" date="1997-06-25"/>
  </code>
  <code code="GCAT">
    <editdetail attribution="Reuters BIP Coding Group" action="confirmed" date="1997-06-25"/>
  </code>
  <code code="GPOL">
    <editdetail attribution="Reuters BIP Coding Group" action="confirmed" date="1997-06-25"/>
  </code>
</codes>
<dc element="dc.date.created" value="1997-06-25"/>
<dc element="dc.publisher" value="Reuters Holdings Plc"/>
<dc element="dc.date.published" value="1997-06-25"/>
<dc element="dc.source" value="Reuters"/>
<dc element="dc.creator.location" value="WASHINGTON"/>
<dc element="dc.creator.location.country.name" value="USA"/>
<dc element="dc.source" value="Reuters"/>
</metadata>
</newsitem>
