<?xml version="1.0" encoding="iso-8859-1" ?>
<newsitem itemid="685175" id="root" date="1997-06-25" xml:lang="en">
<title>USA: RESEARCH ALERT - LCI International started.</title>
<headline>RESEARCH ALERT - LCI International started.</headline>
<dateline>NEW YORK 1997-06-25</dateline>
<text>
<p>HSBC James Capel analyst initiated coverage of LCI International Inc Tuesday with a buy rating and estimated the long distance company would see earnings growth of 20 percent through the year 2000.</p>
<p>That compares to an average 11 percent earnings growth rate among its major rivals, analyst James Noble said in published commments.</p>
<p>Noble said he expected LCI to outperform other telecom stocks and had set a 12-month target price of $28. At noon Wednesday, LCI traded at 22-9/16, even on the day.</p>
<p>LCI's strategy is to offer services at prices equal to or lower than the Big 3 -- AT&amp;T Corp, MCI Communications Corp and Sprint Corp.</p>
<p>As LCI activates the fiber network capacity it recently acquired from IXC Communications Inc, LCI's cost structure should improve as it owns, rather than leases, a greater percentage of its network facilities, he noted.</p>
<p>-- Eric Auchard, New York newsdesk, 212-859-1712</p>
</text>
<copyright>(c) Reuters Limited 1997</copyright>
<metadata>
<codes class="bip:countries:1.0">
  <code code="USA">
    <editdetail attribution="Reuters BIP Coding Group" action="confirmed" date="1997-06-25"/>
  </code>
</codes>
<codes class="bip:industries:1.0">
  <code code="I34410">
    <editdetail attribution="Reuters BIP Coding Group" action="confirmed" date="1997-06-25"/>
  </code>
</codes>
<codes class="bip:topics:1.0">
  <code code="C15">
    <editdetail attribution="Reuters BIP Coding Group" action="confirmed" date="1997-06-25"/>
  </code>
  <code code="C152">
    <editdetail attribution="Reuters BIP Coding Group" action="confirmed" date="1997-06-25"/>
  </code>
  <code code="CCAT">
    <editdetail attribution="Reuters BIP Coding Group" action="confirmed" date="1997-06-25"/>
  </code>
</codes>
<dc element="dc.date.created" value="1997-06-25"/>
<dc element="dc.publisher" value="Reuters Holdings Plc"/>
<dc element="dc.date.published" value="1997-06-25"/>
<dc element="dc.source" value="Reuters"/>
<dc element="dc.creator.location" value="NEW YORK"/>
<dc element="dc.creator.location.country.name" value="USA"/>
<dc element="dc.source" value="Reuters"/>
</metadata>
</newsitem>
