<?xml version="1.0" encoding="iso-8859-1" ?>
<newsitem itemid="685169" id="root" date="1997-06-25" xml:lang="en">
<title>USA: Dresser unit to get $102 mln asset sale.</title>
<headline>Dresser unit to get $102 mln asset sale.</headline>
<dateline>DALLAS 1997-06-25</dateline>
<text>
<p>Dresser Industries Inc said its Sub Sea International unit has signed a definitive agreement to sell certain assets to Global Industries Ltd for $102 million in cash.</p>
<p>Dresser said major assets in the sale are three construction barges, liftboats and one dive support vessel based in the U.S. four support vessels based in the Middle East and support vessels and related equipment based in the Far East and Asia-Pacific.  </p>
<p>It said that all of Sub Sea's Gulf of Mexico business related to remotely operated vehicles (ROVs) and engineering and activities in Europe and Brazil are excluded from the sale.</p>
<p>It said closing of the transaction is subject to regulatory approval and other customary conditions, including requisite waiting periods.</p>
<p>It said that the U.S. Department of Justice's antitrust unit has requested for additional information and both Sub Sea and Global expect to substantially comply before the end of June.</p>
<p>It said it expects the transaction to close during the second quarter of Global Industries' current fiscal 1998, which ends in September.</p>
</text>
<copyright>(c) Reuters Limited 1997</copyright>
<metadata>
<codes class="bip:countries:1.0">
  <code code="USA">
    <editdetail attribution="Reuters BIP Coding Group" action="confirmed" date="1997-06-25"/>
  </code>
</codes>
<codes class="bip:industries:1.0">
  <code code="I13000">
    <editdetail attribution="Reuters BIP Coding Group" action="confirmed" date="1997-06-25"/>
  </code>
  <code code="I32000">
    <editdetail attribution="Reuters BIP Coding Group" action="confirmed" date="1997-06-25"/>
  </code>
</codes>
<codes class="bip:topics:1.0">
  <code code="C18">
    <editdetail attribution="Reuters BIP Coding Group" action="confirmed" date="1997-06-25"/>
  </code>
  <code code="C182">
    <editdetail attribution="Reuters BIP Coding Group" action="confirmed" date="1997-06-25"/>
  </code>
  <code code="CCAT">
    <editdetail attribution="Reuters BIP Coding Group" action="confirmed" date="1997-06-25"/>
  </code>
</codes>
<dc element="dc.date.created" value="1997-06-25"/>
<dc element="dc.publisher" value="Reuters Holdings Plc"/>
<dc element="dc.date.published" value="1997-06-25"/>
<dc element="dc.source" value="Reuters"/>
<dc element="dc.creator.location" value="DALLAS"/>
<dc element="dc.creator.location.country.name" value="USA"/>
<dc element="dc.source" value="Reuters"/>
</metadata>
</newsitem>
