<?xml version="1.0" encoding="iso-8859-1" ?>
<newsitem itemid="685194" id="root" date="1997-06-25" xml:lang="en">
<title>SPAIN: BASKETBALL-FAVOURITES YUGOSLAVIA POUND POLAND.</title>
<headline>BASKETBALL-FAVOURITES YUGOSLAVIA POUND POLAND.</headline>
<dateline>GERONA, Spain 1997-06-25</dateline>
<text>
<p>Favourites Yugoslavia got off to a good start in the European men's basketball championship with an emphatic 104-76 win over Poland on Wednesday.</p>
<p>The defending champions' performanchighlight of a day which brought comfortable wins for all the fancied sides.</p>
<p>The Yugoslavs went in at the break with only a six-point lead, but turned up the pressure to swamp the Poles in the second half.</p>
<p>Russia, Greece, Italy, Croatia, France, Spain and Lithuania all won their matches.</p>
<p>Croatia crushed 1993 winners Germany 75-55, while hosts Spain shook off doubts caused by their poor preparation games by thrashing Ukraine 82-54.</p>
<p>Lithuania went in at half-time a point down against Israel, but came out strongly after the break and in the end ran out easy winners 75-60.</p>
<p>Slovenia made France work hard, pulling level to 65-65, before succumbing 80-75, the closest result of the day.</p>
<p>Italy won 85-75 against Latvia, and Russia beat Bosnia 65-55.</p>
<p>Greece scored a convincing 74-52 over neighbours Turkey in a game which failed to produce any of the feared fireworks.</p>
<p>Police and other security officials nearly outnumbered spectators. None of the games, including Spain's, attracted more than 1,000 spectators.</p>
</text>
<copyright>(c) Reuters Limited 1997</copyright>
<metadata>
<codes class="bip:countries:1.0">
  <code code="POL">
    <editdetail attribution="Reuters BIP Coding Group" action="confirmed" date="1997-06-25"/>
  </code>
  <code code="SPAIN">
    <editdetail attribution="Reuters BIP Coding Group" action="confirmed" date="1997-06-25"/>
  </code>
  <code code="YUG">
    <editdetail attribution="Reuters BIP Coding Group" action="confirmed" date="1997-06-25"/>
  </code>
</codes>
<codes class="bip:topics:1.0">
  <code code="GCAT">
    <editdetail attribution="Reuters BIP Coding Group" action="confirmed" date="1997-06-25"/>
  </code>
  <code code="GSPO">
    <editdetail attribution="Reuters BIP Coding Group" action="confirmed" date="1997-06-25"/>
  </code>
</codes>
<dc element="dc.date.created" value="1997-06-25"/>
<dc element="dc.publisher" value="Reuters Holdings Plc"/>
<dc element="dc.date.published" value="1997-06-25"/>
<dc element="dc.source" value="Reuters"/>
<dc element="dc.creator.location" value="GERONA, Spain"/>
<dc element="dc.creator.location.country.name" value="SPAIN"/>
<dc element="dc.source" value="Reuters"/>
</metadata>
</newsitem>
