<?xml version="1.0" encoding="iso-8859-1" ?>
<newsitem itemid="685190" id="root" date="1997-06-25" xml:lang="en">
<title>USA: RESEARCH ALERT - ValuJet progress slow.</title>
<headline>RESEARCH ALERT - ValuJet progress slow.</headline>
<dateline>NEW YORK 1997-06-25</dateline>
<text>
<p>Dillon, Read &amp; Co Inc said ValuJet Inc's return to profitability &quot;is taking longer than we had hoped&quot; due to aggressive pricing competition from major competitors.</p>
<p>-- said, &quot;ValuJet is finding the competitive arena much tougher this time than it was when the company started operations because the network airlines are responding aggressively to any low-fare operations on their route systems.&quot;</p>
<p>-- said ValuJet's unit costs should be $0.075 to $0.08 per available seat mile by year-end.</p>
<p>-- said ValuJet's loss in the second quarter is expected to narrow &quot;considerably&quot; from the first quarter and the company may &quot;flirt&quot; with breakeven in the third quarter.</p>
<p>-- said ValuJet's financial position remains solid.</p>
<p>-- said ValuJet's cash drain &quot;appears to have been minimized, so there is no question of financial solvency at present.&quot;</p>
<p>-- said continues to rate ValuJet as outperform.</p>
</text>
<copyright>(c) Reuters Limited 1997</copyright>
<metadata>
<codes class="bip:countries:1.0">
  <code code="USA">
    <editdetail attribution="Reuters BIP Coding Group" action="confirmed" date="1997-06-25"/>
  </code>
</codes>
<codes class="bip:industries:1.0">
  <code code="I75000">
    <editdetail attribution="Reuters BIP Coding Group" action="confirmed" date="1997-06-25"/>
  </code>
</codes>
<codes class="bip:topics:1.0">
  <code code="C15">
    <editdetail attribution="Reuters BIP Coding Group" action="confirmed" date="1997-06-25"/>
  </code>
  <code code="C152">
    <editdetail attribution="Reuters BIP Coding Group" action="confirmed" date="1997-06-25"/>
  </code>
  <code code="CCAT">
    <editdetail attribution="Reuters BIP Coding Group" action="confirmed" date="1997-06-25"/>
  </code>
</codes>
<dc element="dc.date.created" value="1997-06-25"/>
<dc element="dc.publisher" value="Reuters Holdings Plc"/>
<dc element="dc.date.published" value="1997-06-25"/>
<dc element="dc.source" value="Reuters"/>
<dc element="dc.creator.location" value="NEW YORK"/>
<dc element="dc.creator.location.country.name" value="USA"/>
<dc element="dc.source" value="Reuters"/>
</metadata>
</newsitem>
