<?xml version="1.0" encoding="iso-8859-1" ?>
<newsitem itemid="685216" id="root" date="1997-06-25" xml:lang="en">
<title>UK: TENNIS-WIMBLEDON WOMEN'S SINGLES RESULTS-DAY THREE.</title>
<headline>TENNIS-WIMBLEDON WOMEN'S SINGLES RESULTS-DAY THREE.</headline>
<dateline>LONDON 1997-06-25</dateline>
<text>
<p>First round women's singles</p>
<p>results at the Wimbledon tennis championships on Wednesday</p>
<p>(prefix denotes seeding):</p>
<p>2-Monica Seles (U.S.) beat Rachel McQuillan (Australia) 6-0 6-2</p>
</text>
<copyright>(c) Reuters Limited 1997</copyright>
<metadata>
<codes class="bip:countries:1.0">
  <code code="AUSTR">
    <editdetail attribution="Reuters BIP Coding Group" action="confirmed" date="1997-06-25"/>
  </code>
  <code code="UK">
    <editdetail attribution="Reuters BIP Coding Group" action="confirmed" date="1997-06-25"/>
  </code>
  <code code="USA">
    <editdetail attribution="Reuters BIP Coding Group" action="confirmed" date="1997-06-25"/>
  </code>
</codes>
<codes class="bip:topics:1.0">
  <code code="GCAT">
    <editdetail attribution="Reuters BIP Coding Group" action="confirmed" date="1997-06-25"/>
  </code>
  <code code="GSPO">
    <editdetail attribution="Reuters BIP Coding Group" action="confirmed" date="1997-06-25"/>
  </code>
</codes>
<dc element="dc.date.created" value="1997-06-25"/>
<dc element="dc.publisher" value="Reuters Holdings Plc"/>
<dc element="dc.date.published" value="1997-06-25"/>
<dc element="dc.source" value="Reuters"/>
<dc element="dc.creator.location" value="LONDON"/>
<dc element="dc.creator.location.country.name" value="UK"/>
<dc element="dc.source" value="Reuters"/>
</metadata>
</newsitem>
