<?xml version="1.0" encoding="iso-8859-1" ?>
<newsitem itemid="685291" id="root" date="1997-06-25" xml:lang="en">
<title>ROMANIA: RADIO ROMANIA AFTERNOON HEADLINES AT 4 PM.</title>
<headline>RADIO ROMANIA AFTERNOON HEADLINES AT 4 PM.</headline>
<dateline>BUCHAREST 1997-06-25</dateline>
<text>
<p>Radio Romania news headlines:</p>
<p>* White House officials announced that U.S. President Bill Clinton's European tour after the NATO summit in Madrid in July would include Romania.</p>
<p>* Former foreign minister Teodor Melescanu, who quit the main opposition Party of Social Democracy (PDSR) last week, announced he would set up a new party, named Alliance for Romania, together with fellow reformists also quit the PDSR.</p>
<p>* Romania is fully committed to reform and integration into the NATO and the European Union and no external decision can divert it from its aims, President Constantinescu told a EuroForum seminar on investment opportunities in Romania.</p>
<p>* President Emil Constantinescu will hold a news conference on Thursday to present a state-of-the-nation report on his first 200 days in office. Government representatives are expected to attend.</p>
<p>The national radio plans a live broadcast of the event starting 1100 hours local.</p>
<p>-- Bucharest Newsroom 40-1 312024</p>
</text>
<copyright>(c) Reuters Limited 1997</copyright>
<metadata>
<codes class="bip:countries:1.0">
  <code code="ROM">
    <editdetail attribution="Reuters BIP Coding Group" action="confirmed" date="1997-06-25"/>
  </code>
</codes>
<codes class="bip:topics:1.0">
  <code code="GCAT">
    <editdetail attribution="Reuters BIP Coding Group" action="confirmed" date="1997-06-25"/>
  </code>
</codes>
<dc element="dc.date.created" value="1997-06-25"/>
<dc element="dc.publisher" value="Reuters Holdings Plc"/>
<dc element="dc.date.published" value="1997-06-25"/>
<dc element="dc.source" value="Reuters"/>
<dc element="dc.creator.location" value="BUCHAREST"/>
<dc element="dc.creator.location.country.name" value="ROMANIA"/>
<dc element="dc.source" value="Reuters"/>
</metadata>
</newsitem>
