<?xml version="1.0" encoding="iso-8859-1" ?>
<newsitem itemid="685229" id="root" date="1997-06-25" xml:lang="en">
<title>UK: TENNIS-FUTURE LOOKS ROSY FOR TENNIS GIRLS.</title>
<headline>TENNIS-FUTURE LOOKS ROSY FOR TENNIS GIRLS.</headline>
<byline>Clare Lovell</byline>
<dateline>LONDON 1997-06-25</dateline>
<text>
<p>They will not be out of their teens before the next millenium, but the new crop of tennis women are already making their presence felt at Wimbledon.</p>
<p>Martina Hingis is world number one at 16, has won every match she has played this year except the French Open final and is favourite to unseat injured Steffi Graf as queen of S.W.19.</p>
<p>On Tuesday she beat Luxembourg qualifier Anne Kremer 6-4 6-4 and pronounced herself satisfied, despite a bit of a struggle.</p>
<p>&quot;I feel I was not playing that bad for the first match on a grass court this year,&quot; she said.</p>
<p>Hingis won here as a junior -- the youngest junior title holder at 14 -- but went out in the first round of the main draw two years ago and in the fourth round to Graf last year. Undeterred she captured the doubles with Helena Sukova becoming the youngest senior champion. She also went into the youthful record books by winning the Australian Open in January.</p>
<p>In the second round here, the wholesome teenager, whose energetic hobbies include riding and roller-blading, meets Wimbledon newcomer 17-year-old Belarussian Olga Barabanshchikova.</p>
<p>But it was a graceful Russian, who celebrated her 16th birthday only two weeks ago, who turned most heads on her first appearance in the women's draw here.</p>
<p>Anna Kurnikova, the Moscow pupil of Florida-based tennis super-coach Nick Bolletieri, put out America's Chanda Rubin, a top 10 player last year, in no-nonsense fashion 6-1 6-1.</p>
<p>&quot;I was nervous at first, but after I got used to  it I felt very, very comfortable on that court.&quot; she said ominously.</p>
<p>Kurnikova parried the inevitable news conference questions about her stunning looks and possible boyfriends with aplomb. &quot;I just think about tennis right now,&quot; she said. &quot;I am single.&quot;</p>
<p>But she offered qualified compliments to Venus Williams, the flamboyant American who turned 17 last week and who plays her first round match on Wednesday.</p>
<p>&quot;She is very strong. She has a good serve and she covers the court very well so I mean she is just like any other player.&quot; Kurnikova said.</p>
<p>Williams, who played her first ever grass match at Eastbourne last week, beating Rubin but losing to Nathalie Tauziat, stands a towering 1.88 m and is still growing. So she is well suited to the surface.</p>
<p>On Wednesday, she meets Poland's Magdalena Grzybowska, already 18 but a little shorter at 1.84 m.</p>
<p>Grzybowska has the advantage of some experience having played one round at Wimbledon last year, while Williams was being kept strictly out of the limelight by her father.</p>
<p>But the American's athleticism and talent have shaken her opponents this year and she could yet turn out to be Wimbledon's surprise package.</p>
</text>
<copyright>(c) Reuters Limited 1997</copyright>
<metadata>
<codes class="bip:countries:1.0">
  <code code="FRA">
    <editdetail attribution="Reuters BIP Coding Group" action="confirmed" date="1997-06-25"/>
  </code>
  <code code="RUSS">
    <editdetail attribution="Reuters BIP Coding Group" action="confirmed" date="1997-06-25"/>
  </code>
  <code code="SWITZ">
    <editdetail attribution="Reuters BIP Coding Group" action="confirmed" date="1997-06-25"/>
  </code>
  <code code="UK">
    <editdetail attribution="Reuters BIP Coding Group" action="confirmed" date="1997-06-25"/>
  </code>
  <code code="USA">
    <editdetail attribution="Reuters BIP Coding Group" action="confirmed" date="1997-06-25"/>
  </code>
</codes>
<codes class="bip:topics:1.0">
  <code code="GCAT">
    <editdetail attribution="Reuters BIP Coding Group" action="confirmed" date="1997-06-25"/>
  </code>
  <code code="GSPO">
    <editdetail attribution="Reuters BIP Coding Group" action="confirmed" date="1997-06-25"/>
  </code>
</codes>
<dc element="dc.date.created" value="1997-06-25"/>
<dc element="dc.publisher" value="Reuters Holdings Plc"/>
<dc element="dc.date.published" value="1997-06-25"/>
<dc element="dc.source" value="Reuters"/>
<dc element="dc.creator.location" value="LONDON"/>
<dc element="dc.creator.location.country.name" value="UK"/>
<dc element="dc.source" value="Reuters"/>
</metadata>
</newsitem>
