<?xml version="1.0" encoding="iso-8859-1" ?>
<newsitem itemid="685236" id="root" date="1997-06-25" xml:lang="en">
<title>POLAND: SOCCER-POLISH FIRST DIVISION RESULTS/STANDINGS.</title>
<headline>SOCCER-POLISH FIRST DIVISION RESULTS/STANDINGS.</headline>
<dateline>WARSAW 1997-06-25</dateline>
<text>
<p>Results of Polish first division</p>
<p>matches on Wednesday:</p>
<p> Lech Poznan	  1   GKS Belchatow	1</p>
<p> Widzew Lodz	  5   Rakow Czestochowa  1</p>
<p> GKS Katowice	 1   Legia Warszawa     3</p>
<p> Wisla Krakow	 5   Stomil Olsztyn     2</p>
<p> Odra Wodzislaw     3   Hutnik Krakow	2</p>
<p> Ruch Chorzow	 2   Polonia Warszawa   0</p>
<p> Gornik Zabrze	1   Amica Wronki	 1</p>
<p> Slask Wroclaw	0   Zaglebie Lubin     3 (forfeit)</p>
<p> Sokol Tychy	  0   LKS Lodz	     3 (forfeit)</p>
<p>    Standings	    P    W    D    L    F    A    Pts</p>
<p>  1. Widzew Lodz	 34   25   6    3    74   21   81</p>
<p>  2. Legia Warszawa    34   24   5    5    66   27   77</p>
<p>  3. Odra Wodzislaw    34   16   7   11    51   44   55</p>
<p>  4. GKS Katowice	34   14  11    9    47   40   53</p>
<p>  5. Amica Wronki	34   14  10   10    41   40   52</p>
<p>  6. LKS Lodz	    34   13  10   11    55   45   49</p>
<p>  7. Zaglebie Lunin    34   13  10   11    44   38   49</p>
<p>  8. Polonia Warszawa  34   13   9   12    40   44   48</p>
<p>  9. Stomil Olsztyn    34   12   8   14    45   46   44</p>
<p> 10. Rakow Czestochowa 34   11  11   12    35   39   44</p>
<p> 11. Lech Poznan	 34   11  11   12    40   40   44</p>
<p> 12. Wisla Krakow	34   11   9   14    33   42   42</p>
<p> 13. Gornik Zabrze     34   11   8   15    40   45   41</p>
<p> 14. Ruch Chorzow	34    9  13   12    41   41   40</p>
<p> 15. GKS Belchatow     34   11   7   16    36   43   40</p>
<p> 16. Hutnik Krakow     34    8  11   15    34   46   35</p>
<p> 17. Slask Wroclaw     34    6   6   22    24   65   24</p>
<p> 18. Sokol Tychy	 34    5   6   23    18   67   21</p>
<p>Relegated: GKS Belchatow, Hutnik Krakow, Slask Wroclaw and</p>
<p>Sokol Tychy.</p>
</text>
<copyright>(c) Reuters Limited 1997</copyright>
<metadata>
<codes class="bip:countries:1.0">
  <code code="POL">
    <editdetail attribution="Reuters BIP Coding Group" action="confirmed" date="1997-06-25"/>
  </code>
</codes>
<codes class="bip:topics:1.0">
  <code code="GCAT">
    <editdetail attribution="Reuters BIP Coding Group" action="confirmed" date="1997-06-25"/>
  </code>
  <code code="GSPO">
    <editdetail attribution="Reuters BIP Coding Group" action="confirmed" date="1997-06-25"/>
  </code>
</codes>
<dc element="dc.date.created" value="1997-06-25"/>
<dc element="dc.publisher" value="Reuters Holdings Plc"/>
<dc element="dc.date.published" value="1997-06-25"/>
<dc element="dc.source" value="Reuters"/>
<dc element="dc.creator.location" value="WARSAW"/>
<dc element="dc.creator.location.country.name" value="POLAND"/>
<dc element="dc.source" value="Reuters"/>
</metadata>
</newsitem>
