<?xml version="1.0" encoding="iso-8859-1" ?>
<newsitem itemid="685225" id="root" date="1997-06-25" xml:lang="en">
<title>UK: TENNIS-RAIN THREATENS THIRD DAY AT WIMBLEDON.</title>
<headline>TENNIS-RAIN THREATENS THIRD DAY AT WIMBLEDON.</headline>
<dateline>LONDON 1997-06-25</dateline>
<text>
<p>Rain threatened to disrupt the third day's play at Wimbledon on Wednesday.</p>
<p>Forecasters said there was a 60 percent chance of rain, some of it heavy, although there were hopes of brighter spells later in the day.</p>
<p>Showers spoiled Monday's opening day but there was a full day's play on Tuesday.</p>
<p>Defending champion Richard Krajicek was due on Court Two at 1100 GMT on Wednesday in a second round match against Romania's Andrei Pavel.</p>
<p>British fans were hoping to see their favourites Tim Henman and Greg Rusedski in second round action later in the day.</p>
<p>The forecast for later in the week was cool, windy and some more rain.</p>
</text>
<copyright>(c) Reuters Limited 1997</copyright>
<metadata>
<codes class="bip:countries:1.0">
  <code code="UK">
    <editdetail attribution="Reuters BIP Coding Group" action="confirmed" date="1997-06-25"/>
  </code>
</codes>
<codes class="bip:topics:1.0">
  <code code="GCAT">
    <editdetail attribution="Reuters BIP Coding Group" action="confirmed" date="1997-06-25"/>
  </code>
  <code code="GSPO">
    <editdetail attribution="Reuters BIP Coding Group" action="confirmed" date="1997-06-25"/>
  </code>
</codes>
<dc element="dc.date.created" value="1997-06-25"/>
<dc element="dc.publisher" value="Reuters Holdings Plc"/>
<dc element="dc.date.published" value="1997-06-25"/>
<dc element="dc.source" value="Reuters"/>
<dc element="dc.creator.location" value="LONDON"/>
<dc element="dc.creator.location.country.name" value="UK"/>
<dc element="dc.source" value="Reuters"/>
</metadata>
</newsitem>
