<?xml version="1.0" encoding="iso-8859-1" ?>
<newsitem itemid="685280" id="root" date="1997-06-25" xml:lang="en">
<title>SOUTH AFRICA: SASANI LIFTS HEADLINE 12-MONTH EARNINGS.</title>
<headline>SASANI LIFTS HEADLINE 12-MONTH EARNINGS.</headline>
<dateline>JOHANNESBURG 1997-06-25</dateline>
<text>
<p>Twelve months ended March</p>
<p>31 1997. </p>
<p>			(million rand unless stated)	 </p>
<p>    Shr, (cts)	 </p>
<p>    - headline		3.4	   vs  (2.2)</p>
<p>    - attrib		  3.4	   vs  32.9</p>
<p>    Attrib income	   8.96	  vs   7.61  </p>
<p>    Pre-tax		  12.96	  vs   7.61</p>
<p>    Tax			(3.99)	 vs    - </p>
<p>    Turnover		  58.86	 vs    -  </p>
<p>Exceptional items</p>
<p>- profit on sale of</p>
<p>    investment		 -	    vs  8.12</p>
<p>Full name: Sasani Limited </p>
<p>NOTE - The group said it had changed its year end from March</p>
<p>31 to June 30 following the acquisition of the Video Lab and The</p>
<p>Movie Camera Company which both have years ending on June 30.</p>
<p>The interim results for the 12 months ended March 31</p>
<p>together with comparative figures are published above.</p>
<p>Next published results will cover the 15-month period ending</p>
<p>June 30 1997.</p>
<p>-- Johannesburg newsroom 27 11 482 1003</p>
</text>
<copyright>(c) Reuters Limited 1997</copyright>
<metadata>
<codes class="bip:countries:1.0">
  <code code="SAFR">
    <editdetail attribution="Reuters BIP Coding Group" action="confirmed" date="1997-06-25"/>
  </code>
</codes>
<codes class="bip:topics:1.0">
  <code code="C15">
    <editdetail attribution="Reuters BIP Coding Group" action="confirmed" date="1997-06-25"/>
  </code>
  <code code="C151">
    <editdetail attribution="Reuters BIP Coding Group" action="confirmed" date="1997-06-25"/>
  </code>
  <code code="C1511">
    <editdetail attribution="Reuters BIP Coding Group" action="confirmed" date="1997-06-25"/>
  </code>
  <code code="CCAT">
    <editdetail attribution="Reuters BIP Coding Group" action="confirmed" date="1997-06-25"/>
  </code>
</codes>
<dc element="dc.date.created" value="1997-06-25"/>
<dc element="dc.publisher" value="Reuters Holdings Plc"/>
<dc element="dc.date.published" value="1997-06-25"/>
<dc element="dc.source" value="Reuters"/>
<dc element="dc.creator.location" value="JOHANNESBURG"/>
<dc element="dc.creator.location.country.name" value="SOUTH AFRICA"/>
<dc element="dc.source" value="Reuters"/>
</metadata>
</newsitem>
