<?xml version="1.0" encoding="iso-8859-1" ?>
<newsitem itemid="685272" id="root" date="1997-06-25" xml:lang="en">
<title>SPAIN: SOCCER-HEYNCKES GIVEN JOB OF TAKING REAL BACK TO EUROPEAN GLORY.</title>
<headline>SOCCER-HEYNCKES GIVEN JOB OF TAKING REAL BACK TO EUROPEAN GLORY.</headline>
<byline>Richard Bastin</byline>
<dateline>MADRID 1997-06-25</dateline>
<text>
<p>German coach Jupp Heynckes, the authoritarian and often controversial figure who has taken over at Real Madrid, has inherited the daunting task of landing the European Cup for the first time in more than 30 years.</p>
<p>Heynckes, 52, who signed a two-year contract with Real on Tuesday, will be asked to give the six-times winners their long-overdue first victory in the European Cup since 1966.</p>
<p>Since then Real's considerable success at home has contrasted with a trophy-drought on the European stage, with just two UEFA Cup wins.</p>
<p>But Heynckes is no stranger to the big time.</p>
<p>A prolific striker in a career spent mostly with Borussia Moenchengladbach, he was in the West German team which won the European Championship in 1972 and was in the squad which won the World Cup in 1974, though he did not play in the final.</p>
<p>As a free-scoring left-sided forward, he won the West German league five times and the Cup once. He also won the UEFA Cup in 1975, scoring a hat-trick in the second leg of the final with Twente Enschede of the Netherlands.</p>
<p>Heynckes' managerial career took him back to Borussia Moenchengladbach before moving on to Bayern Munich in 1987 where he won the league twice but failed to bring the European success he had promised.</p>
<p>His spell in Munich was punctuated with disputes involving leading players who resented his authoritarian style of leadership, as well as with club officials who at times found him an uncomfortable personality to deal with.</p>
<p>Heynckes, a charming and quiet-talking man in private, paid the price of being too outspoken in public, attracting an image as somewhat brash and arrogant.</p>
<p>He was fired in 1991 and went to Spain the next year, joining Athletic Bilbao, a club which signs players only from the Basque Country.</p>
<p>Heynckes was not a spectacular success there but did well enough to be mentioned in connection with the Real Madrid job as long ago as 1994.</p>
<p>He stayed two years with Bilbao, went back to Germany for a troubled season with Eintracht Frankfurt -- which saw him quit before the end of the campaign -- and then took up the reins at Tenerife.</p>
<p>There he strengthened his image as a proponent of attacking football and took the team to fifth place last year, equalling the club's best-ever standing in the Spanish first division.</p>
<p>The feat earned Tenerife a coveted UEFA Cup place and the Canary Island supporters were delighted by an unprecedented run to the semifinals.</p>
<p>The memorable 5-3 home win over Italy's Lazio was the sort of high-scoring, open game that characterised Tenerife's European campaign.</p>
<p>But despite beginning the domestic season with a 6-0 victory over Compostela, Tenerife lost their way and ended the league in mid-table.</p>
<p>Heynckes has already said he will have to make changes at Real, a side that was at times tediously efficient under coach Fabio Capello.</p>
<p>The departure of Rafael Alkorta will leave a gap in the centre of defence which will be difficult to fill.</p>
<p>Real president Lorenzo Sanz said on Tuesday that he was interested in signing Spanish international Roberto Rios. Rios's contract with Real Betis stipulates that 2 billion pesetas ($13.7 million) must be paid to free the player from his contract.</p>
<p>Other changes Heynckes wants to make include requiring players to wear club uniform when travelling to away games, a rule which may not endear him to all.</p>
<p>But Heynckes has never courted popularity and is no stranger to conflict.</p>
<p>He fell out with Tenerife officials after openly talking of moving to Real in the past weeks.</p>
<p>Heynckes knows it will be all too easy to fall out with the highly-demanding crowd at the Santiago Bernabeu stadium.</p>
<p>Good results kept Capello in favour. But for many the Italian coach, who lasted just one season before deciding to return to AC Milan, left the job undone.</p>
<p>&quot;I hope Heynckes finishes off my project,&quot; said Capello, in a clear reference to winning the European Cup. ($ = 145.6 Spanish Pesetas)</p>
</text>
<copyright>(c) Reuters Limited 1997</copyright>
<metadata>
<codes class="bip:countries:1.0">
  <code code="GFR">
    <editdetail attribution="Reuters BIP Coding Group" action="confirmed" date="1997-06-25"/>
  </code>
  <code code="SPAIN">
    <editdetail attribution="Reuters BIP Coding Group" action="confirmed" date="1997-06-25"/>
  </code>
</codes>
<codes class="bip:topics:1.0">
  <code code="GCAT">
    <editdetail attribution="Reuters BIP Coding Group" action="confirmed" date="1997-06-25"/>
  </code>
  <code code="GSPO">
    <editdetail attribution="Reuters BIP Coding Group" action="confirmed" date="1997-06-25"/>
  </code>
</codes>
<dc element="dc.date.created" value="1997-06-25"/>
<dc element="dc.publisher" value="Reuters Holdings Plc"/>
<dc element="dc.date.published" value="1997-06-25"/>
<dc element="dc.source" value="Reuters"/>
<dc element="dc.creator.location" value="MADRID"/>
<dc element="dc.creator.location.country.name" value="SPAIN"/>
<dc element="dc.source" value="Reuters"/>
</metadata>
</newsitem>
