<?xml version="1.0" encoding="iso-8859-1" ?>
<newsitem itemid="685275" id="root" date="1997-06-25" xml:lang="en">
<title>ZIMBABWE: ZIMBABWE'S FMB MERGES WITH HERITAGE BANK.</title>
<headline>ZIMBABWE'S FMB MERGES WITH HERITAGE BANK.</headline>
<dateline>HARARE 1997-06-25</dateline>
<text>
<p>Zimbabwe's oldest merchant bank, the First Merchant Bank (FMB), has signed an agreement to merge with Heritage Investment Bank which was set up four years ago by local pension funds and some black businessmen.</p>
<p>FMB Holdings chairman David Dennett said that under the agreement, 2.4 million FMB shares would be issued to Heritage giving it a 10.5 percent stake in FMB.</p>
<p>In addition Anglo American Corporation Zimbabwe Ltd (AMZIM), the majority shareholder in FMB Holdings, had concluded a separate deal with Heritage giving the bank an 18-month option to acquire an additional 6.5 million shares in FMB.</p>
<p>This would increase Heritage's shareholding in FMB to 38.9 percent, making it the largest stakeholder in FMB and reducing Anglo's stake to 10 percent -- effectively localising the majority of the FMB shareholding.</p>
<p>Dennett told reporters that FMB had decided to merge with Heritage to ensure it remained a leading player in financial markets as competition intensified with a number of new banks coming onto the scene.</p>
<p>&quot;As a consequence of increasing competition margins have declined and will continue to decline whereas costs have continued to escalate...,&quot; he said.</p>
<p>&quot;As new banks continue to be registered it becomes more and more apparent that there will be a rationalisation in the market. FMB has for some time been studying developments in order to determine the most appropriate strategy to ensure it remains a leading player into the 21st century,&quot; he said.</p>
<p>Dennett said the merger would strengthen FMB's position in treasury and corporate finance activities and also produce a stronger skills base.</p>
<p>The merged bank will still be known as First Merchant Bank Zimbabwe, and FMB's current managing director Ray Feltoe has been appointed its chief executive. Heritage's managing director Douglas Munatsi maintains that position in the new venture.</p>
<p>Meanwhile, Anglo chief executive Phillip Baum dismissed suggestions that his corporation had scaled down its stake in FMB under pressure from President Robert Mugabe's government to localise some of its activities.</p>
<p>&quot;There's been absolutely no political pressure to do so. It was a straightforward commercial process. We are happy to have our minority shareholding in the new entity,&quot; Baum told reporters.</p>
<p>He said the proceeds from the sale of part of its shareholding in FMB to Heritage, estimated at about Z$300 million, would be reinvested in its local activities.</p>
<p>&quot;This money, such as we realise from it, it's not about disinvesting from Zimbabwe but investing in our more traditional activities... We are confident about the Zimbabwean economy and we would like to do a lot of things here,&quot; he said.</p>
<p>--Emelia Sithole, Harare Newsroom: +263-4 72 52 27/8/9--</p>
</text>
<copyright>(c) Reuters Limited 1997</copyright>
<metadata>
<codes class="bip:countries:1.0">
  <code code="ZIMBAB">
    <editdetail attribution="Reuters BIP Coding Group" action="confirmed" date="1997-06-25"/>
  </code>
</codes>
<codes class="bip:industries:1.0">
  <code code="I81402">
    <editdetail attribution="Reuters BIP Coding Group" action="confirmed" date="1997-06-25"/>
  </code>
  <code code="I83960">
    <editdetail attribution="Reuters BIP Coding Group" action="confirmed" date="1997-06-25"/>
  </code>
</codes>
<codes class="bip:topics:1.0">
  <code code="C18">
    <editdetail attribution="Reuters BIP Coding Group" action="confirmed" date="1997-06-25"/>
  </code>
  <code code="C181">
    <editdetail attribution="Reuters BIP Coding Group" action="confirmed" date="1997-06-25"/>
  </code>
  <code code="CCAT">
    <editdetail attribution="Reuters BIP Coding Group" action="confirmed" date="1997-06-25"/>
  </code>
</codes>
<dc element="dc.date.created" value="1997-06-25"/>
<dc element="dc.publisher" value="Reuters Holdings Plc"/>
<dc element="dc.date.published" value="1997-06-25"/>
<dc element="dc.source" value="Reuters"/>
<dc element="dc.creator.location" value="HARARE"/>
<dc element="dc.creator.location.country.name" value="ZIMBABWE"/>
<dc element="dc.source" value="Reuters"/>
</metadata>
</newsitem>
