<?xml version="1.0" encoding="iso-8859-1" ?>
<newsitem itemid="685200" id="root" date="1997-06-25" xml:lang="en">
<title>UK: TENNIS-PLAY STARTS AT WIMBLEDON, STOPS, STARTS AGAIN.</title>
<headline>TENNIS-PLAY STARTS AT WIMBLEDON, STOPS, STARTS AGAIN.</headline>
<dateline>LONDON 1997-06-25</dateline>
<text>
<p>Play on the third day of Wimbledon on Wednesday, severely curtailed by rain, finally started up to six hours late.</p>
<p>Rain in the morning then drizzle in the afternoon thwarted players, officials and fans alike but play eventually got under way with Monica Seles taking centre court against Australia's Rachel McQuillan.</p>
<p>Seles raced into a 6-0 5-2 lead only for the rain to intervene again after 45 minutes, causing a further 45 minute delay. When the weather relented second-seeded Seles quickly wrapped up the match 6-0 6-2.</p>
<p>Weather permitting, play on outside courts on Thursday will start an hour earlier than usual at 1000GMT. Play on Centre and Number One Court will begin at 1100GMT, two hours ahead of the normal time.</p>
<p>Showers permitted only 16 matches to be completed on Monday's opening day, but there was a full day's play on Tuesday.</p>
</text>
<copyright>(c) Reuters Limited 1997</copyright>
<metadata>
<codes class="bip:countries:1.0">
  <code code="AUSTR">
    <editdetail attribution="Reuters BIP Coding Group" action="confirmed" date="1997-06-25"/>
  </code>
  <code code="UK">
    <editdetail attribution="Reuters BIP Coding Group" action="confirmed" date="1997-06-25"/>
  </code>
  <code code="USA">
    <editdetail attribution="Reuters BIP Coding Group" action="confirmed" date="1997-06-25"/>
  </code>
</codes>
<codes class="bip:topics:1.0">
  <code code="GCAT">
    <editdetail attribution="Reuters BIP Coding Group" action="confirmed" date="1997-06-25"/>
  </code>
  <code code="GSPO">
    <editdetail attribution="Reuters BIP Coding Group" action="confirmed" date="1997-06-25"/>
  </code>
</codes>
<dc element="dc.date.created" value="1997-06-25"/>
<dc element="dc.publisher" value="Reuters Holdings Plc"/>
<dc element="dc.date.published" value="1997-06-25"/>
<dc element="dc.source" value="Reuters"/>
<dc element="dc.creator.location" value="LONDON"/>
<dc element="dc.creator.location.country.name" value="UK"/>
<dc element="dc.source" value="Reuters"/>
</metadata>
</newsitem>
