<?xml version="1.0" encoding="iso-8859-1" ?>
<newsitem itemid="685296" id="root" date="1997-06-25" xml:lang="en">
<title>LITHUANIA: RADIO HEADLINES - JUNE 25.</title>
<headline>RADIO HEADLINES - JUNE 25.</headline>
<dateline>VILNIUS 1997-06-25</dateline>
<text>
<p>These were the main headlines from Lithuania's M-1 plus radio station's news report on Wednesday at noon. Reuters has not verified these stories and does not vouch for their accuracy.</p>
<p>- Mazeikiu Nafta signed an agreement with Klaipedos Nafta to transport diesel fuel via Klaipeda port instead of Venstpils from July 1. Mazeikiu Nafta took an obligation to export monthly 50,000 tonnes of diesel fuel via Klaipedos Nafta terminal.</p>
<p>- The Social Democrats said they fear that private hospitals will try to avoid providing emergency care after the health care law was passed on Tuesday.</p>
<p>-- Andrius Vilkancas, Vilnius newsroom +370 2 22 35 18</p>
</text>
<copyright>(c) Reuters Limited 1997</copyright>
<metadata>
<codes class="bip:countries:1.0">
  <code code="LITH">
    <editdetail attribution="Reuters BIP Coding Group" action="confirmed" date="1997-06-25"/>
  </code>
</codes>
<codes class="bip:topics:1.0">
  <code code="GCAT">
    <editdetail attribution="Reuters BIP Coding Group" action="confirmed" date="1997-06-25"/>
  </code>
</codes>
<dc element="dc.date.created" value="1997-06-25"/>
<dc element="dc.publisher" value="Reuters Holdings Plc"/>
<dc element="dc.date.published" value="1997-06-25"/>
<dc element="dc.source" value="Reuters"/>
<dc element="dc.creator.location" value="VILNIUS"/>
<dc element="dc.creator.location.country.name" value="LITHUANIA"/>
<dc element="dc.source" value="Reuters"/>
</metadata>
</newsitem>
