<?xml version="1.0" encoding="iso-8859-1" ?>
<newsitem itemid="685257" id="root" date="1997-06-25" xml:lang="en">
<title>USA: BASEBALL-STANDINGS AFTER TUESDAY'S MAJOR LEAGUE GAMES.</title>
<headline>BASEBALL-STANDINGS AFTER TUESDAY'S MAJOR LEAGUE GAMES.</headline>
<dateline>NEW YORK 1997-06-25</dateline>
<text>
<p>Major League Baseball</p>
<p>standings after games on Tuesday (tabulate under wins, losses,</p>
<p>winning percentage and games behind first):</p>
<p>		   AMERICAN LEAGUE</p>
<p>		   EAST DIVISION</p>
<p>			 W    L   PCT  GB</p>
<p> BALTIMORE	  49   23  .681   -</p>
<p> NY YANKEES	 42   32  .568   8</p>
<p> TORONTO	    33   38  .465  15 1/2</p>
<p> BOSTON	     34   40  .459  16</p>
<p> DETROIT	    32   40  .444  17</p>
<p>		   CENTRAL DIVISION</p>
<p>			 W    L   PCT  GB</p>
<p> CLEVELAND	  38   33  .535   -</p>
<p> CHI WHITE SOX    36   37  .493   3</p>
<p> MILWAUKEE	  35   36  .493   3</p>
<p> KANSAS CITY	34   37  .479   4</p>
<p> MINNESOTA	  34   40  .459   5 1/2</p>
<p>		   WEST DIVISION</p>
<p>			 W    L   PCT  GB</p>
<p> SEATTLE	    43   32  .573   -</p>
<p> ANAHEIM	    40   34  .541   2 1/2</p>
<p> TEXAS		36   37  .493   6</p>
<p> OAKLAND	    31   46  .403  13</p>
<p>WEDNESDAY, JUNE 25 SCHEDULE</p>
<p>NY YANKEES AT DETROIT </p>
<p>KANSAS CITY AT CHI WHITE SOX</p>
<p>BALTIMORE AT MILWAUKEE</p>
<p> ANAHEIM AT TEXAS	</p>
<p>MINNESOTA AT CLEVELAND</p>
<p> BOSTON AT TORONTO     </p>
<p> OAKLAND AT SEATTLE    </p>
<p>		  NATIONAL LEAGUE</p>
<p>		  EAST DIVISION</p>
<p>			 W    L   PCT  GB</p>
<p> ATLANTA	    47   28  .627   -</p>
<p> FLORIDA	    44   30  .595   2 1/2</p>
<p> NY METS	    43   32  .573   4</p>
<p> MONTREAL	   42   32  .568   4 1/2</p>
<p> PHILADELPHIA     23   50  .315  23</p>
<p>		 CENTRAL DIVISION</p>
<p>			 W    L   PCT  GB</p>
<p> HOUSTON	    37   39  .487   -</p>
<p> PITTSBURGH	 35   40  .467   1 1/2</p>
<p> ST LOUIS	   34   40  .459   2</p>
<p> CINCINNATI	 31   43  .419   5</p>
<p> CHICAGO CUBS     29   46  .387   7 1/2</p>
<p>		  WEST DIVISION</p>
<p>			 W    L   PCT  GB</p>
<p> SAN FRANCISCO    43   32  .573   -</p>
<p> COLORADO	   40   36  .526   3 1/2</p>
<p> LOS ANGELES	37   38  .493   6</p>
<p> SAN DIEGO	  32   43  .427  11</p>
<p>WEDNESDAY, JUNE 25 SCHEDULE</p>
<p>FLORIDA AT PHILADELPHIA</p>
<p>PITTSBURGH AT HOUSTON  </p>
<p>CINCINNATI AT MONTREAL </p>
<p> ATLANTA AT NY METS     </p>
<p>SAN DIEGO AT SAN FRANCISCO</p>
<p>CHICAGO CUBS AT ST LOUIS  </p>
<p>COLORADO AT LOS ANGELES</p>
</text>
<copyright>(c) Reuters Limited 1997</copyright>
<metadata>
<codes class="bip:countries:1.0">
  <code code="USA">
    <editdetail attribution="Reuters BIP Coding Group" action="confirmed" date="1997-06-25"/>
  </code>
</codes>
<codes class="bip:topics:1.0">
  <code code="GCAT">
    <editdetail attribution="Reuters BIP Coding Group" action="confirmed" date="1997-06-25"/>
  </code>
  <code code="GSPO">
    <editdetail attribution="Reuters BIP Coding Group" action="confirmed" date="1997-06-25"/>
  </code>
</codes>
<dc element="dc.date.created" value="1997-06-25"/>
<dc element="dc.publisher" value="Reuters Holdings Plc"/>
<dc element="dc.date.published" value="1997-06-25"/>
<dc element="dc.source" value="Reuters"/>
<dc element="dc.creator.location" value="NEW YORK"/>
<dc element="dc.creator.location.country.name" value="USA"/>
<dc element="dc.source" value="Reuters"/>
</metadata>
</newsitem>
