<?xml version="1.0" encoding="iso-8859-1" ?>
<newsitem itemid="685310" id="root" date="1997-06-25" xml:lang="en">
<title>LATVIA: CENTRAL BANK DEPO RATE UNCHANGED AT 1.5 PERCENT.</title>
<headline>CENTRAL BANK DEPO RATE UNCHANGED AT 1.5 PERCENT.</headline>
<dateline>RIGA 1997-06-25</dateline>
<text>
<p>Latvia's central bank said on Wednesday that its 33-day deposit rate remained unchanged at 1.5 percent.</p>
<p>The bank will accept deposits at this rate on June 30 for 33 days and the repayment date will be July 31, the bank said in a statement.</p>
<p>-- Riga nerwsoom, +371 721 5240</p>
</text>
<copyright>(c) Reuters Limited 1997</copyright>
<metadata>
<codes class="bip:countries:1.0">
  <code code="LATV">
    <editdetail attribution="Reuters BIP Coding Group" action="confirmed" date="1997-06-25"/>
  </code>
</codes>
<codes class="bip:topics:1.0">
  <code code="M13">
    <editdetail attribution="Reuters BIP Coding Group" action="confirmed" date="1997-06-25"/>
  </code>
  <code code="M131">
    <editdetail attribution="Reuters BIP Coding Group" action="confirmed" date="1997-06-25"/>
  </code>
  <code code="MCAT">
    <editdetail attribution="Reuters BIP Coding Group" action="confirmed" date="1997-06-25"/>
  </code>
</codes>
<dc element="dc.date.created" value="1997-06-25"/>
<dc element="dc.publisher" value="Reuters Holdings Plc"/>
<dc element="dc.date.published" value="1997-06-25"/>
<dc element="dc.source" value="Reuters"/>
<dc element="dc.creator.location" value="RIGA"/>
<dc element="dc.creator.location.country.name" value="LATVIA"/>
<dc element="dc.source" value="Reuters"/>
</metadata>
</newsitem>
