<?xml version="1.0" encoding="iso-8859-1" ?>
<newsitem itemid="685320" id="root" date="1997-06-25" xml:lang="en">
<title>LATVIA: BOURSE TO APPROVE FREE LIST LINE-UP THURSDAY.</title>
<headline>BOURSE TO APPROVE FREE LIST LINE-UP THURSDAY.</headline>
<dateline>RIGA 1997-06-25</dateline>
<text>
<p>The Riga bourse said on Wednesday it will approve the line-up of its third or free list tomorrow.</p>
<p>&quot;The board will approve the line-up of the third list and changes to the official and secondary list,&quot; Guntars Kokarevich, manager of the bourse's finance department, told Reuters.</p>
<p>The bourse decided to introduce a free list after it introduced tighter disclosure requirements for secondary list stocks.</p>
<p>Companies on the free list will not have to meet the same standards of transparancy.</p>
<p>&quot;Only the companies, having signed an agreement on the provision of financial information, will be included in the secondary list,&quot; he added.</p>
<p>&quot;The formation of the secondary and free list will be in process all throughout July,&quot; he said. &quot;We have an agreement in place with 19 of the current secondary list companies.&quot;</p>
<p>&quot;We can expect the Brasa furniture, Tukums forestry and Liepaja cannery, delisted earlier for poor financial showings, to also to be included in the free list,&quot; Kokarevich said.</p>
<p>&quot;Their figures are still weak,&quot; he added.</p>
<p>-- Martinsh Gravitis, Riga newsroom, +371 721 5240</p>
</text>
<copyright>(c) Reuters Limited 1997</copyright>
<metadata>
<codes class="bip:countries:1.0">
  <code code="LATV">
    <editdetail attribution="Reuters BIP Coding Group" action="confirmed" date="1997-06-25"/>
  </code>
</codes>
<codes class="bip:topics:1.0">
  <code code="C13">
    <editdetail attribution="Reuters BIP Coding Group" action="confirmed" date="1997-06-25"/>
  </code>
  <code code="CCAT">
    <editdetail attribution="Reuters BIP Coding Group" action="confirmed" date="1997-06-25"/>
  </code>
  <code code="M11">
    <editdetail attribution="Reuters BIP Coding Group" action="confirmed" date="1997-06-25"/>
  </code>
  <code code="MCAT">
    <editdetail attribution="Reuters BIP Coding Group" action="confirmed" date="1997-06-25"/>
  </code>
</codes>
<dc element="dc.date.created" value="1997-06-25"/>
<dc element="dc.publisher" value="Reuters Holdings Plc"/>
<dc element="dc.date.published" value="1997-06-25"/>
<dc element="dc.source" value="Reuters"/>
<dc element="dc.creator.location" value="RIGA"/>
<dc element="dc.creator.location.country.name" value="LATVIA"/>
<dc element="dc.source" value="Reuters"/>
</metadata>
</newsitem>
