<?xml version="1.0" encoding="iso-8859-1" ?>
<newsitem itemid="685359" id="root" date="1997-06-25" xml:lang="en">
<title>UK: French bombing suspects lose extradition appeal.</title>
<headline>French bombing suspects lose extradition appeal.</headline>
<dateline>LONDON 1997-06-25</dateline>
<text>
<p>Two men accused of helping plot a wave of bombings that terrorised France in 1995 lost an appeal in the British High Court on Wednesday against extradition to Paris.</p>
<p>Algerian Rachid Ramda and Mustapha Boutarfa, who has dual French and Algerian nationality, had appealed against extradition on the grounds that they would not get a fair trial in &quot;anti-Moslem&quot; France.</p>
<p>The two judges at Wednesday's hearing ruled there was no evidence that French courts would be biased.</p>
<p>&quot;I do not find a risk of any lack of fairness at the trial or trials of either of the applicants,&quot; Judge Sir Malcolm Pill told the court.</p>
<p>Both men now have 14 days to appeal to Britain's highest court, the House of Lords, against their extradition.</p>
<p>Ramda, 27, is wanted in France to face 23 charges in connection with bombings in Paris, Lille and Lyon in which seven people died and 170 were injured.</p>
<p>Algeria's Armed Islamic Group (GIA) claimed responsibility for the attacks.</p>
<p>The French press described Ramda as the man who organised the financing of the bombings. He was arrested in London in November 1995 under Britain's Prevention of Terrorism Act.</p>
<p>His extradition to France was ordered by British magistrates a year ago, but he has been fighting the case ever since while being held in Belmarsh, the top security prison in east London designed to hold prisoners of the Irish republican guerrilla group IRA.</p>
<p>Boutarfa, 22, was arrested in London in March 1996 and has also been held at Belmarsh.</p>
<p>The men's lawyers had argued that it would be impossible for them to receive a fair trial in France because of the antagonism there to Islamic fundamentalists and press reports that have named the men and linked them to the bombings.</p>
<p>Former French justice minister Jacques Toubon publicly described Ramda as playing an &quot;essential&quot; role in the bombing campaign, Ramda's lawyers said.</p>
<p>Judge Pill rejected the suggestion that this would influence the judges of France's Cour d'Assises Speciale court.</p>
<p>&quot;There is no serious possibility, in my judgment, that in performing their duties, they would be influenced by inflammatory press reports or the remarks of Monsieur Toubon,&quot; Pill said.</p>
<p>Ramda's lawyers say he had been in Britain for three years before his arrest and had been seeking asylum here.</p>
<p>London is home to numerous exile groups and opposition activists from around the world, many of them attracted here because refugees do not have to cease their political activities to seek asylum.</p>
<p>Critics have accused Britain of harbouring terrorists and troublemakers.</p>
</text>
<copyright>(c) Reuters Limited 1997</copyright>
<metadata>
<codes class="bip:countries:1.0">
  <code code="ALG">
    <editdetail attribution="Reuters BIP Coding Group" action="confirmed" date="1997-06-25"/>
  </code>
  <code code="FRA">
    <editdetail attribution="Reuters BIP Coding Group" action="confirmed" date="1997-06-25"/>
  </code>
  <code code="UK">
    <editdetail attribution="Reuters BIP Coding Group" action="confirmed" date="1997-06-25"/>
  </code>
</codes>
<codes class="bip:topics:1.0">
  <code code="GCAT">
    <editdetail attribution="Reuters BIP Coding Group" action="confirmed" date="1997-06-25"/>
  </code>
  <code code="GCRIM">
    <editdetail attribution="Reuters BIP Coding Group" action="confirmed" date="1997-06-25"/>
  </code>
  <code code="GDIP">
    <editdetail attribution="Reuters BIP Coding Group" action="confirmed" date="1997-06-25"/>
  </code>
  <code code="GVIO">
    <editdetail attribution="Reuters BIP Coding Group" action="confirmed" date="1997-06-25"/>
  </code>
</codes>
<dc element="dc.date.created" value="1997-06-25"/>
<dc element="dc.publisher" value="Reuters Holdings Plc"/>
<dc element="dc.date.published" value="1997-06-25"/>
<dc element="dc.source" value="Reuters"/>
<dc element="dc.creator.location" value="LONDON"/>
<dc element="dc.creator.location.country.name" value="UK"/>
<dc element="dc.source" value="Reuters"/>
</metadata>
</newsitem>
