<?xml version="1.0" encoding="iso-8859-1" ?>
<newsitem itemid="685371" id="root" date="1997-06-25" xml:lang="en">
<title>UK: Reuters historical calendar - July 2.</title>
<headline>Reuters historical calendar - July 2.</headline>
<dateline>LONDON 1997-06-25</dateline>
<text>
<p>Following are some of the major events to have occurred on July 2 in history:</p>
<p>1566 - Nostradamus (Michel de Notre-Dame), French physician and astrologer, died.</p>
<p>1644 - The Battle of Marston Moor near York brought the first major Royalist defeat in the English Civil War.</p>
<p>1714 - Christoph Willibald Gluck, German composer of operas including &quot;Orfeo ed Euridice&quot; and &quot;Alceste&quot;, born.</p>
<p>1778 - Jean-Jacques Rousseau, Swiss-born French philosopher, died insane. He introduced the concept of &quot;Liberty, Equality, Fraternity&quot;.</p>
<p>1819 - The Factory Act was passed in Britain, prohibiting employment of children under nine in textile factories, and children under 16 could only work for 12 hours a day.</p>
<p>1821 - Sir Charles Tupper, Canadian statesman and prime minister in 1896, born. Responsible for legislation making Nova Scotia a province of Canada in 1867.</p>
<p>1850 - Sir Robert Peel, British prime minister (1834-46) and founder of the police force, died as a result of a riding accident.</p>
<p>1853 - The Russian army crossed the Pruth River, invading Turkey and beginning the Crimean War.</p>
<p>1881 - James Garfield, 20th president of the United States, was shot in Washington. He died in September.</p>
<p>1900 - Count Ferdinand von Zeppelin flew his first airship in Germany.</p>
<p>1903 - Sir Alec Douglas-Home, British Conservative prime minister (1963-64), born.</p>
<p>1903 - King Olaf V of Norway born at Sandringham, England. King in 1957, he succeeded his father, King Haakon VII.</p>
<p>1915 - Porfirio Diaz, Mexican soldier and president (1877-1911), died in Paris.</p>
<p>1929 - Imelda Marcos, former Philippine first lady, born. She was toppled from power along with her husband Ferdinand Marcos in 1986.</p>
<p>1932 - King Manuel II of Portugal died. During his reign, he brought an end to the dictatorship of Joao Franco and restored the constitutional monarchy.</p>
<p>1937 - Amelia Earhart and co-pilot Fred Noonan disappeared over the Pacific while trying to fly around the world.</p>
<p>1940 - The liner Arandora Star was torpedoed by a German submarine while transporting German and Italian prisoners to Canada; over 750 prisoners and crew died.</p>
<p>1940 - Adolf Hitler ordered plans to be drawn up for a possible invasion of England.</p>
<p>1961 - Ernest Hemingway, U.S. novelist best known for &quot;A Farewell to Arms&quot; and &quot;For Whom the Bell Tolls&quot;, shot himself.</p>
<p>1964 - U.S. President Lyndon Johnson signed the Civil Rights Act, prohibiting racial discrimination.</p>
<p>1973 - Betty Grable, U.S. actress, singer and World War Two pin-up girl, died; her films include &quot;How To Marry A Millionaire&quot;, &quot;Down Argentine Way&quot; and &quot;Tin Pan Alley&quot;.</p>
<p>1976 - North and South Vietnam were reunited as one country with Hanoi as the capital following Vietnam War. It had been divided since 1954.</p>
<p>1985 - Andrei Gromyko became president of the Soviet Union, with Eduard Shevardnadze replacing him as foreign minister. Gromyko died on the same day four years later.</p>
<p>1990 - Over 1,000 Moslem pilgrims died in a stampede in a tunnel at the annual Haj pilgrimage to Mecca.</p>
<p>1994 - An Albanian court sentenced former Communist president Ramiz Alia to nine years jail for abuse of power and violation of citizens' rights.</p>
</text>
<copyright>(c) Reuters Limited 1997</copyright>
<metadata>
<codes class="bip:countries:1.0">
  <code code="UK">
    <editdetail attribution="Reuters BIP Coding Group" action="confirmed" date="1997-06-25"/>
  </code>
</codes>
<codes class="bip:topics:1.0">
  <code code="GCAT">
    <editdetail attribution="Reuters BIP Coding Group" action="confirmed" date="1997-06-25"/>
  </code>
</codes>
<dc element="dc.date.created" value="1997-06-25"/>
<dc element="dc.publisher" value="Reuters Holdings Plc"/>
<dc element="dc.date.published" value="1997-06-25"/>
<dc element="dc.source" value="Reuters"/>
<dc element="dc.creator.location" value="LONDON"/>
<dc element="dc.creator.location.country.name" value="UK"/>
<dc element="dc.source" value="Reuters"/>
</metadata>
</newsitem>
