<?xml version="1.0" encoding="iso-8859-1" ?>
<newsitem itemid="685301" id="root" date="1997-06-25" xml:lang="en">
<title>CZECH REPUBLIC: THIS BUD'S FOR YOU, BUT WHOSE BUD IS IT?.</title>
<headline>THIS BUD'S FOR YOU, BUT WHOSE BUD IS IT?.</headline>
<byline>Pavel Novak</byline>
<dateline>PRAGUE 1997-06-25</dateline>
<text>
<p>Czech Budejovicky Budvar n.p. said on Wednesday it will soon brew and export a powerful version of its lager to be called &quot;Bud&quot;, firing another shot in the tiny brewery's battle with U.S. Anheuser Busch.</p>
<p>In a move which may irk makers of the U.S. Budweiser, the brewer in the southern Czech city of Budejovice (Budweis in German) said it would export &quot;Bud&quot; with 7.2 percent alcohol, to countries where it holds rights to the &quot;Budweiser&quot; trademark.</p>
<p>&quot;We want to export this beer to all the markets where we have a registered trade mark,&quot; Ales Kocvera, Budvar's public relations director told Reuters.</p>
<p>Under a 1911 agreement, Budvar owns exclusive rights to &quot;Budweiser&quot; and derivations of the name in much of Europe.</p>
<p>Czechs consider the seven centuries of Budweis brewing tradition to be part of their national heritage, and say Busch's version of Budweiser, which German immigrants to the United States began brewing last century, is a weak immitation.</p>
<p>Busch, the world's largest brewer, has sold its Budweiser under &quot;Bud&quot; in some markets in Europe, while keeping a lock on the trademark in America and much of the rest of the world.</p>
<p>In Germany, Busch is marketing Budweiser simply as &quot;B&quot; beer.</p>
<p>Kocvera added that Budvar was still seeking legal advice about selling under the Bud name in Germany where Bitburger beer is sold under the name &quot;Bit&quot;, which some lawyers have argued may be considered too close to &quot;Bud&quot;.</p>
<p>A similar situation, he said, applied in Britain.</p>
<p>Budvar said that its new beer would be produced initially in small quantities.</p>
<p>&quot;I think that if we sold 5,000 to 10,000 hectolitres of this product this year it would be a success,&quot; said Kocvera.</p>
<p>Anheuser Busch and the Czech government broke off talks last year over a selling minority stake in the state-owned Budvar to the American company as part of a comprehensive settlement of the trademark dispute and the Czech brewery's privatistaion.</p>
<p>After talks broke down both companies have been poised to fight for their turf and are currently in litigation over use of the name in Finland.</p>
<p>The Czech government is considering a management buyout of Budvar and the Agriculture Ministry said in January that the much-delayed privatisation of Budvar should go ahead regardless of the continuing trademark dispute with Anheuser.</p>
<p>-- Prague Newsroom, 420-2-2423-0003</p>
</text>
<copyright>(c) Reuters Limited 1997</copyright>
<metadata>
<codes class="bip:countries:1.0">
  <code code="CZREP">
    <editdetail attribution="Reuters BIP Coding Group" action="confirmed" date="1997-06-25"/>
  </code>
  <code code="GFR">
    <editdetail attribution="Reuters BIP Coding Group" action="confirmed" date="1997-06-25"/>
  </code>
  <code code="UK">
    <editdetail attribution="Reuters BIP Coding Group" action="confirmed" date="1997-06-25"/>
  </code>
  <code code="USA">
    <editdetail attribution="Reuters BIP Coding Group" action="confirmed" date="1997-06-25"/>
  </code>
</codes>
<codes class="bip:industries:1.0">
  <code code="I42700">
    <editdetail attribution="Reuters BIP Coding Group" action="confirmed" date="1997-06-25"/>
  </code>
</codes>
<codes class="bip:topics:1.0">
  <code code="C13">
    <editdetail attribution="Reuters BIP Coding Group" action="confirmed" date="1997-06-25"/>
  </code>
  <code code="C31">
    <editdetail attribution="Reuters BIP Coding Group" action="confirmed" date="1997-06-25"/>
  </code>
  <code code="C313">
    <editdetail attribution="Reuters BIP Coding Group" action="confirmed" date="1997-06-25"/>
  </code>
  <code code="CCAT">
    <editdetail attribution="Reuters BIP Coding Group" action="confirmed" date="1997-06-25"/>
  </code>
</codes>
<dc element="dc.date.created" value="1997-06-25"/>
<dc element="dc.publisher" value="Reuters Holdings Plc"/>
<dc element="dc.date.published" value="1997-06-25"/>
<dc element="dc.source" value="Reuters"/>
<dc element="dc.creator.location" value="PRAGUE"/>
<dc element="dc.creator.location.country.name" value="CZECH REPUBLIC"/>
<dc element="dc.source" value="Reuters"/>
</metadata>
</newsitem>
