<?xml version="1.0" encoding="iso-8859-1" ?>
<newsitem itemid="685300" id="root" date="1997-06-25" xml:lang="en">
<title>CZECH REPUBLIC: CZECHS TO PAY REDRESS TO COMMUNIST-ERA PRISONERS.</title>
<headline>CZECHS TO PAY REDRESS TO COMMUNIST-ERA PRISONERS.</headline>
<dateline>PRAGUE 1997-06-25</dateline>
<text>
<p>The Czech cabinet agreed on Wednesday to make one-off compensation payments to political prisoners of former Communist governments, taking another step to settle accounts with the country's totalitarian past.</p>
<p>Health Minister Jan Strasky told a news conference that the government voted to pay a total of around 400 million crowns to the victims of political persecution who were jailed in prisons and labour camps.</p>
<p>&quot;The government will pay out a one-off reimbursement to the victims,&quot; Strasky said.</p>
<p>Each political prisoner would get 625 crowns for every month spent in a Communist jail between February 1948, when the Communists seized power in Prague, and November 1989, the month of Prague's non-violent &quot;Velvet Revolution&quot;, he said.</p>
<p>The minister did not say how many people were expected to claim the payment, or if families of deceased former prisoners would be eligible.</p>
<p>Thousands were believed to have been imprisoned during four decades of Communist political purges.</p>
<p>Among measures taken after the revolution to come to terms with the Soviet-era dictatorship, the Czechs banned former secret police agents from taking high-ranking civil service functions.</p>
<p>The parliament also last year approved allowing individuals to see their own secret police files which may reveal, for some, the idenity of previously unknown informants or collaborators.</p>
<p>But only a few representatives of the communist government have been jailed for human rights violations and other offences.</p>
</text>
<copyright>(c) Reuters Limited 1997</copyright>
<metadata>
<codes class="bip:countries:1.0">
  <code code="CZREP">
    <editdetail attribution="Reuters BIP Coding Group" action="confirmed" date="1997-06-25"/>
  </code>
</codes>
<codes class="bip:topics:1.0">
  <code code="GCAT">
    <editdetail attribution="Reuters BIP Coding Group" action="confirmed" date="1997-06-25"/>
  </code>
  <code code="GPOL">
    <editdetail attribution="Reuters BIP Coding Group" action="confirmed" date="1997-06-25"/>
  </code>
</codes>
<dc element="dc.date.created" value="1997-06-25"/>
<dc element="dc.publisher" value="Reuters Holdings Plc"/>
<dc element="dc.date.published" value="1997-06-25"/>
<dc element="dc.source" value="Reuters"/>
<dc element="dc.creator.location" value="PRAGUE"/>
<dc element="dc.creator.location.country.name" value="CZECH REPUBLIC"/>
<dc element="dc.source" value="Reuters"/>
</metadata>
</newsitem>
