<?xml version="1.0" encoding="iso-8859-1" ?>
<newsitem itemid="685368" id="root" date="1997-06-25" xml:lang="en">
<title>UK: Illicit drugs trade worth $400 billion a year-U.N.</title>
<headline>Illicit drugs trade worth $400 billion a year-U.N.</headline>
<byline>David Ljunggren</byline>
<dateline>LONDON 1996-06-26</dateline>
<text>
<p>The global trade in illicit drugs is worth about $400 billion a year and is growing rapidly, the United Nations said on Thursday in its first report on the drugs trade.</p>
<p>The U.N. International Drug Control Programme (UNDCP) said the drugs trade had become truly global and estimated that 3.3 to 4.1 percent of the world's 5.9 billion people regularly took illicit drugs.</p>
<p>U.N. officials conceded the figures were speculative but said it was important to put some value on the mushrooming drugs trade.</p>
<p>&quot;A growing body of evidence suggests the true figure lies somewhere around the $400 billion level...equivalent to approximately eight percent of total international trade,&quot; the report said.</p>
<p>&quot;Various indicators -- emergency room visits, substance abuse-related mortality cases, arrests of drug abusers, number of countries reporting rising consumption levels -- make clear that consumption has become a truly global phenomenon.&quot;</p>
<p>Christian Kornevall, director of UNDCP's division for operations and external relations, said high-profile and costly police actions had done little to stop drug trafficking, and supplies were so bountiful that prices were falling.</p>
<p>&quot;The drug problem is growing day by day. It has a high growth pattern in both traditional and non-traditional markets,&quot; he told reporters at a briefing ahead of the report's launch.</p>
<p>&quot;I think Russia has the potential to become a major producer and consumer of drugs. This could destabilise everything. We must do something to prevent this.&quot;</p>
<p>Officials said one way to control the problem was to treat addicts effectively and run dissuasion programmes to persuade people -- especially children -- that taking drugs was not worth the trouble.</p>
<p>&quot;One of the main problems is the youth problem -- people are getting into drugs younger and younger,&quot; Kornevall said.</p>
<p>Over the last 10 years, cocaine production has doubled and there are now 13 million addicts around the world. Heroin output has tripled over the same period and some eight million people are addicted to the drug.</p>
<p>One of the most noticeable changes is the soaring popularity of amphetamine-type stimulants (ATS), now used regularly by 30 million people.</p>
<p>Kornevall said the market in so-called precursors -- the chemicals used to make synthetic drugs -- has expanded 30 times in the last four years.</p>
<p>&quot;Asia is becoming the world's biggest market for drugs and synthetic drugs are becoming a larger market than cocaine,&quot; he said.</p>
<p>Organised crime gangs are laundering so much money that some countries run the risk of destabilisation, the report said. Some 10 percent of Bolivia's labour force was estimated to be working for the illicit drugs industry in the early 1990s.</p>
<p>&quot;Overall, perhaps the most significant impact of money laundering on the legitimate economy is that it undermines the integrity of the financial system and this, depending on the extent and the rapidity of the loss of confidence, can have devastating consequences at national and international level,&quot; the report said.</p>
</text>
<copyright>(c) Reuters Limited 1997</copyright>
<metadata>
<codes class="bip:countries:1.0">
  <code code="UK">
    <editdetail attribution="Reuters BIP Coding Group" action="confirmed" date="1997-06-25"/>
  </code>
  <code code="UN">
    <editdetail attribution="Reuters BIP Coding Group" action="confirmed" date="1997-06-25"/>
  </code>
  <code code="WORLD">
    <editdetail attribution="Reuters BIP Coding Group" action="confirmed" date="1997-06-25"/>
  </code>
</codes>
<codes class="bip:topics:1.0">
  <code code="GCAT">
    <editdetail attribution="Reuters BIP Coding Group" action="confirmed" date="1997-06-25"/>
  </code>
  <code code="GCRIM">
    <editdetail attribution="Reuters BIP Coding Group" action="confirmed" date="1997-06-25"/>
  </code>
</codes>
<dc element="dc.date.created" value="1996-06-26"/>
<dc element="dc.publisher" value="Reuters Holdings Plc"/>
<dc element="dc.date.published" value="1997-06-25"/>
<dc element="dc.source" value="Reuters"/>
<dc element="dc.creator.location" value="LONDON"/>
<dc element="dc.creator.location.country.name" value="UK"/>
<dc element="dc.source" value="Reuters"/>
</metadata>
</newsitem>
