<?xml version="1.0" encoding="iso-8859-1" ?>
<newsitem itemid="685462" id="root" date="1997-06-25" xml:lang="en">
<title>SOUTH AFRICA: S.Africa women's investment body opens share offer.</title>
<headline>S.Africa women's investment body opens share offer.</headline>
<dateline>JOHANNESBURG 1997-06-25</dateline>
<text>
<p>South Africa's Women Investment Portfolio Holdings' invitation to women only to subscribe for shares in the company opened on Wednesday until August 6, the company said in an announcement.</p>
<p>It said its key objective was the &quot;empowerment of women&quot; through investments in a portfolio of listed companies.</p>
<p>Business Day newspaper reported the group was seeking to raise 40 million rand through the issue of 20-million B shares at two rand each.</p>
<p>Management intended to use the subscription to discharge the short-term liability and for working capital requirements and investments.</p>
<p>-- Johannesburg newsroom 27 11 482 1003</p>
</text>
<copyright>(c) Reuters Limited 1997</copyright>
<metadata>
<codes class="bip:countries:1.0">
  <code code="SAFR">
    <editdetail attribution="Reuters BIP Coding Group" action="confirmed" date="1997-06-25"/>
  </code>
</codes>
<codes class="bip:industries:1.0">
  <code code="I81502">
    <editdetail attribution="Reuters BIP Coding Group" action="confirmed" date="1997-06-25"/>
  </code>
  <code code="I8150206">
    <editdetail attribution="Reuters BIP Coding Group" action="confirmed" date="1997-06-25"/>
  </code>
</codes>
<codes class="bip:topics:1.0">
  <code code="C17">
    <editdetail attribution="Reuters BIP Coding Group" action="confirmed" date="1997-06-25"/>
  </code>
  <code code="C171">
    <editdetail attribution="Reuters BIP Coding Group" action="confirmed" date="1997-06-25"/>
  </code>
  <code code="CCAT">
    <editdetail attribution="Reuters BIP Coding Group" action="confirmed" date="1997-06-25"/>
  </code>
</codes>
<dc element="dc.date.created" value="1997-06-25"/>
<dc element="dc.publisher" value="Reuters Holdings Plc"/>
<dc element="dc.date.published" value="1997-06-25"/>
<dc element="dc.source" value="Reuters"/>
<dc element="dc.creator.location" value="JOHANNESBURG"/>
<dc element="dc.creator.location.country.name" value="SOUTH AFRICA"/>
<dc element="dc.source" value="Reuters"/>
</metadata>
</newsitem>
