<?xml version="1.0" encoding="iso-8859-1" ?>
<newsitem itemid="685436" id="root" date="1997-06-25" xml:lang="en">
<title>AUSTRALIA: Australian Rugby League board outlines peace talks.</title>
<headline>Australian Rugby League board outlines peace talks.</headline>
<dateline>SYDNEY 1997-06-25</dateline>
<text>
<p>The Australian Rugby League (ARL) board said on Wednesday it would pursue talks with Rupert Murdoch's Super League and television companies in an effort to establish a united national competition in 1998.</p>
<p>ARL chief executive Neil Whittaker said the board would aim for a two-tier system, with a &quot;sustainable&quot; number of teams in the national league, and a state-based competitions open to all existing ARL clubs.</p>
<p>However, if agreement could not be reached the ARL would go ahead with its Optus Cup competition in 1998, he said.  </p>
<p>&quot;We have a strong competition in the Optus Cup and we are more than able to go ahead with that competition in 1998,&quot; Whittaker said.</p>
<p>&quot;In the meantime, we are giving everyone in the game a chance to work for an even more positive solution.</p>
<p>Whittaker has met recently with Ian Frykberg, director of sport at News Ltd, the Australian arm of Murdoch's News Corp, which divided the sport when it set up the 10-team Super League this year for pay-television viewing.  </p>
<p>Whittaker said Super League was keen to ensure it recovered the money invested to start up the rival league after a protacted legal battle.</p>
<p>Both the ARL and Super League have long acknowledged that rugby league can only sustain one national league in the long-term.</p>
<p>Other sticking points are likely to include which side would have administrative control of a single national league, and the number of teams in the competition.</p>
<p>-- Sydney Newsroom 61-2 9373-1800</p>
</text>
<copyright>(c) Reuters Limited 1997</copyright>
<metadata>
<codes class="bip:countries:1.0">
  <code code="AUSTR">
    <editdetail attribution="Reuters BIP Coding Group" action="confirmed" date="1997-06-25"/>
  </code>
</codes>
<codes class="bip:topics:1.0">
  <code code="GCAT">
    <editdetail attribution="Reuters BIP Coding Group" action="confirmed" date="1997-06-25"/>
  </code>
  <code code="GSPO">
    <editdetail attribution="Reuters BIP Coding Group" action="confirmed" date="1997-06-25"/>
  </code>
</codes>
<dc element="dc.date.created" value="1997-06-25"/>
<dc element="dc.publisher" value="Reuters Holdings Plc"/>
<dc element="dc.date.published" value="1997-06-25"/>
<dc element="dc.source" value="Reuters"/>
<dc element="dc.creator.location" value="SYDNEY"/>
<dc element="dc.creator.location.country.name" value="AUSTRALIA"/>
<dc element="dc.source" value="Reuters"/>
</metadata>
</newsitem>
