<?xml version="1.0" encoding="iso-8859-1" ?>
<newsitem itemid="685498" id="root" date="1997-06-25" xml:lang="en">
<title>SOUTH AFRICA: Randfontein, union reach deal on job cuts.</title>
<headline>Randfontein, union reach deal on job cuts.</headline>
<dateline>JOHANNESBURG 1997-06-25</dateline>
<text>
<p>JCI Ltd said on Wednesday it had reached agreement with the National Union of Mineworkers (NUM) on the retrenchment of some 3,500 employees at its Randfontein Estates Gold Mine Ltd, averting the risk of a dispute.  </p>
<p>A JCI spokesman said both sides had agreed on the key outstanding issue of severance packages, adding the deal was substantially what had been offered by management earlier this month. The company is already proceeding with retrenchments.</p>
<p>JCI announced on May 28 that it planned to shed a third of Randfontein's 12,000-strong workforce and reduce tonnage throughput as part of a far-reaching restructuring at the struggling gold mine.</p>
<p>Randfontein produced 4,392 kg of gold in the three months to end-March, compared to 5,100 kg previously. It plunged into a 2.86 million rand loss from a 43,83 million rand profit in the preceding quarter.</p>
<p>-- Johannesburg newsroom +27 11 482-1003</p>
</text>
<copyright>(c) Reuters Limited 1997</copyright>
<metadata>
<codes class="bip:countries:1.0">
  <code code="SAFR">
    <editdetail attribution="Reuters BIP Coding Group" action="confirmed" date="1997-06-25"/>
  </code>
</codes>
<codes class="bip:industries:1.0">
  <code code="I21000">
    <editdetail attribution="Reuters BIP Coding Group" action="confirmed" date="1997-06-25"/>
  </code>
</codes>
<codes class="bip:topics:1.0">
  <code code="E41">
    <editdetail attribution="Reuters BIP Coding Group" action="confirmed" date="1997-06-25"/>
  </code>
  <code code="ECAT">
    <editdetail attribution="Reuters BIP Coding Group" action="confirmed" date="1997-06-25"/>
  </code>
  <code code="GCAT">
    <editdetail attribution="Reuters BIP Coding Group" action="confirmed" date="1997-06-25"/>
  </code>
  <code code="GJOB">
    <editdetail attribution="Reuters BIP Coding Group" action="confirmed" date="1997-06-25"/>
  </code>
</codes>
<dc element="dc.date.created" value="1997-06-25"/>
<dc element="dc.publisher" value="Reuters Holdings Plc"/>
<dc element="dc.date.published" value="1997-06-25"/>
<dc element="dc.source" value="Reuters"/>
<dc element="dc.creator.location" value="JOHANNESBURG"/>
<dc element="dc.creator.location.country.name" value="SOUTH AFRICA"/>
<dc element="dc.source" value="Reuters"/>
</metadata>
</newsitem>
