<?xml version="1.0" encoding="iso-8859-1" ?>
<newsitem itemid="685430" id="root" date="1997-06-25" xml:lang="en">
<title>UK: Sachsen Anhalt sets 1.0 bln mark 10-year bond.</title>
<headline>Sachsen Anhalt sets 1.0 bln mark 10-year bond.</headline>
<dateline>LONDON 1997-06-25</dateline>
<text>
<p>The following bond was announced</p>
<p>by joint lead managers Commerzbank, Dresdner Bank, HSBC</p>
<p>Trinkaus, Societe Generale and Westdeutsche Landesbank.</p>
<p> BORROWER   LAND SACHSEN ANHALT</p>
<p> AMT    1.0 BLN DEM   COUPON     **	  MATURITY    09.JUL.07</p>
<p> TYPE	 STRAIGHT  ISS PRICE  **	  PAY DATE    09.JUL.97</p>
<p> FULL FEES  0.325     REOFFER    **	  SPREAD	+12 BP</p>
<p> NOTES    **TO BE PRICED</p>
<p> MOODY	=	   LISTING    FFT	 PAY FREQ    ANNUAL</p>
<p> S&amp;P	  =	   DENOMS (K) ONE	 SALE LIMITS US/UK</p>
<p> NEG PLG    NO	  CRS DEFLT  NO	  FORCE MAJ   IPMA 2</p>
<p> MGT/UND    0.125     SELL CONC  0.20	PRAECIPUUM  =</p>
<p> UNDERLYING GOVT BOND 6.0 PCT 2007 BUND</p>
<p> NOTES	LANDESCHATZANWEISUNG AUSGABE 45</p>
<p> NOTES	THERE IS A REDENOMINATION CLAUSE</p>
<p>-- London Newsroom +44 171 542 7658</p>
</text>
<copyright>(c) Reuters Limited 1997</copyright>
<metadata>
<codes class="bip:countries:1.0">
  <code code="GFR">
    <editdetail attribution="Reuters BIP Coding Group" action="confirmed" date="1997-06-25"/>
  </code>
  <code code="UK">
    <editdetail attribution="Reuters BIP Coding Group" action="confirmed" date="1997-06-25"/>
  </code>
</codes>
<codes class="bip:topics:1.0">
  <code code="E21">
    <editdetail attribution="Reuters BIP Coding Group" action="confirmed" date="1997-06-25"/>
  </code>
  <code code="E212">
    <editdetail attribution="Reuters BIP Coding Group" action="confirmed" date="1997-06-25"/>
  </code>
  <code code="ECAT">
    <editdetail attribution="Reuters BIP Coding Group" action="confirmed" date="1997-06-25"/>
  </code>
</codes>
<dc element="dc.date.created" value="1997-06-25"/>
<dc element="dc.publisher" value="Reuters Holdings Plc"/>
<dc element="dc.date.published" value="1997-06-25"/>
<dc element="dc.source" value="Reuters"/>
<dc element="dc.creator.location" value="LONDON"/>
<dc element="dc.creator.location.country.name" value="UK"/>
<dc element="dc.source" value="Reuters"/>
</metadata>
</newsitem>
