<?xml version="1.0" encoding="iso-8859-1" ?>
<newsitem itemid="685446" id="root" date="1997-06-25" xml:lang="en">
<title>CANADA: StatsCan acreage data expected bullish wheat-trade.</title>
<headline>StatsCan acreage data expected bullish wheat-trade.</headline>
<byline>Gilbert Le Gras</byline>
<dateline>WINNIPEG 1997-06-25</dateline>
<text>
<p>Statistics Canada's second seeding intentions report for the 1997/98 (Aug/July) crop year due Friday may well prove bullish for wheat prices and slightly bearish for canola, grain trade analysts said.</p>
<p>&quot;It'll be a little friendly to wheat because that acreage was going to be down anyway and it'll be down even more,&quot; due to unseeded Alberta fields, LFG analyst Rob Dzisiak said.</p>
<p>StatsCan's acreage report is due at 0730 CDT/1230 GMT Friday, updating its first intentions report issued April 30 based on a survey of farmers at the end of March.</p>
<p>For Friday's report, StatsCan surveyed Canadian farmers between May 26 and June 4.</p>
<p>Analysts expected StatsCan to reduce all wheat area in western Canada to 27.7 million acres from it's last report of 28.2 million acres on April 30.</p>
<p>Alberta Agriculture on June 17 said 600,000 to 800,000 acres in the central Peace River Valley and the Athabasca crop district would not be seeded due to the cool, wet spring.</p>
<p>&quot;StatsCan isn't going to reflect unseeded acres in Alberta because when the survey was taken, farmers had intentions of seeding that,&quot; Continental Grain Co analyst Greg Kostal said.</p>
<p>The unseeded area was intended for wheat and canola.</p>
<p>&quot;People are shifting away from wheat because farmers are carrying more inventories into the new crop year, so if you've got it in  your bin, why grow it in your fields,&quot; United Grain Growers analyst Mike Jubinville said.</p>
<p>The Canadian Wheat Board in March said it deferred sales of 1.5 million tonnes of wheat to the coming crop year due to a backlog of ships at Pacific ports which cost it more than C$15 million in demurrage fines.</p>
<p>Analysts expected canola area across the Prairies to rise to 12.1 to 12.6 million acres in Friday's report. The estimates exceeded StatsCan's April 30 forecast of 11.6 million acres.</p>
<p>Canola acres were expected to gain on wheat, a view reflected in an 8.2 percent drop in July Winnipeg Commodity Exchange canola to C$388 a tonne Tuesday from C$424 April 24 while No1 Canada Western Red Spring wheat futures fell 2.7 percent in the same period.</p>
<p>The Canadian Wheat Board's May 22 outlook set No1 CWRS at C$171-201 a tonne in-store St. Lawrence/Vancouver from C$176-206 but the price outlook was expected to be cut further due to U.S. harvest pressure and good production prospects in U.S. hard and soft red wheats, analysts said.</p>
<p>The CWB is due to revise its monthly price forecast on Thursday at 1400 CDT/1900.</p>
<p>Trade expectations set Prairie barley area at 11.9 to 12.15 million acres, compared to StatsCan's April 30 forecast of 11.9 million acres.</p>
<p>Analysts expected oats area of about 5.15 million acres versus StatsCan's April projection of 4.9 million acres.</p>
<p>The trade also expected the flax area estimate to drop to 2.05 million acres from StatsCan's April 30 forecast of 2.3 million acres.</p>
<p>((Gilbert Le Gras, Winnipeg Reuters bureau 204 947 3548))</p>
</text>
<copyright>(c) Reuters Limited 1997</copyright>
<metadata>
<codes class="bip:countries:1.0">
  <code code="CANA">
    <editdetail attribution="Reuters BIP Coding Group" action="confirmed" date="1997-06-25"/>
  </code>
</codes>
<codes class="bip:industries:1.0">
  <code code="I01001">
    <editdetail attribution="Reuters BIP Coding Group" action="confirmed" date="1997-06-25"/>
  </code>
  <code code="I0100132">
    <editdetail attribution="Reuters BIP Coding Group" action="confirmed" date="1997-06-25"/>
  </code>
</codes>
<codes class="bip:topics:1.0">
  <code code="C21">
    <editdetail attribution="Reuters BIP Coding Group" action="confirmed" date="1997-06-25"/>
  </code>
  <code code="C24">
    <editdetail attribution="Reuters BIP Coding Group" action="confirmed" date="1997-06-25"/>
  </code>
  <code code="CCAT">
    <editdetail attribution="Reuters BIP Coding Group" action="confirmed" date="1997-06-25"/>
  </code>
  <code code="M14">
    <editdetail attribution="Reuters BIP Coding Group" action="confirmed" date="1997-06-25"/>
  </code>
  <code code="M141">
    <editdetail attribution="Reuters BIP Coding Group" action="confirmed" date="1997-06-25"/>
  </code>
  <code code="MCAT">
    <editdetail attribution="Reuters BIP Coding Group" action="confirmed" date="1997-06-25"/>
  </code>
</codes>
<dc element="dc.date.created" value="1997-06-25"/>
<dc element="dc.publisher" value="Reuters Holdings Plc"/>
<dc element="dc.date.published" value="1997-06-25"/>
<dc element="dc.source" value="Reuters"/>
<dc element="dc.creator.location" value="WINNIPEG"/>
<dc element="dc.creator.location.country.name" value="CANADA"/>
<dc element="dc.source" value="Reuters"/>
</metadata>
</newsitem>
