<?xml version="1.0" encoding="iso-8859-1" ?>
<newsitem itemid="685450" id="root" date="1997-06-25" xml:lang="en">
<title>CANADA: St. Lawrence Seaway to raise tolls 2.5 pct Aug 1.</title>
<headline>St. Lawrence Seaway to raise tolls 2.5 pct Aug 1.</headline>
<dateline>WINNIPEG 1997-06-25</dateline>
<text>
<p>St. Lawrence Seaway cargo tolls will rise 2.5 percent on August 1, 1997, a joint statement by the Canadian and U.S. agencies responsible for the inland channel said on Wednesday.</p>
<p>The increase will be the first since 1993.</p>
<p>Welland Canal vessel lockage fees will be replaced with an increase in the Welland Canal cargo tolls and vessel charge per gross registered ton (GRT) at the start of the 1998 navigation season, it said.</p>
<p>Seaway tolls are collected by Canada's Seaway Authority for the operation and maintenance of its locks and channels.</p>
<p>The U.S. Seaway Corporation no longer collects tolls and is funded through annual appropriations from the U.S. Harbor Maintenance Trust Fund.</p>
<p>((Gilbert Le Gras, Winnipeg Reuters bureau 204 947 3548))</p>
</text>
<copyright>(c) Reuters Limited 1997</copyright>
<metadata>
<codes class="bip:countries:1.0">
  <code code="CANA">
    <editdetail attribution="Reuters BIP Coding Group" action="confirmed" date="1997-06-25"/>
  </code>
  <code code="USA">
    <editdetail attribution="Reuters BIP Coding Group" action="confirmed" date="1997-06-25"/>
  </code>
</codes>
<codes class="bip:industries:1.0">
  <code code="I76300">
    <editdetail attribution="Reuters BIP Coding Group" action="confirmed" date="1997-06-25"/>
  </code>
</codes>
<codes class="bip:topics:1.0">
  <code code="C31">
    <editdetail attribution="Reuters BIP Coding Group" action="confirmed" date="1997-06-25"/>
  </code>
  <code code="CCAT">
    <editdetail attribution="Reuters BIP Coding Group" action="confirmed" date="1997-06-25"/>
  </code>
</codes>
<dc element="dc.date.created" value="1997-06-25"/>
<dc element="dc.publisher" value="Reuters Holdings Plc"/>
<dc element="dc.date.published" value="1997-06-25"/>
<dc element="dc.source" value="Reuters"/>
<dc element="dc.creator.location" value="WINNIPEG"/>
<dc element="dc.creator.location.country.name" value="CANADA"/>
<dc element="dc.source" value="Reuters"/>
</metadata>
</newsitem>
