<?xml version="1.0" encoding="iso-8859-1" ?>
<newsitem itemid="685405" id="root" date="1997-06-25" xml:lang="en">
<title>UK: British wool sale sees good competition.</title>
<headline>British wool sale sees good competition.</headline>
<dateline>LONDON 1997-06-25</dateline>
<text>
<p>The first British wool sales of the new season was held at Bradford and attracted good competition which cleared 90 percent of the offering according to the British Wool Marketing Board (BWMB).</p>
<p>The Committee of London Wool Brokers acting on behalf of the BWMB offered approximately 2,179,221 kilos.</p>
<p>Compared with the last Bradford sale on June 4 the trends at the sale saw Picks and Supers, Mashams and Radnors unchanged, Halfbreds and crosses (except Best wrs) moved in sellers favour, Best wrs were two percent dearer, Welsh 2.5 percent dearer .</p>
<p>Northern Ireland Descriptions sold strongly with Halfbreds five percent dearer.</p>
<p>London Newsroom, +44 171 542 7771</p>
</text>
<copyright>(c) Reuters Limited 1997</copyright>
<metadata>
<codes class="bip:countries:1.0">
  <code code="UK">
    <editdetail attribution="Reuters BIP Coding Group" action="confirmed" date="1997-06-25"/>
  </code>
</codes>
<codes class="bip:topics:1.0">
  <code code="M14">
    <editdetail attribution="Reuters BIP Coding Group" action="confirmed" date="1997-06-25"/>
  </code>
  <code code="M141">
    <editdetail attribution="Reuters BIP Coding Group" action="confirmed" date="1997-06-25"/>
  </code>
  <code code="MCAT">
    <editdetail attribution="Reuters BIP Coding Group" action="confirmed" date="1997-06-25"/>
  </code>
</codes>
<dc element="dc.date.created" value="1997-06-25"/>
<dc element="dc.publisher" value="Reuters Holdings Plc"/>
<dc element="dc.date.published" value="1997-06-25"/>
<dc element="dc.source" value="Reuters"/>
<dc element="dc.creator.location" value="LONDON"/>
<dc element="dc.creator.location.country.name" value="UK"/>
<dc element="dc.source" value="Reuters"/>
</metadata>
</newsitem>
