<?xml version="1.0" encoding="iso-8859-1" ?>
<newsitem itemid="685407" id="root" date="1997-06-25" xml:lang="en">
<title>UK: Private stake in London tube possibility - minister.</title>
<headline>Private stake in London tube possibility - minister.</headline>
<dateline>LONDON 1997-06-25</dateline>
<text>
<p>The government has not ruled out private enterprise taking an equity stake in London Underground, Transport Minister Gavin Strang said on Wednesday.</p>
<p>Speaking in a parliamentary debate on the future of the &quot;tube&quot; system, Strang however ruled out the new Labour government following its Conservative predecessor which had been planning a full transfer out of the public sector.</p>
<p>&quot;The option of wholesale privatisation is ruled out,&quot; Strang said.</p>
<p>He said the government was calling in consultants to look at possible ways to rescue the system from financial difficulties which were delaying much-needed repairs and improvements.</p>
<p>But even before they reported, he could say that one option was to use the Private Finance Initiative &quot;in relation, for example, to the power side, a PFI which we believe has the potential to be successful&quot;.</p>
<p>Strang added: &quot;There is the option, which has not been ruled out, of a private equity stake in the capital of the underground, but that would be on terms very different from what we saw under the Conservatives with their privatisation measures.&quot; -- London Newsroom +44 171 542 7767</p>
</text>
<copyright>(c) Reuters Limited 1997</copyright>
<metadata>
<codes class="bip:countries:1.0">
  <code code="UK">
    <editdetail attribution="Reuters BIP Coding Group" action="confirmed" date="1997-06-25"/>
  </code>
</codes>
<codes class="bip:industries:1.0">
  <code code="I72101">
    <editdetail attribution="Reuters BIP Coding Group" action="confirmed" date="1997-06-25"/>
  </code>
</codes>
<codes class="bip:topics:1.0">
  <code code="C18">
    <editdetail attribution="Reuters BIP Coding Group" action="confirmed" date="1997-06-25"/>
  </code>
  <code code="C183">
    <editdetail attribution="Reuters BIP Coding Group" action="confirmed" date="1997-06-25"/>
  </code>
  <code code="CCAT">
    <editdetail attribution="Reuters BIP Coding Group" action="confirmed" date="1997-06-25"/>
  </code>
  <code code="E12">
    <editdetail attribution="Reuters BIP Coding Group" action="confirmed" date="1997-06-25"/>
  </code>
  <code code="ECAT">
    <editdetail attribution="Reuters BIP Coding Group" action="confirmed" date="1997-06-25"/>
  </code>
</codes>
<dc element="dc.date.created" value="1997-06-25"/>
<dc element="dc.publisher" value="Reuters Holdings Plc"/>
<dc element="dc.date.published" value="1997-06-25"/>
<dc element="dc.source" value="Reuters"/>
<dc element="dc.creator.location" value="LONDON"/>
<dc element="dc.creator.location.country.name" value="UK"/>
<dc element="dc.source" value="Reuters"/>
</metadata>
</newsitem>
