<?xml version="1.0" encoding="iso-8859-1" ?>
<newsitem itemid="685502" id="root" date="1997-06-25" xml:lang="en">
<title>GHANA: Trade lifeless on Ghana Stock Exchange.</title>
<headline>Trade lifeless on Ghana Stock Exchange.</headline>
<dateline>ACCRA 1997-06-25</dateline>
<text>
<p>No share prices moved in trading on the Ghana Stock Exchange on Wednesday so the bourse index closed unchanged, the market report showed.</p>
<p>A total of 37,530 shares changed hands.</p>
<p>The All-Share index closed at 384.82, the same as Monday, the last day of trading.</p>
<p>-- Abidjan newsroom +225 21 90 90</p>
</text>
<copyright>(c) Reuters Limited 1997</copyright>
<metadata>
<codes class="bip:countries:1.0">
  <code code="GHANA">
    <editdetail attribution="Reuters BIP Coding Group" action="confirmed" date="1997-06-25"/>
  </code>
</codes>
<codes class="bip:topics:1.0">
  <code code="M11">
    <editdetail attribution="Reuters BIP Coding Group" action="confirmed" date="1997-06-25"/>
  </code>
  <code code="MCAT">
    <editdetail attribution="Reuters BIP Coding Group" action="confirmed" date="1997-06-25"/>
  </code>
</codes>
<dc element="dc.date.created" value="1997-06-25"/>
<dc element="dc.publisher" value="Reuters Holdings Plc"/>
<dc element="dc.date.published" value="1997-06-25"/>
<dc element="dc.source" value="Reuters"/>
<dc element="dc.creator.location" value="ACCRA"/>
<dc element="dc.creator.location.country.name" value="GHANA"/>
<dc element="dc.source" value="Reuters"/>
</metadata>
</newsitem>
