<?xml version="1.0" encoding="iso-8859-1" ?>
<newsitem itemid="505567" id="root" date="1997-04-14" xml:lang="en">
<title>USA: GOLF-LEADING MONEY WINNERS ON U.S. PGA TOUR.</title>
<headline>GOLF-LEADING MONEY WINNERS ON U.S. PGA TOUR.</headline>
<dateline>PONTE VEDRA BEACH, Florida 1997-04-14</dateline>
<text>
<p>Leading</p>
<p>money winners this year on the U.S. PGA Tour (U.S. unless</p>
<p>noted):</p>
<p>  1. Steve Elkington	    1,059,070</p>
<p>  2. Tiger Woods		    966,350</p>
<p>  3. Mark O'Meara		   850,943</p>
<p>  4. Jesper Parnevik (Sweden)   632,510</p>
<p>  5. Scott Hoch		     596,315</p>
<p>  6. Paul Stankowski		580,298</p>
<p>  7. Stuart Appleby		 550,921</p>
<p>  8. Steve Jones		    504,290</p>
<p>  9. Brad Faxon		     481,220</p>
<p> 10. Tommy Tolles		   452,659</p>
<p> 11. Craig Stadler		  447,676</p>
<p> 12. Tom Lehman		     418,821</p>
<p> 13. Phil Mickelson		 400,150</p>
<p> 14. John Cook			361,813</p>
<p> 15. Tom Kite			 360,683</p>
<p> 16. Nick Price (South Africa)  347,440</p>
<p> 17. Mark Calcavecchia	    343,861</p>
<p> 18. Michael Bradley		341,086</p>
<p> 19. David Duval		    331,485</p>
<p> 20. Jeff Sluman		    326,406</p>
</text>
<copyright>(c) Reuters Limited 1997</copyright>
<metadata>
<codes class="bip:countries:1.0">
  <code code="USA">
    <editdetail attribution="Reuters BIP Coding Group" action="confirmed" date="1997-04-14"/>
  </code>
</codes>
<codes class="bip:topics:1.0">
  <code code="GCAT">
    <editdetail attribution="Reuters BIP Coding Group" action="confirmed" date="1997-04-14"/>
  </code>
  <code code="GSPO">
    <editdetail attribution="Reuters BIP Coding Group" action="confirmed" date="1997-04-14"/>
  </code>
</codes>
<dc element="dc.date.created" value="1997-04-14"/>
<dc element="dc.publisher" value="Reuters Holdings Plc"/>
<dc element="dc.date.published" value="1997-04-14"/>
<dc element="dc.source" value="Reuters"/>
<dc element="dc.creator.location" value="PONTE VEDRA BEACH, Florida"/>
<dc element="dc.creator.location.country.name" value="USA"/>
<dc element="dc.source" value="Reuters"/>
</metadata>
</newsitem>
