<?xml version="1.0" encoding="iso-8859-1" ?>
<newsitem itemid="505588" id="root" date="1997-04-14" xml:lang="en">
<title>UK: GOLF-LEADING WORLD RANKINGS.</title>
<headline>GOLF-LEADING WORLD RANKINGS.</headline>
<dateline>LONDON 1997-04-14</dateline>
<text>
<p>Leading world golf rankings</p>
<p>issued on Monday (U.S. unless stated)</p>
<p>  1. Greg Norman (Australia)	  10.07 points average</p>
<p>  2. Tom Lehman			    9.84</p>
<p>  3. Tiger Woods			   8.73</p>
<p>  4. Colin Montgomerie (Britain)     8.70</p>
<p>  5. Mark O'Meara			  8.62</p>
<p>  6. Steve Elkington (Australia)     8.59</p>
<p>  7. Ernie Els (South Africa)	  8.55</p>
<p>  8. Masashi Ozaki (Japan)	     8.18</p>
<p>  9. Nick Price (Zimbabwe)	     7.71</p>
<p> 10. Phil Mickelson			7.34</p>
<p> 11. Fred Couples			  7.00</p>
<p> 12. Nick Faldo (Britain)		6.81</p>
<p> 13. Scott Hoch			    6.66</p>
<p> 14. Davis Love			    5.96</p>
<p> 15. Steve Jones			   5.74</p>
<p> 16. Corey Pavin			   5.68</p>
<p>17 equal. Bernhard Langer (Germany) 5.53</p>
<p> 17 equal. Brad Faxon		    5.53</p>
<p> 19. Tom Watson			    5.45</p>
<p> 20. Steve Stricker			5.43</p>
</text>
<copyright>(c) Reuters Limited 1997</copyright>
<metadata>
<codes class="bip:countries:1.0">
  <code code="AUSTR">
    <editdetail attribution="Reuters BIP Coding Group" action="confirmed" date="1997-04-14"/>
  </code>
  <code code="UK">
    <editdetail attribution="Reuters BIP Coding Group" action="confirmed" date="1997-04-14"/>
  </code>
  <code code="USA">
    <editdetail attribution="Reuters BIP Coding Group" action="confirmed" date="1997-04-14"/>
  </code>
</codes>
<codes class="bip:topics:1.0">
  <code code="GCAT">
    <editdetail attribution="Reuters BIP Coding Group" action="confirmed" date="1997-04-14"/>
  </code>
  <code code="GSPO">
    <editdetail attribution="Reuters BIP Coding Group" action="confirmed" date="1997-04-14"/>
  </code>
</codes>
<dc element="dc.date.created" value="1997-04-14"/>
<dc element="dc.publisher" value="Reuters Holdings Plc"/>
<dc element="dc.date.published" value="1997-04-14"/>
<dc element="dc.source" value="Reuters"/>
<dc element="dc.creator.location" value="LONDON"/>
<dc element="dc.creator.location.country.name" value="UK"/>
<dc element="dc.source" value="Reuters"/>
</metadata>
</newsitem>
