<?xml version="1.0" encoding="iso-8859-1" ?>
<newsitem itemid="505571" id="root" date="1997-04-14" xml:lang="en">
<title>SPAIN: RALLYING-MCRAE LEADS SUBARU OPENING DAY CHARGE.</title>
<headline>RALLYING-MCRAE LEADS SUBARU OPENING DAY CHARGE.</headline>
<dateline>LLORET DE MAR, Spain 1997-04-14</dateline>
<text>
<p>The Subaru team made up for their double retirement in Portugal three weeks ago as Briton Colin McRae and Italian Piero Liatti filled the two top positions after the first day of the Catalunya Rally on Monday.</p>
<p>The battling team mates, who finished one-two in this rally last year, were separated by just one second at the end of the day's six stages through the mountains above the coastal resort of Lloret de Mar.</p>
<p>&quot;There have been almost no problems at all,&quot; said a Subaru spokeswoman. &quot;In fact, the only drama was when Piero hit a stone on the first stage and suffered a puncture, which lost him a little time.&quot;</p>
<p>The real story of the day, however, was the surprising pace of the two-wheel drive Peugeot cars driven by Frenchmen Francois Delecour and Jules Pazzini, who had threatened to dominate the event.</p>
<p>Delecour took the lead on the first stage but after losing it to Pazzini on the second stage he went off the road on the third stage, at Coll de Santigosa, and dropped out of contention.</p>
<p>That handed the initiative to Pazzini who slowly extended his lead over early second-placed Fin Tommi Makinen in a Mitsubishi and then later McRae as the battle behind him hotted up during the middle section of the day.</p>
<p>But on the final stage, at Cladells, Pazzini lost a lot of time after suffering a puncture which effectively cost him any realistic chance of victory.</p>
<p>With McRae and Liatti fighting their own private battle at the front, reigning world champion Makinen was beginning to lose touch with the leaders, ending the day 11 seconds behind Liatti.</p>
<p>The most disappointed man was local hero Carlos Sainz  who ended the day in fifth spot after suffering brake problems throughout the six stages with his Ford Escort. &quot;We are not sure what they are, but they should be fixed by tomorrow,&quot; said a Ford spokesman.</p>
<p>Tuesday's second leg takes the teams south of the Lloret de Mar base towards Vinebre before once again returning to the coastal town in the late evening for an overnight halt.</p>
</text>
<copyright>(c) Reuters Limited 1997</copyright>
<metadata>
<codes class="bip:countries:1.0">
  <code code="SPAIN">
    <editdetail attribution="Reuters BIP Coding Group" action="confirmed" date="1997-04-14"/>
  </code>
  <code code="UK">
    <editdetail attribution="Reuters BIP Coding Group" action="confirmed" date="1997-04-14"/>
  </code>
</codes>
<codes class="bip:topics:1.0">
  <code code="GCAT">
    <editdetail attribution="Reuters BIP Coding Group" action="confirmed" date="1997-04-14"/>
  </code>
  <code code="GSPO">
    <editdetail attribution="Reuters BIP Coding Group" action="confirmed" date="1997-04-14"/>
  </code>
</codes>
<dc element="dc.date.created" value="1997-04-14"/>
<dc element="dc.publisher" value="Reuters Holdings Plc"/>
<dc element="dc.date.published" value="1997-04-14"/>
<dc element="dc.source" value="Reuters"/>
<dc element="dc.creator.location" value="LLORET DE MAR, Spain"/>
<dc element="dc.creator.location.country.name" value="SPAIN"/>
<dc element="dc.source" value="Reuters"/>
</metadata>
</newsitem>
