<?xml version="1.0" encoding="iso-8859-1" ?>
<newsitem itemid="505581" id="root" date="1997-04-14" xml:lang="en">
<title>UK: SOCCER-ENGLISH DIVISION TWO RESULT/STANDINGS.</title>
<headline>SOCCER-ENGLISH DIVISION TWO RESULT/STANDINGS.</headline>
<dateline>LONDON 1997-04-14</dateline>
<text>
<p>Result of an English division</p>
<p>two match on Monday:</p>
<p> Stockport     1	Watford	    0</p>
<p>    Standings		 P  W  D   L   F   A  Pts</p>
<p>  1. Bury		     41 21 10 10  58  38  73</p>
<p>  2. Stockport		40 20 12  8  53  36  72</p>
<p>  3. Brentford		41 19 14  8  55  38  71</p>
<p>  4. Luton		    41 19 12 10  67  44  69</p>
<p>  5. Crewe		    41 21  5 15  51  42  68</p>
<p>  6. Watford		  42 16 18  8  43  29  66</p>
<p>  7. Walsall		  42 18 10 14  53  47  64</p>
<p>  8. Burnley		  42 18  9 15  63  45  63</p>
<p>  9. Wrexham		  41 15 17  9  46  43  62</p>
<p> 10. Bristol City	   41 17 10 14  59  47  61</p>
<p> 11. Millwall		 43 16 13 14  50  50  61</p>
<p> 12. Blackpool		41 15 14 12  52  41  59</p>
<p> 13. Chesterfield	   39 14 14 11  36  34  56</p>
<p> 14. Gillingham	     41 15 10 16  51  56  55</p>
<p> 15. Bournemouth	    43 14 13 16  40  43  55</p>
<p> 16. Bristol Rovers	 43 14 11 18  43  45  53</p>
<p> 17. Preston		  43 15  7 21  44  55  52</p>
<p> 18. Plymouth		 42 11 17 14  43  53  50</p>
<p> 19. York		     42 12 12 18  43  62  48</p>
<p> 20. Wycombe		  42 13  9 20  42  53  48</p>
<p> 21. Shrewsbury	     43 11 13 19  49  68  46</p>
<p> 22. Peterborough	   43 10 14 19  54  71  44</p>
<p> 23. Rotherham		43  6 13 24  34  64  31</p>
<p> 24. Notts County	   42  6 13 23  30  55  31</p>
</text>
<copyright>(c) Reuters Limited 1997</copyright>
<metadata>
<codes class="bip:countries:1.0">
  <code code="UK">
    <editdetail attribution="Reuters BIP Coding Group" action="confirmed" date="1997-04-14"/>
  </code>
</codes>
<codes class="bip:topics:1.0">
  <code code="GCAT">
    <editdetail attribution="Reuters BIP Coding Group" action="confirmed" date="1997-04-14"/>
  </code>
  <code code="GSPO">
    <editdetail attribution="Reuters BIP Coding Group" action="confirmed" date="1997-04-14"/>
  </code>
</codes>
<dc element="dc.date.created" value="1997-04-14"/>
<dc element="dc.publisher" value="Reuters Holdings Plc"/>
<dc element="dc.date.published" value="1997-04-14"/>
<dc element="dc.source" value="Reuters"/>
<dc element="dc.creator.location" value="LONDON"/>
<dc element="dc.creator.location.country.name" value="UK"/>
<dc element="dc.source" value="Reuters"/>
</metadata>
</newsitem>
