<?xml version="1.0" encoding="iso-8859-1" ?>
<newsitem itemid="505564" id="root" date="1997-04-14" xml:lang="en">
<title>EU:  OFFICIAL JOURNAL CONTENTS - OJ L 95 OF APRIL 10, 1997.</title>
<headline>OFFICIAL JOURNAL CONTENTS - OJ L 95 OF APRIL 10, 1997.</headline>
<text>
<p>*</p>
<p>(Note - contents are displayed in reverse order to that in the printed Journal)</p>
<p>*</p>
<p>Corrigendum to Council Regulation (EC) No 2250/95 of 18 September 1995 amending for the fifth time Regulation (EEC) No 1866/86 laying down certain technical measures for the conservation of fishery resources in the waters of the Baltic Sea, the Belts and the Sound (Official Journal of the European Communities No L 230 of 27 September 1995)</p>
<p>COMMISSION DECISION of 4 December 1996 concerning aid granted by Belgium under the Maribel bis/ter scheme (Only the French and Dutch texts are authentic) (Text with EEA relevance) (97/239/EC)</p>
<p>COMMISSION DECISION of 2 October 1996 concerning aid granted by the French State to the audiovisual production company Societe francaise de Production (Only the French text is authentic) (Text with EEA relevance) (97/238/EC)</p>
<p>COMMISSION DIRECTIVE 97/15/EC of 25 March 1997 adopting Eurocontrol standards and amending Council Directive 93/65/EEC on the definition and use of compatible technical specifications for the procurement of air-traffic-management equipment and systems (Text with EEA relevance)</p>
<p>COMMISSION REGULATION (EC) No 626/97 of 9 April 1997 establishing the standard import values for determining the entry price of certain fruit and vegetables</p>
<p>COMMISSION REGULATION (EC) No 625/97 of 9 April 1997 on the issue of import licences for garlic originating in China</p>
<p>COMMISSION REGULATION (EC) No 624/97 of 8 April 1997 amending Regulation (EEC) No 1164/89 laying down detailed rules concerning the aid for fibre flax and hemp</p>
<p>COMMISSION REGULATION (EC) No 623/97 of 9 April 1997 amending Regulation (EC) No 1318/93 on detailed rules for the application of Council Regulation (EEC) No 2067/92 on measures to promote and market quality beef and veal</p>
<p>COMMISSION REGULATION (EC) No 622/97 of 9 April 1997 fixing the maximum export refund for white sugar for the 33rd partial invitation to tender issued within the framework of the standing invitation to tender provided for in Regulation (EC) No 1464/96</p>
<p>COMMISSION REGULATION (EC) No 621/97 of 9 April 1997 altering the export refunds on white sugar and raw sugar exported in the natural state</p>
<p>COMMISSION REGULATION (EC) No 620/97 of 9 April 1997 fixing the representative prices and the additional import duties for molasses in the sugar sector END OF DOCUMENT.</p>
</text>
<copyright>(c) Reuters Limited 1997</copyright>
<metadata>
<codes class="bip:countries:1.0">
  <code code="EEC">
    <editdetail attribution="Reuters BIP Coding Group" action="confirmed" date="1997-04-14"/>
  </code>
</codes>
<codes class="bip:topics:1.0">
  <code code="G15">
    <editdetail attribution="Reuters BIP Coding Group" action="confirmed" date="1997-04-14"/>
  </code>
  <code code="GCAT">
    <editdetail attribution="Reuters BIP Coding Group" action="confirmed" date="1997-04-14"/>
  </code>
</codes>
<dc element="dc.publisher" value="Reuters Holdings Plc"/>
<dc element="dc.date.published" value="1997-04-14"/>
<dc element="dc.source" value="Reuters"/>
<dc element="dc.creator.location.country.name" value="EU"/>
<dc element="dc.source" value="Reuters"/>
</metadata>
</newsitem>
