<?xml version="1.0" encoding="iso-8859-1" ?>
<newsitem itemid="505667" id="root" date="1997-04-14" xml:lang="en">
<title>HUNGARY: HUNGARY NOON RADIO HEADLINES - APRIL 14.</title>
<headline>HUNGARY NOON RADIO HEADLINES - APRIL 14.</headline>
<dateline>BUDAPEST 1997-04-14</dateline>
<text>
<p>These are the main headlines on Hungary's Kossuth Radio midday news. Reuters cannot vouch for their accuracy:</p>
<p>- Ivan Peto, President of the junior coalition member party SZDSZ and head of the party's parliamentary faction, resigned from both posts.</p>
<p>- The resignation of SZDSZ President Ivan Peto does not threaten the operation of the coalition, Socialist Prime Minister Gyula Horn told a news conference.</p>
<p>- Welfare Minister Mihaly Kokeny said the general meeting of National Health Fund respresentatives should not remove Agnes Cser, head of the Fund from its post.</p>
<p>- A new 43-kilometre stretch of the M3 motorway, reaching to Fuzesabony, will have been constructed by the end of the year.</p>
<p>- Budapest newsroom +36 1 327 4040</p>
</text>
<copyright>(c) Reuters Limited 1997</copyright>
<metadata>
<codes class="bip:countries:1.0">
  <code code="HUNG">
    <editdetail attribution="Reuters BIP Coding Group" action="confirmed" date="1997-04-14"/>
  </code>
</codes>
<codes class="bip:topics:1.0">
  <code code="GCAT">
    <editdetail attribution="Reuters BIP Coding Group" action="confirmed" date="1997-04-14"/>
  </code>
</codes>
<dc element="dc.date.created" value="1997-04-14"/>
<dc element="dc.publisher" value="Reuters Holdings Plc"/>
<dc element="dc.date.published" value="1997-04-14"/>
<dc element="dc.source" value="Reuters"/>
<dc element="dc.creator.location" value="BUDAPEST"/>
<dc element="dc.creator.location.country.name" value="HUNGARY"/>
<dc element="dc.source" value="Reuters"/>
</metadata>
</newsitem>
