<?xml version="1.0" encoding="iso-8859-1" ?>
<newsitem itemid="505683" id="root" date="1997-04-14" xml:lang="en">
<title>ESTONIA: HANSA LEASING TO ISSUE TWO-YEAR BONDS.</title>
<headline>HANSA LEASING TO ISSUE TWO-YEAR BONDS.</headline>
<dateline>TALLINN 1997-04-14</dateline>
<text>
<p>Hansa Leasing, the subsidiary of Hansapank, is to issue two-year bonds worth 85 million kroons next week, Hansapank said on Monday.</p>
<p>The coupon is 10.25 percent and the bonds will be sold at 99.50 percent, Ulo Kallas, Hansapank interest rate products manager, told Reuters.</p>
<p>&quot;They are using it to refinance their previous liabilities as bonds are cheaper,&quot; Kallas said.</p>
<p>Hansa Leasing on Tuesday issued new six-month commercial paper worth 30 million kroons with a yield of 8.5 percent.</p>
<p>-- Eva Palu, Tallinn newsroom, +372 630 8400, reuters@reuters.ee</p>
</text>
<copyright>(c) Reuters Limited 1997</copyright>
<metadata>
<codes class="bip:countries:1.0">
  <code code="ESTNIA">
    <editdetail attribution="Reuters BIP Coding Group" action="confirmed" date="1997-04-14"/>
  </code>
</codes>
<codes class="bip:industries:1.0">
  <code code="I81402">
    <editdetail attribution="Reuters BIP Coding Group" action="confirmed" date="1997-04-14"/>
  </code>
</codes>
<codes class="bip:topics:1.0">
  <code code="C17">
    <editdetail attribution="Reuters BIP Coding Group" action="confirmed" date="1997-04-14"/>
  </code>
  <code code="C172">
    <editdetail attribution="Reuters BIP Coding Group" action="confirmed" date="1997-04-14"/>
  </code>
  <code code="CCAT">
    <editdetail attribution="Reuters BIP Coding Group" action="confirmed" date="1997-04-14"/>
  </code>
</codes>
<dc element="dc.date.created" value="1997-04-14"/>
<dc element="dc.publisher" value="Reuters Holdings Plc"/>
<dc element="dc.date.published" value="1997-04-14"/>
<dc element="dc.source" value="Reuters"/>
<dc element="dc.creator.location" value="TALLINN"/>
<dc element="dc.creator.location.country.name" value="ESTONIA"/>
<dc element="dc.source" value="Reuters"/>
</metadata>
</newsitem>
