<?xml version="1.0" encoding="iso-8859-1" ?>
<newsitem itemid="505652" id="root" date="1997-04-14" xml:lang="en">
<title>BOTSWANA: BOTSWANA STOCKS WEEK - DOMESTIC INDEX RISES 3.2 PCT.</title>
<headline>BOTSWANA STOCKS WEEK - DOMESTIC INDEX RISES 3.2 PCT.</headline>
<dateline>GABORONE 1997-04-14</dateline>
<text>
<p>The domestic index posted its</p>
<p>fifth highest weekly gain on the Botswana Stock Exchange in the</p>
<p>week ending April 11, rising 12.9 points, or 3.2 percent, to</p>
<p>420.49.</p>
<p>Brewery holding company Sechaba Investment Co rose</p>
<p>20 thebe to 300. Banks all showed gains including Barclays</p>
<p>which increased 50 thebe to reach 690, First National</p>
<p>Bank rose five thebe to 490, Standard Chartered Bank</p>
<p>Botswana , which was not traded, was bid up 10 thebe to</p>
<p>575.</p>
<p>Trading unchanged were Botswana Insurance at 220</p>
<p>thebe, investment company Kgola ya Sechaba at 18O thebe</p>
<p>and clothing chain Pep at 280 thebe.</p>
<p>Oil company Engen was bid at 445 thebe and offered</p>
<p>at 475, but did not trade. Also untraded were security group</p>
<p>Inco which was bid at 80 thebe and offered 85, food</p>
<p>and tobacco wholesaler Metsef bid at 645 thebe.</p>
<p>Variable loan stock company RDC Properties was bid</p>
<p>at 160 thebe and offered at 170 thebe, but did not trade, as did</p>
<p>food wholesaler Sefalana which was bid at 435 thebe</p>
<p>and offered at 440 thebe.</p>
<p>Domestic turnover declined with 23,600 shares compared to</p>
<p>1,082,400 the previous week, changing hands for a total value of</p>
<p>61,510 pula compared to an earlier 2,979,445 pula.</p>
<p>On the foreign board, De Beers rose 120 thebe to</p>
<p>trade at 13,138 and McCarthy Retail group ended its</p>
<p>first week on the BSE at 1,142 thebe. Undervalued Asset Fund</p>
<p>Regent was untraded.</p>
<p>The foreign index rose 3.56 points to 407.27. Turnover in</p>
<p>dual listed shares increased with 900 shares traded compared to</p>
<p>a previous 300.</p>
<p>The All Companies Index finished the week at 407.61 points</p>
<p>against 403.81.</p>
<p>    -- Gaborone Newsroom +267 347182</p>
</text>
<copyright>(c) Reuters Limited 1997</copyright>
<metadata>
<codes class="bip:countries:1.0">
  <code code="BOTS">
    <editdetail attribution="Reuters BIP Coding Group" action="confirmed" date="1997-04-14"/>
  </code>
</codes>
<codes class="bip:topics:1.0">
  <code code="M11">
    <editdetail attribution="Reuters BIP Coding Group" action="confirmed" date="1997-04-14"/>
  </code>
  <code code="MCAT">
    <editdetail attribution="Reuters BIP Coding Group" action="confirmed" date="1997-04-14"/>
  </code>
</codes>
<dc element="dc.date.created" value="1997-04-14"/>
<dc element="dc.publisher" value="Reuters Holdings Plc"/>
<dc element="dc.date.published" value="1997-04-14"/>
<dc element="dc.source" value="Reuters"/>
<dc element="dc.creator.location" value="GABORONE"/>
<dc element="dc.creator.location.country.name" value="BOTSWANA"/>
<dc element="dc.source" value="Reuters"/>
</metadata>
</newsitem>
