<?xml version="1.0" encoding="iso-8859-1" ?>
<newsitem itemid="505666" id="root" date="1997-04-14" xml:lang="en">
<title>ROMANIA: RADIO ROMANIA AFTERNOON HEADLINES AT 1 PM.</title>
<headline>RADIO ROMANIA AFTERNOON HEADLINES AT 1 PM.</headline>
<dateline>BUCHAREST 1997-04-14</dateline>
<text>
<p>Radio Romania news:</p>
<p>* President Emil Constantinescu meets opposition leaders to discuss parliamentary support for the government's reform package.</p>
<p>* Adrian Nastase, leader of the main opposition Party of Social Democracy (PDSR) said the president should invite all parties in parliament. He said the PDSR is against the government's plans to put the State Ownership Fund (FPS) under its control.</p>
<p>* Prime Minister Victor Ciorbea will meet the managers of state-run Petromidia refinery this afternoon. Petromidia is one of two refineries on a government list of companies to be liquidated under a tough reform programme.</p>
<p>Petromidia managers want to persuade Ciorbea that the refinery does not have debts to the state budget and is still attractive for foreign investors.</p>
<p>* The ruling National Peasant Party backs a government decision to take control of the FPS, the party's secretary general Radu Vasile said.</p>
<p>Vasile said Romania's signing the accord to join CEFTA was very important for the country's bid to become a member of the European Union.</p>
<p>* Romania's exiled King Michael is in the Netherlands, on a tour of European parliamentary monarchies, to lobby for Romania's first-wave NATO admission bid.</p>
<p>* Romania's special envoy toi London, parliamentarian Ion Ratiu, met British Foreign Office officials to discuss support for Romania's early NATO membership bid.</p>
<p>Ratiu said that the Foreign Office declined to express a position on the issue until Britain's general elections in May.</p>
<p>* The Canadian ambassador to Bucharest said Ottawa strongly supports Romania's bid to join NATO among first-wave entrants.</p>
<p>* The Black Sea ports of Constanta, Mangalia and Midia were closed due to strong winds.</p>
<p>-- Bucharest Newsroom 40-1 3120264</p>
</text>
<copyright>(c) Reuters Limited 1997</copyright>
<metadata>
<codes class="bip:countries:1.0">
  <code code="ROM">
    <editdetail attribution="Reuters BIP Coding Group" action="confirmed" date="1997-04-14"/>
  </code>
</codes>
<codes class="bip:topics:1.0">
  <code code="GCAT">
    <editdetail attribution="Reuters BIP Coding Group" action="confirmed" date="1997-04-14"/>
  </code>
</codes>
<dc element="dc.date.created" value="1997-04-14"/>
<dc element="dc.publisher" value="Reuters Holdings Plc"/>
<dc element="dc.date.published" value="1997-04-14"/>
<dc element="dc.source" value="Reuters"/>
<dc element="dc.creator.location" value="BUCHAREST"/>
<dc element="dc.creator.location.country.name" value="ROMANIA"/>
<dc element="dc.source" value="Reuters"/>
</metadata>
</newsitem>
