<?xml version="1.0" encoding="iso-8859-1" ?>
<newsitem itemid="505661" id="root" date="1997-04-14" xml:lang="en">
<title>ESTONIA: ESTONIA-MOST STOCKS MOVE HIGHER ON NERVOUS MARKET.</title>
<headline>ESTONIA-MOST STOCKS MOVE HIGHER ON NERVOUS MARKET.</headline>
<dateline>TALLINN 1997-04-14</dateline>
<text>
<p>Trade on the Estonian bourse on</p>
<p>Monday was nervous with very moderate turnover although buying</p>
<p>pressure took most stocks higher, dealers said.</p>
<p>The Talse increased by 1.18 percent to close on 251.76 with</p>
<p>46.8 million kroons of shares traded on the main list.</p>
<p>Total market equity capitalisation reached 13.69 billion</p>
<p>kroons compared to Friday's 13.61 billion kroons.</p>
<p>The most active stock was Uhispank with 16.8 million kroons</p>
<p>of shares traded. The stock was 1.40 kroons higher with a close</p>
<p>on 56.75 kroons.</p>
<p>&quot;Investors could have been responding to the news of the new</p>
<p>board for Uhispbank but it is difficult to say what the local</p>
<p>investors were responding to,&quot; one trader said.</p>
<p>Hansapank saw trade of 11 million kroons of shares to end</p>
<p>3.50 kroons higher on 256.50 kroons.</p>
<p>&quot;There wass a general expectation in the press that most</p>
<p>shares would rise this week and this seems to be winning over</p>
<p>those who wanted to sell,&quot; a dealer said.</p>
<p>Hoiupank saw trade of 9.5 million kroon of shares</p>
<p>to pick up 0.90 kroons for a close on 126.45 kroons.</p>
<p>On the over-the-counter market, total trade was 15.5 million</p>
<p>kroons of shares with diversified industrialist Norma </p>
<p>the most traded stock.</p>
<p>Norma turned over seven million kroons of shares to be</p>
<p>stable on 74.75.</p>
<p>&quot;There were some sellers about, but there was enough</p>
<p>interest to support the price,&quot; another trader said.</p>
<p>-- David Mardiste, Tallinn newsroom +372 630 8400</p>
<p>reuters@reuters.ee</p>
</text>
<copyright>(c) Reuters Limited 1997</copyright>
<metadata>
<codes class="bip:countries:1.0">
  <code code="ESTNIA">
    <editdetail attribution="Reuters BIP Coding Group" action="confirmed" date="1997-04-14"/>
  </code>
</codes>
<codes class="bip:industries:1.0">
  <code code="I48300">
    <editdetail attribution="Reuters BIP Coding Group" action="confirmed" date="1997-04-14"/>
  </code>
  <code code="I81401">
    <editdetail attribution="Reuters BIP Coding Group" action="confirmed" date="1997-04-14"/>
  </code>
  <code code="I81402">
    <editdetail attribution="Reuters BIP Coding Group" action="confirmed" date="1997-04-14"/>
  </code>
</codes>
<codes class="bip:topics:1.0">
  <code code="M11">
    <editdetail attribution="Reuters BIP Coding Group" action="confirmed" date="1997-04-14"/>
  </code>
  <code code="MCAT">
    <editdetail attribution="Reuters BIP Coding Group" action="confirmed" date="1997-04-14"/>
  </code>
</codes>
<dc element="dc.date.created" value="1997-04-14"/>
<dc element="dc.publisher" value="Reuters Holdings Plc"/>
<dc element="dc.date.published" value="1997-04-14"/>
<dc element="dc.source" value="Reuters"/>
<dc element="dc.creator.location" value="TALLINN"/>
<dc element="dc.creator.location.country.name" value="ESTONIA"/>
<dc element="dc.source" value="Reuters"/>
</metadata>
</newsitem>
