<?xml version="1.0" encoding="iso-8859-1" ?>
<newsitem itemid="505658" id="root" date="1997-04-14" xml:lang="en">
<title>SOUTH AFRICA: NEWPORT DETAILS 29 MLN RAND RIGHTS ISSUE.</title>
<headline>NEWPORT DETAILS 29 MLN RAND RIGHTS ISSUE.</headline>
<dateline>JOHANNESBURG 1997-04-14</dateline>
<text>
<p>Newport Property Fund said on Monday that it will raise 29 million rand, before expenses, through a rights offer of over 7.2-million new units.</p>
<p>It said that 15 new units will be issued for every 100 held on April 18. The issue price of each unit will be 400 cents.</p>
<p>Newport said unitholders holding some 60.7 percent of the company's units have given irrevocable undertakings to exercise their rights. UAL Property Fund Managers has underwritten the balance of the subscriptions.</p>
<p>-- Johannesburg newsroom 27 11 482 1003</p>
</text>
<copyright>(c) Reuters Limited 1997</copyright>
<metadata>
<codes class="bip:countries:1.0">
  <code code="SAFR">
    <editdetail attribution="Reuters BIP Coding Group" action="confirmed" date="1997-04-14"/>
  </code>
</codes>
<codes class="bip:industries:1.0">
  <code code="I81502">
    <editdetail attribution="Reuters BIP Coding Group" action="confirmed" date="1997-04-14"/>
  </code>
</codes>
<codes class="bip:topics:1.0">
  <code code="C17">
    <editdetail attribution="Reuters BIP Coding Group" action="confirmed" date="1997-04-14"/>
  </code>
  <code code="C171">
    <editdetail attribution="Reuters BIP Coding Group" action="confirmed" date="1997-04-14"/>
  </code>
  <code code="CCAT">
    <editdetail attribution="Reuters BIP Coding Group" action="confirmed" date="1997-04-14"/>
  </code>
</codes>
<dc element="dc.date.created" value="1997-04-14"/>
<dc element="dc.publisher" value="Reuters Holdings Plc"/>
<dc element="dc.date.published" value="1997-04-14"/>
<dc element="dc.source" value="Reuters"/>
<dc element="dc.creator.location" value="JOHANNESBURG"/>
<dc element="dc.creator.location.country.name" value="SOUTH AFRICA"/>
<dc element="dc.source" value="Reuters"/>
</metadata>
</newsitem>
