<?xml version="1.0" encoding="iso-8859-1" ?>
<newsitem itemid="505677" id="root" date="1997-04-14" xml:lang="en">
<title>POLAND: EBRD, BANK OF AMERICA TO INVEST IN POLISH HORTEX.</title>
<headline>EBRD, BANK OF AMERICA TO INVEST IN POLISH HORTEX.</headline>
<dateline>WARSAW 1997-04-14</dateline>
<text>
<p>European Bank for Reconstruction and Development (EBRD) and Bank of America will get a stake in Polish food processor and trader Hortex by the end of September 1997, a Hortex shareholder said on Monday.</p>
<p>Bank Gospodarki Zywnosciowej SA (BGZ), which has 41.2 percent in Hortex said in a statement it had signed an agreement with EBRD, Bank of America on the conditions of their investment in Hortex through a capital increase.</p>
<p>It said Bank Handlowy, another Hortex's shareholder, also signed the agreement but added the transaction's conditions would yet have to be approved by the managements of the firms involved.</p>
<p>It did not give any further details and EBRD's officials were not immediately available for comment.</p>
<p>According to independent market research institute Indicator Hortex is Poland's biggest juice producer with a 41 -percent market share.</p>
<p>According to a newspaper report in October last year, EBRD planned to invest up to $40 million in Hortex, but EBRD denied those reports.</p>
<p>-- Warsaw Newsroom +48 22 653 9700</p>
</text>
<copyright>(c) Reuters Limited 1997</copyright>
<metadata>
<codes class="bip:countries:1.0">
  <code code="POL">
    <editdetail attribution="Reuters BIP Coding Group" action="confirmed" date="1997-04-14"/>
  </code>
</codes>
<codes class="bip:industries:1.0">
  <code code="I41400">
    <editdetail attribution="Reuters BIP Coding Group" action="confirmed" date="1997-04-14"/>
  </code>
  <code code="I81402">
    <editdetail attribution="Reuters BIP Coding Group" action="confirmed" date="1997-04-14"/>
  </code>
  <code code="I81501">
    <editdetail attribution="Reuters BIP Coding Group" action="confirmed" date="1997-04-14"/>
  </code>
  <code code="I8150106">
    <editdetail attribution="Reuters BIP Coding Group" action="confirmed" date="1997-04-14"/>
  </code>
</codes>
<codes class="bip:topics:1.0">
  <code code="C17">
    <editdetail attribution="Reuters BIP Coding Group" action="confirmed" date="1997-04-14"/>
  </code>
  <code code="C18">
    <editdetail attribution="Reuters BIP Coding Group" action="confirmed" date="1997-04-14"/>
  </code>
  <code code="C181">
    <editdetail attribution="Reuters BIP Coding Group" action="confirmed" date="1997-04-14"/>
  </code>
  <code code="CCAT">
    <editdetail attribution="Reuters BIP Coding Group" action="confirmed" date="1997-04-14"/>
  </code>
</codes>
<dc element="dc.date.created" value="1997-04-14"/>
<dc element="dc.publisher" value="Reuters Holdings Plc"/>
<dc element="dc.date.published" value="1997-04-14"/>
<dc element="dc.source" value="Reuters"/>
<dc element="dc.creator.location" value="WARSAW"/>
<dc element="dc.creator.location.country.name" value="POLAND"/>
<dc element="dc.source" value="Reuters"/>
</metadata>
</newsitem>
