<?xml version="1.0" encoding="iso-8859-1" ?>
<newsitem itemid="505758" id="root" date="1997-04-14" xml:lang="en">
<title>UK: LIFFE white sugar ends down in pre-expiry trade.</title>
<headline>LIFFE white sugar ends down in pre-expiry trade.</headline>
<dateline>LONDON 1997-04-14</dateline>
<text>
<p>London's May white sugar contract tumbled almost $6.00 on Monday with weakness blamed on pre-expiry book-squaring and the downward correction in New York.</p>
<p>May last traded down $5.80 at $306.00 after a new bout of selling toward the close and August was down $2.00 at $308.80 while other months also lost ground.</p>
<p>&quot;It's all expiry stuff...but it looks shaky,&quot; said one trader.</p>
<p>Volume totalled 4,784 lots.</p>
<p>As expected, New York saw a sell-off from last week's highs.</p>
<p>London activity was dominated by the standard rolling of spot positions into further forward months with commission houses and other brokers featuring on both sides of the market.</p>
<p>Other market sources said the reluctance of short holders to move out of the May contract suggested that a high delivery could be on the cards, possibly as much as 10 cargoes of European origin sugars.</p>
</text>
<copyright>(c) Reuters Limited 1997</copyright>
<metadata>
<codes class="bip:countries:1.0">
  <code code="UK">
    <editdetail attribution="Reuters BIP Coding Group" action="confirmed" date="1997-04-14"/>
  </code>
</codes>
<codes class="bip:topics:1.0">
  <code code="M14">
    <editdetail attribution="Reuters BIP Coding Group" action="confirmed" date="1997-04-14"/>
  </code>
  <code code="M141">
    <editdetail attribution="Reuters BIP Coding Group" action="confirmed" date="1997-04-14"/>
  </code>
  <code code="MCAT">
    <editdetail attribution="Reuters BIP Coding Group" action="confirmed" date="1997-04-14"/>
  </code>
</codes>
<dc element="dc.date.created" value="1997-04-14"/>
<dc element="dc.publisher" value="Reuters Holdings Plc"/>
<dc element="dc.date.published" value="1997-04-14"/>
<dc element="dc.source" value="Reuters"/>
<dc element="dc.creator.location" value="LONDON"/>
<dc element="dc.creator.location.country.name" value="UK"/>
<dc element="dc.source" value="Reuters"/>
</metadata>
</newsitem>
