<?xml version="1.0" encoding="iso-8859-1" ?>
<newsitem itemid="505769" id="root" date="1997-04-14" xml:lang="en">
<title>UK: LIFFE wheat nervous, up on worldwide weather fears.</title>
<headline>LIFFE wheat nervous, up on worldwide weather fears.</headline>
<dateline>LONDON 1997-04-14</dateline>
<text>
<p>LIFFE grain ended higher, but off the day's highs, after a day of weather inspired rises, traders said.</p>
<p>On wheat, the emphasis was on the new crop, with November most active. It last traded 1.25 stg higher at 101.40 stg, well off a day's high of 102.00 stg, on volume of 262 lots. Total wheat volume was 759 lots.</p>
<p>The cause of the rises was a combination of continued weather concerns in Europe, along with the effects of sharp rises at the CBOT, where wheat opened up the 20 cent per bushel limit on Monday after weekend temperatures in the U.S. plains fell to record lows, one trader said.</p>
<p>&quot;It's wrong to argue that the CBOT pushed London up, but it is an influence,&quot; one trader said. &quot;The crucial thing is now whether the CBOT takes up extended limits on Tuesday,&quot; he said.</p>
<p>A rising CBOT and, hence, world prices, would leave room for European grains to get more expensive. But some were speculating that it could enable the EU to re-introduce a tax, rather than a refund on export licences, in a bid to prevent European prices rising too far, the trader said.</p>
<p>The market's nervousness explained how it ended off highs, he said. &quot;It's a weather market. You're bound to get some profit taking,&quot; he said. Much of that profit taking was by market players trying to protect themselves, just in case an unexpected change in the weather triggers a sharp sell off.</p>
<p>No rain is forecast in Britain this week, with the exception of some showers in the far north-east, the meteorological office said. There is no rain forecast, either, in the major producing areas of the continent.</p>
<p>Just 11 lots of barley were traded, one on September, five on November and five on January. November last traded 1.25 stg higher at 98.25 stg.</p>
<p>--Christopher Lyddon, London newsroom +44 171 542 7928</p>
</text>
<copyright>(c) Reuters Limited 1997</copyright>
<metadata>
<codes class="bip:countries:1.0">
  <code code="UK">
    <editdetail attribution="Reuters BIP Coding Group" action="confirmed" date="1997-04-14"/>
  </code>
</codes>
<codes class="bip:topics:1.0">
  <code code="M14">
    <editdetail attribution="Reuters BIP Coding Group" action="confirmed" date="1997-04-14"/>
  </code>
  <code code="M141">
    <editdetail attribution="Reuters BIP Coding Group" action="confirmed" date="1997-04-14"/>
  </code>
  <code code="MCAT">
    <editdetail attribution="Reuters BIP Coding Group" action="confirmed" date="1997-04-14"/>
  </code>
</codes>
<dc element="dc.date.created" value="1997-04-14"/>
<dc element="dc.publisher" value="Reuters Holdings Plc"/>
<dc element="dc.date.published" value="1997-04-14"/>
<dc element="dc.source" value="Reuters"/>
<dc element="dc.creator.location" value="LONDON"/>
<dc element="dc.creator.location.country.name" value="UK"/>
<dc element="dc.source" value="Reuters"/>
</metadata>
</newsitem>
