<?xml version="1.0" encoding="iso-8859-1" ?>
<newsitem itemid="505771" id="root" date="1997-04-14" xml:lang="en">
<title>UK: NWE gas oil market focused on French diesel buying.</title>
<headline>NWE gas oil market focused on French diesel buying.</headline>
<dateline>LONDON 1997-04-14</dateline>
<text>
<p>Discussion in the NWE gas oil market was centred on diesel on Monday, with active buying interest seen into France.</p>
<p>Offers were heard at May IPE +13/+14 a tonne cif Le Havre, with best bids at $11.50 for delivery by end-April. A UK refiner sold a cargo on a confidential basis but no other deals were reported.</p>
<p>&quot;It's a pretty keen market, that's where all the attention is today,&quot; said one trader.</p>
<p>The German market was less active, with diesel cargoes were talked around May IPE +$9.50/$10.50 cif Hamburg.</p>
<p>On the barge market, two 0.05 percent sulphur parcels were traded at May IPE $9.50, one fob Flushing and the other fob Rotterdam-Amsterdam.</p>
<p>Heating oil barges changed hands at May IPE +50 cents and +25 cents, with offers at +50 cents and bids at screen flat towards the end of the day.</p>
<p>Traders said that offers of IPE delivery material from Antwerp at $1 under the May IPE contract were dragging the market lower.</p>
<p>&quot;Even with the freight that's cheaper than Rotterdam material,&quot; said one trader.  </p>
<p>Heating oil cargoes were thinly talked on Monday. Some discussion on DIN was heard with prompt premiums at May IPE +$2/$3.50 cif Hamburg, while Russian cargoes were bid at May +$1 with supplies scarce.</p>
<p>May IPE futures closed $1.50 a tonne higher at $165, off the session high of $165.75.</p>
<p>--Rosalind Russell, London Newsroom +44 171 542 5387</p>
</text>
<copyright>(c) Reuters Limited 1997</copyright>
<metadata>
<codes class="bip:countries:1.0">
  <code code="UK">
    <editdetail attribution="Reuters BIP Coding Group" action="confirmed" date="1997-04-14"/>
  </code>
</codes>
<codes class="bip:topics:1.0">
  <code code="M14">
    <editdetail attribution="Reuters BIP Coding Group" action="confirmed" date="1997-04-14"/>
  </code>
  <code code="M143">
    <editdetail attribution="Reuters BIP Coding Group" action="confirmed" date="1997-04-14"/>
  </code>
  <code code="MCAT">
    <editdetail attribution="Reuters BIP Coding Group" action="confirmed" date="1997-04-14"/>
  </code>
</codes>
<dc element="dc.date.created" value="1997-04-14"/>
<dc element="dc.publisher" value="Reuters Holdings Plc"/>
<dc element="dc.date.published" value="1997-04-14"/>
<dc element="dc.source" value="Reuters"/>
<dc element="dc.creator.location" value="LONDON"/>
<dc element="dc.creator.location.country.name" value="UK"/>
<dc element="dc.source" value="Reuters"/>
</metadata>
</newsitem>
