<?xml version="1.0" encoding="iso-8859-1" ?>
<newsitem itemid="505779" id="root" date="1997-04-14" xml:lang="en">
<title>UK: NWE naphtha steady, supported by firmer crude.</title>
<headline>NWE naphtha steady, supported by firmer crude.</headline>
<dateline>LONDON 1997-04-14</dateline>
<text>
<p>NWE naphtha held steady in quiet trade on Monday, bolstered by firmer crude.</p>
<p>But traders said the undertone was generally soft with very little buying interest seen. They said good fob avails of most grades kept petrochemical buying relaxed while a well-supplied gasoline market restricted reformer demand.</p>
<p>&quot;We may see some fresh interest when the gasoline arb to the U.S.opens up again,&quot; one trade said.</p>
<p>Offers for pipeline spec were pegged around $186. A cargo was traded on Friday at $186.50 cif Antwerp after similar material made $192 earlier in the week.</p>
<p>Russian cargoes were thought still available at around $182.</p>
<p>Bids were assessed around $4-$6 under the cargo offers depending on quality.</p>
<p>--Colin Wooster, London Newsroom, +44 171 542 7456</p>
</text>
<copyright>(c) Reuters Limited 1997</copyright>
<metadata>
<codes class="bip:countries:1.0">
  <code code="UK">
    <editdetail attribution="Reuters BIP Coding Group" action="confirmed" date="1997-04-14"/>
  </code>
</codes>
<codes class="bip:topics:1.0">
  <code code="M14">
    <editdetail attribution="Reuters BIP Coding Group" action="confirmed" date="1997-04-14"/>
  </code>
  <code code="M143">
    <editdetail attribution="Reuters BIP Coding Group" action="confirmed" date="1997-04-14"/>
  </code>
  <code code="MCAT">
    <editdetail attribution="Reuters BIP Coding Group" action="confirmed" date="1997-04-14"/>
  </code>
</codes>
<dc element="dc.date.created" value="1997-04-14"/>
<dc element="dc.publisher" value="Reuters Holdings Plc"/>
<dc element="dc.date.published" value="1997-04-14"/>
<dc element="dc.source" value="Reuters"/>
<dc element="dc.creator.location" value="LONDON"/>
<dc element="dc.creator.location.country.name" value="UK"/>
<dc element="dc.source" value="Reuters"/>
</metadata>
</newsitem>
