<?xml version="1.0" encoding="iso-8859-1" ?>
<newsitem itemid="505746" id="root" date="1997-04-14" xml:lang="en">
<title>UK: IPE May Brent ends up on Iran and U.S. gasoline.</title>
<headline>IPE May Brent ends up on Iran and U.S. gasoline.</headline>
<dateline>LONDON 1997-04-14</dateline>
<text>
<p>IPE May Brent crude oil ended the day firmer but off the highs. The prompt contract closed on Monday up some 29 cents at $18.17 a barrel, off the intra-day high of $18.30.</p>
<p>Brokers said the move upwards was triggered in part by a report in Sunday's Washington post that U.S. and Saudi intelligence authorities have linked a senior Iranian government official to a group of Shiite Moslems suspected of bombing a U.S. military compound in Saudi Arabia last year.</p>
<p>A rally on NYMEX unleaded gasoline ahead of the U.S. driving season was also supportive and the U.S. products ended the day sharply firmer.</p>
<p>'It was an extremely boring day led by gasoline and the Iran story. This closing level is supportive and we may see a further move to the upside tomorrow,' one broker said.</p>
<p>But he warned that a build in U.S. gasoline stocks in this week's stock figures from the American Petroleum Institute (API) could trigger a move back down.</p>
<p>'If the API's are not supportive on the gasoline the whole complex could come tumbling off again,' he said.</p>
<p>The prompt May IPE gas oil contract, which closed earlier up $1.50 at $165 a tonne, was called to open unchanged on Tuesday.</p>
<p>'There is strong resistance at the $165 level and we may see gas oil falling back. There is limited buying interest in Europe,' another broker commented.</p>
<p>--Siobhan Hayden London Newsroom +44 171 542 8978</p>
</text>
<copyright>(c) Reuters Limited 1997</copyright>
<metadata>
<codes class="bip:countries:1.0">
  <code code="UK">
    <editdetail attribution="Reuters BIP Coding Group" action="confirmed" date="1997-04-14"/>
  </code>
</codes>
<codes class="bip:topics:1.0">
  <code code="M14">
    <editdetail attribution="Reuters BIP Coding Group" action="confirmed" date="1997-04-14"/>
  </code>
  <code code="M143">
    <editdetail attribution="Reuters BIP Coding Group" action="confirmed" date="1997-04-14"/>
  </code>
  <code code="MCAT">
    <editdetail attribution="Reuters BIP Coding Group" action="confirmed" date="1997-04-14"/>
  </code>
</codes>
<dc element="dc.date.created" value="1997-04-14"/>
<dc element="dc.publisher" value="Reuters Holdings Plc"/>
<dc element="dc.date.published" value="1997-04-14"/>
<dc element="dc.source" value="Reuters"/>
<dc element="dc.creator.location" value="LONDON"/>
<dc element="dc.creator.location.country.name" value="UK"/>
<dc element="dc.source" value="Reuters"/>
</metadata>
</newsitem>
