<?xml version="1.0" encoding="iso-8859-1" ?>
<newsitem itemid="505738" id="root" date="1997-04-14" xml:lang="en">
<title>UK: Dirty tankers fixtures/enquiries.</title>
<headline>Dirty tankers fixtures/enquiries.</headline>
<dateline>LONDON 1997-04-14</dateline>
<text>
<p>Latest fixtures:</p>
<p>- MIDDLE EAST</p>
<p>Stena Conductor    260 28/4 Kharg/Red Sea	     W47.5 Agip</p>
<p>Teekay TBN	    80 25/4 Bandar Mashahr/S'pore   W135  BP</p>
<p>Tomis Providence    80 20/4 Ras Isa/China	     RNR Arcadia</p>
<p>- ASIA/PACIFIC</p>
<p>Tohyuh Maru	   80 23/4 Seria/Sriracha     $230,000 Thaioil</p>
<p>- MED/BLACK SEA</p>
<p>Seadancer	    130 28/4 Novorossiisk/UKC-Med   W100 Runicom</p>
<p>Vergina II	    80 16/4 Novorossiisk/UKC-Med   W122.5 Nafta</p>
<p>Glory Summit	78 17/4 Zueitina/Sarroch    W142.5   NOC</p>
<p>Nissos TBN	  75 26/4 Algeria/Med	   W114     BP</p>
<p>Apnoia		  30 13/4 Libya/Italy		W200   Enel</p>
<p>- U.K./CONT</p>
<p>Alandia Pride     80 19/4 EC UK/UKC	     W97.5    Elf</p>
<p>Tromaas	     80 14/4 Hamble/Rotterdam    W105     Texaco</p>
<p>Bona Rainbow	80 22/4 Sture/Med	     RNR	BP</p>
<p>H'pont Prosperity 75 24/4 Le Havre/Wilhelmshaven RNR   W'shall</p>
<p>- WEST AFRICA</p>
<p>Tohdoh		 245 15/5 W. Africa/Taiwan	 W58.5  CPC</p>
<p>Joharat Qatar	 80 27/4 W. Africa/east	   W110   BP</p>
<p>- U.K./CONT</p>
<p>Seaexpress II	 50 27/4 Slagen/Italy	     W170   Exxon</p>
<p>TBN		     25 13/4 Brofjorden/UKC	   W185</p>
<p>Coastal</p>
<p>- WESTERN HEMISPHERE</p>
<p>Canadian Liberty    80 28/8 Caribs/Tranmere	  W135   Shell</p>
<p>Clement		 50 20/4 Caribs/USG		W192.5 Valero</p>
<p>- TIME CHARTER</p>
<p>Maria Laura ('90) 98,473 dwt 12 months $18,000/day Shell</p>
<p>- ENQUIRIES</p>
<p>Agip	  260	   Kharg/UKC Med-RS	    28-30/4</p>
<p>SCI	85-130	   Mideast/India		 16-30/4</p>
<p>Samir	 120	   Yanbu/Mohammedia	    10-12/4</p>
<p>Chinese     135	   Ras Isa/China		 25-30/4</p>
<p>Mobil	  80	   Kumul/Melbourne	     15-16/4</p>
<p>MSC	    19  FO     Singapore/Diego Garcia    30/-4/5</p>
<p>Petrogal    135	   Sidi Kreir/Sines	    2/5</p>
<p>API	    80	   Sidi Kreir/Falconara	22-24/4</p>
<p>CPC	  VLCC	   W. Africa/Taiwan	    15-16/5</p>
<p>Coastal  1 million barrels  Palanca/UKC-Med-US	  7/5</p>
<p>Sinochem 2 million barrels  Sullom Voe/China	    25-30/4</p>
<p>Sun	   130	   Sullom Voe/options	  26/4</p>
<p>Ultramar    130	   WC Norway/USG		 end/4</p>
<p>Private   70-80  FO     Cont/Singapore		prompt-15/4</p>
<p>Wintershall  75  NHC    Le Havre/Wilhelmsshaven   24-25/4</p>
<p>Chevron   50-55  FO     Milford Haven/USAC-USG    20-25/4</p>
<p>Esso	20-22	   Cont/Italy		    24-27/4</p>
<p>Exxon     53-57	   Argentina/USG		 12-14/5</p>
<p>Pertamina 85-90,000 dwt 2 years built 1980 onwards delivery</p>
<p>							 Indonesia 5-30/5</p>
<p>Chevron 85-100,000 dwt 5 months delivery USG/Caribs 1-15/5</p>
<p>	    max 100,000 dwt for Perth Amboy restriction</p>
<p>NITC 60 1/1 month delivery Kharg prompt onwards</p>
<p>----------------------</p>
<p>- MIDDLE EAST</p>
<p>British Reliance   245 28/4 Middle East/Philippines W50 Shell</p>
<p>Athenian Friendship 80 20/4 Qatar/Halul		 RNR Maersk</p>
<p>- ASIA PACIFIC</p>
<p>Coral Sea II	  85 26/4 Bit+Kerteh/Malacca $290,000 Misc</p>
<p>Pacific Saturn    65 18/4 Kerteh/Port Dickson $175,000 Petronas</p>
<p>Torm TBN (cond)   65 28/4 Dampier/USG	   $1.4 million AOT</p>
<p>Yuho Maru 1	 58 28/4 Vungtao/Japan	 W155     Cosmo</p>
<p>- SOUTH AFRICA</p>
<p>Hawaiian Monarch 80 25/4 Cape Town/Mideast-S'pore $800,000/W115</p>
<p>									    Vitol</p>
<p>- MED/BLACK SEA</p>
<p>Berge Broker     311  2/5 Sidi Kreir/Fos-UKC  W80-65   Exxon</p>
<p>Ethnic	265  5/5 Sidi Kreir/UKC	W70 BP (corrects rate)</p>
<p>- WEST AFRICA</p>
<p>Choctaw	    130 24/4 W. Africa/UKC Med   RNR	Arcadia</p>
<p>- WESTERN HEMISPHERE</p>
<p>Algarrobo    140 20/4 2 CVs cross-Caribs  $275,000/voyage Hess</p>
<p>Panormos	   130 20/4 Bonaire/Spain	 RNR	  Repsol</p>
<p>Continental	 70 20/4 Caribs/USG	    W225	  CNR</p>
<p>Marina		70 25/4 Puerto Miranda/USAC W225	 Texaco</p>
<p>London Enterprise 52  -/4 Ecuador/USG	   W185	 Adam</p>
<p>- FUEL OIL</p>
<p>Seaexpress II     50 27/4 Slagen/Italy	  W170	 Exxon</p>
</text>
<copyright>(c) Reuters Limited 1997</copyright>
<metadata>
<codes class="bip:countries:1.0">
  <code code="UK">
    <editdetail attribution="Reuters BIP Coding Group" action="confirmed" date="1997-04-14"/>
  </code>
</codes>
<codes class="bip:topics:1.0">
  <code code="M14">
    <editdetail attribution="Reuters BIP Coding Group" action="confirmed" date="1997-04-14"/>
  </code>
  <code code="MCAT">
    <editdetail attribution="Reuters BIP Coding Group" action="confirmed" date="1997-04-14"/>
  </code>
</codes>
<dc element="dc.date.created" value="1997-04-14"/>
<dc element="dc.publisher" value="Reuters Holdings Plc"/>
<dc element="dc.date.published" value="1997-04-14"/>
<dc element="dc.source" value="Reuters"/>
<dc element="dc.creator.location" value="LONDON"/>
<dc element="dc.creator.location.country.name" value="UK"/>
<dc element="dc.source" value="Reuters"/>
</metadata>
</newsitem>
