<?xml version="1.0" encoding="iso-8859-1" ?>
<newsitem itemid="505753" id="root" date="1997-04-14" xml:lang="en">
<title>UK: Croatia plans D-mark bond in mid-year.</title>
<headline>Croatia plans D-mark bond in mid-year.</headline>
<dateline>LONDON 1997-04-14</dateline>
<text>
<p>Croatia plans to launch a Deutschemark-denominated bond in mid-year, a senior official of the Croatian Development Bank said on Monday.</p>
<p>&quot;Our state is going to launch a German mark bond very soon,&quot; Ana Ivancic, head of the president's office at the bank, told reporters at the annual meeting of the European Bank for reconstruction and Development.</p>
<p>No details of the proposed issue were available.  </p>
<p>The development bank has previously announced plans for its own 700 million Austrian shilling five-year Eurobond.</p>
<p>The bond, lead managed by Creditanstalt Investment Bank, will be launched on April 25 after roadshows in Vienna and Frankfurt, Ivancic said.</p>
<p>A syndicate of banks would be formed this week.</p>
<p>&quot;As to the banks there is a very large interest to get into the syndicate,&quot; Ivancic said.</p>
<p>Croatia launched a $300 million five-year Eurobond in early February.</p>
<p>--Nigel Stephenson, EBRD newsroom, +44 171 769 5146</p>
</text>
<copyright>(c) Reuters Limited 1997</copyright>
<metadata>
<codes class="bip:countries:1.0">
  <code code="CRTIA">
    <editdetail attribution="Reuters BIP Coding Group" action="confirmed" date="1997-04-14"/>
  </code>
  <code code="UK">
    <editdetail attribution="Reuters BIP Coding Group" action="confirmed" date="1997-04-14"/>
  </code>
</codes>
<codes class="bip:industries:1.0">
  <code code="I81501">
    <editdetail attribution="Reuters BIP Coding Group" action="confirmed" date="1997-04-14"/>
  </code>
  <code code="I8150106">
    <editdetail attribution="Reuters BIP Coding Group" action="confirmed" date="1997-04-14"/>
  </code>
</codes>
<codes class="bip:topics:1.0">
  <code code="E21">
    <editdetail attribution="Reuters BIP Coding Group" action="confirmed" date="1997-04-14"/>
  </code>
  <code code="E212">
    <editdetail attribution="Reuters BIP Coding Group" action="confirmed" date="1997-04-14"/>
  </code>
  <code code="ECAT">
    <editdetail attribution="Reuters BIP Coding Group" action="confirmed" date="1997-04-14"/>
  </code>
</codes>
<dc element="dc.date.created" value="1997-04-14"/>
<dc element="dc.publisher" value="Reuters Holdings Plc"/>
<dc element="dc.date.published" value="1997-04-14"/>
<dc element="dc.source" value="Reuters"/>
<dc element="dc.creator.location" value="LONDON"/>
<dc element="dc.creator.location.country.name" value="UK"/>
<dc element="dc.source" value="Reuters"/>
</metadata>
</newsitem>
