<?xml version="1.0" encoding="iso-8859-1" ?>
<newsitem itemid="505748" id="root" date="1997-04-14" xml:lang="en">
<title>UK: Kazakh central banker doubts Samurai bond issue.</title>
<headline>Kazakh central banker doubts Samurai bond issue.</headline>
<dateline>LONDON 1997-04-14</dateline>
<text>
<p>Kazakhstan may shelve plans to issue a yen-denominated Samurai bond this summer and opt instead for another dollar Eurobond issue in the second half of the year, its central bank chief said on Monday.</p>
<p>Uraz Jandosov told Reuters that a Samurai bond had been considered as one possibility for the former Soviet republic's second foray into the sovereign debt market but talks with Japanese financiers had been unproductive.</p>
<p>&quot;We talked with various companies, including Japanese investment banks which handle placements of Samurai bonds, but these were not warm discussions,&quot; Jandosov said after a presentation at the annual meeting of the European Bank for Reconstruction and Development (EBRD).</p>
<p>In late March, the head of Kazakhstan's National Securities Commission said the oil-producing republic would raise $200-250 million in the summer with a Samurai bond -- a yen-denominated bond issued in Japan by a foreign borrower.</p>
<p>But Jandosov said Kazakhstan's second issue on international bond markets would be in the latter half of the year, probably in dollars. It would be placed after the country's credit rating is raised, he added.</p>
<p>Moody's and Standard and Poors have given Kazakhstan Ba3 and BB- ratings respectively for long-term foreign currency debt.</p>
<p>Jandosov said the next Eurobond issue would be bigger than last December's successful debut placement of $200 million.</p>
<p>--Maxim Filimonov, EBRD newsroom +44 171 796 5122</p>
</text>
<copyright>(c) Reuters Limited 1997</copyright>
<metadata>
<codes class="bip:countries:1.0">
  <code code="JAP">
    <editdetail attribution="Reuters BIP Coding Group" action="confirmed" date="1997-04-14"/>
  </code>
  <code code="KAZK">
    <editdetail attribution="Reuters BIP Coding Group" action="confirmed" date="1997-04-14"/>
  </code>
  <code code="UK">
    <editdetail attribution="Reuters BIP Coding Group" action="confirmed" date="1997-04-14"/>
  </code>
</codes>
<codes class="bip:industries:1.0">
  <code code="I81501">
    <editdetail attribution="Reuters BIP Coding Group" action="confirmed" date="1997-04-14"/>
  </code>
  <code code="I8150106">
    <editdetail attribution="Reuters BIP Coding Group" action="confirmed" date="1997-04-14"/>
  </code>
</codes>
<codes class="bip:topics:1.0">
  <code code="E21">
    <editdetail attribution="Reuters BIP Coding Group" action="confirmed" date="1997-04-14"/>
  </code>
  <code code="E212">
    <editdetail attribution="Reuters BIP Coding Group" action="confirmed" date="1997-04-14"/>
  </code>
  <code code="ECAT">
    <editdetail attribution="Reuters BIP Coding Group" action="confirmed" date="1997-04-14"/>
  </code>
</codes>
<dc element="dc.date.created" value="1997-04-14"/>
<dc element="dc.publisher" value="Reuters Holdings Plc"/>
<dc element="dc.date.published" value="1997-04-14"/>
<dc element="dc.source" value="Reuters"/>
<dc element="dc.creator.location" value="LONDON"/>
<dc element="dc.creator.location.country.name" value="UK"/>
<dc element="dc.source" value="Reuters"/>
</metadata>
</newsitem>
