<?xml version="1.0" encoding="iso-8859-1" ?>
<newsitem itemid="505792" id="root" date="1997-04-14" xml:lang="en">
<title>UK: Closing stock market indices.</title>
<headline>Closing stock market indices.</headline>
<dateline>LONDON 1997-04-14</dateline>
<text>
<p>Here is how major stock markets outside the United States ended on Monday.</p>
<p>LONDON - Leading UK shares ended with moderate losses as the Dow got off to a wobbly start after a 148-point plunge on Friday. The benchmark FTSE 100 index of leading shares shed 19.0 points to settle at 4,251.7, as decliners beat advancers by a margin of two to one.</p>
<p>FRANKFURT - Shares took a sharp dive after Wall Street's tumble on Friday unnerved the market and reignited concerns on U.S. inflation and the risk of higher U.S. interest rates. The 30-share blue chip DAX index closed the floor session down 60.15 points at 3,279.90 points, although the market pared its losses in the post-bourse session on the firm dollar. The IBIS DAX index, which tracks electronic trade, ended the day down 21.72 points at 3,297.52 points.</p>
<p>PARIS - Stocks finished slightly lower after mirroring a second day of selling on Wall Street. The blue-chip CAC-40 index closed down 8.43 points, or 0.33 percent, at 2,566.13.</p>
<p>ZURICH - Shares recovered from a weak opening to close only slightly easier. Major investors stayed away from the market but Swiss shares drew some support from the firmer dollar and from short covering. Dealers said that although the market shrugged off Wall Street's losses the U.S. share market was likely to determine future developments. The Broad SPI lost 10.97 to end at 2,906.88.</p>
<p>TOKYO - Stocks lost ground as shares, especially in the construction sector, were hurt by sales aimed at dissolving cross-shareholdings. A sharp decline in Wall Street stocks on Friday invited selling of blue chips in Tokyo to collect profits, also accelerating the overall downturn. The 225-share Nikkei average shed 154.51 points to close at 17,692.47.</p>
<p>HONG KONG - Stocks fell to a sharply lower close, prompted by a drop on Wall Street and weakness in the local property market. The Hang Seng Index closed 220.63 points, or 1.76 percent, lower at 12,295.97, after clawing back some ground from a low of 12,264.76.</p>
<p>SYDNEY - Shares ended mildly weaker in a muted reaction to a sharp sell-off on Wall Street on Friday which followed a surprising jump in U.S. wholesale prices. The Australian Stock Exchange's benchmark All Ordinaries index ended 14.4 points lower at 2,366.1, well off its intra-day low of 2,349.1.</p>
<p>JOHANNESBURG - Anxiety over Wall Street and weak local bonds weighed shares which finished weaker. Dealers added that local shares were holding up well in the wake of the Dow's plunge on Friday. The all-share index fell 55.6 points to 6,966.4 and the industrial index shed 47.2 points to 8,166.8 points. The gold index was off 23.8 points at 1,283.</p>
</text>
<copyright>(c) Reuters Limited 1997</copyright>
<metadata>
<codes class="bip:countries:1.0">
  <code code="UK">
    <editdetail attribution="Reuters BIP Coding Group" action="confirmed" date="1997-04-14"/>
  </code>
</codes>
<codes class="bip:topics:1.0">
  <code code="M11">
    <editdetail attribution="Reuters BIP Coding Group" action="confirmed" date="1997-04-14"/>
  </code>
  <code code="MCAT">
    <editdetail attribution="Reuters BIP Coding Group" action="confirmed" date="1997-04-14"/>
  </code>
</codes>
<dc element="dc.date.created" value="1997-04-14"/>
<dc element="dc.publisher" value="Reuters Holdings Plc"/>
<dc element="dc.date.published" value="1997-04-14"/>
<dc element="dc.source" value="Reuters"/>
<dc element="dc.creator.location" value="LONDON"/>
<dc element="dc.creator.location.country.name" value="UK"/>
<dc element="dc.source" value="Reuters"/>
</metadata>
</newsitem>
