<?xml version="1.0" encoding="iso-8859-1" ?>
<newsitem itemid="505723" id="root" date="1997-04-14" xml:lang="en">
<title>LATVIA: ZILE SEES T-BILL RATES AS LOW - REPORT.</title>
<headline>ZILE SEES T-BILL RATES AS LOW - REPORT.</headline>
<dateline>RIGA 1997-04-14</dateline>
<text>
<p>Government Treasury bill rates are very low and may rise, Finance minister Robert Zile was reported as saying by Dienas Bizness newspaper on Monday.</p>
<p>He also repeated that at the end of April two-year T-bills will be issued and that five-year paper may come either at the end of 1996 or 1997.</p>
<p>&quot;I am not sure whether they will stay as low all the time and whether that is always so good, because falling refinancing rates influence tax debt issues and government income from taxes,&quot; Zile told the newspaper in an interview.</p>
<p>Zile was reported as saying that current tax rates are not going to be raised this year but collection would be improved.</p>
<p>&quot;At the moment, we can only speak about increasing the tax base but it will not happen this year,&quot; Zile said.</p>
<p>&quot;On May 16 we plan conceptually to review the income tax...creating a joint package of both company and individual income tax,&quot; Zile told the newspaper.</p>
<p>&quot;Nothing is going to be changed in the company income tax itself,&quot; he was reported as saying.</p>
<p>Zile also said that International Monetary Fund (IMF) was worried about levels of public investment.</p>
<p>&quot;They (the IMF) are ready to accept a budget deficit of 0.5 percent of GDP, rather than a stagnating situation, when investment levels do not grow,&quot; Zile added.</p>
<p>Zile also said the current situation shows a balanced budget was possible.</p>
<p>However, problems may arise with municipal budgets as individual income tax collection is lagging behind forecasts, which may be compensated from the basic budget.</p>
<p>-- Martinsh Gravitis, Riag Newsroom +371 721 5240</p>
</text>
<copyright>(c) Reuters Limited 1997</copyright>
<metadata>
<codes class="bip:countries:1.0">
  <code code="LATV">
    <editdetail attribution="Reuters BIP Coding Group" action="confirmed" date="1997-04-14"/>
  </code>
</codes>
<codes class="bip:topics:1.0">
  <code code="E21">
    <editdetail attribution="Reuters BIP Coding Group" action="confirmed" date="1997-04-14"/>
  </code>
  <code code="E212">
    <editdetail attribution="Reuters BIP Coding Group" action="confirmed" date="1997-04-14"/>
  </code>
  <code code="ECAT">
    <editdetail attribution="Reuters BIP Coding Group" action="confirmed" date="1997-04-14"/>
  </code>
  <code code="M12">
    <editdetail attribution="Reuters BIP Coding Group" action="confirmed" date="1997-04-14"/>
  </code>
  <code code="M13">
    <editdetail attribution="Reuters BIP Coding Group" action="confirmed" date="1997-04-14"/>
  </code>
  <code code="M131">
    <editdetail attribution="Reuters BIP Coding Group" action="confirmed" date="1997-04-14"/>
  </code>
  <code code="MCAT">
    <editdetail attribution="Reuters BIP Coding Group" action="confirmed" date="1997-04-14"/>
  </code>
</codes>
<dc element="dc.date.created" value="1997-04-14"/>
<dc element="dc.publisher" value="Reuters Holdings Plc"/>
<dc element="dc.date.published" value="1997-04-14"/>
<dc element="dc.source" value="Reuters"/>
<dc element="dc.creator.location" value="RIGA"/>
<dc element="dc.creator.location.country.name" value="LATVIA"/>
<dc element="dc.source" value="Reuters"/>
</metadata>
</newsitem>
