<?xml version="1.0" encoding="iso-8859-1" ?>
<newsitem itemid="505860" id="root" date="1997-04-14" xml:lang="en">
<title>NIGERIA: Nigeria traders shy away from new clearing system.</title>
<headline>Nigeria traders shy away from new clearing system.</headline>
<dateline>LAGOS 1997-04-14</dateline>
<text>
<p>Share dealers watched proceedings at the Nigerian stock market on Monday rather than trade as a new computerised clearing system went into operation, an official of the exchange said.</p>
<p>The Central Securities Clearing System was commissioned on April 8 and is expected to speed up share transactions and clear the way for a rush of foreign investors, according to the stock exchange authorities.</p>
<p>&quot;Only three brokers traded. Others watched to see how it would work out,&quot; Ndi Okereke-Onyuike, deputy director general of the bourse, told Reuters. &quot;Turnover was low as a result; about two million naira,&quot; she said.</p>
<p>On a normal day, at least 40 traders sell and buy shares. Average daily turnover exceeds 50 million naira.</p>
<p>Okereke-Onyuike said most trading houses chose to watch because they did not want to be guinea pigs for the system.</p>
<p>&quot;They (traders) did not believe they would be barred as we warned them unless they deposited share certificates to be traded with the clearing system,&quot; Okereke-Onyuike said.</p>
<p>None of the three houses who did business could be reached immediately for comments but those who failed to trade said they were apprehensive about the new system.</p>
<p>&quot;It is not that we did not have money in our accounts to trade. We were watching to see how it works out,&quot; dealer Chuks Ohanwusi of Networth Securities said.</p>
<p>Others said the new system meant added financial burden on them because of the cost of complying with the latest procedure for lodging certificates before trading them.</p>
<p>Okereke-Onyuike said she expected activities to improve as dealers became more comfortable with the new system.</p>
<p>&quot;People all over the world are usually apprehensive with a new system. Even the Canadians from whom we got it said they had the same experience with their own system,&quot; she added.</p>
<p>The clearing system, part financed with a United Nations Development Programme grant, is modelled after that of Alberta stock exchange in Canada.</p>
<p>($1=85 naira)</p>
<p>-- Lagos newsroom +234 1 263 03 17</p>
</text>
<copyright>(c) Reuters Limited 1997</copyright>
<metadata>
<codes class="bip:countries:1.0">
  <code code="NIGEA">
    <editdetail attribution="Reuters BIP Coding Group" action="confirmed" date="1997-04-14"/>
  </code>
</codes>
<codes class="bip:industries:1.0">
  <code code="I83100">
    <editdetail attribution="Reuters BIP Coding Group" action="confirmed" date="1997-04-14"/>
  </code>
</codes>
<codes class="bip:topics:1.0">
  <code code="C21">
    <editdetail attribution="Reuters BIP Coding Group" action="confirmed" date="1997-04-14"/>
  </code>
  <code code="CCAT">
    <editdetail attribution="Reuters BIP Coding Group" action="confirmed" date="1997-04-14"/>
  </code>
  <code code="M11">
    <editdetail attribution="Reuters BIP Coding Group" action="confirmed" date="1997-04-14"/>
  </code>
  <code code="MCAT">
    <editdetail attribution="Reuters BIP Coding Group" action="confirmed" date="1997-04-14"/>
  </code>
</codes>
<dc element="dc.date.created" value="1997-04-14"/>
<dc element="dc.publisher" value="Reuters Holdings Plc"/>
<dc element="dc.date.published" value="1997-04-14"/>
<dc element="dc.source" value="Reuters"/>
<dc element="dc.creator.location" value="LAGOS"/>
<dc element="dc.creator.location.country.name" value="NIGERIA"/>
<dc element="dc.source" value="Reuters"/>
</metadata>
</newsitem>
