<?xml version="1.0" encoding="iso-8859-1" ?>
<newsitem itemid="505853" id="root" date="1997-04-14" xml:lang="en">
<title>NIGERIA: Nigerian singer Fela sues drug agency over arrest.</title>
<headline>Nigerian singer Fela sues drug agency over arrest.</headline>
<dateline>LAGOS 1997-04-14</dateline>
<text>
<p>Maverick musician Fela Anikulapo-Kuti on Monday filed a suit at a Lagos court against Nigeria's anti-narcotics agency for his &quot;unlawful arrest and detention&quot;, his lawyer said.</p>
<p>Femi Falana said Fela was claiming 100 million naira ($1.2 million) in damages from the National Drug Law Enforcement Agency (NDLEA) for alleged violation of his human rights.</p>
<p>NDLEA officials stormed Fela's home and nightclub called &quot;The Shrine&quot; in Ikeja, a working class district in Lagos, last week and arrested the singer and 107 people for allegedly possessing large quantities of marijuana.</p>
<p>Falana, himself a fierce critic of the Nigerian military authorities, said Fela also wanted the court to ask NDLEA officers to vacate &quot;The Shrine&quot;. The suit named Major-General Musa Bamaiyi, who commands NDLEA.</p>
<p>Those arrested have been detained at NDLEA headquarters Bamaiyi said at a news conference last Friday that after investigation action which he did not specity would be taken against them.</p>
<p>He said his agency had tried to give Fela counselling for his drug habit.</p>
<p>At the same news conference, Fela who was handcuffed said what he smoked was &quot;grass&quot; and not drugs.</p>
<p>&quot;I have been smoking for 40 years. It helps my music. People know I smoke worldwide. It is not drugs, it is grass,&quot; he said.</p>
<p>Afro-beat superstar Fela, 58, is no stranger to controversy -- or to the jail cell. He has a reputation for openly smoking marijuana and dressing only in his underpants.</p>
<p>Fela was in the past critical of Nigeria's military rulers, but recently he has been a recluse at &quot;The Shrine&quot;, occasionally performing in musical shows.</p>
<p>($1 = 85 naira)</p>
</text>
<copyright>(c) Reuters Limited 1997</copyright>
<metadata>
<codes class="bip:countries:1.0">
  <code code="NIGEA">
    <editdetail attribution="Reuters BIP Coding Group" action="confirmed" date="1997-04-14"/>
  </code>
</codes>
<codes class="bip:topics:1.0">
  <code code="GCAT">
    <editdetail attribution="Reuters BIP Coding Group" action="confirmed" date="1997-04-14"/>
  </code>
  <code code="GCRIM">
    <editdetail attribution="Reuters BIP Coding Group" action="confirmed" date="1997-04-14"/>
  </code>
  <code code="GENT">
    <editdetail attribution="Reuters BIP Coding Group" action="confirmed" date="1997-04-14"/>
  </code>
  <code code="GPRO">
    <editdetail attribution="Reuters BIP Coding Group" action="confirmed" date="1997-04-14"/>
  </code>
</codes>
<dc element="dc.date.created" value="1997-04-14"/>
<dc element="dc.publisher" value="Reuters Holdings Plc"/>
<dc element="dc.date.published" value="1997-04-14"/>
<dc element="dc.source" value="Reuters"/>
<dc element="dc.creator.location" value="LAGOS"/>
<dc element="dc.creator.location.country.name" value="NIGERIA"/>
<dc element="dc.source" value="Reuters"/>
</metadata>
</newsitem>
