<?xml version="1.0" encoding="iso-8859-1" ?>
<newsitem itemid="505830" id="root" date="1997-04-14" xml:lang="en">
<title>CANADA: Canada daily lumber export figures to U.S.</title>
<headline>Canada daily lumber export figures to U.S.</headline>
<dateline>OTTAWA 1997-04-14</dateline>
<text>
<p>Canada softwood lumber exports to the United States as of 0001 EST on April 12 in board feet, according to data from the Canadian Department of Foreign Affairs and International Trade:</p>
<p>		   For the April 1 - June 30 quarter:</p>
<p>Province   BC	 Alberta     Ontario    Quebec     Total</p>
<p>bonus     0.06 mln   0.10 mln   7.14 mln  9.45 mln   16.76 mln</p>
<p>EB	111.79 mln  14.52 mln  15.05 mln 32.98 mln  174.35 mln</p>
<p>LFB	  --	    --	  --	 0.004 mln  0.004 mln</p>
<p>UFB	 0.51 mln   0.09 mln    --	 --	   0.60 mln</p>
<p>Total   112.36 mln  14.72 mln  22.19 mln 42.44 mln 191.71 mln</p>
<p>Pct exported: EB - 1.18  LFB - n/a  </p>
<p>For the Jan 1 - March 31 quarter (figures as of April 5):</p>
<p>Province   BC	 Alberta     Ontario    Quebec     Total</p>
<p>bonus    17.47 mln  11.37 mln   9.69 mln  49.07 mln  87.59 mln</p>
<p>EB	 1.601 bln 188.90 mln 280.29 mln 529.60 mln  2.600 bln</p>
<p>LFB     193.69 mln  16.98 mln  35.84 mln  68.09 mln 314.60 mln</p>
<p>UFB     187.81 mln  19.68 mln  56.15 mln 167.73 mln 431.38 mln</p>
<p>Total    2.000 bln 236.93 mln 381.96 mln 814.49 mln  3.433 bln</p>
<p>Pct exported: EB - 17.68, LFB - 48.39  </p>
<p>		   April 1, 1996 - April 5, 1997:</p>
<p>Province   BC	 Alberta     Ontario    Quebec    Total</p>
<p>bonus   23.66 mln   19.01 mln  18.71 mln  99.92 mln 161.30 mln</p>
<p>EB	8.317 bln   1.122 bln  1.638 bln  3.519 bln 14.596 bln</p>
<p>LFB    256.74 mln   32.56 mln  70.43 mln 153.28 mln 513.01 mln</p>
<p>UFB    194.71 mln   31.98 mln  61.31 mln 199.81 mln 487.83 mln</p>
<p>Total   8.792 bln   1.205 bln  1.789 bln  3.972 bln 15.758 bln</p>
<p>Pct exported: EB - 99.29, LFB - 78.92.</p>
<p>Source: Export and Import Controls Bureau, Department of Foreign Affairs and International Trade.</p>
<p>NOTE: EB = established base shipments, LFB = lower fee base, UFB = upper base fee.  </p>
<p>NOTE: EB = established base shipments, LFB = lower fee base, UFB = upper base fee.</p>
<p>From April 1, 1997, Canadian lumber exports which exceed quarterly or annual quotas are subject to export fees. Exports above 14.7 billion board feet annually or 4.226 billion board feet quarterly are subject to US$50 fee for every 1,000 board feet. If such excess exports exceed 650 million board feet, they are subject to a US$100 fee for every 1,000 board feet.</p>
<p>Export quotas are allocated for each province on a company-by-company basis. Shippers who have not been given an allocation are subject to the US$100 fee for any lumber they export.</p>
<p>This export data is based on Canadian export permits. There is about a one-week lag between the entry of lumber into the United States and the application for a Canadian permit.</p>
<p>((Reuters Ottawa Bureau (613) 235-6745))</p>
</text>
<copyright>(c) Reuters Limited 1997</copyright>
<metadata>
<codes class="bip:countries:1.0">
  <code code="CANA">
    <editdetail attribution="Reuters BIP Coding Group" action="confirmed" date="1997-04-14"/>
  </code>
  <code code="USA">
    <editdetail attribution="Reuters BIP Coding Group" action="confirmed" date="1997-04-14"/>
  </code>
</codes>
<codes class="bip:industries:1.0">
  <code code="I02000">
    <editdetail attribution="Reuters BIP Coding Group" action="confirmed" date="1997-04-14"/>
  </code>
</codes>
<codes class="bip:topics:1.0">
  <code code="C31">
    <editdetail attribution="Reuters BIP Coding Group" action="confirmed" date="1997-04-14"/>
  </code>
  <code code="C312">
    <editdetail attribution="Reuters BIP Coding Group" action="confirmed" date="1997-04-14"/>
  </code>
  <code code="CCAT">
    <editdetail attribution="Reuters BIP Coding Group" action="confirmed" date="1997-04-14"/>
  </code>
  <code code="M14">
    <editdetail attribution="Reuters BIP Coding Group" action="confirmed" date="1997-04-14"/>
  </code>
  <code code="M141">
    <editdetail attribution="Reuters BIP Coding Group" action="confirmed" date="1997-04-14"/>
  </code>
  <code code="MCAT">
    <editdetail attribution="Reuters BIP Coding Group" action="confirmed" date="1997-04-14"/>
  </code>
</codes>
<dc element="dc.date.created" value="1997-04-14"/>
<dc element="dc.publisher" value="Reuters Holdings Plc"/>
<dc element="dc.date.published" value="1997-04-14"/>
<dc element="dc.source" value="Reuters"/>
<dc element="dc.creator.location" value="OTTAWA"/>
<dc element="dc.creator.location.country.name" value="CANADA"/>
<dc element="dc.source" value="Reuters"/>
</metadata>
</newsitem>
