<?xml version="1.0" encoding="iso-8859-1" ?>
<newsitem itemid="505877" id="root" date="1997-04-14" xml:lang="en">
<title>SENEGAL: Senegal school students clash with police.</title>
<headline>Senegal school students clash with police.</headline>
<dateline>DAKAR 1997-04-14</dateline>
<text>
<p>High school students in Senegal's capital Dakar boycotted classes and clashed with police on Monday during a protest to demand the release of their mid-term reports, witnesses said.</p>
<p>Police, who used teargas to disperse the students, made an unspecified number of arrests. Students in other Senegalese cities also boycotted classes on Monday.</p>
<p>Teachers have been withholding the reports since February as part of their own dispute with the government over demands for improved working conditions.</p>
<p>&quot;We sat for a mid-term examination and now we want to know our term's report. Our teachers should not use us in their fight with the authorities,&quot; Pape Mbengue, a student representative, told reporters.</p>
</text>
<copyright>(c) Reuters Limited 1997</copyright>
<metadata>
<codes class="bip:countries:1.0">
  <code code="SENEG">
    <editdetail attribution="Reuters BIP Coding Group" action="confirmed" date="1997-04-14"/>
  </code>
</codes>
<codes class="bip:topics:1.0">
  <code code="GCAT">
    <editdetail attribution="Reuters BIP Coding Group" action="confirmed" date="1997-04-14"/>
  </code>
  <code code="GVIO">
    <editdetail attribution="Reuters BIP Coding Group" action="confirmed" date="1997-04-14"/>
  </code>
</codes>
<dc element="dc.date.created" value="1997-04-14"/>
<dc element="dc.publisher" value="Reuters Holdings Plc"/>
<dc element="dc.date.published" value="1997-04-14"/>
<dc element="dc.source" value="Reuters"/>
<dc element="dc.creator.location" value="DAKAR"/>
<dc element="dc.creator.location.country.name" value="SENEGAL"/>
<dc element="dc.source" value="Reuters"/>
</metadata>
</newsitem>
