<?xml version="1.0" encoding="iso-8859-1" ?>
<newsitem itemid="505813" id="root" date="1997-04-14" xml:lang="en">
<title>REPUBLIC OF IRELAND: Soccer-League of Ireland results/standings.</title>
<headline>Soccer-League of Ireland results/standings.</headline>
<dateline>DUBLIN 1997-04-14</dateline>
<text>
<p>Results of League of Ireland premier division soccer matches on Sunday:</p>
<p>  Cork City     0    Home Farm Everton    0</p>
<p>  UCD	     3    Dundalk		   1</p>
<p>Standings</p>
<p> 1. Derry City	     29 17  9  3  50  22  60</p>
<p> 2. Shelbourne	     29 15  8  6  49  27  53</p>
<p> 3. Bohemians		29 14  8  7  38  28  50</p>
<p> 4. St Patricks Athletic 30 11 14  5  38  28  47</p>
<p> 5. Cork City		30 13  8  9  30  23  47</p>
<p> 6. Sligo Rovers	   30 11 10  9  37  36  43</p>
<p> 7. UCD			31 12  6 13  33  37  42</p>
<p> 8. Shamrock Rovers	29  9 10 10  38  42  37</p>
<p> 9. Finn Harps	     30  9  8 13  35  37  35</p>
<p>10. Dundalk		  31  8  9 14  31  46  33</p>
<p>11. Bray Wanderers	 29  5  6 18  27  52  21</p>
<p>12. Home Farm Everton    31  2 10 19  22  50  16</p>
</text>
<copyright>(c) Reuters Limited 1997</copyright>
<metadata>
<codes class="bip:countries:1.0">
  <code code="IRE">
    <editdetail attribution="Reuters BIP Coding Group" action="confirmed" date="1997-04-14"/>
  </code>
</codes>
<codes class="bip:topics:1.0">
  <code code="GCAT">
    <editdetail attribution="Reuters BIP Coding Group" action="confirmed" date="1997-04-14"/>
  </code>
  <code code="GSPO">
    <editdetail attribution="Reuters BIP Coding Group" action="confirmed" date="1997-04-14"/>
  </code>
</codes>
<dc element="dc.date.created" value="1997-04-14"/>
<dc element="dc.publisher" value="Reuters Holdings Plc"/>
<dc element="dc.date.published" value="1997-04-14"/>
<dc element="dc.source" value="Reuters"/>
<dc element="dc.creator.location" value="DUBLIN"/>
<dc element="dc.creator.location.country.name" value="REPUBLIC OF IRELAND"/>
<dc element="dc.source" value="Reuters"/>
</metadata>
</newsitem>
