<?xml version="1.0" encoding="iso-8859-1" ?>
<newsitem itemid="505837" id="root" date="1997-04-14" xml:lang="en">
<title>CANADA: CBRS reaffirms Great Lakes Power ratings.</title>
<headline>CBRS reaffirms Great Lakes Power ratings.</headline>
<dateline>TORONTO 1997-04-14</dateline>
<text>
<p>Canadian Bond Rating Service said on Monday in its year-end review that it had reaffirmed an A-1 credit rating on commercial paper issued by Great Lakes Power Inc.</p>
<p>CBRS also reaffirmed its B++ rating on Great Lakes' senior unsecured debentures and added that the company's overall rating outlook remained stable.</p>
<p>&quot;The commercial paper rating is based on a C$100-million authorized borrowing limit and supported by C$100 million in committed bank lines and about C$130 million in cash flow,&quot; CBRS said.</p>
<p>CBRS also said the unchanged ratings reflected Great Lakes quality utility assets, conservative balance sheet and earnings and cash-flow diversity.</p>
<p>&quot;As well, competitive electric rates and the improved financial and business condition of Great Lakes' major industrial customers has also enhanced the company's credit position and rating outlook,&quot; CBRS said.</p>
<p>Great Lakes reduced its short-term earlier this year with the C$194-million sale of 6.4 million shares of Brascan Ltd.</p>
<p>((Paul Simao, Reuters Toronto Bureau (416) 941-8104))</p>
</text>
<copyright>(c) Reuters Limited 1997</copyright>
<metadata>
<codes class="bip:countries:1.0">
  <code code="CANA">
    <editdetail attribution="Reuters BIP Coding Group" action="confirmed" date="1997-04-14"/>
  </code>
</codes>
<codes class="bip:industries:1.0">
  <code code="I83100">
    <editdetail attribution="Reuters BIP Coding Group" action="confirmed" date="1997-04-14"/>
  </code>
</codes>
<codes class="bip:topics:1.0">
  <code code="C17">
    <editdetail attribution="Reuters BIP Coding Group" action="confirmed" date="1997-04-14"/>
  </code>
  <code code="C174">
    <editdetail attribution="Reuters BIP Coding Group" action="confirmed" date="1997-04-14"/>
  </code>
  <code code="CCAT">
    <editdetail attribution="Reuters BIP Coding Group" action="confirmed" date="1997-04-14"/>
  </code>
</codes>
<dc element="dc.date.created" value="1997-04-14"/>
<dc element="dc.publisher" value="Reuters Holdings Plc"/>
<dc element="dc.date.published" value="1997-04-14"/>
<dc element="dc.source" value="Reuters"/>
<dc element="dc.creator.location" value="TORONTO"/>
<dc element="dc.creator.location.country.name" value="CANADA"/>
<dc element="dc.source" value="Reuters"/>
</metadata>
</newsitem>
