<?xml version="1.0" encoding="iso-8859-1" ?>
<newsitem itemid="505808" id="root" date="1997-04-14" xml:lang="en">
<title>UK: Funds worried that &quot;world equity party&quot; over - poll.</title>
<headline>Funds worried that &quot;world equity party&quot; over - poll.</headline>
<dateline>LONDON 1997-04-14</dateline>
<text>
<p>Fund managers are concerned that rising short term interest rates will bring an end to the bull run in world equity markets, a Merrill Lynch survey said.</p>
<p>The poll by Gallup in early April said the move last month in the U.S. to raise Fed Funds rate by 25 basis points has had far-reaching effects.</p>
<p>&quot;Fund managers around the world seem increasingly worried that rising short term interest rates will bring the world equity party to an abrupt end this year,&quot; the survey said.</p>
<p>It said two-thirds of U.S. fund managers expect further limited Fed activity and in the UK all of the managers surveyed said they expect base rates to rise in the coming year.</p>
<p>In Europe and Japan, there has been an increase in the number of managers expecting the central banks to tighten monetary policy.</p>
<p>But the survey said that instead of piling into cash, managers appeared to have become more selective in their country selection.</p>
<p>&quot;The shift in investment intentions is visible in all the regions of our survey,&quot; it said.</p>
<p>Managers are keener to buy Japanese equities, and are less keen to increase their exposure to the Pacific Basin, reflecting the historic link between rising Fed Funds and falling equity prices in Hong Kong, and also the low correlation between Wall Street and the Nikkei.</p>
<p>The survey said the Fed rise had caused U.S. managers to become more bearish on the outlook for domestic equities, with bears outnumbering bulls by 37 percent on a three month view against 22 percent last month.</p>
<p>It said U.S. managers were net buyers of U.S. Treasury Bonds, and continued to look favourably on Latin American equities.</p>
<p>They were increased buyers of continental European and Japanese equities and net buyers of UK equities for the first time since the January survey. Demand for Pacific Basin equities was drying up, Merrill said.</p>
<p>Among sectors, U.S. managers were still favouring financials, with sentiment towards technology stocks easing further and utilities and building cyclicals least liked.</p>
<p>-- Andrew Gill, London newsroon +171 542 5887</p>
</text>
<copyright>(c) Reuters Limited 1997</copyright>
<metadata>
<codes class="bip:countries:1.0">
  <code code="UK">
    <editdetail attribution="Reuters BIP Coding Group" action="confirmed" date="1997-04-14"/>
  </code>
</codes>
<codes class="bip:topics:1.0">
  <code code="M11">
    <editdetail attribution="Reuters BIP Coding Group" action="confirmed" date="1997-04-14"/>
  </code>
  <code code="M12">
    <editdetail attribution="Reuters BIP Coding Group" action="confirmed" date="1997-04-14"/>
  </code>
  <code code="M13">
    <editdetail attribution="Reuters BIP Coding Group" action="confirmed" date="1997-04-14"/>
  </code>
  <code code="M131">
    <editdetail attribution="Reuters BIP Coding Group" action="confirmed" date="1997-04-14"/>
  </code>
  <code code="MCAT">
    <editdetail attribution="Reuters BIP Coding Group" action="confirmed" date="1997-04-14"/>
  </code>
</codes>
<dc element="dc.date.created" value="1997-04-14"/>
<dc element="dc.publisher" value="Reuters Holdings Plc"/>
<dc element="dc.date.published" value="1997-04-14"/>
<dc element="dc.source" value="Reuters"/>
<dc element="dc.creator.location" value="LONDON"/>
<dc element="dc.creator.location.country.name" value="UK"/>
<dc element="dc.source" value="Reuters"/>
</metadata>
</newsitem>
