<?xml version="1.0" encoding="iso-8859-1" ?>
<newsitem itemid="505865" id="root" date="1997-04-14" xml:lang="en">
<title>ZIMBABWE: Kenya expects oil industry reform plan by August.</title>
<headline>Kenya expects oil industry reform plan by August.</headline>
<byline>Cris Chinaka</byline>
<dateline>HARARE 1997-04-14</dateline>
<text>
<p>Kenya said on Monday it hopes to unveil by August a multi-million-dollar plan to upgrade its oil refineries in Mombasa and to develop its oil procurement and distribution system.</p>
<p>Energy Minister Kirugi M'Mukundia told an African oil trade conference that his east African country -- a net oil importer -- would also welcome greater private sector investment and regional cooperation in the programme, which he estimated would cost up to $500 million in the next five to 10 years.</p>
<p>But he said President Daniel arap Moi's government would &quot;not completely wash off its hands but play a regulatory role&quot; in the procurement, storage and distribution industry.</p>
<p>&quot;In principle, if we are assured of security of supply and price competitiveness, we have no problem with a big private sector role and involvement,&quot; he said.</p>
<p>&quot;We may differ sometimes on matters of detail, but even there we are open to negotiations to ensure there is development. We are currently working on a comprehensive plan and it should be ready by August,&quot; he said when he outlined business opportunities offered by Kenya's deregulation plans.</p>
<p>In a rough sketch of the programme, M'Mukundia said private investors would have a chance to participate in upgrading Kenya's oil refinery facilities at the Indian Ocean port city of Mombasa, ugrading the country's oil pipeline and in expanding business in neighbouring markets such as Uganda, Rwanda, Burundi, southern Sudan and eastern Zaire.</p>
<p>The minister said the new development programme would be flexible enough to allow fast business decisions, as the Kenyan government had wanted to upgrade the Mombasa facilities &quot;years and long ago&quot;, while its private sector partners had dragged their feet on the issue.</p>
<p>Kenya, he said, would also establish a regulatory body to oversee the deregulation process and to supervise the whole oil industry.</p>
<p>M'Mukundia said the oil procurement, refinery and distribution industry in East Africa would greatly benefit from regional cooperation and joint projects.</p>
<p>&quot;There is certainly room for joint investments and general cooperation,&quot; he said.</p>
<p>---Harare Newsroom: +263-4 72 52 27/8/9</p>
</text>
<copyright>(c) Reuters Limited 1997</copyright>
<metadata>
<codes class="bip:countries:1.0">
  <code code="KENYA">
    <editdetail attribution="Reuters BIP Coding Group" action="confirmed" date="1997-04-14"/>
  </code>
</codes>
<codes class="bip:industries:1.0">
  <code code="I14000">
    <editdetail attribution="Reuters BIP Coding Group" action="confirmed" date="1997-04-14"/>
  </code>
</codes>
<codes class="bip:topics:1.0">
  <code code="C13">
    <editdetail attribution="Reuters BIP Coding Group" action="confirmed" date="1997-04-14"/>
  </code>
  <code code="C24">
    <editdetail attribution="Reuters BIP Coding Group" action="confirmed" date="1997-04-14"/>
  </code>
  <code code="CCAT">
    <editdetail attribution="Reuters BIP Coding Group" action="confirmed" date="1997-04-14"/>
  </code>
</codes>
<dc element="dc.date.created" value="1997-04-14"/>
<dc element="dc.publisher" value="Reuters Holdings Plc"/>
<dc element="dc.date.published" value="1997-04-14"/>
<dc element="dc.source" value="Reuters"/>
<dc element="dc.creator.location" value="HARARE"/>
<dc element="dc.creator.location.country.name" value="ZIMBABWE"/>
<dc element="dc.source" value="Reuters"/>
</metadata>
</newsitem>
