<?xml version="1.0" encoding="iso-8859-1" ?>
<newsitem itemid="505936" id="root" date="1997-04-14" xml:lang="en">
<title>RUSSIA: Dozens hurt by toxic leak at Russia nuclear plant.</title>
<headline>Dozens hurt by toxic leak at Russia nuclear plant.</headline>
<dateline>MOSCOW 1997-03-14</dateline>
<text>
<p>Forty-three people were taken to hospital after a leak of toxic material at a nuclear centre at Nizhny Novgorod, east of Moscow, Itar-tass news agency said on Monday.</p>
<p>It quoted local civil defence officials as saying that the accident occurred on Sunday when the toxic substance, cadmium dimethyl, leaked at a plant belonging to the Sarovo nuclear centre.</p>
<p>Emergencies Ministry spokeswoman Marina Ryklina was quoted as saying that a seal had failed on an air-tight line in one of the working rooms.</p>
<p>Fifteen of the 43 people admitted to hospital were diagnosed as having &quot;slightly damaged upper respiratory tracts&quot;, the agency said. Officials were not immediately available for comment on the report, which gave no further details.</p>
<p>Environmental hazards are widespread in Russia, where communist-era central planning paid scant regard to the possible effects of pollution and today's authorities, struggling with an economic crisis, have few funds to spare on improving standards.</p>
<p>The international environmental group Greenpeace said on Monday that dangerous dioxins from chemical plants, factories and burning rubbish dumps were poisoning nearly three quarters of Russia, making it one of the world's most polluted countries.</p>
</text>
<copyright>(c) Reuters Limited 1997</copyright>
<metadata>
<codes class="bip:countries:1.0">
  <code code="RUSS">
    <editdetail attribution="Reuters BIP Coding Group" action="confirmed" date="1997-04-14"/>
  </code>
</codes>
<codes class="bip:industries:1.0">
  <code code="I1610109">
    <editdetail attribution="Reuters BIP Coding Group" action="confirmed" date="1997-04-14"/>
  </code>
</codes>
<codes class="bip:topics:1.0">
  <code code="C24">
    <editdetail attribution="Reuters BIP Coding Group" action="confirmed" date="1997-04-14"/>
  </code>
  <code code="CCAT">
    <editdetail attribution="Reuters BIP Coding Group" action="confirmed" date="1997-04-14"/>
  </code>
  <code code="GCAT">
    <editdetail attribution="Reuters BIP Coding Group" action="confirmed" date="1997-04-14"/>
  </code>
  <code code="GENV">
    <editdetail attribution="Reuters BIP Coding Group" action="confirmed" date="1997-04-14"/>
  </code>
</codes>
<dc element="dc.date.created" value="1997-03-14"/>
<dc element="dc.publisher" value="Reuters Holdings Plc"/>
<dc element="dc.date.published" value="1997-04-14"/>
<dc element="dc.source" value="Reuters"/>
<dc element="dc.creator.location" value="MOSCOW"/>
<dc element="dc.creator.location.country.name" value="RUSSIA"/>
<dc element="dc.source" value="Reuters"/>
</metadata>
</newsitem>
