<?xml version="1.0" encoding="iso-8859-1" ?>
<newsitem itemid="505939" id="root" date="1997-04-14" xml:lang="en">
<title>BOSNIA: Pope brings a little hope to gloomy Sarajevo.</title>
<headline>Pope brings a little hope to gloomy Sarajevo.</headline>
<byline>Dan De Luce</byline>
<dateline>SARAJEVO 1997-04-14</dateline>
<text>
<p>Pope John Paul's historic weekend visit to Bosnia brought a glimmer of hope to battle-scarred Sarajevo after a gloomy year of political tensions and poverty.</p>
<p>For two days, nationalist propaganda was overtaken by Papal appeals for reconciliation and tolerance.</p>
<p>Workers spruced up dirty city streets and pilgrims were able to travel across ethnic boundaries to attend an open-air mass in Sarajevo.</p>
<p>&quot;Bosnia was together again,&quot; the daily Oslobodjenje wrote on Monday.</p>
<p>The Pope's message of solidarity bouyed many Sarajevans, who had little to cheer about this winter.</p>
<p>More than a year after the war ended, refugees are still barred from returning to their homes and officials use their police forces police to maintain division among rival ethnic communities.</p>
<p>A new inter-ethnic government meets but its Serb, Croat and Moslem represenatives cannot agree on any major issue.</p>
<p>Reconstruction, hampered by political paralysis in Bosnia and economic troubles in the West, has moved slowly. Thousands of pensioners still queue up at soup kitchens and at least half the work force in Bosnia is unemployed.</p>
<p>The city lost gas heating this month because Moslem and Serb politicians cannot agree how to pay an outstanding debt to a Russian gas company.</p>
<p>While foreign troops, diplomats and aid workers have descended on the country to build the peace, most talented young Bosnians have given up on their country and emigrated.</p>
<p>In the weeks leading up to the Pope's visit, Bosnian Moslem leaders opened a public discussion questioning whether it was still realistic to pursue a multi-ethnic ideal.</p>
<p>The Pope's outspoken support for restoring Bosnia's cultural diversity came as a welcome relief to moderates struggling to keep the goal of co-existence alive.</p>
<p>Bosnian Cardinal Vinko Puljic, who has spoken out against religious intolerance, told reporters on Monday the church would work to carry out the Pope's words.</p>
<p>&quot;The Pope spoke about things that need to be done. And the church will understand that seriously as the message from its leader to work on the path of reconciliation,&quot; Puljic said.</p>
<p>Many feared that the Pope's visit might not be enough to undo the firmly entrenched nationalism whipped up over the past five years.</p>
<p>&quot;But how long will the light created by his visit last?&quot; asked a commentary in Oslobodjenje. &quot;Shall we listen to the message that the urge to revenge should give way to forgiveness?&quot;</p>
<p>There was no warm welcome for the Pope in Bosnian Serb territory, where many Orthodox Christian Serbs resent the Vatican for recognising Bosnian statehood.</p>
<p>Hardline Serb nationalist Momcilo Krajisnik, a member of the collective presidency, told the Pope that he supported appeals for reconciliation.</p>
<p>But Krajisnik drew a different interpretation of reconciliation than his Moslem rivals.</p>
<p>He said in a speech that reconciliation was preferable to talk of pursuing war crime suspects indicted by a U.N. tribunal.</p>
<p>&quot;A political witch-hunt against alleged war criminals must be replaced by a policy of reconciliation and forgiveness...&quot; he said.</p>
<p>Krajisnik and other Serb leaders have refused to hand over indicted war criminal Radovan Karadzic, the former Bosnian Serb president who still wields influence in Serb territory.</p>
</text>
<copyright>(c) Reuters Limited 1997</copyright>
<metadata>
<codes class="bip:countries:1.0">
  <code code="BSHZG">
    <editdetail attribution="Reuters BIP Coding Group" action="confirmed" date="1997-04-14"/>
  </code>
</codes>
<codes class="bip:topics:1.0">
  <code code="GCAT">
    <editdetail attribution="Reuters BIP Coding Group" action="confirmed" date="1997-04-14"/>
  </code>
  <code code="GREL">
    <editdetail attribution="Reuters BIP Coding Group" action="confirmed" date="1997-04-14"/>
  </code>
  <code code="GVIO">
    <editdetail attribution="Reuters BIP Coding Group" action="confirmed" date="1997-04-14"/>
  </code>
</codes>
<dc element="dc.date.created" value="1997-04-14"/>
<dc element="dc.publisher" value="Reuters Holdings Plc"/>
<dc element="dc.date.published" value="1997-04-14"/>
<dc element="dc.source" value="Reuters"/>
<dc element="dc.creator.location" value="SARAJEVO"/>
<dc element="dc.creator.location.country.name" value="BOSNIA"/>
<dc element="dc.source" value="Reuters"/>
</metadata>
</newsitem>
