<?xml version="1.0" encoding="iso-8859-1" ?>
<newsitem itemid="505942" id="root" date="1997-04-14" xml:lang="en">
<title>RUSSIA: Yeltsin fires tax head, railways minister.</title>
<headline>Yeltsin fires tax head, railways minister.</headline>
<dateline>MOSCOW 1997-04-14</dateline>
<text>
<p>President Boris Yeltsin dismissed the head of the tax service on Monday and replaced the railways minister and a deputy foreign minister, the Kremlin press service said.</p>
<p>The sackings were the latest steps in a far-reaching government reshuffle initiated by Yeltsin in February in a bid to give a new push to market reforms and policy which drifted while he suffered heart problems last year.</p>
<p>Vitaly Artyukhov, head of the Russian State Tax Service, resigned last week, saying his position had become unclear following a series of sweeping changes to the Russian government's economic team.</p>
<p>Many officials have blamed government budget woes and other problems on inefficient tax collection, which is more than 40 percent behind schedule this year.</p>
<p>Yeltsin did not name a replacement in his decree dismissing Artyuhkov, which, like those dealing with the other personnel changes, mentioned only that the officials were being dismissed &quot;in connection with their transfer to other jobs.&quot;</p>
<p>Nikolai Aksenenko was appointed Railways Minister, replacing Anatoly Zaitsev, who had previously run the state rail system.</p>
<p>In a separate decree, Ivan Sergeyev, previously an administrator overseeing services to foreign diplomats in Russia, was named deputy foreign minister replacing Ivan Kuznetsov.</p>
<p>Foreign Minister Yevgeny Primakov has survived the reshuffle and even won praise from Yeltsin on Monday, but long-term presidential foreign policy aide Dmitry Rurikov was swept away in the wave of personnel changes.</p>
</text>
<copyright>(c) Reuters Limited 1997</copyright>
<metadata>
<codes class="bip:countries:1.0">
  <code code="RUSS">
    <editdetail attribution="Reuters BIP Coding Group" action="confirmed" date="1997-04-14"/>
  </code>
</codes>
<codes class="bip:topics:1.0">
  <code code="GCAT">
    <editdetail attribution="Reuters BIP Coding Group" action="confirmed" date="1997-04-14"/>
  </code>
  <code code="GPOL">
    <editdetail attribution="Reuters BIP Coding Group" action="confirmed" date="1997-04-14"/>
  </code>
</codes>
<dc element="dc.date.created" value="1997-04-14"/>
<dc element="dc.publisher" value="Reuters Holdings Plc"/>
<dc element="dc.date.published" value="1997-04-14"/>
<dc element="dc.source" value="Reuters"/>
<dc element="dc.creator.location" value="MOSCOW"/>
<dc element="dc.creator.location.country.name" value="RUSSIA"/>
<dc element="dc.source" value="Reuters"/>
</metadata>
</newsitem>
