<?xml version="1.0" encoding="iso-8859-1" ?>
<newsitem itemid="505980" id="root" date="1997-04-14" xml:lang="en">
<title>HUNGARY: Hungarian share market weaker, Gardenia has rise.</title>
<headline>Hungarian share market weaker, Gardenia has rise.</headline>
<dateline>BUDAPEST 1997-04-14</dateline>
<text>
<p>Hungarian share prices closed mostly lower on Monday as Friday's fall on Wall Street left its impact on the market, traders said.</p>
<p>The BUX index closed at 5,442.59 points, down 57.67.</p>
<p>&quot;We felt the impact of the U.S. market,&quot; said Balazs Bathory of Creditanstalt Securities. &quot;There isn't a selling pressure on the market but the buying side is rather weak, I think mainly due to the Friday's weakness of the U.S. market.&quot;</p>
<p>BUX futures settlement prices fell for all maturities, by between 63.00 and 85.50 points, with intraday clearings due to too rapid falls for March and December 1998 maturities.</p>
<p>The March maturity BUX fell 1,035 points, but the figure was due to human error, a BSE official said.</p>
<p>&quot;BUX futures prices reflect uncertainty, everybody is waiting for the MOL and Richter issue, thus for an upward move,&quot; said Gyorgy Durucz of WestLB Investment.</p>
<p>&quot;But there's uncertainty also because of the Dow,&quot; he said.</p>
<p>Spot share turnover totalled 2.14 billion forints, bolstered by block deals in MOL and OTP Bank, but traders said MOL generated good local demand as well.</p>
<p>MOL closed at 3,025 forints, down 35. OTP dipped five forints to 4,050.</p>
<p>While most stocks traded lower, a handful of shares bucked the trend, including plastics maker Pannonplast which hit a new record high of 8,730 forints before retreating to close unchanged at 8,700 forints.</p>
<p>The market's newcomer, curtain factory Gardenia began to trade amid rising prices. In a volume of 30,000 stocks, Gardenia closed at 1,765 forints, above its issue price of 1,465.</p>
<p>Analysts said the Dow's movements will remain a key driving factor for the Hungarian share market, which is the most sensitive in the region to changes on Wall Street, but the Dow's impact is likely to be reversed by earnings reports.</p>
<p>&quot;If the results prove to be positive, the Hungarian market can become independent from international trends,&quot; said Rudi Voros, analyst at ICE Securities in London.</p>
</text>
<copyright>(c) Reuters Limited 1997</copyright>
<metadata>
<codes class="bip:countries:1.0">
  <code code="HUNG">
    <editdetail attribution="Reuters BIP Coding Group" action="confirmed" date="1997-04-14"/>
  </code>
</codes>
<codes class="bip:topics:1.0">
  <code code="M11">
    <editdetail attribution="Reuters BIP Coding Group" action="confirmed" date="1997-04-14"/>
  </code>
  <code code="MCAT">
    <editdetail attribution="Reuters BIP Coding Group" action="confirmed" date="1997-04-14"/>
  </code>
</codes>
<dc element="dc.date.created" value="1997-04-14"/>
<dc element="dc.publisher" value="Reuters Holdings Plc"/>
<dc element="dc.date.published" value="1997-04-14"/>
<dc element="dc.source" value="Reuters"/>
<dc element="dc.creator.location" value="BUDAPEST"/>
<dc element="dc.creator.location.country.name" value="HUNGARY"/>
<dc element="dc.source" value="Reuters"/>
</metadata>
</newsitem>
