<?xml version="1.0" encoding="iso-8859-1" ?>
<newsitem itemid="505982" id="root" date="1997-04-14" xml:lang="en">
<title>CZECH REPUBLIC: Direct bond trades on the Czech PSE - April 14.</title>
<headline>Direct bond trades on the Czech PSE - April 14.</headline>
<dateline>PRAGUE 1997-04-14</dateline>
<text>
<p>The following is a list of direct bond trades made on the Prague Stock Exchange:</p>
<p> ISSUE		    Min. Price  Max. Price  Volume  Turnover</p>
<p> BANKA HANA 13/97	   98.50     98.55	2256   23170.692</p>
<p> BENZINA 12,7/00	   100.39    100.39	 200    2158.283</p>
<p> CEZ 10,90/01		 99.48     99.54	 600    6497.436</p>
<p> CEZ 11,3/05		 100.35    100.80	3300   36378.009</p>
<p> CEZ 14 3/8 /01	    102.50    103.00     11822  124955.594</p>
<p> CSOB 11,00/00		99.80    100.35	 828    9064.803</p>
<p> CSOB 11,125/97	     99.42     99.42	 500   10652.765</p>
<p> IPB VAR/01		   98.60     98.60     25000  257702.750</p>
<p> KB 11,4/01		  100.02    100.02	5000   53129.150</p>
<p> KB 2 VAR/99		  99.64    100.00     10000  105001.130</p>
<p> KB VAR/02		    99.99    100.00     11080  113272.487</p>
<p> KB VAR/99		    99.57     99.57	2000   19856.840</p>
<p> SAZKA 12,7/01	     101.25    101.25	1000   10054.440</p>
<p> SEVC.PLYN.11,85/03	101.20    101.20	1000   10370.170</p>
<p> ST.DLUHOP. 8,7/00	  98.40     98.75	8000   79919.640</p>
<p> ST.DLUHOP.10,55/02	 99.45     99.60	6000   60785.160</p>
<p> ST.DLUHOP.10,95/01	104.90    105.75     59045  665372.945</p>
<p> ST.DLUHOP.11,4/98	 102.00    102.55     11150  119298.329</p>
<p> ST.DLUHOP.9,15/00	  99.70     99.80	3000   31742.380</p>
<p> ST.DLUHOP.9,25/99	  99.50     99.90     11000  116586.750</p>
<p> ST.DLUHOP.9,4/97	   99.95     99.95	1432   14866.228</p>
<p> ST.DLUHOP.9,45/01	 100.60    100.60	1000   10220.130</p>
<p>-- Prague Newsroom, 420-2-2423-0003</p>
</text>
<copyright>(c) Reuters Limited 1997</copyright>
<metadata>
<codes class="bip:countries:1.0">
  <code code="CZREP">
    <editdetail attribution="Reuters BIP Coding Group" action="confirmed" date="1997-04-14"/>
  </code>
</codes>
<codes class="bip:topics:1.0">
  <code code="M12">
    <editdetail attribution="Reuters BIP Coding Group" action="confirmed" date="1997-04-14"/>
  </code>
  <code code="MCAT">
    <editdetail attribution="Reuters BIP Coding Group" action="confirmed" date="1997-04-14"/>
  </code>
</codes>
<dc element="dc.date.created" value="1997-04-14"/>
<dc element="dc.publisher" value="Reuters Holdings Plc"/>
<dc element="dc.date.published" value="1997-04-14"/>
<dc element="dc.source" value="Reuters"/>
<dc element="dc.creator.location" value="PRAGUE"/>
<dc element="dc.creator.location.country.name" value="CZECH REPUBLIC"/>
<dc element="dc.source" value="Reuters"/>
</metadata>
</newsitem>
