<?xml version="1.0" encoding="iso-8859-1" ?>
<newsitem itemid="505988" id="root" date="1997-04-14" xml:lang="en">
<title>SLOVENIA: Slovenian union says labour talks unsuccessful.</title>
<headline>Slovenian union says labour talks unsuccessful.</headline>
<dateline>LJUBLJANA 1997-04-14</dateline>
<text>
<p>Slovenia's largest trade union, the Association of Free Trade Unions (ZZZS), said on Monday talks with employers concerning labour benefits have been unsuccessful so far.</p>
<p>&quot;It will be very hard to reach an agreement by the end of May as planned earlier. Our standpoints are still too far apart,&quot; the secretary of the union Rajko Lesjak told Reuters.</p>
<p>Slovenian unions, the Chamber of Economy and the Association of Employers started talks in January on changes to the collective agreement that determines work benefits.</p>
<p>The new agreement should replace the current one introduced in 1990, renewed in 1993 and expiring at the end of May.</p>
<p>Last year, employers pushed for a reduction of daily allowances, holiday and sick pay, redundancy payments and strike compensation in financially-troubled companies.</p>
<p>&quot;We cannot agree to a substantial reduction of practically all benefits as companies want to reduce their expenses solely on account of lower work payments,&quot; Lesjak said.</p>
<p>He said the ZZZS would push for the current agreement to be prolonged until the end of this year if there is no major turnaround in the negotiations in the next couple of weeks.</p>
<p>Employers said lower work payments were a precondition for improved international competitiveness of Slovenia's economy.</p>
<p>In January, average gross pay in Slovenia reached 138,586 tolars ($882), which was 1.6 percent lower than in December 1996 but 15.8 percent higher than in January last year. -- Marja Novak, Ljubljana newsroom, 386-61-125-8439</p>
</text>
<copyright>(c) Reuters Limited 1997</copyright>
<metadata>
<codes class="bip:countries:1.0">
  <code code="SLVNIA">
    <editdetail attribution="Reuters BIP Coding Group" action="confirmed" date="1997-04-14"/>
  </code>
</codes>
<codes class="bip:topics:1.0">
  <code code="C42">
    <editdetail attribution="Reuters BIP Coding Group" action="confirmed" date="1997-04-14"/>
  </code>
  <code code="CCAT">
    <editdetail attribution="Reuters BIP Coding Group" action="confirmed" date="1997-04-14"/>
  </code>
  <code code="E41">
    <editdetail attribution="Reuters BIP Coding Group" action="confirmed" date="1997-04-14"/>
  </code>
  <code code="ECAT">
    <editdetail attribution="Reuters BIP Coding Group" action="confirmed" date="1997-04-14"/>
  </code>
  <code code="GCAT">
    <editdetail attribution="Reuters BIP Coding Group" action="confirmed" date="1997-04-14"/>
  </code>
  <code code="GJOB">
    <editdetail attribution="Reuters BIP Coding Group" action="confirmed" date="1997-04-14"/>
  </code>
</codes>
<dc element="dc.date.created" value="1997-04-14"/>
<dc element="dc.publisher" value="Reuters Holdings Plc"/>
<dc element="dc.date.published" value="1997-04-14"/>
<dc element="dc.source" value="Reuters"/>
<dc element="dc.creator.location" value="LJUBLJANA"/>
<dc element="dc.creator.location.country.name" value="SLOVENIA"/>
<dc element="dc.source" value="Reuters"/>
</metadata>
</newsitem>
