<?xml version="1.0" encoding="iso-8859-1" ?>
<newsitem itemid="505922" id="root" date="1997-04-14" xml:lang="en">
<title>CROATIA: UN, Zagreb argue over poll chaos in Serb enclave.</title>
<headline>UN, Zagreb argue over poll chaos in Serb enclave.</headline>
<byline>Jovan Kovacic</byline>
<dateline>VUKOVAR, Croatia 1997-04-14</dateline>
<text>
<p>Croatia rejected United Nations charges on Monday that its poor planning disrupted the first day of voting by former rebel Serbs in its Eastern Slavonia enclave.</p>
<p>Serbs in the enclave were supposed to vote for regional assemblies on Sunday to underpin minority rights when the region reverts to Croatian state rule this summer, six years after it rebelled against Croatia's secession from Yugoslavia.</p>
<p>But they were given an extra day to vote on Monday, after organisational bungling -- misplaced ballots and not enough or incomplete forms -- delayed the start of polling on Sunday.</p>
<p>&quot;UNTAES (U.N. Transitional Authority) is very disappointed with the inadequate and incomplete support of the Croatian side in these elections,&quot; mission spokesman Philip Arnold told a news conference in the enclave's main town, Vukovar.</p>
<p>&quot;We were deeply disappointed with the administrative breakdown yesterday -- the fact that packages of ballots were misdirected and voting lists were not corrected,&quot; Arnold said.</p>
<p>But Croatian officials dismissed the charges, quoting unforeseeable circumstances, including the fact that the number of voters was still unknown on the eve of the polls.</p>
<p>&quot;We are rejecting such accusations. I think we have done everything within our power to make sure the election goes all right,&quot; an official of the state election commission in Zagreb told Reuters.</p>
<p>&quot;We had no way of knowing what electoral body we were facing in Eastern Slavonia. According to our information, people there were registering to vote as late as Saturday evening,&quot; the official, who asked not to be named, said.</p>
<p>The administrator of the enclave, U.S. General Jacques Klein, had previously blamed the delays in voter registration on hardline Serb leaders who dissuaded the people from taking Croatian documents, which would qualify them to vote.</p>
<p>But the Croatian official said UNTAES was also to blame.</p>
<p>&quot;Even if ballot forms were misplaced, the area is small and every polling station did receive a number of forms. UNTAES could have gone ahead with the voting on Sunday and contacted us in the process to put things right,&quot; she said.</p>
<p>In Zagreb, a senior U.S. official said Washington was dismayed by the rocky start to the Eastern Slavonia elections because the vote was vital to persuading apprehensive Serbs they would be safe under Croatian rule.</p>
<p>&quot;We don't know yet whether the problems were just incompetence or something more,&quot; said assistant secretary of state John Kornblum, the U.S. envoy on former Yugoslavia.</p>
<p>&quot;There were many, many irregularities in getting the vote going. The technical screw-ups should not have happened. They (the U.N. and Croatian authorities) had months to prepare...&quot; he said.</p>
<p>&quot;But we see the elections as the key to a successful integration of Eastern Slavonia into Croatia and our ability to recommend an end to the U.N. mandate,&quot; Kornblum told Reuters after talks with President Franjo Tudjman.</p>
<p>Faced with a possible collapse of the polls on Sunday, UNTAES eventually allowed any Serb who had obtained a Croatian state identity card to vote even if their name was not on voter lists.</p>
<p>Zagreb hurriedly despatched an extra 110,000 ballots to the enclave on Monday morning, which were then &quot;speeded around the enclave,&quot; Arnold said.</p>
<p>&quot;Today, with the additional people voting, we think that an overwhelming majority of voters will be able to take part in the elections,&quot; he said.</p>
<p>UNTAES's mandate expires in July and Croatia's nationalist authorities are strongly opposed to any extension.</p>
<p>Analysts say at least a quarter of the enclave's 150,000 Serbs will probably flee to Serbia after the elections, fearing Tudjman's security guarantees will not restrain vengeful Croat war refugees who will soon return to reclaim their homes.</p>
</text>
<copyright>(c) Reuters Limited 1997</copyright>
<metadata>
<codes class="bip:countries:1.0">
  <code code="CRTIA">
    <editdetail attribution="Reuters BIP Coding Group" action="confirmed" date="1997-04-14"/>
  </code>
  <code code="UN">
    <editdetail attribution="Reuters BIP Coding Group" action="confirmed" date="1997-04-14"/>
  </code>
  <code code="YUG">
    <editdetail attribution="Reuters BIP Coding Group" action="confirmed" date="1997-04-14"/>
  </code>
</codes>
<codes class="bip:topics:1.0">
  <code code="GCAT">
    <editdetail attribution="Reuters BIP Coding Group" action="confirmed" date="1997-04-14"/>
  </code>
  <code code="GPOL">
    <editdetail attribution="Reuters BIP Coding Group" action="confirmed" date="1997-04-14"/>
  </code>
  <code code="GVOTE">
    <editdetail attribution="Reuters BIP Coding Group" action="confirmed" date="1997-04-14"/>
  </code>
</codes>
<dc element="dc.date.created" value="1997-04-14"/>
<dc element="dc.publisher" value="Reuters Holdings Plc"/>
<dc element="dc.date.published" value="1997-04-14"/>
<dc element="dc.source" value="Reuters"/>
<dc element="dc.creator.location" value="VUKOVAR, Croatia"/>
<dc element="dc.creator.location.country.name" value="CROATIA"/>
<dc element="dc.source" value="Reuters"/>
</metadata>
</newsitem>
