<?xml version="1.0" encoding="iso-8859-1" ?>
<newsitem itemid="505938" id="root" date="1997-04-14" xml:lang="en">
<title>RUSSIA: Police arrest army deserter in Moscow, man wounded.</title>
<headline>Police arrest army deserter in Moscow, man wounded.</headline>
<dateline>MOSCOW 1997-04-14</dateline>
<text>
<p>Police said on Monday they had arrested an army deserter who wounded a man in Moscow while on the run.</p>
<p>A police spokesman said the soldier armed with a Kalashnikov assault rifle had escaped from his barracks in the Russian capital on Saturday night and wounded a pensioner in a block of flats near Kiev station just west of the city centre.</p>
<p>On Monday, police said they had found the man wearing civilian clothes among a group of homeless people sheltering in the attic of an apartment block in western Moscow, Russian media reported.</p>
<p>He no longer had the rifle and bullets he took from the barracks and police said they thought he may have given them away to his homeless companions, Interfax news agency said, quoting interior ministry official Alexander Shevchuk.</p>
<p>Police, who went on alert on Sunday, stopping cars and checking drivers' documents in central Moscow, were questioning the man before handing him over to military prosecutors.</p>
</text>
<copyright>(c) Reuters Limited 1997</copyright>
<metadata>
<codes class="bip:countries:1.0">
  <code code="RUSS">
    <editdetail attribution="Reuters BIP Coding Group" action="confirmed" date="1997-04-14"/>
  </code>
  <code code="UKRN">
    <editdetail attribution="Reuters BIP Coding Group" action="confirmed" date="1997-04-14"/>
  </code>
</codes>
<codes class="bip:topics:1.0">
  <code code="GCAT">
    <editdetail attribution="Reuters BIP Coding Group" action="confirmed" date="1997-04-14"/>
  </code>
  <code code="GCRIM">
    <editdetail attribution="Reuters BIP Coding Group" action="confirmed" date="1997-04-14"/>
  </code>
  <code code="GDEF">
    <editdetail attribution="Reuters BIP Coding Group" action="confirmed" date="1997-04-14"/>
  </code>
</codes>
<dc element="dc.date.created" value="1997-04-14"/>
<dc element="dc.publisher" value="Reuters Holdings Plc"/>
<dc element="dc.date.published" value="1997-04-14"/>
<dc element="dc.source" value="Reuters"/>
<dc element="dc.creator.location" value="MOSCOW"/>
<dc element="dc.creator.location.country.name" value="RUSSIA"/>
<dc element="dc.source" value="Reuters"/>
</metadata>
</newsitem>
