<?xml version="1.0" encoding="iso-8859-1" ?>
<newsitem itemid="505950" id="root" date="1997-04-14" xml:lang="en">
<title>HUNGARY: Mark, dlr, Sfr share modest Hungary FX futures trade.</title>
<headline>Mark, dlr, Sfr share modest Hungary FX futures trade.</headline>
<dateline>BUDAPEST 1997-04-14</dateline>
<text>
<p>Trade was shared between mark, dollar and Swiss franc contracts on a low-key Budapest Commodity Exchange forex futures market which saw a modest 2.8 billion forints' worth of trade, dealers said.</p>
<p>All three currencies rose in line with spot rates, with the dollar up by between 30 and 50 fillers for all months, the most popular maturity being June, which rose 30 fillers to 185.1 forints.</p>
<p>The mark was mixed, falling for September but rising 10 fillers for the more popular March contract to 120.1 forints while almost all trade in the Swiss franc was for December, which rose 45 fillers to 137.65.</p>
<p>The yen was the day's loser, falling 50 fillers for September to 155 per 100 yen and 30 fillers for December to 161.6.</p>
<p>Central bank spot rates for the four currencies were fixed at midday at 104.79 forints for the the mark, up 0.02, 180.51 for the dollar, up 0.25, 123.00 for the Swiss franc, up 0.20 and 142.75 forints per 100 yen, down 0.25.</p>
<p>The Budapest Stock Exchange (BSE) forex futures market was tradeless.</p>
<p>-- Duncan Shiels, Budapest newsroom +36 1 327-4040</p>
</text>
<copyright>(c) Reuters Limited 1997</copyright>
<metadata>
<codes class="bip:countries:1.0">
  <code code="HUNG">
    <editdetail attribution="Reuters BIP Coding Group" action="confirmed" date="1997-04-14"/>
  </code>
</codes>
<codes class="bip:topics:1.0">
  <code code="M13">
    <editdetail attribution="Reuters BIP Coding Group" action="confirmed" date="1997-04-14"/>
  </code>
  <code code="M132">
    <editdetail attribution="Reuters BIP Coding Group" action="confirmed" date="1997-04-14"/>
  </code>
  <code code="MCAT">
    <editdetail attribution="Reuters BIP Coding Group" action="confirmed" date="1997-04-14"/>
  </code>
</codes>
<dc element="dc.date.created" value="1997-04-14"/>
<dc element="dc.publisher" value="Reuters Holdings Plc"/>
<dc element="dc.date.published" value="1997-04-14"/>
<dc element="dc.source" value="Reuters"/>
<dc element="dc.creator.location" value="BUDAPEST"/>
<dc element="dc.creator.location.country.name" value="HUNGARY"/>
<dc element="dc.source" value="Reuters"/>
</metadata>
</newsitem>
