<?xml version="1.0" encoding="iso-8859-1" ?>
<newsitem itemid="506049" id="root" date="1997-04-14" xml:lang="en">
<title>SLOVAKIA: Slovak c.bank crown/dollar fix at 33.518 (33.398).</title>
<headline>Slovak c.bank crown/dollar fix at 33.518 (33.398).</headline>
<dateline>BRATISLAVA 1997-04-14</dateline>
<text>
<p>The National Bank of Slovakia (NBS) fixed the crown at 33.518 to the dollar after Friday's fixing at 33.398, and at 19.459 to the mark from 19.410.</p>
<p>The crown fixing is announced daily at about 1140 CET (1040 GMT), and is within plus/minus 7.0 percent of a dollar/mark basket midpoint calculated at exactly 11:30:00 CET.</p>
<p>The above rates imply a deviation from the midpoint of -0.68 percent, after a deviation of -0.38 percent on Friday.</p>
<p>At the time of the calculation, the crown was trading on the interbank market at -0.67 versus the basket.</p>
<p>-- Bratislava Newsroom, 421-7-521-8402</p>
</text>
<copyright>(c) Reuters Limited 1997</copyright>
<metadata>
<codes class="bip:countries:1.0">
  <code code="SLVAK">
    <editdetail attribution="Reuters BIP Coding Group" action="confirmed" date="1997-04-14"/>
  </code>
</codes>
<codes class="bip:topics:1.0">
  <code code="M13">
    <editdetail attribution="Reuters BIP Coding Group" action="confirmed" date="1997-04-14"/>
  </code>
  <code code="M132">
    <editdetail attribution="Reuters BIP Coding Group" action="confirmed" date="1997-04-14"/>
  </code>
  <code code="MCAT">
    <editdetail attribution="Reuters BIP Coding Group" action="confirmed" date="1997-04-14"/>
  </code>
</codes>
<dc element="dc.date.created" value="1997-04-14"/>
<dc element="dc.publisher" value="Reuters Holdings Plc"/>
<dc element="dc.date.published" value="1997-04-14"/>
<dc element="dc.source" value="Reuters"/>
<dc element="dc.creator.location" value="BRATISLAVA"/>
<dc element="dc.creator.location.country.name" value="SLOVAKIA"/>
<dc element="dc.source" value="Reuters"/>
</metadata>
</newsitem>
