<?xml version="1.0" encoding="iso-8859-1" ?>
<newsitem itemid="506015" id="root" date="1997-04-14" xml:lang="en">
<title>POLAND: Polish dwellings output up 21.2 pct yr/yr in March.</title>
<headline>Polish dwellings output up 21.2 pct yr/yr in March.</headline>
<dateline>WARSAW 1997-04-14</dateline>
<text>
<p>The number of dwellings completed in March fell 16.9 percent from February but was 21.2 percent higher than in March 1996, the Central Statistical Office (GUS) said.</p>
<p>It said 4,164 flats were completed in March bringing the total for the January-March period to 12,939 flats.</p>
<p> POLISH DWELLINGS OUTPUT	 MARCH     FEB	MARCH 1996</p>
<p> year/year change (pct)	  21.2     32.5	   na</p>
<p> number of flats built	   4,164    5,011	 3,436</p>
<p>-- Warsaw Newsroom +48 22 653 9700</p>
</text>
<copyright>(c) Reuters Limited 1997</copyright>
<metadata>
<codes class="bip:countries:1.0">
  <code code="POL">
    <editdetail attribution="Reuters BIP Coding Group" action="confirmed" date="1997-04-14"/>
  </code>
</codes>
<codes class="bip:industries:1.0">
  <code code="I50100">
    <editdetail attribution="Reuters BIP Coding Group" action="confirmed" date="1997-04-14"/>
  </code>
  <code code="I5010022">
    <editdetail attribution="Reuters BIP Coding Group" action="confirmed" date="1997-04-14"/>
  </code>
</codes>
<codes class="bip:topics:1.0">
  <code code="C21">
    <editdetail attribution="Reuters BIP Coding Group" action="confirmed" date="1997-04-14"/>
  </code>
  <code code="CCAT">
    <editdetail attribution="Reuters BIP Coding Group" action="confirmed" date="1997-04-14"/>
  </code>
</codes>
<dc element="dc.date.created" value="1997-04-14"/>
<dc element="dc.publisher" value="Reuters Holdings Plc"/>
<dc element="dc.date.published" value="1997-04-14"/>
<dc element="dc.source" value="Reuters"/>
<dc element="dc.creator.location" value="WARSAW"/>
<dc element="dc.creator.location.country.name" value="POLAND"/>
<dc element="dc.source" value="Reuters"/>
</metadata>
</newsitem>
