<?xml version="1.0" encoding="iso-8859-1" ?>
<newsitem itemid="506018" id="root" date="1997-04-14" xml:lang="en">
<title>AZERBAIJAN: Azeri court convicts five on spying for Iran.</title>
<headline>Azeri court convicts five on spying for Iran.</headline>
<dateline>BAKU 1997-04-14</dateline>
<text>
<p>A Baku court on Monday convicted five Azeris, including four leaders of the Islamic Party, of spying for Iran.</p>
<p>&quot;Their main goal was to strengthen anti-Western propaganda and carry out protests against the participation of American and Western oil companies in projects in Azerbaijan,&quot; prosecutor Bahram Zahidov said.</p>
<p>The convicted included the head of Azerbaijan's Islamic Party Alikram Aliyev, who was sentenced to 11 years, as well as three other party officials, who received ten-year sentences.</p>
<p>A fifth man, the director of a tourist firm who prepared false passports, was sentenced to two years in prison.</p>
<p>After the verdict was ready, Aliyev shouted out in court: &quot;We were not engaged in espionage. The court and the judges are participating in provocations set up by the KGB.&quot;</p>
<p>His lawyer said Aliyev had received $50,000 from Iran, but for charitable purposes only such as helping children.</p>
<p>A high-placed Azeri government official said afterwards that the verdict would likely hurt relations with Tehran.</p>
<p>&quot;The unveiling of these facts will have a negative impact on Iranian-Azerbaijan relations,&quot; said the official.</p>
<p>The speaker of Iran's parliament, Ali Akbar Nateq-Nouri, on a visit to Moscow on Saturday, said Azerbaijan was making a big mistake by disagreeing with Iran and other nations in the region on the status of the Caspian Sea and its offshore oil deposits.</p>
</text>
<copyright>(c) Reuters Limited 1997</copyright>
<metadata>
<codes class="bip:countries:1.0">
  <code code="AZERB">
    <editdetail attribution="Reuters BIP Coding Group" action="confirmed" date="1997-04-14"/>
  </code>
  <code code="IRAN">
    <editdetail attribution="Reuters BIP Coding Group" action="confirmed" date="1997-04-14"/>
  </code>
  <code code="USA">
    <editdetail attribution="Reuters BIP Coding Group" action="confirmed" date="1997-04-14"/>
  </code>
</codes>
<codes class="bip:topics:1.0">
  <code code="GCAT">
    <editdetail attribution="Reuters BIP Coding Group" action="confirmed" date="1997-04-14"/>
  </code>
  <code code="GCRIM">
    <editdetail attribution="Reuters BIP Coding Group" action="confirmed" date="1997-04-14"/>
  </code>
  <code code="GDEF">
    <editdetail attribution="Reuters BIP Coding Group" action="confirmed" date="1997-04-14"/>
  </code>
  <code code="GDIP">
    <editdetail attribution="Reuters BIP Coding Group" action="confirmed" date="1997-04-14"/>
  </code>
</codes>
<dc element="dc.date.created" value="1997-04-14"/>
<dc element="dc.publisher" value="Reuters Holdings Plc"/>
<dc element="dc.date.published" value="1997-04-14"/>
<dc element="dc.source" value="Reuters"/>
<dc element="dc.creator.location" value="BAKU"/>
<dc element="dc.creator.location.country.name" value="AZERBAIJAN"/>
<dc element="dc.source" value="Reuters"/>
</metadata>
</newsitem>
