<?xml version="1.0" encoding="iso-8859-1" ?>
<newsitem itemid="506019" id="root" date="1997-04-14" xml:lang="en">
<title>CROATIA: Croatian lending rate down 10 bps to 11.3 pct.</title>
<headline>Croatian lending rate down 10 bps to 11.3 pct.</headline>
<dateline>ZAGREB 1997-04-14</dateline>
<text>
<p>Croatian average lending rate fell 10 basis points to 11.3 percent on Monday in thin trade.</p>
<p>Dealers put the total settlements at 19 million kuna against the demand for 23 million and supply of 24 million, after borrowers and lenders failed to agree on terms.</p>
<p>Most of the new borrowing -- 16.2 million kuna -- was interbank call money granted at the steady 10.5 percent.</p>
<p>The rest were old term borrowings rolled over at between 11 and 17 percent.</p>
<p>The central's bank kuna midrate for Tuesday eased to 6.1580 against the dollar and to 3.5748 against the mark. -- Davor Huic, Zagreb Newsroom, 385-1-4557075</p>
</text>
<copyright>(c) Reuters Limited 1997</copyright>
<metadata>
<codes class="bip:countries:1.0">
  <code code="CRTIA">
    <editdetail attribution="Reuters BIP Coding Group" action="confirmed" date="1997-04-14"/>
  </code>
</codes>
<codes class="bip:topics:1.0">
  <code code="M13">
    <editdetail attribution="Reuters BIP Coding Group" action="confirmed" date="1997-04-14"/>
  </code>
  <code code="M131">
    <editdetail attribution="Reuters BIP Coding Group" action="confirmed" date="1997-04-14"/>
  </code>
  <code code="MCAT">
    <editdetail attribution="Reuters BIP Coding Group" action="confirmed" date="1997-04-14"/>
  </code>
</codes>
<dc element="dc.date.created" value="1997-04-14"/>
<dc element="dc.publisher" value="Reuters Holdings Plc"/>
<dc element="dc.date.published" value="1997-04-14"/>
<dc element="dc.source" value="Reuters"/>
<dc element="dc.creator.location" value="ZAGREB"/>
<dc element="dc.creator.location.country.name" value="CROATIA"/>
<dc element="dc.source" value="Reuters"/>
</metadata>
</newsitem>
