<?xml version="1.0" encoding="iso-8859-1" ?>
<newsitem itemid="506032" id="root" date="1997-04-14" xml:lang="en">
<title>CROATIA: Croatian '97 GDP growth seen slower at 4.9 pct.</title>
<headline>Croatian '97 GDP growth seen slower at 4.9 pct.</headline>
<dateline>ZAGREB 1997-04-14</dateline>
<text>
<p>Croatia's 1997 real Gross Domestic Product (GDP) growth may reach 4.9 percent with an inflation rate of 4.6 percent, leading commercial bank Zagrebacka Banka said on Monday in an independent forecast.</p>
<p>This year's growth forecast was cut down from an earlier 5.5 percent after a decline in the fourth quarter of 1996, caused by what the bank described as &quot;weakening of the industrial activity&quot;.</p>
<p>&quot;Thus the growing trend recorded in the first three quarters of 1996 was almost brought to an end,&quot; Zagrebacka's chief economist Zarko Miljenovic said in a quarterly forecast.</p>
<p>He trimmed last year's GDP growth estimate to only 3.7 percent, compared to 5-7 percent seen by the government.</p>
<p>Construction, trade and tourism performed well, but a slower than expected growth in public expenditure was said to have been another negative factor.</p>
<p>The industrial output, representing roughly one third of GDP, rose 3.1 percent. The 1997 rise is seen at 3.7 percent.</p>
<p>But despite the setback in the last quarter, a relative upward trend was preserved and may be carried over into this year, Miljenovic said.</p>
<p>&quot;In 1997, major inducements to growth are expected to come again from personal and investment consumption,&quot; he added, also anticipating an 11-percent increase in exports.</p>
<p>Stronger export demand, coupled with a gradual recovery of domestic demand, would in turn spur production of capital goods which has stagnated since mid-1996.</p>
<p>Due to wage increases and tax cuts, disposable personal incomes and household consumption were seen as rising 12 percent, partly stimulated by stronger lending by local banks.</p>
<p>Domestic investment demand was seen as growing steadily thanks to reconstruction and road building efforts, and a continued modernisation of Croatian companies.</p>
<p>However, it was also expected to lead to a 17-percent imports rise, particularly of capital goods, thus allowing the trade deficit to widen to $3.7 billion this year from $3.3 billion in 1996.</p>
<p>&quot;The expected acceleration of domestic business cycle in 1997 will be reflected in somewhat higher inflation rate,&quot; Miljenovic said.</p>
<p>His annual retail price inflation forecast of 4.6 percent compares to 3.5 percent in 1996, and is outside the 3-4 percent target for this year given by the central bank.</p>
<p>Miljenovic upped the 1997 figure for inflation at the factory gate to 2.7 from an earlier 2.1 percent, and only 1.3 percent recorded last year. -- Kolumbina Bencevic, Zagreb Newsroom, 385-1-4557075</p>
</text>
<copyright>(c) Reuters Limited 1997</copyright>
<metadata>
<codes class="bip:countries:1.0">
  <code code="CRTIA">
    <editdetail attribution="Reuters BIP Coding Group" action="confirmed" date="1997-04-14"/>
  </code>
</codes>
<codes class="bip:topics:1.0">
  <code code="E11">
    <editdetail attribution="Reuters BIP Coding Group" action="confirmed" date="1997-04-14"/>
  </code>
  <code code="ECAT">
    <editdetail attribution="Reuters BIP Coding Group" action="confirmed" date="1997-04-14"/>
  </code>
</codes>
<dc element="dc.date.created" value="1997-04-14"/>
<dc element="dc.publisher" value="Reuters Holdings Plc"/>
<dc element="dc.date.published" value="1997-04-14"/>
<dc element="dc.source" value="Reuters"/>
<dc element="dc.creator.location" value="ZAGREB"/>
<dc element="dc.creator.location.country.name" value="CROATIA"/>
<dc element="dc.source" value="Reuters"/>
</metadata>
</newsitem>
