<?xml version="1.0" encoding="iso-8859-1" ?>
<newsitem itemid="512039" id="root" date="1997-04-16" xml:lang="en">
<title>EU:  OFFICIAL JOURNAL CONTENTS - OJ C 116 OF APRIL 14, 1997.</title>
<headline>OFFICIAL JOURNAL CONTENTS - OJ C 116 OF APRIL 14, 1997.</headline>
<text>
<p>*</p>
<p>(Note - contents are displayed in reverse order to that in the printed Journal)</p>
<p>*</p>
<p>Opinion of the Committee of the Regions on 'The role of local and regional authorities in linking education and training establishments to enterprises' (97/C 116/14)</p>
<p>Opinion of the Committee of the Regions on the 'Proposal for a European Parliament and Council Decision amending European Parliament and Council Decision No 1254/96/EC laying down a series of guidelines on trans-European energy networks' (97/C 116/13)</p>
<p>Opinion of the Committee of the Regions on 'Learning in the Information Society: Action Plan for a European Education Initiative (1996-1998)' (97/C 116/12)</p>
<p>Opinion of the Committee of the Regions on the 'Green Paper &quot;Living and working in the information society: people first&quot;' (97/C 116/11)</p>
<p>Opinion of the Committee of the Regions on the 'Communication from the Commission to the Council and the European Parliament on the review of the Community strategy for waste management' (97/C 116/10)</p>
<p>Opinion of the Committee of the Regions on the European Commission's 'First Report on the consideration of cultural aspects in European Community action' (97/C 116/09)</p>
<p>Opinion of the Committee of the Regions on:</p>
<p>- the 'Green Paper: Towards fair and efficient pricing in transport - Policy options for internalizing the external cost of transport in the European Union', and</p>
<p>- the 'Proposal for a Council Directive on the charging of heavy goods vehicles for the use of certain infrastructures' (97/C 116/08)</p>
<p>Opinion of the Committee of the Regions on 'The role of local and regional authorities in public service' (97/C 116/07)</p>
<p>Opinion of the Committee of the Regions on a 'Rural Development Policy' (97/C 116/06)</p>
<p>Opinion of the Committee of the Regions on 'The CAP and eastward enlargement' (97/C 116/05)</p>
<p>Opinion of the Committee of the Regions on the 'Communication from the Commission to the Council, the European Parliament, the Economic and Social Committee and the Committee of the Regions: Universal service for telecommunications in the perspective of a fully liberalized environment - An essential element of the information society' (97/C 116/04)</p>
<p>Opinion of the Committee of the Regions on 'The global challenge of international trade: a market access strategy for the European Union' (97/C 116/03)</p>
<p>Opinion of the Committee of the Regions on the 'Communication on the implementation of EU regional policies in Austria, Finland and Sweden' (97/C 116/02)</p>
<p>Opinion of the Committee of the Regions on 'Spatial planning in Europe' (97/C 116/01) END OF DOCUMENT.</p>
</text>
<copyright>(c) Reuters Limited 1997</copyright>
<metadata>
<codes class="bip:countries:1.0">
  <code code="EEC">
    <editdetail attribution="Reuters BIP Coding Group" action="confirmed" date="1997-04-16"/>
  </code>
</codes>
<codes class="bip:topics:1.0">
  <code code="G15">
    <editdetail attribution="Reuters BIP Coding Group" action="confirmed" date="1997-04-16"/>
  </code>
  <code code="GCAT">
    <editdetail attribution="Reuters BIP Coding Group" action="confirmed" date="1997-04-16"/>
  </code>
</codes>
<dc element="dc.publisher" value="Reuters Holdings Plc"/>
<dc element="dc.date.published" value="1997-04-16"/>
<dc element="dc.source" value="Reuters"/>
<dc element="dc.creator.location.country.name" value="EU"/>
<dc element="dc.source" value="Reuters"/>
</metadata>
</newsitem>
