<?xml version="1.0" encoding="iso-8859-1" ?>
<newsitem itemid="512075" id="root" date="1997-04-16" xml:lang="en">
<title>USA: FULL TEXT-Harcourt bids for National Education.</title>
<headline>FULL TEXT-Harcourt bids for National Education.</headline>
<dateline>CHESTNUT HILL, Mass. 1997-04-16</dateline>
<text>
<p>Publishing company Harcourt General Inc said on Wednesday it was launching a $19.50 per share, or $740 million, cash offer for National Education Corp, which last month agreed to merge with Sylvan Learning Systems Inc in a stock transaction originally valued at $750 million.</p>
<p>The following is the full text of the Harcourt General press release.</p>
<p>----------------------PRESS RELEASE--------------------------</p>
<p>CHESTNUT HILL, Mass.--April 16, 1997--Harcourt General, Inc. (NYSE:H) announced today that it will commence an all-cash tender offer for all of the outstanding common shares of National Education Corporation (NYSE:NEC) at a price of $19.50 per share.  Following the completion of the tender offer, Harcourt General intends to effect a merger in which all remaining NEC stockholders will also receive the same cash price paid in the tender offer.</p>
<p>Harcourt General's $19.50 per share offer, which has a total transaction value of approximately $740 million, represents a 15.4% premium over the value of the NEC/Sylvan Learning Systems, Inc. stock merger proposal announced last month, based upon the per share closing price of the Sylvan shares yesterday, and a 54.5% premium over the closing market price of NEC shares on March 4, five trading days before the NEC/Sylvan merger proposal was announced.</p>
<p>Richard A. Smith, chairman and chief executive officer of Harcourt General said &quot;NEC fits very well with and adds significant growth potential to our existing portfolio of educational businesses. It would add new distribution channels for our existing products and would also accelerate our entry into several non-traditional educational high growth markets, including distance learning, supplemental publishing and computer-based training.&quot;  The tender offer is subject to customary conditions and the termination of the merger agreement between NEC and Sylvan in accordance with its terms. The offer will not be subject to any financing contingencies. The complete terms and conditions of the tender offer will be set forth in the offering documents to be filed shortly with the Securities and Exchange Commission.</p>
<p>Harcourt General also indicated that it plans, subject to its ability to effectuate the merger with NEC, to seek to acquire the outstanding shares of common stock of Steck Vaughn Publishing Corporation not currently owned by NEC at a price per share of $14.00.  Harcourt General has not yet determined the manner in which it would seek to acquire the Steck Vaughn shares or the timing of any such acquisition.  Harcourt General reserves the right to change its plan to acquire Steck Vaughn shares and, accordingly, there can be no assurance that it will acquire the SteckVaughn shares.  Harcourt General, Inc.  is a growth-oriented operating company with core businesses in publishing and specialty retailing.</p>
</text>
<copyright>(c) Reuters Limited 1997</copyright>
<metadata>
<codes class="bip:countries:1.0">
  <code code="USA">
    <editdetail attribution="Reuters BIP Coding Group" action="confirmed" date="1997-04-16"/>
  </code>
</codes>
<codes class="bip:industries:1.0">
  <code code="I47500">
    <editdetail attribution="Reuters BIP Coding Group" action="confirmed" date="1997-04-16"/>
  </code>
  <code code="I83940">
    <editdetail attribution="Reuters BIP Coding Group" action="confirmed" date="1997-04-16"/>
  </code>
</codes>
<codes class="bip:topics:1.0">
  <code code="C18">
    <editdetail attribution="Reuters BIP Coding Group" action="confirmed" date="1997-04-16"/>
  </code>
  <code code="C181">
    <editdetail attribution="Reuters BIP Coding Group" action="confirmed" date="1997-04-16"/>
  </code>
  <code code="CCAT">
    <editdetail attribution="Reuters BIP Coding Group" action="confirmed" date="1997-04-16"/>
  </code>
</codes>
<dc element="dc.date.created" value="1997-04-16"/>
<dc element="dc.publisher" value="Reuters Holdings Plc"/>
<dc element="dc.date.published" value="1997-04-16"/>
<dc element="dc.source" value="Reuters"/>
<dc element="dc.creator.location" value="CHESTNUT HILL, Mass."/>
<dc element="dc.creator.location.country.name" value="USA"/>
<dc element="dc.source" value="Reuters"/>
</metadata>
</newsitem>
