<?xml version="1.0" encoding="iso-8859-1" ?>
<newsitem itemid="512084" id="root" date="1997-04-16" xml:lang="en">
<title>USA: National to evaluate Harcourt offer.</title>
<headline>National to evaluate Harcourt offer.</headline>
<dateline>IRVINE, Calif. 1997-04-16</dateline>
<text>
<p>National Education Cor confirmed Wednesday it had received an unsolicited takeover offer from Harcourt General Inc and said its board would review the offer.</p>
<p>National Education said it had received a letter from Harcourt indicating its intention to commence a cash tender offer for all of the common stock of National Education at $19.50 per share, valuing the company at about $740 million.</p>
<p>The company said in a statment its board of directors will meet in due course to evaluate the Harcourt General proposal and will advise shareholders as to its conclusion.</p>
<p>Sylvan Learning Systems Inc said earlier it is still proceeding with its agreement to acquire National Education. Last month Sylvan announced its plans to acquire National in a stock deal valued at $750 million at that time. Since then the value of the deal has been eroded to about $650 million.</p>
</text>
<copyright>(c) Reuters Limited 1997</copyright>
<metadata>
<codes class="bip:countries:1.0">
  <code code="USA">
    <editdetail attribution="Reuters BIP Coding Group" action="confirmed" date="1997-04-16"/>
  </code>
</codes>
<codes class="bip:industries:1.0">
  <code code="I47500">
    <editdetail attribution="Reuters BIP Coding Group" action="confirmed" date="1997-04-16"/>
  </code>
  <code code="I83940">
    <editdetail attribution="Reuters BIP Coding Group" action="confirmed" date="1997-04-16"/>
  </code>
</codes>
<codes class="bip:topics:1.0">
  <code code="C18">
    <editdetail attribution="Reuters BIP Coding Group" action="confirmed" date="1997-04-16"/>
  </code>
  <code code="C181">
    <editdetail attribution="Reuters BIP Coding Group" action="confirmed" date="1997-04-16"/>
  </code>
  <code code="CCAT">
    <editdetail attribution="Reuters BIP Coding Group" action="confirmed" date="1997-04-16"/>
  </code>
</codes>
<dc element="dc.date.created" value="1997-04-16"/>
<dc element="dc.publisher" value="Reuters Holdings Plc"/>
<dc element="dc.date.published" value="1997-04-16"/>
<dc element="dc.source" value="Reuters"/>
<dc element="dc.creator.location" value="IRVINE, Calif."/>
<dc element="dc.creator.location.country.name" value="USA"/>
<dc element="dc.source" value="Reuters"/>
</metadata>
</newsitem>
