<?xml version="1.0" encoding="iso-8859-1" ?>
<newsitem itemid="512067" id="root" date="1997-04-16" xml:lang="en">
<title>USA: RESEARCH ALERT - First Chicago NBD view up.</title>
<headline>RESEARCH ALERT - First Chicago NBD view up.</headline>
<text>
<p>-- EVEREN Securities Inc said Wednesday it raised its earnings per share estimates on First Chicago NBD Corp to $4.90 from $4.85 for 1997 and to $5.50 from $5.45 for 1998. It said it acted principally on improved trading results.</p>
<p>-- First Chicago NBD reported a 13.6 percent increase in Q1 earnings to $1.17 per share, which exceeded EVEREN's estimate of $1.16 and the consensus estimate of $1.15.</p>
<p>-- First Chicago NBD was off 7/8 at 52-3/8.</p>
<p>		((Reuters Chicago Newsdesk (312) 408-8787))</p>
</text>
<copyright>(c) Reuters Limited 1997</copyright>
<metadata>
<codes class="bip:countries:1.0">
  <code code="USA">
    <editdetail attribution="Reuters BIP Coding Group" action="confirmed" date="1997-04-16"/>
  </code>
</codes>
<codes class="bip:industries:1.0">
  <code code="I81402">
    <editdetail attribution="Reuters BIP Coding Group" action="confirmed" date="1997-04-16"/>
  </code>
</codes>
<codes class="bip:topics:1.0">
  <code code="C15">
    <editdetail attribution="Reuters BIP Coding Group" action="confirmed" date="1997-04-16"/>
  </code>
  <code code="C152">
    <editdetail attribution="Reuters BIP Coding Group" action="confirmed" date="1997-04-16"/>
  </code>
  <code code="CCAT">
    <editdetail attribution="Reuters BIP Coding Group" action="confirmed" date="1997-04-16"/>
  </code>
</codes>
<dc element="dc.publisher" value="Reuters Holdings Plc"/>
<dc element="dc.date.published" value="1997-04-16"/>
<dc element="dc.source" value="Reuters"/>
<dc element="dc.creator.location.country.name" value="USA"/>
<dc element="dc.source" value="Reuters"/>
</metadata>
</newsitem>
