<?xml version="1.0" encoding="iso-8859-1" ?>
<newsitem itemid="512042" id="root" date="1997-04-16" xml:lang="en">
<title>CANADA: Canada provincial T-bill auction results - Quebec.</title>
<headline>Canada provincial T-bill auction results - Quebec.</headline>
<text>
<p>DATE  PROV   MAT    C$AMT   AVG   CHG  PRICE    HI    LO</p>
<p>04/17/97  QUE   3-MO  150 MLN   3.41  -2   99.157   3.41  3.41</p>
<p>04/17/97  QUE   1YR    50 MLN   4.499 +66  95.706  4.495 4.499</p>
<p>04/16/97  NFD   3-MO   30 MLN   3.462 +1   99.144   3.45  3.47</p>
<p>04/14/97  MAN   3-MO   25 MLN   3.37  +3   99.1666  3.33  3.38</p>
<p>04/10/97  ONT   3-MO   75 MLN   3.293 +9   99.186   3.25  3.32</p>
<p>04/10/97  ONT   6-MO   75 MLN   3.688 +6   98.194   3.68  3.70</p>
<p>04/03/97  ONT   1YR    25 MLN   4.308 --   95.881   4.30  4.32</p>
<p>04/02/97  QUE   6-MO   75 MLN   3.823 +51  98.130  3.799 3.841</p>
<p>((Reuters Toronto Bureau (416) 941-8100))</p>
</text>
<copyright>(c) Reuters Limited 1997</copyright>
<metadata>
<codes class="bip:countries:1.0">
  <code code="CANA">
    <editdetail attribution="Reuters BIP Coding Group" action="confirmed" date="1997-04-16"/>
  </code>
</codes>
<codes class="bip:topics:1.0">
  <code code="M13">
    <editdetail attribution="Reuters BIP Coding Group" action="confirmed" date="1997-04-16"/>
  </code>
  <code code="M131">
    <editdetail attribution="Reuters BIP Coding Group" action="confirmed" date="1997-04-16"/>
  </code>
  <code code="MCAT">
    <editdetail attribution="Reuters BIP Coding Group" action="confirmed" date="1997-04-16"/>
  </code>
</codes>
<dc element="dc.publisher" value="Reuters Holdings Plc"/>
<dc element="dc.date.published" value="1997-04-16"/>
<dc element="dc.source" value="Reuters"/>
<dc element="dc.creator.location.country.name" value="CANADA"/>
<dc element="dc.source" value="Reuters"/>
</metadata>
</newsitem>
