<?xml version="1.0" encoding="iso-8859-1" ?>
<newsitem itemid="512050" id="root" date="1997-04-16" xml:lang="en">
<title>CANADA: Northstar to buy back 23.5 pct of shares.</title>
<headline>Northstar to buy back 23.5 pct of shares.</headline>
<dateline>CALGARY 1997-04-16</dateline>
<text>
<p>Northstar Energy Corp said on Wednesday it would buy 20.69 million, or 23.5 percent, of its shares at C$14.50 each in its offer buy back stock in a Dutch auction.</p>
<p>Northstar said a preliminary count by trustees indicated that 63.20 million shares were deposited at C$14.50 each, which meant they would be subject to a proration factor of 33 percent.</p>
<p>The deal, announced with Northstar's acquisition of Morrison Petroleums Ltd earlier this year, is valued at about C$300 million.  </p>
<p>Northstar said payment for the shares would be made early in the week of April 2 and the company planned to return shares not purchased as soon as possible.</p>
<p>After the purchase, Northstar would have 67.5 million shares outstanding.</p>
<p>The buyback was expected to be accretive to both earnings and cash flow per share, Northstar said.</p>
<p>((Reuters Calgary Bureau (403) 531-1624))</p>
</text>
<copyright>(c) Reuters Limited 1997</copyright>
<metadata>
<codes class="bip:countries:1.0">
  <code code="CANA">
    <editdetail attribution="Reuters BIP Coding Group" action="confirmed" date="1997-04-16"/>
  </code>
</codes>
<codes class="bip:industries:1.0">
  <code code="I13000">
    <editdetail attribution="Reuters BIP Coding Group" action="confirmed" date="1997-04-16"/>
  </code>
  <code code="I1300003">
    <editdetail attribution="Reuters BIP Coding Group" action="confirmed" date="1997-04-16"/>
  </code>
</codes>
<codes class="bip:topics:1.0">
  <code code="C17">
    <editdetail attribution="Reuters BIP Coding Group" action="confirmed" date="1997-04-16"/>
  </code>
  <code code="C171">
    <editdetail attribution="Reuters BIP Coding Group" action="confirmed" date="1997-04-16"/>
  </code>
  <code code="C18">
    <editdetail attribution="Reuters BIP Coding Group" action="confirmed" date="1997-04-16"/>
  </code>
  <code code="C181">
    <editdetail attribution="Reuters BIP Coding Group" action="confirmed" date="1997-04-16"/>
  </code>
  <code code="CCAT">
    <editdetail attribution="Reuters BIP Coding Group" action="confirmed" date="1997-04-16"/>
  </code>
</codes>
<dc element="dc.date.created" value="1997-04-16"/>
<dc element="dc.publisher" value="Reuters Holdings Plc"/>
<dc element="dc.date.published" value="1997-04-16"/>
<dc element="dc.source" value="Reuters"/>
<dc element="dc.creator.location" value="CALGARY"/>
<dc element="dc.creator.location.country.name" value="CANADA"/>
<dc element="dc.source" value="Reuters"/>
</metadata>
</newsitem>
