<?xml version="1.0" encoding="iso-8859-1" ?>
<newsitem itemid="512048" id="root" date="1997-04-16" xml:lang="en">
<title>CANADA: Canadian bonds open weaker amid strong U.S. data.</title>
<headline>Canadian bonds open weaker amid strong U.S. data.</headline>
<dateline>TORONTO 1997-04-16</dateline>
<text>
<p>Canadian bonds opened weaker in moderate trade on Tuesday, falling in tandem with U.S. treasuries, amid stronger than expected U.S. manufacturing data for March, analysts said.</p>
<p>&quot;The manufacturing report that was released this morning was a little bit stronger than what some had expected,&quot; said Garett Prins, a fixed-income analyst with J.P. Morgan Canada. &quot;(Canadian bonds) are probably trading off of the treasuries, which are also off.</p>
<p>Canada's 30-year benchmark bond fell C$0.55 to C$107.45 to yield 7.351 percent.  </p>
<p>The U.S. 30-year bond fell 17/32 to yield 7.14 percent. The spread between the two bonds narrowed to 21 basis points to 22 basis points.</p>
<p>Both Canadian and U.S. debt markets weakened after the U.S. Federal Reserve reported industrial production rose 0.9 percent in March, compared with expectations of a 0.6 percent rise. The Fed also reported that capacity utilization rose to 84.1 percent, compared with an 83.6 percent forecast.</p>
<p>The data increased speculation that the U.S. Federal Reserve will hike interest rates as early as May, putting pressure on both Canadian bond markets and the currency.  </p>
<p>In other prices, the Canadian 10-year benchmark bond fell C$0.33 to C$101.17 to yield 6.831 percent. The U.S. bond fell 12/32 to yield 6.93 percent.</p>
<p>The negative spread between the bonds widened to 10 basis points from eight basis points on Tuesday.</p>
<p>The three-month cash T-bill yielded 3.23 percent against its U.S. equivalent which yielded 5.30 percent.</p>
<p>((Jeffrey Hodgson (416) 941-8105, e-mail: jeffrey.hodgson@reuters.com))</p>
</text>
<copyright>(c) Reuters Limited 1997</copyright>
<metadata>
<codes class="bip:countries:1.0">
  <code code="CANA">
    <editdetail attribution="Reuters BIP Coding Group" action="confirmed" date="1997-04-16"/>
  </code>
</codes>
<codes class="bip:topics:1.0">
  <code code="M12">
    <editdetail attribution="Reuters BIP Coding Group" action="confirmed" date="1997-04-16"/>
  </code>
  <code code="MCAT">
    <editdetail attribution="Reuters BIP Coding Group" action="confirmed" date="1997-04-16"/>
  </code>
</codes>
<dc element="dc.date.created" value="1997-04-16"/>
<dc element="dc.publisher" value="Reuters Holdings Plc"/>
<dc element="dc.date.published" value="1997-04-16"/>
<dc element="dc.source" value="Reuters"/>
<dc element="dc.creator.location" value="TORONTO"/>
<dc element="dc.creator.location.country.name" value="CANADA"/>
<dc element="dc.source" value="Reuters"/>
</metadata>
</newsitem>
