<?xml version="1.0" encoding="iso-8859-1" ?>
<newsitem itemid="512198" id="root" date="1997-04-16" xml:lang="en">
<title>USA: VERITAS Software Corp Q1 shr rises.</title>
<headline>VERITAS Software Corp Q1 shr rises.</headline>
<dateline>MOUNTAIN VIEW, Calif. 1997-04-16</dateline>
<text>
<p>VERITAS SOFTWARE CORPORATION</p>
<p>				STATEMENT OF OPERATIONS</p>
<p>					UNAUDITED</p>
<p>		     (In thousands, except per share data)</p>
<p>							Three Months Ended</p>
<p>								March 31,</p>
<p>							 1997	    1996</p>
<p>Net revenues:</p>
<p>   User license fees			   $10,297	 $6,693</p>
<p>   Source license fees				--	    215</p>
<p>   Service and training			    742	    421</p>
<p>   Porting and contract			  1,415	    135</p>
<p>	     Total net revenues		 12,454	  7,464</p>
<p>Operating expenses:</p>
<p>   Cost of revenues				1,464	    598</p>
<p>   Product development			   3,044	  2,048</p>
<p>   Marketing and sales			   3,094	  1,521</p>
<p>   General and administrative		  1,011	    672</p>
<p>	     Total operating expenses	  8,613	  4,839</p>
<p> Operating income				  3,841	  2,625</p>
<p> Interest income, net				496	    380</p>
<p> Income before provision for income taxes  4,337	  3,005</p>
<p> Provision for income taxes			585	    391</p>
<p> Net income					  3,752	  2,614</p>
<p> Net income per share			     0.26	   0.19</p>
<p> Shares used in per share computation     14,686	 14,129</p>
<p>	     PROFORMA COMBINED NEW VERITAS SOFTWARE CORPORATION</p>
<p>				STATEMENT OF OPERATIONS</p>
<p>					UNAUDITED</p>
<p>		     (In thousands, except per share data)</p>
<p>						     Three Months Ended</p>
<p>							    March 31,</p>
<p>						     ProForma, unaudited</p>
<p>							 1997	    1996</p>
<p>Net revenues:</p>
<p>   User license fees			   $20,523	$12,281</p>
<p>   Service and training			  3,672	  2,667</p>
<p>   Porting and source			    1,415	    350</p>
<p>	     Total net revenues		 25,610	 15,298</p>
<p>Operating expenses:</p>
<p>   Cost of revenues				2,770	  1,511</p>
<p>   Product development			   5,794	  3,538</p>
<p>   Marketing and sales			   9,262	  5,628</p>
<p>   General and administrative		  2,135	  1,558</p>
<p>	     Total operating expenses	 19,961	 12,235</p>
<p> Operating income				  5,649	  3,063</p>
<p> Interest income, net				835	    177</p>
<p> Income before provision for income taxes  6,484	  3,240</p>
<p> Provision for income taxes		    1,067	    391</p>
<p> Net income					  5,417	  2,849</p>
<p> Net income per share			     0.25	   0.14</p>
<p> Shares used in per share computation     21,604	 19,704</p>
</text>
<copyright>(c) Reuters Limited 1997</copyright>
<metadata>
<codes class="bip:countries:1.0">
  <code code="USA">
    <editdetail attribution="Reuters BIP Coding Group" action="confirmed" date="1997-04-16"/>
  </code>
</codes>
<codes class="bip:industries:1.0">
  <code code="I33020">
    <editdetail attribution="Reuters BIP Coding Group" action="confirmed" date="1997-04-16"/>
  </code>
  <code code="I3302021">
    <editdetail attribution="Reuters BIP Coding Group" action="confirmed" date="1997-04-16"/>
  </code>
</codes>
<codes class="bip:topics:1.0">
  <code code="C15">
    <editdetail attribution="Reuters BIP Coding Group" action="confirmed" date="1997-04-16"/>
  </code>
  <code code="C151">
    <editdetail attribution="Reuters BIP Coding Group" action="confirmed" date="1997-04-16"/>
  </code>
  <code code="CCAT">
    <editdetail attribution="Reuters BIP Coding Group" action="confirmed" date="1997-04-16"/>
  </code>
</codes>
<dc element="dc.date.created" value="1997-04-16"/>
<dc element="dc.publisher" value="Reuters Holdings Plc"/>
<dc element="dc.date.published" value="1997-04-16"/>
<dc element="dc.source" value="Reuters"/>
<dc element="dc.creator.location" value="MOUNTAIN VIEW, Calif."/>
<dc element="dc.creator.location.country.name" value="USA"/>
<dc element="dc.source" value="Reuters"/>
</metadata>
</newsitem>
