<?xml version="1.0" encoding="iso-8859-1" ?>
<newsitem itemid="512172" id="root" date="1997-04-16" xml:lang="en">
<title>USA: Tetra Tech Inc Q2 net rises.</title>
<headline>Tetra Tech Inc Q2 net rises.</headline>
<dateline>PASADENA, Calif. 1997-04-16</dateline>
<text>
<p>Tetra Tech Inc.</p>
<p>		  Second Quarter Ended	Six Months Ended</p>
<p>		    Mar 30,     Mar 31,	Mar 30,	Mar 31,</p>
<p>			1997	  1996	   1997	   1996</p>
<p>Gross Revenue</p>
<p>		$55,545,000 $53,929,000 $110,431,000 $108,091,000</p>
<p>Net Revenue</p>
<p>		 43,914,000  40,076,000   84,337,000   78,099,000</p>
<p>Operating Income</p>
<p>		  4,892,000   4,119,000    9,285,000    7,849,000</p>
<p> Net Income   2,872,000   2,297,000    5,478,000    4,326,000</p>
<p>Average Shares</p>
<p>		 14,633,000  14,504,000   14,659,000   14,328,000</p>
<p> EPS		 20 cts	16 cts	 37 cts	 30 cts</p>
</text>
<copyright>(c) Reuters Limited 1997</copyright>
<metadata>
<codes class="bip:countries:1.0">
  <code code="USA">
    <editdetail attribution="Reuters BIP Coding Group" action="confirmed" date="1997-04-16"/>
  </code>
</codes>
<codes class="bip:industries:1.0">
  <code code="I83954">
    <editdetail attribution="Reuters BIP Coding Group" action="confirmed" date="1997-04-16"/>
  </code>
</codes>
<codes class="bip:topics:1.0">
  <code code="C15">
    <editdetail attribution="Reuters BIP Coding Group" action="confirmed" date="1997-04-16"/>
  </code>
  <code code="C151">
    <editdetail attribution="Reuters BIP Coding Group" action="confirmed" date="1997-04-16"/>
  </code>
  <code code="CCAT">
    <editdetail attribution="Reuters BIP Coding Group" action="confirmed" date="1997-04-16"/>
  </code>
</codes>
<dc element="dc.date.created" value="1997-04-16"/>
<dc element="dc.publisher" value="Reuters Holdings Plc"/>
<dc element="dc.date.published" value="1997-04-16"/>
<dc element="dc.source" value="Reuters"/>
<dc element="dc.creator.location" value="PASADENA, Calif."/>
<dc element="dc.creator.location.country.name" value="USA"/>
<dc element="dc.source" value="Reuters"/>
</metadata>
</newsitem>
