<?xml version="1.0" encoding="iso-8859-1" ?>
<newsitem itemid="512165" id="root" date="1997-04-16" xml:lang="en">
<title>USA: Raychem Q3 shr $1.49 vs $0.89.</title>
<headline>Raychem Q3 shr $1.49 vs $0.89.</headline>
<dateline>MENLO PARK, Calif 1997-04-16</dateline>
<text>
<p>(In thousands except per share amounts)</p>
<p>				  (Unaudited)</p>
<p>			   Three Months Ended    Nine Months Ended</p>
<p>				 March 31,		 March 31,</p>
<p>				1997	1996	 1997	 1996</p>
<p> Revenues	     $ 427,878 $ 417,819 $1,299,236 $1,239,385</p>
<p> Cost of goods sold   218,996   207,577    643,753    599,152</p>
<p>Research and</p>
<p>development expense</p>
<p>			     28,905    29,782     88,492     90,337</p>
<p>Selling, general,</p>
<p>and administrative</p>
<p>   expense		117,762   121,868    365,938    378,450</p>
<p>Provision for</p>
<p>restructuring and</p>
<p>   divestitures	  52,812    43,571     52,812     43,571</p>
<p>Loss on reorganization/</p>
<p>formation of</p>
<p>Ericsson Raynet joint</p>
<p>venture and other</p>
<p>   Raynet items		 -     2,103	    -	2,103</p>
<p>Equity in net (income)</p>
<p>losses of affiliated</p>
<p>   companies		    -     (843)	    -     28,017</p>
<p> Interest expense, net    675     1,867	2,860	7,883</p>
<p>Other expense</p>
<p>   (income), net	    440	 948   (13,696)    (1,825)</p>
<p>Income before income</p>
<p>   taxes		    8,288    10,946    159,077     91,697</p>
<p>(Credit) provision for</p>
<p>   income taxes	(60,165)  (30,762)   (34,531)    (7,543)</p>
<p> Net income		68,453    41,708    193,608     99,240</p>
<p>Average number of</p>
<p>common shares</p>
<p>and equivalents</p>
<p>   outstanding	   46,043    46,680     46,085     45,814</p>
<p>Net income per common</p>
<p>   share		     1.49	0.89	 4.20	 2.17</p>
<p>Dividends per</p>
<p>   common share	    0.14	0.10	 0.34	 0.26</p>
</text>
<copyright>(c) Reuters Limited 1997</copyright>
<metadata>
<codes class="bip:countries:1.0">
  <code code="USA">
    <editdetail attribution="Reuters BIP Coding Group" action="confirmed" date="1997-04-16"/>
  </code>
</codes>
<codes class="bip:industries:1.0">
  <code code="I34100">
    <editdetail attribution="Reuters BIP Coding Group" action="confirmed" date="1997-04-16"/>
  </code>
</codes>
<codes class="bip:topics:1.0">
  <code code="C15">
    <editdetail attribution="Reuters BIP Coding Group" action="confirmed" date="1997-04-16"/>
  </code>
  <code code="C151">
    <editdetail attribution="Reuters BIP Coding Group" action="confirmed" date="1997-04-16"/>
  </code>
  <code code="CCAT">
    <editdetail attribution="Reuters BIP Coding Group" action="confirmed" date="1997-04-16"/>
  </code>
</codes>
<dc element="dc.date.created" value="1997-04-16"/>
<dc element="dc.publisher" value="Reuters Holdings Plc"/>
<dc element="dc.date.published" value="1997-04-16"/>
<dc element="dc.source" value="Reuters"/>
<dc element="dc.creator.location" value="MENLO PARK, Calif"/>
<dc element="dc.creator.location.country.name" value="USA"/>
<dc element="dc.source" value="Reuters"/>
</metadata>
</newsitem>
