<?xml version="1.0" encoding="iso-8859-1" ?>
<newsitem itemid="512157" id="root" date="1997-04-16" xml:lang="en">
<title>USA: Cyrix stock rises in after-hours trading.</title>
<headline>Cyrix stock rises in after-hours trading.</headline>
<dateline>NEW YORK 1997-04-16</dateline>
<text>
<p>Cyrix Corp's stock rose to 21 in after-hours trading from its Nasdaq close at 17-3/4 as investors reacted to the release of the company's quarterly earnings late Wednesday afternoon, dealers said.</p>
<p>The rise was &quot;substantially due to its earnings,&quot; one trader said.</p>
<p>The company, which makes chips for the desktop personal computers, said first-quarter profit rose to $0.33 from $0.10 in the same period the previous year.</p>
<p>Cyrix attributed the rise to strong customer acceptance of its microprocessors, higher gross margins and improved manufacturing efficiencies.</p>
</text>
<copyright>(c) Reuters Limited 1997</copyright>
<metadata>
<codes class="bip:countries:1.0">
  <code code="USA">
    <editdetail attribution="Reuters BIP Coding Group" action="confirmed" date="1997-04-16"/>
  </code>
</codes>
<codes class="bip:industries:1.0">
  <code code="I34531">
    <editdetail attribution="Reuters BIP Coding Group" action="confirmed" date="1997-04-16"/>
  </code>
</codes>
<codes class="bip:topics:1.0">
  <code code="C15">
    <editdetail attribution="Reuters BIP Coding Group" action="confirmed" date="1997-04-16"/>
  </code>
  <code code="C152">
    <editdetail attribution="Reuters BIP Coding Group" action="confirmed" date="1997-04-16"/>
  </code>
  <code code="CCAT">
    <editdetail attribution="Reuters BIP Coding Group" action="confirmed" date="1997-04-16"/>
  </code>
</codes>
<dc element="dc.date.created" value="1997-04-16"/>
<dc element="dc.publisher" value="Reuters Holdings Plc"/>
<dc element="dc.date.published" value="1997-04-16"/>
<dc element="dc.source" value="Reuters"/>
<dc element="dc.creator.location" value="NEW YORK"/>
<dc element="dc.creator.location.country.name" value="USA"/>
<dc element="dc.source" value="Reuters"/>
</metadata>
</newsitem>
