<?xml version="1.0" encoding="iso-8859-1" ?>
<newsitem itemid="512146" id="root" date="1997-04-16" xml:lang="en">
<title>USA: Affiliated Computer Q3 net increases.</title>
<headline>Affiliated Computer Q3 net increases.</headline>
<dateline>DALLAS 1997-04-16</dateline>
<text>
<p>Three Months Ended  Nine Months Ended</p>
<p>					     March 31,     March 31,</p>
<p>					 1997    1996     1997     1996</p>
<p> Revenues			$156,389$ 99,062 $450,726 $279,708</p>
<p> Net income			10,038   5,735   27,701   16,468</p>
<p> Earnings per common share	.28     .21	.76	.59</p>
<p>Weighted average</p>
<p>   shares outstanding	  36,371  28,000   36,479   27,698</p>
<p>		    (in thousands except per share amounts)</p>
<p>NOTE:  The company's full name is Affiliated Computer Services Inc. Its third quarter ended March 31.</p>
</text>
<copyright>(c) Reuters Limited 1997</copyright>
<metadata>
<codes class="bip:countries:1.0">
  <code code="USA">
    <editdetail attribution="Reuters BIP Coding Group" action="confirmed" date="1997-04-16"/>
  </code>
</codes>
<codes class="bip:industries:1.0">
  <code code="I33030">
    <editdetail attribution="Reuters BIP Coding Group" action="confirmed" date="1997-04-16"/>
  </code>
</codes>
<codes class="bip:topics:1.0">
  <code code="C15">
    <editdetail attribution="Reuters BIP Coding Group" action="confirmed" date="1997-04-16"/>
  </code>
  <code code="C151">
    <editdetail attribution="Reuters BIP Coding Group" action="confirmed" date="1997-04-16"/>
  </code>
  <code code="CCAT">
    <editdetail attribution="Reuters BIP Coding Group" action="confirmed" date="1997-04-16"/>
  </code>
</codes>
<dc element="dc.date.created" value="1997-04-16"/>
<dc element="dc.publisher" value="Reuters Holdings Plc"/>
<dc element="dc.date.published" value="1997-04-16"/>
<dc element="dc.source" value="Reuters"/>
<dc element="dc.creator.location" value="DALLAS"/>
<dc element="dc.creator.location.country.name" value="USA"/>
<dc element="dc.source" value="Reuters"/>
</metadata>
</newsitem>
