<?xml version="1.0" encoding="iso-8859-1" ?>
<newsitem itemid="512196" id="root" date="1997-04-16" xml:lang="en">
<title>USA: Consolidated Eco-Systems net loss vs profit.</title>
<headline>Consolidated Eco-Systems net loss vs profit.</headline>
<dateline>JACKSON, Miss. 1997-04-16</dateline>
<text>
<p>1997			1996</p>
<p> Shr	   loss	 $0.32   profit	 $0.07</p>
<p> Net	   loss	 4,200   profit	   700</p>
<p> Revs			30,000		   21,000</p>
<p>(All data above 000s except per share numbers)</p>
<p>NOTE:  Net income for the fiscal 1997 included non-recurring charges of $4,120,000 from restructuring and adjustments, which include one-time charges of approximately $1.2 million primarily in acquisition-related stock options, approximately $1.1 million in work in progress adjustments for the fourth quarter, a bad debt write-off of approximately $745,000, approximately $375,000 in development expenses for new business, and approximately $700,000 in promotional and acquisition expenses.</p>
<p>Revenues have been restated to account for the poolings of interest with Larco Environmental Services Inc  and KR Industrial Service of Alabama Inc during 1996.</p>
</text>
<copyright>(c) Reuters Limited 1997</copyright>
<metadata>
<codes class="bip:countries:1.0">
  <code code="USA">
    <editdetail attribution="Reuters BIP Coding Group" action="confirmed" date="1997-04-16"/>
  </code>
</codes>
<codes class="bip:topics:1.0">
  <code code="C15">
    <editdetail attribution="Reuters BIP Coding Group" action="confirmed" date="1997-04-16"/>
  </code>
  <code code="C151">
    <editdetail attribution="Reuters BIP Coding Group" action="confirmed" date="1997-04-16"/>
  </code>
  <code code="C1511">
    <editdetail attribution="Reuters BIP Coding Group" action="confirmed" date="1997-04-16"/>
  </code>
  <code code="CCAT">
    <editdetail attribution="Reuters BIP Coding Group" action="confirmed" date="1997-04-16"/>
  </code>
</codes>
<dc element="dc.date.created" value="1997-04-16"/>
<dc element="dc.publisher" value="Reuters Holdings Plc"/>
<dc element="dc.date.published" value="1997-04-16"/>
<dc element="dc.source" value="Reuters"/>
<dc element="dc.creator.location" value="JACKSON, Miss."/>
<dc element="dc.creator.location.country.name" value="USA"/>
<dc element="dc.source" value="Reuters"/>
</metadata>
</newsitem>
