<?xml version="1.0" encoding="iso-8859-1" ?>
<newsitem itemid="512148" id="root" date="1997-04-16" xml:lang="en">
<title>USA: Planning Sciences sees &quot;small&quot; Q1 profit.</title>
<headline>Planning Sciences sees &quot;small&quot; Q1 profit.</headline>
<dateline>NEW YORK 1997-04-16</dateline>
<text>
<p>Planning Sciences International Plc Wednesday said it expects to make a &quot;small&quot; profit for the first quarter ended March 31.</p>
<p>The company also said it expects revenues for the first quarter to be between $6.7 and $7.2 million, as compared to $5.2 million for the same quarter last year.  Final results for the quarter will be released prior to the market opening on May 1.</p>
<p>Paul Rolph, Chairman and Chief Executive Officer, said &quot;this quarter's results have been disappointing ... several large potential orders were not booked in the United Kingdom in the quarter.&quot;  Rolph added that the company continues to pursue these orders, although no assurances can be given that they will be booked.</p>
<p>Rolph said, however, that the company is pleased with the progress made this quarter in the U.S. and that the company will continue to devote significant time to developing its U.S. business.</p>
<p>Planning Sciences supplies network-centric software for enterprise planning and decision making.</p>
</text>
<copyright>(c) Reuters Limited 1997</copyright>
<metadata>
<codes class="bip:countries:1.0">
  <code code="USA">
    <editdetail attribution="Reuters BIP Coding Group" action="confirmed" date="1997-04-16"/>
  </code>
</codes>
<codes class="bip:industries:1.0">
  <code code="I33020">
    <editdetail attribution="Reuters BIP Coding Group" action="confirmed" date="1997-04-16"/>
  </code>
</codes>
<codes class="bip:topics:1.0">
  <code code="C15">
    <editdetail attribution="Reuters BIP Coding Group" action="confirmed" date="1997-04-16"/>
  </code>
  <code code="C152">
    <editdetail attribution="Reuters BIP Coding Group" action="confirmed" date="1997-04-16"/>
  </code>
  <code code="CCAT">
    <editdetail attribution="Reuters BIP Coding Group" action="confirmed" date="1997-04-16"/>
  </code>
</codes>
<dc element="dc.date.created" value="1997-04-16"/>
<dc element="dc.publisher" value="Reuters Holdings Plc"/>
<dc element="dc.date.published" value="1997-04-16"/>
<dc element="dc.source" value="Reuters"/>
<dc element="dc.creator.location" value="NEW YORK"/>
<dc element="dc.creator.location.country.name" value="USA"/>
<dc element="dc.source" value="Reuters"/>
</metadata>
</newsitem>
