<?xml version="1.0" encoding="iso-8859-1" ?>
<newsitem itemid="512138" id="root" date="1997-04-16" xml:lang="en">
<title>USA: Datawatch sees lower Q2 earnings.</title>
<headline>Datawatch sees lower Q2 earnings.</headline>
<dateline>WILMINGTON, Mass. 1997-04-16</dateline>
<text>
<p>Datawatch Corp said on Wednesday that its profits for the second quarter ended March 31, 1997, will be below earnings of $0.05 a share reported in the year ago period.</p>
<p>The company said its results will be below analysts' expectations, but an exact figure of those expectations was not immediately available.</p>
<p>Revenues for the quarter are expected to be about $8.2 million, which is what the company reported in the first quarter, Datawatch said.  </p>
<p>Datawatch, a software maker, said its Monarch unit's revenues have been hurt by stale promotional materials, which have since been &quot;refreshed&quot; for promotions starting this quarter.</p>
<p>The company's sales of Quetzal helped its second quarter earnings and offset the decline of sales in its Monarch product line, Datawatch said.</p>
</text>
<copyright>(c) Reuters Limited 1997</copyright>
<metadata>
<codes class="bip:countries:1.0">
  <code code="USA">
    <editdetail attribution="Reuters BIP Coding Group" action="confirmed" date="1997-04-16"/>
  </code>
</codes>
<codes class="bip:industries:1.0">
  <code code="I33020">
    <editdetail attribution="Reuters BIP Coding Group" action="confirmed" date="1997-04-16"/>
  </code>
  <code code="I3302021">
    <editdetail attribution="Reuters BIP Coding Group" action="confirmed" date="1997-04-16"/>
  </code>
</codes>
<codes class="bip:topics:1.0">
  <code code="C15">
    <editdetail attribution="Reuters BIP Coding Group" action="confirmed" date="1997-04-16"/>
  </code>
  <code code="C152">
    <editdetail attribution="Reuters BIP Coding Group" action="confirmed" date="1997-04-16"/>
  </code>
  <code code="CCAT">
    <editdetail attribution="Reuters BIP Coding Group" action="confirmed" date="1997-04-16"/>
  </code>
</codes>
<dc element="dc.date.created" value="1997-04-16"/>
<dc element="dc.publisher" value="Reuters Holdings Plc"/>
<dc element="dc.date.published" value="1997-04-16"/>
<dc element="dc.source" value="Reuters"/>
<dc element="dc.creator.location" value="WILMINGTON, Mass."/>
<dc element="dc.creator.location.country.name" value="USA"/>
<dc element="dc.source" value="Reuters"/>
</metadata>
</newsitem>
