<?xml version="1.0" encoding="iso-8859-1" ?>
<newsitem itemid="512246" id="root" date="1997-04-16" xml:lang="en">
<title>USA: Harmonic Lightwaves Q1 shr rises to $0.18.</title>
<headline>Harmonic Lightwaves Q1 shr rises to $0.18.</headline>
<dateline>SUNNYVALE, Calif. 1997-04-16</dateline>
<text>
<p>Harmonic Lightwaves, Inc.</p>
<p>		  Condensed Consolidated Statements of Operations</p>
<p>			 (In thousands, except per share data)</p>
<p>					(Unaudited)</p>
<p>						     Three months ended</p>
<p>						     Mar 28,	Mar 29,</p>
<p>							  1997	   1996</p>
<p> Net sales					$ 19,033     $ 11,242</p>
<p> Cost of sales				    10,042	  6,282</p>
<p> Gross profit					8,991	  4,960</p>
<p>Operating expenses:</p>
<p>   Research and development		    2,791	  1,893</p>
<p>   Sales and marketing			   2,863	  1,967</p>
<p>   General and administrative		  1,110	    664</p>
<p> Total operating expenses			6,764	  4,524</p>
<p> Income from operations			  2,227	    436</p>
<p> Interest and other income (expense), net    241	    244</p>
<p> Income before income taxes		    2,468	    680</p>
<p> Provision for income taxes			370	     34</p>
<p> Net income					  2,098	    646</p>
<p> Net income per share			     0.18	   0.06</p>
<p>Weighted average common shares</p>
<p>  and equivalents				 11,568	 11,174</p>
</text>
<copyright>(c) Reuters Limited 1997</copyright>
<metadata>
<codes class="bip:countries:1.0">
  <code code="USA">
    <editdetail attribution="Reuters BIP Coding Group" action="confirmed" date="1997-04-16"/>
  </code>
</codes>
<codes class="bip:industries:1.0">
  <code code="I34400">
    <editdetail attribution="Reuters BIP Coding Group" action="confirmed" date="1997-04-16"/>
  </code>
</codes>
<codes class="bip:topics:1.0">
  <code code="C15">
    <editdetail attribution="Reuters BIP Coding Group" action="confirmed" date="1997-04-16"/>
  </code>
  <code code="C151">
    <editdetail attribution="Reuters BIP Coding Group" action="confirmed" date="1997-04-16"/>
  </code>
  <code code="CCAT">
    <editdetail attribution="Reuters BIP Coding Group" action="confirmed" date="1997-04-16"/>
  </code>
</codes>
<dc element="dc.date.created" value="1997-04-16"/>
<dc element="dc.publisher" value="Reuters Holdings Plc"/>
<dc element="dc.date.published" value="1997-04-16"/>
<dc element="dc.source" value="Reuters"/>
<dc element="dc.creator.location" value="SUNNYVALE, Calif."/>
<dc element="dc.creator.location.country.name" value="USA"/>
<dc element="dc.source" value="Reuters"/>
</metadata>
</newsitem>
