<?xml version="1.0" encoding="iso-8859-1" ?>
<newsitem itemid="512275" id="root" date="1997-04-16" xml:lang="en">
<title>USA: Interstate General to restructure as REIT.</title>
<headline>Interstate General to restructure as REIT.</headline>
<dateline>ST. CHARLES, Md. 1997-04-16</dateline>
<text>
<p>Interstate General Co LP said Wednesday it will pursue a restructuring plan that will transform it from a master limited partnership into a real estate investment trust (REIT).</p>
<p>The company said the plan is a modification of one originally announced in December.</p>
<p>Under the new plan, the company's investment apartment properties and land development assets would be placed into an entity, American Community Properties Trust (ACPT), that would benefit from the rules that govern REITs, and raise about $40 million through a securities offering.</p>
<p>IGC said it wants a structure better accepted by Wall Street than the master limited partnership, and hopes to accomplish the change in the third quarter of 1997.</p>
<p>ACPT would not, said the company, receive several IGC subsidiaries that do not qualify for a REIT, two of which have posted losses for the past several years.</p>
<p>And ACPT would not be encumbered by the expenses and liabilities related to IGC's four felony convictions for wetlands violations on commercial property in St. Charles, Md.</p>
<p>A final detailed restructuring plan is subject to approvals from IGC unitholders, said the company, its outsdie shareholders, certain government agencies and creditors.</p>
</text>
<copyright>(c) Reuters Limited 1997</copyright>
<metadata>
<codes class="bip:countries:1.0">
  <code code="USA">
    <editdetail attribution="Reuters BIP Coding Group" action="confirmed" date="1997-04-16"/>
  </code>
</codes>
<codes class="bip:industries:1.0">
  <code code="I85000">
    <editdetail attribution="Reuters BIP Coding Group" action="confirmed" date="1997-04-16"/>
  </code>
</codes>
<codes class="bip:topics:1.0">
  <code code="C11">
    <editdetail attribution="Reuters BIP Coding Group" action="confirmed" date="1997-04-16"/>
  </code>
  <code code="CCAT">
    <editdetail attribution="Reuters BIP Coding Group" action="confirmed" date="1997-04-16"/>
  </code>
</codes>
<dc element="dc.date.created" value="1997-04-16"/>
<dc element="dc.publisher" value="Reuters Holdings Plc"/>
<dc element="dc.date.published" value="1997-04-16"/>
<dc element="dc.source" value="Reuters"/>
<dc element="dc.creator.location" value="ST. CHARLES, Md."/>
<dc element="dc.creator.location.country.name" value="USA"/>
<dc element="dc.source" value="Reuters"/>
</metadata>
</newsitem>
