<?xml version="1.0" encoding="iso-8859-1" ?>
<newsitem itemid="512244" id="root" date="1997-04-16" xml:lang="en">
<title>USA: INTERVIEW - Ultramar CEO says bigger is better.</title>
<headline>INTERVIEW - Ultramar CEO says bigger is better.</headline>
<byline>Oliver Ludwig</byline>
<dateline>NEW YORK 1997-04-16</dateline>
<text>
<p>Ultramar Diamond Shamrock Corp, which Tuesday said it will buy Total SA's North American unit for $811 million, is likely to be hunting for more refining assets after it digests its latest acquisition, the company's top executive said.</p>
<p>&quot;After we swallow this acquistion, maybe we'll be more aggressive. But for now we have to focus on the integration,&quot; Ultramar Diamond Chief Executive Roger Hemminghaus told Reuters in a telephone interview Wednesday.</p>
<p>But bigger is better, says Hemminghaus, and he plans for Ultramar to be a survivor in what he sees as the continuing shakeout in U.S. downstream oil sector.</p>
<p>&quot;I see the industry continuing to go through consolidation. We'll continue obviously to look for possibilities to expand our throughput,&quot; Hemminghaus said.</p>
<p>He said Ultramar would focus its acquisition efforts in areas where it already has a strategic presence. The Total deal includes three small refineries and retail assets in Colorado, Oklahoma and Michigan, and dovetails with Ultramar's operating areas in the U.S. Southwest and eastern Canada.</p>
<p>&quot;We've told people that if there are pieces that fall out of (other) joint venture and consolidations, and if they're in our marketing sphere, then maybe we'd be interested,&quot; he said.</p>
<p>Among the wave of mergers and takeovers in the past year was the largest in the industry's history -- Shell Oil and Texaco are merging their $10 billion of U.S. refining assets in a deal which is expected to include the Texaco/Saudi Aramco joint venture, Star Enterprises.</p>
<p>Also, Tosco Corp bought assets from BP America, Unocal sold California and MidWest downstream assets to Tosco and Petroleos de Venezuela, respectivley, and Valero Energy Corp bought Salomon Brothers refineries.</p>
<p>After its latest buy, Hemminghaus's company -- itself a result of last year's Ultramar merger with Diamond Shamrock -- ends up with about 650,000 barrels per day throughput, ranking about eighth largest refiner in the U.S.</p>
<p>Pressed on whether the three Total refineries lack the critical mass to be money makers in the fiercely competitive U.S. refining sector, Hemminghaus said the Denver, Colo., and Alma, Mich., plants are in niche markets that obviate many competitive concerns that exist in busier markets.</p>
<p>He also noted that Total has spent $250 million in the last five years at the Ardmore, Okla., refinery aimed at running cheaper West Texas Sour crudes that will cut operating costs.</p>
<p>&quot;That's a significant advantage to run lower-cost crudes in that part of the country,&quot; Hemminghaus said, noting the Oklahoma plant can now run 70 percent WTS.</p>
<p>He also said Ultramar plans to expand the Ardmore refinery over the next two years so that it can handle about 85,000 barrels per day (bpd) of crude, up from 68,000 bpd currently.</p>
<p>&quot;I think we can add significant value by increasing throughput and running the cheaper crude,&quot; he said.</p>
<p>&quot;This deal is a key step of the strategy of improving our overall competitive position and reducing our cost-per-barrel structure,&quot; the Ultramar chief said.</p>
<p>The merged company will have seven refineries, 6,381 branded outlets in 19 states and six Canadian provinces, and over 23,000 employees.</p>
<p>Hemminghaus reckons job cuts will total about 200, mainly non-union white collar workers in corporate and administrative positions.</p>
<p>-- New York Energy Desk, 1 212 859 1633</p>
</text>
<copyright>(c) Reuters Limited 1997</copyright>
<metadata>
<codes class="bip:countries:1.0">
  <code code="USA">
    <editdetail attribution="Reuters BIP Coding Group" action="confirmed" date="1997-04-16"/>
  </code>
</codes>
<codes class="bip:industries:1.0">
  <code code="I13000">
    <editdetail attribution="Reuters BIP Coding Group" action="confirmed" date="1997-04-16"/>
  </code>
  <code code="I1300003">
    <editdetail attribution="Reuters BIP Coding Group" action="confirmed" date="1997-04-16"/>
  </code>
  <code code="I14000">
    <editdetail attribution="Reuters BIP Coding Group" action="confirmed" date="1997-04-16"/>
  </code>
  <code code="I83100">
    <editdetail attribution="Reuters BIP Coding Group" action="confirmed" date="1997-04-16"/>
  </code>
</codes>
<codes class="bip:topics:1.0">
  <code code="C11">
    <editdetail attribution="Reuters BIP Coding Group" action="confirmed" date="1997-04-16"/>
  </code>
  <code code="C15">
    <editdetail attribution="Reuters BIP Coding Group" action="confirmed" date="1997-04-16"/>
  </code>
  <code code="C152">
    <editdetail attribution="Reuters BIP Coding Group" action="confirmed" date="1997-04-16"/>
  </code>
  <code code="C18">
    <editdetail attribution="Reuters BIP Coding Group" action="confirmed" date="1997-04-16"/>
  </code>
  <code code="C181">
    <editdetail attribution="Reuters BIP Coding Group" action="confirmed" date="1997-04-16"/>
  </code>
  <code code="CCAT">
    <editdetail attribution="Reuters BIP Coding Group" action="confirmed" date="1997-04-16"/>
  </code>
</codes>
<dc element="dc.date.created" value="1997-04-16"/>
<dc element="dc.publisher" value="Reuters Holdings Plc"/>
<dc element="dc.date.published" value="1997-04-16"/>
<dc element="dc.source" value="Reuters"/>
<dc element="dc.creator.location" value="NEW YORK"/>
<dc element="dc.creator.location.country.name" value="USA"/>
<dc element="dc.source" value="Reuters"/>
</metadata>
</newsitem>
