<?xml version="1.0" encoding="iso-8859-1" ?>
<newsitem itemid="512277" id="root" date="1997-04-16" xml:lang="en">
<title>USA: Food Court Entertainment Q4 full results.</title>
<headline>Food Court Entertainment Q4 full results.</headline>
<dateline>NEW YORK 1997-04-16</dateline>
<text>
<p>Year ended</p>
<p>				    December 31</p>
<p>					  1995			  1996</p>
<p> Advertising Revenues	  $   ---		   $  122,260</p>
<p>Operating Expenses</p>
<p> Sales &amp; Marketing		   ---			560,513</p>
<p> Programming			   ---		    1,314,340</p>
<p> Network Costs			 ---		    1,228,557</p>
<p> General &amp; Administrative    620,380		    2,339,523</p>
<p> Development costs	   4,665,147		    1,104,316</p>
<p> Total Operating Expense   5,285,527		    6,547,249</p>
<p>Operating income (loss)</p>
<p>				 (5,285,527)		  (6,424,989)</p>
<p>Other (income) expenses:</p>
<p> Interest expenses	     616,637			 16,500</p>
<p>Interest and other (income)</p>
<p>				    (65,313)		    (171,057)</p>
<p> Net loss		    (5,836,851)		  (6,270,432)</p>
<p>Net loss per share of</p>
<p> common stock		     (2.32)			 (1.32)</p>
<p> Number of common share    2,413,975		    4,738,565</p>
<p>and common share equivalents</p>
<p>((-- New York Newsdesk 212 859-1610))</p>
</text>
<copyright>(c) Reuters Limited 1997</copyright>
<metadata>
<codes class="bip:countries:1.0">
  <code code="USA">
    <editdetail attribution="Reuters BIP Coding Group" action="confirmed" date="1997-04-16"/>
  </code>
</codes>
<codes class="bip:topics:1.0">
  <code code="C15">
    <editdetail attribution="Reuters BIP Coding Group" action="confirmed" date="1997-04-16"/>
  </code>
  <code code="C151">
    <editdetail attribution="Reuters BIP Coding Group" action="confirmed" date="1997-04-16"/>
  </code>
  <code code="C1511">
    <editdetail attribution="Reuters BIP Coding Group" action="confirmed" date="1997-04-16"/>
  </code>
  <code code="CCAT">
    <editdetail attribution="Reuters BIP Coding Group" action="confirmed" date="1997-04-16"/>
  </code>
</codes>
<dc element="dc.date.created" value="1997-04-16"/>
<dc element="dc.publisher" value="Reuters Holdings Plc"/>
<dc element="dc.date.published" value="1997-04-16"/>
<dc element="dc.source" value="Reuters"/>
<dc element="dc.creator.location" value="NEW YORK"/>
<dc element="dc.creator.location.country.name" value="USA"/>
<dc element="dc.source" value="Reuters"/>
</metadata>
</newsitem>
