<?xml version="1.0" encoding="iso-8859-1" ?>
<newsitem itemid="512268" id="root" date="1997-04-16" xml:lang="en">
<title>USA: U.S tobacco industry talks trigger debt tightening.</title>
<headline>U.S tobacco industry talks trigger debt tightening.</headline>
<dateline>NEW YORK 1997-04-16</dateline>
<text>
<p>Spreads on tobacco bonds tightened on Wednesday after news hit the Street that tobacco executives were in negotiations with state attorneys general on a possible settlement of litigation against the industry.</p>
<p>&quot;Tobacco debt was tighter today, specifically, the longer paper,&quot; said one high-grade trader.</p>
<p>Among 10-year sector paper, RJR Nabisco debt due 2005 was tighter by five to ten basis points at a 205 bid, 200 offer.</p>
<p>Philip Morris' 7.20 percent paper due 2007 was quoted tighter by about three basis points at an 85 bid, 80 offer, traders said.  </p>
<p>Pressure had been steadily building on the tobacco industry to seek a resolution to mounting lawsuits and other legal developments against it.</p>
<p>Last month, Liggett Group, owned by Brooke Groupe Ltd, reached a historic settlement with attorneys general, becoming the first tobacco firm to admit that nicotine is addictive.</p>
<p>It also agreed to turn over internal documents that could prove damaging to the entire industry.</p>
<p>Meanwhile, shorter-dated tobacco paper was seen a touch tighter to unchanged, traders said.</p>
<p>Phillip Morris' 7-1/2s of 2002 were quoted 68 basis points bid, 63 offer. RJR's 8-5/8's of 2002 were trading at a 170 basis point bid, while the 7.625's of 2003 were bid at 195.</p>
<p>( -- Nancy Leinfuss, 212-859-1675 ))</p>
</text>
<copyright>(c) Reuters Limited 1997</copyright>
<metadata>
<codes class="bip:countries:1.0">
  <code code="USA">
    <editdetail attribution="Reuters BIP Coding Group" action="confirmed" date="1997-04-16"/>
  </code>
</codes>
<codes class="bip:industries:1.0">
  <code code="I42900">
    <editdetail attribution="Reuters BIP Coding Group" action="confirmed" date="1997-04-16"/>
  </code>
</codes>
<codes class="bip:topics:1.0">
  <code code="C12">
    <editdetail attribution="Reuters BIP Coding Group" action="confirmed" date="1997-04-16"/>
  </code>
  <code code="C15">
    <editdetail attribution="Reuters BIP Coding Group" action="confirmed" date="1997-04-16"/>
  </code>
  <code code="C152">
    <editdetail attribution="Reuters BIP Coding Group" action="confirmed" date="1997-04-16"/>
  </code>
  <code code="CCAT">
    <editdetail attribution="Reuters BIP Coding Group" action="confirmed" date="1997-04-16"/>
  </code>
  <code code="GCAT">
    <editdetail attribution="Reuters BIP Coding Group" action="confirmed" date="1997-04-16"/>
  </code>
  <code code="GCRIM">
    <editdetail attribution="Reuters BIP Coding Group" action="confirmed" date="1997-04-16"/>
  </code>
</codes>
<dc element="dc.date.created" value="1997-04-16"/>
<dc element="dc.publisher" value="Reuters Holdings Plc"/>
<dc element="dc.date.published" value="1997-04-16"/>
<dc element="dc.source" value="Reuters"/>
<dc element="dc.creator.location" value="NEW YORK"/>
<dc element="dc.creator.location.country.name" value="USA"/>
<dc element="dc.source" value="Reuters"/>
</metadata>
</newsitem>
