<?xml version="1.0" encoding="iso-8859-1" ?>
<newsitem itemid="512223" id="root" date="1997-04-16" xml:lang="en">
<title>USA: Racotek Inc Q1 loss narrows.</title>
<headline>Racotek Inc Q1 loss narrows.</headline>
<dateline>MINNEAPOLIS 1997-04-16</dateline>
<text>
<p>For the three months</p>
<p>							 ended Mar. 31</p>
<p>							1997	     1996</p>
<p>Net revenues:</p>
<p>  Products					 $ 189	    $ 362</p>
<p>  Services					 1,550	    1,185</p>
<p>						     1,739	    1,547</p>
<p>Cost and expenses:</p>
<p>  Cost of products				 179	    1,284</p>
<p>  Cost of services			     1,080		961</p>
<p>  Research and development		   1,025	    1,038</p>
<p>  Sales and marketing			  1,529	    1,904</p>
<p>  General and administrative		   478		725</p>
<p>   Loss from operations		    (2,552)	  (4,365)</p>
<p> Other, principally interest income	  127		173</p>
<p>  Net Loss				     (2,425)	  (4,192)</p>
<p> Net loss per share			   (0.10)	   (0.17)</p>
<p> Number of shares used in computations  24,863	   24,107</p>
<p>	    (000's omitted except for per share information)</p>
<p>	    ((--Chicago newsdesk, 312-408-8787))</p>
</text>
<copyright>(c) Reuters Limited 1997</copyright>
<metadata>
<codes class="bip:countries:1.0">
  <code code="USA">
    <editdetail attribution="Reuters BIP Coding Group" action="confirmed" date="1997-04-16"/>
  </code>
</codes>
<codes class="bip:industries:1.0">
  <code code="I34400">
    <editdetail attribution="Reuters BIP Coding Group" action="confirmed" date="1997-04-16"/>
  </code>
</codes>
<codes class="bip:topics:1.0">
  <code code="C15">
    <editdetail attribution="Reuters BIP Coding Group" action="confirmed" date="1997-04-16"/>
  </code>
  <code code="C151">
    <editdetail attribution="Reuters BIP Coding Group" action="confirmed" date="1997-04-16"/>
  </code>
  <code code="CCAT">
    <editdetail attribution="Reuters BIP Coding Group" action="confirmed" date="1997-04-16"/>
  </code>
</codes>
<dc element="dc.date.created" value="1997-04-16"/>
<dc element="dc.publisher" value="Reuters Holdings Plc"/>
<dc element="dc.date.published" value="1997-04-16"/>
<dc element="dc.source" value="Reuters"/>
<dc element="dc.creator.location" value="MINNEAPOLIS"/>
<dc element="dc.creator.location.country.name" value="USA"/>
<dc element="dc.source" value="Reuters"/>
</metadata>
</newsitem>
