<?xml version="1.0" encoding="iso-8859-1" ?>
<newsitem itemid="512250" id="root" date="1997-04-16" xml:lang="en">
<title>USA: Gillete shares jump before Q1 report.</title>
<headline>Gillete shares jump before Q1 report.</headline>
<dateline>NEW YORK 1997-04-15</dateline>
<text>
<p>Gillette Co shares rose over five percent on Wednesday in anticipation the consumer products company would post strong first quarter results after Colgate-Palmolive reported earnings that beat expectations, analysts said.</p>
<p>&quot;I think there's a connection (to Colgate), but more, there's a lot of anticipation,&quot; J.P. Morgan analyst Michael Grant said. &quot;People expect good things&quot; from Gillette's first quarter earnings report due Thursday.</p>
<p>Gillette rose 4-1/8 to 81-3/4.</p>
</text>
<copyright>(c) Reuters Limited 1997</copyright>
<metadata>
<codes class="bip:countries:1.0">
  <code code="USA">
    <editdetail attribution="Reuters BIP Coding Group" action="confirmed" date="1997-04-16"/>
  </code>
</codes>
<codes class="bip:industries:1.0">
  <code code="I25800">
    <editdetail attribution="Reuters BIP Coding Group" action="confirmed" date="1997-04-16"/>
  </code>
</codes>
<codes class="bip:topics:1.0">
  <code code="C15">
    <editdetail attribution="Reuters BIP Coding Group" action="confirmed" date="1997-04-16"/>
  </code>
  <code code="C151">
    <editdetail attribution="Reuters BIP Coding Group" action="confirmed" date="1997-04-16"/>
  </code>
  <code code="C152">
    <editdetail attribution="Reuters BIP Coding Group" action="confirmed" date="1997-04-16"/>
  </code>
  <code code="CCAT">
    <editdetail attribution="Reuters BIP Coding Group" action="confirmed" date="1997-04-16"/>
  </code>
</codes>
<dc element="dc.date.created" value="1997-04-15"/>
<dc element="dc.publisher" value="Reuters Holdings Plc"/>
<dc element="dc.date.published" value="1997-04-16"/>
<dc element="dc.source" value="Reuters"/>
<dc element="dc.creator.location" value="NEW YORK"/>
<dc element="dc.creator.location.country.name" value="USA"/>
<dc element="dc.source" value="Reuters"/>
</metadata>
</newsitem>
