<?xml version="1.0" encoding="iso-8859-1" ?>
<newsitem itemid="512205" id="root" date="1997-04-16" xml:lang="en">
<title>USA: DSC Communications Q1 shr $0.14 vs $0.10. [CORRECTED 22:57 GMT]</title>
<headline>DSC Communications Q1 shr $0.14 vs $0.10. [CORRECTED 22:57 GMT]</headline>
<dateline>DALLAS 1997-04-16</dateline>
<text>
<p>1997		     1996</p>
<p> Net shr	   $0.14		    $0.10</p>
<p> Net		 16,360		   11,525</p>
<p> Revs	     346,203		  307,897</p>
<p>(Company corrects 1997 revenues from 334,203)</p>
<p> Avg shrs	 119,075		  118,353</p>
<p>(All data above 000s except per share numbers)</p>
<p>Note: Analyst consensus for quarterly earnings was $0.12, according to First Call.</p>
</text>
<copyright>(c) Reuters Limited 1997</copyright>
<metadata>
<codes class="bip:countries:1.0">
  <code code="USA">
    <editdetail attribution="Reuters BIP Coding Group" action="confirmed" date="1997-04-16"/>
  </code>
</codes>
<codes class="bip:industries:1.0">
  <code code="I34400">
    <editdetail attribution="Reuters BIP Coding Group" action="confirmed" date="1997-04-16"/>
  </code>
</codes>
<codes class="bip:topics:1.0">
  <code code="C15">
    <editdetail attribution="Reuters BIP Coding Group" action="confirmed" date="1997-04-16"/>
  </code>
  <code code="C151">
    <editdetail attribution="Reuters BIP Coding Group" action="confirmed" date="1997-04-16"/>
  </code>
  <code code="CCAT">
    <editdetail attribution="Reuters BIP Coding Group" action="confirmed" date="1997-04-16"/>
  </code>
</codes>
<dc element="dc.date.created" value="1997-04-16"/>
<dc element="dc.publisher" value="Reuters Holdings Plc"/>
<dc element="dc.date.published" value="1997-04-16"/>
<dc element="dc.source" value="Reuters"/>
<dc element="dc.creator.location" value="DALLAS"/>
<dc element="dc.creator.location.country.name" value="USA"/>
<dc element="dc.source" value="Reuters"/>
</metadata>
</newsitem>
