<?xml version="1.0" encoding="iso-8859-1" ?>
<newsitem itemid="512242" id="root" date="1997-04-16" xml:lang="en">
<title>USA: Sandisk Q1 shr dips.</title>
<headline>Sandisk Q1 shr dips.</headline>
<dateline>SUNNYVALE, Calif. 1997-04-16</dateline>
<text>
<p>SanDisk Corp.</p>
<p>	     Condensed Consolidated Statements of Operations</p>
<p>	     (In thousands, except per share data; unaudited)</p>
<p>					Three months ended</p>
<p>					March 31,</p>
<p>						  1997		   1996</p>
<p>Revenues:</p>
<p> Product				   $18,194		$19,489</p>
<p> Royalty				     3,250		  1,250</p>
<p> Total revenues			   21,444		 20,739</p>
<p> Cost of sales			    12,965		 12,722</p>
<p> Gross profits			     8,479		  8,017</p>
<p>Operating expenses:</p>
<p>  Research and development	     3,001		  2,145</p>
<p>  Sales and marketing		    2,561		  2,010</p>
<p>  General and administrative	   1,377		  1,364</p>
<p> Total operating expenses		6,939		  5,519</p>
<p>Operating income			   1,540		  2,498</p>
<p>Interest and other income, net	   955		    751</p>
<p>Income before taxes			2,495		  3,249</p>
<p>Provision for income taxes		 370		    195</p>
<p>Net income				 $ 2,125		$ 3,054</p>
<p>Net income per share		   $  0.09		$  0.13</p>
<p>Shares used in computing net income</p>
<p>per share				   24,107		 24,203</p>
</text>
<copyright>(c) Reuters Limited 1997</copyright>
<metadata>
<codes class="bip:countries:1.0">
  <code code="USA">
    <editdetail attribution="Reuters BIP Coding Group" action="confirmed" date="1997-04-16"/>
  </code>
</codes>
<codes class="bip:industries:1.0">
  <code code="I33020">
    <editdetail attribution="Reuters BIP Coding Group" action="confirmed" date="1997-04-16"/>
  </code>
  <code code="I3302019">
    <editdetail attribution="Reuters BIP Coding Group" action="confirmed" date="1997-04-16"/>
  </code>
</codes>
<codes class="bip:topics:1.0">
  <code code="C15">
    <editdetail attribution="Reuters BIP Coding Group" action="confirmed" date="1997-04-16"/>
  </code>
  <code code="C151">
    <editdetail attribution="Reuters BIP Coding Group" action="confirmed" date="1997-04-16"/>
  </code>
  <code code="CCAT">
    <editdetail attribution="Reuters BIP Coding Group" action="confirmed" date="1997-04-16"/>
  </code>
</codes>
<dc element="dc.date.created" value="1997-04-16"/>
<dc element="dc.publisher" value="Reuters Holdings Plc"/>
<dc element="dc.date.published" value="1997-04-16"/>
<dc element="dc.source" value="Reuters"/>
<dc element="dc.creator.location" value="SUNNYVALE, Calif."/>
<dc element="dc.creator.location.country.name" value="USA"/>
<dc element="dc.source" value="Reuters"/>
</metadata>
</newsitem>
