<?xml version="1.0" encoding="iso-8859-1" ?>
<newsitem itemid="512306" id="root" date="1997-04-16" xml:lang="en">
<title>USA: Focus Enhancements Q1 net profit vs loss.</title>
<headline>Focus Enhancements Q1 net profit vs loss.</headline>
<dateline>SUDBURY, Mass. 1997-04-16</dateline>
<text>
<p>(Amounts in thousands, except per share data)</p>
<p>						 Three Months Ended</p>
<p>						  March 31,</p>
<p>					     1997		1996</p>
<p> Net Sales			     $4,802	     $3,802</p>
<p> Net income (loss)			 16	   ( 3,645)</p>
<p>Net income (loss) per share</p>
<p> - Primary				 0.00	    ( 0.49)</p>
<p> - Fully Diluted			 0.00		  N/A</p>
<p>Weighted average common and</p>
<p>common equivalent shares</p>
<p> - Primary			     12,158		7,383</p>
<p> - Fully Diluted		     12,158		  N/A</p>
<p>NOTE: The full name of company is Focus Enhancements Inc.</p>
</text>
<copyright>(c) Reuters Limited 1997</copyright>
<metadata>
<codes class="bip:countries:1.0">
  <code code="USA">
    <editdetail attribution="Reuters BIP Coding Group" action="confirmed" date="1997-04-16"/>
  </code>
</codes>
<codes class="bip:industries:1.0">
  <code code="I33020">
    <editdetail attribution="Reuters BIP Coding Group" action="confirmed" date="1997-04-16"/>
  </code>
</codes>
<codes class="bip:topics:1.0">
  <code code="C15">
    <editdetail attribution="Reuters BIP Coding Group" action="confirmed" date="1997-04-16"/>
  </code>
  <code code="C151">
    <editdetail attribution="Reuters BIP Coding Group" action="confirmed" date="1997-04-16"/>
  </code>
  <code code="CCAT">
    <editdetail attribution="Reuters BIP Coding Group" action="confirmed" date="1997-04-16"/>
  </code>
</codes>
<dc element="dc.date.created" value="1997-04-16"/>
<dc element="dc.publisher" value="Reuters Holdings Plc"/>
<dc element="dc.date.published" value="1997-04-16"/>
<dc element="dc.source" value="Reuters"/>
<dc element="dc.creator.location" value="SUDBURY, Mass."/>
<dc element="dc.creator.location.country.name" value="USA"/>
<dc element="dc.source" value="Reuters"/>
</metadata>
</newsitem>
