<?xml version="1.0" encoding="iso-8859-1" ?>
<newsitem itemid="512316" id="root" date="1997-04-16" xml:lang="en">
<title>USA: Citation Corp Q2 net rises.</title>
<headline>Citation Corp Q2 net rises.</headline>
<dateline>BIRMINGHAM, Ala. 1997-04-16</dateline>
<text>
<p>Second Quarter Ended</p>
<p>				(000 except per share)</p>
<p>				  30 Mar	  31 Mar</p>
<p>				    1997	   1996</p>
<p> Sales			$170,435	$120,955</p>
<p> Net Income		    6,389	   5,296</p>
<p> Earnings per Share	   0.36	    0.30</p>
<p>Avg. Number of Shares</p>
<p>  Outstanding	     17,725.9	17,675.5</p>
<p>				   Six Months Ended</p>
<p>				  30 Mar	  31 Mar</p>
<p>				    1997	   1996</p>
<p> Sales			$310,921	$212,716</p>
<p> Net Income		    9,863	   8,424</p>
<p> Earnings per Share	   0.56	    0.48</p>
<p>Avg. Number of Shares</p>
<p>  Outstanding	     17,722.2	17,675.5</p>
</text>
<copyright>(c) Reuters Limited 1997</copyright>
<metadata>
<codes class="bip:countries:1.0">
  <code code="USA">
    <editdetail attribution="Reuters BIP Coding Group" action="confirmed" date="1997-04-16"/>
  </code>
</codes>
<codes class="bip:industries:1.0">
  <code code="I22100">
    <editdetail attribution="Reuters BIP Coding Group" action="confirmed" date="1997-04-16"/>
  </code>
</codes>
<codes class="bip:topics:1.0">
  <code code="C15">
    <editdetail attribution="Reuters BIP Coding Group" action="confirmed" date="1997-04-16"/>
  </code>
  <code code="C151">
    <editdetail attribution="Reuters BIP Coding Group" action="confirmed" date="1997-04-16"/>
  </code>
  <code code="CCAT">
    <editdetail attribution="Reuters BIP Coding Group" action="confirmed" date="1997-04-16"/>
  </code>
</codes>
<dc element="dc.date.created" value="1997-04-16"/>
<dc element="dc.publisher" value="Reuters Holdings Plc"/>
<dc element="dc.date.published" value="1997-04-16"/>
<dc element="dc.source" value="Reuters"/>
<dc element="dc.creator.location" value="BIRMINGHAM, Ala."/>
<dc element="dc.creator.location.country.name" value="USA"/>
<dc element="dc.source" value="Reuters"/>
</metadata>
</newsitem>
