<?xml version="1.0" encoding="iso-8859-1" ?>
<newsitem itemid="512366" id="root" date="1997-04-16" xml:lang="en">
<title>USA: Watts extends 500,000 share repurchase.</title>
<headline>Watts extends 500,000 share repurchase.</headline>
<dateline>NORTH ANDOVER, Mass. 1997-04-16</dateline>
<text>
<p>Watts Industries Inc said Wednesday its board of directors had authorized the company to repurchase up to an additional 500,000 shares of its class A common stock through the open market and private purchases during the next twelve months.</p>
<p>The company had previously repurchased 2,680,200 shares from 3,000,000 authorized in April and July of last year. The balance available for repurchase from those two authorizations is 319,800 shares, which will be completed before the current authorization commences, the company said in a statement.</p>
<p>The company estimated its outstanding shares at about 27.0 million.</p>
<p>Watts Industries designs, manufactures and sells valves for plumbing and heating, water quality, industrial, steam, and oil and gas markets.</p>
</text>
<copyright>(c) Reuters Limited 1997</copyright>
<metadata>
<codes class="bip:countries:1.0">
  <code code="USA">
    <editdetail attribution="Reuters BIP Coding Group" action="confirmed" date="1997-04-16"/>
  </code>
</codes>
<codes class="bip:industries:1.0">
  <code code="I32000">
    <editdetail attribution="Reuters BIP Coding Group" action="confirmed" date="1997-04-16"/>
  </code>
</codes>
<codes class="bip:topics:1.0">
  <code code="C17">
    <editdetail attribution="Reuters BIP Coding Group" action="confirmed" date="1997-04-16"/>
  </code>
  <code code="C171">
    <editdetail attribution="Reuters BIP Coding Group" action="confirmed" date="1997-04-16"/>
  </code>
  <code code="C18">
    <editdetail attribution="Reuters BIP Coding Group" action="confirmed" date="1997-04-16"/>
  </code>
  <code code="C181">
    <editdetail attribution="Reuters BIP Coding Group" action="confirmed" date="1997-04-16"/>
  </code>
  <code code="CCAT">
    <editdetail attribution="Reuters BIP Coding Group" action="confirmed" date="1997-04-16"/>
  </code>
</codes>
<dc element="dc.date.created" value="1997-04-16"/>
<dc element="dc.publisher" value="Reuters Holdings Plc"/>
<dc element="dc.date.published" value="1997-04-16"/>
<dc element="dc.source" value="Reuters"/>
<dc element="dc.creator.location" value="NORTH ANDOVER, Mass."/>
<dc element="dc.creator.location.country.name" value="USA"/>
<dc element="dc.source" value="Reuters"/>
</metadata>
</newsitem>
