<?xml version="1.0" encoding="iso-8859-1" ?>
<newsitem itemid="512308" id="root" date="1997-04-16" xml:lang="en">
<title>USA: SBC long-distance bid runs into problems.</title>
<headline>SBC long-distance bid runs into problems.</headline>
<dateline>WASHINGTON 1997-04-16</dateline>
<text>
<p>SBC Communications Inc's bid to become the first Baby Bell to enter the $80 billion long-distance business has run into problems, an Oklahoma state official said on Wednesday.</p>
<p>An Oklahoma regulator, in issuing a recommendation to the state's top phone regulators, said SBC has not met a crucial 14-point checklist of actions designed to open its local network to competitors, the official said.  </p>
<p>Under last year's telecommunications law, the Bells must prove they have met the checklist before the Federal Communications Commission can allow them to offer long-distance service to local customers.</p>
<p>In making its decision, the FCC must consult with state regulators and the Justice Department. SBC last Friday applied to the FCC to offer long-distance service from Oklahoma.</p>
<p>An administrative law judge (ALJ) for the Oklahoma Corporation Commission (OCC), Robert Goldfield, held a hearing on the issue Tuesday, with SBC and rival long-distance carriers and others presenting testimony.  </p>
<p>Goldfield, following the hearing, issued an oral recommendation to the OCC's three commissioners saying that SBC had not met the checklist.</p>
<p>&quot;He recommended that (SBC) had not met the requirements of the 14-point checklist,&quot; said OCC spokesman Patrick Petree.</p>
<p>The spokesman added that Goldfield declined to go into detail about his recommendation. SBC is expected to appeal it at a hearing on April 23 before the three members of the OCC.</p>
<p>It is unclear how much weight the OCC will give Goldfield's recommendation.  </p>
<p>Any recommendation the OCC makes will be forwarded to the FCC for its consideration. The OCC must issue a recommendation to the FCC by May 1 on whether SBC has met the checklist.</p>
<p>An SBC official was not immediately available to comment.</p>
<p>But a rival industry executive contended that SBC's &quot;problems continue to mount. There are no residential customers in the state of Oklahoma receiving service from a competitor,&quot; the executive added, referring to one of the conditions for Bell entry into long distance. &quot;As far as I'm concerned, their application is dead in the water.&quot;  </p>
<p>An official for a unit of Brooks Fiber Properties Inc told the hearing Tuesday that the St. Louis-based company is not providing local phone service to residential customers.</p>
<p>SBC had contended to state regulators that Brooks was indeed providing such service, according to the Brooks official.</p>
<p>&quot;We believe the application is extremely premature. We think it is unfortunate that (SBC) has felt compelled to file it at such an early stage. It puts the state and federal regulators under an unnecessary and time-consumer exercise,&quot; Edward Cadieux, director of regulatory affairs at Brooks, told Reuters.</p>
<p>Chicago-based Ameritech Corp was forced earlier this year to withdraw its FCC application for long-distance entry after it was discovered the document contained errors.</p>
</text>
<copyright>(c) Reuters Limited 1997</copyright>
<metadata>
<codes class="bip:countries:1.0">
  <code code="USA">
    <editdetail attribution="Reuters BIP Coding Group" action="confirmed" date="1997-04-16"/>
  </code>
</codes>
<codes class="bip:industries:1.0">
  <code code="I79020">
    <editdetail attribution="Reuters BIP Coding Group" action="confirmed" date="1997-04-16"/>
  </code>
</codes>
<codes class="bip:topics:1.0">
  <code code="C13">
    <editdetail attribution="Reuters BIP Coding Group" action="confirmed" date="1997-04-16"/>
  </code>
  <code code="C21">
    <editdetail attribution="Reuters BIP Coding Group" action="confirmed" date="1997-04-16"/>
  </code>
  <code code="C31">
    <editdetail attribution="Reuters BIP Coding Group" action="confirmed" date="1997-04-16"/>
  </code>
  <code code="C34">
    <editdetail attribution="Reuters BIP Coding Group" action="confirmed" date="1997-04-16"/>
  </code>
  <code code="CCAT">
    <editdetail attribution="Reuters BIP Coding Group" action="confirmed" date="1997-04-16"/>
  </code>
</codes>
<dc element="dc.date.created" value="1997-04-16"/>
<dc element="dc.publisher" value="Reuters Holdings Plc"/>
<dc element="dc.date.published" value="1997-04-16"/>
<dc element="dc.source" value="Reuters"/>
<dc element="dc.creator.location" value="WASHINGTON"/>
<dc element="dc.creator.location.country.name" value="USA"/>
<dc element="dc.source" value="Reuters"/>
</metadata>
</newsitem>
