<?xml version="1.0" encoding="iso-8859-1" ?>
<newsitem itemid="512373" id="root" date="1997-04-16" xml:lang="en">
<title>USA: Compaq comfortable with $1.37/EPS for Q2.</title>
<headline>Compaq comfortable with $1.37/EPS for Q2.</headline>
<dateline>NEW YORK 1997-04-16</dateline>
<text>
<p>Compaq Computer Corp chief financial officer Earl Mason said that he is comfortable with Wall Street analysts' estimates of $1.37 per share for the second quarter, saying he feels &quot;very good&quot; about the second quarter.</p>
<p>He also told Reuters that Compaq's first quarter revenues took a hit of about $200 million due to the stronger dollar outside the United States, but he said earnings were not hurt.</p>
<p>&quot;It probably affected revenues by $200 million but it didn't affect earnings at all,&quot; Mason said, &quot;Our treasury group does a good job here hedging (in foreign exchange markets).&quot;</p>
<p>Compaq reported first quarter earnings of $1.36 a share.  </p>
<p>Mason said second quarter revenue growth &quot;will be fine.&quot;</p>
<p>He added that besides the currency impact that hit first quarter revenues, it was a tough comparison quarter. Compaq had a 42 percent sales jump in the first quarter 1996. In the first quarter just reported, Compaq's revenues grew 14.3 percent to $4.8 billion, versus $4.2 billion a year ago.</p>
<p>Mason said that Compaq will continue to use its increasing cash pile to grow the company, but he declined to talk about any specific plans for its cash, which reached $4.7 billion at the end of the first quarter.</p>
<p>&quot;We continue to study lots of different things,&quot; he said.</p>
</text>
<copyright>(c) Reuters Limited 1997</copyright>
<metadata>
<codes class="bip:countries:1.0">
  <code code="USA">
    <editdetail attribution="Reuters BIP Coding Group" action="confirmed" date="1997-04-16"/>
  </code>
</codes>
<codes class="bip:industries:1.0">
  <code code="I33020">
    <editdetail attribution="Reuters BIP Coding Group" action="confirmed" date="1997-04-16"/>
  </code>
  <code code="I3302003">
    <editdetail attribution="Reuters BIP Coding Group" action="confirmed" date="1997-04-16"/>
  </code>
</codes>
<codes class="bip:topics:1.0">
  <code code="C15">
    <editdetail attribution="Reuters BIP Coding Group" action="confirmed" date="1997-04-16"/>
  </code>
  <code code="C152">
    <editdetail attribution="Reuters BIP Coding Group" action="confirmed" date="1997-04-16"/>
  </code>
  <code code="CCAT">
    <editdetail attribution="Reuters BIP Coding Group" action="confirmed" date="1997-04-16"/>
  </code>
</codes>
<dc element="dc.date.created" value="1997-04-16"/>
<dc element="dc.publisher" value="Reuters Holdings Plc"/>
<dc element="dc.date.published" value="1997-04-16"/>
<dc element="dc.source" value="Reuters"/>
<dc element="dc.creator.location" value="NEW YORK"/>
<dc element="dc.creator.location.country.name" value="USA"/>
<dc element="dc.source" value="Reuters"/>
</metadata>
</newsitem>
