<?xml version="1.0" encoding="iso-8859-1" ?>
<newsitem itemid="512341" id="root" date="1997-04-16" xml:lang="en">
<title>USA: Dynamics Research Q1 shr $0.05 vs $0.03.</title>
<headline>Dynamics Research Q1 shr $0.05 vs $0.03.</headline>
<dateline>ANDOVER, Mass. 1997-04-16</dateline>
<text>
<p>DYNAMICS RESEARCH CORP</p>
<p>FINANCIAL SUMMARY (unaudited)-(b)</p>
<p>(in thousands, except per share data)</p>
<p>				  Qtr Ended	    12 Wks Ended</p>
<p>			     Mar 31, 1997	    Mar 23, 1996</p>
<p> Revenue			  $33,008		   $26,627</p>
<p> Operating income		   764			 434</p>
<p> Net income			   326			 209</p>
<p>Net income per common</p>
<p>   share-(a)			 0.05			0.03</p>
<p>Weighted average common</p>
<p>  shares outstanding-(a)  6,266,031		 6,219,373</p>
<p>-(a) Adjusted to reflect a 10 percent stock dividend payable on April 28, 1997 to shareholders of record on April 14, 1997.</p>
<p>(b) The company said that in 1997, it adopted a calendar-month accounting year. In 1996, it used a 13-period accounting year with the first quarter containing twelve weeks.</p>
</text>
<copyright>(c) Reuters Limited 1997</copyright>
<metadata>
<codes class="bip:countries:1.0">
  <code code="USA">
    <editdetail attribution="Reuters BIP Coding Group" action="confirmed" date="1997-04-16"/>
  </code>
</codes>
<codes class="bip:industries:1.0">
  <code code="I83940">
    <editdetail attribution="Reuters BIP Coding Group" action="confirmed" date="1997-04-16"/>
  </code>
  <code code="I8394007">
    <editdetail attribution="Reuters BIP Coding Group" action="confirmed" date="1997-04-16"/>
  </code>
</codes>
<codes class="bip:topics:1.0">
  <code code="C15">
    <editdetail attribution="Reuters BIP Coding Group" action="confirmed" date="1997-04-16"/>
  </code>
  <code code="C151">
    <editdetail attribution="Reuters BIP Coding Group" action="confirmed" date="1997-04-16"/>
  </code>
  <code code="CCAT">
    <editdetail attribution="Reuters BIP Coding Group" action="confirmed" date="1997-04-16"/>
  </code>
</codes>
<dc element="dc.date.created" value="1997-04-16"/>
<dc element="dc.publisher" value="Reuters Holdings Plc"/>
<dc element="dc.date.published" value="1997-04-16"/>
<dc element="dc.source" value="Reuters"/>
<dc element="dc.creator.location" value="ANDOVER, Mass."/>
<dc element="dc.creator.location.country.name" value="USA"/>
<dc element="dc.source" value="Reuters"/>
</metadata>
</newsitem>
