<?xml version="1.0" encoding="iso-8859-1" ?>
<newsitem itemid="512323" id="root" date="1997-04-16" xml:lang="en">
<title>USA: PG&amp;E Corp Q1 March 31 shr falls to $0.42.</title>
<headline>PG&amp;E Corp Q1 March 31 shr falls to $0.42.</headline>
<dateline>SAN FRANCISCO 1997-04-16</dateline>
<text>
<p>PG&amp;E Corporation</p>
<p>		  Condensed Statement of Consolidated Income</p>
<p>				     (unaudited)</p>
<p>		    (in thousands, except per share amounts)</p>
<p>			    3 mos ended	     12 mos ended</p>
<p>			     March 31,		  March 31,</p>
<p>			  1997	 1996	  1997	 1996</p>
<p>OPERATING</p>
<p> REVENUES(a)     $3,365,494 $2,248,768 $10,726,698 $9,562,286</p>
<p>OPERATING EXPENSES</p>
<p>Cost of electric</p>
<p> energy and gas(a)1,740,182    604,153   4,150,376  2,545,987</p>
<p>Maintenance and</p>
<p> other operating    534,848    588,895   2,407,602  2,188,233</p>
<p>Depreciation and</p>
<p> decommissioning    459,117    302,947   1,378,122  1,310,882</p>
<p>Administrative and</p>
<p> general		172,959    179,379   1,010,019    889,834</p>
<p>Total operating</p>
<p>   expenses	 2,907,106  1,675,374   8,946,119  6,934,936</p>
<p>OPERATING INCOME    458,388    573,394   1,780,579  2,627,350</p>
<p>Interest income	12,931     24,343	61,488     81,541</p>
<p>Interest expense   (157,898)  (169,560)   (628,161)  (681,043)</p>
<p>Other income and</p>
<p> expense		 18,065	4,071	(4,465)    85,098</p>
<p>Preferred dividend</p>
<p>requirement and</p>
<p> redemption premium  (8,278)    (8,278)    (33,114)   (64,072)</p>
<p>PRETAX INCOME	 323,208    423,970   1,176,327  2,048,874</p>
<p>INCOME TAXES	  150,704    171,544     534,154    842,044</p>
<p>NET INCOME: EARNINGS</p>
<p>AVAILABLE FOR</p>
<p> COMMON STOCK	$172,504   $252,426    $642,173 $1,206,830</p>
<p>WEIGHTED AVERAGE</p>
<p>COMMON SHARES</p>
<p> OUTSTANDING	  408,526    414,351     411,101    419,797</p>
<p>EARNINGS PER</p>
<p> COMMON SHARE	    $.42	 $.61	 $1.56	$2.87</p>
<p>DIVIDENDS DECLARED</p>
<p> PER COMMON SHARE	$.30	 $.49	 $1.58	$1.96</p>
</text>
<copyright>(c) Reuters Limited 1997</copyright>
<metadata>
<codes class="bip:countries:1.0">
  <code code="USA">
    <editdetail attribution="Reuters BIP Coding Group" action="confirmed" date="1997-04-16"/>
  </code>
</codes>
<codes class="bip:industries:1.0">
  <code code="I16000">
    <editdetail attribution="Reuters BIP Coding Group" action="confirmed" date="1997-04-16"/>
  </code>
</codes>
<codes class="bip:topics:1.0">
  <code code="C15">
    <editdetail attribution="Reuters BIP Coding Group" action="confirmed" date="1997-04-16"/>
  </code>
  <code code="C151">
    <editdetail attribution="Reuters BIP Coding Group" action="confirmed" date="1997-04-16"/>
  </code>
  <code code="CCAT">
    <editdetail attribution="Reuters BIP Coding Group" action="confirmed" date="1997-04-16"/>
  </code>
</codes>
<dc element="dc.date.created" value="1997-04-16"/>
<dc element="dc.publisher" value="Reuters Holdings Plc"/>
<dc element="dc.date.published" value="1997-04-16"/>
<dc element="dc.source" value="Reuters"/>
<dc element="dc.creator.location" value="SAN FRANCISCO"/>
<dc element="dc.creator.location.country.name" value="USA"/>
<dc element="dc.source" value="Reuters"/>
</metadata>
</newsitem>
