<?xml version="1.0" encoding="iso-8859-1" ?>
<newsitem itemid="512359" id="root" date="1997-04-16" xml:lang="en">
<title>USA: Dow Jones wins all shareholder votes.</title>
<headline>Dow Jones wins all shareholder votes.</headline>
<dateline>NEW YORK 1997-04-16</dateline>
<text>
<p>Dow Jones &amp; Co Inc on Wednesday safely secured the re-election of a group of directors and won backing for a management incentive plan at the annual shareholders meeting.</p>
<p>A shareholder proposal to subject management to objective performance criteria was defeated with 11.4 percent voting in favor, 88 percent against and the balance abstaining, a Dow Jones spokesman said.</p>
<p>He said the directors up for re-election and a group of new directors were approved by &quot;a comfortable margin.&quot;  </p>
<p>The three new independent directors are Frank Newman, chief executive of Bankers Trust Co, American Express Co CEO Harvey Golub and William Steere, chairman and chief executive of Pfizer Inc.</p>
<p>The company's proposal for a management incentive plan was approved with 97 percent voting in favor and three percent against, the spokesman said.</p>
<p>((-- New York Newsrom 212 859 1610))</p>
</text>
<copyright>(c) Reuters Limited 1997</copyright>
<metadata>
<codes class="bip:countries:1.0">
  <code code="USA">
    <editdetail attribution="Reuters BIP Coding Group" action="confirmed" date="1997-04-16"/>
  </code>
</codes>
<codes class="bip:industries:1.0">
  <code code="I47510">
    <editdetail attribution="Reuters BIP Coding Group" action="confirmed" date="1997-04-16"/>
  </code>
</codes>
<codes class="bip:topics:1.0">
  <code code="C11">
    <editdetail attribution="Reuters BIP Coding Group" action="confirmed" date="1997-04-16"/>
  </code>
  <code code="C41">
    <editdetail attribution="Reuters BIP Coding Group" action="confirmed" date="1997-04-16"/>
  </code>
  <code code="C411">
    <editdetail attribution="Reuters BIP Coding Group" action="confirmed" date="1997-04-16"/>
  </code>
  <code code="CCAT">
    <editdetail attribution="Reuters BIP Coding Group" action="confirmed" date="1997-04-16"/>
  </code>
</codes>
<dc element="dc.date.created" value="1997-04-16"/>
<dc element="dc.publisher" value="Reuters Holdings Plc"/>
<dc element="dc.date.published" value="1997-04-16"/>
<dc element="dc.source" value="Reuters"/>
<dc element="dc.creator.location" value="NEW YORK"/>
<dc element="dc.creator.location.country.name" value="USA"/>
<dc element="dc.source" value="Reuters"/>
</metadata>
</newsitem>
