<?xml version="1.0" encoding="iso-8859-1" ?>
<newsitem itemid="512412" id="root" date="1997-04-16" xml:lang="en">
<title>USA: Bell Industries sees ongoing weakness in Q2.</title>
<headline>Bell Industries sees ongoing weakness in Q2.</headline>
<dateline>LOS ANGELES 1997-04-16</dateline>
<text>
<p>Bell Industries Inc said Wednesday it expects the weaker sales in electronic components it experienced in the first quarter to continue into the second quarter.</p>
<p>Bell said it had expected the weaker first quarter operating results in the electronics group, compared to pro forma amounts, because of weaker sales and costs associated with its acquisition of Milgray Electronics in January.</p>
<p>Bell said it was optimistic about longer-term prospects and said it had strong sales and operating earnings in its microcomputer services and graphics imaging businesses.</p>
<p>&quot;We are very pleased with the progress of the Bell-Milgray integration,&quot; said Chairman and Chief Executive Officer Theodore Williams.</p>
<p>&quot;After completion of the integration process, we should achieve the important benefits of the Bell-Milgray merger, including stronger sales and marketing capabilities, as well as operating efficiencies for logistics and related support functions.&quot;</p>
</text>
<copyright>(c) Reuters Limited 1997</copyright>
<metadata>
<codes class="bip:countries:1.0">
  <code code="USA">
    <editdetail attribution="Reuters BIP Coding Group" action="confirmed" date="1997-04-16"/>
  </code>
</codes>
<codes class="bip:industries:1.0">
  <code code="I61000">
    <editdetail attribution="Reuters BIP Coding Group" action="confirmed" date="1997-04-16"/>
  </code>
</codes>
<codes class="bip:topics:1.0">
  <code code="C15">
    <editdetail attribution="Reuters BIP Coding Group" action="confirmed" date="1997-04-16"/>
  </code>
  <code code="C152">
    <editdetail attribution="Reuters BIP Coding Group" action="confirmed" date="1997-04-16"/>
  </code>
  <code code="CCAT">
    <editdetail attribution="Reuters BIP Coding Group" action="confirmed" date="1997-04-16"/>
  </code>
</codes>
<dc element="dc.date.created" value="1997-04-16"/>
<dc element="dc.publisher" value="Reuters Holdings Plc"/>
<dc element="dc.date.published" value="1997-04-16"/>
<dc element="dc.source" value="Reuters"/>
<dc element="dc.creator.location" value="LOS ANGELES"/>
<dc element="dc.creator.location.country.name" value="USA"/>
<dc element="dc.source" value="Reuters"/>
</metadata>
</newsitem>
