<?xml version="1.0" encoding="iso-8859-1" ?>
<newsitem itemid="512480" id="root" date="1997-04-16" xml:lang="en">
<title>SOUTH KOREA: BASEBALL-RESULTS OF S.KOREAN PRO BASEBALL GAMES.</title>
<headline>BASEBALL-RESULTS OF S.KOREAN PRO BASEBALL GAMES.</headline>
<dateline>SEOUL 1997-04-16</dateline>
<text>
<p>Results of South Korean</p>
<p>professional baseball games played on Tuesday.</p>
<p>    LG			 7	Haitai	     6</p>
<p>    Hyundai		  4	Lotte		2</p>
<p>    Samsung		 13	Hanwha	     4</p>
<p>    OB			 9	Ssangbangwool    8</p>
<p>Standings after games played on Tuesday: (tabulate under</p>
<p>won, drawn, lost, winning percentage, games behind first place)</p>
<p>			  W   D    L     PCT	   GB</p>
<p>    Hyundai	   3   0    0     1		-</p>
<p>    Haitai	    2   0    1    .667	    1</p>
<p>    Ssangbangwool   2   0    1    .667	    1</p>
<p>    OB		  2   0    1    .667	    1</p>
<p>    Hanwha	    1   0    2    .333	    2</p>
<p>    Samsung	   1   0    2    .333	    2</p>
<p>    LG		  1   0    2    .333	    2</p>
<p>    Lotte	     0   0    3    .333	    3</p>
</text>
<copyright>(c) Reuters Limited 1997</copyright>
<metadata>
<codes class="bip:countries:1.0">
  <code code="SKOREA">
    <editdetail attribution="Reuters BIP Coding Group" action="confirmed" date="1997-04-16"/>
  </code>
</codes>
<codes class="bip:topics:1.0">
  <code code="GCAT">
    <editdetail attribution="Reuters BIP Coding Group" action="confirmed" date="1997-04-16"/>
  </code>
  <code code="GSPO">
    <editdetail attribution="Reuters BIP Coding Group" action="confirmed" date="1997-04-16"/>
  </code>
</codes>
<dc element="dc.date.created" value="1997-04-16"/>
<dc element="dc.publisher" value="Reuters Holdings Plc"/>
<dc element="dc.date.published" value="1997-04-16"/>
<dc element="dc.source" value="Reuters"/>
<dc element="dc.creator.location" value="SEOUL"/>
<dc element="dc.creator.location.country.name" value="SOUTH KOREA"/>
<dc element="dc.source" value="Reuters"/>
</metadata>
</newsitem>
