<?xml version="1.0" encoding="iso-8859-1" ?>
<newsitem itemid="512447" id="root" date="1997-04-16" xml:lang="en">
<title>UK: SOCCER-LIVERPOOL SPURN CHANCE TO GO TOP.</title>
<headline>SOCCER-LIVERPOOL SPURN CHANCE TO GO TOP.</headline>
<dateline>LONDON 1997-04-16</dateline>
<text>
<p>Liverpool missed a golden chance to go top of the English premier league on Wednesday when they were held to a 1-1 draw by arch-rivals Everton.</p>
<p>Liverpool leap-frogged Arsenal to move into second place but are now two points behind leaders Manchester United having played a game more.</p>
<p>A victory with a two-goal margin would have put them above United but sloppy finishing in front of goal let them down.</p>
<p>Newcastle moved above Aston Villa into fourth place with a 3-1 demolition of F.A. Cup finalists Chelsea. Alan Shearer scored a goal either side of Faustino Asprilla's strike. Craig Burley hit a consolation for the visitors.</p>
<p>Chelsea dropped a place,  switching with Wimbledon after the Dons beat Leeds 2-0 to go seventh. Dean Holdsworth and Stewart Castledine did the damage at Selhurst Park.</p>
<p>At Goodison Park, England midfielder Jamie Redknapp opened the scoring after 26 minutes following a slick move by Liverpool.</p>
<p>Robbie Fowler split the Everton defence with a measured pass to England team mate Steve McManaman. The winger slid the ball across goal and Redknapp held off Claus Thomsen to poke the ball beyond Neville Southall for 1-0.</p>
<p>Everton showed plenty of fight and after 42 minutes Thomsen almost levelled, David James having to react quickly to push his stinging 20-metre drive behind.</p>
<p>The normally lethal Fowler spurned a great chance to stretch Liverpool's lead on the stroke of halftime when he took a perfectly-weighted chip from McManaman only to scrape his shot wide.</p>
<p>Everton started the brighter in the second half and got their reward in the 65th minute.</p>
<p>A wayward header from defender Steve Harkness landed at Duncan Ferguson's feet and the Scotland striker, with his back to goal on the edge of the penalty area, turned Mark Wright and curled a left-foot shot past James.</p>
<p>Southall had to be at his sharpest to block a Redknapp shot three minutes later but could only watch as Fowler rapped the bar with a header seconds afterwards. Fowler again hit the woodwork, this time the post, with a left-foot shot from 18 metres.</p>
<p>Eight minutes from the end Fowler and Everton defender David Unsworth were sent off for brawling.</p>
<p>Manchester United now visit Anfield on Saturday and Liverpool dare not slip up again.</p>
</text>
<copyright>(c) Reuters Limited 1997</copyright>
<metadata>
<codes class="bip:countries:1.0">
  <code code="UK">
    <editdetail attribution="Reuters BIP Coding Group" action="confirmed" date="1997-04-16"/>
  </code>
</codes>
<codes class="bip:topics:1.0">
  <code code="GCAT">
    <editdetail attribution="Reuters BIP Coding Group" action="confirmed" date="1997-04-16"/>
  </code>
  <code code="GSPO">
    <editdetail attribution="Reuters BIP Coding Group" action="confirmed" date="1997-04-16"/>
  </code>
</codes>
<dc element="dc.date.created" value="1997-04-16"/>
<dc element="dc.publisher" value="Reuters Holdings Plc"/>
<dc element="dc.date.published" value="1997-04-16"/>
<dc element="dc.source" value="Reuters"/>
<dc element="dc.creator.location" value="LONDON"/>
<dc element="dc.creator.location.country.name" value="UK"/>
<dc element="dc.source" value="Reuters"/>
</metadata>
</newsitem>
