<?xml version="1.0" encoding="iso-8859-1" ?>
<newsitem itemid="512477" id="root" date="1997-04-16" xml:lang="en">
<title>CHINA: SOCCER-CHINA NEARER GOAL OF ASIAN GIANT.</title>
<headline>SOCCER-CHINA NEARER GOAL OF ASIAN GIANT.</headline>
<dateline>BEIJING 1997-04-16</dateline>
<text>
<p>China moved a step closer to its goal of becoming a soccer giant in Asia with the return of the Jianlibao youth team after two years of training in Brazil.</p>
<p>&quot;Chinese soccer is pinning high hopes on this team,&quot; the Beijing Youth Daily said on Wednesday.</p>
<p>The newspaper likened the team's 21-month training in Brazil to &quot;a pilgrimage for Buddhist scriptures.&quot;</p>
<p>The team, consisting of three coaches and 24 players, aged 14 to 16 when they were sent to Brazil, returned to a hero's welcome on Tuesday.</p>
<p>Soccer has swept China off its feet. The world's most populous nation has a professional league, but the Asian crown has been a distant dream.</p>
</text>
<copyright>(c) Reuters Limited 1997</copyright>
<metadata>
<codes class="bip:countries:1.0">
  <code code="BRAZ">
    <editdetail attribution="Reuters BIP Coding Group" action="confirmed" date="1997-04-16"/>
  </code>
  <code code="CHINA">
    <editdetail attribution="Reuters BIP Coding Group" action="confirmed" date="1997-04-16"/>
  </code>
</codes>
<codes class="bip:topics:1.0">
  <code code="GCAT">
    <editdetail attribution="Reuters BIP Coding Group" action="confirmed" date="1997-04-16"/>
  </code>
  <code code="GSPO">
    <editdetail attribution="Reuters BIP Coding Group" action="confirmed" date="1997-04-16"/>
  </code>
</codes>
<dc element="dc.date.created" value="1997-04-16"/>
<dc element="dc.publisher" value="Reuters Holdings Plc"/>
<dc element="dc.date.published" value="1997-04-16"/>
<dc element="dc.source" value="Reuters"/>
<dc element="dc.creator.location" value="BEIJING"/>
<dc element="dc.creator.location.country.name" value="CHINA"/>
<dc element="dc.source" value="Reuters"/>
</metadata>
</newsitem>
