<?xml version="1.0" encoding="iso-8859-1" ?>
<newsitem itemid="512497" id="root" date="1997-04-16" xml:lang="en">
<title>GERMANY: SOCCER-STUTTGART REACH GERMAN CUP FINAL.</title>
<headline>SOCCER-STUTTGART REACH GERMAN CUP FINAL.</headline>
<dateline>STUTTGART, Germany 1997-04-16</dateline>
<text>
<p>Stuttgart booked their berth in the German Cup final on Wednesday night with a tight 2-1 victory over Hamburg.</p>
<p>A 60th minute goal by defender Thomas Schneider proved the difference between the two sides in this hard-fought battle.</p>
<p>Stuttgart, third in the German first division, now meet east German regional league side Cottbus Energie in the June 14 final at Berlin's Olympic Stadium.</p>
<p>The third division side became only the second regional league club in history to reach the final -- emulating Hertha Berlin's 1993 effort -- by beating Karlsruhe 3-0 on Tuesday.</p>
<p>Stuttgart's victory keeps alive their hopes of a league and cup double. They stand six points behind leaders Bayern Munich with seven games to go.</p>
<p>Bulgarian international Krassimir Balakow opened the scoring for Stuttgart after 15 minutes but former Stuttgart ace Juergen Hartmann levelled four minutes later and it took Schneider's effort on the hour to separate the teams.</p>
<p>&quot;We just won by the skin of our teeth. We were lucky. Now we're pleased to be meeting Cottbus in the final. We've played them before... they are very good players,&quot; said Stuttgart's German international Fredi Bobic.</p>
</text>
<copyright>(c) Reuters Limited 1997</copyright>
<metadata>
<codes class="bip:countries:1.0">
  <code code="GFR">
    <editdetail attribution="Reuters BIP Coding Group" action="confirmed" date="1997-04-16"/>
  </code>
</codes>
<codes class="bip:topics:1.0">
  <code code="GCAT">
    <editdetail attribution="Reuters BIP Coding Group" action="confirmed" date="1997-04-16"/>
  </code>
  <code code="GSPO">
    <editdetail attribution="Reuters BIP Coding Group" action="confirmed" date="1997-04-16"/>
  </code>
</codes>
<dc element="dc.date.created" value="1997-04-16"/>
<dc element="dc.publisher" value="Reuters Holdings Plc"/>
<dc element="dc.date.published" value="1997-04-16"/>
<dc element="dc.source" value="Reuters"/>
<dc element="dc.creator.location" value="STUTTGART, Germany"/>
<dc element="dc.creator.location.country.name" value="GERMANY"/>
<dc element="dc.source" value="Reuters"/>
</metadata>
</newsitem>
