<?xml version="1.0" encoding="iso-8859-1" ?>
<newsitem itemid="512410" id="root" date="1997-04-16" xml:lang="en">
<title>USA: La-Man files lawsuit vs MCI.</title>
<headline>La-Man files lawsuit vs MCI.</headline>
<dateline>ORLANDO, Fla. 1997-04-16</dateline>
<text>
<p>La-Man Corp and its Vision Trust Marketing Inc unit said Wednesday they filed suit against MCI Communications Corp and British Telecommunications Plc alleging breach of contract and fraud.</p>
<p>La-Man and its subsidiary said the lawsuit was filed Tuesday in the Circuit Court of Palm Beach County, Fla.</p>
<p>The company said its suit alleges MCI caused substantial financial harm and injury to the plaintiffs through &quot;contractual breaches, misrepresentation, deceit and other wrongs.&quot;  </p>
<p>The lawsuit seeks money damages for financial losses sustained by La-Man and Vision as a result of MCI's cancellation of a contract with Vision in November, La-Man said.</p>
<p>Vision Trust had been an authorized sales agent of MCI to market, sell and distribute various MCI services including domestic long distance calling to a customer base of small businesses including many minority-owned firms.</p>
<p>An MCI spokeswoman said the company had not yet been served with legal papers related to the case but that MCI does not comment on pending lawsuits as a matter of company policy.</p>
<p>British Telecom and MCI have agreed to a $20 billion merger to form a combined company known as Concert Plc. Closing of the deal awaits regulatory approvals on both sides of the Atlantic.</p>
<p>&quot;We feel that the timing of the cancellation of contract and the timing of the merger with British Telecom are related events,&quot; La-Man's President William Brandner said by phone.</p>
<p>Brandner declined to comment further on the details of the complaint.</p>
<p>The law firm of Romano, Erksen and Cronin in West Palm Beach, Fla. is representing La-Man.</p>
<p>(( -- E. Auchard, New York newsdesk, 212-859-1736 ))</p>
</text>
<copyright>(c) Reuters Limited 1997</copyright>
<metadata>
<codes class="bip:countries:1.0">
  <code code="UK">
    <editdetail attribution="Reuters BIP Coding Group" action="confirmed" date="1997-04-16"/>
  </code>
  <code code="USA">
    <editdetail attribution="Reuters BIP Coding Group" action="confirmed" date="1997-04-16"/>
  </code>
</codes>
<codes class="bip:industries:1.0">
  <code code="I79020">
    <editdetail attribution="Reuters BIP Coding Group" action="confirmed" date="1997-04-16"/>
  </code>
  <code code="I83960">
    <editdetail attribution="Reuters BIP Coding Group" action="confirmed" date="1997-04-16"/>
  </code>
</codes>
<codes class="bip:topics:1.0">
  <code code="C12">
    <editdetail attribution="Reuters BIP Coding Group" action="confirmed" date="1997-04-16"/>
  </code>
  <code code="CCAT">
    <editdetail attribution="Reuters BIP Coding Group" action="confirmed" date="1997-04-16"/>
  </code>
  <code code="GCAT">
    <editdetail attribution="Reuters BIP Coding Group" action="confirmed" date="1997-04-16"/>
  </code>
  <code code="GCRIM">
    <editdetail attribution="Reuters BIP Coding Group" action="confirmed" date="1997-04-16"/>
  </code>
</codes>
<dc element="dc.date.created" value="1997-04-16"/>
<dc element="dc.publisher" value="Reuters Holdings Plc"/>
<dc element="dc.date.published" value="1997-04-16"/>
<dc element="dc.source" value="Reuters"/>
<dc element="dc.creator.location" value="ORLANDO, Fla."/>
<dc element="dc.creator.location.country.name" value="USA"/>
<dc element="dc.source" value="Reuters"/>
</metadata>
</newsitem>
