<?xml version="1.0" encoding="iso-8859-1" ?>
<newsitem itemid="512450" id="root" date="1997-04-16" xml:lang="en">
<title>UK: SOCCER-ENGLISH CUP AND LEAGUE RESULTS.</title>
<headline>SOCCER-ENGLISH CUP AND LEAGUE RESULTS.</headline>
<dateline>LONDON 1997-04-16</dateline>
<text>
<p>Results of English cup and</p>
<p>league matches on Wednesday:</p>
<p>Football League Cup final replay</p>
<p> Leicester		v  Middlesbrough    late kickoff</p>
<p>(played at Hillsborough, Sheffield)</p>
<p>Premier league</p>
<p> Everton		  1  Liverpool		  1</p>
<p> Newcastle		3  Chelsea		    1</p>
<p> Wimbledon		2  Leeds			0</p>
<p>Played Sunday</p>
<p> Sheffield Wednesday  1  Newcastle		  1</p>
<p> Sunderland	     1  Liverpool		  2</p>
<p>Division one</p>
<p> Manchester City	3  Grimsby		    1</p>
<p>Played Tuesday:</p>
<p> Barnsley		 2  Oldham		     0</p>
<p> Birmingham	     0  Tranmere		   0</p>
<p> Crystal Palace	 2  Stoke			0</p>
<p>Division two</p>
<p> Gillingham	     1  Stockport		  0</p>
<p>Played Tuesday:</p>
<p> Blackpool		0  Luton			0</p>
<p> Brentford		1  Chesterfield	     0</p>
<p> Bristols City	  2  Wrexham		    1</p>
<p> Bury		     1  Crewe			0</p>
<p> Notts County	   2  Plymouth		   1</p>
<p> Wycombe		  5  Burnley		    0</p>
<p>Played Monday</p>
<p> Stockport		1  Watford		    0</p>
</text>
<copyright>(c) Reuters Limited 1997</copyright>
<metadata>
<codes class="bip:countries:1.0">
  <code code="UK">
    <editdetail attribution="Reuters BIP Coding Group" action="confirmed" date="1997-04-16"/>
  </code>
</codes>
<codes class="bip:topics:1.0">
  <code code="GCAT">
    <editdetail attribution="Reuters BIP Coding Group" action="confirmed" date="1997-04-16"/>
  </code>
  <code code="GSPO">
    <editdetail attribution="Reuters BIP Coding Group" action="confirmed" date="1997-04-16"/>
  </code>
</codes>
<dc element="dc.date.created" value="1997-04-16"/>
<dc element="dc.publisher" value="Reuters Holdings Plc"/>
<dc element="dc.date.published" value="1997-04-16"/>
<dc element="dc.source" value="Reuters"/>
<dc element="dc.creator.location" value="LONDON"/>
<dc element="dc.creator.location.country.name" value="UK"/>
<dc element="dc.source" value="Reuters"/>
</metadata>
</newsitem>
