<?xml version="1.0" encoding="iso-8859-1" ?>
<newsitem itemid="512496" id="root" date="1997-04-16" xml:lang="en">
<title>SPAIN: SOCCER-SPANISH FIRST DIVISION RESULTS/STANDINGS.</title>
<headline>SOCCER-SPANISH FIRST DIVISION RESULTS/STANDINGS.</headline>
<dateline>MADRID 1997-04-16</dateline>
<text>
<p>Spanish first division results</p>
<p>on Wednesday:</p>
<p> Athletic Bilbao    4   Sporting Gijon   0</p>
<p> Real Madrid	  4   Sevilla	    2</p>
<p> Valladolid	   3   Barcelona	  1</p>
<p> Betis		  2   Zaragoza	   2</p>
<p> Deportivo Coruna   1   Compostela	 0</p>
<p> Rayo Vallecano     1   Real Sociedad    0</p>
<p> Celta Vigo	   4   Logrones	   0</p>
<p> Hercules	     3   Tenerife	   1</p>
<p>Standings:</p>
<p>				P     W    D    L  F   A   Pts</p>
<p> 1.Real Madrid	   34    23   10    1  73  27   79</p>
<p> 2.Barcelona	     34    21    6    7  86  43   69</p>
<p> 3.Real Betis	    34    19   11    4  73  36   68</p>
<p> 4.Deportivo Coruna    34    18   12    4  50  24   66</p>
<p> 5.Atletico Madrid     32    16    7    9  61  49   55</p>
<p> 6.Valladolid	    34    15    9   10  49  39   54</p>
<p> 7.Athletic Bilbao     34    12   15    7  63  49   51</p>
<p> 8.Tenerife		33    13    8   12  55  41   47</p>
<p> 9.Real Sociedad	 34    13    8   13  39  38   47</p>
<p> 10.Valencia	     34    13    7   14  52  48   46</p>
<p> 11.Celta Vigo	   34    10   12   12  43  42   42</p>
<p> 12.Racing Santander   33    10   12   11  38  38   42</p>
<p> 13.Compostela	   34    10   10   14  37  54   40</p>
<p> 14.Rayo Vallecano     34    11    6   17  34  47   39</p>
<p> 15.Extremadura	  34    10    9   15  29  47   39</p>
<p> 16.Oviedo		 33    10    8   15  40  52   38</p>
<p> 17.Espanyol	     33    10    7   16  37  46   37</p>
<p> 18.Zaragoza	     34     8   13   13  43  53   37</p>
<p> 19.Sporting Gijon     34     9    8   17  35  58   35</p>
<p> 20.Hercules	     34     9    4   21  32  62   31</p>
<p> 21.Logrones	     34     8    4   22  26  71   28</p>
<p> 22.Sevilla		34     7    6   21  31  60   27</p>
<p>Note: Two teams qualify for the European Cup, four qualify</p>
<p>for the UEFA Cup, four are automatically relegated and one more</p>
<p>must face a relegation play-off with the third-placed team from</p>
<p>the second division.</p>
</text>
<copyright>(c) Reuters Limited 1997</copyright>
<metadata>
<codes class="bip:countries:1.0">
  <code code="SPAIN">
    <editdetail attribution="Reuters BIP Coding Group" action="confirmed" date="1997-04-16"/>
  </code>
</codes>
<codes class="bip:topics:1.0">
  <code code="GCAT">
    <editdetail attribution="Reuters BIP Coding Group" action="confirmed" date="1997-04-16"/>
  </code>
  <code code="GSPO">
    <editdetail attribution="Reuters BIP Coding Group" action="confirmed" date="1997-04-16"/>
  </code>
</codes>
<dc element="dc.date.created" value="1997-04-16"/>
<dc element="dc.publisher" value="Reuters Holdings Plc"/>
<dc element="dc.date.published" value="1997-04-16"/>
<dc element="dc.source" value="Reuters"/>
<dc element="dc.creator.location" value="MADRID"/>
<dc element="dc.creator.location.country.name" value="SPAIN"/>
<dc element="dc.source" value="Reuters"/>
</metadata>
</newsitem>
