<?xml version="1.0" encoding="iso-8859-1" ?>
<newsitem itemid="512440" id="root" date="1997-04-16" xml:lang="en">
<title>Belgium: CYCLING-JALABERT WINS FLECHE WALLONNE CLASSIC RACE.</title>
<headline>CYCLING-JALABERT WINS FLECHE WALLONNE CLASSIC RACE.</headline>
<dateline>HUY, Belgium 1997-04-16</dateline>
<text>
<p>Frenchman Laurent Jalabert surged away from compatriot Luc Leblanc one kilometre from the finish at the summit of a steep hill to win the Fleche Wallonne cycle race for the second time in three years on Wednesday.</p>
<p>Jalabert, who rides for the Spanish Once team, crossed the line about 18 seconds ahead of former world champion Leblanc. Jalabert's Swiss team mate Alex Zuelle edged out six other riders to take third place.</p>
<p>Jalabert, quickly tailed by Leblanc and Italian Enrico Zaina, broke free on the eighth climb of the event some 28 kms from the line.</p>
<p>The Frenchmen left Zaina behind on the penultimate climb 14 kms from home and were more than 50 seconds clear of a group of 20 riders at the start of the 1,300-metre hill, the Wall of Huy, which had to be climbed three times during the race.</p>
<p>World champion Johan Museeuw of Belgium skipped the Fleche Wallonne race, preferring to focus on Sunday's Liege-Bastogne-Liege World Cup event.</p>
</text>
<copyright>(c) Reuters Limited 1997</copyright>
<metadata>
<codes class="bip:countries:1.0">
  <code code="BELG">
    <editdetail attribution="Reuters BIP Coding Group" action="confirmed" date="1997-04-16"/>
  </code>
  <code code="FRA">
    <editdetail attribution="Reuters BIP Coding Group" action="confirmed" date="1997-04-16"/>
  </code>
</codes>
<codes class="bip:topics:1.0">
  <code code="GCAT">
    <editdetail attribution="Reuters BIP Coding Group" action="confirmed" date="1997-04-16"/>
  </code>
  <code code="GSPO">
    <editdetail attribution="Reuters BIP Coding Group" action="confirmed" date="1997-04-16"/>
  </code>
</codes>
<dc element="dc.date.created" value="1997-04-16"/>
<dc element="dc.publisher" value="Reuters Holdings Plc"/>
<dc element="dc.date.published" value="1997-04-16"/>
<dc element="dc.source" value="Reuters"/>
<dc element="dc.creator.location" value="HUY, Belgium"/>
<dc element="dc.creator.location.country.name" value="BELGIUM"/>
<dc element="dc.source" value="Reuters"/>
</metadata>
</newsitem>
