<?xml version="1.0" encoding="iso-8859-1" ?>
<newsitem itemid="512406" id="root" date="1997-04-16" xml:lang="en">
<title>USA: ISB Financial Q1 shr $0.29 vs $0.26.</title>
<headline>ISB Financial Q1 shr $0.29 vs $0.26.</headline>
<dateline>NEW IBERIA, La. 1997-04-16</dateline>
<text>
<p>ISB FINANCIAL CORP</p>
<p>Condensed Consolidated Statements of Income and Related Data</p>
<p>		(Dollars in Thousands, Except Per Share Data)</p>
<p>						    For The Three Months</p>
<p>							   Ended March 31</p>
<p>							1997	     1996</p>
<p> Provision for loan losses		     162		  8</p>
<p> Net income					1,795	    1,779</p>
<p> Net Income Per Share			   0.29	     0.26</p>
<p> Total assets				  939,464	  929,264</p>
<p> Deposits					769,975	  760,284</p>
<p> Avg shrs					6,260,524     6,855,958</p>
</text>
<copyright>(c) Reuters Limited 1997</copyright>
<metadata>
<codes class="bip:countries:1.0">
  <code code="USA">
    <editdetail attribution="Reuters BIP Coding Group" action="confirmed" date="1997-04-16"/>
  </code>
</codes>
<codes class="bip:industries:1.0">
  <code code="I81403">
    <editdetail attribution="Reuters BIP Coding Group" action="confirmed" date="1997-04-16"/>
  </code>
</codes>
<codes class="bip:topics:1.0">
  <code code="C15">
    <editdetail attribution="Reuters BIP Coding Group" action="confirmed" date="1997-04-16"/>
  </code>
  <code code="C151">
    <editdetail attribution="Reuters BIP Coding Group" action="confirmed" date="1997-04-16"/>
  </code>
  <code code="CCAT">
    <editdetail attribution="Reuters BIP Coding Group" action="confirmed" date="1997-04-16"/>
  </code>
</codes>
<dc element="dc.date.created" value="1997-04-16"/>
<dc element="dc.publisher" value="Reuters Holdings Plc"/>
<dc element="dc.date.published" value="1997-04-16"/>
<dc element="dc.source" value="Reuters"/>
<dc element="dc.creator.location" value="NEW IBERIA, La."/>
<dc element="dc.creator.location.country.name" value="USA"/>
<dc element="dc.source" value="Reuters"/>
</metadata>
</newsitem>
