<?xml version="1.0" encoding="iso-8859-1" ?>
<newsitem itemid="512451" id="root" date="1997-04-16" xml:lang="en">
<title>UK: SOCCER-WELSH LEAGUE RESULTS/STANDINGS.</title>
<headline>SOCCER-WELSH LEAGUE RESULTS/STANDINGS.</headline>
<dateline>CARDIFF 1997-04-16</dateline>
<text>
<p>Result of a Welsh league</p>
<p>championship soccer match on Wednesday:</p>
<p> Ebbw Vale	     2   Llansantffraid	2</p>
<p> Inter Cable-Tel     1   Barry Town	    2</p>
<p> Ton Pentre	    3   Briton Ferry	  2</p>
<p>Played Sunday:</p>
<p> Ebbw Vale	     1   Connah's Quay	 3</p>
<p>    Standings		    P   W  D  L   F  A  Pts</p>
<p>  1. Barry Town		  35 28  6  1 108  23  90</p>
<p>  2. Inter Cable-Tel	   36 24  5  7  71  26  77</p>
<p>  3. Ebbw Vale		   37 21  8  8  80  39  71</p>
<p>  4. Caernarfon Town	   35 19  9  7  67  53  66</p>
<p>  5. Conwy			 36 19  8  9  59  35  65</p>
<p>  6. Llansantffraid	    37 17 12  8  66  51  63</p>
<p>  7. Newtown		     35 19  5 11  63  41  62</p>
<p>  8. Cwmbran		     36 18  7 11  67  54  61</p>
<p>  9. Bangor City		 35 17  5 13  66  49  56</p>
<p> 10. Porthmadog		  36 16  7 13  55  55  55</p>
<p> 11. Connah's Quay	     37 15  7 15  57  60  52</p>
<p> 12. Cemaes Bay		  36 11 10 15  55  62  43</p>
<p> 13. Flint Town		  36 11  8 17  45  60  41</p>
<p> 14. Ton Pentre		  36 12  2 22  55  77  38</p>
<p> 15. Aberystwyth		 35 10  7 18  53  72  37</p>
<p> 16. Caersws		     35 10  7 18  46  70  37</p>
<p> 17. Carmarthen Town	   37 10  7 20  39  75  37</p>
<p> 18. Welshpool		   36  8  8 20  40  73  32</p>
<p> 19. Rhyl			  35  7  8 20  44  65  29</p>
<p> 20. Holywell		    35  7  7 21  46  69  28</p>
<p> 21. Briton Ferry		36  5  1 30  35 108  16</p>
</text>
<copyright>(c) Reuters Limited 1997</copyright>
<metadata>
<codes class="bip:countries:1.0">
  <code code="UK">
    <editdetail attribution="Reuters BIP Coding Group" action="confirmed" date="1997-04-16"/>
  </code>
</codes>
<codes class="bip:topics:1.0">
  <code code="GCAT">
    <editdetail attribution="Reuters BIP Coding Group" action="confirmed" date="1997-04-16"/>
  </code>
  <code code="GSPO">
    <editdetail attribution="Reuters BIP Coding Group" action="confirmed" date="1997-04-16"/>
  </code>
</codes>
<dc element="dc.date.created" value="1997-04-16"/>
<dc element="dc.publisher" value="Reuters Holdings Plc"/>
<dc element="dc.date.published" value="1997-04-16"/>
<dc element="dc.source" value="Reuters"/>
<dc element="dc.creator.location" value="CARDIFF"/>
<dc element="dc.creator.location.country.name" value="UK"/>
<dc element="dc.source" value="Reuters"/>
</metadata>
</newsitem>
