<?xml version="1.0" encoding="iso-8859-1" ?>
<newsitem itemid="512518" id="root" date="1997-04-16" xml:lang="en">
<title>SPAIN: TENNIS-MOYA RECOVERS CLAY FORM IN BARCELONA.</title>
<headline>TENNIS-MOYA RECOVERS CLAY FORM IN BARCELONA.</headline>
<dateline>BARCELONA, Spain 1997-04-16</dateline>
<text>
<p>Carlos Moya regained the form that has lifted him to number eight in the world when he began his Barcelona Open bid with an impressive win over Francisco Clavet on Wednesday.</p>
<p>The 6-4 6-4 win avenged a defeat by his fellow Spaniard last week in Estoril, where the Australian Open finalist had been unexpectedly out-of-sorts on his preferred, clay surface.</p>
<p>&quot;I don't know what happened to me last week ... I've been doing morning and afternoon training sessions since then,&quot; said Moya, who admitted to having fitness problems.</p>
<p>Clavet, the losing finalist in Estoril, failed to take his only opportunity after breaking Moya early in the second set.</p>
<p>The Spanish number one took consecutive breaks after eliminating his backhand errors and mixing some outstanding lobs and drop shots into his baseline game.</p>
<p>&quot;I'm pleased not for the result, but for the way I played,&quot; said Moya, who added his confidence had been affected by the defeat in Estoril and Spain's surprise Davis Cup elimination by Italy.</p>
<p>&quot;Since the Australian Open, I've only really felt good in one game, and I lost some fitness on the American Tour,&quot; he said.</p>
<p>Moya, seeded fourth, remains on course for a repeat of last year's semi-final with reigning champion Thomas Muster of Austria, who needed three sets to beat Renzo Furlan of Italy on Tuesday.</p>
<p>With eight seeds already out, the most significant obstacle in Moya's path to the semifinals could be Andrei Medvedev.</p>
<p>The Ukranian followed Tuesday's victory over Estoril winner Alex Corretja with a comprehensive 6-2 6-0 win over another Spaniard, Carlos Costa.</p>
<p>In the bottom half of the draw local favourites Felix Mantilla and Alberto Berasategui lined up a quarter-final meeting with straight-sets wins over Francis Roig and Australian Richard Fromberg respectively.</p>
</text>
<copyright>(c) Reuters Limited 1997</copyright>
<metadata>
<codes class="bip:countries:1.0">
  <code code="SPAIN">
    <editdetail attribution="Reuters BIP Coding Group" action="confirmed" date="1997-04-16"/>
  </code>
</codes>
<codes class="bip:topics:1.0">
  <code code="GCAT">
    <editdetail attribution="Reuters BIP Coding Group" action="confirmed" date="1997-04-16"/>
  </code>
  <code code="GSPO">
    <editdetail attribution="Reuters BIP Coding Group" action="confirmed" date="1997-04-16"/>
  </code>
</codes>
<dc element="dc.date.created" value="1997-04-16"/>
<dc element="dc.publisher" value="Reuters Holdings Plc"/>
<dc element="dc.date.published" value="1997-04-16"/>
<dc element="dc.source" value="Reuters"/>
<dc element="dc.creator.location" value="BARCELONA, Spain"/>
<dc element="dc.creator.location.country.name" value="SPAIN"/>
<dc element="dc.source" value="Reuters"/>
</metadata>
</newsitem>
