<?xml version="1.0" encoding="iso-8859-1" ?>
<newsitem itemid="512502" id="root" date="1997-04-16" xml:lang="en">
<title>FRANCE: SOCCER-PAPIN DOUBLE SINKS TITLE-CHASING MONACO.</title>
<headline>SOCCER-PAPIN DOUBLE SINKS TITLE-CHASING MONACO.</headline>
<dateline>PARIS 1997-04-16</dateline>
<text>
<p>Jean-Pierre Papin scored twice in 12 minutes to give Bordeaux a 2-1 home win over title-chasing Monaco in the French first division on Wednesday.</p>
<p>Monaco, who lost 3-1 away to Internazionale of Italy in the UEFA Cup in their previous match, remain 11 points clear of second-placed Paris St Germain, who were held 1-1 at Bastia on Tuesday, with five matches to go.</p>
<p>Papin scored in the 50th and 62nd minutes to lift Bordeaux one place to fifth. Belgium captain Enzo Scifo pulled one back for Monaco with an injury-time penalty.</p>
<p>Nantes extended their unbeaten run to 26 league games with a 1-0 win at Strasbourg thanks to a 74th-minute goal from Christophe Le Roux and climbed to third one point above Bastia. League Cup winners Strasbourg dropped to sixth.</p>
<p>Defending champions Auxerre, seventh, revived their hopes of a place in Europe next season with a 2-0 win over Le Havre with goals by captain Franck Silvestre and Algeria's Moussa Saib.</p>
</text>
<copyright>(c) Reuters Limited 1997</copyright>
<metadata>
<codes class="bip:countries:1.0">
  <code code="FRA">
    <editdetail attribution="Reuters BIP Coding Group" action="confirmed" date="1997-04-16"/>
  </code>
  <code code="MONAC">
    <editdetail attribution="Reuters BIP Coding Group" action="confirmed" date="1997-04-16"/>
  </code>
</codes>
<codes class="bip:topics:1.0">
  <code code="GCAT">
    <editdetail attribution="Reuters BIP Coding Group" action="confirmed" date="1997-04-16"/>
  </code>
  <code code="GSPO">
    <editdetail attribution="Reuters BIP Coding Group" action="confirmed" date="1997-04-16"/>
  </code>
</codes>
<dc element="dc.date.created" value="1997-04-16"/>
<dc element="dc.publisher" value="Reuters Holdings Plc"/>
<dc element="dc.date.published" value="1997-04-16"/>
<dc element="dc.source" value="Reuters"/>
<dc element="dc.creator.location" value="PARIS"/>
<dc element="dc.creator.location.country.name" value="FRANCE"/>
<dc element="dc.source" value="Reuters"/>
</metadata>
</newsitem>
