<?xml version="1.0" encoding="iso-8859-1" ?>
<newsitem itemid="744591" id="root" date="1997-07-22" xml:lang="en">
<title>EU: Official Journal contents - OJ C 220 of July 19, 1997.</title>
<headline>Official Journal contents - OJ C 220 of July 19, 1997.</headline>
<text>
<p>*</p>
<p>(Note - contents are displayed in reverse order to that in the printed Journal)</p>
<p>*</p>
<p>COMMUNICATION OF THE COMMISSION ON CERTAIN LEGAL ASPECTS CONCERNING INTRA-EU INVESTMENT</p>
<p>RESOLUTION OF THE ECSC CONSULTATIVE COMMITTEE ON THE FUTURE OF COLLABORATIVE RESEARCH IN THE COAL AND STEEL SECTORS (adopted unanimously during the 336th Session of 20 June 1997)</p>
<p>EURATHLON 1998 European Commission programme for sport</p>
<p>Commission notice updating the list of parties under examination pursuant to Commission Regulation (EC) No 88/97 of 20 January 1997 authorizing the exemption of imports of certain bicycle parts originating in the People's Republic of China from the extension imposed by Council Regulation 71/97 of the anti-dumping duty imposed by Regulation (EEC) No 2474/93</p>
<p>Ecu 18 July 1997</p>
<p>COUNCIL DECISION of 7 July 1997 appointing the members and alternate members of the Advisory Committee on Safety, Hygiene and Health Protection at Work END OF DOCUMENT.</p>
</text>
<copyright>(c) Reuters Limited 1997</copyright>
<metadata>
<codes class="bip:countries:1.0">
  <code code="EEC">
    <editdetail attribution="Reuters BIP Coding Group" action="confirmed" date="1997-07-22"/>
  </code>
</codes>
<codes class="bip:topics:1.0">
  <code code="G15">
    <editdetail attribution="Reuters BIP Coding Group" action="confirmed" date="1997-07-22"/>
  </code>
  <code code="GCAT">
    <editdetail attribution="Reuters BIP Coding Group" action="confirmed" date="1997-07-22"/>
  </code>
</codes>
<dc element="dc.publisher" value="Reuters Holdings Plc"/>
<dc element="dc.date.published" value="1997-07-22"/>
<dc element="dc.source" value="Reuters"/>
<dc element="dc.creator.location.country.name" value="EU"/>
<dc element="dc.source" value="Reuters"/>
</metadata>
</newsitem>
