<?xml version="1.0" encoding="iso-8859-1" ?>
<newsitem itemid="744609" id="root" date="1997-07-22" xml:lang="en">
<title>USA: GREENSPAN Q&amp;A -- Minimum wage, taxes  Part VI.</title>
<headline>GREENSPAN Q&amp;A -- Minimum wage, taxes  Part VI.</headline>
<text>
<p>Rep. Sanders (I-Vt): &quot;Tens of millions of American workers are continuing to see a decline in their standard of living ... can you tell how the economy has been exceptional?&quot;</p>
<p>Greenspan: &quot;There is no doubt that the economy is doing much better. What is exceptional is that we have not experienced a situation that exists today in a very long period of time, meaning one (situation) characterized by ... a tight labor market in a period in which the inflation rate is low.&quot;</p>
<p>Sanders: &quot;Would you raise minimun wage to $6.50 an hour?&quot;</p>
<p>Greenspan: &quot;I would not, and the reason I would not, is precisely the reason I discussed with congressman Flake before.</p>
<p>&quot;In my judgement the prohibition on allowing people to have a lower wage, when that is the only one they will get, ... eliminates them from the capability of moving up the ladder.&quot;</p>
<p>On capital gains taxes, Greenspan said, &quot;The reason why I have been opposed to the capital gains tax, as I've said on numerous occasions, is I think it is a means of raising revenue, which more than any tax I know, curbs economic growth and rising standards of living.&quot;</p>
</text>
<copyright>(c) Reuters Limited 1997</copyright>
<metadata>
<codes class="bip:countries:1.0">
  <code code="USA">
    <editdetail attribution="Reuters BIP Coding Group" action="confirmed" date="1997-07-22"/>
  </code>
</codes>
<codes class="bip:topics:1.0">
  <code code="E12">
    <editdetail attribution="Reuters BIP Coding Group" action="confirmed" date="1997-07-22"/>
  </code>
  <code code="ECAT">
    <editdetail attribution="Reuters BIP Coding Group" action="confirmed" date="1997-07-22"/>
  </code>
</codes>
<dc element="dc.publisher" value="Reuters Holdings Plc"/>
<dc element="dc.date.published" value="1997-07-22"/>
<dc element="dc.source" value="Reuters"/>
<dc element="dc.creator.location.country.name" value="USA"/>
<dc element="dc.source" value="Reuters"/>
</metadata>
</newsitem>
