<?xml version="1.0" encoding="iso-8859-1" ?>
<newsitem itemid="744666" id="root" date="1997-07-22" xml:lang="en">
<title>USA: TABLE - Excel Communications Q2 net falls.</title>
<headline>TABLE - Excel Communications Q2 net falls.</headline>
<dateline>DALLAS 1997-07-22</dateline>
<text>
<p>(In thousands, except per share data)</p>
<p>				   (unaudited)</p>
<p>				 Three Months Ended  Six Months Ended</p>
<p>					 June 30,	    June 30,</p>
<p>					1997     1996     1997     1996</p>
<p>Revenues:</p>
<p>Communication services    $292,926 $271,926 $596,599 $477,200</p>
<p>   Marketing services	 37,648   73,439   65,342  148,955</p>
<p>     Total revenues	  330,574  345,365  661,941  626,155</p>
<p>Operating expenses:</p>
<p>   Communication	     157,239  151,421  322,485  264,935</p>
<p>   Marketing services	 61,649   93,819  122,201  170,759</p>
<p>General and administrative</p>
<p>				    54,432   43,483  106,231   80,424</p>
<p>Total operating expenses</p>
<p>				   273,320  288,723  550,917  516,118</p>
<p>     Operating income	 57,254   56,642  111,024  110,037</p>
<p>   Interest income, net	2,050    1,306    4,215    1,686</p>
<p>   Other income (expense)     (11)    3,298     (61)    4,410</p>
<p>Income before income taxes</p>
<p>				    59,293   61,246  115,178  116,133</p>
<p>Provision for income taxes</p>
<p>				    22,294   22,826   43,083   43,727</p>
<p>Income before cumulative effect</p>
<p>of change in accounting</p>
<p>  principle		     36,999   38,420   72,095   72,406</p>
<p>Cumulative effect of change in</p>
<p>accounting principle, net of</p>
<p>  income taxes			--	 --   65,214	 --</p>
<p> Net income		     36,999   38,420    6,881   72,406</p>
<p>Net income per common and</p>
<p>equivalent share:</p>
<p>Income before cumulative</p>
<p>effect of change in</p>
<p>  accounting principle	  0.34     0.36     0.65     0.70</p>
<p>Cumulative effect of change</p>
<p>in accounting principle, net</p>
<p>  of income taxes		   --	 --   (0.59)	 --</p>
<p> Net income per share	   0.34     0.36     0.06     0.70</p>
<p>Weighted average shares and</p>
<p>share equivalents outstanding</p>
<p>				   110,139  106,562  110,371  103,423</p>
</text>
<copyright>(c) Reuters Limited 1997</copyright>
<metadata>
<codes class="bip:countries:1.0">
  <code code="USA">
    <editdetail attribution="Reuters BIP Coding Group" action="confirmed" date="1997-07-22"/>
  </code>
</codes>
<codes class="bip:topics:1.0">
  <code code="C15">
    <editdetail attribution="Reuters BIP Coding Group" action="confirmed" date="1997-07-22"/>
  </code>
  <code code="C151">
    <editdetail attribution="Reuters BIP Coding Group" action="confirmed" date="1997-07-22"/>
  </code>
  <code code="CCAT">
    <editdetail attribution="Reuters BIP Coding Group" action="confirmed" date="1997-07-22"/>
  </code>
</codes>
<dc element="dc.date.created" value="1997-07-22"/>
<dc element="dc.publisher" value="Reuters Holdings Plc"/>
<dc element="dc.date.published" value="1997-07-22"/>
<dc element="dc.source" value="Reuters"/>
<dc element="dc.creator.location" value="DALLAS"/>
<dc element="dc.creator.location.country.name" value="USA"/>
<dc element="dc.source" value="Reuters"/>
</metadata>
</newsitem>
