<?xml version="1.0" encoding="iso-8859-1" ?>
<newsitem itemid="744615" id="root" date="1997-07-22" xml:lang="en">
<title>USA: GREENSPAN Q&amp;A - Stocks, money supply Part IV.</title>
<headline>GREENSPAN Q&amp;A - Stocks, money supply Part IV.</headline>
<text>
<p>Rep. Paul, (R-Texas) -- &quot;What if we looked at the prices of stocks as your indicator as you would look at the CRB...or any commodity index...There's a tremendous amount of marking up of prices, a tremendous amount of credit...so instead of being lacking any credit I think we have maybe an excess amount, and I'd like to know if you can reassure us that we have no concerns...that stock prices aren't an indicator that might be similar to a Consumer Price Index?</p>
<p>A: It is certainly the case that if you look at the structure of long-term nominal government interest rates, that there is still a significant inflation premium left in it. We in the 50's and 60's had much lower nominal rates and the reason was that the inflation rate premium was clearly quite significantly less. I think we'll eventually get back there if we can maintain a stable non-inflationary environment. I don't think we can remove it immediately because it takes a number of years for people to have confidence that you're dealing with a monetary policy which is not periodically inflationary.</p>
<p>To follow on the conversation I was having with Congressman Frank, the type of conversation we have at the Federal Open Market Committee is indeed the kind of conversation that's coming from both of you. In other words, we're trying to look at all of these various forces and recoginzing where the stable relationships are and those that tell us about what is very likely to occur in the months, the quarters, and hopefully in the years ahead.</p>
<p>It's a very intensive evaluation process, especially during the period when there seems to be changes in the long-term structure, which we do not yet know are significant or overwhelming, but we are experiencing changes which lead us to spend a considerable amount of time trying to evaluate what's going on.</p>
<p>But we would be foolish to assume that all of history has been wiped from the slate, and that all of the old relationships, all of the problems we've had in the past have somehow in a period of a relatively few years disappeared.</p>
<p>The truth of the matter is that we suspect that there are things that are going on. We don't yet know how important they are. But we are keeping a very close degree of evaluation on all types of events that are occuring, so that we can create what we believe to appropriate monetary policy to keep this economic expansion going in a non-inflationary way because that's what's required to keep both points. Rep Paul-- &quot;So you're saying the stock price indexes have a lot less value than the commodity price indexes or the Consumer Price Index?</p>
<p>A: I would say our fundamental purpose is to keep inflation, meaning basically the underlying general price index, stable, because that is the most likely focus which will create financial stability overall. As I've said in previous commentary and discussions before this committee, we have the necessity to look at the whole financial system, but it's always been our conclusion is that the central focus is on stability of product prices as a crucial determinant in the system which if you solve that one, you're likely to solve the others as well.</p>
</text>
<copyright>(c) Reuters Limited 1997</copyright>
<metadata>
<codes class="bip:countries:1.0">
  <code code="USA">
    <editdetail attribution="Reuters BIP Coding Group" action="confirmed" date="1997-07-22"/>
  </code>
</codes>
<codes class="bip:topics:1.0">
  <code code="E12">
    <editdetail attribution="Reuters BIP Coding Group" action="confirmed" date="1997-07-22"/>
  </code>
  <code code="ECAT">
    <editdetail attribution="Reuters BIP Coding Group" action="confirmed" date="1997-07-22"/>
  </code>
</codes>
<dc element="dc.publisher" value="Reuters Holdings Plc"/>
<dc element="dc.date.published" value="1997-07-22"/>
<dc element="dc.source" value="Reuters"/>
<dc element="dc.creator.location.country.name" value="USA"/>
<dc element="dc.source" value="Reuters"/>
</metadata>
</newsitem>
