<?xml version="1.0" encoding="iso-8859-1" ?>
<newsitem itemid="744635" id="root" date="1997-07-22" xml:lang="en">
<title>USA: BT Office to resume acquisition activity.</title>
<headline>BT Office to resume acquisition activity.</headline>
<dateline>CHICAGO 1997-07-22</dateline>
<text>
<p>BT Office Products International Inc, which reported acquisitions accounted for about 13 percent of its 15.2 percent second quarter sales increase, said it will resume expanding through acquisition.</p>
<p>&quot;As planned, acquisition activity remained slow in the second quarter while we maintained our focus on integrating previous acquisitions into our existing operations,&quot; said Rudolf Huyzer, president and chief executive officer.  </p>
<p>&quot;Looking forward, we anticipate a resumption of acquisition activity, as acquiring established, quality office products distributors in the U.S. and Europe continues to be an important part of our long-term strategy,&quot; he said.</p>
<p>Earlier today, BT Office reported 1997 second quarter net income rose to $5.0 million or $0.15 a share, from $3.9 million or $0.12 in the second quarter of 1996.  Net sales for the quarter rose 15.2 percent from last year to $390.7 million.</p>
<p>Acquisitions accounted for 13.0 percent of the sales growth, sales at existing locations increased by 4.5 percent while currency translation had a negative impact of 2.3 percent.</p>
<p>Sales growth at existing locations was held back by the effects of the continued slowness in the German economy, softness in certain U.S. markets and lower paper prices, he noted in a news release.</p>
<p>BT Office distributes office products to medium and large businesses and institutions in major markets in both the United States and Europe.</p>
<p>Shares of BT Office shares were trading up 3/8 to 8-3/4.</p>
<p>		((Chicago newsdesk 312 408 8787))</p>
<p>.</p>
</text>
<copyright>(c) Reuters Limited 1997</copyright>
<metadata>
<codes class="bip:countries:1.0">
  <code code="USA">
    <editdetail attribution="Reuters BIP Coding Group" action="confirmed" date="1997-07-22"/>
  </code>
</codes>
<codes class="bip:industries:1.0">
  <code code="I61000">
    <editdetail attribution="Reuters BIP Coding Group" action="confirmed" date="1997-07-22"/>
  </code>
</codes>
<codes class="bip:topics:1.0">
  <code code="C11">
    <editdetail attribution="Reuters BIP Coding Group" action="confirmed" date="1997-07-22"/>
  </code>
  <code code="C18">
    <editdetail attribution="Reuters BIP Coding Group" action="confirmed" date="1997-07-22"/>
  </code>
  <code code="C181">
    <editdetail attribution="Reuters BIP Coding Group" action="confirmed" date="1997-07-22"/>
  </code>
  <code code="CCAT">
    <editdetail attribution="Reuters BIP Coding Group" action="confirmed" date="1997-07-22"/>
  </code>
</codes>
<dc element="dc.date.created" value="1997-07-22"/>
<dc element="dc.publisher" value="Reuters Holdings Plc"/>
<dc element="dc.date.published" value="1997-07-22"/>
<dc element="dc.source" value="Reuters"/>
<dc element="dc.creator.location" value="CHICAGO"/>
<dc element="dc.creator.location.country.name" value="USA"/>
<dc element="dc.source" value="Reuters"/>
</metadata>
</newsitem>
