<?xml version="1.0" encoding="iso-8859-1" ?>
<newsitem itemid="744665" id="root" date="1997-07-22" xml:lang="en">
<title>USA: Texas Micro sees challenge with margins.</title>
<headline>Texas Micro sees challenge with margins.</headline>
<dateline>HOUSTON 1997-07-22</dateline>
<text>
<p>Texas Micro Inc said Tuesday it expects that improving its margins for the 1998 fiscal year while decreasing costs to customers will be a continuing challenge.</p>
<p>However, it said in a statement that it expects a trend &quot;toward profitability&quot; to continue in the first quarter, while &quot;quarter-to-quarter revenue growth will be less than the 13 percent experienced in the fourth quarter.&quot;</p>
<p>The company said it was unable in the 1997 fiscal year, which ended June 30, to fully realize an expected increase in efficiency due to higher volumes.</p>
<p>In addition, the effects of overtime pay, recruitment and training costs, and the need to add significant production engineering capability had a negative impact on margins, Texas Micro said.</p>
<p>Texas Micro provides microcomputers for industrial and communications applications.</p>
<p>((-- New York Newsdesk 212-859-1610))</p>
</text>
<copyright>(c) Reuters Limited 1997</copyright>
<metadata>
<codes class="bip:countries:1.0">
  <code code="USA">
    <editdetail attribution="Reuters BIP Coding Group" action="confirmed" date="1997-07-22"/>
  </code>
</codes>
<codes class="bip:industries:1.0">
  <code code="I33020">
    <editdetail attribution="Reuters BIP Coding Group" action="confirmed" date="1997-07-22"/>
  </code>
</codes>
<codes class="bip:topics:1.0">
  <code code="C15">
    <editdetail attribution="Reuters BIP Coding Group" action="confirmed" date="1997-07-22"/>
  </code>
  <code code="C152">
    <editdetail attribution="Reuters BIP Coding Group" action="confirmed" date="1997-07-22"/>
  </code>
  <code code="CCAT">
    <editdetail attribution="Reuters BIP Coding Group" action="confirmed" date="1997-07-22"/>
  </code>
</codes>
<dc element="dc.date.created" value="1997-07-22"/>
<dc element="dc.publisher" value="Reuters Holdings Plc"/>
<dc element="dc.date.published" value="1997-07-22"/>
<dc element="dc.source" value="Reuters"/>
<dc element="dc.creator.location" value="HOUSTON"/>
<dc element="dc.creator.location.country.name" value="USA"/>
<dc element="dc.source" value="Reuters"/>
</metadata>
</newsitem>
