<?xml version="1.0" encoding="iso-8859-1" ?>
<newsitem itemid="744624" id="root" date="1997-07-22" xml:lang="en">
<title>USA: U.S. certified coffee stocks up as of July 21.</title>
<headline>U.S. certified coffee stocks up as of July 21.</headline>
<text>
<p>TOTAL ALL WAREHOUSES: July  21 - 87,231 60-kg bags</p>
<p>			    July  18 - 86,849 60-kg bags</p>
<p>			    July  17 - 80,592 60-kg bags</p>
<p>Latest data as of July 21</p>
<p>Warehouses:  New York   New Orleans	 Miami     Total</p>
<p>Orgins:</p>
<p>Burundi	  2,082	    7,661	     0     9,743</p>
<p>Colombia	 1,700		750	     0     2,450</p>
<p>Costa Rica     1,375	    1,245	     0     2,620</p>
<p>Dominican Rep  1,445		397	 8,949    10,791</p>
<p>Ecuador		0		250	     0	 250</p>
<p>Guatemala	4,449	    4,177	 1,250     9,876</p>
<p>Honduras	 2,255	    3,350	 4,750    10,355</p>
<p>India	    3,543		600	     0     4,143</p>
<p>Mexico	   1,246	    3,251	     0     4,497</p>
<p>Peru		 750	    1,750	 2,000     4,500</p>
<p>El Salvador    2,250	    1,500	 1,750     5,500</p>
<p>Nicaragua	  249		  0	     0	 249</p>
<p>Rwanda		 0	    1,099	     0     1,099</p>
<p>Tanzania	   568		  0	     0	 568</p>
<p>Venezuela	    0		  0	 2,519     2,519</p>
<p>Uganda	     574	   17,497	     0    18,071</p>
<p>TOTAL:	  22,486	   43,527	21,218    87,231</p>
<p>Net Change: up 382 bags.</p>
<p>Number of bags pending grading in New York: 4,609; New Orleans:</p>
<p>250; Miami: 0.</p>
<p>Number of bags graded in New York: 2,790, New Orleans: 0;</p>
<p>Miami: 0.</p>
<p>Number of bags passed in New York: 1,941, New Orleans: 0;</p>
<p>Miami: 0.</p>
<p>--New York Commodity Desk, +1-212-859-1640</p>
</text>
<copyright>(c) Reuters Limited 1997</copyright>
<metadata>
<codes class="bip:countries:1.0">
  <code code="USA">
    <editdetail attribution="Reuters BIP Coding Group" action="confirmed" date="1997-07-22"/>
  </code>
</codes>
<codes class="bip:topics:1.0">
  <code code="M14">
    <editdetail attribution="Reuters BIP Coding Group" action="confirmed" date="1997-07-22"/>
  </code>
  <code code="M141">
    <editdetail attribution="Reuters BIP Coding Group" action="confirmed" date="1997-07-22"/>
  </code>
  <code code="MCAT">
    <editdetail attribution="Reuters BIP Coding Group" action="confirmed" date="1997-07-22"/>
  </code>
</codes>
<dc element="dc.publisher" value="Reuters Holdings Plc"/>
<dc element="dc.date.published" value="1997-07-22"/>
<dc element="dc.source" value="Reuters"/>
<dc element="dc.creator.location.country.name" value="USA"/>
<dc element="dc.source" value="Reuters"/>
</metadata>
</newsitem>
