<?xml version="1.0" encoding="iso-8859-1" ?>
<newsitem itemid="744693" id="root" date="1997-07-22" xml:lang="en">
<title>USA: Fed watching data that might show strain-Greenspan.</title>
<headline>Fed watching data that might show strain-Greenspan.</headline>
<dateline>WASHINGTON 1997-07-22</dateline>
<text>
<p>The Federal Reserve, in attempting to gauge whether inflation might become a problem, is looking closely at data that might indicate strain on the economy's productive resources, Federal Reserve Chairman Alan Greenspan said Tuesday.</p>
<p>Answering a question during his Humphrey-Hawkins testimony, Greenspan listed such indicators as factory overtime, supplier deliveries and &quot;anything which is indicative of issues of strain in the economy.&quot;</p>
<p>The central bank is trying to guard against a situation where those kinds of strains could prematurely bring a halt to the U.S. economic expansion, he said.</p>
<p>-- Washington newsroom, ((202-898-8300))</p>
</text>
<copyright>(c) Reuters Limited 1997</copyright>
<metadata>
<codes class="bip:countries:1.0">
  <code code="USA">
    <editdetail attribution="Reuters BIP Coding Group" action="confirmed" date="1997-07-22"/>
  </code>
</codes>
<codes class="bip:topics:1.0">
  <code code="E13">
    <editdetail attribution="Reuters BIP Coding Group" action="confirmed" date="1997-07-22"/>
  </code>
  <code code="E131">
    <editdetail attribution="Reuters BIP Coding Group" action="confirmed" date="1997-07-22"/>
  </code>
  <code code="ECAT">
    <editdetail attribution="Reuters BIP Coding Group" action="confirmed" date="1997-07-22"/>
  </code>
</codes>
<dc element="dc.date.created" value="1997-07-22"/>
<dc element="dc.publisher" value="Reuters Holdings Plc"/>
<dc element="dc.date.published" value="1997-07-22"/>
<dc element="dc.source" value="Reuters"/>
<dc element="dc.creator.location" value="WASHINGTON"/>
<dc element="dc.creator.location.country.name" value="USA"/>
<dc element="dc.source" value="Reuters"/>
</metadata>
</newsitem>
