<?xml version="1.0" encoding="iso-8859-1" ?>
<newsitem itemid="744606" id="root" date="1997-07-22" xml:lang="en">
<title>USA: GREENSPAN Q&amp;A - Budget caps, Fed policy  Part IX.</title>
<headline>GREENSPAN Q&amp;A - Budget caps, Fed policy  Part IX.</headline>
<text>
<p>Rep. Castle (R-Del) -- &quot;Would you agree that there is a need for a mechansism in the ... balanced budget agreement to require action if spending targets are not met in future years?&quot;</p>
<p>Greenspan: &quot;In retrospect, the caps have worked remarkably well, surprisingly well. I'm ... more congenial towards that sort of mechanism, because when you are dealing with the type of budgetary structure that we have, they serve a very useful purpose in containing the level of expenditures to the level of receipts (balance) the Congress decides. Without it, it is rather difficult.</p>
<p>Rep. Frank: &quot;You and other (Fed) members ... believe in a non-accelerating inflation rate of unemployment ... Is there any evidence that we are likely to need any kind of rate increase to stave off inflation in 1998?</p>
<p>Greenspan: &quot;Me and my colleages attempt to try to explain as best we can what we think is going in the economy and how it interfaces with monetary policy ... What we try to do when dealing with complex situation which is very clearly changing ... things are happening today which don't follow the normal experience of the last 10 or 15 years. What that does is it raises a flag saying the models that one has been working with clearly are not producing the results which the real world is producing -- something is wrong, obviously it's not the real world.</p>
<p>The problem that you have to ask yourself is:  How much of the changes that you are looking at are so fundamental that those older models are completely worthless, or are you dealing with either minor or moderately significant changes? And all I'm saying to you ... that while there is no question that something different is happening, you cannot basically say that because something different is happening, therefore all history is irrelevant.</p>
<p>Obviously, one wouldn't want to say that. The question is: What's the appropriate balance of adjustment to one's judgment as to what are the forces currently driving the economy, and, therefore, how we as central bankers interface with those forces.</p>
<p>There are differences within the FOMC as there are differences with any committee. There are no differences with respect to the ultimate goal of monetary policy. There are no differences, as far as I can judge, in the general belief that low inflation or stable prices significantly contributes, if not fully a necessary condition, for long-term economic growth. There are differences in the committee in evaluating what is currently happening and how much of the historic model is still functioning and is not functioning -- that is what the debate is currently involved with.</p>
<p>Rep. Frank: &quot;I just hope that you will decide by the preponderance of evidence, and not say that the good news has to prove itself beyond a reasonable doubt.&quot;</p>
<p>Greenspan: &quot;I couldn't agree with you more. It's not a good news-bad news, it's a preponderance of the evidence and the facts, which I hope determine what we do, and I can certainly tell you that that is our purpose.&quot;</p>
<p>Rep. Paul: &quot;In the last three months ... the foreign central banks were holding a lot less of our debt (and) the Federal Reserve has increased its purchase and Federal Reserve credit has subsequently gone up ... in that same period. How serious is this? Is this a major part to your policy, and what happens if in the next year the foreign central banks don't dump just $10 or $15 billion ... what if they dump a whole $100 billion. What kind of pressure does this put on you and what kind of pressure does this put on interest rates, and do they or could they hold us hostage?&quot;</p>
<p>Greenspan: &quot;If central banks decided to sell U.S. Treasury debt the question is somebody else is obviously buying it. So really, what the issue is is a swap, which the central bank switches out of government debt and into other securities, and some other party is doing the opposite. Somebody will be holding our debt; the question really is: Would it significantly affect the price of the debt and the process of that exchange ... would long-term interest rates in the United States go up as a consequence? It is conceivable in a very short-term sense for technical reasons  ... the price of bonds go down and ... interest rates would go up in part. The mere sale of U.S. Treasury debt would not in and of itself alter either the inflation premium nor the real interest rates. So that over the longer run, that should not have a significant effect.&quot;</p>
</text>
<copyright>(c) Reuters Limited 1997</copyright>
<metadata>
<codes class="bip:countries:1.0">
  <code code="USA">
    <editdetail attribution="Reuters BIP Coding Group" action="confirmed" date="1997-07-22"/>
  </code>
</codes>
<codes class="bip:topics:1.0">
  <code code="E12">
    <editdetail attribution="Reuters BIP Coding Group" action="confirmed" date="1997-07-22"/>
  </code>
  <code code="ECAT">
    <editdetail attribution="Reuters BIP Coding Group" action="confirmed" date="1997-07-22"/>
  </code>
</codes>
<dc element="dc.publisher" value="Reuters Holdings Plc"/>
<dc element="dc.date.published" value="1997-07-22"/>
<dc element="dc.source" value="Reuters"/>
<dc element="dc.creator.location.country.name" value="USA"/>
<dc element="dc.source" value="Reuters"/>
</metadata>
</newsitem>
