<?xml version="1.0" encoding="iso-8859-1" ?>
<newsitem itemid="744620" id="root" date="1997-07-22" xml:lang="en">
<title>USA: GREENSPAN Q&amp;A -Commodities,gold, inflation Part II.</title>
<headline>GREENSPAN Q&amp;A -Commodities,gold, inflation Part II.</headline>
<text>
<p>Representative Lucas: &quot;What price pressures, if any, are you seeing in the commodity markets Mr. Chairman?&quot;</p>
<p>Greenspan: &quot;Certainly, I'm not seeing any in wheat at this particular moment. Soy beans have come off a good deal -- they were showing some. Coffee was on its way down. Corn is lower.</p>
<p>There is very little agricultural area, obviously, which shows any really significant price pressures. There is also very little as I can see in the industrial area as well. Steel scrap price went up for ... a few weeks and has come back in the last week or so. We've had as close to stable prices that I've seen ... since the 1960s.&quot;</p>
<p>Representative Lucas: &quot;How do these commodity prices generally signal inflation pressures ... &quot;</p>
<p>Greenspan: &quot;The early signals of the process, when you begin to see shortages, begin to emerge and you begin to see people starting to trade on those shortages -- it becomes a self-fulfilling process which if fueled by excess credit, engenders inflation ... The extraordinary decline in the price of gold, which incidentally, probably is a small part the result of sales by central banks. What we are seeing is ... increasing sense of the purchasing power of money, currency ... and the implications of that is that inflation expectations generally are falling in the various surveys which have shown very exceptional increases in consumer confidence in the last year or two. We are now beginning also to see a fairly marked decline in long-term inflation expectations in those surveys. So you not only see some evidence, for example, we have a new indexed Treasury security which has some aspects of measuring inflation. Nonetheless, it is showing some evidence which is not inconsistent with one: the decline in the price of gold as a measure of inflation expectations, and two: the number of these surveys which is suggesting that the populace in general is becoming increasingly less fearful of inflation reigniting.&quot;</p>
</text>
<copyright>(c) Reuters Limited 1997</copyright>
<metadata>
<codes class="bip:countries:1.0">
  <code code="USA">
    <editdetail attribution="Reuters BIP Coding Group" action="confirmed" date="1997-07-22"/>
  </code>
</codes>
<codes class="bip:topics:1.0">
  <code code="E12">
    <editdetail attribution="Reuters BIP Coding Group" action="confirmed" date="1997-07-22"/>
  </code>
  <code code="E13">
    <editdetail attribution="Reuters BIP Coding Group" action="confirmed" date="1997-07-22"/>
  </code>
  <code code="E131">
    <editdetail attribution="Reuters BIP Coding Group" action="confirmed" date="1997-07-22"/>
  </code>
  <code code="ECAT">
    <editdetail attribution="Reuters BIP Coding Group" action="confirmed" date="1997-07-22"/>
  </code>
  <code code="M14">
    <editdetail attribution="Reuters BIP Coding Group" action="confirmed" date="1997-07-22"/>
  </code>
  <code code="M142">
    <editdetail attribution="Reuters BIP Coding Group" action="confirmed" date="1997-07-22"/>
  </code>
  <code code="MCAT">
    <editdetail attribution="Reuters BIP Coding Group" action="confirmed" date="1997-07-22"/>
  </code>
</codes>
<dc element="dc.publisher" value="Reuters Holdings Plc"/>
<dc element="dc.date.published" value="1997-07-22"/>
<dc element="dc.source" value="Reuters"/>
<dc element="dc.creator.location.country.name" value="USA"/>
<dc element="dc.source" value="Reuters"/>
</metadata>
</newsitem>
