<?xml version="1.0" encoding="iso-8859-1" ?>
<newsitem itemid="744668" id="root" date="1997-07-22" xml:lang="en">
<title>USA: TABLE-Trident Microsystems Inc Q4 results.</title>
<headline>TABLE-Trident Microsystems Inc Q4 results.</headline>
<dateline>MOUNTAIN VIEW, Calif. 1997-07-22</dateline>
<text>
<p>(in thousands, except per share data)</p>
<p>			   Three Months Ended   Twelve Months Ended</p>
<p>			 June 30 March 31 June 30 June 30 June 30</p>
<p>			     1997    1997    1996     1997     1996</p>
<p> Net Sales	    $34,720 $46,511 $44,168 $177,934 $168,089</p>
<p> Cost of sales	 21,314  29,064  33,103  113,404  110,675</p>
<p> Gross margin	  13,406  17,447  11,065   64,530   57,414</p>
<p> % to net sales	 38.6%   37.5%   25.1%    36.3%    34.2%</p>
<p>Research and development</p>
<p>   expenses	     5,918   5,423   4,408   22,082   17,931</p>
<p> % to net sales	 17.0%   11.7%   10.0%    12.4%    10.7%</p>
<p>Selling, general and</p>
<p>administrative expenses</p>
<p>			    5,344   5,718   4,714   21,895   16,741</p>
<p> % to net sales	 15.4%   12.3%   10.7%    12.3%    10.0%</p>
<p>Income from operations</p>
<p>			    2,144   6,306   1,943   20,553   22,742</p>
<p> % to net sales	  6.2%   13.6%    4.4%    11.6%    13.5%</p>
<p> Interest income, net   676     360     438    2,008    2,052</p>
<p>Income before provision for</p>
<p>   income taxes	 2,820   6,666   2,381   22,561   24,794</p>
<p> % to net sales	  8.1%   14.3%    5.4%    12.7%    14.8%</p>
<p>Provision for income taxes</p>
<p>				902   2,134     762    7,221    7,934</p>
<p> % to net sales	  2.6%    4.6%    1.7%     4.1%     4.7%</p>
<p> Net income	     1,918   4,532   1,619   15,340   16,860</p>
<p> % to net sales	  5.5%    9.7%    3.7%     8.6%    10.0%</p>
<p> Net income per share  0.14    0.32    0.12     1.09     1.26</p>
<p>Common and common equivalent</p>
<p>shares used in computing</p>
<p>per share amounts</p>
<p>			   13,970  14,280  13,348   14,067   13,423</p>
</text>
<copyright>(c) Reuters Limited 1997</copyright>
<metadata>
<codes class="bip:countries:1.0">
  <code code="USA">
    <editdetail attribution="Reuters BIP Coding Group" action="confirmed" date="1997-07-22"/>
  </code>
</codes>
<codes class="bip:industries:1.0">
  <code code="I33020">
    <editdetail attribution="Reuters BIP Coding Group" action="confirmed" date="1997-07-22"/>
  </code>
  <code code="I3302004">
    <editdetail attribution="Reuters BIP Coding Group" action="confirmed" date="1997-07-22"/>
  </code>
</codes>
<codes class="bip:topics:1.0">
  <code code="C15">
    <editdetail attribution="Reuters BIP Coding Group" action="confirmed" date="1997-07-22"/>
  </code>
  <code code="C151">
    <editdetail attribution="Reuters BIP Coding Group" action="confirmed" date="1997-07-22"/>
  </code>
  <code code="C1511">
    <editdetail attribution="Reuters BIP Coding Group" action="confirmed" date="1997-07-22"/>
  </code>
  <code code="CCAT">
    <editdetail attribution="Reuters BIP Coding Group" action="confirmed" date="1997-07-22"/>
  </code>
</codes>
<dc element="dc.date.created" value="1997-07-22"/>
<dc element="dc.publisher" value="Reuters Holdings Plc"/>
<dc element="dc.date.published" value="1997-07-22"/>
<dc element="dc.source" value="Reuters"/>
<dc element="dc.creator.location" value="MOUNTAIN VIEW, Calif."/>
<dc element="dc.creator.location.country.name" value="USA"/>
<dc element="dc.source" value="Reuters"/>
</metadata>
</newsitem>
