<?xml version="1.0" encoding="iso-8859-1" ?>
<newsitem itemid="744647" id="root" date="1997-07-22" xml:lang="en">
<title>USA: TABLE - Aavid Thermal Q2 shr profit vs loss.</title>
<headline>TABLE - Aavid Thermal Q2 shr profit vs loss.</headline>
<dateline>CONCORD, N.H. 1997-07-22</dateline>
<text>
<p>(Amounts in thousands, except share data)</p>
<p>			    Quarter ended   First six months ended:</p>
<p>			    Jun 28     Jun 29     Jun 28     Jun 29</p>
<p>				1997	1996	 1997	 1996</p>
<p> Net sales	    $ 37,082   $ 23,023   $ 71,480   $ 49,035</p>
<p> Cost of goods sold   23,040     14,011     43,672     30,669</p>
<p> Gross profit	   14,042	9,012     27,808     18,366</p>
<p>Selling, general and</p>
<p>administrative expenses</p>
<p>			     8,641	7,119     16,945     12,860</p>
<p>Research and development</p>
<p>			     1,709	1,279	3,517	2,559</p>
<p>Purchased undeveloped</p>
<p>  technology charge	  -	3,446	    -	3,446</p>
<p>Income from operations</p>
<p>			     3,692    (2,832)	7,346	(499)</p>
<p>Interest expense, net</p>
<p>			     (524)	(313)	(997)	(759)</p>
<p>Other income (expense),</p>
<p>  net			(202)	   10	(670)	   92</p>
<p>Income (loss) before income</p>
<p>taxes and extraordinary</p>
<p>  item		     2,966    (3,135)	5,679    (1,166)</p>
<p>Income tax (expense)</p>
<p>  benefit		(1,027)	(136)    (2,051)	(845)</p>
<p>Income (loss) before</p>
<p>  extraordinary item   1,939    (3,271)	3,628    (2,011)</p>
<p>Extraordinary item, net</p>
<p>  of tax			 -	    -	    -	(171)</p>
<p> Net income (loss)     1,939    (3,271)	3,628    (2,182)</p>
<p>Earnings per share available</p>
<p>to shareholders:</p>
<p>Before extraordinary</p>
<p>  item			0.23     (0.50)	 0.43     (0.34)</p>
<p> Extraordinary item	 $    -     $    -     $     -</p>
<p>									 (0.03)</p>
<p> Net income per share   0.23     (0.50)	 0.43     (0.37)</p>
<p>Weighted avge. common</p>
<p>shares and</p>
<p>  equivalents	8,541,028  6,478,127  8,465,814  5,983,391</p>
<p>NOTE - Full company name is Aavid Thermal Technologies Inc</p>
<p>((-- New York Newsdesk 212-859-1610))</p>
</text>
<copyright>(c) Reuters Limited 1997</copyright>
<metadata>
<codes class="bip:countries:1.0">
  <code code="USA">
    <editdetail attribution="Reuters BIP Coding Group" action="confirmed" date="1997-07-22"/>
  </code>
</codes>
<codes class="bip:industries:1.0">
  <code code="I83700">
    <editdetail attribution="Reuters BIP Coding Group" action="confirmed" date="1997-07-22"/>
  </code>
</codes>
<codes class="bip:topics:1.0">
  <code code="C15">
    <editdetail attribution="Reuters BIP Coding Group" action="confirmed" date="1997-07-22"/>
  </code>
  <code code="C151">
    <editdetail attribution="Reuters BIP Coding Group" action="confirmed" date="1997-07-22"/>
  </code>
  <code code="CCAT">
    <editdetail attribution="Reuters BIP Coding Group" action="confirmed" date="1997-07-22"/>
  </code>
</codes>
<dc element="dc.date.created" value="1997-07-22"/>
<dc element="dc.publisher" value="Reuters Holdings Plc"/>
<dc element="dc.date.published" value="1997-07-22"/>
<dc element="dc.source" value="Reuters"/>
<dc element="dc.creator.location" value="CONCORD, N.H."/>
<dc element="dc.creator.location.country.name" value="USA"/>
<dc element="dc.source" value="Reuters"/>
</metadata>
</newsitem>
