<?xml version="1.0" encoding="iso-8859-1" ?>
<newsitem itemid="744755" id="root" date="1997-07-22" xml:lang="en">
<title>USA: Everest Medical Corp Q2 full results.</title>
<headline>Everest Medical Corp Q2 full results.</headline>
<dateline>MINNEAPOLIS 1997-07-22</dateline>
<text>
<p>Quarter ended    Six months ended</p>
<p>				    June 30,	     June 30,</p>
<p>			     1997	 1996	 1997	 1996</p>
<p> Revenues	   $1,785,315 $1,470,290 $3,290,120 $2,770,424</p>
<p>Costs of goods sold</p>
<p>			   986,816    826,260  1,904,488  1,540,143</p>
<p> Gross margin	  798,499    644,030  1,385,632  1,230,281</p>
<p>Selling, general &amp; admin</p>
<p>			   823,296    546,625  1,551,919  1,107,073</p>
<p>Research &amp; development</p>
<p>			   155,727    159,894    330,914    316,777</p>
<p> Operating income  (180,524)   (62,489)  (497,201)  (193,569)</p>
<p>Interest expense (income)</p>
<p>				 741    122,092    (5,796)    115,020</p>
<p> Net income	  (181,265)  (184,581)  (491,405)  (308,589)</p>
<p>Preferred stock dividends</p>
<p>			    86,716     90,579    173,433    181,418</p>
<p>Earnings per share (a)</p>
<p>			    (0.04)     (0.05)     (0.09)     (0.08)</p>
<p>Weighted average shares</p>
<p>			 7,018,986  6,012,867  7,003,386  5,925,081</p>
<p>NOTE: (a) EPS reflect the loss attributable to common shares after preferred dividend obligations.</p>
<p>((--Chicago Newsdesk 312-408-8787))</p>
</text>
<copyright>(c) Reuters Limited 1997</copyright>
<metadata>
<codes class="bip:countries:1.0">
  <code code="USA">
    <editdetail attribution="Reuters BIP Coding Group" action="confirmed" date="1997-07-22"/>
  </code>
</codes>
<codes class="bip:industries:1.0">
  <code code="I37200">
    <editdetail attribution="Reuters BIP Coding Group" action="confirmed" date="1997-07-22"/>
  </code>
</codes>
<codes class="bip:topics:1.0">
  <code code="C15">
    <editdetail attribution="Reuters BIP Coding Group" action="confirmed" date="1997-07-22"/>
  </code>
  <code code="C151">
    <editdetail attribution="Reuters BIP Coding Group" action="confirmed" date="1997-07-22"/>
  </code>
  <code code="CCAT">
    <editdetail attribution="Reuters BIP Coding Group" action="confirmed" date="1997-07-22"/>
  </code>
</codes>
<dc element="dc.date.created" value="1997-07-22"/>
<dc element="dc.publisher" value="Reuters Holdings Plc"/>
<dc element="dc.date.published" value="1997-07-22"/>
<dc element="dc.source" value="Reuters"/>
<dc element="dc.creator.location" value="MINNEAPOLIS"/>
<dc element="dc.creator.location.country.name" value="USA"/>
<dc element="dc.source" value="Reuters"/>
</metadata>
</newsitem>
