<?xml version="1.0" encoding="iso-8859-1" ?>
<newsitem itemid="744727" id="root" date="1997-07-22" xml:lang="en">
<title>USA: TABLE - Falcon Drilling Co Inc Q2 shr up.</title>
<headline>TABLE - Falcon Drilling Co Inc Q2 shr up.</headline>
<dateline>HOUSTON 1997-07-22</dateline>
<text>
<p>1997			1996</p>
<p> Shr			  $0.30		    $0.08</p>
<p> Net			 23,748		    6,016</p>
<p> Revs		     120,690		   73,946</p>
<p> Avg shrs		  79,866		   72,072</p>
<p>(All data above 000s except per share numbers)</p>
<p>NOTE - Results for the six-month period were not immediately available.</p>
<p>-- New York newsdesk 212-859-1610</p>
</text>
<copyright>(c) Reuters Limited 1997</copyright>
<metadata>
<codes class="bip:countries:1.0">
  <code code="USA">
    <editdetail attribution="Reuters BIP Coding Group" action="confirmed" date="1997-07-22"/>
  </code>
</codes>
<codes class="bip:industries:1.0">
  <code code="I13000">
    <editdetail attribution="Reuters BIP Coding Group" action="confirmed" date="1997-07-22"/>
  </code>
</codes>
<codes class="bip:topics:1.0">
  <code code="C15">
    <editdetail attribution="Reuters BIP Coding Group" action="confirmed" date="1997-07-22"/>
  </code>
  <code code="C151">
    <editdetail attribution="Reuters BIP Coding Group" action="confirmed" date="1997-07-22"/>
  </code>
  <code code="CCAT">
    <editdetail attribution="Reuters BIP Coding Group" action="confirmed" date="1997-07-22"/>
  </code>
</codes>
<dc element="dc.date.created" value="1997-07-22"/>
<dc element="dc.publisher" value="Reuters Holdings Plc"/>
<dc element="dc.date.published" value="1997-07-22"/>
<dc element="dc.source" value="Reuters"/>
<dc element="dc.creator.location" value="HOUSTON"/>
<dc element="dc.creator.location.country.name" value="USA"/>
<dc element="dc.source" value="Reuters"/>
</metadata>
</newsitem>
