<?xml version="1.0" encoding="iso-8859-1" ?>
<newsitem itemid="744703" id="root" date="1997-07-22" xml:lang="en">
<title>USA: Greenspan ends first day of testimony to Congress.</title>
<headline>Greenspan ends first day of testimony to Congress.</headline>
<dateline>WASHINGTON 1997-07-22</dateline>
<text>
<p>Federal Reserve Board Chairman Alan Greenspan ended the first leg of his Humphrey-Hawkins testimony to Congress on Tuesday.  </p>
<p>In a formal statement to a House Banking subcommittee, Greenspan said the Federal Reserve must be ready to act if necessary to head off inflation, but that growth seems to be slowing for the time being.</p>
<p>Greenspan will address the Senate Banking Committee on Wednesday at 1000 a.m. EDT (1400 GMT), in the second leg of the Fed's semiannual statement on the economy. He will repeat his formal remarks and then answer questions from Senators.</p>
<p>Also at 10 a.m. on Wednesday, Fed Vice Chairwoman Alice Rivlin, Fed Governor Laurence Meyer and New York Fed President William McDonough will testify to the House Banking Committee.</p>
</text>
<copyright>(c) Reuters Limited 1997</copyright>
<metadata>
<codes class="bip:countries:1.0">
  <code code="USA">
    <editdetail attribution="Reuters BIP Coding Group" action="confirmed" date="1997-07-22"/>
  </code>
</codes>
<codes class="bip:topics:1.0">
  <code code="E11">
    <editdetail attribution="Reuters BIP Coding Group" action="confirmed" date="1997-07-22"/>
  </code>
  <code code="E12">
    <editdetail attribution="Reuters BIP Coding Group" action="confirmed" date="1997-07-22"/>
  </code>
  <code code="ECAT">
    <editdetail attribution="Reuters BIP Coding Group" action="confirmed" date="1997-07-22"/>
  </code>
</codes>
<dc element="dc.date.created" value="1997-07-22"/>
<dc element="dc.publisher" value="Reuters Holdings Plc"/>
<dc element="dc.date.published" value="1997-07-22"/>
<dc element="dc.source" value="Reuters"/>
<dc element="dc.creator.location" value="WASHINGTON"/>
<dc element="dc.creator.location.country.name" value="USA"/>
<dc element="dc.source" value="Reuters"/>
</metadata>
</newsitem>
