<?xml version="1.0" encoding="iso-8859-1" ?>
<newsitem itemid="744778" id="root" date="1997-07-22" xml:lang="en">
<title>USA: Avecor Cardiovascular Inc Q2 full results.</title>
<headline>Avecor Cardiovascular Inc Q2 full results.</headline>
<dateline>MINNEAPOLIS 1997-07-22</dateline>
<text>
<p>(Unaudited, In thousands, except per share data)</p>
<p>					 3 months ended  6 months ended</p>
<p>					     June 30,	 June 30,</p>
<p>				     1997     1996	 1997    1996</p>
<p> Net sales		    $11,961  $11,145    $24,004 $21,438</p>
<p> Cost of sales		  6,900    6,443     13,960  12,394</p>
<p>    Gross profit		5,061    4,702     10,044   9,044</p>
<p>Operating expenses:</p>
<p>Selling, general</p>
<p>    and administrative	3,483    2,994	6,832   5,850</p>
<p>   Litigation expense	    --    3,700	   --   4,205</p>
<p> Research and development     974	862	2,076   1,703</p>
<p>   Operating income (loss)   604  (2,854)	1,136  (2,714)</p>
<p> Interest income		  129	194	  273     403</p>
<p> Interest expense		 104	 --	  176	--</p>
<p>Income (loss) before</p>
<p>    income taxes		 629  (2,660)	1,233  (2,311)</p>
<p>Income tax (benefit)</p>
<p>    provision		     226    (783)	  443   (647)</p>
<p>   Net income (loss)	   403  (1,877)	  790  (1,664)</p>
<p>Net income (loss)</p>
<p>    per share		     .05    (.24)	  .10   (.22)</p>
<p>Weighted average common</p>
<p>and common equivalent</p>
<p>     shares outstanding     7,975    7,775	7,981   7,737</p>
<p>((--Chicago Newsdesk 312-408-8787))</p>
</text>
<copyright>(c) Reuters Limited 1997</copyright>
<metadata>
<codes class="bip:countries:1.0">
  <code code="USA">
    <editdetail attribution="Reuters BIP Coding Group" action="confirmed" date="1997-07-22"/>
  </code>
</codes>
<codes class="bip:industries:1.0">
  <code code="I37200">
    <editdetail attribution="Reuters BIP Coding Group" action="confirmed" date="1997-07-22"/>
  </code>
</codes>
<codes class="bip:topics:1.0">
  <code code="C15">
    <editdetail attribution="Reuters BIP Coding Group" action="confirmed" date="1997-07-22"/>
  </code>
  <code code="C151">
    <editdetail attribution="Reuters BIP Coding Group" action="confirmed" date="1997-07-22"/>
  </code>
  <code code="CCAT">
    <editdetail attribution="Reuters BIP Coding Group" action="confirmed" date="1997-07-22"/>
  </code>
</codes>
<dc element="dc.date.created" value="1997-07-22"/>
<dc element="dc.publisher" value="Reuters Holdings Plc"/>
<dc element="dc.date.published" value="1997-07-22"/>
<dc element="dc.source" value="Reuters"/>
<dc element="dc.creator.location" value="MINNEAPOLIS"/>
<dc element="dc.creator.location.country.name" value="USA"/>
<dc element="dc.source" value="Reuters"/>
</metadata>
</newsitem>
