<?xml version="1.0" encoding="iso-8859-1" ?>
<newsitem itemid="744771" id="root" date="1997-07-22" xml:lang="en">
<title>USA: TABLE - Larscom Inc Q2 results.</title>
<headline>TABLE - Larscom Inc Q2 results.</headline>
<dateline>SANTA CLARA, Calif. 1997-07-22</dateline>
<text>
<p>(In thousands, except per share amounts)</p>
<p>				     Six Months Ended   Quarter Ended</p>
<p>						 June 30,     June 30,</p>
<p>					1997	1996     1997    1996</p>
<p> Revenues			 $35,558  $30,624  $19,148 $18,776</p>
<p> Cost of revenues		15,580   13,760    8,186   8,334</p>
<p> Gross profit		    19,978   16,864   10,962  10,442</p>
<p>Operating expenses:</p>
<p>  Research and development    4,616    3,631    2,400   1,875</p>
<p>Selling, general and</p>
<p>   administrative		10,191    8,909    5,011   4,849</p>
<p> Total operating expenses    14,807   12,540    7,411   6,724</p>
<p> Income from operations	 5,171    4,324    3,551   3,718</p>
<p>Interest income/</p>
<p>  (expense) (net)		   883	  -	451	 -</p>
<p> Income before income taxes   6,054    4,324    4,002   3,718</p>
<p> Provision for income taxes   2,179    1,777    1,461   1,528</p>
<p> Net income			 3,875    2,547    2,541   2,190</p>
<p>Supplemental net income</p>
<p>  per share			  0.21     0.18     0.14    0.15</p>
<p>Shares used in per share</p>
<p>  calculation		    18,038   14,193   18,076  14,193</p>
</text>
<copyright>(c) Reuters Limited 1997</copyright>
<metadata>
<codes class="bip:countries:1.0">
  <code code="USA">
    <editdetail attribution="Reuters BIP Coding Group" action="confirmed" date="1997-07-22"/>
  </code>
</codes>
<codes class="bip:topics:1.0">
  <code code="C15">
    <editdetail attribution="Reuters BIP Coding Group" action="confirmed" date="1997-07-22"/>
  </code>
  <code code="C151">
    <editdetail attribution="Reuters BIP Coding Group" action="confirmed" date="1997-07-22"/>
  </code>
  <code code="CCAT">
    <editdetail attribution="Reuters BIP Coding Group" action="confirmed" date="1997-07-22"/>
  </code>
</codes>
<dc element="dc.date.created" value="1997-07-22"/>
<dc element="dc.publisher" value="Reuters Holdings Plc"/>
<dc element="dc.date.published" value="1997-07-22"/>
<dc element="dc.source" value="Reuters"/>
<dc element="dc.creator.location" value="SANTA CLARA, Calif."/>
<dc element="dc.creator.location.country.name" value="USA"/>
<dc element="dc.source" value="Reuters"/>
</metadata>
</newsitem>
