<?xml version="1.0" encoding="iso-8859-1" ?>
<newsitem itemid="744743" id="root" date="1997-07-22" xml:lang="en">
<title>USA: TABLE-CyberOptics Corp Q2 net up.</title>
<headline>TABLE-CyberOptics Corp Q2 net up.</headline>
<dateline>MINNEAPOLIS 1997-07-22</dateline>
<text>
<p>1997			1996</p>
<p> Shr			  $0.15		    $0.12</p>
<p> Net			    809			700</p>
<p> Revs			 8,257		    7,812</p>
<p> Avg shrs		   5,427		    5,863</p>
<p>	   6 MONTHS</p>
<p> Shr			  $0.26		    $0.36</p>
<p> Net			  1,398		    2,121</p>
<p> Revs			15,337		   16,325</p>
<p> Avg shrs		   5,417		    5,849</p>
<p>(All data above 000s except per share numbers)</p>
<p>((--Chicago Newsdesk 312-408-8787))</p>
</text>
<copyright>(c) Reuters Limited 1997</copyright>
<metadata>
<codes class="bip:countries:1.0">
  <code code="USA">
    <editdetail attribution="Reuters BIP Coding Group" action="confirmed" date="1997-07-22"/>
  </code>
</codes>
<codes class="bip:industries:1.0">
  <code code="I34350">
    <editdetail attribution="Reuters BIP Coding Group" action="confirmed" date="1997-07-22"/>
  </code>
</codes>
<codes class="bip:topics:1.0">
  <code code="C15">
    <editdetail attribution="Reuters BIP Coding Group" action="confirmed" date="1997-07-22"/>
  </code>
  <code code="C151">
    <editdetail attribution="Reuters BIP Coding Group" action="confirmed" date="1997-07-22"/>
  </code>
  <code code="CCAT">
    <editdetail attribution="Reuters BIP Coding Group" action="confirmed" date="1997-07-22"/>
  </code>
</codes>
<dc element="dc.date.created" value="1997-07-22"/>
<dc element="dc.publisher" value="Reuters Holdings Plc"/>
<dc element="dc.date.published" value="1997-07-22"/>
<dc element="dc.source" value="Reuters"/>
<dc element="dc.creator.location" value="MINNEAPOLIS"/>
<dc element="dc.creator.location.country.name" value="USA"/>
<dc element="dc.source" value="Reuters"/>
</metadata>
</newsitem>
