<?xml version="1.0" encoding="iso-8859-1" ?>
<newsitem itemid="744718" id="root" date="1997-07-22" xml:lang="en">
<title>USA: TABLE - Simpson Manufacturing Q2 results.</title>
<headline>TABLE - Simpson Manufacturing Q2 results.</headline>
<dateline>PLEASANTON, Calif. 1997-07-22</dateline>
<text>
<p>Three Months	     Six Months</p>
<p>			 Ended June 30,	  Ended June 30,</p>
<p>			   (Unaudited)	    (Unaudited)</p>
<p>			1997	  1996	  1997	  1996</p>
<p> Net sales   $65,554,874 $51,759,610 $117,482,096 $95,217,057</p>
<p>Cost of sales</p>
<p>		  39,228,286  31,508,992   71,836,850  59,864,983</p>
<p>Gross profit</p>
<p>		  26,326,588  20,250,618   45,645,246  35,352,074</p>
<p>Selling expenses</p>
<p>		   6,366,762   5,462,644   11,575,025   9,972,678</p>
<p>General and</p>
<p>administrative</p>
<p>  expenses     8,077,667   6,225,481   14,304,043  11,353,926</p>
<p>Income from</p>
<p>operations</p>
<p>		  11,882,159   8,562,493   19,766,178  14,025,470</p>
<p>Interest expense</p>
<p>  (income), net   18,166    (97,356)    (142,089)   (150,883)</p>
<p>Income before</p>
<p>   taxes	11,863,993   8,659,849   19,908,267  14,176,353</p>
<p>Provision for</p>
<p>income taxes</p>
<p>		   4,843,000   3,492,000    8,130,000   5,746,000</p>
<p>  Net income   7,020,993   5,167,849   11,778,267   8,430,353</p>
<p>Net income per share:</p>
<p>  Primary	     0.59	  0.44	   0.99	  0.72</p>
<p>  Fully diluted     0.59	  0.44	   0.99	  0.72</p>
<p>Weighted average shares</p>
<p>outstanding:</p>
<p>  Primary     11,901,328  11,747,506   11,892,487  11,691,673</p>
<p>Fully diluted</p>
<p>		  11,915,261  11,794,462   11,914,686  11,783,902</p>
<p>Other data:</p>
<p>Depreciation and</p>
<p>amortization</p>
<p>		   1,942,456   1,429,843    3,817,462   2,875,084</p>
</text>
<copyright>(c) Reuters Limited 1997</copyright>
<metadata>
<codes class="bip:countries:1.0">
  <code code="USA">
    <editdetail attribution="Reuters BIP Coding Group" action="confirmed" date="1997-07-22"/>
  </code>
</codes>
<codes class="bip:topics:1.0">
  <code code="C15">
    <editdetail attribution="Reuters BIP Coding Group" action="confirmed" date="1997-07-22"/>
  </code>
  <code code="C151">
    <editdetail attribution="Reuters BIP Coding Group" action="confirmed" date="1997-07-22"/>
  </code>
  <code code="CCAT">
    <editdetail attribution="Reuters BIP Coding Group" action="confirmed" date="1997-07-22"/>
  </code>
</codes>
<dc element="dc.date.created" value="1997-07-22"/>
<dc element="dc.publisher" value="Reuters Holdings Plc"/>
<dc element="dc.date.published" value="1997-07-22"/>
<dc element="dc.source" value="Reuters"/>
<dc element="dc.creator.location" value="PLEASANTON, Calif."/>
<dc element="dc.creator.location.country.name" value="USA"/>
<dc element="dc.source" value="Reuters"/>
</metadata>
</newsitem>
