<?xml version="1.0" encoding="iso-8859-1" ?>
<newsitem itemid="744772" id="root" date="1997-07-22" xml:lang="en">
<title>USA: AFLAC to try to raise 1997 oper shr 17 pct.</title>
<headline>AFLAC to try to raise 1997 oper shr 17 pct.</headline>
<dateline>COLUMBUS, Ga 1997-07-22</dateline>
<text>
<p>AFLAC Inc said Tuesday that its goal was to increase operating earnings per share by 17 percent this year, excluding the impact of translating Japanese yen into U.S. dollars.</p>
<p>AFLAC, an international holding company that does business in insurance, reported operating earnings of $0.65 per share in the second quarter, compared to $0.59 for the same quarter a year ago. The earnings excluded realized investment gains or losses as well as the sale of six television stations, it said.</p>
<p>Net earnings were $2.14 per share against $0.59, it added in a statement.</p>
<p>&quot;In the United States, our second quarter results were extremely strong,&quot; the company said. &quot;The fact that we can achieve our target rate of earnings per share growth in this challenging environment attests to the strength and resilience of our operation.&quot;</p>
<p>First Call's consensus among analysts forecast earnings of $2.62 per share for 1997.</p>
</text>
<copyright>(c) Reuters Limited 1997</copyright>
<metadata>
<codes class="bip:countries:1.0">
  <code code="JAP">
    <editdetail attribution="Reuters BIP Coding Group" action="confirmed" date="1997-07-22"/>
  </code>
  <code code="USA">
    <editdetail attribution="Reuters BIP Coding Group" action="confirmed" date="1997-07-22"/>
  </code>
</codes>
<codes class="bip:industries:1.0">
  <code code="I82002">
    <editdetail attribution="Reuters BIP Coding Group" action="confirmed" date="1997-07-22"/>
  </code>
</codes>
<codes class="bip:topics:1.0">
  <code code="C15">
    <editdetail attribution="Reuters BIP Coding Group" action="confirmed" date="1997-07-22"/>
  </code>
  <code code="C151">
    <editdetail attribution="Reuters BIP Coding Group" action="confirmed" date="1997-07-22"/>
  </code>
  <code code="CCAT">
    <editdetail attribution="Reuters BIP Coding Group" action="confirmed" date="1997-07-22"/>
  </code>
</codes>
<dc element="dc.date.created" value="1997-07-22"/>
<dc element="dc.publisher" value="Reuters Holdings Plc"/>
<dc element="dc.date.published" value="1997-07-22"/>
<dc element="dc.source" value="Reuters"/>
<dc element="dc.creator.location" value="COLUMBUS, Ga"/>
<dc element="dc.creator.location.country.name" value="USA"/>
<dc element="dc.source" value="Reuters"/>
</metadata>
</newsitem>
