<?xml version="1.0" encoding="iso-8859-1" ?>
<newsitem itemid="744712" id="root" date="1997-07-22" xml:lang="en">
<title>USA: Exide board rejects Danaher bid.</title>
<headline>Exide board rejects Danaher bid.</headline>
<dateline>RALEIGH, N.C. 1997-07-22</dateline>
<text>
<p>Exide Electronics Group said on Tuesday that its board has rejected Danaher Corp's $20 a share takeover offer.</p>
<p>The board also rejected Danaher's offer to buy Exide's warrants for $6.525 each.</p>
<p>Exide said it urges shareholders not to tender any shares or warrants to Danaher.  </p>
<p>Exide said in a statement that it is working with its financial advisor, Lazard Freres &amp; Co, to explore alternatives to maximize shareholder value, including the possible sale of the company or another major transaction.</p>
<p>The board delayed the separation date of the company's preferred stock purchase rights until a later, yet-to-be-determined date, the company said.</p>
<p>Danaher was not immediately available for comment.</p>
</text>
<copyright>(c) Reuters Limited 1997</copyright>
<metadata>
<codes class="bip:countries:1.0">
  <code code="USA">
    <editdetail attribution="Reuters BIP Coding Group" action="confirmed" date="1997-07-22"/>
  </code>
</codes>
<codes class="bip:industries:1.0">
  <code code="I34420">
    <editdetail attribution="Reuters BIP Coding Group" action="confirmed" date="1997-07-22"/>
  </code>
  <code code="I35300">
    <editdetail attribution="Reuters BIP Coding Group" action="confirmed" date="1997-07-22"/>
  </code>
</codes>
<codes class="bip:topics:1.0">
  <code code="C18">
    <editdetail attribution="Reuters BIP Coding Group" action="confirmed" date="1997-07-22"/>
  </code>
  <code code="C181">
    <editdetail attribution="Reuters BIP Coding Group" action="confirmed" date="1997-07-22"/>
  </code>
  <code code="CCAT">
    <editdetail attribution="Reuters BIP Coding Group" action="confirmed" date="1997-07-22"/>
  </code>
</codes>
<dc element="dc.date.created" value="1997-07-22"/>
<dc element="dc.publisher" value="Reuters Holdings Plc"/>
<dc element="dc.date.published" value="1997-07-22"/>
<dc element="dc.source" value="Reuters"/>
<dc element="dc.creator.location" value="RALEIGH, N.C."/>
<dc element="dc.creator.location.country.name" value="USA"/>
<dc element="dc.source" value="Reuters"/>
</metadata>
</newsitem>
