<?xml version="1.0" encoding="iso-8859-1" ?>
<newsitem itemid="744863" id="root" date="1997-07-22" xml:lang="en">
<title>USA: TABLE - NYNEX Corp Q2 net rises.</title>
<headline>TABLE - NYNEX Corp Q2 net rises.</headline>
<dateline>NEW YORK 1997-07-22</dateline>
<text>
<p>(Unaudited)</p>
<p>		    (in millions, except EPS and percentages)</p>
<p>				  Reported		   Adjusted(a)</p>
<p>			     3 Months Ended	    3 Months Ended</p>
<p>			  6/31/97    6/31/96	6/31/97    6/31/96</p>
<p>			  ------     ------	  ------     ------</p>
<p>Operating revenues  $3,513.6  $3,445.8     $3,513.6   $3,445.8</p>
<p>Operating expenses   2,737.8   2,741.1	2,681.9    2,693.9</p>
<p>Operating income	 775.8     704.7	  831.7	751.9</p>
<p>Operating margin	  22.1%     20.5%	  23.7%     21.8%</p>
<p>EBITDA(x)		1,358.5   1,344.5	1,414.4   1,391.7</p>
<p>EBITDA margin	     38.7%     39.0%	  40.3%     40.4%</p>
<p>Net income		 380.5     358.0	  431.3     388.1</p>
<p>Earnings per share	$0.86     $0.82	  $0.98     $0.89</p>
<p>Wghtd. avg. shares</p>
<p> outstanding	     440.5     437.4	  440.5     437.4</p>
<p>NOTES: EBITDA includes operating income plus depreciation and amortization.</p>
<p>Results in both quarters are adjusted for the effects of the corporation's enhanced pension offer.  </p>
<p>About 465 employees accepted the pension offer in Q2 1997, resulting in after-tax charges of $30.3 million, or $0.07 per share. Q2 1996 charges were $30.1 million after taxes, or $0.07 a share, for about 810 employees who accepted the offer.</p>
<p>Under a job reduction plan and enhanced pension offer initiated in 1994, between 19,000 and 21,000 employees are expected to leave NYNEX through 1998.  A total of $1.4 billion in charges are to be recorded as employees accept the offer.</p>
<p>Q2 1997 results were also reduced by charges of $20.5 million, or $0.05 per share, for the writedown of its CAI Wireless Systems investment and video-related charges.  </p>
<p>SIX MONTHS</p>
<p>Operating revenues    $6,815.1   $6,699.8  $6,898.1  $6,768.8</p>
<p>Operating expenses     5,616.7    5,557.6   5,284.6   5,306.6</p>
<p>Operating income	 1,198.4    1,142.2   1,613.5   1,462.2</p>
<p>Earnings before cumulative</p>
<p>effect of change in</p>
<p>accounting principle     540.1	571.8     834.4    749.6</p>
<p>Cumulative effect of change</p>
<p>in accounting principle   --	 131.0	 --	  --</p>
<p>Net income		   540.1     702.8	834.4    749.6</p>
<p>Earnings per share before</p>
<p>cumulative effect of change</p>
<p>in accounting principle   $1.23     $1.31	$1.90    $1.72</p>
<p>Earnings per share	  $1.23     $1.61	$1.90    $1.72</p>
<p>Wghtd. avg.</p>
<p> shares outstanding	440.2     435.5	440.2     435.5</p>
<p>NOTE: About 3,330 employees accepted the pension offer in the first half of 1997, resulting in after-tax charges of $273.9 million, or $0.62 per share. First-half 1996 pension charges were $96.6 million after taxes, or $0.22 per share, for about 1,770 employees who accepted the offer.  </p>
<p>First-half 1997 results also reduced by after-tax charges of $20.5 million, or $0.05 per share, for costs associated with company's previously disclosed restructuring of its CAI Wireless investment and certain video-related severance charges.</p>
<p>First-half 1996 results include a gain resulting from a change in accounting for directory advertising revenues and expenses to reflect revenues and expenses upon publication rather than over the life of the directory.  This gain was partially offset by certain charges to meet various legal, regulatory and other obligations and contingencies, resulting in a net increase of $4.0 million after taxes, or $0.01 per share.</p>
<p>First-half 1996 results include a change in presentation of certain taxes other than income and exclude a one-time after-tax gain of $45.8 million, or $0.11 per share, from the sale of NYNEX's interest in Vanstar Corp.</p>
<p>((--New York Newsdesk, 212-859-1610))</p>
</text>
<copyright>(c) Reuters Limited 1997</copyright>
<metadata>
<codes class="bip:countries:1.0">
  <code code="USA">
    <editdetail attribution="Reuters BIP Coding Group" action="confirmed" date="1997-07-22"/>
  </code>
</codes>
<codes class="bip:industries:1.0">
  <code code="I79020">
    <editdetail attribution="Reuters BIP Coding Group" action="confirmed" date="1997-07-22"/>
  </code>
</codes>
<codes class="bip:topics:1.0">
  <code code="C15">
    <editdetail attribution="Reuters BIP Coding Group" action="confirmed" date="1997-07-22"/>
  </code>
  <code code="C151">
    <editdetail attribution="Reuters BIP Coding Group" action="confirmed" date="1997-07-22"/>
  </code>
  <code code="CCAT">
    <editdetail attribution="Reuters BIP Coding Group" action="confirmed" date="1997-07-22"/>
  </code>
</codes>
<dc element="dc.date.created" value="1997-07-22"/>
<dc element="dc.publisher" value="Reuters Holdings Plc"/>
<dc element="dc.date.published" value="1997-07-22"/>
<dc element="dc.source" value="Reuters"/>
<dc element="dc.creator.location" value="NEW YORK"/>
<dc element="dc.creator.location.country.name" value="USA"/>
<dc element="dc.source" value="Reuters"/>
</metadata>
</newsitem>
