<?xml version="1.0" encoding="iso-8859-1" ?>
<newsitem itemid="744813" id="root" date="1997-07-22" xml:lang="en">
<title>USA: Herley sees earnings growth in FY 1998.</title>
<headline>Herley sees earnings growth in FY 1998.</headline>
<dateline>LANCASTER, Pa. 1997-07-22</dateline>
<text>
<p>Herley Industries Inc said Tuesday that it expects earnings to rise in fiscal 1998.</p>
<p>The company said in a news release that as it approaches the end of its 1997 fiscal year, bookings are strong and Herley is negotiating an unusually large number of significant contract proposals.</p>
<p>&quot;We believe, based on preliminary results, that earnings will continue to rise in the next fiscal year over those reported previously,&quot; Herley's chairman/chief executive, Lee Blatt, said in the statement.</p>
<p>Herley also said it completed its previously announced acquisition of Metraplex Corp for 234,940 common Herley shares.</p>
<p>Herley shares closed up 1/4 to 14-1/8 in Nasdaq trading.</p>
<p>Herley makes communication data links and flight instrumentation systems.</p>
</text>
<copyright>(c) Reuters Limited 1997</copyright>
<metadata>
<codes class="bip:countries:1.0">
  <code code="USA">
    <editdetail attribution="Reuters BIP Coding Group" action="confirmed" date="1997-07-22"/>
  </code>
</codes>
<codes class="bip:topics:1.0">
  <code code="C15">
    <editdetail attribution="Reuters BIP Coding Group" action="confirmed" date="1997-07-22"/>
  </code>
  <code code="C152">
    <editdetail attribution="Reuters BIP Coding Group" action="confirmed" date="1997-07-22"/>
  </code>
  <code code="CCAT">
    <editdetail attribution="Reuters BIP Coding Group" action="confirmed" date="1997-07-22"/>
  </code>
</codes>
<dc element="dc.date.created" value="1997-07-22"/>
<dc element="dc.publisher" value="Reuters Holdings Plc"/>
<dc element="dc.date.published" value="1997-07-22"/>
<dc element="dc.source" value="Reuters"/>
<dc element="dc.creator.location" value="LANCASTER, Pa."/>
<dc element="dc.creator.location.country.name" value="USA"/>
<dc element="dc.source" value="Reuters"/>
</metadata>
</newsitem>
