<?xml version="1.0" encoding="iso-8859-1" ?>
<newsitem itemid="744859" id="root" date="1997-07-22" xml:lang="en">
<title>USA: TABLE-Vanguard Cellular Q2 shr $0.00.</title>
<headline>TABLE-Vanguard Cellular Q2 shr $0.00.</headline>
<dateline>GREENSBORO, N.C. 1997-07-22</dateline>
<text>
<p>VANGUARD CELLULAR SYSTEMS INC AND SUBSIDIARIES</p>
<p>	     (Amounts in thousands, except per share data)</p>
<p>	  THREE MONTHS ENDED JUNE 30, SIX MONTHS ENDED JUNE 30,</p>
<p>			  1997	 1996	   1997	  1996</p>
<p>		(Unaudited)  (Unaudited)  (Unaudited) (Unaudited)</p>
<p>Revenue:</p>
<p>Service revenue</p>
<p>			88,348	70,595	163,457     132,763</p>
<p>Cellular telephone equipment</p>
<p>   revenue	   5,347	 3,398	 10,101	 6,580</p>
<p>  Other		  453	 1,628	    905	 2,295</p>
<p>			94,148	75,621	174,463     141,638</p>
<p>Costs and Expenses:</p>
<p>  Cost of service  8,000	 8,021	 15,869	17,412</p>
<p>Cost of cellular</p>
<p>telephone</p>
<p>   equipment	 9,256	 5,457	 17,899	10,106</p>
<p>General and</p>
<p>administrative</p>
<p>			25,229	19,232	 48,504	36,544</p>
<p>Marketing and</p>
<p>   selling	  20,185	14,831	 34,679	27,300</p>
<p>			62,670	47,541	116,951	91,362</p>
<p>Income From</p>
<p>  Operations	15,293	16,861	 26,375	28,733</p>
<p>Net Loss on</p>
<p>  Dispositions   (2,247)	 (265)	(2,436)	 (630)</p>
<p> Other, net	(2,748)	 (225)	(5,012)	   975</p>
<p> Net Income	     74	 4,772	    302	 7,393</p>
<p>Net Income Per</p>
<p>  Share		 0.00	  0.12	   0.01	  0.18</p>
<p>Weighted Average Number</p>
<p>of Common Shares</p>
<p>  Outstanding     40,298	41,322	 40,560	41,317</p>
<p>Note: The balance sheet information at December 31, 1996 has been derived from the audited financial statements at that date.</p>
<p>During the second quarter of 1997, the company recognized a write-down of $2.2 million, or $0.06 pr share, relating to its cellular telephone equipment rental program.</p>
<p>The company also incurred other expenses of $2.7 million, or $0.07 per share, substantially all of which were attributable to its estimate of its proportionate share of losses of Inter*Act Systems Inc in which it is a major shareholder.</p>
</text>
<copyright>(c) Reuters Limited 1997</copyright>
<metadata>
<codes class="bip:countries:1.0">
  <code code="USA">
    <editdetail attribution="Reuters BIP Coding Group" action="confirmed" date="1997-07-22"/>
  </code>
</codes>
<codes class="bip:industries:1.0">
  <code code="I79020">
    <editdetail attribution="Reuters BIP Coding Group" action="confirmed" date="1997-07-22"/>
  </code>
</codes>
<codes class="bip:topics:1.0">
  <code code="C15">
    <editdetail attribution="Reuters BIP Coding Group" action="confirmed" date="1997-07-22"/>
  </code>
  <code code="C151">
    <editdetail attribution="Reuters BIP Coding Group" action="confirmed" date="1997-07-22"/>
  </code>
  <code code="CCAT">
    <editdetail attribution="Reuters BIP Coding Group" action="confirmed" date="1997-07-22"/>
  </code>
</codes>
<dc element="dc.date.created" value="1997-07-22"/>
<dc element="dc.publisher" value="Reuters Holdings Plc"/>
<dc element="dc.date.published" value="1997-07-22"/>
<dc element="dc.source" value="Reuters"/>
<dc element="dc.creator.location" value="GREENSBORO, N.C."/>
<dc element="dc.creator.location.country.name" value="USA"/>
<dc element="dc.source" value="Reuters"/>
</metadata>
</newsitem>
