<?xml version="1.0" encoding="iso-8859-1" ?>
<newsitem itemid="744802" id="root" date="1997-07-22" xml:lang="en">
<title>USA: TABLE - AFLAC Q2 oper shr increases.</title>
<headline>TABLE - AFLAC Q2 oper shr increases.</headline>
<dateline>COLUMBUS, Ga 1997-07-22</dateline>
<text>
<p>AFLAC INCORPORATED AND SUBSIDIARIES</p>
<p>(Unaudited -- $000 omitted, except for per-share amounts)</p>
<p>    Three months ended June 30,	 1997	 1996  % Chg.</p>
<p> Total revenues**		     2,008,687  1,741,657   15.3</p>
<p>Operating earnings (excluding net</p>
<p>realized investment gains/losses)***</p>
<p>						 91,886     85,564    7.4</p>
<p> Operating earnings per share***	  .65	  .59   10.2</p>
<p> Net earnings			     302,793     85,747  253.1</p>
<p> Net earnings per share		    2.14	  .59  262.7</p>
<p> Cash dividends paid per share	   .115	  .10   15.0</p>
<p>Number of shares used to compute</p>
<p>  earnings per share (000)	    141,489    144,879  (2.3)</p>
<p>    Six months ended June 30,	   1997	 1996  % Chg.</p>
<p> Total revenues**		    $3,716,230 $3,471,577    7.0</p>
<p>Operating earnings (excluding net</p>
<p>realized investment</p>
<p>  gains/losses)***			182,371    172,486    5.7</p>
<p> Operating earnings per share***	 1.29	 1.18    9.3</p>
<p> Net earnings			     392,950    172,270  128.1</p>
<p> Net earnings per share		    2.77	 1.18  134.7</p>
<p> Cash dividends paid per share	   .215	 .187   15.0</p>
<p>Number of shares used to compute</p>
<p>  earnings per share (000)	    141,687    145,623  (2.7)</p>
<p>NOTE: * Amounts excluding foreign currency changes were determined using the same Japanese yen/U.S. dollar exchange rate for the current period as the comparable period in the prior year.</p>
<p>** Includes a $267.2-million gain from the sale of television stations in 1997.</p>
<p>*** Excludes a $211.2-million after-tax gain, or $1.49 per share, from the sale of television stations in 1997.</p>
</text>
<copyright>(c) Reuters Limited 1997</copyright>
<metadata>
<codes class="bip:countries:1.0">
  <code code="USA">
    <editdetail attribution="Reuters BIP Coding Group" action="confirmed" date="1997-07-22"/>
  </code>
</codes>
<codes class="bip:industries:1.0">
  <code code="I82002">
    <editdetail attribution="Reuters BIP Coding Group" action="confirmed" date="1997-07-22"/>
  </code>
</codes>
<codes class="bip:topics:1.0">
  <code code="C15">
    <editdetail attribution="Reuters BIP Coding Group" action="confirmed" date="1997-07-22"/>
  </code>
  <code code="C151">
    <editdetail attribution="Reuters BIP Coding Group" action="confirmed" date="1997-07-22"/>
  </code>
  <code code="CCAT">
    <editdetail attribution="Reuters BIP Coding Group" action="confirmed" date="1997-07-22"/>
  </code>
</codes>
<dc element="dc.date.created" value="1997-07-22"/>
<dc element="dc.publisher" value="Reuters Holdings Plc"/>
<dc element="dc.date.published" value="1997-07-22"/>
<dc element="dc.source" value="Reuters"/>
<dc element="dc.creator.location" value="COLUMBUS, Ga"/>
<dc element="dc.creator.location.country.name" value="USA"/>
<dc element="dc.source" value="Reuters"/>
</metadata>
</newsitem>
