<?xml version="1.0" encoding="iso-8859-1" ?>
<newsitem itemid="744874" id="root" date="1997-07-22" xml:lang="en">
<title>USA: TABLE-Pioneer Group Inc Q2 shr $0.19.</title>
<headline>TABLE-Pioneer Group Inc Q2 shr $0.19.</headline>
<dateline>BOSTON 1997-07-22</dateline>
<text>
<p>(Dollars in Thousands Except Per Share Amounts)</p>
<p>(Unaudited)</p>
<p>		     Three Months Ended	 Six Months Ended</p>
<p>			    June 30,		    June 30,</p>
<p>			  1997	  1996	  1997	  1996</p>
<p>Total revenues</p>
<p>	and sales    79,465	56,911     149,175     113,386</p>
<p>Total costs and</p>
<p>	expenses     72,628	49,995     134,235	96,402</p>
<p>Other (income) expense:</p>
<p>Unrealized and realized gains on venture</p>
<p>capital and marketable securities investments,</p>
<p>    net	     (7,823)	 (145)    (16,309)	 (362)</p>
<p>   Other, net	   651	   617	   963	   845</p>
<p>Total other (income)</p>
<p>	expense     (4,259)	 1,210    (10,819)	 1,641</p>
<p> Net income	   4,975	 3,520	12,284	 8,634</p>
<p> Earnings per share  0.19	  0.14	  0.48	  0.34</p>
<p>Weighted average common</p>
<p>and common equivalent</p>
<p>shares outstanding</p>
<p>		   25,575,000  25,458,000  25,539,000  25,458,000</p>
</text>
<copyright>(c) Reuters Limited 1997</copyright>
<metadata>
<codes class="bip:countries:1.0">
  <code code="USA">
    <editdetail attribution="Reuters BIP Coding Group" action="confirmed" date="1997-07-22"/>
  </code>
</codes>
<codes class="bip:industries:1.0">
  <code code="I81502">
    <editdetail attribution="Reuters BIP Coding Group" action="confirmed" date="1997-07-22"/>
  </code>
  <code code="I8150206">
    <editdetail attribution="Reuters BIP Coding Group" action="confirmed" date="1997-07-22"/>
  </code>
</codes>
<codes class="bip:topics:1.0">
  <code code="C15">
    <editdetail attribution="Reuters BIP Coding Group" action="confirmed" date="1997-07-22"/>
  </code>
  <code code="C151">
    <editdetail attribution="Reuters BIP Coding Group" action="confirmed" date="1997-07-22"/>
  </code>
  <code code="CCAT">
    <editdetail attribution="Reuters BIP Coding Group" action="confirmed" date="1997-07-22"/>
  </code>
</codes>
<dc element="dc.date.created" value="1997-07-22"/>
<dc element="dc.publisher" value="Reuters Holdings Plc"/>
<dc element="dc.date.published" value="1997-07-22"/>
<dc element="dc.source" value="Reuters"/>
<dc element="dc.creator.location" value="BOSTON"/>
<dc element="dc.creator.location.country.name" value="USA"/>
<dc element="dc.source" value="Reuters"/>
</metadata>
</newsitem>
