<?xml version="1.0" encoding="iso-8859-1" ?>
<newsitem itemid="744832" id="root" date="1997-07-22" xml:lang="en">
<title>USA: TABLE-Northeast Utilities Q2 loss vs profit.</title>
<headline>TABLE-Northeast Utilities Q2 loss vs profit.</headline>
<dateline>HARTFORD, Conn. 1997-07-22</dateline>
<text>
<p>1997			1996</p>
<p> Shr loss		   $0.50   profit	 $0.09</p>
<p> Net loss		  64,439   profit	11,666</p>
<p> Revs		     903,323		  871,904</p>
<p> Avg shrs		 129,604		  127,809</p>
<p>		     First Half</p>
<p> Shr loss		   $0.36   profit	 $0.60</p>
<p> Net loss		  46,934   profit	77,271</p>
<p> Revs		   1,878,691		1,900,106</p>
<p> Avg shrs		 129,116		  127,706</p>
<p>		     12 Months</p>
<p> Shr loss		   $0.95   profit	 $1.82</p>
<p> Net loss		 122,271   profit     230,919</p>
<p> Revs		   3,770,733		3,865,627</p>
<p> Avg shrs		 128,665		  127,212</p>
<p>(All Data Omits 000s Except Per Share Numbers)</p>
<p>NOTE: Share data after preferred dividends of $7.9 million vs $8.3 million in qtr, $15.8 million vs $16.7 million in half, and $32.9 million vs $33.6 million in 12 months.</p>
<p>1997 net includes $30 million increase in reserve to cover nuclear compliance costs.</p>
<p>((-- New York Newsdesk 212 859-1610))</p>
</text>
<copyright>(c) Reuters Limited 1997</copyright>
<metadata>
<codes class="bip:countries:1.0">
  <code code="USA">
    <editdetail attribution="Reuters BIP Coding Group" action="confirmed" date="1997-07-22"/>
  </code>
</codes>
<codes class="bip:industries:1.0">
  <code code="I16000">
    <editdetail attribution="Reuters BIP Coding Group" action="confirmed" date="1997-07-22"/>
  </code>
</codes>
<codes class="bip:topics:1.0">
  <code code="C15">
    <editdetail attribution="Reuters BIP Coding Group" action="confirmed" date="1997-07-22"/>
  </code>
  <code code="C151">
    <editdetail attribution="Reuters BIP Coding Group" action="confirmed" date="1997-07-22"/>
  </code>
  <code code="CCAT">
    <editdetail attribution="Reuters BIP Coding Group" action="confirmed" date="1997-07-22"/>
  </code>
</codes>
<dc element="dc.date.created" value="1997-07-22"/>
<dc element="dc.publisher" value="Reuters Holdings Plc"/>
<dc element="dc.date.published" value="1997-07-22"/>
<dc element="dc.source" value="Reuters"/>
<dc element="dc.creator.location" value="HARTFORD, Conn."/>
<dc element="dc.creator.location.country.name" value="USA"/>
<dc element="dc.source" value="Reuters"/>
</metadata>
</newsitem>
