<?xml version="1.0" encoding="iso-8859-1" ?>
<newsitem itemid="744886" id="root" date="1997-07-22" xml:lang="en">
<title>USA: TABLE - Stein Mart Q2 shr rise.</title>
<headline>TABLE - Stein Mart Q2 shr rise.</headline>
<dateline>JACKSONVILLE, Fla. 1997-07-22</dateline>
<text>
<p>For The		    For The</p>
<p>		     Three Months Ended     Six Months Ended</p>
<p>		    June 28,   June 29,    June 28,  June 29,</p>
<p>			 1997	 1996	  1997	1996</p>
<p>Net Sales	 $183,604   $149,400    $334,991   $257,917</p>
<p>Cost of Merchandise</p>
<p>  Sold	     130,810    106,597     246,643    190,234</p>
<p>    Gross Profit  52,794     42,803	88,348     67,683</p>
<p>Selling, General and Administrative</p>
<p>  Expenses	  38,961     31,756	74,014     58,919</p>
<p>Other Income, Net  2,310	1,978	 4,225	3,619</p>
<p>Income From</p>
<p>	Operations   16,143     13,025	18,559     12,383</p>
<p>Interest Expense	269	  383	   398	  665</p>
<p>Income Before Income</p>
<p>  Taxes		15,874     12,642	18,161     11,718</p>
<p>Provision for Income</p>
<p>  Taxes		  6,191	4,930	 7,083	4,570</p>
<p>     Net Income    $ 9,683   $  7,712    $ 11,078   $  7,148</p>
<p>Weighted Average Shares</p>
<p>  Outstanding	 24,063     23,504	23,969    23,430</p>
<p>Net Income Per Share $0.40	$0.33	 $0.46     $0.31</p>
<p>(In Thousands Except Per Share Amounts)</p>
<p>Note: Full company name is Stein Mart Inc.</p>
</text>
<copyright>(c) Reuters Limited 1997</copyright>
<metadata>
<codes class="bip:countries:1.0">
  <code code="USA">
    <editdetail attribution="Reuters BIP Coding Group" action="confirmed" date="1997-07-22"/>
  </code>
</codes>
<codes class="bip:industries:1.0">
  <code code="I64500">
    <editdetail attribution="Reuters BIP Coding Group" action="confirmed" date="1997-07-22"/>
  </code>
</codes>
<codes class="bip:topics:1.0">
  <code code="C15">
    <editdetail attribution="Reuters BIP Coding Group" action="confirmed" date="1997-07-22"/>
  </code>
  <code code="C151">
    <editdetail attribution="Reuters BIP Coding Group" action="confirmed" date="1997-07-22"/>
  </code>
  <code code="CCAT">
    <editdetail attribution="Reuters BIP Coding Group" action="confirmed" date="1997-07-22"/>
  </code>
</codes>
<dc element="dc.date.created" value="1997-07-22"/>
<dc element="dc.publisher" value="Reuters Holdings Plc"/>
<dc element="dc.date.published" value="1997-07-22"/>
<dc element="dc.source" value="Reuters"/>
<dc element="dc.creator.location" value="JACKSONVILLE, Fla."/>
<dc element="dc.creator.location.country.name" value="USA"/>
<dc element="dc.source" value="Reuters"/>
</metadata>
</newsitem>
