<?xml version="1.0" encoding="iso-8859-1" ?>
<newsitem itemid="744837" id="root" date="1997-07-22" xml:lang="en">
<title>USA: TABLE - BellSouth sells $500 mln in century bonds.</title>
<headline>TABLE - BellSouth sells $500 mln in century bonds.</headline>
<dateline>NEW YORK 1997-07-22</dateline>
<text>
<p>The following debt issue from Bell South Capital Funding, a unit of BellSouth Corp, was priced on Tuesday via lead manager Morgan Stanley, Dean Witter, Discover &amp; Co according to a market source.</p>
<p>BORROWER BELL SOUTH CAPITAL FUNDING</p>
<p>AMT $500 MLN	 COUPON 7.12 PCT   MATURITY 7/15/2097</p>
<p>TYPE DEBENTURES    ISS PRICE 100     FIRST PAY DATE 1/15/98</p>
<p>LAST MOODY'S AA1   YIELD 7.125 PCT   PAY FREQ SEMI-ANNUAL</p>
<p>LAST S&amp;P AAA	 SPREAD +60 BPS    CALLABLE MAKE WHOLE CALL</p>
<p>							    AT 15 BPS OVER</p>
<p>							    TREASURIES</p>
<p>((U.S. Corporate Bond Unit, 212-859-1662))</p>
</text>
<copyright>(c) Reuters Limited 1997</copyright>
<metadata>
<codes class="bip:countries:1.0">
  <code code="USA">
    <editdetail attribution="Reuters BIP Coding Group" action="confirmed" date="1997-07-22"/>
  </code>
</codes>
<codes class="bip:industries:1.0">
  <code code="I79020">
    <editdetail attribution="Reuters BIP Coding Group" action="confirmed" date="1997-07-22"/>
  </code>
</codes>
<codes class="bip:topics:1.0">
  <code code="C17">
    <editdetail attribution="Reuters BIP Coding Group" action="confirmed" date="1997-07-22"/>
  </code>
  <code code="C172">
    <editdetail attribution="Reuters BIP Coding Group" action="confirmed" date="1997-07-22"/>
  </code>
  <code code="CCAT">
    <editdetail attribution="Reuters BIP Coding Group" action="confirmed" date="1997-07-22"/>
  </code>
</codes>
<dc element="dc.date.created" value="1997-07-22"/>
<dc element="dc.publisher" value="Reuters Holdings Plc"/>
<dc element="dc.date.published" value="1997-07-22"/>
<dc element="dc.source" value="Reuters"/>
<dc element="dc.creator.location" value="NEW YORK"/>
<dc element="dc.creator.location.country.name" value="USA"/>
<dc element="dc.source" value="Reuters"/>
</metadata>
</newsitem>
