<?xml version="1.0" encoding="iso-8859-1" ?>
<newsitem itemid="744899" id="root" date="1997-07-22" xml:lang="en">
<title>USA: Roberts not aware of recent stock price drop.</title>
<headline>Roberts not aware of recent stock price drop.</headline>
<dateline>EATONTOWN, N.J. 1997-07-22</dateline>
<text>
<p>Roberts Pharmaceutical Corp said Tuesday it is not aware of any specific reason for the current decline in the price of its common stock.</p>
<p>In unusually busy trading activity, the company's stock started falling Thursday around 1000 EDT from around 11 1/2 to finish that day around 10 1/2.</p>
<p>Yesterday, it fell as low as around 9 1/2 and has started rebounding today.</p>
<p>It opened today trading just below the high.</p>
<p>The company said its financial health is strong with more than $90 million in cash.</p>
<p>Additionally, the company said it recently reported revenues during the first six months advanced 29 percent to $56.6 million from $44.0 million in the comparable period a year earlier.</p>
<p>Per share earnings in the first-half 1997 were reported at $0.08 compared to a loss from continuing operations of $0.32 in the same period a year earlier.</p>
<p>The company also said several compounds are in development, representing the potential for future product introductions in support of long-term growth.</p>
</text>
<copyright>(c) Reuters Limited 1997</copyright>
<metadata>
<codes class="bip:countries:1.0">
  <code code="USA">
    <editdetail attribution="Reuters BIP Coding Group" action="confirmed" date="1997-07-22"/>
  </code>
</codes>
<codes class="bip:industries:1.0">
  <code code="I25700">
    <editdetail attribution="Reuters BIP Coding Group" action="confirmed" date="1997-07-22"/>
  </code>
</codes>
<codes class="bip:topics:1.0">
  <code code="C15">
    <editdetail attribution="Reuters BIP Coding Group" action="confirmed" date="1997-07-22"/>
  </code>
  <code code="C152">
    <editdetail attribution="Reuters BIP Coding Group" action="confirmed" date="1997-07-22"/>
  </code>
  <code code="CCAT">
    <editdetail attribution="Reuters BIP Coding Group" action="confirmed" date="1997-07-22"/>
  </code>
</codes>
<dc element="dc.date.created" value="1997-07-22"/>
<dc element="dc.publisher" value="Reuters Holdings Plc"/>
<dc element="dc.date.published" value="1997-07-22"/>
<dc element="dc.source" value="Reuters"/>
<dc element="dc.creator.location" value="EATONTOWN, N.J."/>
<dc element="dc.creator.location.country.name" value="USA"/>
<dc element="dc.source" value="Reuters"/>
</metadata>
</newsitem>
