<?xml version="1.0" encoding="iso-8859-1" ?>
<newsitem itemid="744897" id="root" date="1997-07-22" xml:lang="en">
<title>USA: TABLE - Image Sensing Systems Inc Q2.</title>
<headline>TABLE - Image Sensing Systems Inc Q2.</headline>
<dateline>ST. PAUL, Minn. 1997-07-22</dateline>
<text>
<p>Three-Month Period Ended June 30, 1997</p>
<p>(Dollars in thousands except per share amounts)</p>
<p>							1997	    1996</p>
<p> Revenues					  $1,131	    $852</p>
<p> Operating income (loss)			  236	   (320)</p>
<p> Net income (loss)				  257	   (298)</p>
<p> Net income (loss) per share		    .10	   (.12)</p>
<p>Weighted average number of common shares and</p>
<p>common share equivalents outstanding</p>
<p>						  2,475,000     2,475,000</p>
<p>Six-Month Period Ended June 30, 1997</p>
<p>(Dollars in thousands except per share amounts)</p>
<p>							1997	    1996</p>
<p> Revenues					  $2,036	  $1,482</p>
<p> Operating income (loss)			  213	   (945)</p>
<p> Net income (loss)				  262	   (875)</p>
<p> Net income (loss) per share		    .10	   (.50)</p>
<p>Weighted average number of common shares and</p>
<p>common share equivalents outstanding</p>
<p>						  2,475,000     2,475,000</p>
<p>		-- ((Reuters Chicago Newsdesk 312-408-8787))</p>
</text>
<copyright>(c) Reuters Limited 1997</copyright>
<metadata>
<codes class="bip:countries:1.0">
  <code code="USA">
    <editdetail attribution="Reuters BIP Coding Group" action="confirmed" date="1997-07-22"/>
  </code>
</codes>
<codes class="bip:industries:1.0">
  <code code="I34420">
    <editdetail attribution="Reuters BIP Coding Group" action="confirmed" date="1997-07-22"/>
  </code>
</codes>
<codes class="bip:topics:1.0">
  <code code="C15">
    <editdetail attribution="Reuters BIP Coding Group" action="confirmed" date="1997-07-22"/>
  </code>
  <code code="C151">
    <editdetail attribution="Reuters BIP Coding Group" action="confirmed" date="1997-07-22"/>
  </code>
  <code code="CCAT">
    <editdetail attribution="Reuters BIP Coding Group" action="confirmed" date="1997-07-22"/>
  </code>
</codes>
<dc element="dc.date.created" value="1997-07-22"/>
<dc element="dc.publisher" value="Reuters Holdings Plc"/>
<dc element="dc.date.published" value="1997-07-22"/>
<dc element="dc.source" value="Reuters"/>
<dc element="dc.creator.location" value="ST. PAUL, Minn."/>
<dc element="dc.creator.location.country.name" value="USA"/>
<dc element="dc.source" value="Reuters"/>
</metadata>
</newsitem>
