<?xml version="1.0" encoding="iso-8859-1" ?>
<newsitem itemid="744800" id="root" date="1997-07-22" xml:lang="en">
<title>USA: Molex sees FY98 $220-$240 mln in capital spending.</title>
<headline>Molex sees FY98 $220-$240 mln in capital spending.</headline>
<dateline>LISLE, Ill. 1997-07-22</dateline>
<text>
<p>Molex Inc said Tuesday it plans to invest $220 to $240 million in capital expenditures and $100 million in research and development for the year ending June 30, 1998.</p>
<p>The electronic components maker said fiscal fourth quarter revenues were $416.1 million, up 17.9 percent from last year. Net income was $47.5 million, a 21 percent increase from the same quarter a year ago.</p>
<p>&quot;Currency translation decreased net revenues by $18 million and net income by $2.2 million for the fourth quarter compared with the same period a year ago,&quot; Molex said.  </p>
<p>For the year ended June 30, revenues were $1.54 billion, compared with $1.38 billion in the prior fiscal year. Net income was $166.7 million, a 14.5 percent increase from the $145.6 million reported last year.</p>
<p>&quot;For the year, currency translation decreased net revenues by $69 million and net income by $7.5 million,&quot; Molex said.</p>
<p>The company said its order backlog on June 30, 1997 stood at $261.1 million, a 15.7 percent increase over the same period a year ago.</p>
<p>Research and development expenditures for the fourth quarter were $23.2 million, a 4.8 percent increase from the same period last year. R&amp;D expenditures for the year were $89.5 million, a 4.6 percent increase over the prior year.</p>
<p>Capital expenditures were $60 million for the fourth quarter, compared with $61.5 million for the fourth quarter a year ago. Year-to-date capital expenditures equaled $208.6 million, compared with $222.4 million reported last year.</p>
<p>((--Chicago Newsdesk 312-408-8787))</p>
</text>
<copyright>(c) Reuters Limited 1997</copyright>
<metadata>
<codes class="bip:countries:1.0">
  <code code="USA">
    <editdetail attribution="Reuters BIP Coding Group" action="confirmed" date="1997-07-22"/>
  </code>
</codes>
<codes class="bip:industries:1.0">
  <code code="I34400">
    <editdetail attribution="Reuters BIP Coding Group" action="confirmed" date="1997-07-22"/>
  </code>
</codes>
<codes class="bip:topics:1.0">
  <code code="C11">
    <editdetail attribution="Reuters BIP Coding Group" action="confirmed" date="1997-07-22"/>
  </code>
  <code code="C15">
    <editdetail attribution="Reuters BIP Coding Group" action="confirmed" date="1997-07-22"/>
  </code>
  <code code="C152">
    <editdetail attribution="Reuters BIP Coding Group" action="confirmed" date="1997-07-22"/>
  </code>
  <code code="CCAT">
    <editdetail attribution="Reuters BIP Coding Group" action="confirmed" date="1997-07-22"/>
  </code>
</codes>
<dc element="dc.date.created" value="1997-07-22"/>
<dc element="dc.publisher" value="Reuters Holdings Plc"/>
<dc element="dc.date.published" value="1997-07-22"/>
<dc element="dc.source" value="Reuters"/>
<dc element="dc.creator.location" value="LISLE, Ill."/>
<dc element="dc.creator.location.country.name" value="USA"/>
<dc element="dc.source" value="Reuters"/>
</metadata>
</newsitem>
