<?xml version="1.0" encoding="iso-8859-1" ?>
<newsitem itemid="744843" id="root" date="1997-07-22" xml:lang="en">
<title>USA: U.S. stocks, bonds jump on Greenspan comments.</title>
<headline>U.S. stocks, bonds jump on Greenspan comments.</headline>
<dateline>NEW YORK 1997-07-22</dateline>
<text>
<p>Wall Street stocks bounded higher in late afternoon on Tuesday, as investor caution gave way to optimism after Federal Reserve Chairman Alan Greenspan's Humphrey-Hawkins testimony.</p>
<p>Greenspan's comments focused on the U.S. economy's current climate of moderate growth and low inflation, without employing the references to market bubbles or irrational exuberance that had given markets fits in the past.</p>
<p>The speech sparked a broad rally in U.S. financial markets, sending stocks, bonds and the dollar all sharply higher.  </p>
<p>&quot;This is definitely a relief rally, because I think there was concern over the last couple of days that we'd see the 'Irrational Exuberance II' speech,&quot; said Phil Orlando, chief investment officer at Value Line Asset Management.</p>
<p>The Dow Industrials surged 133 points to 8039, matching the blue chip average's all-time closing high.</p>
<p>The benchmark 30-year U.S. Treasury also roared higher, gaining over one full point to yield 6.46 percent, the lowest yield since December 5, 1996 and the dollar climbed to near six year highs against the German mark.</p>
<p>((-- Wall Street desk, 212-859-1730))</p>
</text>
<copyright>(c) Reuters Limited 1997</copyright>
<metadata>
<codes class="bip:countries:1.0">
  <code code="USA">
    <editdetail attribution="Reuters BIP Coding Group" action="confirmed" date="1997-07-22"/>
  </code>
</codes>
<codes class="bip:topics:1.0">
  <code code="M11">
    <editdetail attribution="Reuters BIP Coding Group" action="confirmed" date="1997-07-22"/>
  </code>
  <code code="M12">
    <editdetail attribution="Reuters BIP Coding Group" action="confirmed" date="1997-07-22"/>
  </code>
  <code code="MCAT">
    <editdetail attribution="Reuters BIP Coding Group" action="confirmed" date="1997-07-22"/>
  </code>
</codes>
<dc element="dc.date.created" value="1997-07-22"/>
<dc element="dc.publisher" value="Reuters Holdings Plc"/>
<dc element="dc.date.published" value="1997-07-22"/>
<dc element="dc.source" value="Reuters"/>
<dc element="dc.creator.location" value="NEW YORK"/>
<dc element="dc.creator.location.country.name" value="USA"/>
<dc element="dc.source" value="Reuters"/>
</metadata>
</newsitem>
