<?xml version="1.0" encoding="iso-8859-1" ?>
<newsitem itemid="744835" id="root" date="1997-07-22" xml:lang="en">
<title>USA: IMM currency futures end mixed, marks hit new lows.</title>
<headline>IMM currency futures end mixed, marks hit new lows.</headline>
<dateline>CHICAGO 1997-07-22</dateline>
<text>
<p>IMM currency futures finished moderate-volume pit trading mixed, with European units posting sizable losses after a late renewed retreat.</p>
<p>September marks in particular built on already-hefty losses and skidded to yet another new contract low, this at $0.5500, as U.S. asset markets embraced prepared testimony by Federal Reserve Board Chairman Alan Greenspan and rallied strongly.</p>
<p>Greenspan soothed jitters about potential for an imminent U.S. rate hike by saying that the current stance of monetary policy will need to be changed at some point, but he also said that for now demand growth appears to have moderated.  </p>
<p>Greenspan said the Federal Open Market Committee was confident of modest inflation this year but sees a rise in 1998, and that the dollar's gain this year is consistent with long-term rate differentials versus the Group of 10.</p>
<p>The remarks, in which some stock analysts noted a conspicuous absence of &quot;irrational exuberance&quot; remarks that might have damaged the U.S. stock market, instead hoisted U.S. equity and bond markets upward and increased the fundamental attractiveness of the U.S. dollar as well.</p>
<p>&quot;Greenspan's testimony really did it,&quot; said one mark floor broker at the Chicago Mercantile Exchange.  </p>
<p>Technicals also played a key role in the currency pullback, especially in the already pressured mark.</p>
<p>&quot;No one even figured we'd get (the dollar/mark) up to 1.8197 today,&quot; said a floor analyst.</p>
<p>The first broker said that above 1.8250 the next dollar/mark target is at 1.8350 and then possibly 1.8487. The latter two levels roughly correspond to September marks at 0.5472 and $0.5431, respectively.</p>
<p>Yen, however, gained ground partly on crosses, with some brokers saying action suggested players who had bailed out of long yen/short mark positions may have reset those spreads.  </p>
<p>Marks languished under continued talk of a broad-based and therefore weak start for European monetary union. Overnight, Bundesbank council member Hans-Juergen Koebnick said the euro could be stable even if Germany and France had deficits of 3.2 to 3.3 percent of gross domestic product.</p>
<p>Traders said daily volume was generally moderate, although mark action picked up late as dealers and funds sold size.</p>
<p>Sept yen rose $0.000062 to $0.008741, marks lost $0.0087 to $0.5502, Swiss francs lost $0.0036 to $0.6788, sterling rose $0.0004 to $1.6758, Can dollar rose $0.0001 to $0.7286, Aus dollar lost $0.0027 to $0.7400, Mex peso rose $0.000975 to $0.124950. ((Derivatives Desk (312) 408-8750)) E-mail:derivatives@reuters.com</p>
</text>
<copyright>(c) Reuters Limited 1997</copyright>
<metadata>
<codes class="bip:countries:1.0">
  <code code="USA">
    <editdetail attribution="Reuters BIP Coding Group" action="confirmed" date="1997-07-22"/>
  </code>
</codes>
<codes class="bip:topics:1.0">
  <code code="M13">
    <editdetail attribution="Reuters BIP Coding Group" action="confirmed" date="1997-07-22"/>
  </code>
  <code code="M132">
    <editdetail attribution="Reuters BIP Coding Group" action="confirmed" date="1997-07-22"/>
  </code>
  <code code="MCAT">
    <editdetail attribution="Reuters BIP Coding Group" action="confirmed" date="1997-07-22"/>
  </code>
</codes>
<dc element="dc.date.created" value="1997-07-22"/>
<dc element="dc.publisher" value="Reuters Holdings Plc"/>
<dc element="dc.date.published" value="1997-07-22"/>
<dc element="dc.source" value="Reuters"/>
<dc element="dc.creator.location" value="CHICAGO"/>
<dc element="dc.creator.location.country.name" value="USA"/>
<dc element="dc.source" value="Reuters"/>
</metadata>
</newsitem>
