<?xml version="1.0" encoding="iso-8859-1" ?>
<newsitem itemid="744807" id="root" date="1997-07-22" xml:lang="en">
<title>USA: TABLE - Protocol Q2 results.</title>
<headline>TABLE - Protocol Q2 results.</headline>
<dateline>BEAVERTON, Ore. 1997-07-22</dateline>
<text>
<p>PROTOCOL SYSTEMS, INC.</p>
<p>				     CONSOLIDATED STATEMENTS OF OPERATIONS</p>
<p>				     (in thousands except per share amounts)</p>
<p>						    (unaudited)</p>
<p>		Three months ended June 30,    Six months ended June 30,</p>
<p>		 1997    %	1996    %	 1997    %	1996    %</p>
<p>Sales     $16,110 100.0% $17,097 100.0%   $29,303 100.0% $33,336 100.0%</p>
<p>Cost of</p>
<p> sales	8,033  49.9%   7,406  43.3%    14,730  50.3%  14,762  44.3%</p>
<p>Gross</p>
<p> profit     8,077  50.1%   9,691  56.7%    14,573  49.7%  18,574  55.7%</p>
<p>Operating expenses:</p>
<p>Research and</p>
<p>development</p>
<p> expenses  2,143   13.3%   2,237  13.1%     4,164  14.2%   4,492  13.5%</p>
<p>Selling,</p>
<p>general</p>
<p>and admin-</p>
<p>istrative</p>
<p> expenses  5,238   32.5%   5,490  32.1%     9,866  33.7%  10,238  30.7%</p>
<p>Total</p>
<p>operating</p>
<p> expenses  7,381   45.8%   7,727  45.2%    14,030  47.9%  14,730  44.2%</p>
<p>Income from</p>
<p> operations  696    4.3%   1,964  11.5%	 543   1.9%   3,844  11.5%</p>
<p>Other income 279    1.7%     237   1.4%	 512   1.7%     505   1.5%</p>
<p>Income</p>
<p>before</p>
<p>income</p>
<p> taxes	 975    6.1%   2,201  12.9%    1,055    3.6%   4,349  13.0%</p>
<p>Provision</p>
<p>for income</p>
<p> taxes	 281    1.7%     610   3.6%	306    1.0%   1,205   3.6%</p>
<p>Net Income  $694    4.3%  $1,591   9.3%     $749    2.6%  $3,144   9.4%</p>
<p>Net income</p>
<p>per common</p>
<p>and common</p>
<p>equivalent</p>
<p> share     $0.08	     $0.17	     $0.08	     $0.33</p>
<p>Weighted</p>
<p>average</p>
<p>number of</p>
<p>common</p>
<p>and common</p>
<p>equivalent</p>
<p>shares</p>
<p>out-</p>
<p> standing  9,103	    9,537		9,148	     9,504</p>
</text>
<copyright>(c) Reuters Limited 1997</copyright>
<metadata>
<codes class="bip:countries:1.0">
  <code code="USA">
    <editdetail attribution="Reuters BIP Coding Group" action="confirmed" date="1997-07-22"/>
  </code>
</codes>
<codes class="bip:industries:1.0">
  <code code="I37200">
    <editdetail attribution="Reuters BIP Coding Group" action="confirmed" date="1997-07-22"/>
  </code>
</codes>
<codes class="bip:topics:1.0">
  <code code="C15">
    <editdetail attribution="Reuters BIP Coding Group" action="confirmed" date="1997-07-22"/>
  </code>
  <code code="C151">
    <editdetail attribution="Reuters BIP Coding Group" action="confirmed" date="1997-07-22"/>
  </code>
  <code code="CCAT">
    <editdetail attribution="Reuters BIP Coding Group" action="confirmed" date="1997-07-22"/>
  </code>
</codes>
<dc element="dc.date.created" value="1997-07-22"/>
<dc element="dc.publisher" value="Reuters Holdings Plc"/>
<dc element="dc.date.published" value="1997-07-22"/>
<dc element="dc.source" value="Reuters"/>
<dc element="dc.creator.location" value="BEAVERTON, Ore."/>
<dc element="dc.creator.location.country.name" value="USA"/>
<dc element="dc.source" value="Reuters"/>
</metadata>
</newsitem>
