<?xml version="1.0" encoding="iso-8859-1" ?>
<newsitem itemid="744885" id="root" date="1997-07-22" xml:lang="en">
<title>USA: TABLE - Statewide Financial Q2 net rises.</title>
<headline>TABLE - Statewide Financial Q2 net rises.</headline>
<dateline>JERSEY CITY, N.J. 1997-07-22</dateline>
<text>
<p>For the Three	  For the Six</p>
<p>					Months Ended	 Months Ended</p>
<p>					     June 30,	     June 30,</p>
<p>(dollars in thousands)	1997     1996	1997	1996</p>
<p>Net Interest Income	  6,255    5,413    12,508     10,614</p>
<p>Provision For Loan Losses    125	125	 250	  250</p>
<p>Net Income		   $ 1,391  $ 1,154   $ 2,775    $ 2,359</p>
<p>Earnings per share	 $  0.33  $  0.24   $  0.65    $  0.49</p>
<p>Weighted Average Number of</p>
<p>Common Shares Outstanding</p>
<p>to Compute Earnings Per</p>
<p> Share		   4,242,171 4,853,965  4,290,775  4,859,075</p>
<p>NOTE:  Full name of company is Statewide Financial Corp.</p>
<p>Net income for the second quarter and first six months of 1997 includes non-recurring reductions of $0.1 million and $0.4 million from unaccrued interest income being realized in the prior-year periods.</p>
</text>
<copyright>(c) Reuters Limited 1997</copyright>
<metadata>
<codes class="bip:countries:1.0">
  <code code="USA">
    <editdetail attribution="Reuters BIP Coding Group" action="confirmed" date="1997-07-22"/>
  </code>
</codes>
<codes class="bip:industries:1.0">
  <code code="I81501">
    <editdetail attribution="Reuters BIP Coding Group" action="confirmed" date="1997-07-22"/>
  </code>
  <code code="I8150103">
    <editdetail attribution="Reuters BIP Coding Group" action="confirmed" date="1997-07-22"/>
  </code>
</codes>
<codes class="bip:topics:1.0">
  <code code="C15">
    <editdetail attribution="Reuters BIP Coding Group" action="confirmed" date="1997-07-22"/>
  </code>
  <code code="C151">
    <editdetail attribution="Reuters BIP Coding Group" action="confirmed" date="1997-07-22"/>
  </code>
  <code code="CCAT">
    <editdetail attribution="Reuters BIP Coding Group" action="confirmed" date="1997-07-22"/>
  </code>
</codes>
<dc element="dc.date.created" value="1997-07-22"/>
<dc element="dc.publisher" value="Reuters Holdings Plc"/>
<dc element="dc.date.published" value="1997-07-22"/>
<dc element="dc.source" value="Reuters"/>
<dc element="dc.creator.location" value="JERSEY CITY, N.J."/>
<dc element="dc.creator.location.country.name" value="USA"/>
<dc element="dc.source" value="Reuters"/>
</metadata>
</newsitem>
