<?xml version="1.0" encoding="iso-8859-1" ?>
<newsitem itemid="744963" id="root" date="1997-07-22" xml:lang="en">
<title>USA: Ethyl sees H2 lead anti-knock profits down.</title>
<headline>Ethyl sees H2 lead anti-knock profits down.</headline>
<dateline>RICHMOND, Va. 1997-07-22</dateline>
<text>
<p>Ethyl Corp said Tuesday that, although it expects to see improvement in petroleum additives in 1997, its lead anti-knock profits will be &quot;well below&quot; the second half of last year.</p>
<p>The company said improvements in its results for the first half of the year were largely offset by the expected lower lead antiknock profit. The lower profits reflect a continuing market decline, competitive pressures in the petroleum additives marketplace and the strength of the U.S. dollar, the company said.</p>
<p>&quot;Ethyl Corp delivered a nine percent improvement in earnings for the first half and second quarter of 1997 compared with the same periods last year, despite challenging conditions in the petroleum additives business,&quot; said Bruce Gottwald, chairman and chief executive, in a statement.</p>
<p>Ethyl posted second-quarter net income of $21.9 million, or $0.19 per share, compared to net income of $20.1 million, or $0.17 per share.</p>
<p>The company sells fuel and lubricant additives to refiners who sell petroleum products for transportation and industrial equipment.</p>
</text>
<copyright>(c) Reuters Limited 1997</copyright>
<metadata>
<codes class="bip:countries:1.0">
  <code code="USA">
    <editdetail attribution="Reuters BIP Coding Group" action="confirmed" date="1997-07-22"/>
  </code>
</codes>
<codes class="bip:industries:1.0">
  <code code="I25000">
    <editdetail attribution="Reuters BIP Coding Group" action="confirmed" date="1997-07-22"/>
  </code>
</codes>
<codes class="bip:topics:1.0">
  <code code="C15">
    <editdetail attribution="Reuters BIP Coding Group" action="confirmed" date="1997-07-22"/>
  </code>
  <code code="C152">
    <editdetail attribution="Reuters BIP Coding Group" action="confirmed" date="1997-07-22"/>
  </code>
  <code code="CCAT">
    <editdetail attribution="Reuters BIP Coding Group" action="confirmed" date="1997-07-22"/>
  </code>
</codes>
<dc element="dc.date.created" value="1997-07-22"/>
<dc element="dc.publisher" value="Reuters Holdings Plc"/>
<dc element="dc.date.published" value="1997-07-22"/>
<dc element="dc.source" value="Reuters"/>
<dc element="dc.creator.location" value="RICHMOND, Va."/>
<dc element="dc.creator.location.country.name" value="USA"/>
<dc element="dc.source" value="Reuters"/>
</metadata>
</newsitem>
