<?xml version="1.0" encoding="iso-8859-1" ?>
<newsitem itemid="744922" id="root" date="1997-07-22" xml:lang="en">
<title>USA: SmithKline dampens U.S. drug earnings party.</title>
<headline>SmithKline dampens U.S. drug earnings party.</headline>
<dateline>NEW YORK 1997-07-22</dateline>
<text>
<p>SmithKline Beecham Plc spoiled the earnings party Tuesday for Bristol-Myers Squibb Co and Warner-Lambert Co by announcing it will launch an anticholesterol drug in the U.S. early next year.</p>
<p>Bristol-Myers was off 2-1/2 to 81-11/16 in afternoon trade despite its release earlier in the day of solid second quarter 1997 earnings that matched Wall Street expectations.</p>
<p>And Warner-Lambert was down 3/8 to 139-1/8 despite posting dazzling sales gains for the quarter on Tuesday and handily exceeding the First Call consensus analysts' estimate.  </p>
<p>Shares of the U.S. drugmakers were hurt by SmithKline's statement from its London headquarters that it had agreed to co-market Bayer AG's new cholesterol-lowering compound, Baycol, in the U.S. by early 1998.</p>
<p>SmithKline said it would provide marketing and sales support for Baycol, with the two companies sharing revenues from the development of new dosage formulas.</p>
<p>The drug, also known as cerivastatin sodium, was cleared for marketing in June by the U.S. Food and Drug Administration.  </p>
<p>Analysts said SmithKline's entry into the U.S. market could create pricing pressures for Warner-Lambert's  anti-cholesterol drug Lipitor, launched just five months ago but expected to rack up sales of over $600 million in 1997.</p>
<p>SmithKline's product is also deemed a potential threat to Bristol-Myers' flagship drug Pravachol, a cholesterol fighter whose worldwide sales jumped 21 percent in the second quarter to $307 million despite Lipitor's noisy arrival on the scene.</p>
<p>&quot;People are concerned SmithKline may come in and demolish pricing for the cholesterol market,&quot; said Hambrecht &amp; Quist pharmaceuticals analyst Alex Zisson.  </p>
<p>Zisson said SmithKline's drug would be the sixth anti-cholesterol product on the U.S. market and the British company would likely use pricing as a means of muscling its way into the lucrative niche.</p>
<p>&quot;When you're sixth in a market, price can be your biggest weapon,&quot; he said.</p>
<p>Merck &amp; Co's Zocor leads the anti-cholesterol pack, with about 27 percent of new U.S. prescription sales.  The company reported its second quarter 1997 earnings last week, noting Zocor sales jumped 25 percent to $865 million during the quarter.  </p>
<p>Merck's shares treaded negative territory most of the day but edged up 1/4 to 105 midafternoon Tuesday -- restrained by the SmithKline news, analysts said.</p>
<p>Two other U.S.-based companies, American Home Products Corp and Schering-Plough Corp, meanwhile saw their shares rise Tuesday following their release earlier in the day of cheerful earnings results.</p>
<p>American Home Products was up 1-5/16 to 79-3/4.  It said earnings per share for the 1997 second quarter rose 15 percent to $0.71, matching the First Call consensus estimate.  </p>
<p>Schering-Plough was up 1-1/4 to 50.  Its $0.51 earnings-per share figure for the 1997 second quarter was one cent above First Call projections, with year-on-year net earnings rising 18 percent.</p>
<p>Warner-Lambert had reported earnings per share of $0.85 in the recent second quarter, leapfrogging the First Call estimate of $0.81.  Sales rose 10 percent, led by Lipitor's $151 million contribution.</p>
<p>Bristol-Myers said its 1997 second quarter earnings per share rose 14 percent to $0.74, matching the First Call consensus estimate.</p>
<p>(( Ransdell Pierson, New York Newsdesk, 212 859-1736))</p>
</text>
<copyright>(c) Reuters Limited 1997</copyright>
<metadata>
<codes class="bip:countries:1.0">
  <code code="UK">
    <editdetail attribution="Reuters BIP Coding Group" action="confirmed" date="1997-07-22"/>
  </code>
  <code code="USA">
    <editdetail attribution="Reuters BIP Coding Group" action="confirmed" date="1997-07-22"/>
  </code>
</codes>
<codes class="bip:industries:1.0">
  <code code="I25000">
    <editdetail attribution="Reuters BIP Coding Group" action="confirmed" date="1997-07-22"/>
  </code>
  <code code="I25700">
    <editdetail attribution="Reuters BIP Coding Group" action="confirmed" date="1997-07-22"/>
  </code>
</codes>
<codes class="bip:topics:1.0">
  <code code="C15">
    <editdetail attribution="Reuters BIP Coding Group" action="confirmed" date="1997-07-22"/>
  </code>
  <code code="C151">
    <editdetail attribution="Reuters BIP Coding Group" action="confirmed" date="1997-07-22"/>
  </code>
  <code code="C152">
    <editdetail attribution="Reuters BIP Coding Group" action="confirmed" date="1997-07-22"/>
  </code>
  <code code="CCAT">
    <editdetail attribution="Reuters BIP Coding Group" action="confirmed" date="1997-07-22"/>
  </code>
</codes>
<dc element="dc.date.created" value="1997-07-22"/>
<dc element="dc.publisher" value="Reuters Holdings Plc"/>
<dc element="dc.date.published" value="1997-07-22"/>
<dc element="dc.source" value="Reuters"/>
<dc element="dc.creator.location" value="NEW YORK"/>
<dc element="dc.creator.location.country.name" value="USA"/>
<dc element="dc.source" value="Reuters"/>
</metadata>
</newsitem>
