<?xml version="1.0" encoding="iso-8859-1" ?>
<newsitem itemid="744950" id="root" date="1997-07-22" xml:lang="en">
<title>USA: TABLE - Corvas International Q2 results.</title>
<headline>TABLE - Corvas International Q2 results.</headline>
<dateline>SAN DIEGO 1997-07-22</dateline>
<text>
<p>Statement of Operations Data:</p>
<p>						     Three Months Ended   Six Months Ended</p>
<p>							    June 30,		 June 30,</p>
<p>							 1997	1996	1997     1996</p>
<p>						  (in thousands, except per share amounts)</p>
<p>Revenues:</p>
<p>	 Revenue from</p>
<p>	  collaborative agreements	   $1,244    $1,085    $2,319   $3,170</p>
<p>	 License fees &amp; milestones		250	   0     4,100	  0</p>
<p>	 Net product sales			  153	  25	 163	 46</p>
<p>	 Royalties				     21	   0	  57	 81</p>
<p>	     Total revenues		     1,668     1,110     6,639    3,297</p>
<p>Costs and expenses:</p>
<p>	 Research and development	     2,693     3,617     5,042    5,916</p>
<p>	 General and administrative	   1,391	 894     2,239    1,687</p>
<p>	 Cost of Products sold		     74	  30	  78	 54</p>
<p>	     Total costs and expenses	 4,158     4,541     7,359    7,657</p>
<p>	     Loss from operations	   (2,490)   (3,431)     (720)  (4,360)</p>
<p>     Other income, net			    327	 301	 715	599</p>
<p>	 Net loss				$(2,163)  $(3,130)	$(5) $(3,761)</p>
<p>	 Net loss per share		   $(0.15)    (0.25)   $(0.00) $ (0.30)</p>
<p>	 Shares used in calculation</p>
<p>	  of net loss per share		13,850    12,609    13,832   12,350</p>
</text>
<copyright>(c) Reuters Limited 1997</copyright>
<metadata>
<codes class="bip:countries:1.0">
  <code code="USA">
    <editdetail attribution="Reuters BIP Coding Group" action="confirmed" date="1997-07-22"/>
  </code>
</codes>
<codes class="bip:industries:1.0">
  <code code="I25700">
    <editdetail attribution="Reuters BIP Coding Group" action="confirmed" date="1997-07-22"/>
  </code>
</codes>
<codes class="bip:topics:1.0">
  <code code="C15">
    <editdetail attribution="Reuters BIP Coding Group" action="confirmed" date="1997-07-22"/>
  </code>
  <code code="C151">
    <editdetail attribution="Reuters BIP Coding Group" action="confirmed" date="1997-07-22"/>
  </code>
  <code code="CCAT">
    <editdetail attribution="Reuters BIP Coding Group" action="confirmed" date="1997-07-22"/>
  </code>
</codes>
<dc element="dc.date.created" value="1997-07-22"/>
<dc element="dc.publisher" value="Reuters Holdings Plc"/>
<dc element="dc.date.published" value="1997-07-22"/>
<dc element="dc.source" value="Reuters"/>
<dc element="dc.creator.location" value="SAN DIEGO"/>
<dc element="dc.creator.location.country.name" value="USA"/>
<dc element="dc.source" value="Reuters"/>
</metadata>
</newsitem>
