<?xml version="1.0" encoding="iso-8859-1" ?>
<newsitem itemid="744988" id="root" date="1997-07-22" xml:lang="en">
<title>USA: TABLE - Butler International Inc Q2 net.</title>
<headline>TABLE - Butler International Inc Q2 net.</headline>
<dateline>MONTVALE, N.J. 1997-07-22</dateline>
<text>
<p>BUTLER INTERNATIONAL, INC.</p>
<p>				 SUMMARY OF OPERATIONS</p>
<p>			(in thousands except per share data)</p>
<p>				  (unaudited)</p>
<p>				     Quarter Ended   Six Months Ended</p>
<p>					    June 30,	 June 30,</p>
<p>				  1997	1996	 1997	1996</p>
<p> Net sales		 $108,419 $105,379    $213,116 $206,050</p>
<p> Gross margin		16,557   15,354	32,141   29,242</p>
<p> Operating income	   3,030    2,732	 5,228    4,585</p>
<p> Interest and other income  103	158	    51	350</p>
<p> Interest expense	 (1,118)  (1,397)     (2,319)  (2,835)</p>
<p>Income before income taxes</p>
<p>				  2,015    1,493	 2,960    2,100</p>
<p> Income taxes		   212	177	   316	272</p>
<p> Net income		   1,803    1,316	 2,644    1,828</p>
<p>Primary earnings per share</p>
<p>				   0.26     0.20	  0.38     0.28</p>
<p>Average number of common shares</p>
<p>and dilutive common share</p>
<p>equivalents outstanding</p>
<p>				  6,688    6,403	 6,693    6,271</p>
<p> Operating cash flow	2,498    2,335	 4,081    3,838</p>
<p>			 SELECTED BALANCE SHEET INFORMATION</p>
<p>				  (in thousands)</p>
<p>					    Jun			   Jun</p>
<p>					   1997			  1996</p>
<p> Accounts Receivable	    $60,682		     $66,339</p>
<p> Total Current Assets	    67,208			70,698</p>
<p> Total Current Liabilities     38,266			36,526</p>
<p> Working Capital		   28,942			34,172</p>
<p> Total Assets		     105,108		     110,453</p>
<p> Total Liabilities		 66,871			77,821</p>
<p> Stockholders' Equity	    38,237			32,632</p>
<p>((-- New York Newsdesk 212 859-1610))</p>
</text>
<copyright>(c) Reuters Limited 1997</copyright>
<metadata>
<codes class="bip:countries:1.0">
  <code code="USA">
    <editdetail attribution="Reuters BIP Coding Group" action="confirmed" date="1997-07-22"/>
  </code>
</codes>
<codes class="bip:industries:1.0">
  <code code="I83940">
    <editdetail attribution="Reuters BIP Coding Group" action="confirmed" date="1997-07-22"/>
  </code>
</codes>
<codes class="bip:topics:1.0">
  <code code="C15">
    <editdetail attribution="Reuters BIP Coding Group" action="confirmed" date="1997-07-22"/>
  </code>
  <code code="C151">
    <editdetail attribution="Reuters BIP Coding Group" action="confirmed" date="1997-07-22"/>
  </code>
  <code code="CCAT">
    <editdetail attribution="Reuters BIP Coding Group" action="confirmed" date="1997-07-22"/>
  </code>
</codes>
<dc element="dc.date.created" value="1997-07-22"/>
<dc element="dc.publisher" value="Reuters Holdings Plc"/>
<dc element="dc.date.published" value="1997-07-22"/>
<dc element="dc.source" value="Reuters"/>
<dc element="dc.creator.location" value="MONTVALE, N.J."/>
<dc element="dc.creator.location.country.name" value="USA"/>
<dc element="dc.source" value="Reuters"/>
</metadata>
</newsitem>
