<?xml version="1.0" encoding="iso-8859-1" ?>
<newsitem itemid="744910" id="root" date="1997-07-22" xml:lang="en">
<title>USA: US OPTIONS FOCUS/Informix calls heavily traded.</title>
<headline>US OPTIONS FOCUS/Informix calls heavily traded.</headline>
<dateline>CHICAGO 1997-07-22</dateline>
<text>
<p>Volume in Informix Corp call options ballooned and implied volatilities soared as a conference the company was holding in California created a variety of speculation, traders said.</p>
<p>Informix August 12.5 calls were the most active contract on the Chicago Board Options Exchange (CBOE), with more than 8,800 contracts changing hands by 1230 CDT/1730 GMT.</p>
<p>September 12.5 calls and August 10.0 calls had turnover of more than 4,700, and the August 12.5 calls also traded heavily on the American Stock Exchange (AMEX).</p>
<p>The stock was up 1-1/16 at 10-3/4, also on hefty volume.  </p>
<p>The surge in interest stemmed from a big user conference which Informix, a database technology firm, was holding in San Francisco, said strategist Paul Foster of Mercury Trading, a market-making firm at CBOE handling Informix options.</p>
<p>&quot;It creates excitement when you have 6,000 programmers and users,&quot; he said. &quot;Obviously, there are some money managers there.&quot;</p>
<p>Traders said talks and rumors driving up interest ranged from possible management changes, takeovers, earnings and future products.  </p>
<p>&quot;It's nothing specific,&quot; Foster said. &quot;Implied volatilities have spiked up on anxiety over what actually is going on because I don't think anyone really knows what the issues are.&quot;</p>
<p>Implied volatility for the August 12.5 calls shot up to about 110 percent from usual levels near 70 percent.</p>
<p>Harrison Roth, first vice president of Cowen &amp; Co, said the call buying looked mostly outright, not boosted by spreads.</p>
<p>Foster said the order flow was coming in from a &quot;mixture of paper (retail customers)&quot;.  </p>
<p>Time-and-sale figures showed that most orders came in small lots, indicating the public was buying, after a few large institutionals-size orders early in the session, said Michael Schwartz, a managing director of Oppenheimer &amp; Co.</p>
<p>He noted that when implied volatilities were bid up in such a way, market makers tended to have an upper hand because volatilities would shrink after the speculative interest dried up, making it difficult for premiums to appreciate.</p>
<p>Still, most traders said the stock looked positive technically as it has broken out of a 1-1/2 month range between 8-1/2 and 10.  </p>
<p>Elsewhere, International Business Machines Corp options saw heavy volume again after the company released its earnings late Monday.</p>
<p>Interestingly, Schwartz said, implied volatilities shrank drastically despite a pullback in the stock price. Thus, premium on August 100 puts, the vehicle of choice for stockholders hedging against a decline, was down 1 at 3-1/2.</p>
<p>&quot;It didn't make sense to buy the puts yesterday,&quot; he said.</p>
<p>Jay Shartsis, director of options trading at R.F. Lafferty &amp; Co, said the reaction probably meant the stock has put in a near-term bottom. IBM was off 1-9/16 at 102-1/8 in late trade.</p>
<p>-- Shin Kishima/Chicago Derivatives Desk ((312-408-8750))</p>
<p>E-mail: derivatives@reuters.com</p>
</text>
<copyright>(c) Reuters Limited 1997</copyright>
<metadata>
<codes class="bip:countries:1.0">
  <code code="USA">
    <editdetail attribution="Reuters BIP Coding Group" action="confirmed" date="1997-07-22"/>
  </code>
</codes>
<codes class="bip:topics:1.0">
  <code code="M11">
    <editdetail attribution="Reuters BIP Coding Group" action="confirmed" date="1997-07-22"/>
  </code>
  <code code="MCAT">
    <editdetail attribution="Reuters BIP Coding Group" action="confirmed" date="1997-07-22"/>
  </code>
</codes>
<dc element="dc.date.created" value="1997-07-22"/>
<dc element="dc.publisher" value="Reuters Holdings Plc"/>
<dc element="dc.date.published" value="1997-07-22"/>
<dc element="dc.source" value="Reuters"/>
<dc element="dc.creator.location" value="CHICAGO"/>
<dc element="dc.creator.location.country.name" value="USA"/>
<dc element="dc.source" value="Reuters"/>
</metadata>
</newsitem>
