<?xml version="1.0" encoding="iso-8859-1" ?>
<newsitem itemid="744933" id="root" date="1997-07-22" xml:lang="en">
<title>USA: MRI Medical stockholders okay purchase.</title>
<headline>MRI Medical stockholders okay purchase.</headline>
<dateline>SAN DIEGO 1997-07-22</dateline>
<text>
<p>MRI Medical Diagnostics Inc Tuesday said its board and shareholders have approved an acquisition and a one-for-five reverse common stock split.</p>
<p>MRI Medical is acquiring Alpine Herbs and Nutrition Inc, a Nevada company, for four million post-split shares. Alpine owns global distribution and franchise rights for nutritional products made by Alpine Herbs Products AG in Switzerland. It makes over 90 topical creams, lotions and ointments.</p>
<p>Following the split, MRI Medical's issued and outstanding will total just over 12.5 million including the four million shares issued to Alpine.</p>
</text>
<copyright>(c) Reuters Limited 1997</copyright>
<metadata>
<codes class="bip:countries:1.0">
  <code code="SWITZ">
    <editdetail attribution="Reuters BIP Coding Group" action="confirmed" date="1997-07-22"/>
  </code>
  <code code="USA">
    <editdetail attribution="Reuters BIP Coding Group" action="confirmed" date="1997-07-22"/>
  </code>
</codes>
<codes class="bip:industries:1.0">
  <code code="I25700">
    <editdetail attribution="Reuters BIP Coding Group" action="confirmed" date="1997-07-22"/>
  </code>
  <code code="I95100">
    <editdetail attribution="Reuters BIP Coding Group" action="confirmed" date="1997-07-22"/>
  </code>
</codes>
<codes class="bip:topics:1.0">
  <code code="C17">
    <editdetail attribution="Reuters BIP Coding Group" action="confirmed" date="1997-07-22"/>
  </code>
  <code code="C171">
    <editdetail attribution="Reuters BIP Coding Group" action="confirmed" date="1997-07-22"/>
  </code>
  <code code="C18">
    <editdetail attribution="Reuters BIP Coding Group" action="confirmed" date="1997-07-22"/>
  </code>
  <code code="C181">
    <editdetail attribution="Reuters BIP Coding Group" action="confirmed" date="1997-07-22"/>
  </code>
  <code code="CCAT">
    <editdetail attribution="Reuters BIP Coding Group" action="confirmed" date="1997-07-22"/>
  </code>
</codes>
<dc element="dc.date.created" value="1997-07-22"/>
<dc element="dc.publisher" value="Reuters Holdings Plc"/>
<dc element="dc.date.published" value="1997-07-22"/>
<dc element="dc.source" value="Reuters"/>
<dc element="dc.creator.location" value="SAN DIEGO"/>
<dc element="dc.creator.location.country.name" value="USA"/>
<dc element="dc.source" value="Reuters"/>
</metadata>
</newsitem>
