<?xml version="1.0" encoding="iso-8859-1" ?>
<newsitem itemid="745053" id="root" date="1997-07-22" xml:lang="en">
<title>USA: Nuevo sees reaching replacement goal.</title>
<headline>Nuevo sees reaching replacement goal.</headline>
<dateline>HOUSTON 1997-07-22</dateline>
<text>
<p>Nuevo Energy Co said Tuesday that based on drilling results for the first half of 1997, the company is well on its way to achieving a goal of a 200 percent production replacement rate in 1997.</p>
<p>The company attributed the progress to five exploration discoveries and better-than-expected development results in the first half of the year.</p>
<p>In a statement, Nuevo President Mike Watford said the results indicate the company will have its best-ever year in terms of drill bit reserve additions.</p>
<p>The company said it has made significant discoveries in the Republic of Congo, offshore West Africa, and onshore and offshore California. Development successes include several projects in Califonria.</p>
<p>((--New York Newsdesk, 212/859-1700))</p>
</text>
<copyright>(c) Reuters Limited 1997</copyright>
<metadata>
<codes class="bip:countries:1.0">
  <code code="USA">
    <editdetail attribution="Reuters BIP Coding Group" action="confirmed" date="1997-07-22"/>
  </code>
</codes>
<codes class="bip:industries:1.0">
  <code code="I13000">
    <editdetail attribution="Reuters BIP Coding Group" action="confirmed" date="1997-07-22"/>
  </code>
</codes>
<codes class="bip:topics:1.0">
  <code code="C15">
    <editdetail attribution="Reuters BIP Coding Group" action="confirmed" date="1997-07-22"/>
  </code>
  <code code="C152">
    <editdetail attribution="Reuters BIP Coding Group" action="confirmed" date="1997-07-22"/>
  </code>
  <code code="C24">
    <editdetail attribution="Reuters BIP Coding Group" action="confirmed" date="1997-07-22"/>
  </code>
  <code code="CCAT">
    <editdetail attribution="Reuters BIP Coding Group" action="confirmed" date="1997-07-22"/>
  </code>
</codes>
<dc element="dc.date.created" value="1997-07-22"/>
<dc element="dc.publisher" value="Reuters Holdings Plc"/>
<dc element="dc.date.published" value="1997-07-22"/>
<dc element="dc.source" value="Reuters"/>
<dc element="dc.creator.location" value="HOUSTON"/>
<dc element="dc.creator.location.country.name" value="USA"/>
<dc element="dc.source" value="Reuters"/>
</metadata>
</newsitem>
