<?xml version="1.0" encoding="iso-8859-1" ?>
<newsitem itemid="745084" id="root" date="1997-07-22" xml:lang="en">
<title>BULGARIA: ATHLETICS-KOSTADINOVA TO MISS REST OF SEASON.</title>
<headline>ATHLETICS-KOSTADINOVA TO MISS REST OF SEASON.</headline>
<dateline>SOFIA 1997-07-22</dateline>
<text>
<p>Bulgaria's Olympic high jump champion Stefka Kostadinova has been forced out of action for the rest of the season and will not be able to defend her world title in Athens next month.</p>
<p>Bulgarian athletics officials said on Tuesday that Kostadinova had not recovered from a bruised heel. The problem has been caused by an extra bone grown in her left leg.</p>
</text>
<copyright>(c) Reuters Limited 1997</copyright>
<metadata>
<codes class="bip:countries:1.0">
  <code code="BUL">
    <editdetail attribution="Reuters BIP Coding Group" action="confirmed" date="1997-07-22"/>
  </code>
  <code code="GREECE">
    <editdetail attribution="Reuters BIP Coding Group" action="confirmed" date="1997-07-22"/>
  </code>
</codes>
<codes class="bip:topics:1.0">
  <code code="GCAT">
    <editdetail attribution="Reuters BIP Coding Group" action="confirmed" date="1997-07-22"/>
  </code>
  <code code="GSPO">
    <editdetail attribution="Reuters BIP Coding Group" action="confirmed" date="1997-07-22"/>
  </code>
</codes>
<dc element="dc.date.created" value="1997-07-22"/>
<dc element="dc.publisher" value="Reuters Holdings Plc"/>
<dc element="dc.date.published" value="1997-07-22"/>
<dc element="dc.source" value="Reuters"/>
<dc element="dc.creator.location" value="SOFIA"/>
<dc element="dc.creator.location.country.name" value="BULGARIA"/>
<dc element="dc.source" value="Reuters"/>
</metadata>
</newsitem>
