<?xml version="1.0" encoding="iso-8859-1" ?>
<newsitem itemid="745019" id="root" date="1997-07-22" xml:lang="en">
<title>USA: TABLE - Reynolds and Reynolds Co Q3 net.</title>
<headline>TABLE - Reynolds and Reynolds Co Q3 net.</headline>
<dateline>DAYTON, Ohio 1997-07-22</dateline>
<text>
<p>Period ended June 30.</p>
<p>				1997			1996</p>
<p> Shr			  $0.09		    $0.28</p>
<p> Net			  7,278		   24,308</p>
<p> Revs		     338,060		  287,049</p>
<p> Avg shrs		  83,734		   85,437</p>
<p>(All data above 000s except per share numbers)  </p>
<p>	   9 MONTHS</p>
<p> Shr			  $0.70		    $0.81</p>
<p> Net			 59,045		   68,652</p>
<p> Revs		   1,006,569		  777,420</p>
<p> Avg shrs		  84,641		   85,231</p>
<p>(All data above 000s except per share numbers)</p>
<p>NOTE: 1997 Q3 includes a $17.1 million pre-tax charge</p>
</text>
<copyright>(c) Reuters Limited 1997</copyright>
<metadata>
<codes class="bip:countries:1.0">
  <code code="USA">
    <editdetail attribution="Reuters BIP Coding Group" action="confirmed" date="1997-07-22"/>
  </code>
</codes>
<codes class="bip:industries:1.0">
  <code code="I47500">
    <editdetail attribution="Reuters BIP Coding Group" action="confirmed" date="1997-07-22"/>
  </code>
</codes>
<codes class="bip:topics:1.0">
  <code code="C15">
    <editdetail attribution="Reuters BIP Coding Group" action="confirmed" date="1997-07-22"/>
  </code>
  <code code="C151">
    <editdetail attribution="Reuters BIP Coding Group" action="confirmed" date="1997-07-22"/>
  </code>
  <code code="CCAT">
    <editdetail attribution="Reuters BIP Coding Group" action="confirmed" date="1997-07-22"/>
  </code>
</codes>
<dc element="dc.date.created" value="1997-07-22"/>
<dc element="dc.publisher" value="Reuters Holdings Plc"/>
<dc element="dc.date.published" value="1997-07-22"/>
<dc element="dc.source" value="Reuters"/>
<dc element="dc.creator.location" value="DAYTON, Ohio"/>
<dc element="dc.creator.location.country.name" value="USA"/>
<dc element="dc.source" value="Reuters"/>
</metadata>
</newsitem>
