<?xml version="1.0" encoding="iso-8859-1" ?>
<newsitem itemid="745056" id="root" date="1997-07-22" xml:lang="en">
<title>USA: NN Ball says revenue outlook falls short.</title>
<headline>NN Ball says revenue outlook falls short.</headline>
<dateline>ERWIN, Tenn. 1997-07-22</dateline>
<text>
<p>NN Ball &amp; Roller Inc said its 1997 revenue outlook falls short of short-term growth objectives.</p>
<p>However, the company said it remains optimistic about the long-term strength of its business, noting that the greatest growth opportunities are in international markets.  </p>
<p>The company said that it continues to be affected by weak international economies.</p>
<p>NN Ball said it also continues to be affected by a slowing in the overall rate of outsourcing captive production, which is the slowing of orders from bearing manufacturers which have the internal capability to produce balls.</p>
</text>
<copyright>(c) Reuters Limited 1997</copyright>
<metadata>
<codes class="bip:countries:1.0">
  <code code="USA">
    <editdetail attribution="Reuters BIP Coding Group" action="confirmed" date="1997-07-22"/>
  </code>
</codes>
<codes class="bip:industries:1.0">
  <code code="I32600">
    <editdetail attribution="Reuters BIP Coding Group" action="confirmed" date="1997-07-22"/>
  </code>
</codes>
<codes class="bip:topics:1.0">
  <code code="C15">
    <editdetail attribution="Reuters BIP Coding Group" action="confirmed" date="1997-07-22"/>
  </code>
  <code code="C152">
    <editdetail attribution="Reuters BIP Coding Group" action="confirmed" date="1997-07-22"/>
  </code>
  <code code="CCAT">
    <editdetail attribution="Reuters BIP Coding Group" action="confirmed" date="1997-07-22"/>
  </code>
</codes>
<dc element="dc.date.created" value="1997-07-22"/>
<dc element="dc.publisher" value="Reuters Holdings Plc"/>
<dc element="dc.date.published" value="1997-07-22"/>
<dc element="dc.source" value="Reuters"/>
<dc element="dc.creator.location" value="ERWIN, Tenn."/>
<dc element="dc.creator.location.country.name" value="USA"/>
<dc element="dc.source" value="Reuters"/>
</metadata>
</newsitem>
