<?xml version="1.0" encoding="iso-8859-1" ?>
<newsitem itemid="745071" id="root" date="1997-07-22" xml:lang="en">
<title>UK: SOCCER-RAVANELLI FACES UP TO FIRST DIVISION FUTURE.</title>
<headline>SOCCER-RAVANELLI FACES UP TO FIRST DIVISION FUTURE.</headline>
<byline>Alan Baldwin</byline>
<dateline>LONDON 1997-07-22</dateline>
<text>
<p>Italian international striker Fabrizio Ravanelli is to remain at relegated Middlesbrough in the English first division next season after failing to negotiate his escape back to the top flight.</p>
<p>The northeastern club announced on Tuesday that the 28-year-old, who scored 31 goals last season and helped the club reach two domestic cup finals, was staying at the Riverside stadium.</p>
<p>&quot;He is looking forward to the start of the new season and is fully committed to Middlesbrough Football Club,&quot; said spokesman Dave Allan, reading a statement.</p>
<p>&quot;His immediate ambition is to help Middlesbrough in winning promotion to the premier league next season.&quot;</p>
<p>There was no comment from Ravanelli himself, who said after Middlesbrough were relegated last season that he did not intend to play for the club again.</p>
<p>Ravanelli had three hours of talks with Middlesbrough chairman Steve Gibson and manager Bryan Robson on Tuesday before the outcome was announced.</p>
<p>The club said the player, dubbed &quot;White Feather&quot; by the fans and whose weekly salary is a reported 40,000 pounds ($66,900), would start training on Wednesday after failing to show earlier in the month.</p>
<p>Ravanelli had been linked to several clubs in an attempt to stay in the premier league and secure top level soccer in the run-up to next year's World Cup finals.</p>
<p>His place in the Italy squad could now be in jeopardy, with coach Cesare Maldini not short of strikers at his disposal. Ravanelli did not play in the recent Tournoi de France tournament due to injury.</p>
<p>He held abortive talks with Liverpool, the club he seemingly wanted most to join as a former Juventus player.</p>
<p>&quot;There's only one club I will return to England for and that's Liverpool,&quot; he was quoted as saying.</p>
<p>But those talks and subsequent ones with city rivals Everton foundered on personal terms.</p>
<p>The player, who helped Juventus beat Ajax Amsterdam in the 1996 European Cup final, also attracted some interest from Italian clubs but no concrete offers emerged.</p>
<p>Ravenelli still has three years on his contract with Middlesbrough. The side had said he could go if he found a club prepared to pay the 7.5 million pound transfer fee.</p>
<p>Everton manager Howard Kendall was quoted as saying earlier in the week that a deal had foundered on the player's personal terms after a transfer fee was agreed.</p>
<p>&quot;If he was prepared to compromise there was a possibility of it going through but now its no go unless he has a rethink,&quot; the Daily Mirror quoted him as saying.</p>
<p>The news came as another boost to Middlesbrough fans, still suffering the loss of talented Brazilian midfielder Juninho to Spanish side Atletico Madrid, after the recent signing of Arsenal and England midfielder Paul Merson.</p>
<p>But it will have done little to lift the spirits of a player who has said in the past that he made a rushed decision to join Middlesbrough and misses the glory of Juventus and midweek European club cup football matches.</p>
</text>
<copyright>(c) Reuters Limited 1997</copyright>
<metadata>
<codes class="bip:countries:1.0">
  <code code="ITALY">
    <editdetail attribution="Reuters BIP Coding Group" action="confirmed" date="1997-07-22"/>
  </code>
  <code code="UK">
    <editdetail attribution="Reuters BIP Coding Group" action="confirmed" date="1997-07-22"/>
  </code>
</codes>
<codes class="bip:topics:1.0">
  <code code="GCAT">
    <editdetail attribution="Reuters BIP Coding Group" action="confirmed" date="1997-07-22"/>
  </code>
  <code code="GSPO">
    <editdetail attribution="Reuters BIP Coding Group" action="confirmed" date="1997-07-22"/>
  </code>
</codes>
<dc element="dc.date.created" value="1997-07-22"/>
<dc element="dc.publisher" value="Reuters Holdings Plc"/>
<dc element="dc.date.published" value="1997-07-22"/>
<dc element="dc.source" value="Reuters"/>
<dc element="dc.creator.location" value="LONDON"/>
<dc element="dc.creator.location.country.name" value="UK"/>
<dc element="dc.source" value="Reuters"/>
</metadata>
</newsitem>
