<?xml version="1.0" encoding="iso-8859-1" ?>
<newsitem itemid="745015" id="root" date="1997-07-22" xml:lang="en">
<title>USA: TABLE-Dayton Superior Q2 shr profit vs loss.</title>
<headline>TABLE-Dayton Superior Q2 shr profit vs loss.</headline>
<dateline>MIAMISBURG, Ohio 1997-07-22</dateline>
<text>
<p>For the fiscal quarter ending:</p>
<p>					 June 27, 1997  June 28, 1996</p>
<p>Net Sales				   39,839	 36,461</p>
<p>Other (Income) Expense		     0	    (24)</p>
<p>Income Before Income Taxes and</p>
<p>     Extraordinary Item		   5,193	 3,736</p>
<p>						 13.0%	  10.2%</p>
<p>Income Before Extraordinary Item	2,951	 2,266</p>
<p>Extraordinary Item			   0	  (2,314)</p>
<p>Net Income (Loss)			  $2,951	 ($48)</p>
<p>Weighted Average Common and</p>
<p>Common Equivalent Shares Outstanding  5,838,646    3,562,794</p>
<p>Net Income (Loss) per Share(2)	 $0.51	 ($0.01)</p>
<p>SIX MONTHS</p>
<p>					   June 27, 1997 June 28, 1996</p>
<p>Net Sales					65,819	 60,076</p>
<p>Other (Income) Expense			  11	    (16)</p>
<p>Income Before Income Taxes and</p>
<p>     Extraordinary Item		     5,474	  3,577</p>
<p>Income Before Extraordinary Item	  3,111	  1,865</p>
<p>Extraordinary Item				 0	 (2,314)</p>
<p>Net Income (Loss)			    $3,111	 ($449)</p>
<p>Weighted Average Common and</p>
<p>Common Equivalent Shares Outstanding    5,829,466    3,449,278</p>
<p>Net Income (Loss) per Share(2)	    $0.53	($0.13)</p>
<p>	     (in thousands, except share and per share data)</p>
<p>NOTE: Company's full name is Dayton Superior Corp.</p>
<p>Net income per share in 1996 on a proforma basis, reflecting the IPO and associated debt restructuring as of Janurary 1, 1996, and excluding extraordinary loss, would have been $0.47.</p>
</text>
<copyright>(c) Reuters Limited 1997</copyright>
<metadata>
<codes class="bip:countries:1.0">
  <code code="USA">
    <editdetail attribution="Reuters BIP Coding Group" action="confirmed" date="1997-07-22"/>
  </code>
</codes>
<codes class="bip:industries:1.0">
  <code code="I31000">
    <editdetail attribution="Reuters BIP Coding Group" action="confirmed" date="1997-07-22"/>
  </code>
</codes>
<codes class="bip:topics:1.0">
  <code code="C15">
    <editdetail attribution="Reuters BIP Coding Group" action="confirmed" date="1997-07-22"/>
  </code>
  <code code="C151">
    <editdetail attribution="Reuters BIP Coding Group" action="confirmed" date="1997-07-22"/>
  </code>
  <code code="CCAT">
    <editdetail attribution="Reuters BIP Coding Group" action="confirmed" date="1997-07-22"/>
  </code>
</codes>
<dc element="dc.date.created" value="1997-07-22"/>
<dc element="dc.publisher" value="Reuters Holdings Plc"/>
<dc element="dc.date.published" value="1997-07-22"/>
<dc element="dc.source" value="Reuters"/>
<dc element="dc.creator.location" value="MIAMISBURG, Ohio"/>
<dc element="dc.creator.location.country.name" value="USA"/>
<dc element="dc.source" value="Reuters"/>
</metadata>
</newsitem>
