<?xml version="1.0" encoding="iso-8859-1" ?>
<newsitem itemid="745016" id="root" date="1997-07-22" xml:lang="en">
<title>USA: Mattel's Fisher down in Q2, other brands up.</title>
<headline>Mattel's Fisher down in Q2, other brands up.</headline>
<dateline>LOS ANGELES 1997-07-22</dateline>
<text>
<p>Mattel Inc said its Fisher-Price business was down in the second quarter, but its Sesame Street and Winnie the Pooh brands were strong.</p>
<p>Mattel's chief executive Jill Barad expects further progress in the second half as evidenced by strong over-the-counter sales momentum for Fisher-Price products.</p>
<p>The giant toymaker reported improved second quarter net income of $75.6 million or $0.25 per share versus $63.4 million or $0.21 per share.</p>
<p>Net sales for the quarter reached $972.7 million, up six percent from $921.6 million last year.</p>
</text>
<copyright>(c) Reuters Limited 1997</copyright>
<metadata>
<codes class="bip:countries:1.0">
  <code code="USA">
    <editdetail attribution="Reuters BIP Coding Group" action="confirmed" date="1997-07-22"/>
  </code>
</codes>
<codes class="bip:industries:1.0">
  <code code="I49410">
    <editdetail attribution="Reuters BIP Coding Group" action="confirmed" date="1997-07-22"/>
  </code>
</codes>
<codes class="bip:topics:1.0">
  <code code="C15">
    <editdetail attribution="Reuters BIP Coding Group" action="confirmed" date="1997-07-22"/>
  </code>
  <code code="C151">
    <editdetail attribution="Reuters BIP Coding Group" action="confirmed" date="1997-07-22"/>
  </code>
  <code code="C31">
    <editdetail attribution="Reuters BIP Coding Group" action="confirmed" date="1997-07-22"/>
  </code>
  <code code="CCAT">
    <editdetail attribution="Reuters BIP Coding Group" action="confirmed" date="1997-07-22"/>
  </code>
</codes>
<dc element="dc.date.created" value="1997-07-22"/>
<dc element="dc.publisher" value="Reuters Holdings Plc"/>
<dc element="dc.date.published" value="1997-07-22"/>
<dc element="dc.source" value="Reuters"/>
<dc element="dc.creator.location" value="LOS ANGELES"/>
<dc element="dc.creator.location.country.name" value="USA"/>
<dc element="dc.source" value="Reuters"/>
</metadata>
</newsitem>
