<?xml version="1.0" encoding="iso-8859-1" ?>
<newsitem itemid="745055" id="root" date="1997-07-22" xml:lang="en">
<title>USA: TABLE- Tandy Q2 oper shr $0.62 vs $0.39.</title>
<headline>TABLE- Tandy Q2 oper shr $0.62 vs $0.39.</headline>
<dateline>FORT WORTH, Texas 1997-07-22</dateline>
<text>
<p>Quarter ended June 30</p>
<p>				1997			1996</p>
<p> Oper shr	  $0.62		    $0.39</p>
<p> Shr		 $0.50		    $0.13</p>
<p> Net		 28.7		     9.3</p>
<p> Revs		1,146.0		  1,352.9</p>
<p> Avg shrs	  54.7		     61.0</p>
<p>	  6  MONTHS</p>
<p> Shr		 $0.92		    $0.34</p>
<p> Net		 54.3		     23.8</p>
<p> Revs		2,437.7		  2,799.9</p>
<p> Avg		 55.5		     61.2</p>
<p>(All data above in millions except per share numbers)</p>
<p>NOTE: Tandy Corp took a $0.12-a-share charge for closing its Incredible Universal stores in the second quarter of 1997. The company also took a $0.26-a-share restructuring reserve charge in the second quarter of 1996.</p>
<p>Company did not give six month operating share figures.</p>
</text>
<copyright>(c) Reuters Limited 1997</copyright>
<metadata>
<codes class="bip:countries:1.0">
  <code code="USA">
    <editdetail attribution="Reuters BIP Coding Group" action="confirmed" date="1997-07-22"/>
  </code>
</codes>
<codes class="bip:industries:1.0">
  <code code="I64800">
    <editdetail attribution="Reuters BIP Coding Group" action="confirmed" date="1997-07-22"/>
  </code>
</codes>
<codes class="bip:topics:1.0">
  <code code="C15">
    <editdetail attribution="Reuters BIP Coding Group" action="confirmed" date="1997-07-22"/>
  </code>
  <code code="C151">
    <editdetail attribution="Reuters BIP Coding Group" action="confirmed" date="1997-07-22"/>
  </code>
  <code code="CCAT">
    <editdetail attribution="Reuters BIP Coding Group" action="confirmed" date="1997-07-22"/>
  </code>
</codes>
<dc element="dc.date.created" value="1997-07-22"/>
<dc element="dc.publisher" value="Reuters Holdings Plc"/>
<dc element="dc.date.published" value="1997-07-22"/>
<dc element="dc.source" value="Reuters"/>
<dc element="dc.creator.location" value="FORT WORTH, Texas"/>
<dc element="dc.creator.location.country.name" value="USA"/>
<dc element="dc.source" value="Reuters"/>
</metadata>
</newsitem>
