<?xml version="1.0" encoding="iso-8859-1" ?>
<newsitem itemid="745018" id="root" date="1997-07-22" xml:lang="en">
<title>USA: TABLE-Minnesota Power &amp; Light Co Q2 net.</title>
<headline>TABLE-Minnesota Power &amp; Light Co Q2 net.</headline>
<dateline>DULUTH, Minn. 1997-07-22</dateline>
<text>
<p>1997			1996</p>
<p> Shr			  $0.60		    $0.49</p>
<p> Net			 18,723		   14,832</p>
<p> Revs		     230,426		  208,503</p>
<p> Avg shrs		  30,430		   29,053</p>
<p>	  6  MONTHS</p>
<p> Shr			  $1.12		    $1.10</p>
<p> Net			 34,817		   33,135</p>
<p> Revs		     452,499		  411,178</p>
<p> Avg shrs		  30,323		   28,919</p>
<p>(All data above 000s except per share numbers)</p>
<p>((--Chicago newsdesk, 312-408-8787))</p>
</text>
<copyright>(c) Reuters Limited 1997</copyright>
<metadata>
<codes class="bip:countries:1.0">
  <code code="USA">
    <editdetail attribution="Reuters BIP Coding Group" action="confirmed" date="1997-07-22"/>
  </code>
</codes>
<codes class="bip:industries:1.0">
  <code code="I16100">
    <editdetail attribution="Reuters BIP Coding Group" action="confirmed" date="1997-07-22"/>
  </code>
</codes>
<codes class="bip:topics:1.0">
  <code code="C15">
    <editdetail attribution="Reuters BIP Coding Group" action="confirmed" date="1997-07-22"/>
  </code>
  <code code="C151">
    <editdetail attribution="Reuters BIP Coding Group" action="confirmed" date="1997-07-22"/>
  </code>
  <code code="CCAT">
    <editdetail attribution="Reuters BIP Coding Group" action="confirmed" date="1997-07-22"/>
  </code>
</codes>
<dc element="dc.date.created" value="1997-07-22"/>
<dc element="dc.publisher" value="Reuters Holdings Plc"/>
<dc element="dc.date.published" value="1997-07-22"/>
<dc element="dc.source" value="Reuters"/>
<dc element="dc.creator.location" value="DULUTH, Minn."/>
<dc element="dc.creator.location.country.name" value="USA"/>
<dc element="dc.source" value="Reuters"/>
</metadata>
</newsitem>
