<?xml version="1.0" encoding="iso-8859-1" ?>
<newsitem itemid="745037" id="root" date="1997-07-22" xml:lang="en">
<title>USA: TABLE- Extended Stay Q2 shr loss vs profit.</title>
<headline>TABLE- Extended Stay Q2 shr loss vs profit.</headline>
<dateline>FORT LAUDERDALE, Fla. 1997-07-22</dateline>
<text>
<p>Three Months Ended     Six Months Ended</p>
<p>			   June 30,  June 30,     June 30,  June 30,</p>
<p>			     1997     1996	    1997	1996</p>
<p>Revenue		    $ 29,028  $  8,035   $ 48,791 $ 13,629</p>
<p>Property operating</p>
<p>  expenses		   12,307     3,350     22,487    5,724</p>
<p>Corporate operating and</p>
<p>property management</p>
<p>  expenses		    6,989     3,768     12,744    7,162</p>
<p>Merger, financing and</p>
<p>  other charges	    19,895		   19,895</p>
<p>Income (loss) before interest,</p>
<p>income taxes, depreciation</p>
<p>  and amortization	(10,163)	917     (6,335)     743</p>
<p>Depreciation and</p>
<p>  amortization		4,358     1,105	8,070    1,982</p>
<p>Interest income	     3,447     2,947	7,434    4,429</p>
<p>Income (loss) before</p>
<p>  income taxes	    (11,074)    2,759     (6,971)   3,190</p>
<p>Provision (benefit) for</p>
<p>  income taxes	     (1,981)    1,103	 (348)   1,276</p>
<p>Net income (loss)     $  (9,093) $  1,656   $ (6,623) $ 1,914</p>
<p>Net income (loss) per</p>
<p>  common share	  $   (0.10) $    0.02  $  (0.07) $  0.03</p>
<p>Weighted average common</p>
<p>  shares outstanding     95,306     68,240    92,991   60,843</p>
<p>		     (In thousands, except per share data)</p>
<p>NOTE: Company's full name is Extended Stay America Inc.</p>
<p>Excluding one-time charges the company's net income for the second quarter was $5.3 million or $0.06 per share.</p>
<p>Charges include $9.7 million representing costs associated with company's previous mortgage facilites, $500,000 from the company's listing on the New York Stock Exchange and $9.7 million representing merger expenses associated with the integration of the operations of Studio Plus.</p>
</text>
<copyright>(c) Reuters Limited 1997</copyright>
<metadata>
<codes class="bip:countries:1.0">
  <code code="USA">
    <editdetail attribution="Reuters BIP Coding Group" action="confirmed" date="1997-07-22"/>
  </code>
</codes>
<codes class="bip:industries:1.0">
  <code code="I66500">
    <editdetail attribution="Reuters BIP Coding Group" action="confirmed" date="1997-07-22"/>
  </code>
</codes>
<codes class="bip:topics:1.0">
  <code code="C15">
    <editdetail attribution="Reuters BIP Coding Group" action="confirmed" date="1997-07-22"/>
  </code>
  <code code="C151">
    <editdetail attribution="Reuters BIP Coding Group" action="confirmed" date="1997-07-22"/>
  </code>
  <code code="CCAT">
    <editdetail attribution="Reuters BIP Coding Group" action="confirmed" date="1997-07-22"/>
  </code>
</codes>
<dc element="dc.date.created" value="1997-07-22"/>
<dc element="dc.publisher" value="Reuters Holdings Plc"/>
<dc element="dc.date.published" value="1997-07-22"/>
<dc element="dc.source" value="Reuters"/>
<dc element="dc.creator.location" value="FORT LAUDERDALE, Fla."/>
<dc element="dc.creator.location.country.name" value="USA"/>
<dc element="dc.source" value="Reuters"/>
</metadata>
</newsitem>
