<?xml version="1.0" encoding="iso-8859-1" ?>
<newsitem itemid="745023" id="root" date="1997-07-22" xml:lang="en">
<title>USA: TABLE - North Central Banc Q2 net off.</title>
<headline>TABLE - North Central Banc Q2 net off.</headline>
<dateline>FORT DODGE, Iowa 1997-07-22</dateline>
<text>
<p>1997			1996</p>
<p> Shr			 $ 0.30		  $  0.26</p>
<p> Net			    959		    1,006</p>
<p> Net int. income	  3,932		    3,734</p>
<p> Nonint. income	     598			482</p>
<p> Loan loss prov		60			 60</p>
<p> Total assets	   212,869			N/A</p>
<p> Return on equity	  7.87		     7.26</p>
<p> Avg shrs		   3,258		    3,847</p>
<p>	  SIX MONTHS</p>
<p> Shr			 $ 0.57		  $  0.43</p>
<p> Net			  1,848		    1,662</p>
<p> Net int. income	  7,836		    7,312</p>
<p> Nonint. income	   1,083			890</p>
<p> Loan loss prov	     120			120</p>
<p> Total assets	   212,869			N/A</p>
<p> Return on equity	  7.50		     7.51</p>
<p> Avg shrs		   3,258		    3,882</p>
<p>(All data above 000s except per share numbers. Return in equity is in percent.)</p>
<p>North Central Bancshares Inc is full company name.</p>
<p>		  ((Chicago newsdesk 312 408 8787))</p>
</text>
<copyright>(c) Reuters Limited 1997</copyright>
<metadata>
<codes class="bip:countries:1.0">
  <code code="USA">
    <editdetail attribution="Reuters BIP Coding Group" action="confirmed" date="1997-07-22"/>
  </code>
</codes>
<codes class="bip:industries:1.0">
  <code code="I81402">
    <editdetail attribution="Reuters BIP Coding Group" action="confirmed" date="1997-07-22"/>
  </code>
</codes>
<codes class="bip:topics:1.0">
  <code code="C15">
    <editdetail attribution="Reuters BIP Coding Group" action="confirmed" date="1997-07-22"/>
  </code>
  <code code="C151">
    <editdetail attribution="Reuters BIP Coding Group" action="confirmed" date="1997-07-22"/>
  </code>
  <code code="CCAT">
    <editdetail attribution="Reuters BIP Coding Group" action="confirmed" date="1997-07-22"/>
  </code>
</codes>
<dc element="dc.date.created" value="1997-07-22"/>
<dc element="dc.publisher" value="Reuters Holdings Plc"/>
<dc element="dc.date.published" value="1997-07-22"/>
<dc element="dc.source" value="Reuters"/>
<dc element="dc.creator.location" value="FORT DODGE, Iowa"/>
<dc element="dc.creator.location.country.name" value="USA"/>
<dc element="dc.source" value="Reuters"/>
</metadata>
</newsitem>
