<?xml version="1.0" encoding="iso-8859-1" ?>
<newsitem itemid="629581" id="root" date="1997-06-02" xml:lang="en">
<title>USA: Reuter Commodity Index - June 02.</title>
<headline>Reuter Commodity Index - June 02.</headline>
<text>
<p>TODAY  PREV  FOUR WKS AGO  YR AGO</p>
<p>			 2009.4  2039.5  BH	  2112.3</p>
<p>			 Jun 02  May 30  May 05    Jun 03</p>
<p>A new record high of 2348.7 was set on Mar 2 1995 against a previous high of 2327.1 set on Mar 1 1995.</p>
<p>The Reuter Commodity Index is based on cash market prices and started at 100 on September 18, 1931.</p>
</text>
<copyright>(c) Reuters Limited 1997</copyright>
<metadata>
<codes class="bip:countries:1.0">
  <code code="USA">
    <editdetail attribution="Reuters BIP Coding Group" action="confirmed" date="1997-06-02"/>
  </code>
</codes>
<codes class="bip:topics:1.0">
  <code code="M14">
    <editdetail attribution="Reuters BIP Coding Group" action="confirmed" date="1997-06-02"/>
  </code>
  <code code="M141">
    <editdetail attribution="Reuters BIP Coding Group" action="confirmed" date="1997-06-02"/>
  </code>
  <code code="MCAT">
    <editdetail attribution="Reuters BIP Coding Group" action="confirmed" date="1997-06-02"/>
  </code>
</codes>
<dc element="dc.publisher" value="Reuters Holdings Plc"/>
<dc element="dc.date.published" value="1997-06-02"/>
<dc element="dc.source" value="Reuters"/>
<dc element="dc.creator.location.country.name" value="USA"/>
<dc element="dc.source" value="Reuters"/>
</metadata>
</newsitem>
