<?xml version="1.0" encoding="iso-8859-1" ?>
<newsitem itemid="629579" id="root" date="1997-06-02" xml:lang="en">
<title>USA: American HomePatient says to buy Nevada DME.</title>
<headline>American HomePatient says to buy Nevada DME.</headline>
<text>
<p>BRENTWOOD, Tenn. June 2 (Rueter) - American HomePatient Inc said on Monday that it acquired Nevada DME Inc of Boulder City, Nevada.</p>
<p>American HomePatient chief executive Edward Wissing said this was the first acquisition under its previously announced 1997 westward expansion strategy.</p>
<p>Wissing continued that the company sees further opportunities in the markets that border Arizona and Nevada, excluding California.</p>
<p>Nevada Medical Supply has seven home health care locations in the western U.S. and annualized revenues of about $3.4 million.</p>
</text>
<copyright>(c) Reuters Limited 1997</copyright>
<metadata>
<codes class="bip:countries:1.0">
  <code code="USA">
    <editdetail attribution="Reuters BIP Coding Group" action="confirmed" date="1997-06-02"/>
  </code>
</codes>
<codes class="bip:industries:1.0">
  <code code="I95100">
    <editdetail attribution="Reuters BIP Coding Group" action="confirmed" date="1997-06-02"/>
  </code>
</codes>
<codes class="bip:topics:1.0">
  <code code="C18">
    <editdetail attribution="Reuters BIP Coding Group" action="confirmed" date="1997-06-02"/>
  </code>
  <code code="C181">
    <editdetail attribution="Reuters BIP Coding Group" action="confirmed" date="1997-06-02"/>
  </code>
  <code code="CCAT">
    <editdetail attribution="Reuters BIP Coding Group" action="confirmed" date="1997-06-02"/>
  </code>
</codes>
<dc element="dc.publisher" value="Reuters Holdings Plc"/>
<dc element="dc.date.published" value="1997-06-02"/>
<dc element="dc.source" value="Reuters"/>
<dc element="dc.creator.location.country.name" value="USA"/>
<dc element="dc.source" value="Reuters"/>
</metadata>
</newsitem>
