<?xml version="1.0" encoding="iso-8859-1" ?>
<newsitem itemid="629645" id="root" date="1997-06-02" xml:lang="en">
<title>USA: Chase Industries to close Indiana facility.</title>
<headline>Chase Industries to close Indiana facility.</headline>
<dateline>MONTPELIER, Ohio 1997-06-02</dateline>
<text>
<p>Chase Industries Inc said Monday it will close the Hammond, Ind., facility of its Leavitt Tube Co Inc unit.</p>
<p>The company said it will move the Hammond location's steel tube manufacturing operations to Leavitt facilities in Chicago and Jackson, Miss.</p>
<p>&quot;This consolidation will improve profitability and customer service,&quot; Chase president Martin Alonzo said in a written statement. &quot;The cost of this consolidation was previously provided for.&quot;</p>
<p>About 40 to 50 hourly wage jobs will be affected by the Hammond plant closing, said Chase chief financial officer Michal Segraves. Some workers will be transferred to Chicago, and some will lose their jobs, Segraves said.</p>
<p>&quot;It's really hard to tell, but there will be some layoffs,&quot; Segraves said. The company began negotiating with union representatives about the matter Monday morning.</p>
<p>Chase, which also owns Chase Brass &amp; Copper Co, acquired Leavitt in August 1996, he said.</p>
</text>
<copyright>(c) Reuters Limited 1997</copyright>
<metadata>
<codes class="bip:countries:1.0">
  <code code="USA">
    <editdetail attribution="Reuters BIP Coding Group" action="confirmed" date="1997-06-02"/>
  </code>
</codes>
<codes class="bip:industries:1.0">
  <code code="I31000">
    <editdetail attribution="Reuters BIP Coding Group" action="confirmed" date="1997-06-02"/>
  </code>
</codes>
<codes class="bip:topics:1.0">
  <code code="C24">
    <editdetail attribution="Reuters BIP Coding Group" action="confirmed" date="1997-06-02"/>
  </code>
  <code code="CCAT">
    <editdetail attribution="Reuters BIP Coding Group" action="confirmed" date="1997-06-02"/>
  </code>
</codes>
<dc element="dc.date.created" value="1997-06-02"/>
<dc element="dc.publisher" value="Reuters Holdings Plc"/>
<dc element="dc.date.published" value="1997-06-02"/>
<dc element="dc.source" value="Reuters"/>
<dc element="dc.creator.location" value="MONTPELIER, Ohio"/>
<dc element="dc.creator.location.country.name" value="USA"/>
<dc element="dc.source" value="Reuters"/>
</metadata>
</newsitem>
