<?xml version="1.0" encoding="iso-8859-1" ?>
<newsitem itemid="629648" id="root" date="1997-06-02" xml:lang="en">
<title>USA: AMEX closing averages.</title>
<headline>AMEX closing averages.</headline>
<dateline>NEW YORK 1997-06-02</dateline>
<text>
<p>Prices on the American Stock Exchange closed mostly higher in active trading.</p>
<p>The Amex Composite index closed at 607.17, up 1.79.</p>
<p>The average price per share fell $0.38.</p>
<p>Advancers beat decliners 312 to 217.</p>
<p>Preliminary volume was 20,854,320 compared with 24,651,215 on Friday.</p>
<p>(Prices official as of 1630 EST/2130 GMT)</p>
<p>((-- Wall Street desk, 212-859-1881))</p>
</text>
<copyright>(c) Reuters Limited 1997</copyright>
<metadata>
<codes class="bip:countries:1.0">
  <code code="USA">
    <editdetail attribution="Reuters BIP Coding Group" action="confirmed" date="1997-06-02"/>
  </code>
</codes>
<codes class="bip:topics:1.0">
  <code code="M11">
    <editdetail attribution="Reuters BIP Coding Group" action="confirmed" date="1997-06-02"/>
  </code>
  <code code="MCAT">
    <editdetail attribution="Reuters BIP Coding Group" action="confirmed" date="1997-06-02"/>
  </code>
</codes>
<dc element="dc.date.created" value="1997-06-02"/>
<dc element="dc.publisher" value="Reuters Holdings Plc"/>
<dc element="dc.date.published" value="1997-06-02"/>
<dc element="dc.source" value="Reuters"/>
<dc element="dc.creator.location" value="NEW YORK"/>
<dc element="dc.creator.location.country.name" value="USA"/>
<dc element="dc.source" value="Reuters"/>
</metadata>
</newsitem>
