<?xml version="1.0" encoding="iso-8859-1" ?>
<newsitem itemid="629677" id="root" date="1997-06-02" xml:lang="en">
<title>USA: Advanced Fibre names Peter Darbee CFO.</title>
<headline>Advanced Fibre names Peter Darbee CFO.</headline>
<dateline>PETALUMA, Calif. 1997-06-02</dateline>
<text>
<p>Advanced Fibre Communications Inc said Monday that Peter Darbee was named vice president and chief financial officer effective June 30.</p>
<p>Darbee is currently vice president, merger planning at Pacific Bell PAC.N and has for the past three years served as chief financial officer and controller.</p>
<p>Effective June 30, the company said, Carl Grivner, currently its president and chief operating officer, will assume the additional title of chief executive.</p>
<p>Don Green, current chairman of the board and CEO, will remain as chairman and continue to have an active role in the future of the company, primarily in the area of strategic direction, Advanced Fibre said.</p>
<p>Dan Steimle, currently vice president and chief financial officer, will assume the new title of vice president, business development, the company said.</p>
</text>
<copyright>(c) Reuters Limited 1997</copyright>
<metadata>
<codes class="bip:countries:1.0">
  <code code="USA">
    <editdetail attribution="Reuters BIP Coding Group" action="confirmed" date="1997-06-02"/>
  </code>
</codes>
<codes class="bip:industries:1.0">
  <code code="I34400">
    <editdetail attribution="Reuters BIP Coding Group" action="confirmed" date="1997-06-02"/>
  </code>
</codes>
<codes class="bip:topics:1.0">
  <code code="C41">
    <editdetail attribution="Reuters BIP Coding Group" action="confirmed" date="1997-06-02"/>
  </code>
  <code code="C411">
    <editdetail attribution="Reuters BIP Coding Group" action="confirmed" date="1997-06-02"/>
  </code>
  <code code="CCAT">
    <editdetail attribution="Reuters BIP Coding Group" action="confirmed" date="1997-06-02"/>
  </code>
</codes>
<dc element="dc.date.created" value="1997-06-02"/>
<dc element="dc.publisher" value="Reuters Holdings Plc"/>
<dc element="dc.date.published" value="1997-06-02"/>
<dc element="dc.source" value="Reuters"/>
<dc element="dc.creator.location" value="PETALUMA, Calif."/>
<dc element="dc.creator.location.country.name" value="USA"/>
<dc element="dc.source" value="Reuters"/>
</metadata>
</newsitem>
