<?xml version="1.0" encoding="iso-8859-1" ?>
<newsitem itemid="629656" id="root" date="1997-06-02" xml:lang="en">
<title>USA: Mercury Air Group Inc sets quarterly div.</title>
<headline>Mercury Air Group Inc sets quarterly div.</headline>
<dateline>LOS ANGELES 1997-06-02</dateline>
<text>
<p>Quarterly</p>
<p>		   Latest		    Prior</p>
<p> Amount		$0.0125		   $0.0125</p>
<p> Pay		     Aug 1</p>
<p> Record		July 15</p>
<p>NOTE:  Between the February 3 payment of the prior dividend and this declaration of the latest dividend, the company declared a five-for-four stock split, paid on April 11.</p>
</text>
<copyright>(c) Reuters Limited 1997</copyright>
<metadata>
<codes class="bip:countries:1.0">
  <code code="USA">
    <editdetail attribution="Reuters BIP Coding Group" action="confirmed" date="1997-06-02"/>
  </code>
</codes>
<codes class="bip:industries:1.0">
  <code code="I77003">
    <editdetail attribution="Reuters BIP Coding Group" action="confirmed" date="1997-06-02"/>
  </code>
</codes>
<codes class="bip:topics:1.0">
  <code code="C15">
    <editdetail attribution="Reuters BIP Coding Group" action="confirmed" date="1997-06-02"/>
  </code>
  <code code="C151">
    <editdetail attribution="Reuters BIP Coding Group" action="confirmed" date="1997-06-02"/>
  </code>
  <code code="CCAT">
    <editdetail attribution="Reuters BIP Coding Group" action="confirmed" date="1997-06-02"/>
  </code>
</codes>
<dc element="dc.date.created" value="1997-06-02"/>
<dc element="dc.publisher" value="Reuters Holdings Plc"/>
<dc element="dc.date.published" value="1997-06-02"/>
<dc element="dc.source" value="Reuters"/>
<dc element="dc.creator.location" value="LOS ANGELES"/>
<dc element="dc.creator.location.country.name" value="USA"/>
<dc element="dc.source" value="Reuters"/>
</metadata>
</newsitem>
