<?xml version="1.0" encoding="iso-8859-1" ?>
<newsitem itemid="629629" id="root" date="1997-06-02" xml:lang="en">
<title>USA: Liberty Property completes $70 mln deal.</title>
<headline>Liberty Property completes $70 mln deal.</headline>
<dateline>MALVERN, Pa. 1997-06-02</dateline>
<text>
<p>Liberty Property Trust said on Monday it had completed the previously announced acquisition of 18 properties in a portfolio valued at $70 million.</p>
<p>Taken together, the properties consist of one million square feet of distribution, flex, and office space in South Carolina's three largest markets, Liberty said in a statement.</p>
<p>The portfolio also includes more than 260,000 square feet in five flex buildings in Tampa, Florida, and one 40,000-square-foot flex building in Charlotte, North Carolina.</p>
<p>&quot;This year, Liberty has completed portfolio transactions which have allowed us to enter two target markets, South Carolina and Minneapolis, with a strong presence,&quot; said Liberty chief executive Willard Rouse III.</p>
<p>Liberty Property Trust is a self-administered real estate investment trust.</p>
</text>
<copyright>(c) Reuters Limited 1997</copyright>
<metadata>
<codes class="bip:countries:1.0">
  <code code="USA">
    <editdetail attribution="Reuters BIP Coding Group" action="confirmed" date="1997-06-02"/>
  </code>
</codes>
<codes class="bip:industries:1.0">
  <code code="I81502">
    <editdetail attribution="Reuters BIP Coding Group" action="confirmed" date="1997-06-02"/>
  </code>
</codes>
<codes class="bip:topics:1.0">
  <code code="C18">
    <editdetail attribution="Reuters BIP Coding Group" action="confirmed" date="1997-06-02"/>
  </code>
  <code code="C182">
    <editdetail attribution="Reuters BIP Coding Group" action="confirmed" date="1997-06-02"/>
  </code>
  <code code="CCAT">
    <editdetail attribution="Reuters BIP Coding Group" action="confirmed" date="1997-06-02"/>
  </code>
</codes>
<dc element="dc.date.created" value="1997-06-02"/>
<dc element="dc.publisher" value="Reuters Holdings Plc"/>
<dc element="dc.date.published" value="1997-06-02"/>
<dc element="dc.source" value="Reuters"/>
<dc element="dc.creator.location" value="MALVERN, Pa."/>
<dc element="dc.creator.location.country.name" value="USA"/>
<dc element="dc.source" value="Reuters"/>
</metadata>
</newsitem>
