<?xml version="1.0" encoding="iso-8859-1" ?>
<newsitem itemid="629753" id="root" date="1997-06-02" xml:lang="en">
<title>USA: INTERVIEW - AccuStaff comfortable on EPS.</title>
<headline>INTERVIEW - AccuStaff comfortable on EPS.</headline>
<dateline>NEW YORK 1997-06-02</dateline>
<text>
<p>AccuStaff Inc chief executive Derek Dewan said he was &quot;absolutely&quot; comfortable with the Wall Street consensus estimate of about $0.98 for this year.</p>
<p>In an interview with Reuters, Dewan said the consensus of about $1.20 for next year was also in line. The company had pro forma results of $0.35 in 1996.  </p>
<p>DeWan said that, contrary to a report in the current edition of Barron's newspaper, the company has had strong internal growth, which he estimated at about 22 percent in the first quarter versus a year ago.</p>
<p>He said that core growth, from August, 1994, before its initial public offering, through the end of 1996, was in the high 20-percent range.</p>
<p>Dewan said it was &quot;absolutely not true&quot; that the company was suffering a temporary cash drain, as Barron's reported in &quot;Up and Down Wall Street&quot; column.  </p>
<p>He said the company has been collecting its accounts receivable in 30 to 60 days, with the average around 45 days.</p>
<p>Dewan acknowledged that the company has used up much of its cash on hand for acquisitions, but said the &quot;money was spent wisely.&quot;</p>
<p>Barron's noted that the goodwill line on its balance sheet has grown to about $580 million out of almost $700 million in shareholder equity as acquisitions have increased.</p>
<p>Dewan said that the valuation of goodwill was &quot;within a conservative range.&quot;</p>
<p>((-- Jeff Benkoe, Wall Street Desk, 212-859-1735.))</p>
</text>
<copyright>(c) Reuters Limited 1997</copyright>
<metadata>
<codes class="bip:countries:1.0">
  <code code="USA">
    <editdetail attribution="Reuters BIP Coding Group" action="confirmed" date="1997-06-02"/>
  </code>
</codes>
<codes class="bip:industries:1.0">
  <code code="I83954">
    <editdetail attribution="Reuters BIP Coding Group" action="confirmed" date="1997-06-02"/>
  </code>
</codes>
<codes class="bip:topics:1.0">
  <code code="C15">
    <editdetail attribution="Reuters BIP Coding Group" action="confirmed" date="1997-06-02"/>
  </code>
  <code code="C152">
    <editdetail attribution="Reuters BIP Coding Group" action="confirmed" date="1997-06-02"/>
  </code>
  <code code="CCAT">
    <editdetail attribution="Reuters BIP Coding Group" action="confirmed" date="1997-06-02"/>
  </code>
</codes>
<dc element="dc.date.created" value="1997-06-02"/>
<dc element="dc.publisher" value="Reuters Holdings Plc"/>
<dc element="dc.date.published" value="1997-06-02"/>
<dc element="dc.source" value="Reuters"/>
<dc element="dc.creator.location" value="NEW YORK"/>
<dc element="dc.creator.location.country.name" value="USA"/>
<dc element="dc.source" value="Reuters"/>
</metadata>
</newsitem>
