<?xml version="1.0" encoding="iso-8859-1" ?>
<newsitem itemid="629771" id="root" date="1997-06-02" xml:lang="en">
<title>USA: BPA offers Tuesday peak firm power, drops prices.</title>
<headline>BPA offers Tuesday peak firm power, drops prices.</headline>
<dateline>LOS ANGELES 1997-06-02</dateline>
<text>
<p>The Bonneville Power Administration (BPA) continued to offer 300 megawatts of peak firm power for Tuesday delivery, but cut prices sharply, the agency said Monday.</p>
<p>BPA offered peak firm power during heavy load hours on Tuesday at $19.00 per megawatt hour (MWh), down from $31.00 for Monday deliveries, and at $20.00 for California-Oregon border (COB) sales, compared with $32.00 for Monday.</p>
<p>BPA also offered unlimited peak firm power during light load hours on Tuesday at $9.00 a MWh.</p>
<p>Tuesday non-firm power from hours ending 0100-0500 and 2400 was also offered at $9.00 for all deliveries, while deliveries during hours ending 0600 and 2300 were offered at $10.00.</p>
<p>((--Los Angeles bureau +1 213 955 6761))</p>
</text>
<copyright>(c) Reuters Limited 1997</copyright>
<metadata>
<codes class="bip:countries:1.0">
  <code code="USA">
    <editdetail attribution="Reuters BIP Coding Group" action="confirmed" date="1997-06-02"/>
  </code>
</codes>
<codes class="bip:industries:1.0">
  <code code="I16100">
    <editdetail attribution="Reuters BIP Coding Group" action="confirmed" date="1997-06-02"/>
  </code>
</codes>
<codes class="bip:topics:1.0">
  <code code="C21">
    <editdetail attribution="Reuters BIP Coding Group" action="confirmed" date="1997-06-02"/>
  </code>
  <code code="C31">
    <editdetail attribution="Reuters BIP Coding Group" action="confirmed" date="1997-06-02"/>
  </code>
  <code code="CCAT">
    <editdetail attribution="Reuters BIP Coding Group" action="confirmed" date="1997-06-02"/>
  </code>
</codes>
<dc element="dc.date.created" value="1997-06-02"/>
<dc element="dc.publisher" value="Reuters Holdings Plc"/>
<dc element="dc.date.published" value="1997-06-02"/>
<dc element="dc.source" value="Reuters"/>
<dc element="dc.creator.location" value="LOS ANGELES"/>
<dc element="dc.creator.location.country.name" value="USA"/>
<dc element="dc.source" value="Reuters"/>
</metadata>
</newsitem>
