<?xml version="1.0" encoding="iso-8859-1" ?>
<newsitem itemid="629756" id="root" date="1997-06-02" xml:lang="en">
<title>USA: Johnstown says wins ruling against Trinity.</title>
<headline>Johnstown says wins ruling against Trinity.</headline>
<dateline>CHICAGO 1997-06-02</dateline>
<text>
<p>Johnstown America Industries Inc said Monday a federl appeals court ruled in its favor in a patent infringement lawsuit against Trinity Industries Inc.</p>
<p>Johnstown said the court ruled that Trinity's Aluminator II coal gondola freight car infringed Johnstown's patent. The ruling reversed a 1996 district court judgment.</p>
<p>The appeals court remanded the case to the district court for determination of damages and for consideration of Johnstown's claim that Trinity's alleged infringement was willful, Johnstown said.  </p>
<p>Johnstown said it could not predict the damages it might be awarded.</p>
<p>Following the appeals court ruling, Johnston said it had filed a motion in U.S. District Court for the Western District of Pennsylvania, in Pittsburgh, for a permanent injunction to prohibit Trinity from making, selling or offering to sell its Aluminator II coal gondola freight car until Johnstown's patent expires in November 1999.</p>
<p>Johnstown said its Johnstown America Corp subsidiary brought the suit against Trinity in 1992.</p>
<p>((--Chicago Newsdesk (312) 408-8787))</p>
</text>
<copyright>(c) Reuters Limited 1997</copyright>
<metadata>
<codes class="bip:countries:1.0">
  <code code="USA">
    <editdetail attribution="Reuters BIP Coding Group" action="confirmed" date="1997-06-02"/>
  </code>
</codes>
<codes class="bip:industries:1.0">
  <code code="I32000">
    <editdetail attribution="Reuters BIP Coding Group" action="confirmed" date="1997-06-02"/>
  </code>
  <code code="I36200">
    <editdetail attribution="Reuters BIP Coding Group" action="confirmed" date="1997-06-02"/>
  </code>
</codes>
<codes class="bip:topics:1.0">
  <code code="C12">
    <editdetail attribution="Reuters BIP Coding Group" action="confirmed" date="1997-06-02"/>
  </code>
  <code code="CCAT">
    <editdetail attribution="Reuters BIP Coding Group" action="confirmed" date="1997-06-02"/>
  </code>
  <code code="GCAT">
    <editdetail attribution="Reuters BIP Coding Group" action="confirmed" date="1997-06-02"/>
  </code>
  <code code="GCRIM">
    <editdetail attribution="Reuters BIP Coding Group" action="confirmed" date="1997-06-02"/>
  </code>
</codes>
<dc element="dc.date.created" value="1997-06-02"/>
<dc element="dc.publisher" value="Reuters Holdings Plc"/>
<dc element="dc.date.published" value="1997-06-02"/>
<dc element="dc.source" value="Reuters"/>
<dc element="dc.creator.location" value="CHICAGO"/>
<dc element="dc.creator.location.country.name" value="USA"/>
<dc element="dc.source" value="Reuters"/>
</metadata>
</newsitem>
