<?xml version="1.0" encoding="iso-8859-1" ?>
<newsitem itemid="629702" id="root" date="1997-06-02" xml:lang="en">
<title>USA: Chrysler May US car sales fall.</title>
<headline>Chrysler May US car sales fall.</headline>
<dateline>DETROIT 1997-06-01</dateline>
<text>
<p>Chrysler Corp</p>
<p>			May 1-31, 1997     May 1-31, 1996 *Pct Chng</p>
<p> Domestic Car	    72,944	    88,896	    -17.9</p>
<p> Domestic Truck	 131,710	   155,945	    -15.5</p>
<p> Import Car		     0		 448	     N.A.</p>
<p> Import Truck		   0		   0	     N.A.</p>
<p>		  Jan 1-May 31, 1997 Jan 1-May 31, 1996 *Pct Chng</p>
<p> Domestic Car	   345,835	   383,100	     -9.0</p>
<p> Domestic Truck	 635,554	   680,872	     -5.9</p>
<p> Import Car		     0	     3,092	     N.A.</p>
<p> Import Truck		   0		   0	     N.A.</p>
<p>* Pct change based on daily selling rate. Sale days 26 in latest month vs 26, 128 for year to date vs 129 in year ago.</p>
</text>
<copyright>(c) Reuters Limited 1997</copyright>
<metadata>
<codes class="bip:countries:1.0">
  <code code="USA">
    <editdetail attribution="Reuters BIP Coding Group" action="confirmed" date="1997-06-02"/>
  </code>
</codes>
<codes class="bip:industries:1.0">
  <code code="I35101">
    <editdetail attribution="Reuters BIP Coding Group" action="confirmed" date="1997-06-02"/>
  </code>
  <code code="I35102">
    <editdetail attribution="Reuters BIP Coding Group" action="confirmed" date="1997-06-02"/>
  </code>
</codes>
<codes class="bip:topics:1.0">
  <code code="C31">
    <editdetail attribution="Reuters BIP Coding Group" action="confirmed" date="1997-06-02"/>
  </code>
  <code code="CCAT">
    <editdetail attribution="Reuters BIP Coding Group" action="confirmed" date="1997-06-02"/>
  </code>
</codes>
<dc element="dc.date.created" value="1997-06-01"/>
<dc element="dc.publisher" value="Reuters Holdings Plc"/>
<dc element="dc.date.published" value="1997-06-02"/>
<dc element="dc.source" value="Reuters"/>
<dc element="dc.creator.location" value="DETROIT"/>
<dc element="dc.creator.location.country.name" value="USA"/>
<dc element="dc.source" value="Reuters"/>
</metadata>
</newsitem>
