<?xml version="1.0" encoding="iso-8859-1" ?>
<newsitem itemid="629712" id="root" date="1997-06-02" xml:lang="en">
<title>USA: U.S. bill auction rates average 4.93, 5.22 pct.</title>
<headline>U.S. bill auction rates average 4.93, 5.22 pct.</headline>
<dateline>WASHINGTON 1997-06-02</dateline>
<text>
<p>The U.S. Treasury said its auction of three and six-month bills brought these results:</p>
<p>91-DAY BILLS DUE SEPT 4, 1997 * $7.525 BILLION</p>
<p>	 DISCOUNT INVESTMENT PRICE</p>
<p> Low	  4.90   5.03   98.761   LOW SINCE 4.92%--23.Dec.96</p>
<p> High	 4.94   5.07   98.751   ACCEPTED AT HIGH   42 PCT</p>
<p> Average    4.93   5.06   98.754   AVG RATE LAST WK    5.03</p>
<p>182-DAY BILLS DUE DEC 4, 1997 * $7.538 BILLION</p>
<p> Low	  5.21   5.43   97.366   LOW SINCE 5.18%--10.Mar.97</p>
<p> High	 5.22   5.44   97.361   ACCEPTED AT HIGH   94 PCT</p>
<p> Average    5.22   5.44   97.361   AVG RATE LAST WK    5.26</p>
<p> U.S. TREASURY (GOVERNMENT DEBT)		 MATURITY 04.Sep.97</p>
<p> MATURITY/TYPE    91-DAY BILLS		   PAY DATE 05.Jun.97</p>
<p> TYPE OF DEBT     STRAIGHT			 LAUNCHED 02.Jun.97</p>
<p> ISSUED/ACCEPTED   7.525 BLN USD		 CUSIP    9127945L4</p>
<p> BIDS SUBMITTED   34.014			   COUNTRY	  USA</p>
<p> NONCOMPETITIVE    1.323			    AUCTION AVERAGES</p>
<p> NY FED DISTRICT    N.A.			   DISCOUNT     4.93</p>
<p> FOREIGN INSTITN  487.80 MLN		     PRICE	98.754</p>
<p> BIDDING RANGE     4.90-4.94 PCT		 YIELD	  5.06</p>
<p>	 COVER (Bids Over Amount Auctioned) = 4.520 TIMES</p>
<p>	 TAIL  (High  Minus Average  Yield) = 1 BASIS PTS</p>
<p> U.S. TREASURY (GOVERNMENT DEBT)		 MATURITY 04.Dec.97</p>
<p> MATURITY/TYPE    182-DAY BILLS		  PAY DATE 05.Jun.97</p>
<p> TYPE OF DEBT     STRAIGHT			 LAUNCHED 02.Jun.97</p>
<p> ISSUED/ACCEPTED   7.538 BLN USD		 CUSIP  9127945W0</p>
<p> BIDS SUBMITTED   38.769			   COUNTRY	  USA</p>
<p> NONCOMPETITIVE    1.162			    AUCTION AVERAGES</p>
<p> NY FED DISTRICT    N.A.			   DISCOUNT     5.22</p>
<p> FOREIGN INSTITN   2.562			   PRICE	97.361</p>
<p> BIDDING RANGE     5.21-5.22 PCT		 YIELD	  5.44</p>
<p>	 COVER (Bids Over Amount Auctioned) = 5.143 TIMES</p>
<p>	 TAIL  (High  Minus Average  Yield) = 0 BASIS PTS</p>
</text>
<copyright>(c) Reuters Limited 1997</copyright>
<metadata>
<codes class="bip:countries:1.0">
  <code code="USA">
    <editdetail attribution="Reuters BIP Coding Group" action="confirmed" date="1997-06-02"/>
  </code>
</codes>
<codes class="bip:topics:1.0">
  <code code="M13">
    <editdetail attribution="Reuters BIP Coding Group" action="confirmed" date="1997-06-02"/>
  </code>
  <code code="M131">
    <editdetail attribution="Reuters BIP Coding Group" action="confirmed" date="1997-06-02"/>
  </code>
  <code code="MCAT">
    <editdetail attribution="Reuters BIP Coding Group" action="confirmed" date="1997-06-02"/>
  </code>
</codes>
<dc element="dc.date.created" value="1997-06-02"/>
<dc element="dc.publisher" value="Reuters Holdings Plc"/>
<dc element="dc.date.published" value="1997-06-02"/>
<dc element="dc.source" value="Reuters"/>
<dc element="dc.creator.location" value="WASHINGTON"/>
<dc element="dc.creator.location.country.name" value="USA"/>
<dc element="dc.source" value="Reuters"/>
</metadata>
</newsitem>
