<?xml version="1.0" encoding="iso-8859-1" ?>
<newsitem itemid="629792" id="root" date="1997-06-02" xml:lang="en">
<title>USA: Intellicell Q1 loss $0.08 with charges.</title>
<headline>Intellicell Q1 loss $0.08 with charges.</headline>
<dateline>VAN NUYS, Calif. 1997-06-02</dateline>
<text>
<p>Intellicell Corp.</p>
<p>				 Summary Financial Data</p>
<p>				     For The 3 Months Ended March 31,</p>
<p> Statement of Income Data:		    1996	  1997</p>
<p> Net Sales				    $22,288,000 $21,782,000</p>
<p> Gross profit				     952,000   1,292,000</p>
<p>Selling, general and administrative expenses</p>
<p>							651,000     967,000</p>
<p> Special legal and auditing fees		   --     900,000</p>
<p>Income (loss) before income tax expense benefit</p>
<p>							250,000   (636,000)</p>
<p> Net income (loss) - Historical	     250,000   (382,000)</p>
<p> Pro forma net income (loss)		  150,000   (382,000)</p>
<p> Earnings (loss) per share			 0.07	(0.08)</p>
<p>Weighted average number of shares of</p>
<p>  common shares outstanding		 2,195,810   4,507,464</p>
</text>
<copyright>(c) Reuters Limited 1997</copyright>
<metadata>
<codes class="bip:countries:1.0">
  <code code="USA">
    <editdetail attribution="Reuters BIP Coding Group" action="confirmed" date="1997-06-02"/>
  </code>
</codes>
<codes class="bip:industries:1.0">
  <code code="I61000">
    <editdetail attribution="Reuters BIP Coding Group" action="confirmed" date="1997-06-02"/>
  </code>
</codes>
<codes class="bip:topics:1.0">
  <code code="C15">
    <editdetail attribution="Reuters BIP Coding Group" action="confirmed" date="1997-06-02"/>
  </code>
  <code code="C151">
    <editdetail attribution="Reuters BIP Coding Group" action="confirmed" date="1997-06-02"/>
  </code>
  <code code="CCAT">
    <editdetail attribution="Reuters BIP Coding Group" action="confirmed" date="1997-06-02"/>
  </code>
</codes>
<dc element="dc.date.created" value="1997-06-02"/>
<dc element="dc.publisher" value="Reuters Holdings Plc"/>
<dc element="dc.date.published" value="1997-06-02"/>
<dc element="dc.source" value="Reuters"/>
<dc element="dc.creator.location" value="VAN NUYS, Calif."/>
<dc element="dc.creator.location.country.name" value="USA"/>
<dc element="dc.source" value="Reuters"/>
</metadata>
</newsitem>
