<?xml version="1.0" encoding="iso-8859-1" ?>
<newsitem itemid="629789" id="root" date="1997-06-02" xml:lang="en">
<title>USA: QPQ Corp names C. Lawrence Rutstein CEO.</title>
<headline>QPQ Corp names C. Lawrence Rutstein CEO.</headline>
<dateline>BOCA RATON, Fla. 1997-06-02</dateline>
<text>
<p>QPQ Corp said Monday it has appointed C. Lawrence Rutstein to the position of chairman, CEO and president, replacing MItchell Rubinson.</p>
<p>Company representatives were not immediately available for further comment.</p>
<p>Rutstein, said the company, is a founder of privately-held CapQuest Partners Inc, which has made several private investments in emerging software companies.  He also, said the company, serves on the board of directors of Boca Raton Capital Corp and is general partner of the Memphis Chicks AA Baseball Club.</p>
<p>QPQ has been a developer and operator of Domino's Pizza Stores in Poland, and has been developing and operating centers which offer primary care, medical services and medically supervised weight loss programs.</p>
</text>
<copyright>(c) Reuters Limited 1997</copyright>
<metadata>
<codes class="bip:countries:1.0">
  <code code="USA">
    <editdetail attribution="Reuters BIP Coding Group" action="confirmed" date="1997-06-02"/>
  </code>
</codes>
<codes class="bip:industries:1.0">
  <code code="I66100">
    <editdetail attribution="Reuters BIP Coding Group" action="confirmed" date="1997-06-02"/>
  </code>
</codes>
<codes class="bip:topics:1.0">
  <code code="C41">
    <editdetail attribution="Reuters BIP Coding Group" action="confirmed" date="1997-06-02"/>
  </code>
  <code code="C411">
    <editdetail attribution="Reuters BIP Coding Group" action="confirmed" date="1997-06-02"/>
  </code>
  <code code="CCAT">
    <editdetail attribution="Reuters BIP Coding Group" action="confirmed" date="1997-06-02"/>
  </code>
</codes>
<dc element="dc.date.created" value="1997-06-02"/>
<dc element="dc.publisher" value="Reuters Holdings Plc"/>
<dc element="dc.date.published" value="1997-06-02"/>
<dc element="dc.source" value="Reuters"/>
<dc element="dc.creator.location" value="BOCA RATON, Fla."/>
<dc element="dc.creator.location.country.name" value="USA"/>
<dc element="dc.source" value="Reuters"/>
</metadata>
</newsitem>
