<?xml version="1.0" encoding="iso-8859-1" ?>
<newsitem itemid="629751" id="root" date="1997-06-02" xml:lang="en">
<title>USA: Hilton attacks ITT sale of 5 hotels.</title>
<headline>Hilton attacks ITT sale of 5 hotels.</headline>
<dateline>BEVERLY HILLS 1997-06-02</dateline>
<text>
<p>Hilton Hotels Corp, in a sharply written letter to the board of directors of takeover target ITT Corp, on Monday attacked the terms of ITT's planned sale of five hotels to FelCor Suite Hotels Inc.</p>
<p>Part of the $200 million deal calls for ITT to receive a management fee for operating the hotels, but that provision would be severed if ITT underwent a change in control.</p>
<p>&quot;We view these change of control provisions as irresponsible and unnecessary,&quot; Hilton Chief Executive Stephen Bollenbach wrote. &quot;In this regard, Hilton is willing to purchase the five hotels at the same price.&quot;  </p>
<p>Bollenbach said Hilton was ready to acquire the five ITT Sheraton hotels, located throughout the United States, at the same price and on the same terms as FelCor, but Hilton would exclude the change of control provision.</p>
<p>&quot;If ITT is looking to dispose of any more of its core assets, Hilton is a ready, willing and able buyer,&quot; he said.</p>
<p>ITT is the target of a $6.5 billion hostile takeover bid by Hilton. The rival hotel and gambling company launched the offer in January. ITT rejected the bid, calling it inadequate, then it began shedding non-core assets and refocusing operations on its core hotels and gambling business.  </p>
<p>ITT quickly defended the FelCor deal, saying FelCor requested the change-of-control provision. A spokesman said most of the recently announced management and franchise contracts between ITT and others contained the same provision.</p>
<p>In its letter, Hilton said its offer to acquire the five hotels was &quot;clearly more advantageous to ITT shareholders.&quot;</p>
<p>But ITT lashed out at that contention. &quot;The Felcor deal will be accretive to ITT earnings in 1998. Every asset sale that we have made since January 27, when Hilton launched their hostile offer, has been at exceptional prices and has added value for our shareholders,&quot; spokesman Jim Gallagher said.  </p>
<p>ITT has sold its stake in French telecommunications company Alcatel Alstholm for about $830 million and agreed to sell its 50 percent stake in Madison Square Garden Inc for around $650 million.</p>
<p>The FelCor deal involved hotels that are significantly smaller than ITT Sheraton's major properties and are considered to be mostly in secondary markets for the company.</p>
<p>Financial analysts expect ITT, when it has completed its asset sales, will launch a buyback offer for a large number of its common shares or issue a lucrative one-time dividend to boost shareholder support as it defends against Hilton.</p>
<p>ITT owns and operates Sheraton brand hotels and Caesars resorts and casinos. Hilton operates Hilton Hotels in the United States and promotes Hilton overseas in a joint venture with Ladbroke Plc. It also owns Bally's brand and Hilton casinos.</p>
</text>
<copyright>(c) Reuters Limited 1997</copyright>
<metadata>
<codes class="bip:countries:1.0">
  <code code="USA">
    <editdetail attribution="Reuters BIP Coding Group" action="confirmed" date="1997-06-02"/>
  </code>
</codes>
<codes class="bip:industries:1.0">
  <code code="I66500">
    <editdetail attribution="Reuters BIP Coding Group" action="confirmed" date="1997-06-02"/>
  </code>
  <code code="I81502">
    <editdetail attribution="Reuters BIP Coding Group" action="confirmed" date="1997-06-02"/>
  </code>
  <code code="I8150206">
    <editdetail attribution="Reuters BIP Coding Group" action="confirmed" date="1997-06-02"/>
  </code>
</codes>
<codes class="bip:topics:1.0">
  <code code="C18">
    <editdetail attribution="Reuters BIP Coding Group" action="confirmed" date="1997-06-02"/>
  </code>
  <code code="C181">
    <editdetail attribution="Reuters BIP Coding Group" action="confirmed" date="1997-06-02"/>
  </code>
  <code code="C182">
    <editdetail attribution="Reuters BIP Coding Group" action="confirmed" date="1997-06-02"/>
  </code>
  <code code="CCAT">
    <editdetail attribution="Reuters BIP Coding Group" action="confirmed" date="1997-06-02"/>
  </code>
</codes>
<dc element="dc.date.created" value="1997-06-02"/>
<dc element="dc.publisher" value="Reuters Holdings Plc"/>
<dc element="dc.date.published" value="1997-06-02"/>
<dc element="dc.source" value="Reuters"/>
<dc element="dc.creator.location" value="BEVERLY HILLS"/>
<dc element="dc.creator.location.country.name" value="USA"/>
<dc element="dc.source" value="Reuters"/>
</metadata>
</newsitem>
