<?xml version="1.0" encoding="iso-8859-1" ?>
<newsitem itemid="629765" id="root" date="1997-06-02" xml:lang="en">
<title>USA: Thermwood sees record FY97 sales, net.</title>
<headline>Thermwood sees record FY97 sales, net.</headline>
<dateline>DALE, Ind. 1997-06-02</dateline>
<text>
<p>Thermwood Corp said Monday it expects record sales and earnings for fiscal 1997.</p>
<p>&quot;We anticipate that our consistent sales growth over the past six quarters and record order backlog will continue into the fourth quarter and result in a record performance in sales and earnings for fiscal 1997,&quot; Kenneth Susnjara, president, said in a statement.  </p>
<p>Earlier, Thermwood reported earnings for the third quarter ended April 30 were $253,594 or $0.03 a share, compared with year-ago earnings of $292,930 or $0.03 a year ago.</p>
<p>The 1997 third quarter results included income taxes of $157,847 compared with $9,000 in taxes a year ago.</p>
<p>&quot;The real indicator of our performance continues to be our growth in operating profit,&quot; Susnjara said. Operating profit for the third quarter rose to $426,536 from $347,560 a year ago.</p>
<p>Thermwood said backlog increased in the third quarter to an all-time company high of $3,800,000, compared to $2,500,00 at the end of the preceding quarter and $1,400,000 for the same period a year ago.</p>
<p>Thermwood makes computer-based production systems.</p>
<p>((Reuters Chicago Newsdesk (312) 408-8787))</p>
</text>
<copyright>(c) Reuters Limited 1997</copyright>
<metadata>
<codes class="bip:countries:1.0">
  <code code="USA">
    <editdetail attribution="Reuters BIP Coding Group" action="confirmed" date="1997-06-02"/>
  </code>
</codes>
<codes class="bip:industries:1.0">
  <code code="I34350">
    <editdetail attribution="Reuters BIP Coding Group" action="confirmed" date="1997-06-02"/>
  </code>
</codes>
<codes class="bip:topics:1.0">
  <code code="C15">
    <editdetail attribution="Reuters BIP Coding Group" action="confirmed" date="1997-06-02"/>
  </code>
  <code code="C152">
    <editdetail attribution="Reuters BIP Coding Group" action="confirmed" date="1997-06-02"/>
  </code>
  <code code="CCAT">
    <editdetail attribution="Reuters BIP Coding Group" action="confirmed" date="1997-06-02"/>
  </code>
</codes>
<dc element="dc.date.created" value="1997-06-02"/>
<dc element="dc.publisher" value="Reuters Holdings Plc"/>
<dc element="dc.date.published" value="1997-06-02"/>
<dc element="dc.source" value="Reuters"/>
<dc element="dc.creator.location" value="DALE, Ind."/>
<dc element="dc.creator.location.country.name" value="USA"/>
<dc element="dc.source" value="Reuters"/>
</metadata>
</newsitem>
