<?xml version="1.0" encoding="iso-8859-1" ?>
<newsitem itemid="629714" id="root" date="1997-06-02" xml:lang="en">
<title>USA: RESEARCH ALERT - General Mills rating cut.</title>
<headline>RESEARCH ALERT - General Mills rating cut.</headline>
<dateline>CHICAGO 1997-06-02</dateline>
<text>
<p>- Donaldson, Lufkin and Jenrette on Monday cut its rating on General Mills Inc to underperform from market performer, a DLJ source said.</p>
<p>-- The source said the rating was cut due to disappointing cereal sales.</p>
<p>-- The analyst was not available for comment.</p>
<p>-- General Mills shares were off one at 62-1/4.</p>
<p>((Reuters Chicago Newsdesk (312) 408-8787))</p>
</text>
<copyright>(c) Reuters Limited 1997</copyright>
<metadata>
<codes class="bip:countries:1.0">
  <code code="USA">
    <editdetail attribution="Reuters BIP Coding Group" action="confirmed" date="1997-06-02"/>
  </code>
</codes>
<codes class="bip:industries:1.0">
  <code code="I41000">
    <editdetail attribution="Reuters BIP Coding Group" action="confirmed" date="1997-06-02"/>
  </code>
</codes>
<codes class="bip:topics:1.0">
  <code code="C15">
    <editdetail attribution="Reuters BIP Coding Group" action="confirmed" date="1997-06-02"/>
  </code>
  <code code="C152">
    <editdetail attribution="Reuters BIP Coding Group" action="confirmed" date="1997-06-02"/>
  </code>
  <code code="CCAT">
    <editdetail attribution="Reuters BIP Coding Group" action="confirmed" date="1997-06-02"/>
  </code>
</codes>
<dc element="dc.date.created" value="1997-06-02"/>
<dc element="dc.publisher" value="Reuters Holdings Plc"/>
<dc element="dc.date.published" value="1997-06-02"/>
<dc element="dc.source" value="Reuters"/>
<dc element="dc.creator.location" value="CHICAGO"/>
<dc element="dc.creator.location.country.name" value="USA"/>
<dc element="dc.source" value="Reuters"/>
</metadata>
</newsitem>
