<?xml version="1.0" encoding="iso-8859-1" ?>
<newsitem itemid="629713" id="root" date="1997-06-02" xml:lang="en">
<title>USA: Bayer withdraws laxative from U.S. market.</title>
<headline>Bayer withdraws laxative from U.S. market.</headline>
<dateline>MORRIS TOWNSHIP, N.J. 1997-06-02</dateline>
<text>
<p>Bayer Corp's Consumer Care Division said Monday that it will voluntarily withdraw its Phillips' Gelcaps laxative from the U.S. market.</p>
<p>Bayer said the action is being taken in response to concerns expressed by a committee of the U.S. Food and Drug Administration regarding phenolphtalein, an ingredient in its laxative, and cancer in laboratory animals.</p>
<p>The comapny said that its Phillips' Milk of Magnesia, its Phillips' Chewable Tablets and its Haley's MO do not contain phenolphtalein, nor any other similar ingredient, and remain on the market.  Bayer Corp is a division of Bayer AG.</p>
</text>
<copyright>(c) Reuters Limited 1997</copyright>
<metadata>
<codes class="bip:countries:1.0">
  <code code="USA">
    <editdetail attribution="Reuters BIP Coding Group" action="confirmed" date="1997-06-02"/>
  </code>
</codes>
<codes class="bip:industries:1.0">
  <code code="I25000">
    <editdetail attribution="Reuters BIP Coding Group" action="confirmed" date="1997-06-02"/>
  </code>
</codes>
<codes class="bip:topics:1.0">
  <code code="C13">
    <editdetail attribution="Reuters BIP Coding Group" action="confirmed" date="1997-06-02"/>
  </code>
  <code code="C21">
    <editdetail attribution="Reuters BIP Coding Group" action="confirmed" date="1997-06-02"/>
  </code>
  <code code="CCAT">
    <editdetail attribution="Reuters BIP Coding Group" action="confirmed" date="1997-06-02"/>
  </code>
</codes>
<dc element="dc.date.created" value="1997-06-02"/>
<dc element="dc.publisher" value="Reuters Holdings Plc"/>
<dc element="dc.date.published" value="1997-06-02"/>
<dc element="dc.source" value="Reuters"/>
<dc element="dc.creator.location" value="MORRIS TOWNSHIP, N.J."/>
<dc element="dc.creator.location.country.name" value="USA"/>
<dc element="dc.source" value="Reuters"/>
</metadata>
</newsitem>
