<?xml version="1.0" encoding="iso-8859-1" ?>
<newsitem itemid="629781" id="root" date="1997-06-02" xml:lang="en">
<title>USA: Kodak cuts digital camera price by 20 pct.</title>
<headline>Kodak cuts digital camera price by 20 pct.</headline>
<dateline>ROCHESTER, N.Y. 1997-06-02</dateline>
<text>
<p>Eastman Kodak Co said on Monday it cut the price of its Digital Science DC25 camera by 20 percent to an expected retail price of $399 in the United States.</p>
<p>Introduced last September at the price of $499, the DC25 camera is designed for personal picture-taking and for sharing images via computer on-line.</p>
<p>The DC25 camera allows picture-takers to view their pictures immediately through a color display on the camera back.  The DC25 camera package also includes a bundle of computer software.</p>
</text>
<copyright>(c) Reuters Limited 1997</copyright>
<metadata>
<codes class="bip:countries:1.0">
  <code code="USA">
    <editdetail attribution="Reuters BIP Coding Group" action="confirmed" date="1997-06-02"/>
  </code>
</codes>
<codes class="bip:industries:1.0">
  <code code="I37330">
    <editdetail attribution="Reuters BIP Coding Group" action="confirmed" date="1997-06-02"/>
  </code>
</codes>
<codes class="bip:topics:1.0">
  <code code="C31">
    <editdetail attribution="Reuters BIP Coding Group" action="confirmed" date="1997-06-02"/>
  </code>
  <code code="CCAT">
    <editdetail attribution="Reuters BIP Coding Group" action="confirmed" date="1997-06-02"/>
  </code>
</codes>
<dc element="dc.date.created" value="1997-06-02"/>
<dc element="dc.publisher" value="Reuters Holdings Plc"/>
<dc element="dc.date.published" value="1997-06-02"/>
<dc element="dc.source" value="Reuters"/>
<dc element="dc.creator.location" value="ROCHESTER, N.Y."/>
<dc element="dc.creator.location.country.name" value="USA"/>
<dc element="dc.source" value="Reuters"/>
</metadata>
</newsitem>
