<?xml version="1.0" encoding="iso-8859-1" ?>
<newsitem itemid="629822" id="root" date="1997-06-02" xml:lang="en">
<title>USA: NBA BASKETBALL-BULLS EDGE JAZZ ON JORDAN JUMPER AT BUZZER AS MALONE MISSES.</title>
<headline>NBA BASKETBALL-BULLS EDGE JAZZ ON JORDAN JUMPER AT BUZZER AS MALONE MISSES.</headline>
<byline>Gary Hill</byline>
<dateline>CHICAGO 1997-06-01</dateline>
<text>
<p>The Utah Jazz gave the Chicago Bulls the slightest of openings and the defending champions leaped right through when Michael Jordan's jumper at the buzzer produced an 84-82 victory in the NBA Finals opener Sunday.</p>
<p>Utah star forward Karl Malone, who normally thrives at the free throw line, glanced two foul shots off the rim with nine seconds to go and the score tied 82-82.</p>
<p>Jordan got the rebound of the second miss and the Bulls called time out. Scottie Pippen inbounded to Toni Kukoc, who got the ball to Jordan and the nine-time scoring champion drained the shot from just inside the 3-point line.</p>
<p>&quot;We're fortunate that we had the opportunity to win the game, and we took advantage of it,&quot; said Chicago coach Phil Jackson.</p>
<p>Jordan brandished a clinched fist to the Chicago crowd, who answered by chanting &quot;MVP, MVP&quot; -- referring to the Most Valuable Player award won by Malone over Jordan in a close vote this year.</p>
<p>Jordan led all scorers with 31 points and Pippen added 27. The duo outscored the rest of their team 58-26.</p>
<p>&quot;Down the stretch it was nip and tuck, it could have gone either way,&quot; said Jordan. &quot;Whoever made the best plays at the end was going to win.&quot;</p>
<p>For the Jazz, who led most of the way in a tense, close game, Malone was high scorer with 23 points followed by John Stockton with 16. Malone also had 15 rebounds as Utah outrebounded the Bulls 43-36.</p>
<p>The game saw 23 lead changes and 10 ties, with Utah's biggest lead seven points, in the second quarter, and the Bulls' largest margin just three, in the first quarter.</p>
<p>Still it was two big free-throw misses by Malone that opened the door for the Bulls. Before his muffs from the charity stripe, Pippen said something to Malone, his one-time Olympic teammate popularly known as the Mailman.</p>
<p>&quot;I told him the mailman doesn't deliver on Sundays,&quot; Pippen related after the game.</p>
<p>&quot;I don't have any excuses, I'm not going to use any,&quot; said Malone, who reopened a cut on his hand during the game.</p>
<p>Game 2 is also in Chicago, on Wednesday, before the best-of-seven series switches to Salt Lake City for Games 3, 4 and, if necessary, 5.</p>
<p>&quot;Our most important thing is, don't let our heads down, we did a lot of good things,&quot; said Malone. &quot;We didn't win the game down the stretch and those guys did, and that's why they're the champions.&quot;</p>
<p>He added: &quot;I will say this, they were big free throws but it shouldn't have come down to that.&quot;</p>
<p>Jeff Hornacek, third high scorer for the Jazz with 11 points, said Malone's free throws almost went in. &quot;Both free throws were right there, a half-inch here or there makes the difference,&quot; the Utah guard said.</p>
<p>And Hornacek also said it should not have come down to two free throws. He pointed to the Jazz's uncharacteristic turnovers -- 18 in all, 10 in the first half, to Chicago's total of 14.</p>
<p>&quot;Against a great team you can't have that many turnovers,&quot; said Hornacek, who guarded Jordan most of the way but asked his coach, Jerry Sloan, if he wanted to put Bryon Russell or Shandon Anderson, both better defenders, on Jordan for the final play.</p>
<p>Sloan did, putting Russell on Jordan. &quot;He didn't let him drive, he just hit a 20-footer,&quot; said Hornacek of Russell's job on Jordan.</p>
<p>&quot;I was kind of surprised they put Russell on me,&quot; said Jordan. &quot;He hadn't guarded me all day.&quot;</p>
<p>Jordan said it was a play the team had run many times, to clear the left side for him. He got the ball, determined to use the entire time left on the clock. Then he checked for the double team, saw he was alone with Russell and made his move against the Utah swingman.</p>
<p>&quot;He went for the steal, lunged forward, which I thought was my opportunity.&quot; It was, and he converted the shot as time expired.</p>
<p>After the game, Jordan praised Pippen's contribution.</p>
<p>&quot;He gave us a courageous effort,&quot; Jordan said.</p>
<p>Pippen, whose presence was in doubt after injuring his foot in the clinching game of the Eastern Conference finals, was the first Bulls starter introduced at the start, drawing a cheer from the crowd. He played well but his coach felt he could not run the court as well as he normally would.</p>
<p>&quot;I think Scottie will be better the next time pushing the ball. The rest of his game was superb,&quot; said Jackson.</p>
<p>Pippen wound up playing a team-high 43 minutes.</p>
<p>Before the game, in a makeshift ceremony echoing ones at last year's Atlanta Olympics, former heavyweight champion Muhammad Ali, his head and body shaking from Parkinson's Syndrome, carried in the ball, holding it in both hands as he slowly walked to centre court.</p>
</text>
<copyright>(c) Reuters Limited 1997</copyright>
<metadata>
<codes class="bip:countries:1.0">
  <code code="USA">
    <editdetail attribution="Reuters BIP Coding Group" action="confirmed" date="1997-06-02"/>
  </code>
</codes>
<codes class="bip:topics:1.0">
  <code code="GCAT">
    <editdetail attribution="Reuters BIP Coding Group" action="confirmed" date="1997-06-02"/>
  </code>
  <code code="GSPO">
    <editdetail attribution="Reuters BIP Coding Group" action="confirmed" date="1997-06-02"/>
  </code>
</codes>
<dc element="dc.date.created" value="1997-06-01"/>
<dc element="dc.publisher" value="Reuters Holdings Plc"/>
<dc element="dc.date.published" value="1997-06-02"/>
<dc element="dc.source" value="Reuters"/>
<dc element="dc.creator.location" value="CHICAGO"/>
<dc element="dc.creator.location.country.name" value="USA"/>
<dc element="dc.source" value="Reuters"/>
</metadata>
</newsitem>
