<?xml version="1.0" encoding="iso-8859-1" ?>
<newsitem itemid="629872" id="root" date="1997-06-02" xml:lang="en">
<title>USA: BASEBALL-MAJOR LEAGUE STANDINGS AFTER SUNDAY'S GAMES.</title>
<headline>BASEBALL-MAJOR LEAGUE STANDINGS AFTER SUNDAY'S GAMES.</headline>
<dateline>NEW YORK 1997-06-01</dateline>
<text>
<p>Standings of Major League</p>
<p>Baseball teams after games played on Sunday (tabulate under</p>
<p>wins, losses, winning percentage and games behind first):</p>
<p>		  AMERICAN LEAGUE</p>
<p>		   EAST DIVISION</p>
<p>			 W    L   PCT  GB</p>
<p> BALTIMORE	  36   15  .706   -</p>
<p> NY YANKEES	 30   25  .545   8</p>
<p> TORONTO	    26   26  .500  10 1/2</p>
<p> DETROIT	    25   28  .472  12</p>
<p> BOSTON	     22   30  .423  14 1/2</p>
<p>		   CENTRAL DIVISION</p>
<p>			 W    L   PCT  GB</p>
<p> CLEVELAND	  27   24  .529   -</p>
<p> MILWAUKEE	  26   25  .510   1</p>
<p> KANSAS CITY	24   28  .462   3 1/2</p>
<p> CHI WHITE SOX    23   29  .442   4 1/2</p>
<p> MINNESOTA	  24   31  .436   5</p>
<p>		   WEST DIVISION</p>
<p>			 W    L   PCT  GB</p>
<p> TEXAS		29   24  .547   -</p>
<p> ANAHEIM	    28   25  .528   1</p>
<p> SEATTLE	    28   27  .509   2</p>
<p> OAKLAND	    23   34  .404   8</p>
<p>MONDAY, JUNE 2 SCHEDULE</p>
<p> NY YANKEES AT BOSTON	 </p>
<p> CLEVELAND AT BALTIMORE     </p>
<p>CHI WHITE SOX AT MILWAUKEE </p>
<p> MINNESOTA AT TEXAS	   </p>
<p> DETROIT AT OAKLAND	   </p>
<p> TORONTO AT SEATTLE	   </p>
<p>		  NATIONAL LEAGUE</p>
<p>		   EAST DIVISION</p>
<p>			 W    L   PCT  GB</p>
<p> ATLANTA	    37   17  .685   -</p>
<p> FLORIDA	    31   22  .585   5 1/2</p>
<p> NY METS	    31   23  .574   6</p>
<p> MONTREAL	   28   25  .528   8 1/2</p>
<p> PHILADELPHIA     19   35  .352  18</p>
<p>		   CENTRAL DIVISION</p>
<p>			 W    L   PCT  GB</p>
<p> PITTSBURGH	 27   27  .500   -</p>
<p> HOUSTON	    26   29  .473   1 1/2</p>
<p> ST LOUIS	   24   29  .453   2 1/2</p>
<p> CHICAGO CUBS     22   32  .407   5</p>
<p> CINCINNATI	 20   35  .364   7 1/2</p>
<p>		   WEST DIVISION</p>
<p>			 W    L   PCT  GB</p>
<p> SAN FRANCISCO    31   22  .585   -</p>
<p> COLORADO	   30   24  .556   1 1/2</p>
<p> LOS ANGELES	27   26  .509   4</p>
<p> SAN DIEGO	  23   30  .434   8</p>
<p>MONDAY, JUNE 2 SCHEDULE</p>
<p> SAN FRANCISCO AT FLORIDA    </p>
<p>CINCINNATI AT PHILADELPHIA  </p>
<p> SAN DIEGO AT ATLANTA	  </p>
<p> MONTREAL AT NY METS	   </p>
<p>PITTSBURGH AT CHICAGO CUBS  </p>
<p> LOS ANGELES AT HOUSTON	</p>
<p> COLORADO AT ST LOUIS</p>
</text>
<copyright>(c) Reuters Limited 1997</copyright>
<metadata>
<codes class="bip:countries:1.0">
  <code code="USA">
    <editdetail attribution="Reuters BIP Coding Group" action="confirmed" date="1997-06-02"/>
  </code>
</codes>
<codes class="bip:topics:1.0">
  <code code="GCAT">
    <editdetail attribution="Reuters BIP Coding Group" action="confirmed" date="1997-06-02"/>
  </code>
  <code code="GSPO">
    <editdetail attribution="Reuters BIP Coding Group" action="confirmed" date="1997-06-02"/>
  </code>
</codes>
<dc element="dc.date.created" value="1997-06-01"/>
<dc element="dc.publisher" value="Reuters Holdings Plc"/>
<dc element="dc.date.published" value="1997-06-02"/>
<dc element="dc.source" value="Reuters"/>
<dc element="dc.creator.location" value="NEW YORK"/>
<dc element="dc.creator.location.country.name" value="USA"/>
<dc element="dc.source" value="Reuters"/>
</metadata>
</newsitem>
