<?xml version="1.0" encoding="iso-8859-1" ?>
<newsitem itemid="629848" id="root" date="1997-06-02" xml:lang="en">
<title>LITHUANIA: SOCCER-LITHUANIAN CHAMPIONSHIP RESULTS/STANDINGS.</title>
<headline>SOCCER-LITHUANIAN CHAMPIONSHIP RESULTS/STANDINGS.</headline>
<dateline>VILNIUS 1997-06-02</dateline>
<text>
<p>Results of Lithuanian soccer</p>
<p>championship matches played on Sunday:</p>
<p> Ekranas-Violmeta   2   Ekranas     0</p>
<p> Kaunas		 1   Zalgiris    2</p>
<p> Panerys		0   Kareda	2</p>
<p> Atlantas	     1   Inkaras     1</p>
<p>    Standings		P   W   D  L   F  A   Pts</p>
<p> 1. Kareda		   25  17  6  2  57  11  57</p>
<p> 2. Zalgiris		 25  17  4  4  55  16  55</p>
<p> 3. Inkaras		  25  14  8  3  39  14  50</p>
<p> 4. FBC Kaunas	     26  10  5 11  28  30  35</p>
<p> 5. Ekranas		  26   8  9  9  28  31  33</p>
<p> 6. Panerys		  25   4  7 14  15  39  19</p>
<p> 7. Atlantas		 25   4  5 16  18  58  17</p>
<p> 8. Zalgiris-Volmeta     25   3  4 18  15  56  13</p>
<p>Next round to be layed on June 15.</p>
</text>
<copyright>(c) Reuters Limited 1997</copyright>
<metadata>
<codes class="bip:countries:1.0">
  <code code="LITH">
    <editdetail attribution="Reuters BIP Coding Group" action="confirmed" date="1997-06-02"/>
  </code>
</codes>
<codes class="bip:topics:1.0">
  <code code="GCAT">
    <editdetail attribution="Reuters BIP Coding Group" action="confirmed" date="1997-06-02"/>
  </code>
  <code code="GSPO">
    <editdetail attribution="Reuters BIP Coding Group" action="confirmed" date="1997-06-02"/>
  </code>
</codes>
<dc element="dc.date.created" value="1997-06-02"/>
<dc element="dc.publisher" value="Reuters Holdings Plc"/>
<dc element="dc.date.published" value="1997-06-02"/>
<dc element="dc.source" value="Reuters"/>
<dc element="dc.creator.location" value="VILNIUS"/>
<dc element="dc.creator.location.country.name" value="LITHUANIA"/>
<dc element="dc.source" value="Reuters"/>
</metadata>
</newsitem>
