<?xml version="1.0" encoding="iso-8859-1" ?>
<newsitem itemid="629989" id="root" date="1997-06-02" xml:lang="en">
<title>LATVIA: OGRE TRIKOTAZA SOLD TO BALTIJAS HOLDINGS.</title>
<headline>OGRE TRIKOTAZA SOLD TO BALTIJAS HOLDINGS.</headline>
<dateline>RIGA 1997-06-02</dateline>
<text>
<p>The majority stake in the Ogre knitted garments factory was sold at auction to Baltijas holdings, represented by ex-ministers Eriks Kazha and Vasilii Melnik, the Diena newspaper reported on Monday.</p>
<p>Baltijas holdings bought 60 percent of the company together with its liabilities of some 10 million lats, for 10,001 lats, the newspaper said</p>
<p>The current balance sheet allows the debts to be capitalised, Diena writes.</p>
<p>Baltijas holdings already has a controlling stake in the Riga Shipyard, an official list company of the Riga bourse and Kvadrats, a local rubber producer.</p>
<p>-- Riga Newsroom, +371 721 5240</p>
</text>
<copyright>(c) Reuters Limited 1997</copyright>
<metadata>
<codes class="bip:countries:1.0">
  <code code="LATV">
    <editdetail attribution="Reuters BIP Coding Group" action="confirmed" date="1997-06-02"/>
  </code>
</codes>
<codes class="bip:industries:1.0">
  <code code="I45300">
    <editdetail attribution="Reuters BIP Coding Group" action="confirmed" date="1997-06-02"/>
  </code>
</codes>
<codes class="bip:topics:1.0">
  <code code="C18">
    <editdetail attribution="Reuters BIP Coding Group" action="confirmed" date="1997-06-02"/>
  </code>
  <code code="C183">
    <editdetail attribution="Reuters BIP Coding Group" action="confirmed" date="1997-06-02"/>
  </code>
  <code code="CCAT">
    <editdetail attribution="Reuters BIP Coding Group" action="confirmed" date="1997-06-02"/>
  </code>
</codes>
<dc element="dc.date.created" value="1997-06-02"/>
<dc element="dc.publisher" value="Reuters Holdings Plc"/>
<dc element="dc.date.published" value="1997-06-02"/>
<dc element="dc.source" value="Reuters"/>
<dc element="dc.creator.location" value="RIGA"/>
<dc element="dc.creator.location.country.name" value="LATVIA"/>
<dc element="dc.source" value="Reuters"/>
</metadata>
</newsitem>
