<?xml version="1.0" encoding="iso-8859-1" ?>
<newsitem itemid="629992" id="root" date="1997-06-02" xml:lang="en">
<title>ESTONIA: STATE BUDGET REVENUES AT 37.4 PCT AS OF MAY.</title>
<headline>STATE BUDGET REVENUES AT 37.4 PCT AS OF MAY.</headline>
<dateline>TALLINN 1997-06-02</dateline>
<text>
<p>Estonia's state budget had collected 37.4 percent of its yearly revenue plan as of the end of May compared to 35.9 percent in the same period in 1996, the ministry of finance said on Monday.</p>
<p>The state budget had collected 4.7 billion kroons by the end of May, it said in a statement.  </p>
<p>The budget had spent 4.6 billion kroons or 37 percent of its yearly plan.</p>
<p>In May, the budget collected 1.04 billion kroons or 8.31 percent of its yearly plan, the statement added..</p>
<p>-- Eva Palu, Tallinn Newsroom, +372 6209 201, reuters@reuters.ee</p>
</text>
<copyright>(c) Reuters Limited 1997</copyright>
<metadata>
<codes class="bip:countries:1.0">
  <code code="ESTNIA">
    <editdetail attribution="Reuters BIP Coding Group" action="confirmed" date="1997-06-02"/>
  </code>
</codes>
<codes class="bip:topics:1.0">
  <code code="E21">
    <editdetail attribution="Reuters BIP Coding Group" action="confirmed" date="1997-06-02"/>
  </code>
  <code code="E211">
    <editdetail attribution="Reuters BIP Coding Group" action="confirmed" date="1997-06-02"/>
  </code>
  <code code="ECAT">
    <editdetail attribution="Reuters BIP Coding Group" action="confirmed" date="1997-06-02"/>
  </code>
</codes>
<dc element="dc.date.created" value="1997-06-02"/>
<dc element="dc.publisher" value="Reuters Holdings Plc"/>
<dc element="dc.date.published" value="1997-06-02"/>
<dc element="dc.source" value="Reuters"/>
<dc element="dc.creator.location" value="TALLINN"/>
<dc element="dc.creator.location.country.name" value="ESTONIA"/>
<dc element="dc.source" value="Reuters"/>
</metadata>
</newsitem>
