<?xml version="1.0" encoding="iso-8859-1" ?>
<newsitem itemid="629934" id="root" date="1997-06-02" xml:lang="en">
<title>LATVIA: LATVIA - NOON RADIO HEADLINES - JUNE 2.</title>
<headline>LATVIA - NOON RADIO HEADLINES - JUNE 2.</headline>
<dateline>RIGA 1997-05-02</dateline>
<text>
<p>These are the main headlines of the news reported by Radio Latvia at noon on Monday. Reuters has not verified these reports and cannot vouch for their accuracy.</p>
<p>- An armed Latvian amry private who deserted at the week-end was arrested after a shoot-out with authorities.</p>
<p>- The Prosecutor's office has asked Germany to extradite Armands Stendzenieks, manager of the German-registed Zus Trading Rohstoff GmbH, who failed to return $18 million to Banka Baltija.</p>
<p>- Seven Latvian companies participate in the World Food Fair Moscow.</p>
<p>- The Dave Brubeck Jazz Quartet, currently on an East European tour, gives a concert in the Riga opera house today.</p>
<p>-- Riga Newsroom, +3721 5140</p>
</text>
<copyright>(c) Reuters Limited 1997</copyright>
<metadata>
<codes class="bip:countries:1.0">
  <code code="LATV">
    <editdetail attribution="Reuters BIP Coding Group" action="confirmed" date="1997-06-02"/>
  </code>
</codes>
<codes class="bip:topics:1.0">
  <code code="C12">
    <editdetail attribution="Reuters BIP Coding Group" action="confirmed" date="1997-06-02"/>
  </code>
  <code code="CCAT">
    <editdetail attribution="Reuters BIP Coding Group" action="confirmed" date="1997-06-02"/>
  </code>
  <code code="GCAT">
    <editdetail attribution="Reuters BIP Coding Group" action="confirmed" date="1997-06-02"/>
  </code>
</codes>
<dc element="dc.date.created" value="1997-05-02"/>
<dc element="dc.publisher" value="Reuters Holdings Plc"/>
<dc element="dc.date.published" value="1997-06-02"/>
<dc element="dc.source" value="Reuters"/>
<dc element="dc.creator.location" value="RIGA"/>
<dc element="dc.creator.location.country.name" value="LATVIA"/>
<dc element="dc.source" value="Reuters"/>
</metadata>
</newsitem>
