<?xml version="1.0" encoding="iso-8859-1" ?>
<newsitem itemid="629943" id="root" date="1997-06-02" xml:lang="en">
<title>HUNGARY: HUNGARY PARTY THREATENS REFERENDUM OVER LAND PLAN.</title>
<headline>HUNGARY PARTY THREATENS REFERENDUM OVER LAND PLAN.</headline>
<dateline>BUDAPEST 1997-06-02</dateline>
<text>
<p>Hungarian opposition party the Democratic Forum (MDF) will initiate a referendum if the government maintains its plan to allow the indirect purchase of farmland by foreigners, the party said on Monday.</p>
<p>The government said last week it planned to allow the purchase of farmland by Hungarian-registered companies regardless of the nationality of their owners.</p>
<p>Ibolya David, deputy head of the MDF fraction in the parliament told the Hungarian news agency MTI that all five opposition parties were against the planned move.</p>
<p>Under the constituion of Hungary, which has a population of 10.4 million, 100,000 signatures are required to call a referendum.</p>
<p>-- Budapest newsroom (36 1) 327 4040</p>
</text>
<copyright>(c) Reuters Limited 1997</copyright>
<metadata>
<codes class="bip:countries:1.0">
  <code code="HUNG">
    <editdetail attribution="Reuters BIP Coding Group" action="confirmed" date="1997-06-02"/>
  </code>
</codes>
<codes class="bip:industries:1.0">
  <code code="I01001">
    <editdetail attribution="Reuters BIP Coding Group" action="confirmed" date="1997-06-02"/>
  </code>
</codes>
<codes class="bip:topics:1.0">
  <code code="GCAT">
    <editdetail attribution="Reuters BIP Coding Group" action="confirmed" date="1997-06-02"/>
  </code>
  <code code="GPOL">
    <editdetail attribution="Reuters BIP Coding Group" action="confirmed" date="1997-06-02"/>
  </code>
</codes>
<dc element="dc.date.created" value="1997-06-02"/>
<dc element="dc.publisher" value="Reuters Holdings Plc"/>
<dc element="dc.date.published" value="1997-06-02"/>
<dc element="dc.source" value="Reuters"/>
<dc element="dc.creator.location" value="BUDAPEST"/>
<dc element="dc.creator.location.country.name" value="HUNGARY"/>
<dc element="dc.source" value="Reuters"/>
</metadata>
</newsitem>
