<?xml version="1.0" encoding="iso-8859-1" ?>
<newsitem itemid="629961" id="root" date="1997-06-02" xml:lang="en">
<title>LITHUANIA: YIELDS FALL ON 28-DAY T-BILLS.</title>
<headline>YIELDS FALL ON 28-DAY T-BILLS.</headline>
<dateline>VILNIUS 1997-06-02</dateline>
<text>
<p>Yields fell on 28-day Lithuanian</p>
<p>Treasury bills at Monday's auction and all of the 30 million</p>
<p>litas issue was sold as it was oversubscribed, the country's</p>
<p>central bank said.</p>
<p>The average yield was 7.87 percent, down from the 8.46</p>
<p>percent offered at the last auction for 28-day paper on April</p>
<p>22.</p>
<p>The settlement date is June 5 and the bills mature on July</p>
<p>3.</p>
<p>All amounts in millions of litas unless otherwise</p>
<p>specified.</p>
<p>SOLD  DEMAND  MATURITY  MIN/MAX YIELD (PCT)  AV YIELD  LAST</p>
<p>30    89.546  28 days   7.20/8.23		  7.87    8.46</p>
<p>-- Vilnius newsroom +370 2 22 35 18</p>
</text>
<copyright>(c) Reuters Limited 1997</copyright>
<metadata>
<codes class="bip:countries:1.0">
  <code code="LITH">
    <editdetail attribution="Reuters BIP Coding Group" action="confirmed" date="1997-06-02"/>
  </code>
</codes>
<codes class="bip:topics:1.0">
  <code code="M13">
    <editdetail attribution="Reuters BIP Coding Group" action="confirmed" date="1997-06-02"/>
  </code>
  <code code="M131">
    <editdetail attribution="Reuters BIP Coding Group" action="confirmed" date="1997-06-02"/>
  </code>
  <code code="MCAT">
    <editdetail attribution="Reuters BIP Coding Group" action="confirmed" date="1997-06-02"/>
  </code>
</codes>
<dc element="dc.date.created" value="1997-06-02"/>
<dc element="dc.publisher" value="Reuters Holdings Plc"/>
<dc element="dc.date.published" value="1997-06-02"/>
<dc element="dc.source" value="Reuters"/>
<dc element="dc.creator.location" value="VILNIUS"/>
<dc element="dc.creator.location.country.name" value="LITHUANIA"/>
<dc element="dc.source" value="Reuters"/>
</metadata>
</newsitem>
