<?xml version="1.0" encoding="iso-8859-1" ?>
<newsitem itemid="629913" id="root" date="1997-06-02" xml:lang="en">
<title>SOUTH AFRICA: S.AFRICA'S DE KLERK SAYS STRIKE BAD FOR INVESTMENT.</title>
<headline>S.AFRICA'S DE KLERK SAYS STRIKE BAD FOR INVESTMENT.</headline>
<dateline>JOHANNESBURG 1997-06-02</dateline>
<text>
<p>Opposition leader F.W. de Klerk said on Monday the Congress of South African Trade Union's one-day strike over planned labour laws was detrimental to the country's bid for foreign investment.   </p>
<p>Urging the African National Congress not to yield to pressure from the labour movement, de Klerk said the government's commitment to its Growth, Employment and Redistribution (GEAR) strategy was being tested.  </p>
<p>&quot;Cosatu is insisting on privileges which will exacerbate South Africa's lack of competitivity and which will inhibit new investment,&quot; de Klerk, the leader of the former ruling National Party, told the Cape Town Press Club.</p>
<p>&quot;The coming weeks and months will be the acid test of the ANC government's commitment to GEAR and economic growth. The time has arrived to cut the power of the unions down to size...</p>
<p>&quot;If the ANC fails us in this regard, all South Africans will pay dearly and our hopes of becoming a winning nation will evaporate,&quot; de Klerk said.</p>
<p>The 24-hour strike was called in protest against the planned Basic Conditions of Employment Bill, which was approved by the cabinet in April. </p>
<p>The bill sets a 45 hour working week and four months maternity leave. Cosatu, the biggest union federation with 1.9 million members, wants a 40 hour week, six months maternity leave and the minimum age for formal employment to be set at 18.</p>
<p>-- Cape Town newsroom +27 21 25-2238</p>
</text>
<copyright>(c) Reuters Limited 1997</copyright>
<metadata>
<codes class="bip:countries:1.0">
  <code code="SAFR">
    <editdetail attribution="Reuters BIP Coding Group" action="confirmed" date="1997-06-02"/>
  </code>
</codes>
<codes class="bip:topics:1.0">
  <code code="E41">
    <editdetail attribution="Reuters BIP Coding Group" action="confirmed" date="1997-06-02"/>
  </code>
  <code code="E51">
    <editdetail attribution="Reuters BIP Coding Group" action="confirmed" date="1997-06-02"/>
  </code>
  <code code="E511">
    <editdetail attribution="Reuters BIP Coding Group" action="confirmed" date="1997-06-02"/>
  </code>
  <code code="ECAT">
    <editdetail attribution="Reuters BIP Coding Group" action="confirmed" date="1997-06-02"/>
  </code>
  <code code="GCAT">
    <editdetail attribution="Reuters BIP Coding Group" action="confirmed" date="1997-06-02"/>
  </code>
  <code code="GJOB">
    <editdetail attribution="Reuters BIP Coding Group" action="confirmed" date="1997-06-02"/>
  </code>
</codes>
<dc element="dc.date.created" value="1997-06-02"/>
<dc element="dc.publisher" value="Reuters Holdings Plc"/>
<dc element="dc.date.published" value="1997-06-02"/>
<dc element="dc.source" value="Reuters"/>
<dc element="dc.creator.location" value="JOHANNESBURG"/>
<dc element="dc.creator.location.country.name" value="SOUTH AFRICA"/>
<dc element="dc.source" value="Reuters"/>
</metadata>
</newsitem>
