<?xml version="1.0" encoding="iso-8859-1" ?>
<newsitem itemid="630039" id="root" date="1997-06-02" xml:lang="en">
<title>UK: SAfrica sees GDP up 2.5%, rate policy &quot;wait &amp; see&quot;.</title>
<headline>SAfrica sees GDP up 2.5%, rate policy &quot;wait &amp; see&quot;.</headline>
<dateline>EDINBURGH 1997-06-02</dateline>
<text>
<p>South African finance minister Trevor Manuel said on Monday he expected gross domestic product to meet government estimates of 2.5 percent this year.</p>
<p>At the same time, James Cross, deputy governor of the South African Reserve Bank, said at a conference here that the central bank's policy on interest rates was still to &quot;wait and see&quot; awaiting developments on inflation.  </p>
<p>Manuel said the anticipation was that &quot;this year will be a year of consolidation&quot;. He added, &quot;We've done the bulk of our work for GDP estimates of 2.5 percent.&quot;</p>
<p>When asked at a news conference whether South Africa would meet the 2.5 percent target for GDP he said yes.</p>
<p>Cross said, &quot;We will have to open our economy to outward flows, otherwise we will suffer...as far as monetary policy is concerned. As far as interest rates are concerned, it is still a wait and see issue.</p>
<p>&quot;We need to wait and see the developments that will take place on the inflation front and the money creation front.&quot;  </p>
<p>-- Diane Craft in Edinburgh, London newsroom +44 171 542 6784</p>
</text>
<copyright>(c) Reuters Limited 1997</copyright>
<metadata>
<codes class="bip:countries:1.0">
  <code code="SAFR">
    <editdetail attribution="Reuters BIP Coding Group" action="confirmed" date="1997-06-02"/>
  </code>
  <code code="UK">
    <editdetail attribution="Reuters BIP Coding Group" action="confirmed" date="1997-06-02"/>
  </code>
</codes>
<codes class="bip:topics:1.0">
  <code code="E11">
    <editdetail attribution="Reuters BIP Coding Group" action="confirmed" date="1997-06-02"/>
  </code>
  <code code="ECAT">
    <editdetail attribution="Reuters BIP Coding Group" action="confirmed" date="1997-06-02"/>
  </code>
</codes>
<dc element="dc.date.created" value="1997-06-02"/>
<dc element="dc.publisher" value="Reuters Holdings Plc"/>
<dc element="dc.date.published" value="1997-06-02"/>
<dc element="dc.source" value="Reuters"/>
<dc element="dc.creator.location" value="EDINBURGH"/>
<dc element="dc.creator.location.country.name" value="UK"/>
<dc element="dc.source" value="Reuters"/>
</metadata>
</newsitem>
