<?xml version="1.0" encoding="iso-8859-1" ?>
<newsitem itemid="630011" id="root" date="1997-06-02" xml:lang="en">
<title>UK: IRA says it has dumped second Belfast mine.</title>
<headline>IRA says it has dumped second Belfast mine.</headline>
<dateline>BELFAST 1997-06-02</dateline>
<text>
<p>IRA guerrillas claimed on Monday night that they had abandoned a landmine near a British military base in the Northern Ireland capital Belfast.</p>
<p>A caller using an Irish Republican Army identity codeword telephoned a local radio station and gave a warning that the device had been dumped near Girdwood Barracks near the residential Antrim Road.</p>
<p>The caller, hinting that an attack had been aborted, said the mine was abandoned because civilians were nearby.</p>
<p>Police said that they were investigating the claim. Security sources said they would tread warily in case of booby traps. It might be daylight before it was established if the warning was genuine, they said.</p>
<p>It was the second such alert in the troubled province in just over 48 hours and came on the eve of the restart of multi- party talks aimed at easing a 28 year conflict about British rule in Northern Ireland.</p>
<p>The IRA ended a six week period of inactivity in the province on Saturday leaving a van packed with 500 kgs of explosives in a built-up area in the west of Belfast.</p>
<p>In a telephone call to a radio station, an IRA representative said their &quot;engineers&quot; had disarmed one of their own landmines before abandoning it.</p>
<p>Police said a lengthy &quot;clearance operation&quot; had revealed that the warning was a trap, intended to lure security forces into an ambush.</p>
<p>Youths set fire to a van that contained the explosives stuffed into two bins. The cache did not explode.</p>
<p>The ending of the IRA lull and the murder of a policeman, kicked to death by pro-British Protestants on Sunday, have cast a long shadow over the resumption of the talks chaired by former U.S.senator George Mitchell.</p>
<p>At least 10 people have been held for police questioning about the officer's murder.</p>
<p>Sinn Fein is barred because the party's IRA military ally has rejected international pleas for an immediate ceasefire.</p>
<p>The IRA is pledged to end British control of the province and merge it in an all-Ireland state ruled from Catholic Dublin. Majority Protestants are determined to stay British.</p>
</text>
<copyright>(c) Reuters Limited 1997</copyright>
<metadata>
<codes class="bip:countries:1.0">
  <code code="UK">
    <editdetail attribution="Reuters BIP Coding Group" action="confirmed" date="1997-06-02"/>
  </code>
</codes>
<codes class="bip:topics:1.0">
  <code code="GCAT">
    <editdetail attribution="Reuters BIP Coding Group" action="confirmed" date="1997-06-02"/>
  </code>
  <code code="GPOL">
    <editdetail attribution="Reuters BIP Coding Group" action="confirmed" date="1997-06-02"/>
  </code>
  <code code="GVIO">
    <editdetail attribution="Reuters BIP Coding Group" action="confirmed" date="1997-06-02"/>
  </code>
</codes>
<dc element="dc.date.created" value="1997-06-02"/>
<dc element="dc.publisher" value="Reuters Holdings Plc"/>
<dc element="dc.date.published" value="1997-06-02"/>
<dc element="dc.source" value="Reuters"/>
<dc element="dc.creator.location" value="BELFAST"/>
<dc element="dc.creator.location.country.name" value="UK"/>
<dc element="dc.source" value="Reuters"/>
</metadata>
</newsitem>
