<?xml version="1.0" encoding="iso-8859-1" ?>
<newsitem itemid="630050" id="root" date="1997-06-02" xml:lang="en">
<title>UK: Euro bancassurance pressure life companies -report.</title>
<headline>Euro bancassurance pressure life companies -report.</headline>
<dateline>LONDON 1997-06-02</dateline>
<text>
<p>The rapidly growing 'bancassurance' sector is squeezing the profit margins of traditional life insurance companies, management consultancy Datamonitor said in a report on Monday.</p>
<p>Many bancassurers gain their competitive edge in life insurance from tax advantages, the brand name of their parent bank, distribution networks and customer databases, Datamonitor said.</p>
<p>&quot;Although traditional insurers are catching up in terms of marketing, they are struggling to distribute their insurance as cheaply and as effectively,&quot; it added.</p>
<p>Bancassurers are usually owned by, or closely linked to, a bank and most concentrate on the sale of life insurance and pensions.</p>
<p>They now account for 19.2 percent of the European life and pensions market, according to the Datamonitor report 'Bancassurance in Europe.'</p>
<p>French companies accounted for $36.9 billion of Europe's bancassurance premium income in 1995, followed by Britain in second place with $6.3 billion and Spain with $5.4 billion.</p>
<p>Many European bancassurers achieved high growth rates in recent years, although UK companies tended to lag their counterparts elsewhere. Fifty-nine percent of bancassurers achieved average annual growth rates of over 25 percent between 1992 and 1995.</p>
<p>The top 10 by premium income in Europe in 1995 were French companies Predicia, Ecureuil Vie, Natio Vie, Sogecap &amp; Sogenal, ACM, UAF, Fructivie, Socapi, Dutch company Interpolis and the UK's NatWest Life.</p>
<p>-- Reuters Insurance News +44 171 542 2769</p>
</text>
<copyright>(c) Reuters Limited 1997</copyright>
<metadata>
<codes class="bip:countries:1.0">
  <code code="UK">
    <editdetail attribution="Reuters BIP Coding Group" action="confirmed" date="1997-06-02"/>
  </code>
</codes>
<codes class="bip:industries:1.0">
  <code code="I81402">
    <editdetail attribution="Reuters BIP Coding Group" action="confirmed" date="1997-06-02"/>
  </code>
  <code code="I82002">
    <editdetail attribution="Reuters BIP Coding Group" action="confirmed" date="1997-06-02"/>
  </code>
</codes>
<codes class="bip:topics:1.0">
  <code code="C15">
    <editdetail attribution="Reuters BIP Coding Group" action="confirmed" date="1997-06-02"/>
  </code>
  <code code="C151">
    <editdetail attribution="Reuters BIP Coding Group" action="confirmed" date="1997-06-02"/>
  </code>
  <code code="C21">
    <editdetail attribution="Reuters BIP Coding Group" action="confirmed" date="1997-06-02"/>
  </code>
  <code code="C31">
    <editdetail attribution="Reuters BIP Coding Group" action="confirmed" date="1997-06-02"/>
  </code>
  <code code="CCAT">
    <editdetail attribution="Reuters BIP Coding Group" action="confirmed" date="1997-06-02"/>
  </code>
</codes>
<dc element="dc.date.created" value="1997-06-02"/>
<dc element="dc.publisher" value="Reuters Holdings Plc"/>
<dc element="dc.date.published" value="1997-06-02"/>
<dc element="dc.source" value="Reuters"/>
<dc element="dc.creator.location" value="LONDON"/>
<dc element="dc.creator.location.country.name" value="UK"/>
<dc element="dc.source" value="Reuters"/>
</metadata>
</newsitem>
