<?xml version="1.0" encoding="iso-8859-1" ?>
<newsitem itemid="668882" id="root" date="1997-06-18" xml:lang="en">
<title>USA: Lotto World no longer listed on Nasdaq.</title>
<headline>Lotto World no longer listed on Nasdaq.</headline>
<dateline>NAPLES, Fla. 1997-06-18</dateline>
<text>
<p>Lotto World Inc said Wednesday trading in its common shares will be conducted on the over-the-counter Bulletin Board, and its common stock will no longer be listed on the Nasdaq SmallCap Market.</p>
<p>The company said it is continuing to seek capital to fund current and future operations and that it is in the process of negotiating capital investments with several firms.</p>
<p>The company said it will &quot;continue every effort to conserve available capital&quot; since it cannot assure a deal will be completed.</p>
<p>LottoWorld also said it has responded to a bid from the California Lottery to publish a minimum of 1.8 million copies per month of a California Lottery Digest magazine under an exclusive contract.</p>
<p>It expects the California Lottery will award the contract to the winning bidder within 90 days.</p>
<p>((New York Newsdesk 212 859 1610))</p>
</text>
<copyright>(c) Reuters Limited 1997</copyright>
<metadata>
<codes class="bip:countries:1.0">
  <code code="USA">
    <editdetail attribution="Reuters BIP Coding Group" action="confirmed" date="1997-06-18"/>
  </code>
</codes>
<codes class="bip:industries:1.0">
  <code code="I97912">
    <editdetail attribution="Reuters BIP Coding Group" action="confirmed" date="1997-06-18"/>
  </code>
</codes>
<codes class="bip:topics:1.0">
  <code code="C14">
    <editdetail attribution="Reuters BIP Coding Group" action="confirmed" date="1997-06-18"/>
  </code>
  <code code="C33">
    <editdetail attribution="Reuters BIP Coding Group" action="confirmed" date="1997-06-18"/>
  </code>
  <code code="CCAT">
    <editdetail attribution="Reuters BIP Coding Group" action="confirmed" date="1997-06-18"/>
  </code>
</codes>
<dc element="dc.date.created" value="1997-06-18"/>
<dc element="dc.publisher" value="Reuters Holdings Plc"/>
<dc element="dc.date.published" value="1997-06-18"/>
<dc element="dc.source" value="Reuters"/>
<dc element="dc.creator.location" value="NAPLES, Fla."/>
<dc element="dc.creator.location.country.name" value="USA"/>
<dc element="dc.source" value="Reuters"/>
</metadata>
</newsitem>
