<?xml version="1.0" encoding="iso-8859-1" ?>
<newsitem itemid="668883" id="root" date="1997-06-18" xml:lang="en">
<title>USA: Genesis Health aims to improve debt ratios.</title>
<headline>Genesis Health aims to improve debt ratios.</headline>
<dateline>NEW YORK 1997-06-18</dateline>
<text>
<p>Genesis Health Ventures Inc, which disclosed earlier this week it was teaming with two investment firms to buy Multicare Co Inc for $1.4 billion, said it was in the midst of various activities to improve its debt ratios.</p>
<p>Genesis Chief Financial Officer George Hager Jr told a Dillon Read analyst meeting: &quot;We have previously expressed our intention to deleverage...These activities are ongoing. We expect $100 million in deleveraging activities to take place by the time the transaction closes.&quot;  </p>
<p>The deal calls for Genesis based in Kennett Square, Pennsylvania, to join with private investment firms Cypress Group LLC and Texas Pacific Group to start a $28 per share tender offer for Multicare.</p>
<p>Under the agreement, Genesis will invest $300 million in exchange for about 42 percent of the new acquisition venture and Cypress and Texas Pacific will invest $420 million for the remaining 58 percent.  </p>
<p>Sources of the $1.4 billion purchase price would be $545 million in senior debt, $200 million in senior subordinated debt and $719 million in equity from Genesis, Cypress and Texas Pacific, Hagar said.</p>
<p>Genesis would buy Multicare's therapy business with cash, using $20 million in Genesis' net after-tax proceeds, he said.</p>
<p>&quot;The new company's debt would be non-recourse to Genesis despite the fact that the acquisition was required to be consolidated,&quot; Hagar said.</p>
<p>Genesis will have the option to acquire the equity of the new company from Cypress and Texas Pacific after four years and Cypress and Texas Pacific will have the option to sell the equity of the new company to Genesis after five years.</p>
<p>Hager said the deal also included a five year management agreement to run all of the operations of the new company and a shareholder rights plan.</p>
</text>
<copyright>(c) Reuters Limited 1997</copyright>
<metadata>
<codes class="bip:countries:1.0">
  <code code="USA">
    <editdetail attribution="Reuters BIP Coding Group" action="confirmed" date="1997-06-18"/>
  </code>
</codes>
<codes class="bip:industries:1.0">
  <code code="I83100">
    <editdetail attribution="Reuters BIP Coding Group" action="confirmed" date="1997-06-18"/>
  </code>
  <code code="I95100">
    <editdetail attribution="Reuters BIP Coding Group" action="confirmed" date="1997-06-18"/>
  </code>
</codes>
<codes class="bip:topics:1.0">
  <code code="C17">
    <editdetail attribution="Reuters BIP Coding Group" action="confirmed" date="1997-06-18"/>
  </code>
  <code code="C18">
    <editdetail attribution="Reuters BIP Coding Group" action="confirmed" date="1997-06-18"/>
  </code>
  <code code="C181">
    <editdetail attribution="Reuters BIP Coding Group" action="confirmed" date="1997-06-18"/>
  </code>
  <code code="CCAT">
    <editdetail attribution="Reuters BIP Coding Group" action="confirmed" date="1997-06-18"/>
  </code>
</codes>
<dc element="dc.date.created" value="1997-06-18"/>
<dc element="dc.publisher" value="Reuters Holdings Plc"/>
<dc element="dc.date.published" value="1997-06-18"/>
<dc element="dc.source" value="Reuters"/>
<dc element="dc.creator.location" value="NEW YORK"/>
<dc element="dc.creator.location.country.name" value="USA"/>
<dc element="dc.source" value="Reuters"/>
</metadata>
</newsitem>
