<?xml version="1.0" encoding="iso-8859-1" ?>
<newsitem itemid="668890" id="root" date="1997-06-18" xml:lang="en">
<title>USA: Franklin Covey Co Q3 May 31 net falls.</title>
<headline>Franklin Covey Co Q3 May 31 net falls.</headline>
<dateline>SALT LAKE CITY 1997-06-18</dateline>
<text>
<p>1997			1996</p>
<p> Shr			  $0.15		    $0.28</p>
<p> Net			  3,127		    6,285</p>
<p> Revs			79,840		   72,465</p>
<p> Avg shrs		  20,537		   22,447</p>
<p>	   9 MONTHS</p>
<p> Shr			  $1.41		    $1.42</p>
<p> Net			 29,195		   32,067</p>
<p> Revs		     288,175		  257,938</p>
<p> Avg shrs		  20,742		   22,583</p>
<p>(All data above 000s except per share numbers)</p>
<p>NOTE: Results do not include Covey Leadership Center's financial results. Covvey Leadership was acquired by the company on May 30, 1997.</p>
</text>
<copyright>(c) Reuters Limited 1997</copyright>
<metadata>
<codes class="bip:countries:1.0">
  <code code="USA">
    <editdetail attribution="Reuters BIP Coding Group" action="confirmed" date="1997-06-18"/>
  </code>
</codes>
<codes class="bip:industries:1.0">
  <code code="I83954">
    <editdetail attribution="Reuters BIP Coding Group" action="confirmed" date="1997-06-18"/>
  </code>
</codes>
<codes class="bip:topics:1.0">
  <code code="C15">
    <editdetail attribution="Reuters BIP Coding Group" action="confirmed" date="1997-06-18"/>
  </code>
  <code code="C151">
    <editdetail attribution="Reuters BIP Coding Group" action="confirmed" date="1997-06-18"/>
  </code>
  <code code="CCAT">
    <editdetail attribution="Reuters BIP Coding Group" action="confirmed" date="1997-06-18"/>
  </code>
</codes>
<dc element="dc.date.created" value="1997-06-18"/>
<dc element="dc.publisher" value="Reuters Holdings Plc"/>
<dc element="dc.date.published" value="1997-06-18"/>
<dc element="dc.source" value="Reuters"/>
<dc element="dc.creator.location" value="SALT LAKE CITY"/>
<dc element="dc.creator.location.country.name" value="USA"/>
<dc element="dc.source" value="Reuters"/>
</metadata>
</newsitem>
