<?xml version="1.0" encoding="iso-8859-1" ?>
<newsitem itemid="668955" id="root" date="1997-06-18" xml:lang="en">
<title>USA: INSIGHT - U.S. stocks seen with solid underpinning.</title>
<headline>INSIGHT - U.S. stocks seen with solid underpinning.</headline>
<byline>Richard Jacobsen</byline>
<dateline>NEW YORK 1997-06-18</dateline>
<text>
<p>A jump in the number of stocks hitting new highs, strength in financial shares and positive market breadth indicate U.S. stocks have a solid underpinning technical analysts said on Wednesday.</p>
<p>While stocks may pause and consolidate in the near-term, market internals are not flashing major warning signs of a sharp pullback ahead, the technicians said.  </p>
<p>The Dow was off about 45 points at 7715 in late afternoon trading on Wednesday after posting small losses on Monday and Tuesday.</p>
<p>Last week the Dow capped a six-session run of record highs, closing Friday at 7782. That rally brought the Dow up almost 1,400 points, or 22 percent, from its 1997 low of 6392 on April 11.</p>
<p>&quot;Markets don't go down just because they're up a lot,&quot; said Frank Gretz, technical analyst at Shields &amp; Co.  </p>
<p>&quot;They go down when they start to lose participation, or people get too enthusiastic, or you get the Dow stocks going up and not the majority of stocks, and that hasn't happened,&quot; he added.</p>
<p>Last week 878 stocks on the New York Stock Exchange hit new highs.</p>
<p>Ken Tower, technical analyst at UST Securities, said its the most weekly new highs on the NYSE since the week of November 5, 1982.  </p>
<p>In past bull markets, peaks in weekly new highs have led major market tops by an average of 34 weeks, said Joseph Barthel, director of investment strategy at Fahnestock, in a report citing Ned Davis Research.</p>
<p>The data &quot;suggests that we should not be at a risk of recording a final bull market high until at least mid-February 1998,&quot; Barthel said.</p>
<p>Gretz also said the recent breakout by financial stocks was a further indication the market may not have peaked.</p>
<p>&quot;Historically financial stocks usually peak several months before the overall market,&quot; he said.  </p>
<p>Analysts said the breadth of the recent rally, with advancing issues soundly outnumbering decliners in recent sessions, is another bullish sign.</p>
<p>Tower said he was looking to buy on market dips on the view that they will not be extended.</p>
<p>&quot;Even if (Friday's close) was the top, you're not going to have a serious decline for five or six months,&quot; he said. &quot;The worst case scenario is you go flat. If that's your worst case scenario, then it's just a matter of being in the right stocks.&quot;</p>
<p>((--Wall St Desk, 212-859-1721))</p>
</text>
<copyright>(c) Reuters Limited 1997</copyright>
<metadata>
<codes class="bip:countries:1.0">
  <code code="USA">
    <editdetail attribution="Reuters BIP Coding Group" action="confirmed" date="1997-06-18"/>
  </code>
</codes>
<codes class="bip:topics:1.0">
  <code code="M11">
    <editdetail attribution="Reuters BIP Coding Group" action="confirmed" date="1997-06-18"/>
  </code>
  <code code="MCAT">
    <editdetail attribution="Reuters BIP Coding Group" action="confirmed" date="1997-06-18"/>
  </code>
</codes>
<dc element="dc.date.created" value="1997-06-18"/>
<dc element="dc.publisher" value="Reuters Holdings Plc"/>
<dc element="dc.date.published" value="1997-06-18"/>
<dc element="dc.source" value="Reuters"/>
<dc element="dc.creator.location" value="NEW YORK"/>
<dc element="dc.creator.location.country.name" value="USA"/>
<dc element="dc.source" value="Reuters"/>
</metadata>
</newsitem>
