<?xml version="1.0" encoding="iso-8859-1" ?>
<newsitem itemid="668958" id="root" date="1997-06-18" xml:lang="en">
<title>USA: C-TEC hits year high after IRS ruling on spin-off.</title>
<headline>C-TEC hits year high after IRS ruling on spin-off.</headline>
<dateline>PRINCETON, N.J. 1997-06-18</dateline>
<text>
<p>Shares in C-TEC Corp rose to a new year high on Wednesday after the U.S. Internal Revenue Service approved company plans for a tax-free spin-off into three separate, publicly traded companies.</p>
<p>C-TEC was up 1-7/8 to 33-1/8 in late afternoon trading. Its previous year high was 32.</p>
<p>C-TEC's RCN unit, which would become a separate telecommunications company under the spin-off proposal, on Wednesday began running full-page print advertisements in Boston and New York, offering cable, Internet and local and long-distance telephone service to residential customers.  </p>
<p>C-TEC last month reported a first-quarter loss of $0.27 per share, and chairman and chief executive, David McCourt, said RCN would not immediately be profitable on its own.</p>
<p>&quot;You'll have losses at RCN while we're building network,&quot; McCourt said.</p>
<p>After the spin-off, McCourt will become chairman and chief executive of RCN, which he said plans to challenge cable and local-phone companies.</p>
<p>McCourt said RCN already has 50,000 customers in Boston and New York and plans to acquire more with its year-long, $10 million ad campaign, which includes television spots.</p>
<p>He said the company is building an $8 billion fiber-optic network that eventually will stretch from Boston to Washington.</p>
<p>All three C-TEC spin-offs are to be traded publicly, probably on Nasdaq.</p>
<p>C-TEC's cable operations in Michigan and local telephone operations in Pennsylvania also are to be spun off to shareholders, in a deal expected to close by year's end.</p>
</text>
<copyright>(c) Reuters Limited 1997</copyright>
<metadata>
<codes class="bip:countries:1.0">
  <code code="USA">
    <editdetail attribution="Reuters BIP Coding Group" action="confirmed" date="1997-06-18"/>
  </code>
</codes>
<codes class="bip:industries:1.0">
  <code code="I79020">
    <editdetail attribution="Reuters BIP Coding Group" action="confirmed" date="1997-06-18"/>
  </code>
</codes>
<codes class="bip:topics:1.0">
  <code code="C11">
    <editdetail attribution="Reuters BIP Coding Group" action="confirmed" date="1997-06-18"/>
  </code>
  <code code="C13">
    <editdetail attribution="Reuters BIP Coding Group" action="confirmed" date="1997-06-18"/>
  </code>
  <code code="C15">
    <editdetail attribution="Reuters BIP Coding Group" action="confirmed" date="1997-06-18"/>
  </code>
  <code code="C152">
    <editdetail attribution="Reuters BIP Coding Group" action="confirmed" date="1997-06-18"/>
  </code>
  <code code="C18">
    <editdetail attribution="Reuters BIP Coding Group" action="confirmed" date="1997-06-18"/>
  </code>
  <code code="C181">
    <editdetail attribution="Reuters BIP Coding Group" action="confirmed" date="1997-06-18"/>
  </code>
  <code code="CCAT">
    <editdetail attribution="Reuters BIP Coding Group" action="confirmed" date="1997-06-18"/>
  </code>
</codes>
<dc element="dc.date.created" value="1997-06-18"/>
<dc element="dc.publisher" value="Reuters Holdings Plc"/>
<dc element="dc.date.published" value="1997-06-18"/>
<dc element="dc.source" value="Reuters"/>
<dc element="dc.creator.location" value="PRINCETON, N.J."/>
<dc element="dc.creator.location.country.name" value="USA"/>
<dc element="dc.source" value="Reuters"/>
</metadata>
</newsitem>
