<?xml version="1.0" encoding="iso-8859-1" ?>
<newsitem itemid="668902" id="root" date="1997-06-18" xml:lang="en">
<title>USA: Signal Technology sees weak Q2 results.</title>
<headline>Signal Technology sees weak Q2 results.</headline>
<dateline>SUNNYVALE, Calif. 1997-06-18</dateline>
<text>
<p>Signal Technology Corp warned Wednesday that revenues and earnings for its second fiscal quarter will be below expectations.</p>
<p>A company spokesman said earnings per share and revenues will fall below previous expectations of $0.08 a share and $30.6 million.</p>
<p>&quot;We expect sales and margins for the second quarter of 1997 to be lower than those reported for the first quarter of this year,&quot; said Chairman and Chief Executive Dale Peterson.</p>
<p>In the first quarter, Signal earned $0.10 a share on revenues of $27 million. In the year-ago second quarter the company earned $0.02 a share on revenues of $27.3 million.</p>
<p>&quot;This situation was caused by difficulties encountered on several contracts as they end their development phase,&quot; Peterson said.</p>
<p>&quot;However, our backlog remains strong and we expect solid performance in the third and fourth quarters.&quot;</p>
</text>
<copyright>(c) Reuters Limited 1997</copyright>
<metadata>
<codes class="bip:countries:1.0">
  <code code="USA">
    <editdetail attribution="Reuters BIP Coding Group" action="confirmed" date="1997-06-18"/>
  </code>
</codes>
<codes class="bip:industries:1.0">
  <code code="I34420">
    <editdetail attribution="Reuters BIP Coding Group" action="confirmed" date="1997-06-18"/>
  </code>
</codes>
<codes class="bip:topics:1.0">
  <code code="C15">
    <editdetail attribution="Reuters BIP Coding Group" action="confirmed" date="1997-06-18"/>
  </code>
  <code code="C152">
    <editdetail attribution="Reuters BIP Coding Group" action="confirmed" date="1997-06-18"/>
  </code>
  <code code="CCAT">
    <editdetail attribution="Reuters BIP Coding Group" action="confirmed" date="1997-06-18"/>
  </code>
</codes>
<dc element="dc.date.created" value="1997-06-18"/>
<dc element="dc.publisher" value="Reuters Holdings Plc"/>
<dc element="dc.date.published" value="1997-06-18"/>
<dc element="dc.source" value="Reuters"/>
<dc element="dc.creator.location" value="SUNNYVALE, Calif."/>
<dc element="dc.creator.location.country.name" value="USA"/>
<dc element="dc.source" value="Reuters"/>
</metadata>
</newsitem>
