<?xml version="1.0" encoding="iso-8859-1" ?>
<newsitem itemid="668984" id="root" date="1997-06-18" xml:lang="en">
<title>USA: Duke Power, PanEnergy merger done.</title>
<headline>Duke Power, PanEnergy merger done.</headline>
<dateline>CHARLOTTE, N.C. 1997-06-18</dateline>
<text>
<p>Duke Power Co and PanEnergy Corp said Wednesday they completed their previously announced merger and are now operating as Duke Energy Corp.</p>
<p>The merger called for each share of Houston-based PanEnergy to be converted into 1.0444 shares of Duke Energy stock, they said. Duke Power shareholders need take no action as Duke Power shares will represent Duke Energy shares.</p>
<p>Duke Energy said it will continue to trade under Duke Power's symbol on the New York Stock Exchange.  </p>
<p>The $7.7 billion merger fuses PanEnergy's natural gas pipeline and services businesses with Duke Power's electric operations, creating a company with annual revenues greater than $12 billion, assets of $20 billon and a worldwide workforce of 22,000 people.</p>
<p>Duke Energy will be divided into four divisions, the company said. Its Duke Power unit will remain anchored in Charlotte, serving 1.8 million customers in the Carolinas.  </p>
<p>Duke's Energy Services unit, housed in Houston, will offer a range of energy products and services to U.S. and international markets, including electricity and natural gas marketing; plant construction, operation and investment; and engineering and energy services consulting.</p>
<p>The company's Energy Transmission unit, also in Houston, will provide access to major domestic natural gas supply basins through its pipeline network to markets in the Midwest, Mid-Atlantic and Northeast states.</p>
<p>The Diversified Operations unit, based in Charlotte, wll handle non-energy related activities, including Crescent Resources Inc, a realty company, and DukeNet Communications, a telecommunications business.</p>
<p>((New York Newsdesk 212 859 1610))</p>
</text>
<copyright>(c) Reuters Limited 1997</copyright>
<metadata>
<codes class="bip:countries:1.0">
  <code code="USA">
    <editdetail attribution="Reuters BIP Coding Group" action="confirmed" date="1997-06-18"/>
  </code>
</codes>
<codes class="bip:industries:1.0">
  <code code="I16100">
    <editdetail attribution="Reuters BIP Coding Group" action="confirmed" date="1997-06-18"/>
  </code>
  <code code="I16200">
    <editdetail attribution="Reuters BIP Coding Group" action="confirmed" date="1997-06-18"/>
  </code>
</codes>
<codes class="bip:topics:1.0">
  <code code="C18">
    <editdetail attribution="Reuters BIP Coding Group" action="confirmed" date="1997-06-18"/>
  </code>
  <code code="C181">
    <editdetail attribution="Reuters BIP Coding Group" action="confirmed" date="1997-06-18"/>
  </code>
  <code code="CCAT">
    <editdetail attribution="Reuters BIP Coding Group" action="confirmed" date="1997-06-18"/>
  </code>
</codes>
<dc element="dc.date.created" value="1997-06-18"/>
<dc element="dc.publisher" value="Reuters Holdings Plc"/>
<dc element="dc.date.published" value="1997-06-18"/>
<dc element="dc.source" value="Reuters"/>
<dc element="dc.creator.location" value="CHARLOTTE, N.C."/>
<dc element="dc.creator.location.country.name" value="USA"/>
<dc element="dc.source" value="Reuters"/>
</metadata>
</newsitem>
