<?xml version="1.0" encoding="iso-8859-1" ?>
<newsitem itemid="668985" id="root" date="1997-06-18" xml:lang="en">
<title>USA: Boston Fed chief does not see much wage pressures.</title>
<headline>Boston Fed chief does not see much wage pressures.</headline>
<dateline>CHATHAM, Mass. 1997-06-18</dateline>
<text>
<p>The U.S. economy is not showing strong upward wage pressures despite a very low unemployment rate, said the president of the Federal Reserve Bank of Boston, Cathy Minehan.</p>
<p>&quot;I don't think we're seeing a whole lot of wage pressures yet,&quot; she told reporters here following a conference on Social Security sponsored by the Federal Reserve Bank of Boston.  </p>
<p>Minehan also said she expected the economy to show a more robust rate of growth in the second half of the year than the rate of growth expected for the second quarter.</p>
<p>Many Wall Street economists currently expect the U.S. second quarter Gross Domestic Product (GDP) to post a substantially slower growth rate than the 5.8 percent surge seen in the first quarter.</p>
<p>&quot;I don't think we're headed for the rest of the year to be as slow as the second quarter,&quot; the Boston Fed head said.</p>
<p>Minehan said her forecasts were based on expectations for continued low unemployment, high consumer confidence and rising income levels.</p>
<p>&quot;All the components for a fairly solid rate of growth are there,&quot; Minehan said.</p>
<p>((-- Michael Ellis, 212-859-1660))</p>
</text>
<copyright>(c) Reuters Limited 1997</copyright>
<metadata>
<codes class="bip:countries:1.0">
  <code code="USA">
    <editdetail attribution="Reuters BIP Coding Group" action="confirmed" date="1997-06-18"/>
  </code>
</codes>
<codes class="bip:topics:1.0">
  <code code="E11">
    <editdetail attribution="Reuters BIP Coding Group" action="confirmed" date="1997-06-18"/>
  </code>
  <code code="E41">
    <editdetail attribution="Reuters BIP Coding Group" action="confirmed" date="1997-06-18"/>
  </code>
  <code code="E411">
    <editdetail attribution="Reuters BIP Coding Group" action="confirmed" date="1997-06-18"/>
  </code>
  <code code="ECAT">
    <editdetail attribution="Reuters BIP Coding Group" action="confirmed" date="1997-06-18"/>
  </code>
  <code code="GCAT">
    <editdetail attribution="Reuters BIP Coding Group" action="confirmed" date="1997-06-18"/>
  </code>
  <code code="GJOB">
    <editdetail attribution="Reuters BIP Coding Group" action="confirmed" date="1997-06-18"/>
  </code>
</codes>
<dc element="dc.date.created" value="1997-06-18"/>
<dc element="dc.publisher" value="Reuters Holdings Plc"/>
<dc element="dc.date.published" value="1997-06-18"/>
<dc element="dc.source" value="Reuters"/>
<dc element="dc.creator.location" value="CHATHAM, Mass."/>
<dc element="dc.creator.location.country.name" value="USA"/>
<dc element="dc.source" value="Reuters"/>
</metadata>
</newsitem>
