<?xml version="1.0" encoding="iso-8859-1" ?>
<newsitem itemid="668979" id="root" date="1997-06-18" xml:lang="en">
<title>USA: Dauphin Deposit names unit president.</title>
<headline>Dauphin Deposit names unit president.</headline>
<dateline>BALTIMORE 1997-06-18</dateline>
<text>
<p>Dauphin Deposit Corp said Wednesday that Susan Keating has been named president and chief executive of Dauphin Deposit Bank and Trust Co, succeeding Christopher Jennings, who announced his retirement earlier this week.</p>
<p>Dauphin said Keating's appointment takes effect July 8, when Allied Irish Banks Plc is scheduled to complete its acquisition of Dauphin Deposit Corp.  </p>
<p>Dauphin Deposit is to be a subsidiary of AIB's U.S. bank holding company, First Maryland Bancorp, after the merger.</p>
<p>Dauphin said Keating is currently executive vice president and head of the retail bank for First Maryland. She will manage Dauphin Deposit Bank and its divisions, Bank of Pennsylvania, Farmers Bank and Valleybank, and First Maryland subsidiary, York Bank and Trust Co, in her new role, the bank said.</p>
</text>
<copyright>(c) Reuters Limited 1997</copyright>
<metadata>
<codes class="bip:countries:1.0">
  <code code="USA">
    <editdetail attribution="Reuters BIP Coding Group" action="confirmed" date="1997-06-18"/>
  </code>
</codes>
<codes class="bip:industries:1.0">
  <code code="I81402">
    <editdetail attribution="Reuters BIP Coding Group" action="confirmed" date="1997-06-18"/>
  </code>
</codes>
<codes class="bip:topics:1.0">
  <code code="C41">
    <editdetail attribution="Reuters BIP Coding Group" action="confirmed" date="1997-06-18"/>
  </code>
  <code code="C411">
    <editdetail attribution="Reuters BIP Coding Group" action="confirmed" date="1997-06-18"/>
  </code>
  <code code="CCAT">
    <editdetail attribution="Reuters BIP Coding Group" action="confirmed" date="1997-06-18"/>
  </code>
</codes>
<dc element="dc.date.created" value="1997-06-18"/>
<dc element="dc.publisher" value="Reuters Holdings Plc"/>
<dc element="dc.date.published" value="1997-06-18"/>
<dc element="dc.source" value="Reuters"/>
<dc element="dc.creator.location" value="BALTIMORE"/>
<dc element="dc.creator.location.country.name" value="USA"/>
<dc element="dc.source" value="Reuters"/>
</metadata>
</newsitem>
