<?xml version="1.0" encoding="iso-8859-1" ?>
<newsitem itemid="668927" id="root" date="1997-06-18" xml:lang="en">
<title>USA: U.S. stock index futures end sluggish day lower.</title>
<headline>U.S. stock index futures end sluggish day lower.</headline>
<dateline>CHICAGO 1997-06-18</dateline>
<text>
<p>U.S. stock index futures finished a sluggish session with fairly large losses, pressured by sentiment that gains in recent weeks had left the market overbought.</p>
<p>Weakness in the bond market also fueled selling in early dealings, but a recovery in bonds in afternoon trade had little impact on futures.</p>
<p>&quot;Bonds came charging back to the plus side and we were languishing,&quot; said Kevin O'Brien, stock index futures analyst on the Chicago Mercantile Exchange floor for Prudential Securities. &quot;That worries me.&quot;  </p>
<p>However, in order for the bearish tone to remain intact, O'Brien said the September S&amp;P 500 contract would have needed to close below 898.00. September S&amp;Ps closed at 899.30.</p>
<p>In fact, the September contract rallied in afternoon dealings to reach a new session high but quickly came off as selling resumed, hovering near midrange the remainder of the session.</p>
<p>With the uncertain outlook in the near term, one S&amp;P trader said the contract high of 908.50 in September S&amp;Ps is likely to hold &quot;for the next couple of days, if not for the next couple of weeks.&quot;  </p>
<p>Prices are likely to remain rangebound as the so-called triple expiration, which sometimes lead to choppy trading conditions, begins tomorrow at the close, .</p>
<p>June contracts in stock index futures, options and individual equity options begin their expirations at the close Thursday and finish at the close Friday.</p>
<p>Traders said there has been little talk of a directional bias to the expiration, other than the seasonal-type upward bias that has been associated in the two weeks surrounding the last several quarterly expirations.</p>
</text>
<copyright>(c) Reuters Limited 1997</copyright>
<metadata>
<codes class="bip:countries:1.0">
  <code code="USA">
    <editdetail attribution="Reuters BIP Coding Group" action="confirmed" date="1997-06-18"/>
  </code>
</codes>
<codes class="bip:topics:1.0">
  <code code="M11">
    <editdetail attribution="Reuters BIP Coding Group" action="confirmed" date="1997-06-18"/>
  </code>
  <code code="MCAT">
    <editdetail attribution="Reuters BIP Coding Group" action="confirmed" date="1997-06-18"/>
  </code>
</codes>
<dc element="dc.date.created" value="1997-06-18"/>
<dc element="dc.publisher" value="Reuters Holdings Plc"/>
<dc element="dc.date.published" value="1997-06-18"/>
<dc element="dc.source" value="Reuters"/>
<dc element="dc.creator.location" value="CHICAGO"/>
<dc element="dc.creator.location.country.name" value="USA"/>
<dc element="dc.source" value="Reuters"/>
</metadata>
</newsitem>
