<?xml version="1.0" encoding="iso-8859-1" ?>
<newsitem itemid="668914" id="root" date="1997-06-18" xml:lang="en">
<title>USA: Jury selection in Fla. tobacco suit still slow.</title>
<headline>Jury selection in Fla. tobacco suit still slow.</headline>
<dateline>MIAMI 1997-06-18</dateline>
<text>
<p>Five members were added to the pool of potential jurors for a landmark anti-tobacco case Wednesday, bringing the pool's size to 62 out of the roughly 100 expected to be included.</p>
<p>Wednesday was the tenth day of jury selection for the suit, Norma Broin vs Philip Morris Cos Inc, which was filed on behalf of non-smoking flight attendants seeking as much as $5 billion in damages from tobacco firms for illnesses they attribute to breathing second-hand smoke on U.S.-based passenger jets. It is both the first class-action suit and first second- hand smoke case to make it to trial.</p>
<p>Jury selection is not expected to conclude before the middle of next week.</p>
</text>
<copyright>(c) Reuters Limited 1997</copyright>
<metadata>
<codes class="bip:countries:1.0">
  <code code="USA">
    <editdetail attribution="Reuters BIP Coding Group" action="confirmed" date="1997-06-18"/>
  </code>
</codes>
<codes class="bip:industries:1.0">
  <code code="I42900">
    <editdetail attribution="Reuters BIP Coding Group" action="confirmed" date="1997-06-18"/>
  </code>
</codes>
<codes class="bip:topics:1.0">
  <code code="C12">
    <editdetail attribution="Reuters BIP Coding Group" action="confirmed" date="1997-06-18"/>
  </code>
  <code code="CCAT">
    <editdetail attribution="Reuters BIP Coding Group" action="confirmed" date="1997-06-18"/>
  </code>
  <code code="GCAT">
    <editdetail attribution="Reuters BIP Coding Group" action="confirmed" date="1997-06-18"/>
  </code>
  <code code="GCRIM">
    <editdetail attribution="Reuters BIP Coding Group" action="confirmed" date="1997-06-18"/>
  </code>
</codes>
<dc element="dc.date.created" value="1997-06-18"/>
<dc element="dc.publisher" value="Reuters Holdings Plc"/>
<dc element="dc.date.published" value="1997-06-18"/>
<dc element="dc.source" value="Reuters"/>
<dc element="dc.creator.location" value="MIAMI"/>
<dc element="dc.creator.location.country.name" value="USA"/>
<dc element="dc.source" value="Reuters"/>
</metadata>
</newsitem>
