<?xml version="1.0" encoding="iso-8859-1" ?>
<newsitem itemid="668911" id="root" date="1997-06-18" xml:lang="en">
<title>USA: AMX sees Q1 loss, revs up 46 pct.</title>
<headline>AMX sees Q1 loss, revs up 46 pct.</headline>
<dateline>DALLAS 1997-06-18</dateline>
<text>
<p>AMX Corp said on Wednesday that it expects a first quarter loss of $0.04 to $0.06 a share on sales of $12 million for the period ending June 30, 1997.</p>
<p>Sales are expected to increase 46 percent from the year ago first quarter $7.6 million, when it lost $545,000, or $0.07 a share.</p>
<p>AMX's first quarter results were hurt by higher than expected sales and marketing expenses and its PHAST Corp subsidiary's operating losses, AMX said.  </p>
<p>AMX would anticipate reporting earnings of approximately $.05 per share if it were not for the losses incurred by PHAST's operations, it said.</p>
<p>Wall Street analysts had expected the company to report first quarter earnings of $0.08 a share, according to First Call.</p>
</text>
<copyright>(c) Reuters Limited 1997</copyright>
<metadata>
<codes class="bip:countries:1.0">
  <code code="USA">
    <editdetail attribution="Reuters BIP Coding Group" action="confirmed" date="1997-06-18"/>
  </code>
</codes>
<codes class="bip:industries:1.0">
  <code code="I34420">
    <editdetail attribution="Reuters BIP Coding Group" action="confirmed" date="1997-06-18"/>
  </code>
</codes>
<codes class="bip:topics:1.0">
  <code code="C15">
    <editdetail attribution="Reuters BIP Coding Group" action="confirmed" date="1997-06-18"/>
  </code>
  <code code="C152">
    <editdetail attribution="Reuters BIP Coding Group" action="confirmed" date="1997-06-18"/>
  </code>
  <code code="CCAT">
    <editdetail attribution="Reuters BIP Coding Group" action="confirmed" date="1997-06-18"/>
  </code>
</codes>
<dc element="dc.date.created" value="1997-06-18"/>
<dc element="dc.publisher" value="Reuters Holdings Plc"/>
<dc element="dc.date.published" value="1997-06-18"/>
<dc element="dc.source" value="Reuters"/>
<dc element="dc.creator.location" value="DALLAS"/>
<dc element="dc.creator.location.country.name" value="USA"/>
<dc element="dc.source" value="Reuters"/>
</metadata>
</newsitem>
