<?xml version="1.0" encoding="iso-8859-1" ?>
<newsitem itemid="668989" id="root" date="1997-06-18" xml:lang="en">
<title>USA: R.J. Reynolds sues FTC over Joe Camel action.</title>
<headline>R.J. Reynolds sues FTC over Joe Camel action.</headline>
<dateline>NEW YORK 1997-06-18</dateline>
<text>
<p>R.J. Reynolds Tobacco Co. struck back at the Federal Trade Commission on Tuesday with a lawsuit that seeks to block the FTC's crackdown on Joe Camel, the tobacco company's controversial marketing symbol.</p>
<p>The nation's No. 2 cigarette maker filed the suit in U.S. District Court in North Carolina, alleging the agency violated the law and even its own statutes to shut down the advertising campaign.</p>
<p>&quot;We have asked the court to review the facts...which clearly demonstrate an agency engaged in harassment and political interference in a fair process,&quot; R.J. Reynolds said in a statement issued late Tuesday.</p>
<p>Reynolds Tobacco is 80.5-percent owned by RJR Nabisco Holdings Corp.</p>
<p>Joe Camel, a cartoon caricature of a camel that wears black leather jackets, plays billiards and looks debonair with a cigarette in his snout, brought a resurgence to the Camel brand of cigarettes when introduced in 1988.</p>
<p>But it brought along an avalanche of criticism from the health community and others who excoriated the campaign for allegedly targeting children -- not just teenagers, but little children.</p>
<p>The FTC voted May 28 to issue a complaint against the Joe Camel campaign, reopening a probe that had closed in 1994 after the agency determined there was no basis to file a complaint.</p>
<p>Reynolds, in its statement Tuesday, said there has been a 75-percent drop in underage smoker interest in the cartoon since 1994, but that the commission issued its newest complaint before data showing the decline could be distributed.</p>
<p>The FTC's latest complaint cited the &quot;unfair&quot; aspects of the advertising.</p>
<p>&quot;We allege that this is an unfair advertising campaign, in that it targeted consumers who were not legally able to buy the product. We're alleging that they targeted a campaign to an underage consuming population,&quot; said Victoria Streitfeld, a spokesperson for the FTC, in telephone interview Wednesday.</p>
<p>&quot;The commission has reason to believe that RJR has violated a law. We will present our evidence before an administrative law judge,&quot; she said.</p>
<p>In its suit, R.J. Reynolds asked the court to order the FTC to close the renewed investigation, withdraw its complaint and &quot;be enjoined from future violations of laws and procedure.&quot;</p>
<p>RJR's stock fell 75 cents to $34.375 on the New York Stock Exchange at mid-aftrernoon.</p>
</text>
<copyright>(c) Reuters Limited 1997</copyright>
<metadata>
<codes class="bip:countries:1.0">
  <code code="USA">
    <editdetail attribution="Reuters BIP Coding Group" action="confirmed" date="1997-06-18"/>
  </code>
</codes>
<codes class="bip:industries:1.0">
  <code code="I42900">
    <editdetail attribution="Reuters BIP Coding Group" action="confirmed" date="1997-06-18"/>
  </code>
</codes>
<codes class="bip:topics:1.0">
  <code code="C12">
    <editdetail attribution="Reuters BIP Coding Group" action="confirmed" date="1997-06-18"/>
  </code>
  <code code="C13">
    <editdetail attribution="Reuters BIP Coding Group" action="confirmed" date="1997-06-18"/>
  </code>
  <code code="CCAT">
    <editdetail attribution="Reuters BIP Coding Group" action="confirmed" date="1997-06-18"/>
  </code>
  <code code="GCAT">
    <editdetail attribution="Reuters BIP Coding Group" action="confirmed" date="1997-06-18"/>
  </code>
  <code code="GCRIM">
    <editdetail attribution="Reuters BIP Coding Group" action="confirmed" date="1997-06-18"/>
  </code>
</codes>
<dc element="dc.date.created" value="1997-06-18"/>
<dc element="dc.publisher" value="Reuters Holdings Plc"/>
<dc element="dc.date.published" value="1997-06-18"/>
<dc element="dc.source" value="Reuters"/>
<dc element="dc.creator.location" value="NEW YORK"/>
<dc element="dc.creator.location.country.name" value="USA"/>
<dc element="dc.source" value="Reuters"/>
</metadata>
</newsitem>
