<?xml version="1.0" encoding="iso-8859-1" ?>
<newsitem itemid="668908" id="root" date="1997-06-18" xml:lang="en">
<title>USA: First Colorado raises qtly div to $0.11.</title>
<headline>First Colorado raises qtly div to $0.11.</headline>
<dateline>LAKEWOOD, Colo. 1997-06-18</dateline>
<text>
<p>Quarterly</p>
<p>			   Latest		 Prior</p>
<p> Amount		  $0.11		  $0.10</p>
<p> Pay		   July 18</p>
<p> Record		June 30</p>
<p>Note: Full name of company is  First Colorado Bancorp Inc.</p>
<p>Company said payment date is approximate.</p>
</text>
<copyright>(c) Reuters Limited 1997</copyright>
<metadata>
<codes class="bip:countries:1.0">
  <code code="USA">
    <editdetail attribution="Reuters BIP Coding Group" action="confirmed" date="1997-06-18"/>
  </code>
</codes>
<codes class="bip:industries:1.0">
  <code code="I81402">
    <editdetail attribution="Reuters BIP Coding Group" action="confirmed" date="1997-06-18"/>
  </code>
</codes>
<codes class="bip:topics:1.0">
  <code code="C15">
    <editdetail attribution="Reuters BIP Coding Group" action="confirmed" date="1997-06-18"/>
  </code>
  <code code="C151">
    <editdetail attribution="Reuters BIP Coding Group" action="confirmed" date="1997-06-18"/>
  </code>
  <code code="CCAT">
    <editdetail attribution="Reuters BIP Coding Group" action="confirmed" date="1997-06-18"/>
  </code>
</codes>
<dc element="dc.date.created" value="1997-06-18"/>
<dc element="dc.publisher" value="Reuters Holdings Plc"/>
<dc element="dc.date.published" value="1997-06-18"/>
<dc element="dc.source" value="Reuters"/>
<dc element="dc.creator.location" value="LAKEWOOD, Colo."/>
<dc element="dc.creator.location.country.name" value="USA"/>
<dc element="dc.source" value="Reuters"/>
</metadata>
</newsitem>
