<?xml version="1.0" encoding="iso-8859-1" ?>
<newsitem itemid="669030" id="root" date="1997-06-18" xml:lang="en">
<title>USA: Healthdyne backs Q2 EPS estimate of $0.17.</title>
<headline>Healthdyne backs Q2 EPS estimate of $0.17.</headline>
<dateline>NEW YORK 1997-06-18</dateline>
<text>
<p>Healthdyne Technologies Inc Chief Executive Officer Craig Reynolds said on Wednesday he was &quot;extremely comfortable&quot; with a second quarter consensus earnings estimate of $0.17 per share.</p>
<p>He also reiterated that the company, which is the target of a hostile takeover bid from Invacare Corp, was not for sale because of its strong strategic internal growth plan.</p>
<p>Last week, Healthdyne rejected a sweetened $191 million, takeover offer from rival medical equipment maker Invacare.</p>
<p>The company said then it thought the $15 per share offer was still too low and did not represent fair value.  </p>
<p>Reynolds told the Dillon Read analysts meeting that the Invacare bid had not gone up that much relative to the stock market's recent gains.</p>
<p>&quot;The Invacare bid has gone up,&quot; Reynolds said, &quot;but if you look at how its gone up relative to how the stock market has gone up, the bid really has not increased by that much.&quot;</p>
<p>Healthdyne also rejected previous Invacare offers of $12 and $13 per share. Invacare made the $15 per share bid on June 4 saying it was its &quot;best and final offer.&quot;</p>
</text>
<copyright>(c) Reuters Limited 1997</copyright>
<metadata>
<codes class="bip:countries:1.0">
  <code code="USA">
    <editdetail attribution="Reuters BIP Coding Group" action="confirmed" date="1997-06-18"/>
  </code>
</codes>
<codes class="bip:industries:1.0">
  <code code="I37200">
    <editdetail attribution="Reuters BIP Coding Group" action="confirmed" date="1997-06-18"/>
  </code>
</codes>
<codes class="bip:topics:1.0">
  <code code="C15">
    <editdetail attribution="Reuters BIP Coding Group" action="confirmed" date="1997-06-18"/>
  </code>
  <code code="C152">
    <editdetail attribution="Reuters BIP Coding Group" action="confirmed" date="1997-06-18"/>
  </code>
  <code code="CCAT">
    <editdetail attribution="Reuters BIP Coding Group" action="confirmed" date="1997-06-18"/>
  </code>
</codes>
<dc element="dc.date.created" value="1997-06-18"/>
<dc element="dc.publisher" value="Reuters Holdings Plc"/>
<dc element="dc.date.published" value="1997-06-18"/>
<dc element="dc.source" value="Reuters"/>
<dc element="dc.creator.location" value="NEW YORK"/>
<dc element="dc.creator.location.country.name" value="USA"/>
<dc element="dc.source" value="Reuters"/>
</metadata>
</newsitem>
