<?xml version="1.0" encoding="iso-8859-1" ?>
<newsitem itemid="669059" id="root" date="1997-06-18" xml:lang="en">
<title>UK: MOTOR RACING-BERGER HAS FURTHER SURGERY ON SINUS INFECTION.</title>
<headline>MOTOR RACING-BERGER HAS FURTHER SURGERY ON SINUS INFECTION.</headline>
<dateline>LONDON 1997-06-18</dateline>
<text>
<p>Austrian Gerhard Berger has undergone further surgery on the sinus infection which forced him to miss last weekend's Canadian Grand Prix in Montreal.</p>
<p>The veteran Benetton driver originally had surgery on the problem three weeks ago, and was in some pain on Wednesday.</p>
<p>The next three days will be decisive, although no decision will be made on his participation in the French Grand Prix on June 29 until next week, said a spokesman for the driver.</p>
<p>Benetton managing director Flavio Briatore said: &quot;It is possible he can recover quickly -- hopefully enough to be back at Magny-Cours.&quot;</p>
</text>
<copyright>(c) Reuters Limited 1997</copyright>
<metadata>
<codes class="bip:countries:1.0">
  <code code="AUST">
    <editdetail attribution="Reuters BIP Coding Group" action="confirmed" date="1997-06-18"/>
  </code>
  <code code="UK">
    <editdetail attribution="Reuters BIP Coding Group" action="confirmed" date="1997-06-18"/>
  </code>
</codes>
<codes class="bip:topics:1.0">
  <code code="GCAT">
    <editdetail attribution="Reuters BIP Coding Group" action="confirmed" date="1997-06-18"/>
  </code>
  <code code="GSPO">
    <editdetail attribution="Reuters BIP Coding Group" action="confirmed" date="1997-06-18"/>
  </code>
</codes>
<dc element="dc.date.created" value="1997-06-18"/>
<dc element="dc.publisher" value="Reuters Holdings Plc"/>
<dc element="dc.date.published" value="1997-06-18"/>
<dc element="dc.source" value="Reuters"/>
<dc element="dc.creator.location" value="LONDON"/>
<dc element="dc.creator.location.country.name" value="UK"/>
<dc element="dc.source" value="Reuters"/>
</metadata>
</newsitem>
