<?xml version="1.0" encoding="iso-8859-1" ?>
<newsitem itemid="669042" id="root" date="1997-06-18" xml:lang="en">
<title>USA: Goldman Sachs posts record first-half profit.</title>
<headline>Goldman Sachs posts record first-half profit.</headline>
<dateline>NEW YORK 1997-06-18</dateline>
<text>
<p>Goldman Sachs &amp; Co said Wednesday that pre-tax earnings for the first half of its fiscal year were a record $1.52 billion, up 19 percent from the $1.27 billion it earned in the same period last year reflecting strong performances across the company's business lines.</p>
<p>In a statement outlining results for the quarter, Goldman Chief Financial Officer John Thain said the privately-held investment bank's revenues for the six-month period totalled $3.63 billion, up from $3.13 billion a year ago. Expenses climbed to $2.12 billion from $1.86 billion.</p>
</text>
<copyright>(c) Reuters Limited 1997</copyright>
<metadata>
<codes class="bip:countries:1.0">
  <code code="USA">
    <editdetail attribution="Reuters BIP Coding Group" action="confirmed" date="1997-06-18"/>
  </code>
</codes>
<codes class="bip:industries:1.0">
  <code code="I83100">
    <editdetail attribution="Reuters BIP Coding Group" action="confirmed" date="1997-06-18"/>
  </code>
</codes>
<codes class="bip:topics:1.0">
  <code code="C15">
    <editdetail attribution="Reuters BIP Coding Group" action="confirmed" date="1997-06-18"/>
  </code>
  <code code="C151">
    <editdetail attribution="Reuters BIP Coding Group" action="confirmed" date="1997-06-18"/>
  </code>
  <code code="CCAT">
    <editdetail attribution="Reuters BIP Coding Group" action="confirmed" date="1997-06-18"/>
  </code>
</codes>
<dc element="dc.date.created" value="1997-06-18"/>
<dc element="dc.publisher" value="Reuters Holdings Plc"/>
<dc element="dc.date.published" value="1997-06-18"/>
<dc element="dc.source" value="Reuters"/>
<dc element="dc.creator.location" value="NEW YORK"/>
<dc element="dc.creator.location.country.name" value="USA"/>
<dc element="dc.source" value="Reuters"/>
</metadata>
</newsitem>
