<?xml version="1.0" encoding="iso-8859-1" ?>
<newsitem itemid="669008" id="root" date="1997-06-18" xml:lang="en">
<title>USA: Sunbelt's modified note pact terminated.</title>
<headline>Sunbelt's modified note pact terminated.</headline>
<dateline>FORT WORTH, Texas 1997-06-18</dateline>
<text>
<p>Sunbelt Nursery Group Inc said Wednesday its note modification agreement with Pier 1 Imports has been terminated.</p>
<p>It said the agreement would have allowed it to pay $2 million in cash, stock and notes by May 31, 1997 to discharge an $8 million note due to Pier 1.</p>
<p>The terms were part of a settlement agreement the two companies entered into in July 1995, it said.</p>
<p>With the termination, original terms of the settlement agreement will apply, it said.</p>
<p>The terms provide that payments on the note are only required if Sunbelt achieves certain cash flow and profitability levels, it said. It said it has not yet been required to make any payments on the note.</p>
<p>Sunbelt also said the last of thirteen leases with Pier 1 will expire on June 30.</p>
<p>Sunbelt is a nursery retailer in six major metropolitan areas in Texas, Arizona and California. Its 70 stores sell nursery stock and lawn and garden products.</p>
</text>
<copyright>(c) Reuters Limited 1997</copyright>
<metadata>
<codes class="bip:countries:1.0">
  <code code="USA">
    <editdetail attribution="Reuters BIP Coding Group" action="confirmed" date="1997-06-18"/>
  </code>
</codes>
<codes class="bip:industries:1.0">
  <code code="I65400">
    <editdetail attribution="Reuters BIP Coding Group" action="confirmed" date="1997-06-18"/>
  </code>
</codes>
<codes class="bip:topics:1.0">
  <code code="C17">
    <editdetail attribution="Reuters BIP Coding Group" action="confirmed" date="1997-06-18"/>
  </code>
  <code code="C171">
    <editdetail attribution="Reuters BIP Coding Group" action="confirmed" date="1997-06-18"/>
  </code>
  <code code="C172">
    <editdetail attribution="Reuters BIP Coding Group" action="confirmed" date="1997-06-18"/>
  </code>
  <code code="C18">
    <editdetail attribution="Reuters BIP Coding Group" action="confirmed" date="1997-06-18"/>
  </code>
  <code code="C181">
    <editdetail attribution="Reuters BIP Coding Group" action="confirmed" date="1997-06-18"/>
  </code>
  <code code="CCAT">
    <editdetail attribution="Reuters BIP Coding Group" action="confirmed" date="1997-06-18"/>
  </code>
</codes>
<dc element="dc.date.created" value="1997-06-18"/>
<dc element="dc.publisher" value="Reuters Holdings Plc"/>
<dc element="dc.date.published" value="1997-06-18"/>
<dc element="dc.source" value="Reuters"/>
<dc element="dc.creator.location" value="FORT WORTH, Texas"/>
<dc element="dc.creator.location.country.name" value="USA"/>
<dc element="dc.source" value="Reuters"/>
</metadata>
</newsitem>
