<?xml version="1.0" encoding="iso-8859-1" ?>
<newsitem itemid="669013" id="root" date="1997-06-18" xml:lang="en">
<title>USA: Reeds Jewelers Inc Q1 loss vs profit.</title>
<headline>Reeds Jewelers Inc Q1 loss vs profit.</headline>
<dateline>WILMINGTON, N.C. 1997-06-18</dateline>
<text>
<p>(dollars in thousands, except per share data)</p>
<p>						     Three Months Ended</p>
<p>						   5/31/97	  5/31/96</p>
<p> Net sales				     $20,276	  $20,701</p>
<p> Other revenues				  2,842	    2,453</p>
<p> Total revenues				 23,118	   23,154</p>
<p> Cost of sales (including occupancy)    12,962	   12,733</p>
<p> SG&amp;A						9,232	    8,522</p>
<p> Bad debt					    819		680</p>
<p> Interest					    836		868</p>
<p> Income taxes				    (241)		116</p>
<p> Net earnings				    (489)		236</p>
<p> Earnings per share			   (0.12)	     0.06</p>
<p> Shares outstanding			4,224,876	4,216,406</p>
<p>((-- New York Newsdesk 212 603-3310))</p>
</text>
<copyright>(c) Reuters Limited 1997</copyright>
<metadata>
<codes class="bip:countries:1.0">
  <code code="USA">
    <editdetail attribution="Reuters BIP Coding Group" action="confirmed" date="1997-06-18"/>
  </code>
</codes>
<codes class="bip:industries:1.0">
  <code code="I65400">
    <editdetail attribution="Reuters BIP Coding Group" action="confirmed" date="1997-06-18"/>
  </code>
</codes>
<codes class="bip:topics:1.0">
  <code code="C15">
    <editdetail attribution="Reuters BIP Coding Group" action="confirmed" date="1997-06-18"/>
  </code>
  <code code="C151">
    <editdetail attribution="Reuters BIP Coding Group" action="confirmed" date="1997-06-18"/>
  </code>
  <code code="CCAT">
    <editdetail attribution="Reuters BIP Coding Group" action="confirmed" date="1997-06-18"/>
  </code>
</codes>
<dc element="dc.date.created" value="1997-06-18"/>
<dc element="dc.publisher" value="Reuters Holdings Plc"/>
<dc element="dc.date.published" value="1997-06-18"/>
<dc element="dc.source" value="Reuters"/>
<dc element="dc.creator.location" value="WILMINGTON, N.C."/>
<dc element="dc.creator.location.country.name" value="USA"/>
<dc element="dc.source" value="Reuters"/>
</metadata>
</newsitem>
