<?xml version="1.0" encoding="iso-8859-1" ?>
<newsitem itemid="669015" id="root" date="1997-06-18" xml:lang="en">
<title>USA: Infinite Machines gets good PDT result.</title>
<headline>Infinite Machines gets good PDT result.</headline>
<dateline>WARWICK, R.I. 1997-06-18</dateline>
<text>
<p>Infinite Machines Corp said Wednesday that its Spectra Science Corp subsidiary has received positive results from a first round of invivo tests comparing the efficacy of Spectra's low-cost disposable light source with a costly, high-maintenance dye laser for use in photodynamic therapy (PDT) with Photofrin.</p>
<p>Infinite said results of skin sensitivity tests in a rat animal model showed that the two sources were completely equivalent.</p>
<p>&quot;The determination of the equivalence between our disposable LaserPaint technology and a continuous wave dye laser for use with Photofrin is an important step toward validating and commercializing our technology,&quot; said Nabil Lawandy, chief executive officer of Spectra in a press release.</p>
<p>According to Infinite, Photofrin, made by QLT PhotoTherapeutics Inc,is the only FDA approved photodynamic therapy drug.</p>
<p>A spokesman for QLT was not immediately available to comment.</p>
</text>
<copyright>(c) Reuters Limited 1997</copyright>
<metadata>
<codes class="bip:countries:1.0">
  <code code="USA">
    <editdetail attribution="Reuters BIP Coding Group" action="confirmed" date="1997-06-18"/>
  </code>
</codes>
<codes class="bip:industries:1.0">
  <code code="I25700">
    <editdetail attribution="Reuters BIP Coding Group" action="confirmed" date="1997-06-18"/>
  </code>
</codes>
<codes class="bip:topics:1.0">
  <code code="C23">
    <editdetail attribution="Reuters BIP Coding Group" action="confirmed" date="1997-06-18"/>
  </code>
  <code code="CCAT">
    <editdetail attribution="Reuters BIP Coding Group" action="confirmed" date="1997-06-18"/>
  </code>
</codes>
<dc element="dc.date.created" value="1997-06-18"/>
<dc element="dc.publisher" value="Reuters Holdings Plc"/>
<dc element="dc.date.published" value="1997-06-18"/>
<dc element="dc.source" value="Reuters"/>
<dc element="dc.creator.location" value="WARWICK, R.I."/>
<dc element="dc.creator.location.country.name" value="USA"/>
<dc element="dc.source" value="Reuters"/>
</metadata>
</newsitem>
