<?xml version="1.0" encoding="iso-8859-1" ?>
<newsitem itemid="669084" id="root" date="1997-06-18" xml:lang="en">
<title>CANADA: MOTOR RACING-PANIS HAS SECOND LEG OPERATION.</title>
<headline>MOTOR RACING-PANIS HAS SECOND LEG OPERATION.</headline>
<dateline>MONTREAL 1997-06-18</dateline>
<text>
<p>French Formula One driver Olivier Panis, who broke both his legs in a crash at Sunday's Canadian Grand Prix, had a second operation on his right leg Tuesday and was recovering well, a hospital spokeswoman said.</p>
<p>The second surgery, which took 45 minutes, was not considered major, a Sacre-Coeur hospital spokeswoman said.</p>
<p>Panis, who underwent four hours of surgery on Sunday to repair both fractured legs, has had the broken bones stabilised with screws to avoid the need for casts and favour a speedy recovery.</p>
<p>Doctors have been careful not to speculate about how soon Panis, 30, would resume driving for the Prost-Mugen Honda team. They said most people require between two and four months to fully recover.</p>
<p>Panis, who was enjoying a banner season, slammed hard into a tire barrier on the 53rd lap. The accident occurred as the back end of his car came loose and he lost control coming around a curve on the back side of the course.</p>
<p>The car hit an inside retaining wall before slamming into the tire barrier -- scattering tires all over the track.</p>
<p>The debris forced the race to be ended after 54 of 69 scheduled laps, and Germany's Michael Schumacher was declared the winner.</p>
<p>Panis, who drives for Formula One racing legend Alain Prost, won last year's prestigious Monaco Grand Prix.</p>
</text>
<copyright>(c) Reuters Limited 1997</copyright>
<metadata>
<codes class="bip:countries:1.0">
  <code code="CANA">
    <editdetail attribution="Reuters BIP Coding Group" action="confirmed" date="1997-06-18"/>
  </code>
  <code code="FRA">
    <editdetail attribution="Reuters BIP Coding Group" action="confirmed" date="1997-06-18"/>
  </code>
</codes>
<codes class="bip:topics:1.0">
  <code code="GCAT">
    <editdetail attribution="Reuters BIP Coding Group" action="confirmed" date="1997-06-18"/>
  </code>
  <code code="GSPO">
    <editdetail attribution="Reuters BIP Coding Group" action="confirmed" date="1997-06-18"/>
  </code>
</codes>
<dc element="dc.date.created" value="1997-06-18"/>
<dc element="dc.publisher" value="Reuters Holdings Plc"/>
<dc element="dc.date.published" value="1997-06-18"/>
<dc element="dc.source" value="Reuters"/>
<dc element="dc.creator.location" value="MONTREAL"/>
<dc element="dc.creator.location.country.name" value="CANADA"/>
<dc element="dc.source" value="Reuters"/>
</metadata>
</newsitem>
