<?xml version="1.0" encoding="iso-8859-1" ?>
<newsitem itemid="669077" id="root" date="1997-06-18" xml:lang="en">
<title>UK: CRICKET-AUSTRALIA INCLUDE REPLACEMENT REIFFEL.</title>
<headline>CRICKET-AUSTRALIA INCLUDE REPLACEMENT REIFFEL.</headline>
<dateline>LONDON 1997-06-18</dateline>
<text>
<p>Australia have taken the anticipated decision to include replacement paceman Paul Reiffel in their team for the second test against England starting at Lord's on Thursday.</p>
<p>Reiffel was called up to join the touring party only last week because of injuries to fellow pace bowlers Jason Gillespie and Andy Bichel.</p>
<p>He had a six-wicket match haul in the Australians' 84-run victory over county champions Leicestershire in the three-day game that ended on Monday.</p>
<p>Reiffel's inclusion for Gillespie, who is shaking off a hamstring injury, is Australia's only change from the side beaten by nine wickets in the first test of the six-match series, at Edgbaston.</p>
<p>The Austalians have been heartened by Shane Warne's build-up to the Lord's test, following the leg-spinner's low-key performance at Edgbaston where his match return was one for 137.</p>
<p>Captain Mark Taylor said on the eve of the match on Wednesday: &quot;Shane's a quality bowler and you don't lose it overnight. You never know with Warney, it might only take one ball and he'll be right back in it.</p>
<p>&quot;I don't think injury is his problem. Reports that he has got to have an operation on his shoulder are not true. Just a bit of wear and tear, like we all have.</p>
<p>&quot;It's just taking time to adjust over here to different conditions, a slight drop in form after five or six years, all those things take time to get used to. I think he's slowly improving all the time.</p>
<p>&quot;He's certainly been looking good building up to this match. Like all of us he needs confidence and when he gets confidence he becomes a dangerous bowler.&quot;</p>
<p>Looking at his side's match prospects, Taylor said: &quot;It's not a must win' situation, but it would be nice to win the game to square the series. We must make sure we don't give them a two days start like we did at Edgbaston.&quot;</p>
<p>England have opted not to play all-rounder Adam Hollioake -- he was released from their 13 on Tuesday so he could lead his county Surrey on Wednesday -- but they will wait until the morning of the test to decide on the final 11.</p>
<p>England skipper Michael Atherton said the pitch had felt a little damp, but gave no hint about whether fast bowler Devon Malcolm or left-arm spinner Phil Tufnell would be omitted.</p>
<p>He said: &quot;We must approach this match in an attacking frame of mind. There are still five tests to go in this series, after all.</p>
<p>&quot;But everyone is optimistic, and the mood around the country is upbeat. As a team we have felt that since Edgbaston, and we all appreciate those feelings.&quot;</p>
</text>
<copyright>(c) Reuters Limited 1997</copyright>
<metadata>
<codes class="bip:countries:1.0">
  <code code="AUSTR">
    <editdetail attribution="Reuters BIP Coding Group" action="confirmed" date="1997-06-18"/>
  </code>
  <code code="UK">
    <editdetail attribution="Reuters BIP Coding Group" action="confirmed" date="1997-06-18"/>
  </code>
</codes>
<codes class="bip:topics:1.0">
  <code code="GCAT">
    <editdetail attribution="Reuters BIP Coding Group" action="confirmed" date="1997-06-18"/>
  </code>
  <code code="GSPO">
    <editdetail attribution="Reuters BIP Coding Group" action="confirmed" date="1997-06-18"/>
  </code>
</codes>
<dc element="dc.date.created" value="1997-06-18"/>
<dc element="dc.publisher" value="Reuters Holdings Plc"/>
<dc element="dc.date.published" value="1997-06-18"/>
<dc element="dc.source" value="Reuters"/>
<dc element="dc.creator.location" value="LONDON"/>
<dc element="dc.creator.location.country.name" value="UK"/>
<dc element="dc.source" value="Reuters"/>
</metadata>
</newsitem>
