<?xml version="1.0" encoding="iso-8859-1" ?>
<newsitem itemid="669016" id="root" date="1997-06-18" xml:lang="en">
<title>USA: Japan must seek domestic, not export, growth-USTR.</title>
<headline>Japan must seek domestic, not export, growth-USTR.</headline>
<dateline>WASHINGTON 1997-06-18</dateline>
<text>
<p>Japan should focus on domestic growth, not exports, as the way to economic expansion, U.S. Trade Representative Charlene Barshefsky said Wednesday, dismayed by Japan's widening trade surplus.</p>
<p>In comments to reporters, Barshefsky said it was disturbing to see statistics that showed a larger trade gap.</p>
<p>&quot;We have told Japan repeatedly that we do not expect to see a significant increase in their trade surplus with the United States,&quot; she said.  </p>
<p>&quot;We expect Japan will implement policies of domestic-led growth rather than the view, as they seem to be taking, of exporting their way out of recession,&quot; Barshefsky said.</p>
</text>
<copyright>(c) Reuters Limited 1997</copyright>
<metadata>
<codes class="bip:countries:1.0">
  <code code="JAP">
    <editdetail attribution="Reuters BIP Coding Group" action="confirmed" date="1997-06-18"/>
  </code>
  <code code="USA">
    <editdetail attribution="Reuters BIP Coding Group" action="confirmed" date="1997-06-18"/>
  </code>
</codes>
<codes class="bip:topics:1.0">
  <code code="E11">
    <editdetail attribution="Reuters BIP Coding Group" action="confirmed" date="1997-06-18"/>
  </code>
  <code code="E12">
    <editdetail attribution="Reuters BIP Coding Group" action="confirmed" date="1997-06-18"/>
  </code>
  <code code="E51">
    <editdetail attribution="Reuters BIP Coding Group" action="confirmed" date="1997-06-18"/>
  </code>
  <code code="E512">
    <editdetail attribution="Reuters BIP Coding Group" action="confirmed" date="1997-06-18"/>
  </code>
  <code code="ECAT">
    <editdetail attribution="Reuters BIP Coding Group" action="confirmed" date="1997-06-18"/>
  </code>
</codes>
<dc element="dc.date.created" value="1997-06-18"/>
<dc element="dc.publisher" value="Reuters Holdings Plc"/>
<dc element="dc.date.published" value="1997-06-18"/>
<dc element="dc.source" value="Reuters"/>
<dc element="dc.creator.location" value="WASHINGTON"/>
<dc element="dc.creator.location.country.name" value="USA"/>
<dc element="dc.source" value="Reuters"/>
</metadata>
</newsitem>
