<?xml version="1.0" encoding="iso-8859-1" ?>
<newsitem itemid="669075" id="root" date="1997-06-18" xml:lang="en">
<title>UK: CRICKET-STATISTICAL COMPARISON OF ATHERTON AND MAY.</title>
<headline>CRICKET-STATISTICAL COMPARISON OF ATHERTON AND MAY.</headline>
<dateline>LONDON 1997-06-18</dateline>
<text>
<p>Michael Atherton becomes England's longest-serving captain on Thursday when he leads his country against Australia at Lord's for the 42nd time in a test, beating Peter May's record of 41.</p>
<p>ATHERTON'S TEST MATCH RECORD</p>
<p>    Test matches:	 Batting record:</p>
<p>    Played    41	  Innings	     72</p>
<p>    Won	 11	  Not Out		3</p>
<p>    Drawn     17	  Runs	     3,143 </p>
<p>    Lost	13	  Highest score    185</p>
<p>				Average	  45.55</p>
<p>				100s		   8</p>
<p>Series results:</p>
<p>    Year    Opponents   Venue  Won  Lost  Drawn  Result</p>
<p>    1993    Australia    H	1    1     0	*</p>
<p>    1993-4  West Indies  A	1    3     1	Lost</p>
<p>    1994    New Zealand  H	1    0     2	Won</p>
<p>    1994    South Africa H	1    1     1	Drawn</p>
<p>    1994-5  Australia    A	1    3     1	Lost</p>
<p>    1995    West Indies  H	2    2     2	Drawn</p>
<p>    1995-6  South Africa A	0    1     4	Lost</p>
<p>    1996    India	  H	1    0     2	Won</p>
<p>    1996    Pakistan     H	0    2     1	Lost</p>
<p>    1996-7  Zimbabwe     A	0    0     2	Drawn</p>
<p>    1996-7  New Zealand  A	2    0     1	Won</p>
<p>    1997    Australia    H	1    0     0 </p>
<p>    TOTAL			    11   13    17    </p>
<p>* Atherton captained for last two tests of six-test series which was lost 4-1.</p>
<p>MAY'S TEST MATCH RECORD</p>
<p>    Test matches:	 Batting record:</p>
<p>    Played    41	  Innings	    65</p>
<p>    Won	 20	  Not Out	     8</p>
<p>    Drawn     10	  Runs	    3,080</p>
<p>    Lost	11	  Highest Score   285</p>
<p>				Average	 54.03</p>
<p>				100s		 10   </p>
<p>Series results:</p>
<p>    Year    Opponents   Venue  Won  Lost  Drawn  Result</p>
<p>    1955    South Africa H	3    2     0	Won</p>
<p>    1956    Australia    H	2    1     2	Won</p>
<p>    1956-7  South Africa A	2    2     1	Drawn</p>
<p>    1957    West Indies  H	3    0     2	Won</p>
<p>    1958    New Zealand  H	4    0     1	Won</p>
<p>    1958-9  Australia    A	0    4     1	Lost</p>
<p>    1958-9  New Zealand  A	1    0     1	Won</p>
<p>    1959    India	  H	3    0     0	*</p>
<p>    1959-60 West Indies  A	1    0     2	*</p>
<p>    1961    Australia    H	1    1     1	**</p>
<p>    TOTAL			    20   10    11</p>
<p>* May captained for first three tests of five-match series.</p>
<p>** May captained for last three tests of five-match series.</p>
</text>
<copyright>(c) Reuters Limited 1997</copyright>
<metadata>
<codes class="bip:countries:1.0">
  <code code="AUSTR">
    <editdetail attribution="Reuters BIP Coding Group" action="confirmed" date="1997-06-18"/>
  </code>
  <code code="INDIA">
    <editdetail attribution="Reuters BIP Coding Group" action="confirmed" date="1997-06-18"/>
  </code>
  <code code="NZ">
    <editdetail attribution="Reuters BIP Coding Group" action="confirmed" date="1997-06-18"/>
  </code>
  <code code="SAFR">
    <editdetail attribution="Reuters BIP Coding Group" action="confirmed" date="1997-06-18"/>
  </code>
  <code code="UK">
    <editdetail attribution="Reuters BIP Coding Group" action="confirmed" date="1997-06-18"/>
  </code>
</codes>
<codes class="bip:topics:1.0">
  <code code="GCAT">
    <editdetail attribution="Reuters BIP Coding Group" action="confirmed" date="1997-06-18"/>
  </code>
  <code code="GSPO">
    <editdetail attribution="Reuters BIP Coding Group" action="confirmed" date="1997-06-18"/>
  </code>
</codes>
<dc element="dc.date.created" value="1997-06-18"/>
<dc element="dc.publisher" value="Reuters Holdings Plc"/>
<dc element="dc.date.published" value="1997-06-18"/>
<dc element="dc.source" value="Reuters"/>
<dc element="dc.creator.location" value="LONDON"/>
<dc element="dc.creator.location.country.name" value="UK"/>
<dc element="dc.source" value="Reuters"/>
</metadata>
</newsitem>
