<?xml version="1.0" encoding="iso-8859-1" ?>
<newsitem itemid="669044" id="root" date="1997-06-18" xml:lang="en">
<title>USA: WTC anticipates loss for second quarter. [CORRECTED 19:40 GMT]</title>
<headline>WTC anticipates loss for second quarter. [CORRECTED 19:40 GMT]</headline>
<dateline>MINNEAPOLIS 1997-06-18</dateline>
<text>
<p>WTC Industries Inc, a water filtration and purification products maker, said Wednesday it expects to report a loss for the second quarter.</p>
<p>&quot;At this time, I'm anticipating a loss for the quarter,&quot; chief financial officer Greg Jensen told Reuters in a telephone interview.</p>
<p>The company also said it expects net sales in June will likely be substantially below the previous three months. (Corrects by Inserting word &quot;likely&quot;).  </p>
<p>Sales were $503,400 in March, $409,300 in April and $637,300 in May, the company said. (Corrects third month to May.)</p>
<p>In the second quarter of 1996, the company reported a net loss of $1.1 million, or $0.10 a share.</p>
<p>WTC also said Wednesday it has proposed to exchange stock and warrants for about $1.5 million in promissory notes, which Jensen said would help improve the balance sheet.</p>
<p>The exchange would save the company about $152,000 a year in interest and WTC hopes to complete the conversion by mid-July. The notes were issued in 1994.</p>
<p>The company is offering the holders of the notes the right to convert each $100,000 in principal of the 1994 notes to 80,000 shares and a new three-year redeemable stock purchase warrant to purchase 20,000 shares at an exercise price of $1.25 a share, the company said in a news release.</p>
<p>The company's offer is subject to the condition that the holders of at least $1 million in principal amount of the 1994 notes accept the company's offer, WTC said.</p>
<p>((Chicago newsdesk, 312-408-8787))</p>
</text>
<copyright>(c) Reuters Limited 1997</copyright>
<metadata>
<codes class="bip:countries:1.0">
  <code code="USA">
    <editdetail attribution="Reuters BIP Coding Group" action="confirmed" date="1997-06-18"/>
  </code>
</codes>
<codes class="bip:industries:1.0">
  <code code="I25140">
    <editdetail attribution="Reuters BIP Coding Group" action="confirmed" date="1997-06-18"/>
  </code>
</codes>
<codes class="bip:topics:1.0">
  <code code="C15">
    <editdetail attribution="Reuters BIP Coding Group" action="confirmed" date="1997-06-18"/>
  </code>
  <code code="C152">
    <editdetail attribution="Reuters BIP Coding Group" action="confirmed" date="1997-06-18"/>
  </code>
  <code code="CCAT">
    <editdetail attribution="Reuters BIP Coding Group" action="confirmed" date="1997-06-18"/>
  </code>
</codes>
<dc element="dc.date.created" value="1997-06-18"/>
<dc element="dc.publisher" value="Reuters Holdings Plc"/>
<dc element="dc.date.published" value="1997-06-18"/>
<dc element="dc.source" value="Reuters"/>
<dc element="dc.creator.location" value="MINNEAPOLIS"/>
<dc element="dc.creator.location.country.name" value="USA"/>
<dc element="dc.source" value="Reuters"/>
</metadata>
</newsitem>
