<?xml version="1.0" encoding="iso-8859-1" ?>
<newsitem itemid="669028" id="root" date="1997-06-18" xml:lang="en">
<title>USA: Leona Helmsley selling off real estate.</title>
<headline>Leona Helmsley selling off real estate.</headline>
<dateline>NEW YORK 1997-06-18</dateline>
<text>
<p>Leona Helmsley, widow of the late New York real estate mogul Harry Helmsley, is offering for sale a portion of the family's multibillion-dollar real estate empire.</p>
<p>Eastdil Realty Co LLC, a real estate investment banking company chosen by Helmsley to handle the sale, valued the properties at over $5 billion.</p>
<p>&quot;She said that she can't handle all those properties and wanted to sell some of them,&quot; said Helmsley spokesman Howard Rubenstein. &quot;And they are all prime properties.&quot;</p>
<p>For sale are over 25 million square feet of properties nationwide, including 20,000 residential units, over 7,500 hotel rooms, 50 separate retail projects, office buildings, and over eight million square feet of warehouses, garages, unimproved land and other properties.</p>
<p>Eastdil Chairman Ben Lambert said Helmsley was selling into a strong real estate market, adding, &quot;We hope that the results will be very very good for Mrs. Helmsley.&quot;</p>
</text>
<copyright>(c) Reuters Limited 1997</copyright>
<metadata>
<codes class="bip:countries:1.0">
  <code code="USA">
    <editdetail attribution="Reuters BIP Coding Group" action="confirmed" date="1997-06-18"/>
  </code>
</codes>
<codes class="bip:industries:1.0">
  <code code="I85000">
    <editdetail attribution="Reuters BIP Coding Group" action="confirmed" date="1997-06-18"/>
  </code>
</codes>
<codes class="bip:topics:1.0">
  <code code="C18">
    <editdetail attribution="Reuters BIP Coding Group" action="confirmed" date="1997-06-18"/>
  </code>
  <code code="C182">
    <editdetail attribution="Reuters BIP Coding Group" action="confirmed" date="1997-06-18"/>
  </code>
  <code code="CCAT">
    <editdetail attribution="Reuters BIP Coding Group" action="confirmed" date="1997-06-18"/>
  </code>
</codes>
<dc element="dc.date.created" value="1997-06-18"/>
<dc element="dc.publisher" value="Reuters Holdings Plc"/>
<dc element="dc.date.published" value="1997-06-18"/>
<dc element="dc.source" value="Reuters"/>
<dc element="dc.creator.location" value="NEW YORK"/>
<dc element="dc.creator.location.country.name" value="USA"/>
<dc element="dc.source" value="Reuters"/>
</metadata>
</newsitem>
