<?xml version="1.0" encoding="iso-8859-1" ?>
<newsitem itemid="669170" id="root" date="1997-06-18" xml:lang="en">
<title>LATVIA: OLAINFARM, KAIJA INJECT SOME LIFE INTO BOURSE.</title>
<headline>OLAINFARM, KAIJA INJECT SOME LIFE INTO BOURSE.</headline>
<dateline>RIGA 1997-06-18</dateline>
<text>
<p>* Share trade slightly more active at close at 66,000 lats versus 46,000 lats.</p>
<p>* Rietumu index gains 0.99 percent to 152.39</p>
<p>* Olainfarm most active at 12,500 lats, adds 10 santimes to 2.50 lats</p>
<p>* Kaija jumps into life, trades 11,200 lats, adds two to 2.13  </p>
<p>The bourse picked up slightly in trade on Wednesday, with activity in drugs maker Olainfarm and fish cannery Kaija giving some impetus to the market.</p>
<p>The bourse's new official index, formally launched today after two months of delay, added one percent to 379.98. The index is calculated from 100 on April 2 1996.</p>
<p>Turnover was 66,000 lats versus yesterday's 46,000 lats and Olainfarm traded 12,500 lats to rise to 2.50 from 2.40 lats, the highest it has been since joining the bourse last week.</p>
<p>Dealers said investors may have taken heart from company statements that a surprise first quarter loss was due to one-off tax items. Since entering the bourse, the share has been turbulent, falling as low as 2.09 lats.</p>
<p>Kaija was second most active share at 11,200 lats, adding two santimes to 2.13 lats.</p>
<p>Dealers did not really know why the stock rose but noted that gains may go no further as supply today of 41,000 shares easily outstripped demand of 8,800 shares.</p>
<p>Riga Jewellery was traded for the first time since joining the bourse on Monday, falling near the maximum 15 percent to 58 santimes from 68 santimes on 1,100 lats trade.</p>
<p>Staburadze on the official list was again active at 9,500 lats to fall to 2.69 lats from 2.70 lats while Strenci Forestry was uncharacteristically busy on the secondary list at 9,800 lats for a rise of 14 santimes to 1.64 lats.</p>
<p>-- Riga newsroom, +371 721 5240</p>
</text>
<copyright>(c) Reuters Limited 1997</copyright>
<metadata>
<codes class="bip:countries:1.0">
  <code code="LATV">
    <editdetail attribution="Reuters BIP Coding Group" action="confirmed" date="1997-06-18"/>
  </code>
</codes>
<codes class="bip:topics:1.0">
  <code code="M11">
    <editdetail attribution="Reuters BIP Coding Group" action="confirmed" date="1997-06-18"/>
  </code>
  <code code="MCAT">
    <editdetail attribution="Reuters BIP Coding Group" action="confirmed" date="1997-06-18"/>
  </code>
</codes>
<dc element="dc.date.created" value="1997-06-18"/>
<dc element="dc.publisher" value="Reuters Holdings Plc"/>
<dc element="dc.date.published" value="1997-06-18"/>
<dc element="dc.source" value="Reuters"/>
<dc element="dc.creator.location" value="RIGA"/>
<dc element="dc.creator.location.country.name" value="LATVIA"/>
<dc element="dc.source" value="Reuters"/>
</metadata>
</newsitem>
