<?xml version="1.0" encoding="iso-8859-1" ?>
<newsitem itemid="669120" id="root" date="1997-06-18" xml:lang="en">
<title>SPAIN: SOCCER-ROBSON'S DEPUTY HITS OUT AT BARCELONA.</title>
<headline>SOCCER-ROBSON'S DEPUTY HITS OUT AT BARCELONA.</headline>
<dateline>BARCELONA 1997-06-18</dateline>
<text>
<p>Barcelona deputy coach Jose Mourinho on Wednesday hit out at the club for preparing to fire him and Bobby Robson while ignoring their successes this season.</p>
<p>&quot;If the way they think is the same for everybody ... the next coach will be changed if he doesn't win the league,&quot; said Mourinho.</p>
<p>Mourinho emphasised that he and Robson had won the Spanish Super Cup, the European Cup Winners' Cup, a place in next season's European Cup and a slot in the Spanish Cup final on June 28.</p>
<p>His remarks followed the publication of Spanish sports press of comments attributed to Jose Luis Nunez, in which the Barcelona president said that Robson would not continue because he had not won the league.</p>
<p>But a Barcelona club official said on Wednesday Nunez had withdrawn the comments, and that the organisational structure for next season's coaching staff would be made public on July 1.</p>
</text>
<copyright>(c) Reuters Limited 1997</copyright>
<metadata>
<codes class="bip:countries:1.0">
  <code code="SPAIN">
    <editdetail attribution="Reuters BIP Coding Group" action="confirmed" date="1997-06-18"/>
  </code>
  <code code="UK">
    <editdetail attribution="Reuters BIP Coding Group" action="confirmed" date="1997-06-18"/>
  </code>
</codes>
<codes class="bip:topics:1.0">
  <code code="GCAT">
    <editdetail attribution="Reuters BIP Coding Group" action="confirmed" date="1997-06-18"/>
  </code>
  <code code="GSPO">
    <editdetail attribution="Reuters BIP Coding Group" action="confirmed" date="1997-06-18"/>
  </code>
</codes>
<dc element="dc.date.created" value="1997-06-18"/>
<dc element="dc.publisher" value="Reuters Holdings Plc"/>
<dc element="dc.date.published" value="1997-06-18"/>
<dc element="dc.source" value="Reuters"/>
<dc element="dc.creator.location" value="BARCELONA"/>
<dc element="dc.creator.location.country.name" value="SPAIN"/>
<dc element="dc.source" value="Reuters"/>
</metadata>
</newsitem>
