<?xml version="1.0" encoding="iso-8859-1" ?>
<newsitem itemid="669123" id="root" date="1997-06-18" xml:lang="en">
<title>FINLAND: ATHLETICS-JAVELIN DUO BACKLEY AND HATTESTAD SHINE.</title>
<headline>ATHLETICS-JAVELIN DUO BACKLEY AND HATTESTAD SHINE.</headline>
<dateline>HELSINKI 1997-06-18</dateline>
<text>
<p>Briton Steve Backley beat Czech Olympic and world champion Jan Zelezny and Norwegian Trine Hattestad threw the women's world best this year with outstanding javelin performances on Wednesday.</p>
<p>Backley stunned the competiton at the Helsinki international athletics meeting with a massive 87.96 metres first-round throw.</p>
<p>Zelezny, his technique askew, never came close and finished fourth with 83.30.</p>
<p>&quot;I am very satisfied,&quot; Backley said. &quot;It was a good competition and a good one to win.&quot;</p>
<p>He said he had watched Zelzny &quot;very carefully&quot; and had adapted his own style slightly. &quot;It seems to have worked. Zelezny looked tired and beating him tasted very good,&quot; he said.</p>
<p>Sporting her trademark sunny smile and long blonde hair, Hattestad threw 69.66 metres to win the women's event.</p>
<p>&quot;I am feeling stronger with every competition,&quot; the mother of two said. &quot;It is great to be throwing nearly 70 metres already.&quot;</p>
<p>The meeting also marked the return to competition of pole vault world record holder Sergei Bubka of Ukraine. He cleared only 5.60 metres to finish fifth in his first outing since an injury forced him out of the Atlanta Olympics last year.</p>
<p>&quot;Basically I can say it feels okay,&quot; he said. &quot;I am clearly not 100 percent, but I feel I am on the way back. I need to start somewhere -- I only began jogging in April.&quot;</p>
<p>His return took place in the stadium where he first rose to fame, winning the inaugural world championship title 14 years ago. &quot;Helsinki marked the start of my career. I hope it will also mark the restart,&quot; Bubka said.</p>
<p>On the track, Mark Richardson of Britain ran the first sub-45 seconds 400 metres this season by a European, clocking 44.91.</p>
<p>&quot;I have to be satisfied. I eased off on the line and that probably cost me a couple of hundredths,&quot; Richardson said.</p>
<p>The men's 100 metres race lost some of its sparkle before the start with Britain's Linford Christie wihdrawing with a nagging knee injury.</p>
<p>Frankie Fredericks of Namibia cruised to victory in  10.05 seconds -- a personal best this season.</p>
<p>Fredericks beat American Tim Montgomery, still suffering from jet-lag after finishing second over 100 metres in the U.S. trials.</p>
<p>&quot;I wanted a good start and a good race and I got both,&quot; the double Olympic silver medallist said.</p>
<p>Igor Kovacs of Slovakia won the high hurdles with the third fastest time this year, 13.21 seconds.</p>
<p>Tony Jarrett, Britain's double world championship silver medallist, slipped out of the blocks and did not finish.</p>
</text>
<copyright>(c) Reuters Limited 1997</copyright>
<metadata>
<codes class="bip:countries:1.0">
  <code code="CZREP">
    <editdetail attribution="Reuters BIP Coding Group" action="confirmed" date="1997-06-18"/>
  </code>
  <code code="FIN">
    <editdetail attribution="Reuters BIP Coding Group" action="confirmed" date="1997-06-18"/>
  </code>
  <code code="UK">
    <editdetail attribution="Reuters BIP Coding Group" action="confirmed" date="1997-06-18"/>
  </code>
</codes>
<codes class="bip:topics:1.0">
  <code code="GCAT">
    <editdetail attribution="Reuters BIP Coding Group" action="confirmed" date="1997-06-18"/>
  </code>
  <code code="GSPO">
    <editdetail attribution="Reuters BIP Coding Group" action="confirmed" date="1997-06-18"/>
  </code>
</codes>
<dc element="dc.date.created" value="1997-06-18"/>
<dc element="dc.publisher" value="Reuters Holdings Plc"/>
<dc element="dc.date.published" value="1997-06-18"/>
<dc element="dc.source" value="Reuters"/>
<dc element="dc.creator.location" value="HELSINKI"/>
<dc element="dc.creator.location.country.name" value="FINLAND"/>
<dc element="dc.source" value="Reuters"/>
</metadata>
</newsitem>
