<?xml version="1.0" encoding="iso-8859-1" ?>
<newsitem itemid="669101" id="root" date="1997-06-18" xml:lang="en">
<title>NEW ZEALAND: SOCCER-RUFER DOUBLE HELPS NEW ZEALAND CRUSH FIJI.</title>
<headline>SOCCER-RUFER DOUBLE HELPS NEW ZEALAND CRUSH FIJI.</headline>
<dateline>AUCKLAND 1997-06-18</dateline>
<text>
<p>Two goals by veteran striker Wynton Rufer helped New Zealand crush Fiji 5-0 in a World Cup qualifier on Wednesday and book a showdown with Australia to decide Oceania's representatives for the concluding battle for a place in the finals in France next year.</p>
<p>Rufer, 34, scored a goal in each half of a one-sided match before leaving the pitch with nine minutes remaining.</p>
<p>The Fijians, who were no match for a much better organised New Zealand side, were reduced to 10 men in the 56th minute when midfielder Jope Lomu was sent off for punching New Zealand striker Tim Stevens.</p>
<p>The win guaranteed New Zealand top place in their qualifying group and set up a two-leg play-off with Australia, with the first leg scheduled for Auckland on June 28.</p>
<p>The Australians built an unassailable lead in their group by thrashing the Solomon Islands 6-2 on Tuesday.</p>
<p>The winners of the Australia-New Zealand encounter face a play-off against the fourth-placed team in the Asian preliminary competition for a berth in the World Cup finals.</p>
</text>
<copyright>(c) Reuters Limited 1997</copyright>
<metadata>
<codes class="bip:countries:1.0">
  <code code="AUSTR">
    <editdetail attribution="Reuters BIP Coding Group" action="confirmed" date="1997-06-18"/>
  </code>
  <code code="FIJI">
    <editdetail attribution="Reuters BIP Coding Group" action="confirmed" date="1997-06-18"/>
  </code>
  <code code="FRA">
    <editdetail attribution="Reuters BIP Coding Group" action="confirmed" date="1997-06-18"/>
  </code>
  <code code="NZ">
    <editdetail attribution="Reuters BIP Coding Group" action="confirmed" date="1997-06-18"/>
  </code>
</codes>
<codes class="bip:topics:1.0">
  <code code="GCAT">
    <editdetail attribution="Reuters BIP Coding Group" action="confirmed" date="1997-06-18"/>
  </code>
  <code code="GSPO">
    <editdetail attribution="Reuters BIP Coding Group" action="confirmed" date="1997-06-18"/>
  </code>
</codes>
<dc element="dc.date.created" value="1997-06-18"/>
<dc element="dc.publisher" value="Reuters Holdings Plc"/>
<dc element="dc.date.published" value="1997-06-18"/>
<dc element="dc.source" value="Reuters"/>
<dc element="dc.creator.location" value="AUCKLAND"/>
<dc element="dc.creator.location.country.name" value="NEW ZEALAND"/>
<dc element="dc.source" value="Reuters"/>
</metadata>
</newsitem>
