<?xml version="1.0" encoding="iso-8859-1" ?>
<newsitem itemid="669150" id="root" date="1997-06-18" xml:lang="en">
<title>SOUTH AFRICA: DE BEERS RISES AMID FIRST HALF SALES NEWS.</title>
<headline>DE BEERS RISES AMID FIRST HALF SALES NEWS.</headline>
<dateline>JOHANNESBURG 1997-06-18</dateline>
<text>
<p>Shares in diamond giant De Beers Consolidated Mines Ltd rose on Wednesday as the firm posted first half sales up 4.81 percent to $2.880 billion.</p>
<p>By 1130 GMT the firm's stock was up 100 cents to 166.50 rand. </p>
<p>The company said consumer trends indicated that U.S. demand was continuing to grow at a similar rate to last year, while Japan, the second largest market after the U.S., was still expected to have a difficult year.</p>
<p>It noted, however, that first quarter sales of diamond jewellery in Japan were up in advance of retail tax increases in April.</p>
<p>-- Johannesburg newsroom +27 11 482 1003</p>
</text>
<copyright>(c) Reuters Limited 1997</copyright>
<metadata>
<codes class="bip:countries:1.0">
  <code code="SAFR">
    <editdetail attribution="Reuters BIP Coding Group" action="confirmed" date="1997-06-18"/>
  </code>
</codes>
<codes class="bip:industries:1.0">
  <code code="I23000">
    <editdetail attribution="Reuters BIP Coding Group" action="confirmed" date="1997-06-18"/>
  </code>
</codes>
<codes class="bip:topics:1.0">
  <code code="C15">
    <editdetail attribution="Reuters BIP Coding Group" action="confirmed" date="1997-06-18"/>
  </code>
  <code code="C152">
    <editdetail attribution="Reuters BIP Coding Group" action="confirmed" date="1997-06-18"/>
  </code>
  <code code="CCAT">
    <editdetail attribution="Reuters BIP Coding Group" action="confirmed" date="1997-06-18"/>
  </code>
</codes>
<dc element="dc.date.created" value="1997-06-18"/>
<dc element="dc.publisher" value="Reuters Holdings Plc"/>
<dc element="dc.date.published" value="1997-06-18"/>
<dc element="dc.source" value="Reuters"/>
<dc element="dc.creator.location" value="JOHANNESBURG"/>
<dc element="dc.creator.location.country.name" value="SOUTH AFRICA"/>
<dc element="dc.source" value="Reuters"/>
</metadata>
</newsitem>
