<?xml version="1.0" encoding="iso-8859-1" ?>
<newsitem itemid="669193" id="root" date="1997-06-18" xml:lang="en">
<title>POLAND: BORYSZEW MAY NET FALLS TO PLN 0.1 MLN.</title>
<headline>BORYSZEW MAY NET FALLS TO PLN 0.1 MLN.</headline>
<dateline>WARSAW 1997-06-18</dateline>
<text>
<p>Preliminary results May </p>
<p>(in million zlotys unless stated)</p>
<p> MAY			1997     1996</p>
<p> Net profit	     0.07 vs   0.27</p>
<p> Pre-tax profit	 0.23 vs   0.47</p>
<p> Operating profit     0.42 vs   0.70</p>
<p> Sales		    6.86 vs   6.69</p>
<p> JANUARY-MAY	    1997     1996</p>
<p> Net profit	     1.57 vs   1.22</p>
<p> Pre-tax profit	 2.49 vs   2.09</p>
<p> Operating profit     2.92 vs   2.66</p>
<p> Sales		   35.64 vs  31.52</p>
<p>Note. Full name of the Polish chemical firm is Zaklady</p>
<p>Chemiczne i Tworzyw Sztucznych Boryszew SA.</p>
<p>-- Warsaw Newsroom +48 22 653 9700</p>
</text>
<copyright>(c) Reuters Limited 1997</copyright>
<metadata>
<codes class="bip:countries:1.0">
  <code code="POL">
    <editdetail attribution="Reuters BIP Coding Group" action="confirmed" date="1997-06-18"/>
  </code>
</codes>
<codes class="bip:industries:1.0">
  <code code="I48300">
    <editdetail attribution="Reuters BIP Coding Group" action="confirmed" date="1997-06-18"/>
  </code>
</codes>
<codes class="bip:topics:1.0">
  <code code="C15">
    <editdetail attribution="Reuters BIP Coding Group" action="confirmed" date="1997-06-18"/>
  </code>
  <code code="C151">
    <editdetail attribution="Reuters BIP Coding Group" action="confirmed" date="1997-06-18"/>
  </code>
  <code code="CCAT">
    <editdetail attribution="Reuters BIP Coding Group" action="confirmed" date="1997-06-18"/>
  </code>
</codes>
<dc element="dc.date.created" value="1997-06-18"/>
<dc element="dc.publisher" value="Reuters Holdings Plc"/>
<dc element="dc.date.published" value="1997-06-18"/>
<dc element="dc.source" value="Reuters"/>
<dc element="dc.creator.location" value="WARSAW"/>
<dc element="dc.creator.location.country.name" value="POLAND"/>
<dc element="dc.source" value="Reuters"/>
</metadata>
</newsitem>
