<?xml version="1.0" encoding="iso-8859-1" ?>
<newsitem itemid="669126" id="root" date="1997-06-18" xml:lang="en">
<title>SWITZERLAND: SWIMMING-COURT LIFTS FOSCHI SUSPENSION.</title>
<headline>SWIMMING-COURT LIFTS FOSCHI SUSPENSION.</headline>
<byline>Steve Keating</byline>
<dateline>LAUSANNE, Switzerland 1997-06-18</dateline>
<text>
<p>American swimmer Jessica Foschi had her two-year suspension for steroid use cut by the Court of Arbitration for Sport (CAS) on Wednesday, clearing the way for her immediate return to international competition.</p>
<p>FINA, international swimming's governing body, who had banned Foschi after she tested positive for the metabolic steroid nesteroton at the 1995 U.S. national championships and who later turned down an appeal, were ordered to pay the American teenager 15,000 Swiss francs to cover her court costs.</p>
<p>&quot;We respect the decision of the court,&quot; said FINA executive director Cornel Marculescu. &quot;The decision of the court is final.</p>
<p>&quot;We don't know the reasons for the decision, just the decision that was made.&quot;</p>
<p>The CAS reduced the suspension from two years to six months, from August 4 1995 to February 3 1996.</p>
<p>In making the ruling, the CAS acknowledged that Foschi had committed an offence under FINA medical rules which say that the identification of a banned substance or any of its metabolites in a competitor's urine can result in two-year suspension.</p>
<p>&quot;I'm puzzled by the decision,&quot; said FINA counsel Jean-Pierre Morand. &quot;They (CAS) acknowledged a positive test and that an offence had been committed.</p>
<p>&quot;Why they chose to reduce it to nothing, I have no idea. That information will be forthcoming in the next months.&quot;</p>
<p>The ruling ends a rollercoaster saga of bans and appeals that stretches back to August 4 1995 when the then 15-year-old American first tested positive.</p>
<p>Foschi, who has steadfastly maintained her innocence and claimed the tests were sabotaged, was originally placed on two years' probation last June by the U.S. Swimming National Board of Review but a subsequent appeal to the American Arbitration Association reversed all sanctions.</p>
<p>Under growing pressure to clean up the sport, FINA took up the case and conducted their own investigation suspending the swimmer for two years on August 3 1996.</p>
<p>&quot;The evidence showed that FINA's due process is a travesty,&quot; said Foschi's lawyer Mark Levinstein. &quot;They don't know their own rules.</p>
<p>&quot;The rules are so badly written, who knows what they mean? They just have this concept that they can do as they please.&quot;</p>
</text>
<copyright>(c) Reuters Limited 1997</copyright>
<metadata>
<codes class="bip:countries:1.0">
  <code code="SWITZ">
    <editdetail attribution="Reuters BIP Coding Group" action="confirmed" date="1997-06-18"/>
  </code>
  <code code="USA">
    <editdetail attribution="Reuters BIP Coding Group" action="confirmed" date="1997-06-18"/>
  </code>
</codes>
<codes class="bip:topics:1.0">
  <code code="GCAT">
    <editdetail attribution="Reuters BIP Coding Group" action="confirmed" date="1997-06-18"/>
  </code>
  <code code="GSPO">
    <editdetail attribution="Reuters BIP Coding Group" action="confirmed" date="1997-06-18"/>
  </code>
</codes>
<dc element="dc.date.created" value="1997-06-18"/>
<dc element="dc.publisher" value="Reuters Holdings Plc"/>
<dc element="dc.date.published" value="1997-06-18"/>
<dc element="dc.source" value="Reuters"/>
<dc element="dc.creator.location" value="LAUSANNE, Switzerland"/>
<dc element="dc.creator.location.country.name" value="SWITZERLAND"/>
<dc element="dc.source" value="Reuters"/>
</metadata>
</newsitem>
