<?xml version="1.0" encoding="iso-8859-1" ?>
<newsitem itemid="669135" id="root" date="1997-06-18" xml:lang="en">
<title>ITALY: SOCCER-FACTFILE OF MILAN COACH FABIO CAPELLO.</title>
<headline>SOCCER-FACTFILE OF MILAN COACH FABIO CAPELLO.</headline>
<dateline>MILAN 1997-06-18</dateline>
<text>
<p>The following is a factfile of Fabio Capello, who returns to AC Milan as coach next season and who celebrates his 51st birthday on Wednesday:</p>
<p>1946 - Born in Pieris, near the north-eastern city of Gorizia, on June 18.</p>
<p>1964 - Made his serie A debut for Spal (Ferrara) against Sampdoria.</p>
<p>1967 - Joined Roma, coached by Helenio Herrera.</p>
<p>1970 - Moved to Juventus</p>
<p>1972 - May 13, made his debut for Italy against Belgium at the Parc Astrid in Brussels. Belgium won 2-1.</p>
<p>1976 - Joined Milan, played last match for Italy in a friendly against Portugal in Lisbon. Portugal won 2-1.</p>
<p>1980 - Retired as a player after 332 league matches in which he scored a total of 45 goals.</p>
<p>1985 - Became Milan youth coach</p>
<p>1986 - Had five games in charge of Milan.</p>
<p>1987 - Returned as youth team coach until 1991</p>
<p>1991 - Took over from Arrigo Sacchi as Milan coach</p>
<p>1996 - Joined Real Madrid as coach</p>
<p>1997 - Returned to Milan at end of Spanish season</p>
<p>Major honours:</p>
<p>Italian league title as a player: 1971-72 (Juventus), 1972-73 (Juventus), 1974-75 (Juventus), 1978-79 (Milan)</p>
<p>Italian league title as a coach (all Milan): 1991-92, 1992-93, 1993-94, 1995-96</p>
<p>Spanish league title (Real Madrid): 1996-97</p>
<p>Italian Cup: 1968-69 (Roma), 1976-77 (Milan)</p>
<p>European Cup: 1993-94 (Milan)</p>
<p>European Supercup: 1994-95 (Milan)</p>
<p>Other facts:</p>
<p>Played 32 times for Italy (won 18, drew 7, lost 7. Scored eight goals)</p>
<p>In 175 league matches as coach of Milan, his team lost just 17 times with eight defeats coming in the 1994-95 season.</p>
<p>In 1991-92, his debut season as coach, Milan were unbeaten.</p>
</text>
<copyright>(c) Reuters Limited 1997</copyright>
<metadata>
<codes class="bip:countries:1.0">
  <code code="ITALY">
    <editdetail attribution="Reuters BIP Coding Group" action="confirmed" date="1997-06-18"/>
  </code>
</codes>
<codes class="bip:topics:1.0">
  <code code="GCAT">
    <editdetail attribution="Reuters BIP Coding Group" action="confirmed" date="1997-06-18"/>
  </code>
  <code code="GSPO">
    <editdetail attribution="Reuters BIP Coding Group" action="confirmed" date="1997-06-18"/>
  </code>
</codes>
<dc element="dc.date.created" value="1997-06-18"/>
<dc element="dc.publisher" value="Reuters Holdings Plc"/>
<dc element="dc.date.published" value="1997-06-18"/>
<dc element="dc.source" value="Reuters"/>
<dc element="dc.creator.location" value="MILAN"/>
<dc element="dc.creator.location.country.name" value="ITALY"/>
<dc element="dc.source" value="Reuters"/>
</metadata>
</newsitem>
