<?xml version="1.0" encoding="iso-8859-1" ?>
<newsitem itemid="669164" id="root" date="1997-06-18" xml:lang="en">
<title>MALAWI: PRESS DIGEST - MALAWI - JUNE 18.</title>
<headline>PRESS DIGEST - MALAWI - JUNE 18.</headline>
<dateline>BLANTYRE 1997-06-18</dateline>
<text>
<p>The following are the leading stories in the local press on Wednesday.</p>
<p>Reuters has not verified these stories and does not vouch for their accuracy.</p>
<p>- - - -</p>
<p>THE NATION </p>
<p>- More than 1,000 tenants under the Malawi Housing Corporation (MHC) in Blantyre vowed to fight against the 90 percent rent rise and resolved to contribute K100 each for hiring a lawyer to contest the matter in court. </p>
<p>- The opposition Alliance For Democracy's (AFORD) executive council is expected to meet in Lilongwe this weekend to endorse a merger with the main opposition Malawi Congress Party (MCP).</p>
<p>- High Court Judge Duncan Tambala has sued a secondary school teacher and his employer, the Ministry of Education and Culture, for beating up his daughter in Blantyre against the country's policy on corporal punishment.</p>
<p>DAILY TIMES </p>
<p>- Police said on Tuesday they were investigating a case of K1.7 million ($113,000) which went missing from the Commercial Bank of Malawi (CBM) in a spate of bank raids by a syndicate of unscrupulous people fraudulently syphoning them of hard cash. </p>
<p>THE STAR </p>
<p>- The United Nations Development Programme (UNDP) sharply criticised the Malawi Posts and Telecommunications Corporation (MPTC) for granting a licence to a private U.S. firm to operate a commercial internet system when it had offered to operate the same system cheaply.</p>
</text>
<copyright>(c) Reuters Limited 1997</copyright>
<metadata>
<codes class="bip:countries:1.0">
  <code code="MALAW">
    <editdetail attribution="Reuters BIP Coding Group" action="confirmed" date="1997-06-18"/>
  </code>
</codes>
<codes class="bip:topics:1.0">
  <code code="GCAT">
    <editdetail attribution="Reuters BIP Coding Group" action="confirmed" date="1997-06-18"/>
  </code>
</codes>
<dc element="dc.date.created" value="1997-06-18"/>
<dc element="dc.publisher" value="Reuters Holdings Plc"/>
<dc element="dc.date.published" value="1997-06-18"/>
<dc element="dc.source" value="Reuters"/>
<dc element="dc.creator.location" value="BLANTYRE"/>
<dc element="dc.creator.location.country.name" value="MALAWI"/>
<dc element="dc.source" value="Reuters"/>
</metadata>
</newsitem>
