<?xml version="1.0" encoding="iso-8859-1" ?>
<newsitem itemid="669154" id="root" date="1997-06-18" xml:lang="en">
<title>SOUTH AFRICA: GENCOR SEES BETTER JUNE QUARTER RESULTS.</title>
<headline>GENCOR SEES BETTER JUNE QUARTER RESULTS.</headline>
<dateline>JOHANNESBURG 1997-06-18</dateline>
<text>
<p>Gencor Ltd said on Wednesday it expected an improvement in earnings in the current quarter to end-June and continued to expect similar second-half results to those achieved in the first half.</p>
<p>&quot;I am permitted to say that the current quarter will be better than the last quarter, and that I can see no reason to change the forecast that I made at the half-year regarding Gencor's results for the full 1997 financial year,&quot; chairman Brian Gilbertson told a news conference.  </p>
<p>Gilbertson said at the time time of the release of half-year results in February that the company should at least achieve similar results in the seond half of its financial year.</p>
<p>Gencor lifted attributable income before exceptional items in the first half to December 31, 1996 by 74 percent to 1,018 million rand.</p>
<p>-- Johannesburg newsroom +27 11 482 1003</p>
</text>
<copyright>(c) Reuters Limited 1997</copyright>
<metadata>
<codes class="bip:countries:1.0">
  <code code="SAFR">
    <editdetail attribution="Reuters BIP Coding Group" action="confirmed" date="1997-06-18"/>
  </code>
</codes>
<codes class="bip:industries:1.0">
  <code code="I83960">
    <editdetail attribution="Reuters BIP Coding Group" action="confirmed" date="1997-06-18"/>
  </code>
</codes>
<codes class="bip:topics:1.0">
  <code code="C15">
    <editdetail attribution="Reuters BIP Coding Group" action="confirmed" date="1997-06-18"/>
  </code>
  <code code="C152">
    <editdetail attribution="Reuters BIP Coding Group" action="confirmed" date="1997-06-18"/>
  </code>
  <code code="CCAT">
    <editdetail attribution="Reuters BIP Coding Group" action="confirmed" date="1997-06-18"/>
  </code>
</codes>
<dc element="dc.date.created" value="1997-06-18"/>
<dc element="dc.publisher" value="Reuters Holdings Plc"/>
<dc element="dc.date.published" value="1997-06-18"/>
<dc element="dc.source" value="Reuters"/>
<dc element="dc.creator.location" value="JOHANNESBURG"/>
<dc element="dc.creator.location.country.name" value="SOUTH AFRICA"/>
<dc element="dc.source" value="Reuters"/>
</metadata>
</newsitem>
