<?xml version="1.0" encoding="iso-8859-1" ?>
<newsitem itemid="669158" id="root" date="1997-06-18" xml:lang="en">
<title>SOUTH AFRICA: GALLAGHER , TOCO BOUNCE OFF LOWS.</title>
<headline>GALLAGHER , TOCO BOUNCE OFF LOWS.</headline>
<dateline>JOHANNESBURG 1997-06-18</dateline>
<text>
<p>Shares in South African firms Gallagher Ltd and Toco Holdings Ltd both bounced off their recent lows on Wednesday as buyers crept back into the stocks, dealers said.</p>
<p>By about 1000 GMT Gallagher was up five, or 5.5 percent, to 104 cents and Toco rose three cents, or 8.57 percent, to 38 cents.</p>
<p>Both stocks saw relatively good volumes with more than a million Toco shares being traded and 178,300 Gallagher shares changing hands.</p>
<p>Toco has been sliding all year and has issued two profit warnings so far in 1997, the most recent coming in May, while Gallagher slid on Tuesday after posting another set of year results firmly in the red.</p>
<p>&quot;Gallagher is just bouncing back after taking a whack yesterday (Tuedsay),&quot; one dealer said.</p>
<p>-- Johannesburg newsroom +27 11 482 1003</p>
</text>
<copyright>(c) Reuters Limited 1997</copyright>
<metadata>
<codes class="bip:countries:1.0">
  <code code="SAFR">
    <editdetail attribution="Reuters BIP Coding Group" action="confirmed" date="1997-06-18"/>
  </code>
</codes>
<codes class="bip:industries:1.0">
  <code code="I85000">
    <editdetail attribution="Reuters BIP Coding Group" action="confirmed" date="1997-06-18"/>
  </code>
</codes>
<codes class="bip:topics:1.0">
  <code code="C15">
    <editdetail attribution="Reuters BIP Coding Group" action="confirmed" date="1997-06-18"/>
  </code>
  <code code="C152">
    <editdetail attribution="Reuters BIP Coding Group" action="confirmed" date="1997-06-18"/>
  </code>
  <code code="CCAT">
    <editdetail attribution="Reuters BIP Coding Group" action="confirmed" date="1997-06-18"/>
  </code>
</codes>
<dc element="dc.date.created" value="1997-06-18"/>
<dc element="dc.publisher" value="Reuters Holdings Plc"/>
<dc element="dc.date.published" value="1997-06-18"/>
<dc element="dc.source" value="Reuters"/>
<dc element="dc.creator.location" value="JOHANNESBURG"/>
<dc element="dc.creator.location.country.name" value="SOUTH AFRICA"/>
<dc element="dc.source" value="Reuters"/>
</metadata>
</newsitem>
