<?xml version="1.0" encoding="iso-8859-1" ?>
<newsitem itemid="669148" id="root" date="1997-06-18" xml:lang="en">
<title>SOUTH AFRICA: S.AFRICA'S ZUMA SETS NEWS CONFERENCE ON DRUG BILL.</title>
<headline>S.AFRICA'S ZUMA SETS NEWS CONFERENCE ON DRUG BILL.</headline>
<dateline>CAPE TOWN 1997-06-18</dateline>
<text>
<p>South African Health Minister Nkosazana Zuma will hold a news conference on Thursday to discuss three controversial bills she withdrew from parliament last week, her spokesman said on Wednesday.</p>
<p>The news conference at 1.30 p.m. (1130 GMT) follows discussions on revisions to the bills at a cabinet meeting on Wednesday.</p>
<p>Zuma has said she plans only minor technical changes to the bills, one of which raised a storm of protest in the pharmaceutical industry.</p>
<p>Drug manufacturers objected to provisions for the promotion of generic medicine and for the parallel importation of branded drugs, measures which Zuma said would bring down medical costs.</p>
<p>-- Cape Town newsroom +2721 403-2502</p>
</text>
<copyright>(c) Reuters Limited 1997</copyright>
<metadata>
<codes class="bip:countries:1.0">
  <code code="SAFR">
    <editdetail attribution="Reuters BIP Coding Group" action="confirmed" date="1997-06-18"/>
  </code>
</codes>
<codes class="bip:industries:1.0">
  <code code="I25700">
    <editdetail attribution="Reuters BIP Coding Group" action="confirmed" date="1997-06-18"/>
  </code>
</codes>
<codes class="bip:topics:1.0">
  <code code="C13">
    <editdetail attribution="Reuters BIP Coding Group" action="confirmed" date="1997-06-18"/>
  </code>
  <code code="CCAT">
    <editdetail attribution="Reuters BIP Coding Group" action="confirmed" date="1997-06-18"/>
  </code>
  <code code="GCAT">
    <editdetail attribution="Reuters BIP Coding Group" action="confirmed" date="1997-06-18"/>
  </code>
  <code code="GPOL">
    <editdetail attribution="Reuters BIP Coding Group" action="confirmed" date="1997-06-18"/>
  </code>
</codes>
<dc element="dc.date.created" value="1997-06-18"/>
<dc element="dc.publisher" value="Reuters Holdings Plc"/>
<dc element="dc.date.published" value="1997-06-18"/>
<dc element="dc.source" value="Reuters"/>
<dc element="dc.creator.location" value="CAPE TOWN"/>
<dc element="dc.creator.location.country.name" value="SOUTH AFRICA"/>
<dc element="dc.source" value="Reuters"/>
</metadata>
</newsitem>
