<?xml version="1.0" encoding="iso-8859-1" ?>
<newsitem itemid="669297" id="root" date="1997-06-18" xml:lang="en">
<title>POLAND: KOMPAP MAY NET FLAT AT PLN 0.2 MLN.</title>
<headline>KOMPAP MAY NET FLAT AT PLN 0.2 MLN.</headline>
<dateline>WARSAW 1997-06-18</dateline>
<text>
<p>Preliminary results May </p>
<p>(in million zlotys unless stated)</p>
<p> MAY			1997     1996</p>
<p> Net profit	     0.23 vs   0.23</p>
<p> Pre-tax profit	 0.34 vs   0.26</p>
<p> Operating profit     0.44 vs   0.29</p>
<p> Sales		    5.14 vs   3.34</p>
<p> JANUARY-MAY	    1997     1996</p>
<p> Net profit	     1.65 vs   0.68</p>
<p> Pre-tax profit	 2.48 vs   0.92</p>
<p> Operating profit     2.61 vs   1.09</p>
<p> Sales		   27.34 vs  17.94</p>
<p>Note. Full name of the Polish paper firm is Kompap SA.</p>
<p>-- Warsaw Newsroom +48 22 653 9700</p>
</text>
<copyright>(c) Reuters Limited 1997</copyright>
<metadata>
<codes class="bip:countries:1.0">
  <code code="POL">
    <editdetail attribution="Reuters BIP Coding Group" action="confirmed" date="1997-06-18"/>
  </code>
</codes>
<codes class="bip:industries:1.0">
  <code code="I47100">
    <editdetail attribution="Reuters BIP Coding Group" action="confirmed" date="1997-06-18"/>
  </code>
</codes>
<codes class="bip:topics:1.0">
  <code code="C15">
    <editdetail attribution="Reuters BIP Coding Group" action="confirmed" date="1997-06-18"/>
  </code>
  <code code="C151">
    <editdetail attribution="Reuters BIP Coding Group" action="confirmed" date="1997-06-18"/>
  </code>
  <code code="CCAT">
    <editdetail attribution="Reuters BIP Coding Group" action="confirmed" date="1997-06-18"/>
  </code>
</codes>
<dc element="dc.date.created" value="1997-06-18"/>
<dc element="dc.publisher" value="Reuters Holdings Plc"/>
<dc element="dc.date.published" value="1997-06-18"/>
<dc element="dc.source" value="Reuters"/>
<dc element="dc.creator.location" value="WARSAW"/>
<dc element="dc.creator.location.country.name" value="POLAND"/>
<dc element="dc.source" value="Reuters"/>
</metadata>
</newsitem>
