<?xml version="1.0" encoding="iso-8859-1" ?>
<newsitem itemid="669289" id="root" date="1997-06-18" xml:lang="en">
<title>POLAND: LENTEX MAY NET RISES TO PLN 1.2 MLN.</title>
<headline>LENTEX MAY NET RISES TO PLN 1.2 MLN.</headline>
<dateline>WARSAW 1997-06-18</dateline>
<text>
<p>Preliminary results May </p>
<p>(in million zlotys unless stated)</p>
<p> MAY			1997     1996</p>
<p> Net profit	     1.21 vs   0.74</p>
<p> Pre-tax profit	 1.76 vs   1.23</p>
<p> Operating profit     1.35 vs   1.22</p>
<p> Sales		   10.76 vs  11.15</p>
<p> JANUARY-MAY	    1997     1996</p>
<p> Net profit	     4.48 vs   3.08</p>
<p> Pre-tax profit	 6.36 vs   4.91</p>
<p> Operating profit     4.98 vs   4.91</p>
<p> Sales		   53.31 vs  50.17</p>
<p>Note. Full name of the Polish textile firm is Lentex SA.</p>
<p>-- Warsaw Newsroom +48 22 653 9700</p>
</text>
<copyright>(c) Reuters Limited 1997</copyright>
<metadata>
<codes class="bip:countries:1.0">
  <code code="POL">
    <editdetail attribution="Reuters BIP Coding Group" action="confirmed" date="1997-06-18"/>
  </code>
</codes>
<codes class="bip:industries:1.0">
  <code code="I43000">
    <editdetail attribution="Reuters BIP Coding Group" action="confirmed" date="1997-06-18"/>
  </code>
</codes>
<codes class="bip:topics:1.0">
  <code code="C15">
    <editdetail attribution="Reuters BIP Coding Group" action="confirmed" date="1997-06-18"/>
  </code>
  <code code="C151">
    <editdetail attribution="Reuters BIP Coding Group" action="confirmed" date="1997-06-18"/>
  </code>
  <code code="CCAT">
    <editdetail attribution="Reuters BIP Coding Group" action="confirmed" date="1997-06-18"/>
  </code>
</codes>
<dc element="dc.date.created" value="1997-06-18"/>
<dc element="dc.publisher" value="Reuters Holdings Plc"/>
<dc element="dc.date.published" value="1997-06-18"/>
<dc element="dc.source" value="Reuters"/>
<dc element="dc.creator.location" value="WARSAW"/>
<dc element="dc.creator.location.country.name" value="POLAND"/>
<dc element="dc.source" value="Reuters"/>
</metadata>
</newsitem>
