<?xml version="1.0" encoding="iso-8859-1" ?>
<newsitem itemid="669294" id="root" date="1997-06-18" xml:lang="en">
<title>BULGARIA: BULGARIA COURT TO RULE ON FP BANK BY MID-JULY.</title>
<headline>BULGARIA COURT TO RULE ON FP BANK BY MID-JULY.</headline>
<dateline>SOFIA 1997-06-18</dateline>
<text>
<p>Bulgaria's Supreme Court will rule by mid-July on a central bank appeal against a lower court's rejection of an insolvency claim against First Private Bank (FPB), a central bank official said on Wednesday.</p>
<p>&quot;The Supreme Court will announce its decision whether the (central bank) appeal is justified by the middle of July,&quot; the official told reporters.</p>
<p>FPB officials were not immediately available for comment.</p>
<p>The Bulgarian National Bank (BNB) put FPB, Bulgaria's biggest private bank, in receivership on May 17, 1996 and sought its insolvency through the Sofia City Court two weeks later.</p>
<p>But the court rejected the BNB claim in December, saying it was not supported by enough evidence. The BNB appealed against that ruling and the Supreme Court was expected to consider the appeal next month.</p>
<p>The central bank retracted FPB's banking licence last month, citing its failure to collect loans and repay debts of over 200 billion levs to its major creditors during the one-year period of receivership.</p>
<p>The BNB has said that FPB owed over 100 billion levs to the state for repayments to depositors, and over 90 billion levs to the BNB at end-March.</p>
<p>The FPB had a heavily negative capital to risk assets ratio and its registered capital of two billion levs was not fully paid in, which prevented possibilities for attracting potential investors to increase the FPB capital, the BNB has said.</p>
<p>Under a $657 million reform and funding agreement with the IMF, Bulgarian banks should have a minimum six percent capital to risk assets ratio by the end of this year and eight percent by mid-1998 to comply with international standards. -- Sofia Newsroom +359-2 91188</p>
</text>
<copyright>(c) Reuters Limited 1997</copyright>
<metadata>
<codes class="bip:countries:1.0">
  <code code="BUL">
    <editdetail attribution="Reuters BIP Coding Group" action="confirmed" date="1997-06-18"/>
  </code>
</codes>
<codes class="bip:industries:1.0">
  <code code="I81402">
    <editdetail attribution="Reuters BIP Coding Group" action="confirmed" date="1997-06-18"/>
  </code>
</codes>
<codes class="bip:topics:1.0">
  <code code="C12">
    <editdetail attribution="Reuters BIP Coding Group" action="confirmed" date="1997-06-18"/>
  </code>
  <code code="C16">
    <editdetail attribution="Reuters BIP Coding Group" action="confirmed" date="1997-06-18"/>
  </code>
  <code code="CCAT">
    <editdetail attribution="Reuters BIP Coding Group" action="confirmed" date="1997-06-18"/>
  </code>
  <code code="GCAT">
    <editdetail attribution="Reuters BIP Coding Group" action="confirmed" date="1997-06-18"/>
  </code>
  <code code="GCRIM">
    <editdetail attribution="Reuters BIP Coding Group" action="confirmed" date="1997-06-18"/>
  </code>
</codes>
<dc element="dc.date.created" value="1997-06-18"/>
<dc element="dc.publisher" value="Reuters Holdings Plc"/>
<dc element="dc.date.published" value="1997-06-18"/>
<dc element="dc.source" value="Reuters"/>
<dc element="dc.creator.location" value="SOFIA"/>
<dc element="dc.creator.location.country.name" value="BULGARIA"/>
<dc element="dc.source" value="Reuters"/>
</metadata>
</newsitem>
