<?xml version="1.0" encoding="iso-8859-1" ?>
<newsitem itemid="669244" id="root" date="1997-06-18" xml:lang="en">
<title>POLAND: ZREW MAY NET FLAT AT PLN 0.6 MLN.</title>
<headline>ZREW MAY NET FLAT AT PLN 0.6 MLN.</headline>
<dateline>WARSAW 1997-06-18</dateline>
<text>
<p>Preliminary results May </p>
<p>(in million zlotys unless stated)</p>
<p> MAY			1997     1996</p>
<p> Net profit	     0.57 vs   0.57</p>
<p> Pre-tax profit	 0.91 vs   0.76</p>
<p> Operating profit     0.85 vs   0.75</p>
<p> Sales		    7.06 vs   5.91</p>
<p> JANUARY-MAY	    1997     1996</p>
<p> Net profit	     1.02 vs   0.16</p>
<p> Pre-tax profit	 1.76 vs   0.36</p>
<p> Operating profit     1.47 vs   0.27</p>
<p> Sales		   25.89 vs  18.48</p>
<p>Note. Full name of the Polish electric equipment maker is</p>
<p>Zaklady Remontowe Energetyki Warszawa SA.</p>
<p>-- Warsaw Newsroom +48 22 653 9700</p>
</text>
<copyright>(c) Reuters Limited 1997</copyright>
<metadata>
<codes class="bip:countries:1.0">
  <code code="POL">
    <editdetail attribution="Reuters BIP Coding Group" action="confirmed" date="1997-06-18"/>
  </code>
</codes>
<codes class="bip:industries:1.0">
  <code code="I32000">
    <editdetail attribution="Reuters BIP Coding Group" action="confirmed" date="1997-06-18"/>
  </code>
</codes>
<codes class="bip:topics:1.0">
  <code code="C15">
    <editdetail attribution="Reuters BIP Coding Group" action="confirmed" date="1997-06-18"/>
  </code>
  <code code="C151">
    <editdetail attribution="Reuters BIP Coding Group" action="confirmed" date="1997-06-18"/>
  </code>
  <code code="CCAT">
    <editdetail attribution="Reuters BIP Coding Group" action="confirmed" date="1997-06-18"/>
  </code>
</codes>
<dc element="dc.date.created" value="1997-06-18"/>
<dc element="dc.publisher" value="Reuters Holdings Plc"/>
<dc element="dc.date.published" value="1997-06-18"/>
<dc element="dc.source" value="Reuters"/>
<dc element="dc.creator.location" value="WARSAW"/>
<dc element="dc.creator.location.country.name" value="POLAND"/>
<dc element="dc.source" value="Reuters"/>
</metadata>
</newsitem>
