<?xml version="1.0" encoding="iso-8859-1" ?>
<newsitem itemid="669253" id="root" date="1997-06-18" xml:lang="en">
<title>POLAND: ROLIMPEX MAY NET FALLS TO PLN 0.1 MLN.</title>
<headline>ROLIMPEX MAY NET FALLS TO PLN 0.1 MLN.</headline>
<dateline>WARSAW 1997-06-18</dateline>
<text>
<p>Preliminary results May </p>
<p>(in million zlotys unless stated)</p>
<p> MAY			1997     1996</p>
<p> Net profit	     0.14 vs   1.00</p>
<p> Pre-tax profit	 0.17 vs   1.72</p>
<p> Operating profit     2.80 vs   4.84</p>
<p> Sales		   99.81 vs 118.21</p>
<p> JANUARY-MAY	    1997     1996</p>
<p> Net profit	     5.15 vs  14.42</p>
<p> Pre-tax profit	 8.37 vs  21.34</p>
<p> Operating profit    31.04 vs  38.28</p>
<p> Sales		  611.16 vs 549.55</p>
<p>Note. Full name of the Polish food trader is Rolimpex SA.</p>
<p>-- Warsaw Newsroom +48 22 653 9700</p>
</text>
<copyright>(c) Reuters Limited 1997</copyright>
<metadata>
<codes class="bip:countries:1.0">
  <code code="POL">
    <editdetail attribution="Reuters BIP Coding Group" action="confirmed" date="1997-06-18"/>
  </code>
</codes>
<codes class="bip:industries:1.0">
  <code code="I61000">
    <editdetail attribution="Reuters BIP Coding Group" action="confirmed" date="1997-06-18"/>
  </code>
</codes>
<codes class="bip:topics:1.0">
  <code code="C15">
    <editdetail attribution="Reuters BIP Coding Group" action="confirmed" date="1997-06-18"/>
  </code>
  <code code="C151">
    <editdetail attribution="Reuters BIP Coding Group" action="confirmed" date="1997-06-18"/>
  </code>
  <code code="CCAT">
    <editdetail attribution="Reuters BIP Coding Group" action="confirmed" date="1997-06-18"/>
  </code>
</codes>
<dc element="dc.date.created" value="1997-06-18"/>
<dc element="dc.publisher" value="Reuters Holdings Plc"/>
<dc element="dc.date.published" value="1997-06-18"/>
<dc element="dc.source" value="Reuters"/>
<dc element="dc.creator.location" value="WARSAW"/>
<dc element="dc.creator.location.country.name" value="POLAND"/>
<dc element="dc.source" value="Reuters"/>
</metadata>
</newsitem>
