<?xml version="1.0" encoding="iso-8859-1" ?>
<newsitem itemid="669235" id="root" date="1997-06-18" xml:lang="en">
<title>BULGARIA: BULGARIAN NATIONAL BANK FIXINGS FOR JUNE 19.</title>
<headline>BULGARIAN NATIONAL BANK FIXINGS FOR JUNE 19.</headline>
<dateline>SOFIA 1997-06-18</dateline>
<text>
<p>The Bulgarian National Bank set</p>
<p>the following fixed exchange rates against the Bulgarian lev</p>
<p>for Thursday, June 19:</p>
<p>(Previous in brackets)</p>
<p>    USD  1,695.00 (1,697.40)	CHF  1,174.20 (1,173.20)</p>
<p>    DEM    981.93 (979.46)	  GBP  2,777.10 (2,779.50)</p>
<p>    ATS    139.58 (138.99)</p>
<p>Trading volume for Wednesday (total as dollar equivalent):</p>
<p>    Banks bought    $17.56 million</p>
<p>    Banks sold	$ 8.33 million</p>
<p>Total turnover  $25.89 million ($39.22 million)</p>
<p>-- Sofia Newsroom, (++359-2) 91188</p>
</text>
<copyright>(c) Reuters Limited 1997</copyright>
<metadata>
<codes class="bip:countries:1.0">
  <code code="BUL">
    <editdetail attribution="Reuters BIP Coding Group" action="confirmed" date="1997-06-18"/>
  </code>
</codes>
<codes class="bip:topics:1.0">
  <code code="M13">
    <editdetail attribution="Reuters BIP Coding Group" action="confirmed" date="1997-06-18"/>
  </code>
  <code code="M132">
    <editdetail attribution="Reuters BIP Coding Group" action="confirmed" date="1997-06-18"/>
  </code>
  <code code="MCAT">
    <editdetail attribution="Reuters BIP Coding Group" action="confirmed" date="1997-06-18"/>
  </code>
</codes>
<dc element="dc.date.created" value="1997-06-18"/>
<dc element="dc.publisher" value="Reuters Holdings Plc"/>
<dc element="dc.date.published" value="1997-06-18"/>
<dc element="dc.source" value="Reuters"/>
<dc element="dc.creator.location" value="SOFIA"/>
<dc element="dc.creator.location.country.name" value="BULGARIA"/>
<dc element="dc.source" value="Reuters"/>
</metadata>
</newsitem>
