<?xml version="1.0" encoding="iso-8859-1" ?>
<newsitem itemid="669266" id="root" date="1997-06-18" xml:lang="en">
<title>POLAND: APATOR MAY NET RISES TO PLN 0.7 MLN.</title>
<headline>APATOR MAY NET RISES TO PLN 0.7 MLN.</headline>
<dateline>WARSAW 1997-06-18</dateline>
<text>
<p>Preliminary results May </p>
<p>(in million zlotys unless stated)</p>
<p> MAY			1997     1996</p>
<p> Net profit	     0.65 vs   0.08</p>
<p> Pre-tax profit	 1.03 vs   0.59</p>
<p> Operating profit     1.07 vs   0.66</p>
<p> Sales		    6.49 vs   6.69</p>
<p> JANUARY-MAY	    1997     1996</p>
<p> Net profit	     3.94 vs   1.55</p>
<p> Pre-tax profit	 5.72 vs   2.70</p>
<p> Operating profit     5.73 vs   3.23</p>
<p> Sales		   31.86 vs  29.64</p>
<p>Note. Full name of the Polish gauge maker is Apator SA.</p>
<p>-- Warsaw Newsroom +48 22 653 9700</p>
</text>
<copyright>(c) Reuters Limited 1997</copyright>
<metadata>
<codes class="bip:countries:1.0">
  <code code="POL">
    <editdetail attribution="Reuters BIP Coding Group" action="confirmed" date="1997-06-18"/>
  </code>
</codes>
<codes class="bip:topics:1.0">
  <code code="C15">
    <editdetail attribution="Reuters BIP Coding Group" action="confirmed" date="1997-06-18"/>
  </code>
  <code code="C151">
    <editdetail attribution="Reuters BIP Coding Group" action="confirmed" date="1997-06-18"/>
  </code>
  <code code="CCAT">
    <editdetail attribution="Reuters BIP Coding Group" action="confirmed" date="1997-06-18"/>
  </code>
</codes>
<dc element="dc.date.created" value="1997-06-18"/>
<dc element="dc.publisher" value="Reuters Holdings Plc"/>
<dc element="dc.date.published" value="1997-06-18"/>
<dc element="dc.source" value="Reuters"/>
<dc element="dc.creator.location" value="WARSAW"/>
<dc element="dc.creator.location.country.name" value="POLAND"/>
<dc element="dc.source" value="Reuters"/>
</metadata>
</newsitem>
