<?xml version="1.0" encoding="iso-8859-1" ?>
<newsitem itemid="669342" id="root" date="1997-06-18" xml:lang="en">
<title>ROMANIA: ROMANIA APPOINTS BRITISH EX-MINISTER AS ADVISER.</title>
<headline>ROMANIA APPOINTS BRITISH EX-MINISTER AS ADVISER.</headline>
<dateline>BUCHAREST 1997-06-17</dateline>
<text>
<p>Romania has chosen British ex-Chancellor of the Exchequer Norman Lamont to help the Balkan country open an investment bank in Britain to attract foreign investors, officials said on Tuesday.</p>
<p>&quot;Mr. Lamont will advise both the State Ownership Fund (FPS) and the Romanian Development Agency (ARD) on the opening of the bank,&quot; said Stefan Ciochinaru, spokesman for the FPS, which holds majority stakes in most state companies.</p>
<p>The bank would provide financial advisory services to foreign investors and Romanian companies, according to a statement from the Balli Group of Britain, headed by Lamont.</p>
<p>Balli, a commodities and financial services group, already has a presence in Romania in the aluminium sector.</p>
<p>The project is part of the centrist government's drive to step up reforms and recoup delays in privatisation, which stalled under the former leftist cabinet.</p>
<p>As chancellor in the early 1980s, Lamont played a key role in privatising British Telecom and British Airways .</p>
<p>Balli's statement said FPS President Sorin Dimitriu had talks with executives of leading banks Goldman Sachs, J.P. Morgan , Merrill Lynch , Schroders and Credit Suisse First Boston in London last week, &quot;to discuss Romania's ambitious economic reform and privatisation programme&quot;. REUTER</p>
</text>
<copyright>(c) Reuters Limited 1997</copyright>
<metadata>
<codes class="bip:countries:1.0">
  <code code="ROM">
    <editdetail attribution="Reuters BIP Coding Group" action="confirmed" date="1997-06-18"/>
  </code>
</codes>
<codes class="bip:topics:1.0">
  <code code="E12">
    <editdetail attribution="Reuters BIP Coding Group" action="confirmed" date="1997-06-18"/>
  </code>
  <code code="E51">
    <editdetail attribution="Reuters BIP Coding Group" action="confirmed" date="1997-06-18"/>
  </code>
  <code code="E511">
    <editdetail attribution="Reuters BIP Coding Group" action="confirmed" date="1997-06-18"/>
  </code>
  <code code="ECAT">
    <editdetail attribution="Reuters BIP Coding Group" action="confirmed" date="1997-06-18"/>
  </code>
</codes>
<dc element="dc.date.created" value="1997-06-17"/>
<dc element="dc.publisher" value="Reuters Holdings Plc"/>
<dc element="dc.date.published" value="1997-06-18"/>
<dc element="dc.source" value="Reuters"/>
<dc element="dc.creator.location" value="BUCHAREST"/>
<dc element="dc.creator.location.country.name" value="ROMANIA"/>
<dc element="dc.source" value="Reuters"/>
</metadata>
</newsitem>
