<?xml version="1.0" encoding="iso-8859-1" ?>
<newsitem itemid="669337" id="root" date="1997-06-18" xml:lang="en">
<title>LATVIA: C.BANK LAT FIX VS NON-CONVERTIBLE CURRENCIES.</title>
<headline>C.BANK LAT FIX VS NON-CONVERTIBLE CURRENCIES.</headline>
<dateline>RIGA 1997-06-18</dateline>
<text>
<p>The central bank set the following</p>
<p>rates for the lat against non-convertible currencies from June</p>
<p>23 to June 29.</p>
<p>Belarus rouble 1000     0.0215</p>
<p>Kazakh tenge 1000	 7.64</p>
<p>Azerbaijan manat 1000   0.145</p>
<p>Uzbek sum		   0.0093</p>
<p>Georgian lari	     0.460</p>
<p>Armenian dinar 1000     1.40</p>
<p>Turkmen manat 1000	0.139</p>
<p>Tajik rouble 1000	 1.065</p>
<p>Ukraine hryvnia	   0.311</p>
<p>-- Riga newsroom, +371 721 5240</p>
</text>
<copyright>(c) Reuters Limited 1997</copyright>
<metadata>
<codes class="bip:countries:1.0">
  <code code="LATV">
    <editdetail attribution="Reuters BIP Coding Group" action="confirmed" date="1997-06-18"/>
  </code>
</codes>
<codes class="bip:topics:1.0">
  <code code="M13">
    <editdetail attribution="Reuters BIP Coding Group" action="confirmed" date="1997-06-18"/>
  </code>
  <code code="M132">
    <editdetail attribution="Reuters BIP Coding Group" action="confirmed" date="1997-06-18"/>
  </code>
  <code code="MCAT">
    <editdetail attribution="Reuters BIP Coding Group" action="confirmed" date="1997-06-18"/>
  </code>
</codes>
<dc element="dc.date.created" value="1997-06-18"/>
<dc element="dc.publisher" value="Reuters Holdings Plc"/>
<dc element="dc.date.published" value="1997-06-18"/>
<dc element="dc.source" value="Reuters"/>
<dc element="dc.creator.location" value="RIGA"/>
<dc element="dc.creator.location.country.name" value="LATVIA"/>
<dc element="dc.source" value="Reuters"/>
</metadata>
</newsitem>
