<?xml version="1.0" encoding="iso-8859-1" ?>
<newsitem itemid="669306" id="root" date="1997-06-18" xml:lang="en">
<title>POLAND: JELFA MAY NET RISES TO PLN 4.6 MLN.</title>
<headline>JELFA MAY NET RISES TO PLN 4.6 MLN.</headline>
<dateline>WARSAW 1997-06-18</dateline>
<text>
<p>Preliminary results May </p>
<p>(in million zlotys unless stated)</p>
<p> MAY			1997     1996</p>
<p> Net profit	     4.59 vs   2.01</p>
<p> Pre-tax profit	 6.63 vs   3.00</p>
<p> Operating profit     6.76 vs   3.06</p>
<p> Sales		   17.80 vs  14.22</p>
<p> JANUARY-MAY	    1997     1996</p>
<p> Net profit	    12.73 vs   8.49</p>
<p> Pre-tax profit	18.64 vs  12.37</p>
<p> Operating profit    18.42 vs  12.07</p>
<p> Sales		   73.16 vs  62.51</p>
<p>Note. Full name of the Polish drug maker is Jelfa SA.</p>
<p>-- Warsaw Newsroom +48 22 653 9700</p>
</text>
<copyright>(c) Reuters Limited 1997</copyright>
<metadata>
<codes class="bip:countries:1.0">
  <code code="POL">
    <editdetail attribution="Reuters BIP Coding Group" action="confirmed" date="1997-06-18"/>
  </code>
</codes>
<codes class="bip:industries:1.0">
  <code code="I25700">
    <editdetail attribution="Reuters BIP Coding Group" action="confirmed" date="1997-06-18"/>
  </code>
</codes>
<codes class="bip:topics:1.0">
  <code code="C15">
    <editdetail attribution="Reuters BIP Coding Group" action="confirmed" date="1997-06-18"/>
  </code>
  <code code="C151">
    <editdetail attribution="Reuters BIP Coding Group" action="confirmed" date="1997-06-18"/>
  </code>
  <code code="CCAT">
    <editdetail attribution="Reuters BIP Coding Group" action="confirmed" date="1997-06-18"/>
  </code>
</codes>
<dc element="dc.date.created" value="1997-06-18"/>
<dc element="dc.publisher" value="Reuters Holdings Plc"/>
<dc element="dc.date.published" value="1997-06-18"/>
<dc element="dc.source" value="Reuters"/>
<dc element="dc.creator.location" value="WARSAW"/>
<dc element="dc.creator.location.country.name" value="POLAND"/>
<dc element="dc.source" value="Reuters"/>
</metadata>
</newsitem>
