<?xml version="1.0" encoding="iso-8859-1" ?>
<newsitem itemid="669307" id="root" date="1997-06-18" xml:lang="en">
<title>HUNGARY: TVK LEAPS, HITS RECORD IN BUDAPEST, LONDON.</title>
<headline>TVK LEAPS, HITS RECORD IN BUDAPEST, LONDON.</headline>
<dateline>BUDAPEST 1997-06-18</dateline>
<text>
<p>Shares in Hungarian chemicals company Tiszai Vegyi Kombinat Rt were surging to new record levels in early trading in Budapest and London on Wednesday, still benefiting from market talks of an imminent payout by the state to the company, traders said.</p>
<p>TVK is expected to cash in five billion forints and an additional one billion of accumulated interest under the provisions of Hungary's previous privatisation law.</p>
<p>&quot;Six billion forint is a pretty substantial amount compared to their overall result,&quot; one London trader said.</p>
<p>TVK rallied to new records of 3,255 forints in Budapest and of $17.75 in London's SEAQ, before retreating a little in both markets.</p>
<p>In London, TVK was marked at $17.3 at 1000 GMT and in Budapest it traded at 3,185 forints at 1008 GMT, up 190.</p>
<p>&quot;I doubt that market talks of the five billion forints is the only reason behind the rally, although it contributed,&quot; one Budapest-trader said, but added that he was not aware of any other factors. &quot;Foreigners show demand for huge amount of TVK shares.&quot;</p>
<p>Until 1010 GMT 1.24 million TVK shares changed hands on the Budapest market, representing 5.16 percent of the chemicals firm's 24 billion forints issued share capital.</p>
<p>Another trader in Budapest mentioned market talks behind TVK's surge, saying that own shares that TVK last year bought from the local governments will be revalued in the company's books and this will have a positive impact on TVK's earnings.</p>
<p>TVK was not available for immediate comment.</p>
<p>-- Emese Bartha, Budapest newsroom +36 1 327-4040</p>
</text>
<copyright>(c) Reuters Limited 1997</copyright>
<metadata>
<codes class="bip:countries:1.0">
  <code code="HUNG">
    <editdetail attribution="Reuters BIP Coding Group" action="confirmed" date="1997-06-18"/>
  </code>
  <code code="UK">
    <editdetail attribution="Reuters BIP Coding Group" action="confirmed" date="1997-06-18"/>
  </code>
</codes>
<codes class="bip:industries:1.0">
  <code code="I25000">
    <editdetail attribution="Reuters BIP Coding Group" action="confirmed" date="1997-06-18"/>
  </code>
</codes>
<codes class="bip:topics:1.0">
  <code code="C15">
    <editdetail attribution="Reuters BIP Coding Group" action="confirmed" date="1997-06-18"/>
  </code>
  <code code="C152">
    <editdetail attribution="Reuters BIP Coding Group" action="confirmed" date="1997-06-18"/>
  </code>
  <code code="CCAT">
    <editdetail attribution="Reuters BIP Coding Group" action="confirmed" date="1997-06-18"/>
  </code>
</codes>
<dc element="dc.date.created" value="1997-06-18"/>
<dc element="dc.publisher" value="Reuters Holdings Plc"/>
<dc element="dc.date.published" value="1997-06-18"/>
<dc element="dc.source" value="Reuters"/>
<dc element="dc.creator.location" value="BUDAPEST"/>
<dc element="dc.creator.location.country.name" value="HUNGARY"/>
<dc element="dc.source" value="Reuters"/>
</metadata>
</newsitem>
