<?xml version="1.0" encoding="iso-8859-1" ?>
<newsitem itemid="669323" id="root" date="1997-06-18" xml:lang="en">
<title>HUNGARY: HUNGARY 1-MTH, 3-MTH BUBOR RATES FLAT, 6-MTH DOWN.</title>
<headline>HUNGARY 1-MTH, 3-MTH BUBOR RATES FLAT, 6-MTH DOWN.</headline>
<dateline>BUDAPEST 1997-06-18</dateline>
<text>
<p>Hungary's Budapest Interbank Offered Rates (BUBOR) was steady for the one and three-month maturities on Tuesday, while the six-month rate eased one point, the National Bank of Hungary said.</p>
<p>The one-month rate was fixed at 20.79 percent, the three-month rate at 20.73 percent, while the six-month rate was set at 20.55 percent.</p>
<p>-- Budapest newsroom +36 1 327 4040</p>
</text>
<copyright>(c) Reuters Limited 1997</copyright>
<metadata>
<codes class="bip:countries:1.0">
  <code code="HUNG">
    <editdetail attribution="Reuters BIP Coding Group" action="confirmed" date="1997-06-18"/>
  </code>
</codes>
<codes class="bip:topics:1.0">
  <code code="M13">
    <editdetail attribution="Reuters BIP Coding Group" action="confirmed" date="1997-06-18"/>
  </code>
  <code code="M131">
    <editdetail attribution="Reuters BIP Coding Group" action="confirmed" date="1997-06-18"/>
  </code>
  <code code="MCAT">
    <editdetail attribution="Reuters BIP Coding Group" action="confirmed" date="1997-06-18"/>
  </code>
</codes>
<dc element="dc.date.created" value="1997-06-18"/>
<dc element="dc.publisher" value="Reuters Holdings Plc"/>
<dc element="dc.date.published" value="1997-06-18"/>
<dc element="dc.source" value="Reuters"/>
<dc element="dc.creator.location" value="BUDAPEST"/>
<dc element="dc.creator.location.country.name" value="HUNGARY"/>
<dc element="dc.source" value="Reuters"/>
</metadata>
</newsitem>
