<?xml version="1.0" encoding="iso-8859-1" ?>
<newsitem itemid="669304" id="root" date="1997-06-18" xml:lang="en">
<title>ESTONIA: MARKET GENERALLY WELCOMES RAKVERE ACTION.</title>
<headline>MARKET GENERALLY WELCOMES RAKVERE ACTION.</headline>
<dateline>TALLINN 1997-06-17</dateline>
<text>
<p>Dealers and analysts were pleased on Wednesday with the decisiveness of regulators in suspending Rakvere shares amid insider trading allegations but felt the bourse gave too little information.</p>
<p>Rakvere was earlier suspended as the securities commission has asked the police to investigate whether insider dealing was involved when its shares rose sharply just before it announced the purchase of Latvia's Rigas Miesnieks.</p>
<p>&quot;It set a very good precedent,&quot; said Katrin Kaarli, Hansapank analyst, about the suspension.</p>
<p>&quot;It shows the laws and regulations, which investors depend on, are in place and will be used if necessary,&quot; she added.</p>
<p>Traders also saw it as good move.</p>
<p>&quot;It was a wise thing to do and it set a very good example,&quot; said Mattias Mustonen, trader at Hoiupank.</p>
<p>Some dealers were cautious, saying that they still do not have enough information from the bourse on what has happening.</p>
<p>&quot;The bad thing about this is that the bourse release was too short, we still need more information,&quot; another trader said.</p>
<p>Rakvere shares, which were suspended at 14.05 kroons with two deals done, were expected to suffer from the news.</p>
<p>Talinna Pank trader Rein Ratsepp said he did not want to buy shares in a company that could be suspended at any time.</p>
<p>Other dealers were equally blunt.</p>
<p>&quot;Of course it will not be good for the company and its shares,&quot; one dealer said.</p>
<p>&quot;The investigation could take months  and what will happen to the stock during this time?&quot; another analyst said.</p>
<p>-- David Mardiste, Tallinn newsroom +372 620 9202/1 reuters@reuters.ee</p>
</text>
<copyright>(c) Reuters Limited 1997</copyright>
<metadata>
<codes class="bip:countries:1.0">
  <code code="ESTNIA">
    <editdetail attribution="Reuters BIP Coding Group" action="confirmed" date="1997-06-18"/>
  </code>
</codes>
<codes class="bip:industries:1.0">
  <code code="I41200">
    <editdetail attribution="Reuters BIP Coding Group" action="confirmed" date="1997-06-18"/>
  </code>
</codes>
<codes class="bip:topics:1.0">
  <code code="C12">
    <editdetail attribution="Reuters BIP Coding Group" action="confirmed" date="1997-06-18"/>
  </code>
  <code code="C13">
    <editdetail attribution="Reuters BIP Coding Group" action="confirmed" date="1997-06-18"/>
  </code>
  <code code="C14">
    <editdetail attribution="Reuters BIP Coding Group" action="confirmed" date="1997-06-18"/>
  </code>
  <code code="CCAT">
    <editdetail attribution="Reuters BIP Coding Group" action="confirmed" date="1997-06-18"/>
  </code>
  <code code="GCAT">
    <editdetail attribution="Reuters BIP Coding Group" action="confirmed" date="1997-06-18"/>
  </code>
  <code code="GCRIM">
    <editdetail attribution="Reuters BIP Coding Group" action="confirmed" date="1997-06-18"/>
  </code>
</codes>
<dc element="dc.date.created" value="1997-06-17"/>
<dc element="dc.publisher" value="Reuters Holdings Plc"/>
<dc element="dc.date.published" value="1997-06-18"/>
<dc element="dc.source" value="Reuters"/>
<dc element="dc.creator.location" value="TALLINN"/>
<dc element="dc.creator.location.country.name" value="ESTONIA"/>
<dc element="dc.source" value="Reuters"/>
</metadata>
</newsitem>
