<?xml version="1.0" encoding="iso-8859-1" ?>
<newsitem itemid="669313" id="root" date="1997-06-18" xml:lang="en">
<title>MACEDONIA: PRESS DIGEST - MACEDONIA - JUNE 18.</title>
<headline>PRESS DIGEST - MACEDONIA - JUNE 18.</headline>
<dateline>SKOPJE 1997-06-18</dateline>
<text>
<p>These are the leading stories in the Skopje press on Wednesday. Reuters has not verified these stories and does not vouch for their accusary.</p>
<p>NOVA MAKEDONIJA</p>
<p>- Following talks with U.S. President Bill Clinton, Macedonian President Kiro Gligorov said Macedonia proposed the Krivolak military test range to be used by members of NATO and Partnership for Peace programme. He also said Macedonia was ready to receive SFOR troops to maintain stability in the region after their withdrawal from Bosnia.</p>
<p>- Croatia and Slovenia denied information broadcast by Radio Tirana that they would recognise diplomas from the illegal Albanian-language Tetovo University.</p>
<p>DNEVNIK</p>
<p>- Macedonian President Kiro Gligorov received by U.S. President Bill Clinton; talks covered extension of political and economic cooperation, Macedonian integration in NATO, regional Southeast European Cooperative Initiative and the situation in the Balkans.</p>
<p>- The opposition Liberal-Democratic Party demanded information from the government on the construction of a railway stretch towards Bulgaria. The planned budget of $120 million has already been increased to $338.5 and the works are far from being complete. -- Mircela Casule, Skopje newsroom +381 11 222 4305</p>
</text>
<copyright>(c) Reuters Limited 1997</copyright>
<metadata>
<codes class="bip:countries:1.0">
  <code code="MCDNIA">
    <editdetail attribution="Reuters BIP Coding Group" action="confirmed" date="1997-06-18"/>
  </code>
</codes>
<codes class="bip:topics:1.0">
  <code code="GCAT">
    <editdetail attribution="Reuters BIP Coding Group" action="confirmed" date="1997-06-18"/>
  </code>
</codes>
<dc element="dc.date.created" value="1997-06-18"/>
<dc element="dc.publisher" value="Reuters Holdings Plc"/>
<dc element="dc.date.published" value="1997-06-18"/>
<dc element="dc.source" value="Reuters"/>
<dc element="dc.creator.location" value="SKOPJE"/>
<dc element="dc.creator.location.country.name" value="MACEDONIA"/>
<dc element="dc.source" value="Reuters"/>
</metadata>
</newsitem>
