<?xml version="1.0" encoding="iso-8859-1" ?>
<newsitem itemid="555138" id="root" date="1997-05-02" xml:lang="en">
<title>UK: SNOOKER-WATTANA FIGHTS BACK AGAINST HENDRY.</title>
<headline>SNOOKER-WATTANA FIGHTS BACK AGAINST HENDRY.</headline>
<dateline>SHEFFIELD, England 1997-05-02</dateline>
<text>
<p>James Wattana clawed his way back from 7-3 down against champion Stephen Hendry to end the day level at 8-8 in their best-of-33 world snooker championship semifinal on Friday.</p>
<p>Hendry led 5-3 overnight and put further daylight between himself and his Thai opponent when he won the opening two frames of the afternoon.</p>
<p>His break of 101 in the 10th frame of the match was the 33rd at the tournament.</p>
<p>But Wattana, not renowned for his ability to stage inspired comebacks, won five of the remaining six frames.</p>
<p>    His best break was of 82 in the penultimate frame.</p>
</text>
<copyright>(c) Reuters Limited 1997</copyright>
<metadata>
<codes class="bip:countries:1.0">
  <code code="THAIL">
    <editdetail attribution="Reuters BIP Coding Group" action="confirmed" date="1997-05-02"/>
  </code>
  <code code="UK">
    <editdetail attribution="Reuters BIP Coding Group" action="confirmed" date="1997-05-02"/>
  </code>
</codes>
<codes class="bip:topics:1.0">
  <code code="GCAT">
    <editdetail attribution="Reuters BIP Coding Group" action="confirmed" date="1997-05-02"/>
  </code>
  <code code="GSPO">
    <editdetail attribution="Reuters BIP Coding Group" action="confirmed" date="1997-05-02"/>
  </code>
</codes>
<dc element="dc.date.created" value="1997-05-02"/>
<dc element="dc.publisher" value="Reuters Holdings Plc"/>
<dc element="dc.date.published" value="1997-05-02"/>
<dc element="dc.source" value="Reuters"/>
<dc element="dc.creator.location" value="SHEFFIELD, England"/>
<dc element="dc.creator.location.country.name" value="UK"/>
<dc element="dc.source" value="Reuters"/>
</metadata>
</newsitem>
