<?xml version="1.0" encoding="iso-8859-1" ?>
<newsitem itemid="555169" id="root" date="1997-05-02" xml:lang="en">
<title>CANADA: NHL ICE HOCKEY-SENATORS REWARD TUGNUTT WITH MULTI-YEAR CONTRACT.</title>
<headline>NHL ICE HOCKEY-SENATORS REWARD TUGNUTT WITH MULTI-YEAR CONTRACT.</headline>
<dateline>OTTAWA 1997-05-02</dateline>
<text>
<p>Ron Tugnutt, the longtime backup goaltender who carried the Ottawa Senators to their first playoff berth this season, was rewarded by the team Friday with a multi-year contract.</p>
<p>Tugnutt took over for the injured Damian Rhodes as Ottawa's starting goalie late in the season and backstopped the club through the first successful drive for a playoff berth in franchise history.</p>
<p>He started the final 12 games of the season and went 9-1-2 with a 2.15 goals-against average and three shutouts as the Senators earned the seventh seed in the Eastern Conference after finishing dead last in the league their first four years in the NHL.</p>
<p>Tugnutt then turned in a stellar performance in the opening round of the playoffs as the Senators took the best-of-seven series to overtime in the seventh game before falling to the heavily-favoured Buffalo Sabres.</p>
<p>&quot;Ron proved this season that he can be very successful in the NHL and his contribution to our playoff drive, in the final games of the season, and our strong playoff showing did not go unnoticed,&quot; Senators general manager Pierre Gauthier said in announcing the contract extension.</p>
<p>Tugnutt played all but four minutes in the seven-game playoff series, going 3-4 with a 1.98 goals-against average and a .917 save percentage.</p>
<p>&quot;We are extremely pleased that Ron has decided to stay long-term with the Senators,&quot; said Gauthier, who did not release the terms of the new contract.</p>
<p>Rhodes, acquired from the New York Islanders late in the 1995-96 season, went 14-20-14 before a calf injury stopped him on March 22.</p>
</text>
<copyright>(c) Reuters Limited 1997</copyright>
<metadata>
<codes class="bip:countries:1.0">
  <code code="CANA">
    <editdetail attribution="Reuters BIP Coding Group" action="confirmed" date="1997-05-02"/>
  </code>
</codes>
<codes class="bip:topics:1.0">
  <code code="GCAT">
    <editdetail attribution="Reuters BIP Coding Group" action="confirmed" date="1997-05-02"/>
  </code>
  <code code="GSPO">
    <editdetail attribution="Reuters BIP Coding Group" action="confirmed" date="1997-05-02"/>
  </code>
</codes>
<dc element="dc.date.created" value="1997-05-02"/>
<dc element="dc.publisher" value="Reuters Holdings Plc"/>
<dc element="dc.date.published" value="1997-05-02"/>
<dc element="dc.source" value="Reuters"/>
<dc element="dc.creator.location" value="OTTAWA"/>
<dc element="dc.creator.location.country.name" value="CANADA"/>
<dc element="dc.source" value="Reuters"/>
</metadata>
</newsitem>
