<?xml version="1.0" encoding="iso-8859-1" ?>
<newsitem itemid="555199" id="root" date="1997-05-02" xml:lang="en">
<title>NETHERLANDS: SOCCER-DUTCH FIRST DIVISION SUMMARY.</title>
<headline>SOCCER-DUTCH FIRST DIVISION SUMMARY.</headline>
<dateline>AMSTERDAM 1997-05-02</dateline>
<text>
<p>Dutch first division summary on</p>
<p>Friday:</p>
<p> RKC Waalwijk		 1  Wijnhart 71</p>
<p> Utrecht			0</p>
<p>    HT: 0-0	Att: 4,700</p>
</text>
<copyright>(c) Reuters Limited 1997</copyright>
<metadata>
<codes class="bip:countries:1.0">
  <code code="NETH">
    <editdetail attribution="Reuters BIP Coding Group" action="confirmed" date="1997-05-02"/>
  </code>
</codes>
<codes class="bip:topics:1.0">
  <code code="GCAT">
    <editdetail attribution="Reuters BIP Coding Group" action="confirmed" date="1997-05-02"/>
  </code>
  <code code="GSPO">
    <editdetail attribution="Reuters BIP Coding Group" action="confirmed" date="1997-05-02"/>
  </code>
</codes>
<dc element="dc.date.created" value="1997-05-02"/>
<dc element="dc.publisher" value="Reuters Holdings Plc"/>
<dc element="dc.date.published" value="1997-05-02"/>
<dc element="dc.source" value="Reuters"/>
<dc element="dc.creator.location" value="AMSTERDAM"/>
<dc element="dc.creator.location.country.name" value="NETHERLANDS"/>
<dc element="dc.source" value="Reuters"/>
</metadata>
</newsitem>
