<?xml version="1.0" encoding="iso-8859-1" ?>
<newsitem itemid="555134" id="root" date="1997-05-02" xml:lang="en">
<title>UK: SNOOKER-WORLD CHAMPIONSHIP SEMIFINAL RESULT.</title>
<headline>SNOOKER-WORLD CHAMPIONSHIP SEMIFINAL RESULT.</headline>
<dateline>SHEFFIELD, England 1997-05-02</dateline>
<text>
<p>World snooker championship semifinal result on Friday (prefix number denotes seeding, best of 33 frames): 7-Ken Doherty (Ireland) beat 14-Alain Robidoux (Canada) 17-7</p>
</text>
<copyright>(c) Reuters Limited 1997</copyright>
<metadata>
<codes class="bip:countries:1.0">
  <code code="UK">
    <editdetail attribution="Reuters BIP Coding Group" action="confirmed" date="1997-05-02"/>
  </code>
</codes>
<codes class="bip:topics:1.0">
  <code code="GCAT">
    <editdetail attribution="Reuters BIP Coding Group" action="confirmed" date="1997-05-02"/>
  </code>
  <code code="GSPO">
    <editdetail attribution="Reuters BIP Coding Group" action="confirmed" date="1997-05-02"/>
  </code>
</codes>
<dc element="dc.date.created" value="1997-05-02"/>
<dc element="dc.publisher" value="Reuters Holdings Plc"/>
<dc element="dc.date.published" value="1997-05-02"/>
<dc element="dc.source" value="Reuters"/>
<dc element="dc.creator.location" value="SHEFFIELD, England"/>
<dc element="dc.creator.location.country.name" value="UK"/>
<dc element="dc.source" value="Reuters"/>
</metadata>
</newsitem>
