<?xml version="1.0" encoding="iso-8859-1" ?>
<newsitem itemid="555153" id="root" date="1997-05-02" xml:lang="en">
<title>USA: GOLF-DUVAL TAKES FIRST-ROUND LEAD IN TEXAS GOLF.</title>
<headline>GOLF-DUVAL TAKES FIRST-ROUND LEAD IN TEXAS GOLF.</headline>
<dateline>WOODLANDS, Texas 1997-05-02</dateline>
<text>
<p>David Duval, still</p>
<p>searching for his first victory after four years on the PGA</p>
<p>Tour, took a two-stroke lead after the first-round at the $1.6</p>
<p>million Houston Open.</p>
<p>Duval took advantage of good scoring conditions in early</p>
<p>morning play to finish with a 65, two shots ahead of Curtis</p>
<p>Strange.</p>
<p>The sun came out and winds picked up in the afternoon,</p>
<p>sending the scores upwards before large crowds.</p>
<p>Strange, a three-time winner in Houston, is seeking his</p>
<p>first victory since back-to-back U.S. Open victories in</p>
<p>1989-90.</p>
<p>Australian Grant Waite heads a group of five players tied</p>
<p>for third at 68.</p>
<p>Australian native and Houston resident Steve Elkington is</p>
<p>among seven players at 69. Also in the group where defending</p>
<p>champion Mark Brooks and former U.S. Masters champion Fred</p>
<p>Couples.</p>
<p>After birdies on holes 4-5-6 and 14-15-16, Duval said he</p>
<p>was pleased with his opening-round play.</p>
<p>&quot;I wouldn't say it was as easy as all that,&quot; Duval said.</p>
<p>&quot;You know, you have those days where you play well. I hit the</p>
<p>ball a lot better than I have, but we still have a long way to</p>
<p>go.&quot;</p>
<p>Strange has spent as much time in the television</p>
<p>announcing booth as the golf course in the last couple of</p>
<p>years.</p>
<p>After bogeying the par-5 first hole, Strange got his round</p>
<p>jump-started with an eagle two at the par-4 fourth hole. He</p>
<p>holed a 161-yard fairway shot with a six iron.</p>
<p>&quot;I played a whole lot better than I've been playing,&quot;</p>
<p>Strange said. &quot;One round doesn't turn my game around, but I</p>
<p>keep thinking it's got to turn around somewhere.&quot;</p>
<p>Strange toured the back nine in 32 strokes, with birdies</p>
<p>on holes 11-12, 15 and 18, where he stroked in a 12-foot putt.</p>
<p>Strange's last professional win came at the 1993 Greg</p>
<p>Norman Holden Classic in Australia.</p>
</text>
<copyright>(c) Reuters Limited 1997</copyright>
<metadata>
<codes class="bip:countries:1.0">
  <code code="USA">
    <editdetail attribution="Reuters BIP Coding Group" action="confirmed" date="1997-05-02"/>
  </code>
</codes>
<codes class="bip:topics:1.0">
  <code code="GCAT">
    <editdetail attribution="Reuters BIP Coding Group" action="confirmed" date="1997-05-02"/>
  </code>
  <code code="GSPO">
    <editdetail attribution="Reuters BIP Coding Group" action="confirmed" date="1997-05-02"/>
  </code>
</codes>
<dc element="dc.date.created" value="1997-05-02"/>
<dc element="dc.publisher" value="Reuters Holdings Plc"/>
<dc element="dc.date.published" value="1997-05-02"/>
<dc element="dc.source" value="Reuters"/>
<dc element="dc.creator.location" value="WOODLANDS, Texas"/>
<dc element="dc.creator.location.country.name" value="USA"/>
<dc element="dc.source" value="Reuters"/>
</metadata>
</newsitem>
