<?xml version="1.0" encoding="iso-8859-1" ?>
<newsitem itemid="555168" id="root" date="1997-05-02" xml:lang="en">
<title>UK: HORSE RACING-STOUTE IN STRONG GUINEAS CLASSIC BID.</title>
<headline>HORSE RACING-STOUTE IN STRONG GUINEAS CLASSIC BID.</headline>
<byline>Dave Thompson</byline>
<dateline>LONDON 1997-05-02</dateline>
<text>
<p>Trainer Michael Stoute, currently dominating the international horse racing scene, mounts a powerful raid on Saturday in England's first classic of the season, the 2,000 Guineas at Newmarket.</p>
<p>Stoute has had many good horses over the years, including Shergar who won the 1981 Epsom Derby before being kidnapped.</p>
<p>But victories in the Japan Cup and last month's Dubai World Cup with Singspiel following a Breeders' Cup triumph with Pilsudski lifted Stoute to new heights.</p>
<p>The trainer won the Guineas nine years ago with Doyoun and has a twin threat for Saturday's classic, raced over Newmarket's straight mile (1.6 km).</p>
<p>Entrepreneur is 4-1 second favourite on the strength of some good performances last season which clearly marked him as a potential star.</p>
<p>Although some see him more as a horse for the Epsom Derby distance of 12 furlongs (2.4km), it's not hard to imagine the well-bred colt having the speed to win on Saturday under big race specialist Michael Kinane.</p>
<p>Stable companion Desert Story (16-1) has good place prospects in the light of his Craven Stakes success last month. Ray Cochrane takes the mount.</p>
<p>Guineas favourite Revoque (7-2) was beaten a head in a trial race at Newbury last month, but Revoque, the top two-year-old of 1996, needed the race and is fancied to put up a bold show for jockey John Reid and trainer Peter Chapple-Hyam.</p>
<p>Shamikh (9-2) has the benefit of Frankie Dettori in the saddle and represents the Godolphin team, successful 12 months ago with Mark of Esteem.</p>
<p>The colt has only run once in his life, winning at Royal Ascot last June, but like all the Godolphin horses spent the British winter in the Dubai sunshine and is expected to give a good account of himself.</p>
<p>Hidden Meadow (7-1) won well at Newmarket last month, impressing trainer Ian Balding, while Putra has been backed from 12-1 to 10-1 in recent days. Jockey Richard Quinn is a man in form.</p>
<p>Poteen (14-1) is rated highly by his trainer Luca Cumani but may need more time, while Zamindar (14-1), trained by Andre Fabre, does not possess quite the same credentials as recent French winners Pennekamp and Zafonic.</p>
<p>However, the second classic, the 1,000 Guineas, for fillies, raced over the same course and distance on Sunday, could well fall to the French in the shape of Pas de Reponse, trained by Criquette Head.</p>
<p>Head is bidding for her fourth English Guineas success and Pas de Reponse, currently 7-2 favourite, holds a bright chance on the form book.</p>
<p>Biggest danger may be Henry Cecil's Sleepytime (4-1), a disappointment in her preparatory race at Newbury two weeks ago when failing to get a clear run, but expected to do better now.</p>
</text>
<copyright>(c) Reuters Limited 1997</copyright>
<metadata>
<codes class="bip:countries:1.0">
  <code code="FRA">
    <editdetail attribution="Reuters BIP Coding Group" action="confirmed" date="1997-05-02"/>
  </code>
  <code code="IRE">
    <editdetail attribution="Reuters BIP Coding Group" action="confirmed" date="1997-05-02"/>
  </code>
  <code code="UAE">
    <editdetail attribution="Reuters BIP Coding Group" action="confirmed" date="1997-05-02"/>
  </code>
  <code code="UK">
    <editdetail attribution="Reuters BIP Coding Group" action="confirmed" date="1997-05-02"/>
  </code>
</codes>
<codes class="bip:topics:1.0">
  <code code="GCAT">
    <editdetail attribution="Reuters BIP Coding Group" action="confirmed" date="1997-05-02"/>
  </code>
  <code code="GSPO">
    <editdetail attribution="Reuters BIP Coding Group" action="confirmed" date="1997-05-02"/>
  </code>
</codes>
<dc element="dc.date.created" value="1997-05-02"/>
<dc element="dc.publisher" value="Reuters Holdings Plc"/>
<dc element="dc.date.published" value="1997-05-02"/>
<dc element="dc.source" value="Reuters"/>
<dc element="dc.creator.location" value="LONDON"/>
<dc element="dc.creator.location.country.name" value="UK"/>
<dc element="dc.source" value="Reuters"/>
</metadata>
</newsitem>
