<?xml version="1.0" encoding="iso-8859-1" ?>
<newsitem itemid="555131" id="root" date="1997-05-02" xml:lang="en">
<title>EU:  Official Journal contents - OJ L 114 of May 1, 1997.</title>
<headline>Official Journal contents - OJ L 114 of May 1, 1997.</headline>
<text>
<p>*</p>
<p>(Note - contents are displayed in reverse order to that in the printed Journal)</p>
<p>*</p>
<p>COMMISSION DECISION of 30 April 1997 concerning certain protection measures relating to classical swine fever in Spain (Text with EEA relevance) (97/285/EC)</p>
<p>COMMISSION DECISION of 25 April 1997 replacing Commission Decision 96/536/EC of 29 July 1996 establishing the list of milk-based products in respect of which Member States are authorized to grant individual or general derogations pursuant to Article 8 (2) of Directive 92/46/EEC and the nature of the derogations applicable to the manufacture of such products (97/284/EC)</p>
<p>COMMISSION DIRECTIVE 97/18/EC of 17 April 1997 postponing the date after which animal tests are prohibited for ingredients or combinations of ingredients of cosmetic products (Text with EEA relevance)</p>
<p>COMMISSION REGULATION (EC) No 801/97 of 30 April 1997 providing for the rejection of applications for export licences in relation to cereal products</p>
<p>COMMISSION REGULATION (EC) No 800/97 of 30 April 1997 establishing the standard import values for determining the entry price of certain fruit and vegetables</p>
<p>COMMISSION REGULATION (EC) No 799/97 of 30 April 1997 re-establishing the preferential customs duty on imports of small-flowered roses originating in Israel</p>
<p>COMMISSION REGULATION (EC) No 798/97 of 30 April 1997 fixing the production refund for olive oil used in the manufacture of certain preserved foods</p>
<p>COMMISSION REGULATION (EC) No 797/97 of 30 April 1997 repealing Regulation (EC) No 675/97 suspending advance fixing of export refunds on certain cereals and rice products exported in the form of goods not covered by Annex II to the Treaty</p>
<p>COMMISSION REGULATION (EC) No 796/97 re of 30 April 1997 derogating temporarily from Regulation (EC) No 1445/95 on rules of application for import and export licences in the beef and veal sector</p>
<p>COMMISSION REGULATION (EC) No 795/97 of 30 April 1997 derogating from Commission Regulation (EC) No 1223/94 laying down special detailed rules for the application of the system of advance-fixing certificates for certain agricultural products exported in the form of goods not covered by Annex II to the Treaty, and derogating from Commission Regulation (EEC) No 3665/87 laying down common detailed rules for the application of the system of export refunds on agricultural products</p>
<p>COMMISSION REGULATION (EC) No 794/97 of 30 April 1997 amending Regulation (EC) No 1098/94 laying down the regional base areas applicable under the arable support system for producers</p>
<p>COMMISSION REGULATION (EC) No 793/97 of 30 April 1997 laying down special measures derogating from Regulations (EEC) No 3665/87 and (EEC) No 3719/88 as regards beef and veal</p>
<p>COMMISSION REGULATION (EC) No 792/97 of 30 April 1997 fixing the rates of refunds applicable to certain products from the sugar sector exported in the form of goods not covered by Annex II to the Treaty</p>
<p>COMMISSION REGULATION (EC) No 791/97 of 29 April 1997 establishing unit values for the determination of the customs value of certain perishable goods</p>
<p>COMMISSION REGULATION (EC) No 790/97 of 30 April 1997 fixing the import duties in the rice sector</p>
<p>COMMISSION REGULATION (EC) No 789/97 of 30 April 1997 altering the corrective amount applicable to the refund on cereals</p>
<p>COMMISSION REGULATION (EC) No 788/97 of 30 April 1997 fixing the import duties in the cereals sector</p>
<p>COMMISSION REGULATION (EC) No 787/97 of 30 April 1997 fixing the representative prices and the additional import duties for molasses in the sugar sector</p>
<p>COMMISSION REGULATION (EC) No 786/97 of 30 April 1997 fixing the export refunds on white sugar and raw sugar exported in its unaltered state</p>
<p>COMMISSION REGULATION (EC) No 785/97 of 30 April 1997 fixing the maximum export refund for white sugar for the 36th partial invitation to tender issued within the framework of the standing invitation to tender provided for in Regulation (EC) No 1464/96</p>
<p>COMMISSION REGULATION (EC) No 784/97 of 30 April 1997 fixing the export refunds on syrups and certain other sugar products exported in the natural state</p>
<p>COMMISSION REGULATION (EC) No 783/97 of 30 April 1997 fixing the maximum export refunds for olive oil for the 11th partial invitation to tender under the standing invitation to tender issued by Regulation (EC) No 2081/96</p>
<p>COMMISSION REGULATION (EC) No 782/97 of 30 April 1997 fixing the export refunds on olive oil END OF DOCUMENT.</p>
</text>
<copyright>(c) Reuters Limited 1997</copyright>
<metadata>
<codes class="bip:countries:1.0">
  <code code="EEC">
    <editdetail attribution="Reuters BIP Coding Group" action="confirmed" date="1997-05-02"/>
  </code>
</codes>
<codes class="bip:topics:1.0">
  <code code="G15">
    <editdetail attribution="Reuters BIP Coding Group" action="confirmed" date="1997-05-02"/>
  </code>
  <code code="GCAT">
    <editdetail attribution="Reuters BIP Coding Group" action="confirmed" date="1997-05-02"/>
  </code>
</codes>
<dc element="dc.publisher" value="Reuters Holdings Plc"/>
<dc element="dc.date.published" value="1997-05-02"/>
<dc element="dc.source" value="Reuters"/>
<dc element="dc.creator.location.country.name" value="EU"/>
<dc element="dc.source" value="Reuters"/>
</metadata>
</newsitem>
