<?xml version="1.0" encoding="iso-8859-1" ?>
<newsitem itemid="555148" id="root" date="1997-05-02" xml:lang="en">
<title>ITALY: GOLF-ROMERO TAKES ITALIAN LEAD AFTER MAKING UP FOR PENALTY.</title>
<headline>GOLF-ROMERO TAKES ITALIAN LEAD AFTER MAKING UP FOR PENALTY.</headline>
<byline>Norman Dabell</byline>
<dateline>BRESCIA, Italy 1997-05-02</dateline>
<text>
<p>Argentina's Eduardo Romero overcame the disadvantage of a two-stroke penalty to take the second-round lead in the Italian Open golf tournament on Friday.</p>
<p>The 42-year-old Romero, who won the Italian title in 1994, had the penalty imposed in the first round when his playing partners reported that he had grounded his putter illegally on his line during a practice putt.</p>
<p>Romero made up the strokes and picked up another for good measure as he carded a three-under-par 69 to move seven-under-par on 137 and into a one-shot lead.</p>
<p>Englishmen Gordon Brand and Brian Davis were a stroke behind, while a quadruple-bogey eight on the eighth plummeted overnight leader Retief Goosen down the leaderboard to three under with a 73.</p>
<p>Welshman Ian Woosnam, who had lain a shot behind Goosen overnight, erred at the end of his round with two bogeys to go back to four under with a 73.</p>
<p>The previous day's events served to unsettle leader Romero but he then shrugged off the two penalty shots to pick up three birdies. In two rounds he has collected nine birdies without dropping any strokes other than his penalty.</p>
<p>&quot;I was worried at the start that I might not be able to get the penalty out of my mind,&quot; said Romero. &quot;I trusted my playing partner the day before, Carl Mason, who reported that I had touched the line of my putt, even though I couldn't remember doing it, so I just had to get on with things and try to forget it.</p>
<p>&quot;When I did, I went back to playing the fantastic golf I'm now capable of since changing my swing with my teaching uncle Mario Romero, who's also helped me with my putting stroke. I'm hitting the ball very well when I can concentrate properly and maybe I can win now even with the penalty strokes.&quot;</p>
<p>Goosen crashed off the top of the leaderboard with a 75 after going four-over-par on the eighth, losing a ball and hitting a shot into a ditch.</p>
</text>
<copyright>(c) Reuters Limited 1997</copyright>
<metadata>
<codes class="bip:countries:1.0">
  <code code="ARG">
    <editdetail attribution="Reuters BIP Coding Group" action="confirmed" date="1997-05-02"/>
  </code>
  <code code="ITALY">
    <editdetail attribution="Reuters BIP Coding Group" action="confirmed" date="1997-05-02"/>
  </code>
</codes>
<codes class="bip:topics:1.0">
  <code code="GCAT">
    <editdetail attribution="Reuters BIP Coding Group" action="confirmed" date="1997-05-02"/>
  </code>
  <code code="GSPO">
    <editdetail attribution="Reuters BIP Coding Group" action="confirmed" date="1997-05-02"/>
  </code>
</codes>
<dc element="dc.date.created" value="1997-05-02"/>
<dc element="dc.publisher" value="Reuters Holdings Plc"/>
<dc element="dc.date.published" value="1997-05-02"/>
<dc element="dc.source" value="Reuters"/>
<dc element="dc.creator.location" value="BRESCIA, Italy"/>
<dc element="dc.creator.location.country.name" value="ITALY"/>
<dc element="dc.source" value="Reuters"/>
</metadata>
</newsitem>
