<?xml version="1.0" encoding="iso-8859-1" ?>
<newsitem itemid="555175" id="root" date="1997-05-02" xml:lang="en">
<title>GEORGIA: TENNIS-GEORGIA AND SLOVENIA LEVEL 1-1 IN DAVIS CUP TIE.</title>
<headline>TENNIS-GEORGIA AND SLOVENIA LEVEL 1-1 IN DAVIS CUP TIE.</headline>
<dateline>TBILISI 1997-05-02</dateline>
<text>
<p>Georgia and Slovenia were level</p>
<p>1-1 in their Davis Cup tennis Euro/African zone group two first</p>
<p>round tie on Friday.</p>
<p>Results:</p>
<p>Istoc Bozic (Slovenia) beat Vladimir Margalitadze (Georgia) 6-2</p>
<p>6-3 6-1</p>
<p>Vladimir Gabrichidze (Georgia) beat Borut Urch (Slovenia) 6-3</p>
<p>7-5 1-6 3-6 6-4</p>
</text>
<copyright>(c) Reuters Limited 1997</copyright>
<metadata>
<codes class="bip:countries:1.0">
  <code code="GRGIA">
    <editdetail attribution="Reuters BIP Coding Group" action="confirmed" date="1997-05-02"/>
  </code>
  <code code="SLVAK">
    <editdetail attribution="Reuters BIP Coding Group" action="confirmed" date="1997-05-02"/>
  </code>
  <code code="SLVNIA">
    <editdetail attribution="Reuters BIP Coding Group" action="confirmed" date="1997-05-02"/>
  </code>
</codes>
<codes class="bip:topics:1.0">
  <code code="GCAT">
    <editdetail attribution="Reuters BIP Coding Group" action="confirmed" date="1997-05-02"/>
  </code>
  <code code="GSPO">
    <editdetail attribution="Reuters BIP Coding Group" action="confirmed" date="1997-05-02"/>
  </code>
</codes>
<dc element="dc.date.created" value="1997-05-02"/>
<dc element="dc.publisher" value="Reuters Holdings Plc"/>
<dc element="dc.date.published" value="1997-05-02"/>
<dc element="dc.source" value="Reuters"/>
<dc element="dc.creator.location" value="TBILISI"/>
<dc element="dc.creator.location.country.name" value="GEORGIA"/>
<dc element="dc.source" value="Reuters"/>
</metadata>
</newsitem>
