<?xml version="1.0" encoding="iso-8859-1" ?>
<newsitem itemid="555281" id="root" date="1997-05-02" xml:lang="en">
<title>LATVIA: CENTRAL BANK FIXING FOR MAY 5.</title>
<headline>CENTRAL BANK FIXING FOR MAY 5.</headline>
<dateline>RIGA 1997-05-02</dateline>
<text>
<p>The central bank set the following</p>
<p>rates for the lat, which are valid for May 5.</p>
<p>    USD	  0.586</p>
<p>    ATS	  0.0483</p>
<p>    AUD	  0.459</p>
<p>    BEF	  0.0165</p>
<p>    CAD	  0.422</p>
<p>    CHF	  0.398</p>
<p>    CZK	  0.0190</p>
<p>    DEM	  0.340</p>
<p>    DKK	  0.0892</p>
<p>    ECU	  0.663</p>
<p>    EEK	  0.0425</p>
<p>    100ESP     0.403</p>
<p>    FIM	  0.113</p>
<p>    FRF	  0.1008</p>
<p>    GBP	  0.950</p>
<p>    100HUF     0.322</p>
<p>    100ITL     0.0343</p>
<p>    100JPY     0.462</p>
<p>    KGS	  0.0325</p>
<p>    LTL	  0.146</p>
<p>    MDL	  0.128</p>
<p>    NLG	  0.302</p>
<p>    NOK	  0.0828</p>
<p>    PLN	  0.186</p>
<p>    1000RUR    0.1017</p>
<p>    SDR	  0.7997</p>
<p>    SEK	  0.0750</p>
<p>    SKK	  0.0175</p>
<p>    XAU	199.45</p>
<p>-- Riga newsroom, +371 721 5240</p>
</text>
<copyright>(c) Reuters Limited 1997</copyright>
<metadata>
<codes class="bip:countries:1.0">
  <code code="LATV">
    <editdetail attribution="Reuters BIP Coding Group" action="confirmed" date="1997-05-02"/>
  </code>
</codes>
<codes class="bip:topics:1.0">
  <code code="M13">
    <editdetail attribution="Reuters BIP Coding Group" action="confirmed" date="1997-05-02"/>
  </code>
  <code code="M132">
    <editdetail attribution="Reuters BIP Coding Group" action="confirmed" date="1997-05-02"/>
  </code>
  <code code="MCAT">
    <editdetail attribution="Reuters BIP Coding Group" action="confirmed" date="1997-05-02"/>
  </code>
</codes>
<dc element="dc.date.created" value="1997-05-02"/>
<dc element="dc.publisher" value="Reuters Holdings Plc"/>
<dc element="dc.date.published" value="1997-05-02"/>
<dc element="dc.source" value="Reuters"/>
<dc element="dc.creator.location" value="RIGA"/>
<dc element="dc.creator.location.country.name" value="LATVIA"/>
<dc element="dc.source" value="Reuters"/>
</metadata>
</newsitem>
