<?xml version="1.0" encoding="iso-8859-1" ?>
<newsitem itemid="555273" id="root" date="1997-05-02" xml:lang="en">
<title>LATVIA: LUKOIL NOT TO BUILD LUBRICANTS PLANT - REPORT.</title>
<headline>LUKOIL NOT TO BUILD LUBRICANTS PLANT - REPORT.</headline>
<dateline>RIGA 1997-05-02</dateline>
<text>
<p>The Baltic subsidiary of Russian oil giant Lukoil will not build a car lubricants plant in Latvia but in Finland, newspaper Bizness i Baltiya said on Friday.</p>
<p>It quoted the manager of Lukoil Baltija Khaim Kogan as saying that Lukoil management made the decision but gave no reason for the change.</p>
<p>Lukoil Baltija last year bought an oil storage facility in the town of Olaine and said that it had plans to build a plant to make car lubcricants there.</p>
<p>-- Martinsh Gravitis, Riga Newsroom, +371 721 5240</p>
</text>
<copyright>(c) Reuters Limited 1997</copyright>
<metadata>
<codes class="bip:countries:1.0">
  <code code="FIN">
    <editdetail attribution="Reuters BIP Coding Group" action="confirmed" date="1997-05-02"/>
  </code>
  <code code="LATV">
    <editdetail attribution="Reuters BIP Coding Group" action="confirmed" date="1997-05-02"/>
  </code>
  <code code="RUSS">
    <editdetail attribution="Reuters BIP Coding Group" action="confirmed" date="1997-05-02"/>
  </code>
</codes>
<codes class="bip:industries:1.0">
  <code code="I13000">
    <editdetail attribution="Reuters BIP Coding Group" action="confirmed" date="1997-05-02"/>
  </code>
  <code code="I1300003">
    <editdetail attribution="Reuters BIP Coding Group" action="confirmed" date="1997-05-02"/>
  </code>
  <code code="I14000">
    <editdetail attribution="Reuters BIP Coding Group" action="confirmed" date="1997-05-02"/>
  </code>
</codes>
<codes class="bip:topics:1.0">
  <code code="C24">
    <editdetail attribution="Reuters BIP Coding Group" action="confirmed" date="1997-05-02"/>
  </code>
  <code code="CCAT">
    <editdetail attribution="Reuters BIP Coding Group" action="confirmed" date="1997-05-02"/>
  </code>
</codes>
<dc element="dc.date.created" value="1997-05-02"/>
<dc element="dc.publisher" value="Reuters Holdings Plc"/>
<dc element="dc.date.published" value="1997-05-02"/>
<dc element="dc.source" value="Reuters"/>
<dc element="dc.creator.location" value="RIGA"/>
<dc element="dc.creator.location.country.name" value="LATVIA"/>
<dc element="dc.source" value="Reuters"/>
</metadata>
</newsitem>
