<?xml version="1.0" encoding="iso-8859-1" ?>
<newsitem itemid="555268" id="root" date="1997-05-02" xml:lang="en">
<title>SLOVAKIA: SLOVAK VUB SHAREHOLDERS APPROVE BOND ISSUE.</title>
<headline>SLOVAK VUB SHAREHOLDERS APPROVE BOND ISSUE.</headline>
<dateline>BRATISLAVA 1997-05-02</dateline>
<text>
<p>Shareholders of Slovak bank VUB a.s. on Friday approved a plan to issue three billion crowns worth of 10-year bonds in 1997, and another 4.5 billion crowns worth of paper with a similar maturity in 1998.</p>
<p>&quot;The volumes of these two tranches is the upper ceiling and we will specify the exact sum later this year,&quot; VUB Vice- president Dusan Paulik said at the bank's annual general meeting.  </p>
<p>VUB a.s., Slovakia's largest commercial bank, posted 1996 gross profit, calculated according to international accounting standards (IAS), of 79.6 million crowns compared to 2.91 billion crowns in 1995.</p>
<p>Paulik said the bank was satisfied with this result as it also created reserves totalling 1.5 billion crowns for classified loans.</p>
<p>-- Peter Laca, Bratislava Newsroom, 421-7-521-8402</p>
</text>
<copyright>(c) Reuters Limited 1997</copyright>
<metadata>
<codes class="bip:countries:1.0">
  <code code="SLVAK">
    <editdetail attribution="Reuters BIP Coding Group" action="confirmed" date="1997-05-02"/>
  </code>
</codes>
<codes class="bip:industries:1.0">
  <code code="I81402">
    <editdetail attribution="Reuters BIP Coding Group" action="confirmed" date="1997-05-02"/>
  </code>
</codes>
<codes class="bip:topics:1.0">
  <code code="C17">
    <editdetail attribution="Reuters BIP Coding Group" action="confirmed" date="1997-05-02"/>
  </code>
  <code code="C172">
    <editdetail attribution="Reuters BIP Coding Group" action="confirmed" date="1997-05-02"/>
  </code>
  <code code="CCAT">
    <editdetail attribution="Reuters BIP Coding Group" action="confirmed" date="1997-05-02"/>
  </code>
</codes>
<dc element="dc.date.created" value="1997-05-02"/>
<dc element="dc.publisher" value="Reuters Holdings Plc"/>
<dc element="dc.date.published" value="1997-05-02"/>
<dc element="dc.source" value="Reuters"/>
<dc element="dc.creator.location" value="BRATISLAVA"/>
<dc element="dc.creator.location.country.name" value="SLOVAKIA"/>
<dc element="dc.source" value="Reuters"/>
</metadata>
</newsitem>
