<?xml version="1.0" encoding="iso-8859-1" ?>
<newsitem itemid="555278" id="root" date="1997-05-02" xml:lang="en">
<title>LATVIA: BOURSE MEETS ON KAIJA, RIGA SHIPYARD.</title>
<headline>BOURSE MEETS ON KAIJA, RIGA SHIPYARD.</headline>
<dateline>RIGA 1997-05-02</dateline>
<text>
<p>Riga stock exchange said on Friday that its board meeting today will decide on whether Kaija fish cannery will join the official list and about when Riga Shipyard will join the stock exchange.</p>
<p>&quot;Our board meeting, expected to be concluded by 1100, is now deciding on Kaija fish cannery's transfer to the official list and also about Riga Shipyard joining either of the two lists,&quot; a bourse spokesman told Reuters.</p>
<p>Kaija, which has been eyeing the official list since late last year, earlier this week submitted its audited 1996 and first quarter 1997 results to the bourse.</p>
<p>Riga Shipyard has also applied for the official list but the stock exchange said it wanted to make sure the company would be consistent in providing information on its activities.</p>
<p>A decision on Riga Shipyard would depend on the timely submission of 1996 figures, the bourse has said.</p>
<p>-- Martinsh Gravitis, Riga Newsroom, +371 721 5240</p>
</text>
<copyright>(c) Reuters Limited 1997</copyright>
<metadata>
<codes class="bip:countries:1.0">
  <code code="LATV">
    <editdetail attribution="Reuters BIP Coding Group" action="confirmed" date="1997-05-02"/>
  </code>
</codes>
<codes class="bip:industries:1.0">
  <code code="I36101">
    <editdetail attribution="Reuters BIP Coding Group" action="confirmed" date="1997-05-02"/>
  </code>
  <code code="I41500">
    <editdetail attribution="Reuters BIP Coding Group" action="confirmed" date="1997-05-02"/>
  </code>
</codes>
<codes class="bip:topics:1.0">
  <code code="C14">
    <editdetail attribution="Reuters BIP Coding Group" action="confirmed" date="1997-05-02"/>
  </code>
  <code code="CCAT">
    <editdetail attribution="Reuters BIP Coding Group" action="confirmed" date="1997-05-02"/>
  </code>
</codes>
<dc element="dc.date.created" value="1997-05-02"/>
<dc element="dc.publisher" value="Reuters Holdings Plc"/>
<dc element="dc.date.published" value="1997-05-02"/>
<dc element="dc.source" value="Reuters"/>
<dc element="dc.creator.location" value="RIGA"/>
<dc element="dc.creator.location.country.name" value="LATVIA"/>
<dc element="dc.source" value="Reuters"/>
</metadata>
</newsitem>
