<?xml version="1.0" encoding="iso-8859-1" ?>
<newsitem itemid="555261" id="root" date="1997-05-02" xml:lang="en">
<title>LATVIA: LATVIA-BUDGET SURPLUS 12.5 MLN LATS AT END APRIL.</title>
<headline>LATVIA-BUDGET SURPLUS 12.5 MLN LATS AT END APRIL.</headline>
<dateline>RIGA 1997-05-02</dateline>
<text>
<p>The Latvian budget was running with a surplus of 12.462 million lats by the end of April, the finance ministry said on Friday.</p>
<p>The surplus came after total income of 175.38 million lats and spending of 162.92 million lats by the end of April, the ministry said in a statement.</p>
<p>The total internal state debt was 182.197 million lats and external debt was 236.439 million lats, leading to total debt of 418.636 million lats.</p>
<p>The internal state debt was mostly funded from Treasury bills, of which 143.565 million lats were outstanding at the end of April.</p>
<p>-- Riga newsroom, +371 721 5240</p>
</text>
<copyright>(c) Reuters Limited 1997</copyright>
<metadata>
<codes class="bip:countries:1.0">
  <code code="LATV">
    <editdetail attribution="Reuters BIP Coding Group" action="confirmed" date="1997-05-02"/>
  </code>
</codes>
<codes class="bip:topics:1.0">
  <code code="E21">
    <editdetail attribution="Reuters BIP Coding Group" action="confirmed" date="1997-05-02"/>
  </code>
  <code code="E211">
    <editdetail attribution="Reuters BIP Coding Group" action="confirmed" date="1997-05-02"/>
  </code>
  <code code="ECAT">
    <editdetail attribution="Reuters BIP Coding Group" action="confirmed" date="1997-05-02"/>
  </code>
</codes>
<dc element="dc.date.created" value="1997-05-02"/>
<dc element="dc.publisher" value="Reuters Holdings Plc"/>
<dc element="dc.date.published" value="1997-05-02"/>
<dc element="dc.source" value="Reuters"/>
<dc element="dc.creator.location" value="RIGA"/>
<dc element="dc.creator.location.country.name" value="LATVIA"/>
<dc element="dc.source" value="Reuters"/>
</metadata>
</newsitem>
