<?xml version="1.0" encoding="iso-8859-1" ?>
<newsitem itemid="555269" id="root" date="1997-05-02" xml:lang="en">
<title>ESTONIA: HANSA FUND NETTED 8.55 MLN KROONS IN Q1.</title>
<headline>HANSA FUND NETTED 8.55 MLN KROONS IN Q1.</headline>
<dateline>TALLINN 1997-05-02</dateline>
<text>
<p>Hansa Privatization Investment Fund returned a net profit of 8.55 million kroons in the first quarter, it said on Friday.</p>
<p>The fund's net profit for the whole year in 1996 was 8.2 million kroons, the fund added in its statement.</p>
<p>Its assets were at 46.5 million kroons in the first quarter, compared to 26.4 million kroons at the beginning of the year.</p>
<p>Hansa Privatization Investment Fund is listed on Tallinn stock exchange fund list.</p>
<p>-- Tallinn Newsroom, +372 6308 400, reuters@reuters.ee</p>
</text>
<copyright>(c) Reuters Limited 1997</copyright>
<metadata>
<codes class="bip:countries:1.0">
  <code code="ESTNIA">
    <editdetail attribution="Reuters BIP Coding Group" action="confirmed" date="1997-05-02"/>
  </code>
</codes>
<codes class="bip:industries:1.0">
  <code code="I81502">
    <editdetail attribution="Reuters BIP Coding Group" action="confirmed" date="1997-05-02"/>
  </code>
</codes>
<codes class="bip:topics:1.0">
  <code code="C15">
    <editdetail attribution="Reuters BIP Coding Group" action="confirmed" date="1997-05-02"/>
  </code>
  <code code="C151">
    <editdetail attribution="Reuters BIP Coding Group" action="confirmed" date="1997-05-02"/>
  </code>
  <code code="C18">
    <editdetail attribution="Reuters BIP Coding Group" action="confirmed" date="1997-05-02"/>
  </code>
  <code code="C183">
    <editdetail attribution="Reuters BIP Coding Group" action="confirmed" date="1997-05-02"/>
  </code>
  <code code="CCAT">
    <editdetail attribution="Reuters BIP Coding Group" action="confirmed" date="1997-05-02"/>
  </code>
</codes>
<dc element="dc.date.created" value="1997-05-02"/>
<dc element="dc.publisher" value="Reuters Holdings Plc"/>
<dc element="dc.date.published" value="1997-05-02"/>
<dc element="dc.source" value="Reuters"/>
<dc element="dc.creator.location" value="TALLINN"/>
<dc element="dc.creator.location.country.name" value="ESTONIA"/>
<dc element="dc.source" value="Reuters"/>
</metadata>
</newsitem>
