<?xml version="1.0" encoding="iso-8859-1" ?>
<newsitem itemid="555241" id="root" date="1997-05-02" xml:lang="en">
<title>SOUTH AFRICA: S.AFRICA'S GROWTHPOINT UPS INCOME 11.1 PCT.</title>
<headline>S.AFRICA'S GROWTHPOINT UPS INCOME 11.1 PCT.</headline>
<dateline>JOHANNESBURG 1997-05-02</dateline>
<text>
<p>South African property loan stock company Growthpoint Properties Ltd recorded consistent earnings growth in the year ending March 31, 1997.</p>
<p>Net income before debenture interest and taxation grew by 11.1 percent to 20.4 million rand while combined income per unit for the year grew by 11.1 percent to 60 cents, the company said in a statement.</p>
<p>Turnover, reflecting rent receivable from tenants, grew by 16 percent to 27.6 million rand.</p>
<p>Growthpoint's Jeffrey Sher said this was due to higher rentals as well as the 12.5 million rand acquisition of the Otjiwarongo shopping centre in Namibia on April 1 last year.</p>
<p>Occupancy levels in the commercial and retail portfolio remained at 95 percent. Interest income declined by 27 percent as a result of the acquisition, the company said.</p>
<p>Growthpoint recently announced a partial redemption of debentures to the value of 100 million rand.</p>
<p>Sher said the rationale was to unlock value for Growthpoint shareholders who have seen the share price languish at less than 50 percent of net asset value, which he described as a common problem in this sector.</p>
<p>Growthpoint had raised a 100 million rand loan from Investec Bank Ltd , which it would use to redeem debentures and repay shareholders at a rate of 2,94 rand per unit, he said.</p>
<p>The loan from Investec would be repaid over the next 12 to 15 months from the proceeds of the sale of buildings earmarked for this purpose, he added.</p>
<p>&quot;We expect the redemption to enable shareholders to unlock the value of their shareholding, and we hope to narrow the gap between net asset value and share price to less than 25 percent,&quot; Sher said.</p>
<p>-- Johannesburg newsroom +27 11 482 1003</p>
</text>
<copyright>(c) Reuters Limited 1997</copyright>
<metadata>
<codes class="bip:countries:1.0">
  <code code="SAFR">
    <editdetail attribution="Reuters BIP Coding Group" action="confirmed" date="1997-05-02"/>
  </code>
</codes>
<codes class="bip:industries:1.0">
  <code code="I85000">
    <editdetail attribution="Reuters BIP Coding Group" action="confirmed" date="1997-05-02"/>
  </code>
</codes>
<codes class="bip:topics:1.0">
  <code code="C15">
    <editdetail attribution="Reuters BIP Coding Group" action="confirmed" date="1997-05-02"/>
  </code>
  <code code="C151">
    <editdetail attribution="Reuters BIP Coding Group" action="confirmed" date="1997-05-02"/>
  </code>
  <code code="C1511">
    <editdetail attribution="Reuters BIP Coding Group" action="confirmed" date="1997-05-02"/>
  </code>
  <code code="CCAT">
    <editdetail attribution="Reuters BIP Coding Group" action="confirmed" date="1997-05-02"/>
  </code>
</codes>
<dc element="dc.date.created" value="1997-05-02"/>
<dc element="dc.publisher" value="Reuters Holdings Plc"/>
<dc element="dc.date.published" value="1997-05-02"/>
<dc element="dc.source" value="Reuters"/>
<dc element="dc.creator.location" value="JOHANNESBURG"/>
<dc element="dc.creator.location.country.name" value="SOUTH AFRICA"/>
<dc element="dc.source" value="Reuters"/>
</metadata>
</newsitem>
