<?xml version="1.0" encoding="iso-8859-1" ?>
<newsitem itemid="555292" id="root" date="1997-05-02" xml:lang="en">
<title>UK: LIFFE coffee, cocoa end up after despite NY falls.</title>
<headline>LIFFE coffee, cocoa end up after despite NY falls.</headline>
<text>
<p>COFFEE - Swings in either direction to end narrowly mixed.  July up $10 at $1,660 after a $43 range. NY loses ground after Thursday's rally.</p>
<p>COCOA - Despite NY falls, edges higher in slow business ahead of UK trade dinner. July up six at 994 stg, well above 980 support.</p>
<p>SUGAR - Tightly mixed in modest trade before long three-day weekend due to bank holiday on Monday. Aug off 20 cents at $310.50 at 1601 GMT.</p>
</text>
<copyright>(c) Reuters Limited 1997</copyright>
<metadata>
<codes class="bip:countries:1.0">
  <code code="UK">
    <editdetail attribution="Reuters BIP Coding Group" action="confirmed" date="1997-05-02"/>
  </code>
</codes>
<codes class="bip:topics:1.0">
  <code code="M14">
    <editdetail attribution="Reuters BIP Coding Group" action="confirmed" date="1997-05-02"/>
  </code>
  <code code="M141">
    <editdetail attribution="Reuters BIP Coding Group" action="confirmed" date="1997-05-02"/>
  </code>
  <code code="MCAT">
    <editdetail attribution="Reuters BIP Coding Group" action="confirmed" date="1997-05-02"/>
  </code>
</codes>
<dc element="dc.publisher" value="Reuters Holdings Plc"/>
<dc element="dc.date.published" value="1997-05-02"/>
<dc element="dc.source" value="Reuters"/>
<dc element="dc.creator.location.country.name" value="UK"/>
<dc element="dc.source" value="Reuters"/>
</metadata>
</newsitem>
