<?xml version="1.0" encoding="iso-8859-1" ?>
<newsitem itemid="555277" id="root" date="1997-05-02" xml:lang="en">
<title>ESTONIA: BUDGET REVENUES AT 28.1 PCT BY END APRIL.</title>
<headline>BUDGET REVENUES AT 28.1 PCT BY END APRIL.</headline>
<dateline>TALLINN 1997-05-02</dateline>
<text>
<p>The collection of budget revenue for the first four months of 1997 was at 28.1 percent or 3.6 billion kroons of the planned annual budget, the finance ministry said on Friday.</p>
<p>In April, the government collected 7.2 percent of the budget or 905 million kroons, the ministry said in a statement.</p>
<p>-- Tallinn newsroom +372 630 8400 reuters@reuters.ee</p>
</text>
<copyright>(c) Reuters Limited 1997</copyright>
<metadata>
<codes class="bip:countries:1.0">
  <code code="ESTNIA">
    <editdetail attribution="Reuters BIP Coding Group" action="confirmed" date="1997-05-02"/>
  </code>
</codes>
<codes class="bip:topics:1.0">
  <code code="E21">
    <editdetail attribution="Reuters BIP Coding Group" action="confirmed" date="1997-05-02"/>
  </code>
  <code code="E211">
    <editdetail attribution="Reuters BIP Coding Group" action="confirmed" date="1997-05-02"/>
  </code>
  <code code="ECAT">
    <editdetail attribution="Reuters BIP Coding Group" action="confirmed" date="1997-05-02"/>
  </code>
</codes>
<dc element="dc.date.created" value="1997-05-02"/>
<dc element="dc.publisher" value="Reuters Holdings Plc"/>
<dc element="dc.date.published" value="1997-05-02"/>
<dc element="dc.source" value="Reuters"/>
<dc element="dc.creator.location" value="TALLINN"/>
<dc element="dc.creator.location.country.name" value="ESTONIA"/>
<dc element="dc.source" value="Reuters"/>
</metadata>
</newsitem>
