<?xml version="1.0" encoding="iso-8859-1" ?>
<newsitem itemid="555341" id="root" date="1997-05-02" xml:lang="en">
<title>UK: INTERVIEW-Yorks Water sees steady '97 growth.</title>
<headline>INTERVIEW-Yorks Water sees steady '97 growth.</headline>
<byline>Paul Carrel</byline>
<dateline>LEEDS, England 1997-05-02</dateline>
<text>
<p>British water and sewerage company Yorkshire Water Plc on Friday said it looked forward to steady growth in 1997 as increased efficiency brought improved customer service and better shareholder value, but it could not say how the new Labour government's planned windfall tax would affect the group.</p>
<p>&quot;The business is sound. It is each and every year becoming more efficient,&quot; group chief executive Kevin Bond told Reuters in an interview.</p>
<p>But a cloud of uncertainty still looms for all Britain's privatised utilities with the arrival of Tony Blair's Labour regime.</p>
<p>And, Bond said, the effect on Yorkshire Water of Labour's windfall tax would remain unclear until full details were given.</p>
<p>&quot;We are waiting to hear what the new government will say,&quot; he added.</p>
<p>Yorkshire Water had done a great deal to overcome the difficulties which saw it unable to secure and deliver water, most notoriously in the summer drought of 1995, Bond said. His assurance came after the government issued this year's first drought order on Thursday.</p>
<p>&quot;Our reservoirs are 87 percent full and that's across Yorkshire,&quot; said Bond. &quot;We've re-engineered the system completely which puts us in a far stronger position.&quot;</p>
<p>The company was working to give shareholders &quot;more bang for the buck&quot; through improved efficiency and satisfying customers, he said.</p>
<p>Water customers have attacked utilities over water shortages which have forced the imposition of hosepipe bans and the installing of stand-pipes.</p>
<p>But while reservoir and river levels were healthy, Bond said Yorkshire could cope with the low aquifer levels which helped support east Yorkshire by using the developed grid network.</p>
<p>Yorkshire Water, which posted pre-tax profit of 162.2 million sterling in 1996, had implemented a 170 million stg investment programme since 1995.</p>
<p>The investment in an additional 240 kms of pipeline and 28 new pumping stations would enable vast quantities of water to be moved around Yorkshire.</p>
<p>By investing a further 20 million sterling each year in additional leakage reduction, Yorkshire Water would steadily improve efficiency.</p>
<p>&quot;It's a cumulative approach,&quot; he said.</p>
<p>The investment had already brought leakage down to 328 megalitres a day from 435 megalitres in 1995, enough to supply daily a town the size of Huddersfield, which has a population of 120,000, Bond said.</p>
<p>-- London Newsroom +44 171 542 7717</p>
</text>
<copyright>(c) Reuters Limited 1997</copyright>
<metadata>
<codes class="bip:countries:1.0">
  <code code="UK">
    <editdetail attribution="Reuters BIP Coding Group" action="confirmed" date="1997-05-02"/>
  </code>
</codes>
<codes class="bip:industries:1.0">
  <code code="I17000">
    <editdetail attribution="Reuters BIP Coding Group" action="confirmed" date="1997-05-02"/>
  </code>
</codes>
<codes class="bip:topics:1.0">
  <code code="C15">
    <editdetail attribution="Reuters BIP Coding Group" action="confirmed" date="1997-05-02"/>
  </code>
  <code code="C152">
    <editdetail attribution="Reuters BIP Coding Group" action="confirmed" date="1997-05-02"/>
  </code>
  <code code="CCAT">
    <editdetail attribution="Reuters BIP Coding Group" action="confirmed" date="1997-05-02"/>
  </code>
</codes>
<dc element="dc.date.created" value="1997-05-02"/>
<dc element="dc.publisher" value="Reuters Holdings Plc"/>
<dc element="dc.date.published" value="1997-05-02"/>
<dc element="dc.source" value="Reuters"/>
<dc element="dc.creator.location" value="LEEDS, England"/>
<dc element="dc.creator.location.country.name" value="UK"/>
<dc element="dc.source" value="Reuters"/>
</metadata>
</newsitem>
