<?xml version="1.0" encoding="iso-8859-1" ?>
<newsitem itemid="555357" id="root" date="1997-05-02" xml:lang="en">
<title>UK: Brown is UK finance minister,Cook foreign minister.</title>
<headline>Brown is UK finance minister,Cook foreign minister.</headline>
<dateline>LONDON 1997-05-02</dateline>
<text>
<p>Gordon Brown was named Chancellor of the Exchequer (finance minister) in Prime Minister Tony Blair's first cabinet on Friday after the Labour Party won a landslide election victory. Robin Cook was named foreign secretary in succession to Malcolm Rifkind who held the post under the outgoing Conservative government. Brown takes over from Kenneth Clarke.  </p>
<p>John Prescott was appointed deputy prime minister, also with responsibilities for transport and environment, a spokesman for Blair said. Prescott succeeds Michael Heseltine, deputy prime minister under John Major until Labour beat the Conseravtives in a landslide election victory. The spokesman also confirmed Margaret Beckett as President of the Board of Trade (Trade Secretary), David Blunkett as education secretary, Jack Straw as Home Secretary (Interior Minister) and Derry Irvine as Lord Chancellor, the government's top legal post in the House of Lords. Blair &quot;will hit the ground running,&quot; the spokesman said.</p>
</text>
<copyright>(c) Reuters Limited 1997</copyright>
<metadata>
<codes class="bip:countries:1.0">
  <code code="UK">
    <editdetail attribution="Reuters BIP Coding Group" action="confirmed" date="1997-05-02"/>
  </code>
</codes>
<codes class="bip:topics:1.0">
  <code code="GCAT">
    <editdetail attribution="Reuters BIP Coding Group" action="confirmed" date="1997-05-02"/>
  </code>
  <code code="GPOL">
    <editdetail attribution="Reuters BIP Coding Group" action="confirmed" date="1997-05-02"/>
  </code>
</codes>
<dc element="dc.date.created" value="1997-05-02"/>
<dc element="dc.publisher" value="Reuters Holdings Plc"/>
<dc element="dc.date.published" value="1997-05-02"/>
<dc element="dc.source" value="Reuters"/>
<dc element="dc.creator.location" value="LONDON"/>
<dc element="dc.creator.location.country.name" value="UK"/>
<dc element="dc.source" value="Reuters"/>
</metadata>
</newsitem>
