<?xml version="1.0" encoding="iso-8859-1" ?>
<newsitem itemid="555327" id="root" date="1997-05-02" xml:lang="en">
<title>UK: UK agency to prosecute ICI over waste leak.</title>
<headline>UK agency to prosecute ICI over waste leak.</headline>
<dateline>LONDON 1997-05-02</dateline>
<text>
<p>Britain's Environment Agency said on Friday it is to prosecute ICI Chemicals &amp; Polymers Ltd after effluent from the company's Runcorn plant flowed into the Weston canal, in north west England, in October.</p>
<p>The Agency, a government body which oversees water quality in the UK, claims the unit of Imperial Chemical Industries Plc failed to maintain equipment and breached discharge limits.</p>
<p>It also believes there was an operational procedure failure leading to the effluent leak, a spokesman for the Environment Agency said.</p>
<p>The agency added that it was setting up a team to review the environmental management systems at the ICI plant.</p>
<p>-- London newsroom +44 171 542 7717</p>
</text>
<copyright>(c) Reuters Limited 1997</copyright>
<metadata>
<codes class="bip:countries:1.0">
  <code code="UK">
    <editdetail attribution="Reuters BIP Coding Group" action="confirmed" date="1997-05-02"/>
  </code>
</codes>
<codes class="bip:industries:1.0">
  <code code="I25000">
    <editdetail attribution="Reuters BIP Coding Group" action="confirmed" date="1997-05-02"/>
  </code>
</codes>
<codes class="bip:topics:1.0">
  <code code="C12">
    <editdetail attribution="Reuters BIP Coding Group" action="confirmed" date="1997-05-02"/>
  </code>
  <code code="C24">
    <editdetail attribution="Reuters BIP Coding Group" action="confirmed" date="1997-05-02"/>
  </code>
  <code code="CCAT">
    <editdetail attribution="Reuters BIP Coding Group" action="confirmed" date="1997-05-02"/>
  </code>
  <code code="GCAT">
    <editdetail attribution="Reuters BIP Coding Group" action="confirmed" date="1997-05-02"/>
  </code>
  <code code="GCRIM">
    <editdetail attribution="Reuters BIP Coding Group" action="confirmed" date="1997-05-02"/>
  </code>
  <code code="GENV">
    <editdetail attribution="Reuters BIP Coding Group" action="confirmed" date="1997-05-02"/>
  </code>
</codes>
<dc element="dc.date.created" value="1997-05-02"/>
<dc element="dc.publisher" value="Reuters Holdings Plc"/>
<dc element="dc.date.published" value="1997-05-02"/>
<dc element="dc.source" value="Reuters"/>
<dc element="dc.creator.location" value="LONDON"/>
<dc element="dc.creator.location.country.name" value="UK"/>
<dc element="dc.source" value="Reuters"/>
</metadata>
</newsitem>
