<?xml version="1.0" encoding="iso-8859-1" ?>
<newsitem itemid="555319" id="root" date="1997-05-02" xml:lang="en">
<title>UK: UK pledges to improve ties with European Union.</title>
<headline>UK pledges to improve ties with European Union.</headline>
<byline>David Ljunggren</byline>
<dateline>LONDON 1997-05-02</dateline>
<text>
<p>New British Foreign Secretary Robin Cook said on Friday that one of his priorities was to improve relations with the European Union which suffered grievously during the last years of Conservative rule.</p>
<p>&quot;Labour's job is to give Britain back a strong voice in world affairs after many years in which that voice has not been heard above the noisy divisions within the Conservative party,&quot; he said minutes after being appointed to his post.</p>
<p>The Conservatives of John Major crashed to a humiliating election defeat on Thursday, in part caused by deep splits over policy towards the European Union.</p>
<p>Relations with the EU plummeted to rock bottom last year after the 15-nation bloc slapped an export ban on British beef exports amid fears that mad cow disease could spread to humans. Major briefly suspended all cooperation with the EU in protest.</p>
<p>Cook, speaking to reporters outside the number 10 Downing Street residence of new Labour Prime Minister Tony Blair, said he wanted to make Britain a leading player in a Europe of independent nation states.</p>
<p>&quot;We know we can better shape the direction of Europe if Britain takes its rightful place in the driving seat of Europe, instead of heckling from the back seat,&quot; he said.</p>
<p>Labour has gradually changed its position on Europe to reflect that of the Conservatives -- retaining the right not to join a European single currency and promising to hold a referendum before any such decision was taken.</p>
<p>Cook, who like most of his colleagues has no ministerial experience, denied he would be swamped by crucial forthcoming negotiations over the future of the EU.</p>
<p>&quot;We have been tracking those negotiations for well over a year now, we have a number of sister parties throughout Europe, most of them in government,&quot; he later told BBC radio.</p>
<p>&quot;We've kept in touch with them and we know what the score is. We know what are policies are, we can hit the ground running and that's what we plan to do.&quot;</p>
<p>Cook reiterated Labour's pledge to use British embassies to promote trade to secure jobs at home and said he would try to gain international respect for Britain's commitment to peace-keeping missions around the world.</p>
</text>
<copyright>(c) Reuters Limited 1997</copyright>
<metadata>
<codes class="bip:countries:1.0">
  <code code="EEC">
    <editdetail attribution="Reuters BIP Coding Group" action="confirmed" date="1997-05-02"/>
  </code>
  <code code="UK">
    <editdetail attribution="Reuters BIP Coding Group" action="confirmed" date="1997-05-02"/>
  </code>
</codes>
<codes class="bip:topics:1.0">
  <code code="G15">
    <editdetail attribution="Reuters BIP Coding Group" action="confirmed" date="1997-05-02"/>
  </code>
  <code code="G155">
    <editdetail attribution="Reuters BIP Coding Group" action="confirmed" date="1997-05-02"/>
  </code>
  <code code="GCAT">
    <editdetail attribution="Reuters BIP Coding Group" action="confirmed" date="1997-05-02"/>
  </code>
  <code code="GDIP">
    <editdetail attribution="Reuters BIP Coding Group" action="confirmed" date="1997-05-02"/>
  </code>
</codes>
<dc element="dc.date.created" value="1997-05-02"/>
<dc element="dc.publisher" value="Reuters Holdings Plc"/>
<dc element="dc.date.published" value="1997-05-02"/>
<dc element="dc.source" value="Reuters"/>
<dc element="dc.creator.location" value="LONDON"/>
<dc element="dc.creator.location.country.name" value="UK"/>
<dc element="dc.source" value="Reuters"/>
</metadata>
</newsitem>
