<?xml version="1.0" encoding="iso-8859-1" ?>
<newsitem itemid="555344" id="root" date="1997-05-02" xml:lang="en">
<title>UK: Closing stock market indices.</title>
<headline>Closing stock market indices.</headline>
<dateline>LONDON 1997-05-02</dateline>
<text>
<p>Here is how major stock markets outside the United States ended on Friday.</p>
<p>LONDON - Leading UK shares scaled new peaks, inspired by bullish Wall Street and shrugging off uncertainties created by the Labour Party's historic sweep to power. The benchmark index rose early on, defying initial expectations for big drop, and then gathered pace in the final hours of the session as Wall Street leapt. The FTSE 100 index added 10.6 points to close at 4,455.6, rising 85.9 from last Friday.</p>
<p>FRANKFURT - German shares edge up to a higher close after a rangebound bourse session, dulled by the fact that many market participants are away after the May Day holiday, many dealers see mid-term trend positive, given firm dollar and barring major shocks on U.S. economy. The DAX index closed up 22.30 points at 3,460.37, up 86.27 on the week. In post-bourse trade the DAX index stood at 3,491.08.</p>
<p>PARIS - French shares closed 0.6 percent higher after a lacklustre and mixed day, the market had started with gains after having been closed on Thursday, ignoring Wall Street's overnight fall. It cut its gains ahead of the publication of weaker-than-expected April U.S. jobs creation data, spiked up after the numbers but the rally ran quickly out of steam. The CAC-40 index closed up 0.60 percent or 15.84 points at 2,655.31, rising 119.05 from seven days ago.</p>
<p>ZURICH - Swiss shares posted their third record session in a row and for the first time ended above the important 4,900 point level in the blue-chip Swiss Market Index (SMI), the market took a positive view of a patch of U.S. economic data and this led to a further improvement in interest rate prospects. The Broad SPI index rose 32.82 points or 1.06 percent to end at 3,127.47, a rise of 102.85 on the week.</p>
<p>TOKYO - Tokyo stocks surged to close at a new high for 1997, lifted by institutional investors, mostly pension funds, seeking blue-chip issues. The 225-share Nikkei average rose 239.42 points or 1.24 percent to end at 19,514.75, rising 901.89 from last week.</p>
<p>HONG KONG - Hong Kong stocks ended higher for the third day in a row, with a rally in property and bank stocks keeping the Hang Seng Index well above 13,000 points, although momentum began to slow after a strong week. The Hang Seng ended 60.92 points or 0.47 percent higher at 13,081.70, up 435.94 on the week.</p>
<p>SYDNEY - A resilient Australian share market locked in light single figure gains by the close as traders battened down for U.S. payroll data due later today. The All Ordinaries index added 6.20 points to 2,491.60, a rise of 16.90 from last Thursday.</p>
<p>JOHANNESBURG - South African shares ended strong boosted by bullish U.S. unemployment data which lifted industrials in the afternoon after a weaker start, golds ended at yet another fresh four-year low on a lacklustre bullion price which failed to break above the $340 an ounce level. The Industrial index ended up 44.2 points at 8,538.5, a rise of 132.5 from last Friday, the All-share index gained 18.5 points to 7,149.0, up 77 on the week and the Gold index lost 5.4 points to 1,181.6, down 53.4 from seven days ago.</p>
</text>
<copyright>(c) Reuters Limited 1997</copyright>
<metadata>
<codes class="bip:countries:1.0">
  <code code="UK">
    <editdetail attribution="Reuters BIP Coding Group" action="confirmed" date="1997-05-02"/>
  </code>
</codes>
<codes class="bip:topics:1.0">
  <code code="M11">
    <editdetail attribution="Reuters BIP Coding Group" action="confirmed" date="1997-05-02"/>
  </code>
  <code code="MCAT">
    <editdetail attribution="Reuters BIP Coding Group" action="confirmed" date="1997-05-02"/>
  </code>
</codes>
<dc element="dc.date.created" value="1997-05-02"/>
<dc element="dc.publisher" value="Reuters Holdings Plc"/>
<dc element="dc.date.published" value="1997-05-02"/>
<dc element="dc.source" value="Reuters"/>
<dc element="dc.creator.location" value="LONDON"/>
<dc element="dc.creator.location.country.name" value="UK"/>
<dc element="dc.source" value="Reuters"/>
</metadata>
</newsitem>
