<?xml version="1.0" encoding="iso-8859-1" ?>
<newsitem itemid="555388" id="root" date="1997-05-02" xml:lang="en">
<title>CANADA: Loblaw sees 50 pct EPS jump over 3 yrs.</title>
<headline>Loblaw sees 50 pct EPS jump over 3 yrs.</headline>
<byline>Lydia Zajc</byline>
<dateline>TORONTO 1997-05-02</dateline>
<text>
<p>Canadian grocery chain Loblaw Cos Ltd is set to see earnings per share soar by 50 percent by 2000 as sales grow, President Richard Currie said on Friday.</p>
<p>&quot;Earnings per share will jump about 50 percent over the next three years,&quot; Currie told the annual meeting. First- quarter profit rose to C$0.15 a share for the period ended March 22 from year earlier C$0.12.</p>
<p>Currie also told shareholders that 1997 earnings per share would rise to C$0.85 to C$0.89, the range of predictions by analysts. &quot;My expectations are (that) the analysts are about correct,&quot; he said.</p>
<p>Last year, Loblaw, which is 70 percent-owned by bakery group George Weston Ltd, earned C$0.72 a share or C$173.7 million on sales of C$9.85 billion.</p>
<p>Currie forecast 1997 sales would expand by 10 percent. &quot;Sales have been very solid, up seven percent last year, and with this year being a 53-week year, it might hit to 10 percent,&quot; Currie added. &quot;That would represent a stellar year.&quot;</p>
<p>Loblaw ended its previous fiscal year in December 28 but because it reports in 12-week increments, it must add a few days this year.</p>
<p>&quot;The earnings have a potential to increase more if we can get our costs down to where they could be,&quot; Currie said. In 1996, Loblaw streamlined warehousing and distribution systems.</p>
<p>Loblaw, which owns retail and wholesale stores including Loblaws, Valu-Mart, Extra Foods and Lucky Dollar Foods, has seen sales grow steadily over the past few years as it expanded in Atlantic Canada and other regions.</p>
<p>The grocer plans to unveil its first Quebec stores, outside of its outlets in the Ottawa/Hull region, in late 1997 or early 1998.</p>
<p>Loblaw has also benefited from the strike of unionized workers at 73 Safeway Inc stores in Alberta, which began on March 26, Currie added. Loblaw sales have jumped 30 percent in the province.</p>
<p>Safeway is based in Pleasanton, California.</p>
<p>Currie said Loblaw would have C$450 million in capital expenditures in 1997, up from about C$350 million in 1996. He said Loblaw planned to open or renovate 64 outlets.</p>
<p>Loblaw shares edged up 0.05 to 17.30 on the Toronto Stock Exchange today, below its 52-week high of 17.60 and well above its year low of 10.40.</p>
<p>George Weston shares rose 0.50 to 78 in Toronto.</p>
<p>((lydia.zajc@reuters.com, Reuters Toronto Bureau (416) 941-8109))</p>
</text>
<copyright>(c) Reuters Limited 1997</copyright>
<metadata>
<codes class="bip:countries:1.0">
  <code code="CANA">
    <editdetail attribution="Reuters BIP Coding Group" action="confirmed" date="1997-05-02"/>
  </code>
</codes>
<codes class="bip:industries:1.0">
  <code code="I64100">
    <editdetail attribution="Reuters BIP Coding Group" action="confirmed" date="1997-05-02"/>
  </code>
</codes>
<codes class="bip:topics:1.0">
  <code code="C15">
    <editdetail attribution="Reuters BIP Coding Group" action="confirmed" date="1997-05-02"/>
  </code>
  <code code="C152">
    <editdetail attribution="Reuters BIP Coding Group" action="confirmed" date="1997-05-02"/>
  </code>
  <code code="CCAT">
    <editdetail attribution="Reuters BIP Coding Group" action="confirmed" date="1997-05-02"/>
  </code>
</codes>
<dc element="dc.date.created" value="1997-05-02"/>
<dc element="dc.publisher" value="Reuters Holdings Plc"/>
<dc element="dc.date.published" value="1997-05-02"/>
<dc element="dc.source" value="Reuters"/>
<dc element="dc.creator.location" value="TORONTO"/>
<dc element="dc.creator.location.country.name" value="CANADA"/>
<dc element="dc.source" value="Reuters"/>
</metadata>
</newsitem>
