<?xml version="1.0" encoding="iso-8859-1" ?>
<newsitem itemid="555399" id="root" date="1997-05-02" xml:lang="en">
<title>CANADA: U.S. mulls trade case against Canada copyright law.</title>
<headline>U.S. mulls trade case against Canada copyright law.</headline>
<dateline>TORONTO 1997-05-02</dateline>
<text>
<p>The United States is considering taking trade action against Canada for its new copyright law, U.S. Trade Representative Charlene Barshefsky said on Friday.</p>
<p>&quot;We're very, very concerned about the unequal distribution of blank tape levies,&quot; she told reporters after a morning meeting with Canadian Trade Minister Art Eggleton. &quot;This is a violation of national treatment, among other violations, and we are looking at the possibility of bringing a case on that matter.&quot;</p>
<p>She would not say which international trade forum the U.S. would consider for taking action against Canada.</p>
<p>Barshefsky, Eggleton and trade chiefs from the European Union and Japan are in Toronto for a two-day Quadrilateral group meeting to promote global trade liberalization.</p>
<p>But Eggleton insisted Canada's copyright law does not breach any international conventions.</p>
<p>The legislation imposes a tax on blank audio cassettes, with the revenue to be distributed to performers. But the royalties are not passed on to U.S. performers since the United States has not signed an international treaty on copyright.</p>
<p>&quot;We've examined it very carefully to make sure it meets our obligations, and we're sure it does,&quot; Eggleton told reporters. &quot;If they don't feel we are (meeting our obligations), they have the possibility to take it to a dispute panel.&quot;</p>
<p>Canada and the U.S. also thrashed through a discussion on Canada's wheat exports to the United States, Barshefsky said.</p>
<p>But Barshefsky stopped short of making a call for a cap on Canadian wheat, opting instead to request better market access for U.S. agricultural products.</p>
<p>&quot;We discussed our concerns about Canadian grains which are entering the U.S. at very, very high levels, both for durum wheat and spring wheat,&quot; she told reporters.</p>
<p>She said U.S. and Canadian officials met a week ago to discuss how U.S. agricultural products could get better access to Canada. Another officials' meeting is planned for the end of May or early June, she said.</p>
<p>Eggleton reiterated that Canada was within its rights to export as much wheat as it wants to the United States.</p>
<p>&quot;We don't see a problem or any need to talk about any limitations (on grain exports),&quot; he said.</p>
<p>((Heather Scoffield, Reuters Toronto Bureau 416-941-8100))</p>
</text>
<copyright>(c) Reuters Limited 1997</copyright>
<metadata>
<codes class="bip:countries:1.0">
  <code code="CANA">
    <editdetail attribution="Reuters BIP Coding Group" action="confirmed" date="1997-05-02"/>
  </code>
  <code code="USA">
    <editdetail attribution="Reuters BIP Coding Group" action="confirmed" date="1997-05-02"/>
  </code>
</codes>
<codes class="bip:topics:1.0">
  <code code="C13">
    <editdetail attribution="Reuters BIP Coding Group" action="confirmed" date="1997-05-02"/>
  </code>
  <code code="CCAT">
    <editdetail attribution="Reuters BIP Coding Group" action="confirmed" date="1997-05-02"/>
  </code>
  <code code="E51">
    <editdetail attribution="Reuters BIP Coding Group" action="confirmed" date="1997-05-02"/>
  </code>
  <code code="E512">
    <editdetail attribution="Reuters BIP Coding Group" action="confirmed" date="1997-05-02"/>
  </code>
  <code code="ECAT">
    <editdetail attribution="Reuters BIP Coding Group" action="confirmed" date="1997-05-02"/>
  </code>
</codes>
<dc element="dc.date.created" value="1997-05-02"/>
<dc element="dc.publisher" value="Reuters Holdings Plc"/>
<dc element="dc.date.published" value="1997-05-02"/>
<dc element="dc.source" value="Reuters"/>
<dc element="dc.creator.location" value="TORONTO"/>
<dc element="dc.creator.location.country.name" value="CANADA"/>
<dc element="dc.source" value="Reuters"/>
</metadata>
</newsitem>
