<?xml version="1.0" encoding="iso-8859-1" ?>
<newsitem itemid="555361" id="root" date="1997-05-02" xml:lang="en">
<title>UK: SFA rejects GFEC spot-rolling forex application.</title>
<headline>SFA rejects GFEC spot-rolling forex application.</headline>
<dateline>LONDON 1997-05-02</dateline>
<text>
<p>The Securities and Futures Authority said on Friday it has denied authorisation to Global Foreign Exchange Corporation Ltd (GFEC) to provide speculative foreign exchange services know as rolling-spot forex contracts.</p>
<p>&quot;After a thorough evaluation of GFEC's application...SFA, through its Authorisation Committee, has today determined that GFEC does not meet the standards of fitness and propriety required for authorisation,&quot; the SFA said in a release.</p>
<p>GFEC, which applied for authorisation to deal in rolling-spot forex contracts on February 29 1996, became on Friday the first firm to be denied such authorisation, said the SFA.</p>
<p>A rolling-spot forex contract, a seven-day agreement to buy or sell foreign currency, falls under the jurisdiction of the Securities and Investment Board (SIB) because as a forward contract it constitutes an investment.</p>
<p>The SFA said GFEC has 20 business days to appeal against their decision before an SFA Authorisation Appeal Tribunal.</p>
<p>Aside from GFEC, the SFA said it has also received authorisation applications from 29 rolling-spot forex firms; thirteen of which have subsequently withdrawn their application.</p>
<p>Ten firms have been granted authorisation and six applications are still being considered, said the SFA.</p>
<p>While the GFEC is the first company  to be denied such approval, the SFA said it is now up to the SIB to decided on interim permission for it to continue in rolling spot forex operations while it considers an appeal against the SFA.</p>
<p>--Julia Meehan, London newsroom +4471 542 6701</p>
</text>
<copyright>(c) Reuters Limited 1997</copyright>
<metadata>
<codes class="bip:countries:1.0">
  <code code="UK">
    <editdetail attribution="Reuters BIP Coding Group" action="confirmed" date="1997-05-02"/>
  </code>
</codes>
<codes class="bip:industries:1.0">
  <code code="I83100">
    <editdetail attribution="Reuters BIP Coding Group" action="confirmed" date="1997-05-02"/>
  </code>
</codes>
<codes class="bip:topics:1.0">
  <code code="C13">
    <editdetail attribution="Reuters BIP Coding Group" action="confirmed" date="1997-05-02"/>
  </code>
  <code code="C21">
    <editdetail attribution="Reuters BIP Coding Group" action="confirmed" date="1997-05-02"/>
  </code>
  <code code="CCAT">
    <editdetail attribution="Reuters BIP Coding Group" action="confirmed" date="1997-05-02"/>
  </code>
  <code code="M13">
    <editdetail attribution="Reuters BIP Coding Group" action="confirmed" date="1997-05-02"/>
  </code>
  <code code="M132">
    <editdetail attribution="Reuters BIP Coding Group" action="confirmed" date="1997-05-02"/>
  </code>
  <code code="MCAT">
    <editdetail attribution="Reuters BIP Coding Group" action="confirmed" date="1997-05-02"/>
  </code>
</codes>
<dc element="dc.date.created" value="1997-05-02"/>
<dc element="dc.publisher" value="Reuters Holdings Plc"/>
<dc element="dc.date.published" value="1997-05-02"/>
<dc element="dc.source" value="Reuters"/>
<dc element="dc.creator.location" value="LONDON"/>
<dc element="dc.creator.location.country.name" value="UK"/>
<dc element="dc.source" value="Reuters"/>
</metadata>
</newsitem>
