<?xml version="1.0" encoding="iso-8859-1" ?>
<newsitem itemid="555379" id="root" date="1997-05-02" xml:lang="en">
<title>CANADA: Nortel's incoming CEO has big shoes to fill.</title>
<headline>Nortel's incoming CEO has big shoes to fill.</headline>
<byline>Sarah Edmonds</byline>
<dateline>TORONTO 1997-05-02</dateline>
<text>
<p>Soft-spoken John Roth has big shoes to fill when he becomes Northern Telecom Ltd. chief executive, replacing Jean Monty, who is credited with turning around the Canadian telecommunications equipment company.</p>
<p>Monty, 49, took the helm of a troubled firm overly dependent on a slowing core business -- central office switching -- and re-shaped it into a nimble and high-growth contender in the fast-changing telecom equipment world.</p>
<p>In the second quarter of 1993, soon after Monty replaced Paul Stern, the company took $940 million in charges to cover a major software revamp and a goodwill writedown on its 1991 acquisition of STC Plc.</p>
<p>Stern was criticised for the huge charge and the company's late entry into the wireless and broadband (multimedia) markets. But Nortel is back to record profitability and analysts are keen to know if Roth can chart the same successful course as Monty.</p>
<p>The Alberta-born Roth, 54, will be the first Nortel chief executive in more than 20 years to have risen through the ranks. The 28-year company veteran shook up Nortel's wireless division after it missed out on the early growth of the analogue (early cellular phone) market.</p>
<p>&quot;I think continuity shouldn't be a problem,&quot; Roth, who was tapped by Monty for the top job two years ago and given board approval last year, said in a recent interview.</p>
<p>Roth, who has became Nortel president in March, becomes chief executive in October.</p>
<p>Monty, who was parachuted in from Bell Canada, the telephone company arm of Nortel's parent BCE Inc., is returning to the BCE group in a so far unspecified capacity.</p>
<p>Roth said that while Monty, who was popular with the financial community, was more of a &quot;financial engineer&quot; charged with cleaning up Nortel's balance sheet, his focus has been on products.</p>
<p>After a stint at RCA's antenna division where he designed the optics for satellite-borne antennas, Roth joined the research and development facility at then-Northern Electric.</p>
<p>Roth since 1994 has effectively run 66 percent of the company in terms of revenues. South America and Europe have since been folded into his areas of responsibility.</p>
<p>Roth's two-pronged approach to the future places an even greater emphasis on the issues Monty brought to the fore at Nortel -- customer service and a complete product portfolio.</p>
<p>&quot;My goal when my time comes to lead Nortel is I want to make sure that Nortel is well-positioned with a portfolio that will be appropriate going into the next century,&quot; Roth said.</p>
<p>&quot;Fields like wireless are going to dominate. The Internet is going to dominate communications. The international networks are going to dominate telecommunications. Those are the areas that Northern has to be well-positioned in.&quot;</p>
</text>
<copyright>(c) Reuters Limited 1997</copyright>
<metadata>
<codes class="bip:countries:1.0">
  <code code="CANA">
    <editdetail attribution="Reuters BIP Coding Group" action="confirmed" date="1997-05-02"/>
  </code>
</codes>
<codes class="bip:industries:1.0">
  <code code="I34410">
    <editdetail attribution="Reuters BIP Coding Group" action="confirmed" date="1997-05-02"/>
  </code>
</codes>
<codes class="bip:topics:1.0">
  <code code="C41">
    <editdetail attribution="Reuters BIP Coding Group" action="confirmed" date="1997-05-02"/>
  </code>
  <code code="C411">
    <editdetail attribution="Reuters BIP Coding Group" action="confirmed" date="1997-05-02"/>
  </code>
  <code code="CCAT">
    <editdetail attribution="Reuters BIP Coding Group" action="confirmed" date="1997-05-02"/>
  </code>
</codes>
<dc element="dc.date.created" value="1997-05-02"/>
<dc element="dc.publisher" value="Reuters Holdings Plc"/>
<dc element="dc.date.published" value="1997-05-02"/>
<dc element="dc.source" value="Reuters"/>
<dc element="dc.creator.location" value="TORONTO"/>
<dc element="dc.creator.location.country.name" value="CANADA"/>
<dc element="dc.source" value="Reuters"/>
</metadata>
</newsitem>
