<?xml version="1.0" encoding="iso-8859-1" ?>
<newsitem itemid="555441" id="root" date="1997-05-02" xml:lang="en">
<title>CONGO: Mobutu's ill health delays Zaire peace talks.</title>
<headline>Mobutu's ill health delays Zaire peace talks.</headline>
<dateline>POINTE NOIRE, Congo 1997-05-02</dateline>
<text>
<p>Zairean peace talks on board a South African navy ship were being held up because President Mobutu Sese Seko was too sick to climb or be flown on board, officials said on Friday.</p>
<p>&quot;The problem is the steep metal steps,&quot; said one South African official on board the Outeniqua, the supply ship moored in a Congolese port and due to take Mobutu and his rebel rival Laurent Kabila out to sea for their first talks.  </p>
<p>Zaire's Foreign Minister Kamanda wa Kamanda said doctors had also advised the ailing, cancer-stricken Mobutu against being flown on board by helicopter because the vibrations would be bad for him. But Kamanda remained optimistic.</p>
<p>&quot;The president is going to come,&quot; he told reporters on the ship, where South African President Nelson Mandela was waiting to chair the talks on ending Zaire's seven-month civil war.</p>
<p>He said Mobutu, who flew by plane from Kinshasa earlier on Friday and was waiting at the airport of the coastal city of Pointe Noire, was in good spirits.</p>
<p>The Outeniqua was due to leave Pointe Noire and sail south for two hours to pick Kabila up off the coast of Angola, where he was waiting in the capital Luanda.</p>
</text>
<copyright>(c) Reuters Limited 1997</copyright>
<metadata>
<codes class="bip:countries:1.0">
  <code code="CONGO">
    <editdetail attribution="Reuters BIP Coding Group" action="confirmed" date="1997-05-02"/>
  </code>
  <code code="SAFR">
    <editdetail attribution="Reuters BIP Coding Group" action="confirmed" date="1997-05-02"/>
  </code>
  <code code="ZAIRE">
    <editdetail attribution="Reuters BIP Coding Group" action="confirmed" date="1997-05-02"/>
  </code>
</codes>
<codes class="bip:topics:1.0">
  <code code="GCAT">
    <editdetail attribution="Reuters BIP Coding Group" action="confirmed" date="1997-05-02"/>
  </code>
  <code code="GDIP">
    <editdetail attribution="Reuters BIP Coding Group" action="confirmed" date="1997-05-02"/>
  </code>
  <code code="GVIO">
    <editdetail attribution="Reuters BIP Coding Group" action="confirmed" date="1997-05-02"/>
  </code>
</codes>
<dc element="dc.date.created" value="1997-05-02"/>
<dc element="dc.publisher" value="Reuters Holdings Plc"/>
<dc element="dc.date.published" value="1997-05-02"/>
<dc element="dc.source" value="Reuters"/>
<dc element="dc.creator.location" value="POINTE NOIRE, Congo"/>
<dc element="dc.creator.location.country.name" value="CONGO"/>
<dc element="dc.source" value="Reuters"/>
</metadata>
</newsitem>
