<?xml version="1.0" encoding="iso-8859-1" ?>
<newsitem itemid="555467" id="root" date="1997-05-02" xml:lang="en">
<title>SOUTH AFRICA: South Africa ship site of ice-breaking Zaire talks.</title>
<headline>South Africa ship site of ice-breaking Zaire talks.</headline>
<byline>Brendan Boyle</byline>
<dateline>CAPE TOWN 1997-05-02</dateline>
<text>
<p>Russia built the SAS Outeniqua as an Arctic workhorse, but the ship dubbed &quot;The Grey Diplomat&quot; is now the best South Africa has to offer for an ice-breaking meeting between Zaire's warring rivals.</p>
<p>South African President Nelson Mandela, Deputy President Thabo Mbeki and U.N. special envoy Mohamed Sahnoun were to host a meeting on Friday aboard the ship between Zairean President Mobutu Sese Seko and rebel leader Laurent Kabila.</p>
<p>The unarmed single-engined icebreaker then named Juvent, made obsolete by Russian budget cuts, became South Africa's first major military purchase in decades in 1993.</p>
<p>It now carries two 20mm anti-aircraft guns and a pair of Puma helicopters that operate from a pad overhanging the stern.</p>
<p>South Africa paid $12.8 million for the two-year-old vessel and has kept it hard at work as a naval supply ship, Antarctic support vessel and roving ambassador for African democracy.</p>
<p>&quot;It's no luxury liner, but it's not at all bad for a naval vessel,&quot; said Jane's Defence Weekly correspondent Helmut Romer-Heitman.</p>
<p>The Outeniqua is named for a mountain range that runs along the Indian Ocean coastline. With its towering accommodation section perched in the bows, it is the navy's biggest ship.</p>
<p>In 1993 it delivered a mobile field hospital donated by South Africa's Moslem community to Bosnian Moslems.</p>
<p>The ship has carried medical supplies to the Indian Ocean islands of Madagascar and the Comoros.</p>
<p>In February 1995, the Outeniqua helped ferry 2,000 former political prisoners to Robben Island to mark the fifth anniversary of Mandela's release from jail.</p>
<p>Though built to the spartan standards of Russia's navy, the vessel has two comfortable suites on either side of the superstructure and a few comfortable cabins which officers are likely to give up to the delegates and diplomats.</p>
<p>The ship has a hospital, gym and indoor swimming pool and normally has a crew of 126. Converted cargo containers in the low mid-section serve as extra accommodation for the soldiers and scientists it sometimes carries.</p>
<p>Journalists seeking to cover the talks were warned that they might have to remain on the open deck through the day and that there would be nowhere for them to sleep.</p>
</text>
<copyright>(c) Reuters Limited 1997</copyright>
<metadata>
<codes class="bip:countries:1.0">
  <code code="SAFR">
    <editdetail attribution="Reuters BIP Coding Group" action="confirmed" date="1997-05-02"/>
  </code>
  <code code="UN">
    <editdetail attribution="Reuters BIP Coding Group" action="confirmed" date="1997-05-02"/>
  </code>
  <code code="ZAIRE">
    <editdetail attribution="Reuters BIP Coding Group" action="confirmed" date="1997-05-02"/>
  </code>
</codes>
<codes class="bip:topics:1.0">
  <code code="GCAT">
    <editdetail attribution="Reuters BIP Coding Group" action="confirmed" date="1997-05-02"/>
  </code>
  <code code="GDIP">
    <editdetail attribution="Reuters BIP Coding Group" action="confirmed" date="1997-05-02"/>
  </code>
  <code code="GPOL">
    <editdetail attribution="Reuters BIP Coding Group" action="confirmed" date="1997-05-02"/>
  </code>
  <code code="GVIO">
    <editdetail attribution="Reuters BIP Coding Group" action="confirmed" date="1997-05-02"/>
  </code>
</codes>
<dc element="dc.date.created" value="1997-05-02"/>
<dc element="dc.publisher" value="Reuters Holdings Plc"/>
<dc element="dc.date.published" value="1997-05-02"/>
<dc element="dc.source" value="Reuters"/>
<dc element="dc.creator.location" value="CAPE TOWN"/>
<dc element="dc.creator.location.country.name" value="SOUTH AFRICA"/>
<dc element="dc.source" value="Reuters"/>
</metadata>
</newsitem>
