<?xml version="1.0" encoding="iso-8859-1" ?>
<newsitem itemid="555485" id="root" date="1997-05-02" xml:lang="en">
<title>ZIMBABWE: Coal producer Wankie lifts year earnings.</title>
<headline>Coal producer Wankie lifts year earnings.</headline>
<dateline>HARARE 1997-05-02</dateline>
<text>
<p>Results for year to February 28, 1997.</p>
<p>	    (million Zimbabwe dollars unless stated)</p>
<p>    Shr (cts)		   27.5     vs 22.5</p>
<p>    Final div (cts)	   20.0     vs  15.0</p>
<p>    Pre-interest profit    179.2     vs 125.4</p>
<p>    Net interest		 2.0     vs  28.3</p>
<p>    Pre-tax profit	   181.3     vs 153.7</p>
<p>    Tax			   63.9     vs  56.1</p>
<p>    After-tax profit	 117.3     vs  97.6</p>
<p>    Turnover		   835.9     vs 665.1</p>
<p>Div payable on June 12</p>
<p>on register May 23</p>
<p>Full name: Wankie Colliery Co Ltd</p>
<p>NOTE - The company said it expected demand for coal and coke to remain firm.</p>
<p>Harare Newsroom: +2634 72 52 27/8/9.</p>
</text>
<copyright>(c) Reuters Limited 1997</copyright>
<metadata>
<codes class="bip:countries:1.0">
  <code code="ZIMBAB">
    <editdetail attribution="Reuters BIP Coding Group" action="confirmed" date="1997-05-02"/>
  </code>
</codes>
<codes class="bip:industries:1.0">
  <code code="I11000">
    <editdetail attribution="Reuters BIP Coding Group" action="confirmed" date="1997-05-02"/>
  </code>
</codes>
<codes class="bip:topics:1.0">
  <code code="C15">
    <editdetail attribution="Reuters BIP Coding Group" action="confirmed" date="1997-05-02"/>
  </code>
  <code code="C151">
    <editdetail attribution="Reuters BIP Coding Group" action="confirmed" date="1997-05-02"/>
  </code>
  <code code="C1511">
    <editdetail attribution="Reuters BIP Coding Group" action="confirmed" date="1997-05-02"/>
  </code>
  <code code="CCAT">
    <editdetail attribution="Reuters BIP Coding Group" action="confirmed" date="1997-05-02"/>
  </code>
</codes>
<dc element="dc.date.created" value="1997-05-02"/>
<dc element="dc.publisher" value="Reuters Holdings Plc"/>
<dc element="dc.date.published" value="1997-05-02"/>
<dc element="dc.source" value="Reuters"/>
<dc element="dc.creator.location" value="HARARE"/>
<dc element="dc.creator.location.country.name" value="ZIMBABWE"/>
<dc element="dc.source" value="Reuters"/>
</metadata>
</newsitem>
