<?xml version="1.0" encoding="iso-8859-1" ?>
<newsitem itemid="555471" id="root" date="1997-05-02" xml:lang="en">
<title>ZAIRE: UNHCR repatriates more Rwandan refugees from Zaire.</title>
<headline>UNHCR repatriates more Rwandan refugees from Zaire.</headline>
<dateline>KISANGANI, Zaire 1997-05-02</dateline>
<text>
<p>The U.N. refugee agency UNHCR flew more than 660 Rwandan refugees home from Kisangani in northeastern Zaire on Friday, bringing the total since the airlift began on Sunday to almost 2,500, a UNHCR spokesman said.</p>
<p>The refugees, members of Rwanda's Hutu majority, fled their homeland in 1994 and the country's minority Tutsis collectively accuse them of genocide in Rwanda the same year.</p>
<p>Many abandoned their camps south of Kisangani last week after attacks by villagers and Zairean Tutsi-dominated rebels but this week the refugees have been emerging from forests.</p>
<p>Paul Stromberg, UNHCR spokesman in the northeast Zairean city of Kisangani, told Reuters two flights left Kisangani early on Friday and at least three would follow later in the day.</p>
<p>&quot;That includes a medical evacuation of serious cases to Gisenyi (in Rwanda)...That could be 30 to 40 people,&quot; he added.</p>
<p>He said UNHCR had only 1,450 refugees left at a transit site in Kisangani awaiting repatriation but trains would bring more from Biaro camp, 41 km (25 miles) south of Kisangani. About 30,000 Rwandans have returned to Biaro camp and want to go to Rwanda, he added.</p>
</text>
<copyright>(c) Reuters Limited 1997</copyright>
<metadata>
<codes class="bip:countries:1.0">
  <code code="RWANDA">
    <editdetail attribution="Reuters BIP Coding Group" action="confirmed" date="1997-05-02"/>
  </code>
  <code code="UN">
    <editdetail attribution="Reuters BIP Coding Group" action="confirmed" date="1997-05-02"/>
  </code>
  <code code="ZAIRE">
    <editdetail attribution="Reuters BIP Coding Group" action="confirmed" date="1997-05-02"/>
  </code>
</codes>
<codes class="bip:topics:1.0">
  <code code="GCAT">
    <editdetail attribution="Reuters BIP Coding Group" action="confirmed" date="1997-05-02"/>
  </code>
  <code code="GVIO">
    <editdetail attribution="Reuters BIP Coding Group" action="confirmed" date="1997-05-02"/>
  </code>
</codes>
<dc element="dc.date.created" value="1997-05-02"/>
<dc element="dc.publisher" value="Reuters Holdings Plc"/>
<dc element="dc.date.published" value="1997-05-02"/>
<dc element="dc.source" value="Reuters"/>
<dc element="dc.creator.location" value="KISANGANI, Zaire"/>
<dc element="dc.creator.location.country.name" value="ZAIRE"/>
<dc element="dc.source" value="Reuters"/>
</metadata>
</newsitem>
