<?xml version="1.0" encoding="iso-8859-1" ?>
<newsitem itemid="555487" id="root" date="1997-05-02" xml:lang="en">
<title>SOUTH AFRICA: Servgro 2nd phase unbundling details in H2.</title>
<headline>Servgro 2nd phase unbundling details in H2.</headline>
<dateline>JOHANNESBURG 1997-05-02</dateline>
<text>
<p>South African industrial group Servgro International Ltd said on Friday that details of the second phase of the group's unbundling were unlikely to be announced before June 30.</p>
<p>The second phase of the split-up of the concern will result in the distribution of Servgro's cash resources and any realisation proceeds of its remaining assets and/or the distribution of shares in its remaining assets. These include Interleisure Ltd, Teljoy Holdings Ltd, Fedics Group (Pty) Ltd and Interpark (Pty) Ltd.</p>
<p>Following the unbundling Servgro may liquidate and delist.</p>
<p>-- Johannesburg newsroom +27 11 482 1003</p>
</text>
<copyright>(c) Reuters Limited 1997</copyright>
<metadata>
<codes class="bip:countries:1.0">
  <code code="SAFR">
    <editdetail attribution="Reuters BIP Coding Group" action="confirmed" date="1997-05-02"/>
  </code>
</codes>
<codes class="bip:industries:1.0">
  <code code="I83960">
    <editdetail attribution="Reuters BIP Coding Group" action="confirmed" date="1997-05-02"/>
  </code>
  <code code="I84600">
    <editdetail attribution="Reuters BIP Coding Group" action="confirmed" date="1997-05-02"/>
  </code>
  <code code="I97412">
    <editdetail attribution="Reuters BIP Coding Group" action="confirmed" date="1997-05-02"/>
  </code>
</codes>
<codes class="bip:topics:1.0">
  <code code="C11">
    <editdetail attribution="Reuters BIP Coding Group" action="confirmed" date="1997-05-02"/>
  </code>
  <code code="CCAT">
    <editdetail attribution="Reuters BIP Coding Group" action="confirmed" date="1997-05-02"/>
  </code>
</codes>
<dc element="dc.date.created" value="1997-05-02"/>
<dc element="dc.publisher" value="Reuters Holdings Plc"/>
<dc element="dc.date.published" value="1997-05-02"/>
<dc element="dc.source" value="Reuters"/>
<dc element="dc.creator.location" value="JOHANNESBURG"/>
<dc element="dc.creator.location.country.name" value="SOUTH AFRICA"/>
<dc element="dc.source" value="Reuters"/>
</metadata>
</newsitem>
