<?xml version="1.0" encoding="iso-8859-1" ?>
<newsitem itemid="555403" id="root" date="1997-05-02" xml:lang="en">
<title>BURUNDI: Burundi army says it killed 51 Hutu rebels.</title>
<headline>Burundi army says it killed 51 Hutu rebels.</headline>
<dateline>BUJUMBURA 1997-05-02</dateline>
<text>
<p>Burundi's army said on Friday troops killed 51 Hutu rebels near the capital Bujumbura and in the south while diplomats said a Swiss nun was killed in a mine explosion.</p>
<p>The United States meanwhile said it was very concerned at the recent surge of violence and condemned rebel attacks on unarmed civilians and government reprisals against other defenceless targets.</p>
<p>Diplomats said the Swiss nun, Claudine-Germaine Buchwolder, was killed on Thursday when her vehicle set off an anti-tank mine near her home in Mutambu commune 20 km (12 miles) south of the capital.</p>
<p>They said she had worked in Burundi for the last two years.</p>
<p>An army spokesman said eight rebels were killed at Gaereni in the south on Thursday and another 40 were killed in hills when they were hunted down by troops. A total of seven weapons were seized, he added.</p>
<p>He said rebels also attacked Mimago village near Bujumbura and killed an old woman before troops killed three of them.</p>
<p>Officials in the south said funerals would be held on Friday for 43 seminary school students and their teachers killed by rebels in an attack at Buta village in the south on Wednesday.</p>
<p>Another 40 students were wounded in the school attack.</p>
<p>In Geneva, the United Nations said on Friday dozens of people were dying daily in new violence in south Burundi, where the Tutsi-dominated army is at war with majority Hutu rebels.</p>
<p>In a statement released by the U.S. embassy in Burundi, the State Department said the U.S. government sent its condolences to the families of the dead in Buta but warned against revenge attacks.</p>
<p>&quot;We understand that some may be contemplating avenging this heinous act. Using this massacre as justification for additional bloodshed will only serve to prolong the violence,&quot; the U.S. statement said.</p>
<p>It said the international community and most Burundians regarded all violence against unarmed civilians and dispicable.</p>
<p>&quot;The United States government once again calls on all the parties to the conflict in Burundi to disavow acts of violence against the population.</p>
<p>&quot;We also call on the security services, the (rebel) CNDD and other belligerent parties to exercise strong leadership and discipline to prevent further tragedies,&quot; said the statement, which reiterated calls for an end to hostilities and the start of negotiations to return Burundi to constitutional order.</p>
<p>&quot;Security for all Burundians will only come from negotiations and compromise,&quot; the U.S. statement said.</p>
<p>U.N. spokeswoman Therese Gastaut said in Geneva on Friday the violence in the southern regions of Bururi and Makamba had displaced large numbers of civilians but she gave no details.</p>
<p>The army, which grabbed power in a coup last year, announced earlier this week that it had killed at least 300 Hutu rebels in Bururi since April 5 for the loss of six soldiers after it said a force of up to 3,000 rebels attacked from bases in Tanzania.</p>
<p>More than 150,000 people, mostly civilians, have been killed in massacres and civil war between the Tutsi-dominated army and rebels since troops killed Burundi's first Hutu president in 1993.</p>
<p>Burundian Hutu rebels of the National Council for the Defence of Democracy (CNDD) were uprooted from bases in Zaire last year when Zairean Tutsi-dominated rebels seized the area.</p>
</text>
<copyright>(c) Reuters Limited 1997</copyright>
<metadata>
<codes class="bip:countries:1.0">
  <code code="BURUN">
    <editdetail attribution="Reuters BIP Coding Group" action="confirmed" date="1997-05-02"/>
  </code>
</codes>
<codes class="bip:topics:1.0">
  <code code="GCAT">
    <editdetail attribution="Reuters BIP Coding Group" action="confirmed" date="1997-05-02"/>
  </code>
  <code code="GVIO">
    <editdetail attribution="Reuters BIP Coding Group" action="confirmed" date="1997-05-02"/>
  </code>
</codes>
<dc element="dc.date.created" value="1997-05-02"/>
<dc element="dc.publisher" value="Reuters Holdings Plc"/>
<dc element="dc.date.published" value="1997-05-02"/>
<dc element="dc.source" value="Reuters"/>
<dc element="dc.creator.location" value="BUJUMBURA"/>
<dc element="dc.creator.location.country.name" value="BURUNDI"/>
<dc element="dc.source" value="Reuters"/>
</metadata>
</newsitem>
