<?xml version="1.0" encoding="iso-8859-1" ?>
<newsitem itemid="555414" id="root" date="1997-05-02" xml:lang="en">
<title>COTE D'IVOIRE: Abidjan blue-chip index up 22.26 pct this year.</title>
<headline>Abidjan blue-chip index up 22.26 pct this year.</headline>
<dateline>ABIDJAN 1997-05-02</dateline>
<text>
<p>The Abidjan Stock Exchange's blue chip index shot up in the week to Friday, taking its rise in 1997 to 22.26 percent, its market report shows.</p>
<p>The 12-VB blue-chip index this week rose 2.48 percent to 295.86, boosted by a rise in shares of bank BICICI and tobacco company SITAB.</p>
<p>The All-Share Index rose 0.46 percent to 420.85, taking its 1997 rise to 17.62 percent.</p>
<p>A total of 3,011 shares worth 76,649,440 CFA francs were traded, compared with 4,909 shares worth of 111,099,846 CFA francs the previous week.  </p>
<p>The main risers were BICICI (+2,730 to 40,950), SITAB (+2,330 to 49,050) and car finance company SAFCA (1,150 to 23,700). Water utility SODECI (+890 to 20,890) accounted for 28.96 percent of the total volume.</p>
<p>The main decliners were rubber company SOGB (-2,820 to 16,460), bank SGBCI (-940 to 17,210) and cement manufacturer SICM (-900 to 33,700).</p>
<p>($=580 CFA francs)</p>
<p>((-- Abidjan newsroom +225 21 90 90))</p>
</text>
<copyright>(c) Reuters Limited 1997</copyright>
<metadata>
<codes class="bip:countries:1.0">
  <code code="ICST">
    <editdetail attribution="Reuters BIP Coding Group" action="confirmed" date="1997-05-02"/>
  </code>
</codes>
<codes class="bip:topics:1.0">
  <code code="M11">
    <editdetail attribution="Reuters BIP Coding Group" action="confirmed" date="1997-05-02"/>
  </code>
  <code code="MCAT">
    <editdetail attribution="Reuters BIP Coding Group" action="confirmed" date="1997-05-02"/>
  </code>
</codes>
<dc element="dc.date.created" value="1997-05-02"/>
<dc element="dc.publisher" value="Reuters Holdings Plc"/>
<dc element="dc.date.published" value="1997-05-02"/>
<dc element="dc.source" value="Reuters"/>
<dc element="dc.creator.location" value="ABIDJAN"/>
<dc element="dc.creator.location.country.name" value="COTE D'IVOIRE"/>
<dc element="dc.source" value="Reuters"/>
</metadata>
</newsitem>
