<?xml version="1.0" encoding="iso-8859-1" ?>
<newsitem itemid="555407" id="root" date="1997-05-02" xml:lang="en">
<title>CONGO: Mobutu's health hits Zaire talks, rebels advance.</title>
<headline>Mobutu's health hits Zaire talks, rebels advance.</headline>
<byline>Nicholas Kotch</byline>
<dateline>SAS OUTENIQUA, Off Congo 1997-05-02</dateline>
<text>
<p>Zairean President Mobutu Sese Seko's poor health delayed talks at sea with his civil war foe Laurent Kabila on Friday with officials saying he was not well enough to climb or be flown on board ship.</p>
<p>&quot;The problem is the steep metal steps,&quot; said one South African official on the converted ice-breaker SAS Outeniqua, where Nelson Mandela waited to host the meeting.</p>
<p>Mobutu, 66, has dominated Zaire since seizing power in 1965 but prostate cancer and a whirlwind rebel offensive have weakened his grip on power.</p>
<p>As he waited in Congo's port of Pointe Noire to board the Outeniqua, Kabila's rebels flew troops, artillery and other supplies towards the forward base which is a springboard for their march on the capital Kinshasa.</p>
<p>On the humanitarian front, an airlift to repatriate up to 100,000 sick and dying Rwandan Hutu refugees from northeastern Zaire gathered pace as the rebels promised to cooperate with U.N. relief agencies.</p>
<p>&quot;We are dealing with two outstanding leaders who are conscious of the importance of an amicable settlement which will satisfy both of them as well as the people of Zaire,&quot; Mandela told reporters on the Russian-built Outeniqua.</p>
<p>&quot;I am confident the two leaders realise the importance of a peaceful settlement,&quot; he said, adding: &quot;I know few leaders who have made military gains and nevertheless been committed to peace as Mr Kabila has.&quot;</p>
<p>Mandela met Mobutu in Pointe Noire, where the Outeniqua was moored. Mobutu, who has cancer, had been due to board with Mandela but remained on shore.</p>
<p>Kabila was in Angola's capital Luanda holding talks with President Eduardo dos Santos, government sources there said.</p>
<p>He and Mandela's deputy Thabo Mbeki were to take a helicopter to join Mobutu and Mandela on the Outeniqua in international waters off Soyo by the Angolan-Zaire border.</p>
<p>&quot;We are prepared to stay on that ship as long as it takes to reach some conclusions,&quot; Mbeki told reporters in Luanda.</p>
<p>Kabila's rebels, who took up arms in October in a dispute over Zairean nationality for ethnic Tutsis living there, control about three quarters of Zaire.</p>
<p>Kabila, 56, says Mobutu must stand down after three decades in power and has refused to declare a truce for the talks.</p>
<p>Confusion over timing has plagued the runup to the meeting, which diplomats see as a last chance to avert a potentially bloody battle for Zaire's capital of five million people.</p>
<p>The United States, France, Belgium and Britain have troops across the Zaire River in Congo's capital Brazzaville to evacuate their nationals from Kinshasa if need be.</p>
<p>A commander at rebel headquarters in the southeastern city of Lubumbashi said an airlift to the towns of Kikwit and Kananga began on Thursday and rebel forces were about to enter Kenge, the biggest town before Kinshasa.</p>
<p>Hundreds of chanting rebels boarded Boeing 737s, 727s and Fokkers and officers said they were going for the final push.</p>
<p>Mobutu's camp says the talks will focus on a peaceful transition with elections open to all. They reject suggestions that the meeting is a face-saver to allow the veteran strongman to stand down with dignity.</p>
<p>Kabila insists Mobutu must go. &quot;There can be no ceasefire or indeed elections in this country until Mobutu and all he represents is removed and thrown away,&quot; he said on Wednesday.</p>
<p>U.S. envoy Bill Richardson, who helped Mandela bring the two sides together, has said there are no conditions for the talks.</p>
<p>Mobutu, who had prostate cancer surgery in August, has towered over what is potentially one of Africa's richest countries virtually since independence from Belgium in 1960.</p>
<p>Opponents denounce rampant corruption and administrative chaos and accuse Mobutu and his entourage of amassing fortunes while the bulk of the population floundered in poverty.</p>
</text>
<copyright>(c) Reuters Limited 1997</copyright>
<metadata>
<codes class="bip:countries:1.0">
  <code code="CONGO">
    <editdetail attribution="Reuters BIP Coding Group" action="confirmed" date="1997-05-02"/>
  </code>
  <code code="SAFR">
    <editdetail attribution="Reuters BIP Coding Group" action="confirmed" date="1997-05-02"/>
  </code>
  <code code="ZAIRE">
    <editdetail attribution="Reuters BIP Coding Group" action="confirmed" date="1997-05-02"/>
  </code>
</codes>
<codes class="bip:topics:1.0">
  <code code="GCAT">
    <editdetail attribution="Reuters BIP Coding Group" action="confirmed" date="1997-05-02"/>
  </code>
  <code code="GDIP">
    <editdetail attribution="Reuters BIP Coding Group" action="confirmed" date="1997-05-02"/>
  </code>
  <code code="GVIO">
    <editdetail attribution="Reuters BIP Coding Group" action="confirmed" date="1997-05-02"/>
  </code>
</codes>
<dc element="dc.date.created" value="1997-05-02"/>
<dc element="dc.publisher" value="Reuters Holdings Plc"/>
<dc element="dc.date.published" value="1997-05-02"/>
<dc element="dc.source" value="Reuters"/>
<dc element="dc.creator.location" value="SAS OUTENIQUA, Off Congo"/>
<dc element="dc.creator.location.country.name" value="CONGO"/>
<dc element="dc.source" value="Reuters"/>
</metadata>
</newsitem>
