<?xml version="1.0" encoding="iso-8859-1" ?>
<newsitem itemid="555481" id="root" date="1997-05-02" xml:lang="en">
<title>KENYA: PRESS DIGEST - Kenya - May 2.</title>
<headline>PRESS DIGEST - Kenya - May 2.</headline>
<dateline>NAIROBI 1997-05-02</dateline>
<text>
<p>These are the leading stories in the Kenyan press on Friday. Reuters has not verified these stories and does not vouch for their accuracy.</p>
<p>DAILY NATION</p>
<p>- Opposition leaders Michael Kijana Wamalwa and Mwai Kibaki declare their willingness to sacrifice their ambition for presidency in favour of a single presidential candidate.</p>
<p>- President Daniel arap Moi says imported sugar will be taxed heavily to protect the local sugar industry from collapse.</p>
<p>- A public rally convened by constitutional reform lobbyists will be held on Saturday at Nairobi's Kamukunji grounds.</p>
<p>EAST AFRICAN STANDARD</p>
<p>- Police and members of the public recover three missing bodies buried alive this week in a landslide.</p>
<p>- President Moi orders a review of minimum wages in the country.</p>
<p>- The Central Organisation of Trade Unions calls for the review of outdated labour laws.</p>
<p>KENYA TIMES</p>
<p>- President Moi orders the splitting of Nairobi province into administrative boroughs to ease the management of basic services.</p>
<p>-The government bans Kenyans from seeking employment in Saudi Arabia.</p>
<p>THE PEOPLE</p>
<p>- A major political showdown between supporters and opponents of Simeon Nyachae is averted when the president dismisses a call for fresh ruling party elections in Kisii district.</p>
<p>$1 = 55 shillings</p>
</text>
<copyright>(c) Reuters Limited 1997</copyright>
<metadata>
<codes class="bip:countries:1.0">
  <code code="KENYA">
    <editdetail attribution="Reuters BIP Coding Group" action="confirmed" date="1997-05-02"/>
  </code>
</codes>
<codes class="bip:topics:1.0">
  <code code="GCAT">
    <editdetail attribution="Reuters BIP Coding Group" action="confirmed" date="1997-05-02"/>
  </code>
</codes>
<dc element="dc.date.created" value="1997-05-02"/>
<dc element="dc.publisher" value="Reuters Holdings Plc"/>
<dc element="dc.date.published" value="1997-05-02"/>
<dc element="dc.source" value="Reuters"/>
<dc element="dc.creator.location" value="NAIROBI"/>
<dc element="dc.creator.location.country.name" value="KENYA"/>
<dc element="dc.source" value="Reuters"/>
</metadata>
</newsitem>
