<?xml version="1.0" encoding="iso-8859-1" ?>
<newsitem itemid="555571" id="root" date="1997-05-02" xml:lang="en">
<title>CROATIA: PRESS DIGEST - Croatia - May 2.</title>
<headline>PRESS DIGEST - Croatia - May 2.</headline>
<dateline>ZAGREB 1997-05-02</dateline>
<text>
<p>Following are the main stories in Croatian newspapers on Friday. Reuters has not verified these stories and does not vouch for their accuracy.</p>
<p>VJESNIK</p>
<p>- An earthquake that shook Zagreb on Wednesday night was a &quot;strong&quot; one, seizmologists say but predict no further tremors.</p>
<p>- Only half of some 326 Croatian Serb families now living in Ilok, Tovarnik and Vukovar in Eastern Slavonia wish to return to their own homes elswhere in Croatia, says government office for refugees.</p>
<p>VECERNJI LIST</p>
<p>- President Tudjman forms a committee for eastablishing constitutional order in Eastern Slavonia and appoints minister of reconstruction and development Jure Radic to chair it.</p>
<p>- Oil company INA may introduce credit cards to be used at its filling stations across the country by the summer, says director of INA-card project Stanko Palaversa.</p>
<p>SLOBODNA DALMACIJA</p>
<p>- Bosnian president Alija Izetbegovic postpones a planned May 5 meeting with his Croatian counterpart Franjo Tudjman by two weeks for health reasons. -- Zagreb Newsroom, 385-1-4557075</p>
</text>
<copyright>(c) Reuters Limited 1997</copyright>
<metadata>
<codes class="bip:countries:1.0">
  <code code="CRTIA">
    <editdetail attribution="Reuters BIP Coding Group" action="confirmed" date="1997-05-02"/>
  </code>
</codes>
<codes class="bip:topics:1.0">
  <code code="GCAT">
    <editdetail attribution="Reuters BIP Coding Group" action="confirmed" date="1997-05-02"/>
  </code>
</codes>
<dc element="dc.date.created" value="1997-05-02"/>
<dc element="dc.publisher" value="Reuters Holdings Plc"/>
<dc element="dc.date.published" value="1997-05-02"/>
<dc element="dc.source" value="Reuters"/>
<dc element="dc.creator.location" value="ZAGREB"/>
<dc element="dc.creator.location.country.name" value="CROATIA"/>
<dc element="dc.source" value="Reuters"/>
</metadata>
</newsitem>
