<?xml version="1.0" encoding="iso-8859-1" ?>
<newsitem itemid="555554" id="root" date="1997-05-02" xml:lang="en">
<title>CZECH REPUBLIC: CZECH CNB FIXES CROWN -2.72 PCT VS MARK/USD BASKET.</title>
<headline>CZECH CNB FIXES CROWN -2.72 PCT VS MARK/USD BASKET.</headline>
<dateline>PRAGUE 1997-05-02</dateline>
<text>
<p>The Czech National Bank (CNB) fixed the crown at 30.871 to the dollar after Wednesday's fixing at 30.916, and at 17.921 to the mark from 17.900.</p>
<p>The above rates imply a deviation from the midpoint of the central bank's mark/dollar basket of -2.72 percent, after a deviation of -2.70 on Wednesday.</p>
<p>During the minute at which the central bank calculated today's fixing, the crown was trading on the interbank market at -2.77 percent.</p>
<p>The crown fixing is announced daily at about 1140 CET (1040 GMT), and is within plus/minus 7.5 percent of the mark/dollar basket midpoint calculated between 11:30:00 and 11:30:59 CET.</p>
<p>-- Prague Newsroom, 420-2-2423-0003</p>
</text>
<copyright>(c) Reuters Limited 1997</copyright>
<metadata>
<codes class="bip:countries:1.0">
  <code code="CZREP">
    <editdetail attribution="Reuters BIP Coding Group" action="confirmed" date="1997-05-02"/>
  </code>
</codes>
<codes class="bip:topics:1.0">
  <code code="M13">
    <editdetail attribution="Reuters BIP Coding Group" action="confirmed" date="1997-05-02"/>
  </code>
  <code code="M132">
    <editdetail attribution="Reuters BIP Coding Group" action="confirmed" date="1997-05-02"/>
  </code>
  <code code="MCAT">
    <editdetail attribution="Reuters BIP Coding Group" action="confirmed" date="1997-05-02"/>
  </code>
</codes>
<dc element="dc.date.created" value="1997-05-02"/>
<dc element="dc.publisher" value="Reuters Holdings Plc"/>
<dc element="dc.date.published" value="1997-05-02"/>
<dc element="dc.source" value="Reuters"/>
<dc element="dc.creator.location" value="PRAGUE"/>
<dc element="dc.creator.location.country.name" value="CZECH REPUBLIC"/>
<dc element="dc.source" value="Reuters"/>
</metadata>
</newsitem>
