<?xml version="1.0" encoding="iso-8859-1" ?>
<newsitem itemid="555501" id="root" date="1997-05-02" xml:lang="en">
<title>ALBANIA: Guns rule in wild south Albanian city.</title>
<headline>Guns rule in wild south Albanian city.</headline>
<byline>Belinda Goldsmith</byline>
<dateline>VLORE, Albania 1997-05-02</dateline>
<text>
<p>Armed bandits are running wild in southern Albania as unchecked lawlessness replaces the popular protests that exploded three months ago.</p>
<p>Albanians who took to the streets after they lost their life savings when high-interest investment funds collapsed in January are now facing another threat -- rule by the gun.</p>
<p>Masked gunmen shot dead a money changer and robbed him of about $200 at an open market in the centre of Vlore, a port city of 100,000 people, on Friday morning.</p>
<p>An hour later, the manager of a local bank and his brother were kidnapped as they were driving home to lunch along the main boulevard out of the city centre. Witnesses said their car was rammed by a Mercedes without numberplates and gunmen pumped three bullets into the back of the vehicle.</p>
<p>The gunfire over the harbour is continuous at night as armed gangs take over the streets, terrorising local residents who have also armed themselves to the teeth from looted military depots for self-protection.</p>
<p>&quot;We know these gangs that are committing many crimes, robberies, killings, looting, and up to a point we are documenting their activites,&quot; Vlore police chief Milto Kordha told Reuters.</p>
<p>&quot;But we cannot act in these conditions. The courts are not working, the prosecutor's office is not working, the police force is not strong enough or adequately equipped.&quot;</p>
<p>Local residents dismiss statements by politicians in the capital Tirana that it is left-wing extremists and communist rebels who now control southern Albanian towns where riots erupted in March over the failed investment funds.</p>
<p>The more prosperous south, a hub for drugs smuggling and the transport of illegal immigrants, was hardest hit by the collapse of the pyramid funds that sprang up after the fall of communism in 1990. Most investors were from this area.</p>
<p>&quot;There are no rebels here. This is not a rebel town. The problem here is armed bandits. They are everywhere,&quot; pensioner Dushan Qendro, 65, told Reuters.</p>
<p>The police and army fled town during the unrest in early March. For two weeks the only administration was provided by groups of residents who formed &quot;salvation committees&quot; that organised mass meetings and tried to maintain basic services.</p>
<p>The salvation committees also demanded the resignation of Albanian President Sali Berisha, whom they accuse of failing to stop the pyramid disaster despite warnings from the World Bank and IMF.</p>
<p>&quot;These committees were created for a very noble purpose,&quot; said Medin Xhelili, a former member of the Vlore committee and chairman of an elected district council that started work again on March 18.</p>
<p>The protests have had an impact politically and Berisha's Democratic Party, which basked in the glow of the pyramid funds while they continued to pay out, has suffered.</p>
<p>Popular pressure forced the resignation of the Democratic government which had returned to power with a landslide majority in May 1996 in elections seen internationally as flawed. Berisha agreed to call a new general election, expected to take place on June 29, and appointed a multi-party interim government.</p>
<p>However the president says the salvation committees have political motives and are the armed wing of the opposition Socialists. He wants them disbanded before the election.</p>
<p>Interim Prime Minister Bashkim Fino, a Socialist, has defended the committees, which he says stopped the slide to anarchy. But he says he has nothing to do with them. &quot;Their work of the first days.. should be appreciated not only by me but also by Berisha and the Democrats,&quot; Fino told Reuters.</p>
<p>&quot;The criminals bands...have nothing in common with these citizens' committees.&quot;</p>
<p>The salvation committees in Vlore and other southern towns have strong popular support and deny being armed or linked to criminal gangs that roam the area.</p>
<p>&quot;If the salvation committees had not been here, I would not be working today,&quot; said Armando Gjeci, a market trader in Vlore. &quot;They saved this town.&quot;</p>
<p>Head of the Vlore Salvation Committee, Albert Shyti, 26, says the committees have no political motives or origins.</p>
<p>&quot;We just want to get the town back on its feet and are working with local government and the police,&quot; Shyti said.</p>
<p>&quot;Our only political demand was the resignation of Berisha. We have no relationship at all with any political party.</p>
<p>&quot;We were set up only to get our money back...but now politicians are exploiting us. But no matter what government is in power we will continue until we get our money back.&quot; REUTER</p>
</text>
<copyright>(c) Reuters Limited 1997</copyright>
<metadata>
<codes class="bip:countries:1.0">
  <code code="ALB">
    <editdetail attribution="Reuters BIP Coding Group" action="confirmed" date="1997-05-02"/>
  </code>
</codes>
<codes class="bip:topics:1.0">
  <code code="GCAT">
    <editdetail attribution="Reuters BIP Coding Group" action="confirmed" date="1997-05-02"/>
  </code>
  <code code="GVIO">
    <editdetail attribution="Reuters BIP Coding Group" action="confirmed" date="1997-05-02"/>
  </code>
</codes>
<dc element="dc.date.created" value="1997-05-02"/>
<dc element="dc.publisher" value="Reuters Holdings Plc"/>
<dc element="dc.date.published" value="1997-05-02"/>
<dc element="dc.source" value="Reuters"/>
<dc element="dc.creator.location" value="VLORE, Albania"/>
<dc element="dc.creator.location.country.name" value="ALBANIA"/>
<dc element="dc.source" value="Reuters"/>
</metadata>
</newsitem>
