<?xml version="1.0" encoding="iso-8859-1" ?>
<newsitem itemid="555530" id="root" date="1997-05-02" xml:lang="en">
<title>BULGARIA: Bulgaria lev closes softer after thin trade.</title>
<headline>Bulgaria lev closes softer after thin trade.</headline>
<dateline>SOFIA 1997-05-02</dateline>
<text>
<p>The Bulgarian lev closed at 1,500-1,505 per dollar, down from midday's 1,495-1,500 and the opening's 1,485-1,505 as foreign currency demand rose on the first working day after a long holiday, dealers said.</p>
<p>&quot;The (interbank) market settled at lower levels for the lev after a rise in dollar demand from from large end clients thwarted a rise that seemed possible in the morning. Trade was generally quiet and in light volumes,&quot; one dealer said.</p>
<p>The lev closed at 1,480-1,490 per dollar on April 25, the last working day for the local market before an Orthodox Easter and Labour Day holidays from Monday through Thursday. -- Sofia Newsroom, (++359-2) 91188</p>
</text>
<copyright>(c) Reuters Limited 1997</copyright>
<metadata>
<codes class="bip:countries:1.0">
  <code code="BUL">
    <editdetail attribution="Reuters BIP Coding Group" action="confirmed" date="1997-05-02"/>
  </code>
</codes>
<codes class="bip:topics:1.0">
  <code code="M13">
    <editdetail attribution="Reuters BIP Coding Group" action="confirmed" date="1997-05-02"/>
  </code>
  <code code="M132">
    <editdetail attribution="Reuters BIP Coding Group" action="confirmed" date="1997-05-02"/>
  </code>
  <code code="MCAT">
    <editdetail attribution="Reuters BIP Coding Group" action="confirmed" date="1997-05-02"/>
  </code>
</codes>
<dc element="dc.date.created" value="1997-05-02"/>
<dc element="dc.publisher" value="Reuters Holdings Plc"/>
<dc element="dc.date.published" value="1997-05-02"/>
<dc element="dc.source" value="Reuters"/>
<dc element="dc.creator.location" value="SOFIA"/>
<dc element="dc.creator.location.country.name" value="BULGARIA"/>
<dc element="dc.source" value="Reuters"/>
</metadata>
</newsitem>
