<?xml version="1.0" encoding="iso-8859-1" ?>
<newsitem itemid="555552" id="root" date="1997-05-02" xml:lang="en">
<title>ALBANIA: PRESS DIGEST - Albania - May 2.</title>
<headline>PRESS DIGEST - Albania - May 2.</headline>
<dateline>TIRANA 1997-05-02</dateline>
<text>
<p>These are the leading stories in the Albanian press on Friday. Reuters has not verified these stories and does not vouch for their accuracy.</p>
<p>KOHA JONE</p>
<p>- Newspaper says Prime Minister Bashkim Fino was invited by the United States one day late after harsh criticism of President Sali Berisha.</p>
<p>- Newspaper editorial says the defence minister should resign after an explosion in a military depot killed dozens of people.</p>
<p>- Newspaper editor-in-chief Ben Blushi resigns after differences with the publisher over the structure of the daily.</p>
<p>- International envoy Franz Vranitzky will visit Albania next week to be present when parliament passes a new electoral law. He has also asked for the election date to be set as soon as possible.</p>
<p>- The exact character of the mission of the multinational force in Albania is still unclear.</p>
<p>- Unrest in the country has caused Albania's Savings Bank 250 million leks in damages to its offices. Two of its branches remain closed.</p>
<p>GAZETA SHQIPTARE</p>
<p>- Former central bank governor Kristaq Luniku accuses President Sali Berisha, parliament and the former government of not paying attention to his warnings about the danger of pyramid investment schemes and says he was under pressure to grant bank licenses to the companies running such schemes.</p>
<p>- Prime Minister Bashkim Fino says the government will resign if the new electoral law is not passed.</p>
<p>- Villagers retrieved the bodies of four victims killed in the explosion of an arms depot.</p>
<p>ALBANIA</p>
<p>- Aleksander Meksi, the former Democratic Party Prime Minister, said his government had never offered the Sazan Island to the United States to be used as a a military base, as was claimed by Washignton in a recent press release.</p>
<p>- The paper quotes official sources saying 720 people were killed and about 1,200 injured during the wave of unrest over the past two months. Unofficial sources say there are some 1,000 dead and about 3,000 injured.</p>
<p>RILINDJA DEMOKRATIKE</p>
<p>- Genc Pollo, Democratic Party secretary general, says Fino's warning of resignation if the new electoral law is not passed is immature.</p>
<p>ZERI I POPULLIT</p>
<p>- The newspaper editorial says Berisha should resign because he is unable to change his policies.</p>
<p>- The paper says the interior minister should resign because he has been illegaly armed following a decision by Berisha to arm his supporters to help quell the unrest.</p>
</text>
<copyright>(c) Reuters Limited 1997</copyright>
<metadata>
<codes class="bip:countries:1.0">
  <code code="ALB">
    <editdetail attribution="Reuters BIP Coding Group" action="confirmed" date="1997-05-02"/>
  </code>
</codes>
<codes class="bip:topics:1.0">
  <code code="GCAT">
    <editdetail attribution="Reuters BIP Coding Group" action="confirmed" date="1997-05-02"/>
  </code>
</codes>
<dc element="dc.date.created" value="1997-05-02"/>
<dc element="dc.publisher" value="Reuters Holdings Plc"/>
<dc element="dc.date.published" value="1997-05-02"/>
<dc element="dc.source" value="Reuters"/>
<dc element="dc.creator.location" value="TIRANA"/>
<dc element="dc.creator.location.country.name" value="ALBANIA"/>
<dc element="dc.source" value="Reuters"/>
</metadata>
</newsitem>
