<?xml version="1.0" encoding="iso-8859-1" ?>
<newsitem itemid="555595" id="root" date="1997-05-02" xml:lang="en">
<title>USA: E-Z Serve Q1 shr loss $0.02 vs loss $0.04.</title>
<headline>E-Z Serve Q1 shr loss $0.02 vs loss $0.04.</headline>
<dateline>HOUSTON 1997-05-02</dateline>
<text>
<p>(Dollars in Thousands)</p>
<p>						     Three Months Ended</p>
<p>					   03/30/97		03/31/96</p>
<p>Operating convenience stores</p>
<p>  at end of period			   687		    733</p>
<p> Retail gallons sold		   103,169		109,613</p>
<p> Gross profit per gallon	     $0.1106		$0.1034</p>
<p>Merchandise gross profit percentage</p>
<p>						30.18%		 29.45%</p>
<p>Operating revenues:</p>
<p>  Merchandise			     73,612		 72,801</p>
<p>  Motor fuels			    124,046		118,665</p>
<p>  Other					4,102		  3,294</p>
<p> Total				     201,760		194,760</p>
<p>Gross profit:</p>
<p>  Merchandise			     22,218		 21,438</p>
<p>  Motor fuels			     11,410		 11,329</p>
<p>  Other					4,102		  3,294</p>
<p> Total					37,730		 36,061</p>
<p> Operating expenses		   (28,033)	     (28,394)</p>
<p>Selling, general and</p>
<p>  administrative expenses	    (5,739)		(6,120)</p>
<p> Depreciation and amortization     (3,341)		(3,385)</p>
<p> Interest expense			(2,369)		(2,115)</p>
<p> Loss before income taxes	    (1,752)		(3,953)</p>
<p> Current tax benefit		     (613)		  (127)</p>
<p> Benefit in lieu of taxes		   --		(1,257)</p>
<p> Net loss				  (1,139)		(2,569)</p>
<p> Preferred dividends		     (338)		  (227)</p>
<p>Net loss attributable</p>
<p>  to common stock			(1,477)		(2,796)</p>
<p> Loss per common share		  (0.02)		 (0.04)</p>
<p>Average Common and Common</p>
<p>Equivalent shares outstanding</p>
<p>					  69,157,992	   67,860,357</p>
<p>Full company name is E-Z Serve Corp.</p>
<p>-- New York Newsdesk 212 859-1610</p>
</text>
<copyright>(c) Reuters Limited 1997</copyright>
<metadata>
<codes class="bip:countries:1.0">
  <code code="USA">
    <editdetail attribution="Reuters BIP Coding Group" action="confirmed" date="1997-05-02"/>
  </code>
</codes>
<codes class="bip:industries:1.0">
  <code code="I65600">
    <editdetail attribution="Reuters BIP Coding Group" action="confirmed" date="1997-05-02"/>
  </code>
</codes>
<codes class="bip:topics:1.0">
  <code code="C15">
    <editdetail attribution="Reuters BIP Coding Group" action="confirmed" date="1997-05-02"/>
  </code>
  <code code="C151">
    <editdetail attribution="Reuters BIP Coding Group" action="confirmed" date="1997-05-02"/>
  </code>
  <code code="CCAT">
    <editdetail attribution="Reuters BIP Coding Group" action="confirmed" date="1997-05-02"/>
  </code>
</codes>
<dc element="dc.date.created" value="1997-05-02"/>
<dc element="dc.publisher" value="Reuters Holdings Plc"/>
<dc element="dc.date.published" value="1997-05-02"/>
<dc element="dc.source" value="Reuters"/>
<dc element="dc.creator.location" value="HOUSTON"/>
<dc element="dc.creator.location.country.name" value="USA"/>
<dc element="dc.source" value="Reuters"/>
</metadata>
</newsitem>
