<?xml version="1.0" encoding="iso-8859-1" ?>
<newsitem itemid="555599" id="root" date="1997-05-02" xml:lang="en">
<title>USA: INTERVIEW-CBOE chief sees light pressure from OTC.</title>
<headline>INTERVIEW-CBOE chief sees light pressure from OTC.</headline>
<dateline>MIAMI 1997-05-02</dateline>
<text>
<p>The fear of losing options order flow to over-the-counter (OTC) options, which are largely unregulated, is not a big concern of the Chicago Board Options Exchange (CBOE), exchange chairman and chief executive officer William Brodsky said.</p>
<p>&quot;I don't look at it as a big concern,&quot; he said in an interview at an options industry conference here.</p>
<p>&quot;I look at it as something to keep an eye on on one hand but also as an opportunity,&quot; he said. &quot;Any time the firms do these OTC products, there's a natural demand and need to hedge off their own risk.&quot;</p>
<p>He said his goal is to make the CBOE a &quot;hospitable&quot; place for firms to lay off their risk from custom OTC options if they do not use the CBOE as their primary execution center.</p>
<p>&quot;What you have here is the benefit of the liquidity and the clearing backup system,&quot; he said. &quot;So there are reasons why you would do it at the exchange.&quot;</p>
<p>Separately, Brodsky said any further options exchange consolidation would be diffucult now that there are only four U.S. exchanges.  </p>
<p>Last Monday, the CBOE opened a new trading floor integrating the options business it bought from the New York Stock Exchange (NYSE), which exited the options business.</p>
<p>Listed options are now traded on the CBOE, the American Stock Exchange, the Philadelphia Stock Exchange and the Pacific Exchange.</p>
<p>&quot;I think any other consolidation at this point would be much harder,&quot; he said. &quot;You're dealing with such bigger critical masses.&quot;</p>
<p>&quot;These things get talked about a lot, but getting them done is very hard,&quot; he said.</p>
<p>He said he was not aware of any discussions about any other exchange mergers or buyouts. The CBOE paid $5 million for the NYSE's options business.</p>
<p>((Chicago derivatives desk, 312 408 8750))</p>
<p>E-mail: derivatives@reuters.com</p>
</text>
<copyright>(c) Reuters Limited 1997</copyright>
<metadata>
<codes class="bip:countries:1.0">
  <code code="USA">
    <editdetail attribution="Reuters BIP Coding Group" action="confirmed" date="1997-05-02"/>
  </code>
</codes>
<codes class="bip:topics:1.0">
  <code code="M11">
    <editdetail attribution="Reuters BIP Coding Group" action="confirmed" date="1997-05-02"/>
  </code>
  <code code="MCAT">
    <editdetail attribution="Reuters BIP Coding Group" action="confirmed" date="1997-05-02"/>
  </code>
</codes>
<dc element="dc.date.created" value="1997-05-02"/>
<dc element="dc.publisher" value="Reuters Holdings Plc"/>
<dc element="dc.date.published" value="1997-05-02"/>
<dc element="dc.source" value="Reuters"/>
<dc element="dc.creator.location" value="MIAMI"/>
<dc element="dc.creator.location.country.name" value="USA"/>
<dc element="dc.source" value="Reuters"/>
</metadata>
</newsitem>
