<?xml version="1.0" encoding="iso-8859-1" ?>
<newsitem itemid="555579" id="root" date="1997-05-02" xml:lang="en">
<title>CANADA: Canada economic indicators survey May 5-9.</title>
<headline>Canada economic indicators survey May 5-9.</headline>
<text>
<p>DATE   EST/GMT    INDICATOR	 PERIOD  AVG-FCAST   PREV</p>
<p>05/05 0830/1230  BUILDING PERMITS   MAR   +1.2 PCT    +4.7 PCT</p>
<p>05/06 0830/1230  AVG WEEK EARN	FEB   +3.9 PCT    +4.1 PCT</p>
<p>05/08 0815/1215  HOUSING STARTS     APR   157,750	158,000</p>
<p>05/08 0830/1230  HELP-WANTED INDEX  APR    101.5	 100</p>
<p>05/09 0700/1100  UNEMPLOYMENT	 APR   +9.3 PCT    +9.3 PCT</p>
<p>05/09 0700/1100  EMPLMT GRTH (THSD) APR   +38.6	 +61</p>
<p>BANK     BLDG PERMITS    AVG WEEKLY EARN    HELP-WANT INDEX</p>
<p>DEUTSCHE   0.0 PCT	   +3.8 PCT	    101.5</p>
<p>MMS	 +3.5 PCT	     N/A		 101</p>
<p>NESBITT   +1.0 PCT	   +4.0 PCT	    102</p>
<p>TECH DATA +0.5 PCT	   +3.9 PCT	    101</p>
<p>BANK     HOUSING STARTS   UNEMPLOYMENT  EMPLOYMENT GROWTH</p>
<p>(THD)DEUTSCHE   165,000	    9.2 PCT	    +55</p>
<p>MMS	  160,000	    9.3 PCT	    +41.5</p>
<p>NESBITT    153,000	    9.3 PCT	    +40</p>
<p>TECH DATA  153,000	    9.4 PCT	    +18</p>
<p>((Reuters Toronto Bureau (416) 941-8100))</p>
</text>
<copyright>(c) Reuters Limited 1997</copyright>
<metadata>
<codes class="bip:countries:1.0">
  <code code="CANA">
    <editdetail attribution="Reuters BIP Coding Group" action="confirmed" date="1997-05-02"/>
  </code>
</codes>
<codes class="bip:topics:1.0">
  <code code="E71">
    <editdetail attribution="Reuters BIP Coding Group" action="confirmed" date="1997-05-02"/>
  </code>
  <code code="ECAT">
    <editdetail attribution="Reuters BIP Coding Group" action="confirmed" date="1997-05-02"/>
  </code>
</codes>
<dc element="dc.publisher" value="Reuters Holdings Plc"/>
<dc element="dc.date.published" value="1997-05-02"/>
<dc element="dc.source" value="Reuters"/>
<dc element="dc.creator.location.country.name" value="CANADA"/>
<dc element="dc.source" value="Reuters"/>
</metadata>
</newsitem>
