<?xml version="1.0" encoding="iso-8859-1" ?>
<newsitem itemid="555598" id="root" date="1997-05-02" xml:lang="en">
<title>USA: SI Diamond Technology Q1 shr loss narrows.</title>
<headline>SI Diamond Technology Q1 shr loss narrows.</headline>
<dateline>AUSTIN, Texas 1997-05-02</dateline>
<text>
<p>For the Three Months Ended March 31,</p>
<p>						     1997	     1996</p>
<p> Revenues				   $1,012,827	 $903,244</p>
<p> Cost of sales			     1,189,294	1,334,495</p>
<p>Selling, general and</p>
<p>  administrative expenses		  851,534	2,642,574</p>
<p> Research and development		  154,180	2,127,425</p>
<p>   Operating costs and expenses	2,195,008	6,104,494</p>
<p>   Loss from operations		(1,182,181)    (5,201,250)</p>
<p>Other income (expense)</p>
<p>	 Loss on impairment of assets	   --	(850,000)</p>
<p>	 Loss on disposal of assets	     --	(350,000)</p>
<p>	 Other income, net		    49,873	  231,199</p>
<p>	 Net loss			  (1,132,308)    (6,170,051)</p>
<p> Less preferred stock dividend	 (278,216)	(223,518)</p>
<p>Net loss applicable to common</p>
<p>  stockholders			   (1,410,524)    (6,393,569)</p>
<p>	 Net loss per common share	  (0.11)	   (0.59)</p>
<p> Average shares outstanding	   13,401,083     10,859,724</p>
<p>Full company name is SI Diamond Technology Inc</p>
</text>
<copyright>(c) Reuters Limited 1997</copyright>
<metadata>
<codes class="bip:countries:1.0">
  <code code="USA">
    <editdetail attribution="Reuters BIP Coding Group" action="confirmed" date="1997-05-02"/>
  </code>
</codes>
<codes class="bip:industries:1.0">
  <code code="I33020">
    <editdetail attribution="Reuters BIP Coding Group" action="confirmed" date="1997-05-02"/>
  </code>
</codes>
<codes class="bip:topics:1.0">
  <code code="C15">
    <editdetail attribution="Reuters BIP Coding Group" action="confirmed" date="1997-05-02"/>
  </code>
  <code code="C151">
    <editdetail attribution="Reuters BIP Coding Group" action="confirmed" date="1997-05-02"/>
  </code>
  <code code="CCAT">
    <editdetail attribution="Reuters BIP Coding Group" action="confirmed" date="1997-05-02"/>
  </code>
</codes>
<dc element="dc.date.created" value="1997-05-02"/>
<dc element="dc.publisher" value="Reuters Holdings Plc"/>
<dc element="dc.date.published" value="1997-05-02"/>
<dc element="dc.source" value="Reuters"/>
<dc element="dc.creator.location" value="AUSTIN, Texas"/>
<dc element="dc.creator.location.country.name" value="USA"/>
<dc element="dc.source" value="Reuters"/>
</metadata>
</newsitem>
