<?xml version="1.0" encoding="iso-8859-1" ?>
<newsitem itemid="555592" id="root" date="1997-05-02" xml:lang="en">
<title>USA: RESEARCH ALERT - Multicanal maintained.</title>
<headline>RESEARCH ALERT - Multicanal maintained.</headline>
<text>
<p>-- Morgan Stanley said it has maintained its outperform rating on Brazilian cable television firm Multicanal but raised its 1997 and 1998 earnings per American Depositary Receipt forecast for the firm.</p>
<p>-- &quot;The company should continue to deliver solid earnings and EBITDA growth driven by a strong expansion of the company's cable subscriber base,&quot; the brokerage said in a statement.  </p>
<p>-- Morgan Stanley said it expects Multicanal government bidding which should add to the firm's upside potential.</p>
<p>-- It was raising its EPS estimate to $0.28 from $0.06 for 1997 and to $.49 from $0.28 for 1998 on &quot;stronger-than-expected 1996 results and our belief that earnings momentum will remain solid over the next several years.&quot;</p>
<p>-- It has set a year-end price target of $17 for Multicanal.</p>
<p>-- Multicanal Participacoes' Level One ADR was flat at 14 1/2 at 1547 local/1447 EDT. Neither its common or preferred shares were traded Friday on the Sao Paulo bourse. The preferred closed Monday at 1.55 reais.</p>
<p>((--James Craig, Sao Paulo newsroom 5511 2485413))</p>
</text>
<copyright>(c) Reuters Limited 1997</copyright>
<metadata>
<codes class="bip:countries:1.0">
  <code code="BRAZ">
    <editdetail attribution="Reuters BIP Coding Group" action="confirmed" date="1997-05-02"/>
  </code>
  <code code="USA">
    <editdetail attribution="Reuters BIP Coding Group" action="confirmed" date="1997-05-02"/>
  </code>
</codes>
<codes class="bip:topics:1.0">
  <code code="C15">
    <editdetail attribution="Reuters BIP Coding Group" action="confirmed" date="1997-05-02"/>
  </code>
  <code code="C152">
    <editdetail attribution="Reuters BIP Coding Group" action="confirmed" date="1997-05-02"/>
  </code>
  <code code="CCAT">
    <editdetail attribution="Reuters BIP Coding Group" action="confirmed" date="1997-05-02"/>
  </code>
</codes>
<dc element="dc.publisher" value="Reuters Holdings Plc"/>
<dc element="dc.date.published" value="1997-05-02"/>
<dc element="dc.source" value="Reuters"/>
<dc element="dc.creator.location.country.name" value="USA"/>
<dc element="dc.source" value="Reuters"/>
</metadata>
</newsitem>
