<?xml version="1.0" encoding="iso-8859-1" ?>
<newsitem itemid="555618" id="root" date="1997-05-02" xml:lang="en">
<title>USA: LXR Biotechnology Inc Q1 shr loss.</title>
<headline>LXR Biotechnology Inc Q1 shr loss.</headline>
<dateline>RICHMOND, Calif. 1997-05-02</dateline>
<text>
<p>LXR Biotechnology Inc.</p>
<p>			Consolidated Statement of Operations</p>
<p>							 Three Months</p>
<p>							 Ended March 31,</p>
<p>						  1997(a)	   1996(a)</p>
<p> Revenues				  $    22,197    $    10,544</p>
<p>Expenses incurred in the development stage:</p>
<p>     Research and development	  1,305,814	1,210,241</p>
<p>     General and administrative	  697,297	  512,707</p>
<p>	   Total expenses		  2,003,111	1,722,948</p>
<p>	   Loss from operations	(1,980,914)    (1,712,404)</p>
<p>Interest income, net</p>
<p>     Interest income			 130,630	   81,184</p>
<p>     Interest expense			     --	 (20,257)</p>
<p>	   Interest income, net	    130,630	   60,927</p>
<p>	   Loss before income taxes  (1,850,284)    (1,651,477)</p>
<p> Income taxes					400	    4,300</p>
<p>     Net loss			    (1,850,684)    (1,655,777)</p>
<p> Net loss per share			   (0.08)	   (0.11)</p>
<p>Weighted average shares used to compute  net loss per share		     21,967,330     14,559,002</p>
<p>(a) Unaudited</p>
</text>
<copyright>(c) Reuters Limited 1997</copyright>
<metadata>
<codes class="bip:countries:1.0">
  <code code="USA">
    <editdetail attribution="Reuters BIP Coding Group" action="confirmed" date="1997-05-02"/>
  </code>
</codes>
<codes class="bip:industries:1.0">
  <code code="I25700">
    <editdetail attribution="Reuters BIP Coding Group" action="confirmed" date="1997-05-02"/>
  </code>
</codes>
<codes class="bip:topics:1.0">
  <code code="C15">
    <editdetail attribution="Reuters BIP Coding Group" action="confirmed" date="1997-05-02"/>
  </code>
  <code code="C151">
    <editdetail attribution="Reuters BIP Coding Group" action="confirmed" date="1997-05-02"/>
  </code>
  <code code="CCAT">
    <editdetail attribution="Reuters BIP Coding Group" action="confirmed" date="1997-05-02"/>
  </code>
</codes>
<dc element="dc.date.created" value="1997-05-02"/>
<dc element="dc.publisher" value="Reuters Holdings Plc"/>
<dc element="dc.date.published" value="1997-05-02"/>
<dc element="dc.source" value="Reuters"/>
<dc element="dc.creator.location" value="RICHMOND, Calif."/>
<dc element="dc.creator.location.country.name" value="USA"/>
<dc element="dc.source" value="Reuters"/>
</metadata>
</newsitem>
