<?xml version="1.0" encoding="iso-8859-1" ?>
<newsitem itemid="555620" id="root" date="1997-05-02" xml:lang="en">
<title>USA: Specialty Chemical Q1 net loss narrows.</title>
<headline>Specialty Chemical Q1 net loss narrows.</headline>
<dateline>MACEDONIA, Ohio 1997-05-02</dateline>
<text>
<p>Three Months</p>
<p> Period ended March 31				 1997	1996</p>
<p> Net earnings (loss)				    (44)    (500)</p>
<p> Net earnings (loss) per common share	    (.01)    (.13)</p>
<p> Weighted average shares outstanding	     3,882    3,947</p>
<p>	     (Amounts in thousands except per share amounts)</p>
<p>NOTE:  Full name of company is Specialty Chemical Resources Inc.</p>
</text>
<copyright>(c) Reuters Limited 1997</copyright>
<metadata>
<codes class="bip:countries:1.0">
  <code code="USA">
    <editdetail attribution="Reuters BIP Coding Group" action="confirmed" date="1997-05-02"/>
  </code>
</codes>
<codes class="bip:industries:1.0">
  <code code="I25000">
    <editdetail attribution="Reuters BIP Coding Group" action="confirmed" date="1997-05-02"/>
  </code>
</codes>
<codes class="bip:topics:1.0">
  <code code="C15">
    <editdetail attribution="Reuters BIP Coding Group" action="confirmed" date="1997-05-02"/>
  </code>
  <code code="C151">
    <editdetail attribution="Reuters BIP Coding Group" action="confirmed" date="1997-05-02"/>
  </code>
  <code code="CCAT">
    <editdetail attribution="Reuters BIP Coding Group" action="confirmed" date="1997-05-02"/>
  </code>
</codes>
<dc element="dc.date.created" value="1997-05-02"/>
<dc element="dc.publisher" value="Reuters Holdings Plc"/>
<dc element="dc.date.published" value="1997-05-02"/>
<dc element="dc.source" value="Reuters"/>
<dc element="dc.creator.location" value="MACEDONIA, Ohio"/>
<dc element="dc.creator.location.country.name" value="USA"/>
<dc element="dc.source" value="Reuters"/>
</metadata>
</newsitem>
