<?xml version="1.0" encoding="iso-8859-1" ?>
<newsitem itemid="708771" id="root" date="1997-07-05" xml:lang="en">
<title>UK: TENNIS-WIMBLEDON WOMEN'S DOUBLES RESULTS.</title>
<headline>TENNIS-WIMBLEDON WOMEN'S DOUBLES RESULTS.</headline>
<dateline>LONDON 1997-07-05</dateline>
<text>
<p>Results of women's doubles</p>
<p>semifinals at Wimbledon on Saturday (prefix number denotes</p>
<p>seeding)</p>
<p>6-Nicole Arendt (U.S.)/Manon Bollegraf (Netherlands) beat</p>
<p>4-Larisa Neiland (Latvia)/Helena Sukova (Czech Republic) 6-2 3-6</p>
<p>6-1</p>
<p>1-Gigi Fernandez (U.S.)/Natasha Zvereva (Belarus) beat</p>
<p>12-Sabine Appelmans (Belgium)/Miriam Oremans (Netherlands) 6-1</p>
<p>6-2</p>
</text>
<copyright>(c) Reuters Limited 1997</copyright>
<metadata>
<codes class="bip:countries:1.0">
  <code code="BELG">
    <editdetail attribution="Reuters BIP Coding Group" action="confirmed" date="1997-07-05"/>
  </code>
  <code code="BYELRS">
    <editdetail attribution="Reuters BIP Coding Group" action="confirmed" date="1997-07-05"/>
  </code>
  <code code="CZREP">
    <editdetail attribution="Reuters BIP Coding Group" action="confirmed" date="1997-07-05"/>
  </code>
  <code code="LATV">
    <editdetail attribution="Reuters BIP Coding Group" action="confirmed" date="1997-07-05"/>
  </code>
  <code code="NETH">
    <editdetail attribution="Reuters BIP Coding Group" action="confirmed" date="1997-07-05"/>
  </code>
  <code code="UK">
    <editdetail attribution="Reuters BIP Coding Group" action="confirmed" date="1997-07-05"/>
  </code>
  <code code="USA">
    <editdetail attribution="Reuters BIP Coding Group" action="confirmed" date="1997-07-05"/>
  </code>
</codes>
<codes class="bip:topics:1.0">
  <code code="GCAT">
    <editdetail attribution="Reuters BIP Coding Group" action="confirmed" date="1997-07-05"/>
  </code>
  <code code="GSPO">
    <editdetail attribution="Reuters BIP Coding Group" action="confirmed" date="1997-07-05"/>
  </code>
</codes>
<dc element="dc.date.created" value="1997-07-05"/>
<dc element="dc.publisher" value="Reuters Holdings Plc"/>
<dc element="dc.date.published" value="1997-07-05"/>
<dc element="dc.source" value="Reuters"/>
<dc element="dc.creator.location" value="LONDON"/>
<dc element="dc.creator.location.country.name" value="UK"/>
<dc element="dc.source" value="Reuters"/>
</metadata>
</newsitem>
