<?xml version="1.0" encoding="iso-8859-1" ?>
<newsitem itemid="708777" id="root" date="1997-07-05" xml:lang="en">
<title>UK: SOCCER-BERGKAMP EXTENDS CONTRACT AT ARSENAL.</title>
<headline>SOCCER-BERGKAMP EXTENDS CONTRACT AT ARSENAL.</headline>
<dateline>LONDON 1997-07-05</dateline>
<text>
<p>Dutch international striker Dennis Bergkamp has agreed to sign a new contract at English premier league club Arsenal but the London side look likely to lose international midfielder Paul Merson.</p>
<p>The club said on Saturday that the 28-year-old Bergkamp was set to sign a deal which would keep the former Ajax Amsterdam and Internazionale Milan player at Arsenal until the end of his career.</p>
<p>But manager Arsene Wenger has agreed to let England international Merson have talks with relegated Middlesbrough in the next few days.</p>
<p>If they can agree personal terms, the 29-year-old Merson looks almost certain to play in the first division next season.</p>
<p>Wenger has been very active in the transfer market in the close season as he bids to build a new young squad.</p>
<p>Talented Dutch winger Marc Overmars has joined the club from Ajax together with 19-year-old Portugese striker Luis Boamorte and Frenchmen Emmanuel Petit and Gilles Grimaldi.</p>
</text>
<copyright>(c) Reuters Limited 1997</copyright>
<metadata>
<codes class="bip:countries:1.0">
  <code code="NETH">
    <editdetail attribution="Reuters BIP Coding Group" action="confirmed" date="1997-07-05"/>
  </code>
  <code code="UK">
    <editdetail attribution="Reuters BIP Coding Group" action="confirmed" date="1997-07-05"/>
  </code>
</codes>
<codes class="bip:topics:1.0">
  <code code="GCAT">
    <editdetail attribution="Reuters BIP Coding Group" action="confirmed" date="1997-07-05"/>
  </code>
  <code code="GSPO">
    <editdetail attribution="Reuters BIP Coding Group" action="confirmed" date="1997-07-05"/>
  </code>
</codes>
<dc element="dc.date.created" value="1997-07-05"/>
<dc element="dc.publisher" value="Reuters Holdings Plc"/>
<dc element="dc.date.published" value="1997-07-05"/>
<dc element="dc.source" value="Reuters"/>
<dc element="dc.creator.location" value="LONDON"/>
<dc element="dc.creator.location.country.name" value="UK"/>
<dc element="dc.source" value="Reuters"/>
</metadata>
</newsitem>
