<?xml version="1.0" encoding="iso-8859-1" ?>
<newsitem itemid="708737" id="root" date="1997-07-05" xml:lang="en">
<title>USA: GOLF-THIRD ROUND SCORES FROM THE WESTERN OPEN.</title>
<headline>GOLF-THIRD ROUND SCORES FROM THE WESTERN OPEN.</headline>
<dateline>LEMONT, Illinois 1997-07-05</dateline>
<text>
<p>Leading scores after</p>
<p>the third round of the $2 million Western Open played on the</p>
<p>7,073-yard, par-72 Cog Hill course on Saturday (U.S. unless</p>
<p>stated):</p>
<p>207 Loren Roberts 70 71 66, Tiger Woods 67 72 68, Justin</p>
<p>Leonard 71 64 72</p>
<p>208 Steve Lowery 70 72 66, Jim Furyk 67 74 67, Frank Nobilo</p>
<p>(New Zealand) 71 70 67</p>
<p>209 Steve Pate 75 67 67, Davis Love 72 68 69, Jay Delsing 71</p>
<p>67 71</p>
<p>210 Scott Hoch 71 68 71</p>
<p>211 Joe Durant 73 69 69, Andrew Magee 69 72 70, John Cook 73</p>
<p>67 71, Billy Andrade 70 67 74, Michael Bradley 69 68 74</p>
<p>212 Tom Watson 72 72 68, Mark Calcavecchia 70 74 68, Tom</p>
<p>Byrum 75 68 69, Phil Blackmar 67 74 71, Larry Mize 70 70 72,</p>
<p>Brent Geiberger 70 69 73, Jeff Sluman 69 69 74, Mike Hulbert</p>
<p>69 68 75</p>
<p>Other international players:</p>
<p>213 Stuart Appleby (Australia) 71 72 70</p>
<p>216 Vijay Singh (Fiji) 72 71 73</p>
<p>217 Rafael Alarcon (Mexico) 69 71 77</p>
<p>222 Grant Waite (New Zealand) 73 72 77</p>
</text>
<copyright>(c) Reuters Limited 1997</copyright>
<metadata>
<codes class="bip:countries:1.0">
  <code code="USA">
    <editdetail attribution="Reuters BIP Coding Group" action="confirmed" date="1997-07-05"/>
  </code>
</codes>
<codes class="bip:topics:1.0">
  <code code="GCAT">
    <editdetail attribution="Reuters BIP Coding Group" action="confirmed" date="1997-07-05"/>
  </code>
  <code code="GSPO">
    <editdetail attribution="Reuters BIP Coding Group" action="confirmed" date="1997-07-05"/>
  </code>
</codes>
<dc element="dc.date.created" value="1997-07-05"/>
<dc element="dc.publisher" value="Reuters Holdings Plc"/>
<dc element="dc.date.published" value="1997-07-05"/>
<dc element="dc.source" value="Reuters"/>
<dc element="dc.creator.location" value="LEMONT, Illinois"/>
<dc element="dc.creator.location.country.name" value="USA"/>
<dc element="dc.source" value="Reuters"/>
</metadata>
</newsitem>
