<?xml version="1.0" encoding="iso-8859-1" ?>
<newsitem itemid="708836" id="root" date="1997-07-05" xml:lang="en">
<title>USA: Oregon's Senate rejects transportation tax bill.</title>
<headline>Oregon's Senate rejects transportation tax bill.</headline>
<dateline>PORTLAND, Ore. 1997-07-04</dateline>
<text>
<p>The Oregon State Senate on Friday rejected a House of Representatives-passed transportation tax bill for the second time, effectively killing the measure for this session.</p>
<p>Working overtime and on the Independence Day holiday, senators turned down the tax bill, which would have gradually raised gasoline taxes by six cents by 1999 and increased vehicle registration fees. Thirteen senators voted in favor of the bill and 16 against.</p>
<p>Supporters, including Gov. John Kitzhaber, had strongly lobbied for the bill. Kitzhaber had indicated that he might bring lawmakers back for a special session to pass the transportation legislation, but legislative sources say that is becoming increasingly unlikely, since there is not enough support in the state Senate for higher gas taxes.</p>
<p>Oregon's Senate rejected an earlier version of the transportation tax bill in June.</p>
<p>The transportation tax bill was opposed by anti-tax activists and the state's trucking industry. Supporters argued that the measure was needed to repair and maintain Oregon's roads. The measure would have raised slightly more than $1 billion.</p>
</text>
<copyright>(c) Reuters Limited 1997</copyright>
<metadata>
<codes class="bip:countries:1.0">
  <code code="USA">
    <editdetail attribution="Reuters BIP Coding Group" action="confirmed" date="1997-07-05"/>
  </code>
</codes>
<codes class="bip:industries:1.0">
  <code code="I14000">
    <editdetail attribution="Reuters BIP Coding Group" action="confirmed" date="1997-07-05"/>
  </code>
  <code code="I65200">
    <editdetail attribution="Reuters BIP Coding Group" action="confirmed" date="1997-07-05"/>
  </code>
</codes>
<codes class="bip:topics:1.0">
  <code code="C13">
    <editdetail attribution="Reuters BIP Coding Group" action="confirmed" date="1997-07-05"/>
  </code>
  <code code="CCAT">
    <editdetail attribution="Reuters BIP Coding Group" action="confirmed" date="1997-07-05"/>
  </code>
  <code code="E21">
    <editdetail attribution="Reuters BIP Coding Group" action="confirmed" date="1997-07-05"/>
  </code>
  <code code="E211">
    <editdetail attribution="Reuters BIP Coding Group" action="confirmed" date="1997-07-05"/>
  </code>
  <code code="ECAT">
    <editdetail attribution="Reuters BIP Coding Group" action="confirmed" date="1997-07-05"/>
  </code>
  <code code="GCAT">
    <editdetail attribution="Reuters BIP Coding Group" action="confirmed" date="1997-07-05"/>
  </code>
  <code code="GPOL">
    <editdetail attribution="Reuters BIP Coding Group" action="confirmed" date="1997-07-05"/>
  </code>
</codes>
<dc element="dc.date.created" value="1997-07-04"/>
<dc element="dc.publisher" value="Reuters Holdings Plc"/>
<dc element="dc.date.published" value="1997-07-05"/>
<dc element="dc.source" value="Reuters"/>
<dc element="dc.creator.location" value="PORTLAND, Ore."/>
<dc element="dc.creator.location.country.name" value="USA"/>
<dc element="dc.source" value="Reuters"/>
</metadata>
</newsitem>
