<?xml version="1.0" encoding="iso-8859-1" ?>
<newsitem itemid="708875" id="root" date="1997-07-05" xml:lang="en">
<title>MEXICO: Mexico's Zedillo has surgery, addresses the nation.</title>
<headline>Mexico's Zedillo has surgery, addresses the nation.</headline>
<dateline>MEXICO CITY 1997-07-04</dateline>
<text>
<p>Mexican President Ernesto Zedillo underwent surgery in a hospital on a troublesome right knee Friday, soon after recording an address to the nation urging citizens to vote in Sunday's mid-term elections.</p>
<p>A statement from Zedillo's office said the hour-long operation went smoothly and that the president, who had suffered knee problems since December, would be able to continue working normally.</p>
<p>As the statement was issued, the media was broadcasting a pre-recorded national address in which Zedillo reiterated that recent reforms had guaranteed &quot;free, fair and transparent elections&quot; and now it was up to each citizen to vote.</p>
<p>Mexican elections have a checkered history, with many claiming fraud has been used to help Zedillo's ruling Institutional Revolutionary Party (PRI) cling to power for 68 straight years. Abstentions have normally been high.</p>
<p>The July 6 elections are for 500 seats in the lower house of Congress, a quarter of the Senate, six state governorships and the first elections for mayor of Mexico City this century.</p>
<p>They were expected to deal an unprecedented upset to the PRI, with its majority in the Chamber of Deputies hanging in the balance.</p>
</text>
<copyright>(c) Reuters Limited 1997</copyright>
<metadata>
<codes class="bip:countries:1.0">
  <code code="MEX">
    <editdetail attribution="Reuters BIP Coding Group" action="confirmed" date="1997-07-05"/>
  </code>
</codes>
<codes class="bip:topics:1.0">
  <code code="GCAT">
    <editdetail attribution="Reuters BIP Coding Group" action="confirmed" date="1997-07-05"/>
  </code>
  <code code="GPOL">
    <editdetail attribution="Reuters BIP Coding Group" action="confirmed" date="1997-07-05"/>
  </code>
  <code code="GVOTE">
    <editdetail attribution="Reuters BIP Coding Group" action="confirmed" date="1997-07-05"/>
  </code>
</codes>
<dc element="dc.date.created" value="1997-07-04"/>
<dc element="dc.publisher" value="Reuters Holdings Plc"/>
<dc element="dc.date.published" value="1997-07-05"/>
<dc element="dc.source" value="Reuters"/>
<dc element="dc.creator.location" value="MEXICO CITY"/>
<dc element="dc.creator.location.country.name" value="MEXICO"/>
<dc element="dc.source" value="Reuters"/>
</metadata>
</newsitem>
