<?xml version="1.0" encoding="iso-8859-1" ?>
<newsitem itemid="708823" id="root" date="1997-07-05" xml:lang="en">
<title>UK: Britain's queen must buy own helicopter - report.</title>
<headline>Britain's queen must buy own helicopter - report.</headline>
<dateline>LONDON 1997-07-05</dateline>
<text>
<p>Britain's new Labour government is planning to veto a defence ministry scheme to spend four million pounds ($6.7 million) on a new helicopter for Queen Elizabeth, a Sunday newspaper reported.</p>
<p>Finance minister Gordon Brown's anger at the scheme, which is thought to have gone out to competitive tender last week, reflects his impatience with defence ministry &quot;foot-dragging&quot; over his efforts to cut waste in public spending, the Sunday Telegraph said.</p>
<p>Treasury officials have identifed the Ministry of Defence as the &quot;worst offender&quot; among government departments which have been told to draw up a register of surplus assets by November so Brown can decide which to sell.</p>
<p>In an interview with the Sunday Telegraph, Brown said the national inventory of assets was a top priority.</p>
<p>&quot;I have urged a speeding up of that so that no department can escape its responsibilities,&quot; he said.</p>
<p>Brown is believed to be particularly exasperated by the plan for a new royal helicopter because it runs counter to Labour plans to tear up proposals by the ousted Conservative government to spend 60 million pounds on a new royal yacht to replace the Britannia, now on its last tour of duty. ($ = 0.592 British Pounds)</p>
</text>
<copyright>(c) Reuters Limited 1997</copyright>
<metadata>
<codes class="bip:countries:1.0">
  <code code="UK">
    <editdetail attribution="Reuters BIP Coding Group" action="confirmed" date="1997-07-05"/>
  </code>
</codes>
<codes class="bip:topics:1.0">
  <code code="E21">
    <editdetail attribution="Reuters BIP Coding Group" action="confirmed" date="1997-07-05"/>
  </code>
  <code code="E211">
    <editdetail attribution="Reuters BIP Coding Group" action="confirmed" date="1997-07-05"/>
  </code>
  <code code="ECAT">
    <editdetail attribution="Reuters BIP Coding Group" action="confirmed" date="1997-07-05"/>
  </code>
  <code code="GCAT">
    <editdetail attribution="Reuters BIP Coding Group" action="confirmed" date="1997-07-05"/>
  </code>
  <code code="GDEF">
    <editdetail attribution="Reuters BIP Coding Group" action="confirmed" date="1997-07-05"/>
  </code>
  <code code="GPOL">
    <editdetail attribution="Reuters BIP Coding Group" action="confirmed" date="1997-07-05"/>
  </code>
  <code code="GPRO">
    <editdetail attribution="Reuters BIP Coding Group" action="confirmed" date="1997-07-05"/>
  </code>
</codes>
<dc element="dc.date.created" value="1997-07-05"/>
<dc element="dc.publisher" value="Reuters Holdings Plc"/>
<dc element="dc.date.published" value="1997-07-05"/>
<dc element="dc.source" value="Reuters"/>
<dc element="dc.creator.location" value="LONDON"/>
<dc element="dc.creator.location.country.name" value="UK"/>
<dc element="dc.source" value="Reuters"/>
</metadata>
</newsitem>
