<?xml version="1.0" encoding="iso-8859-1" ?>
<newsitem itemid="708859" id="root" date="1997-07-05" xml:lang="en">
<title>GEORGIA: Georgian leader drops security minister.</title>
<headline>Georgian leader drops security minister.</headline>
<dateline>TBILISI 1997-07-05</dateline>
<text>
<p>Georgian President Eduard Shevardnadze accepted the resignation of his embattled security minister on Saturday, the presidential press service said.</p>
<p>The president did not immediately name a successor to Shota Kviraya. The press service said Shevardnadze had removed the minister at his own request.</p>
<p>Last month, parliament abandoned an attempt to impeach Kviraya and asked Shevardnadze to take a final decision on his fate.</p>
<p>A group of parliamentary members have alleged Kviraya executed six suspected looters during a 1993 civil war, authorised the bugging of several journalists' telephones and worked for Russian intelligence services.</p>
<p>Kviraya has denied the charges. It was not immediately clear why he decided to submit his resignation.</p>
</text>
<copyright>(c) Reuters Limited 1997</copyright>
<metadata>
<codes class="bip:countries:1.0">
  <code code="GRGIA">
    <editdetail attribution="Reuters BIP Coding Group" action="confirmed" date="1997-07-05"/>
  </code>
</codes>
<codes class="bip:topics:1.0">
  <code code="GCAT">
    <editdetail attribution="Reuters BIP Coding Group" action="confirmed" date="1997-07-05"/>
  </code>
  <code code="GPOL">
    <editdetail attribution="Reuters BIP Coding Group" action="confirmed" date="1997-07-05"/>
  </code>
</codes>
<dc element="dc.date.created" value="1997-07-05"/>
<dc element="dc.publisher" value="Reuters Holdings Plc"/>
<dc element="dc.date.published" value="1997-07-05"/>
<dc element="dc.source" value="Reuters"/>
<dc element="dc.creator.location" value="TBILISI"/>
<dc element="dc.creator.location.country.name" value="GEORGIA"/>
<dc element="dc.source" value="Reuters"/>
</metadata>
</newsitem>
