<?xml version="1.0" encoding="iso-8859-1" ?>
<newsitem itemid="708889" id="root" date="1997-07-05" xml:lang="en">
<title>MALAYSIA: Malaysia Airlines cancels flights to Phnom Penh.</title>
<headline>Malaysia Airlines cancels flights to Phnom Penh.</headline>
<dateline>KUALA LUMPUR 1997-07-05</dateline>
<text>
<p>Malaysia Airlines (MAS) announced on Saturday it was cancelling flights to Phnom Penh following the outbreak of fighting in the Cambodian capital.</p>
<p>&quot;Following recent political developments in Phnom Penh, Malaysia Airlines has, in the interest of the safety of its passengers, decided to cancel its flights to and from Phnom Penh tomorrow (Sunday),&quot; MAS said in a statement.</p>
<p>MAS has one flight on Sunday to Phnom Penh, which returns on the same day.</p>
</text>
<copyright>(c) Reuters Limited 1997</copyright>
<metadata>
<codes class="bip:countries:1.0">
  <code code="KAMPA">
    <editdetail attribution="Reuters BIP Coding Group" action="confirmed" date="1997-07-05"/>
  </code>
  <code code="MALAY">
    <editdetail attribution="Reuters BIP Coding Group" action="confirmed" date="1997-07-05"/>
  </code>
</codes>
<codes class="bip:industries:1.0">
  <code code="I75000">
    <editdetail attribution="Reuters BIP Coding Group" action="confirmed" date="1997-07-05"/>
  </code>
</codes>
<codes class="bip:topics:1.0">
  <code code="C21">
    <editdetail attribution="Reuters BIP Coding Group" action="confirmed" date="1997-07-05"/>
  </code>
  <code code="CCAT">
    <editdetail attribution="Reuters BIP Coding Group" action="confirmed" date="1997-07-05"/>
  </code>
  <code code="GCAT">
    <editdetail attribution="Reuters BIP Coding Group" action="confirmed" date="1997-07-05"/>
  </code>
  <code code="GVIO">
    <editdetail attribution="Reuters BIP Coding Group" action="confirmed" date="1997-07-05"/>
  </code>
</codes>
<dc element="dc.date.created" value="1997-07-05"/>
<dc element="dc.publisher" value="Reuters Holdings Plc"/>
<dc element="dc.date.published" value="1997-07-05"/>
<dc element="dc.source" value="Reuters"/>
<dc element="dc.creator.location" value="KUALA LUMPUR"/>
<dc element="dc.creator.location.country.name" value="MALAYSIA"/>
<dc element="dc.source" value="Reuters"/>
</metadata>
</newsitem>
