<?xml version="1.0" encoding="iso-8859-1" ?>
<newsitem itemid="708887" id="root" date="1997-07-05" xml:lang="en">
<title>CHINA: HK said planning rush law to oust hundreds of kids.</title>
<headline>HK said planning rush law to oust hundreds of kids.</headline>
<dateline>HONG KONG 1997-07-05</dateline>
<text>
<p>The Hong Kong government will ask law-makers next Wednesday to empower an immediate repatriation of hundreds of illegal child migrants from the Chinese mainland, a newspaper said on Saturday.</p>
<p>The Chinese-language Hong Kong Economic Times said the post-colonial government would ask the China-appointed interim assembly to rush through the law so the government could expel young Chinese illegals here without proof of identity.</p>
<p>Hong Kong police chief Eddie Hui vowed on Saturday to stop illegal migrants trying to sneak into the former British colony at the border.</p>
<p>He spoke to reporters before leaving for talks with Chinese officials on the issue in the frontier city of Shenzhen.</p>
<p>&quot;We will make sure the illegals do not pass through the border,&quot; Hui said.</p>
<p>Shenzhen, bordering with Hong Kong, is where most illegals come from, lured by visions of a better life in the region.</p>
<p>On Friday, hundreds of families flocked to Hong Kong's immigration headquarters to surrender illegal immigrant children who had sneaked in from China, hoping they would be allowed to stay.</p>
<p>The rush was sparked by an announcement on Thursday that &quot;child illegals&quot; could remain here while their parents' background was checked to determine if they had a right to stay.</p>
<p>The office of Hong Kong's leader Tung Chee-hwa was not immediately available for comment.</p>
<p>Hong Kong's new constitution, the Basic Law, which took effect on Tuesday when the former British colony became a quasi-autonomous Chinese territory, says mainland-born offspring of a Hong Kong permanent resident are entitled to stay here.</p>
<p>But under current arrangements, they must apply to Chinese authorities for permission to migrate to Hong Kong, which can mean a wait for years as only 150 Chinese immigrants, about 66 of them children, are allowed into the territory each day.</p>
<p>It is estimated that 60,000 children from &quot;separate families&quot; are waiting to settle in the territory.</p>
<p>Although Hong Kong reverted to China earlier this week, border control between the two place remains intact.</p>
</text>
<copyright>(c) Reuters Limited 1997</copyright>
<metadata>
<codes class="bip:countries:1.0">
  <code code="CHINA">
    <editdetail attribution="Reuters BIP Coding Group" action="confirmed" date="1997-07-05"/>
  </code>
  <code code="HKONG">
    <editdetail attribution="Reuters BIP Coding Group" action="confirmed" date="1997-07-05"/>
  </code>
</codes>
<codes class="bip:topics:1.0">
  <code code="GCAT">
    <editdetail attribution="Reuters BIP Coding Group" action="confirmed" date="1997-07-05"/>
  </code>
  <code code="GCRIM">
    <editdetail attribution="Reuters BIP Coding Group" action="confirmed" date="1997-07-05"/>
  </code>
  <code code="GPOL">
    <editdetail attribution="Reuters BIP Coding Group" action="confirmed" date="1997-07-05"/>
  </code>
</codes>
<dc element="dc.date.created" value="1997-07-05"/>
<dc element="dc.publisher" value="Reuters Holdings Plc"/>
<dc element="dc.date.published" value="1997-07-05"/>
<dc element="dc.source" value="Reuters"/>
<dc element="dc.creator.location" value="HONG KONG"/>
<dc element="dc.creator.location.country.name" value="CHINA"/>
<dc element="dc.source" value="Reuters"/>
</metadata>
</newsitem>
