<?xml version="1.0" encoding="iso-8859-1" ?>
<newsitem itemid="708855" id="root" date="1997-07-05" xml:lang="en">
<title>ALBANIA: Socialist win overshadows second round vote.</title>
<headline>Socialist win overshadows second round vote.</headline>
<byline>Belinda Goldsmith</byline>
<dateline>TIRANA 1996-07-06</dateline>
<text>
<p>Albania goes to the polls for a second time on Sunday to settle a number of outstanding seats even though the Socialists have already won the election that was designed to end months of violence and anarchy.</p>
<p>The run-off ballots will finalise 34 seats where no one candidate won 50 percent of the vote in the first round last Sunday. Counting in seven seats has yet to be completed, the Central Electoral Commission said.</p>
<p>The Socialists, heirs to the former communists, won about 80 of 155 assembly seats in the first round, ousting President Sali Berisha's Democratic Party after five years in power.</p>
<p>The critical question now is whether the Socialists and their left-wing allies can secure the 20 or so seats needed to get a two-thirds majority in parliament. That would enable them to make major changes in post-communist laws -- and remove a head of state by parliamentary vote.</p>
<p>Some 150 observers directed by the Organisation for Security and Cooperation in Europe will watch over proceedings and polling stations will be protected by the 7,000-strong multinational protection force dispatched to Albania in April.</p>
<p>Tensions mounted ahead of the second round as a young man killed when shooting broke out at a monarchist rally this week was buried in a Tirana cemetery.</p>
<p>The defeated Democratic Party, which has blamed the Socialists for his death, urged its supporters to mass at a ceremony in Tirana's central Skanderbeg Square but only a few hundred turned up and the event passed off peacefully.</p>
<p>The head of a Council of Europe's parliamentary delegation observing the election urged all sides to remain calm.</p>
<p>&quot;This is no time for political bickering and polarisation,&quot; Sir Russell Johnston said after meeting key political leaders. &quot;The interests of the country must come first.&quot;</p>
<p>The election, Albania's fourth since the 1990 fall of communism, was called in March when the country slid into chaos as angry Albanians took to the street to protest about the failure of popular investment funds. Many blamed the president.</p>
<p>At the height of the rebellion in which 1,500 people have died, Berisha agreed to hold a new election, replacing a May 1996 poll that was boycotted by the Socialists and described by international observers as seriously flawed.</p>
<p>A multi-party government headed by a Socialist was appointed in the interim.</p>
<p>Based on preliminary results early last week which the OSCE described as &quot;adequate and acceptable&quot;, Berisha has already conceded defeat and promised to honour a campaign pledge to step down once a new leftist government is installed.</p>
<p>But in recent days Berisha's Democrats appear to have joined forces with Albania's self-proclaimed King Leka I who has denounced the results of a referendum, held alongside last Sunday's vote, which rejected reinstatement of the monarchy.</p>
<p>Several Berisha stalwarts were defeated in the first round while others face tough run-off battles. With the south, focal point of the rebellion, voting solidly against the president, most contests are in the north of the mountainous country.</p>
<p>Former Democratic prime minister Aleksander Meksi, ousted in March when the multi-party government was appointed, faces a Socialist in Tirana and Fatos Beja, a top Berisha adviser, is contesting another seat in the capital.</p>
<p>In Kavaje, southwest of Tirana, two veteran Democrats face second-round battles. Party leader Tritan Shehu takes on a member of the anti-Berisha Rightist Union while former Interior Minister Halit Shamata is up against a Socialist.</p>
</text>
<copyright>(c) Reuters Limited 1997</copyright>
<metadata>
<codes class="bip:countries:1.0">
  <code code="ALB">
    <editdetail attribution="Reuters BIP Coding Group" action="confirmed" date="1997-07-05"/>
  </code>
</codes>
<codes class="bip:topics:1.0">
  <code code="GCAT">
    <editdetail attribution="Reuters BIP Coding Group" action="confirmed" date="1997-07-05"/>
  </code>
  <code code="GPOL">
    <editdetail attribution="Reuters BIP Coding Group" action="confirmed" date="1997-07-05"/>
  </code>
  <code code="GVOTE">
    <editdetail attribution="Reuters BIP Coding Group" action="confirmed" date="1997-07-05"/>
  </code>
</codes>
<dc element="dc.date.created" value="1996-07-06"/>
<dc element="dc.publisher" value="Reuters Holdings Plc"/>
<dc element="dc.date.published" value="1997-07-05"/>
<dc element="dc.source" value="Reuters"/>
<dc element="dc.creator.location" value="TIRANA"/>
<dc element="dc.creator.location.country.name" value="ALBANIA"/>
<dc element="dc.source" value="Reuters"/>
</metadata>
</newsitem>
