<?xml version="1.0" encoding="iso-8859-1" ?>
<newsitem itemid="708891" id="root" date="1997-07-05" xml:lang="en">
<title>CHINA: China dissident says informers beat up parents.</title>
<headline>China dissident says informers beat up parents.</headline>
<dateline>BEIJING 1997-07-05</dateline>
<text>
<p>Veteran Chinese dissident Zhang Lin, recently released from a labour camp after finishing a three-year sentence, said on Saturday that his parents had been severely beaten by police informers.</p>
<p>Two neighbours of Zhang Lin's parents had beaten the elderly couple up on Friday evening after Zhang's mother quarreled with them for spying on the family since Zhang's release from prison last month, Zhang said by telephone.</p>
<p>&quot;My father had three front teeth knocked out and my mother suffered serious head injuries and has several lumps the size of eggs,&quot; Zhang said from his home in Bengbu city in central Anhui province.</p>
<p>Zhang's mother, 58, was being treated for her injuries in hospital, he said.</p>
<p>&quot;The assailants were people who have supplied information to the police about me and my family,&quot; he said.</p>
<p>Zhang had applied with the Public Security Bureau to hold a public demonstration protesting police inaction towards the case after police did nothing after he reported the beatings, he said.</p>
<p>&quot;They rejected my application first because they said I had no identification... and they warned me not to act rashly,&quot; he said. Police were not immediately available for comment.</p>
<p>Zhang was released from three years of re-education through labour on June 1, having been arrested in 1994 for not having his marriage licence in order. Police also accused him of having too many contacts with foreign reporters.</p>
<p>Zhang played a leading role in 1989 pro-democracy protests in Anhui that mirrored those held in Beijing's Tiananmen Square and later served two years in prison.</p>
</text>
<copyright>(c) Reuters Limited 1997</copyright>
<metadata>
<codes class="bip:countries:1.0">
  <code code="CHINA">
    <editdetail attribution="Reuters BIP Coding Group" action="confirmed" date="1997-07-05"/>
  </code>
</codes>
<codes class="bip:topics:1.0">
  <code code="GCAT">
    <editdetail attribution="Reuters BIP Coding Group" action="confirmed" date="1997-07-05"/>
  </code>
  <code code="GPOL">
    <editdetail attribution="Reuters BIP Coding Group" action="confirmed" date="1997-07-05"/>
  </code>
  <code code="GVIO">
    <editdetail attribution="Reuters BIP Coding Group" action="confirmed" date="1997-07-05"/>
  </code>
</codes>
<dc element="dc.date.created" value="1997-07-05"/>
<dc element="dc.publisher" value="Reuters Holdings Plc"/>
<dc element="dc.date.published" value="1997-07-05"/>
<dc element="dc.source" value="Reuters"/>
<dc element="dc.creator.location" value="BEIJING"/>
<dc element="dc.creator.location.country.name" value="CHINA"/>
<dc element="dc.source" value="Reuters"/>
</metadata>
</newsitem>
