<?xml version="1.0" encoding="iso-8859-1" ?>
<newsitem itemid="708895" id="root" date="1997-07-05" xml:lang="en">
<title>PHILIPPINES: Former rebel chief to help Philippine peace talks.</title>
<headline>Former rebel chief to help Philippine peace talks.</headline>
<dateline>MANILA 1997-07-05</dateline>
<text>
<p>Philippine President Fidel Ramos on Saturday authorised Moslem regional governor Nur Misuari, a former rebel chief, to help break the deadlock in talks with a Moslem separatist group.</p>
<p>A statement from the presidential palace said Misuari has been directed to initiate contact with the Moro Islamic Liberation Front (MILF).</p>
<p>Misuari is chairman of the MNLF. Last September he signed a peace agreement with Manila, formally ending a 24-year MNLF-led revolt for Moslem self-rule in the southern Mindanao region.</p>
<p>Shortly afterwards, he was elected as governor of a semi-autonomous Moslem region comprising four provinces.</p>
<p>The MILF was not party to the MNLF peace deal but has begun separate peace talks with the government.</p>
<p>Resumption of talks last weekend, however, was deferred after two weeks of fighting between the military and the guerrillas that left more than 80 people dead.</p>
<p>The latest clash was an attack by MILF rebels on an army camp in the southern province of Maguindanao early on Saturday morning. Seven rebels died and six people were wounded in the ensuing skirmish, the military said.</p>
<p>The MILF, estimated to have 8,000 armed activists, is battling for independence for Mindanao, the ancestral Moslem homeland in a predominantly Christian country.</p>
<p>The palace statement said Misuari attended a meeting with top officials led by Defence Secretary Renato de Villa to discuss peace efforts in Mindanao.</p>
</text>
<copyright>(c) Reuters Limited 1997</copyright>
<metadata>
<codes class="bip:countries:1.0">
  <code code="PHLNS">
    <editdetail attribution="Reuters BIP Coding Group" action="confirmed" date="1997-07-05"/>
  </code>
</codes>
<codes class="bip:topics:1.0">
  <code code="GCAT">
    <editdetail attribution="Reuters BIP Coding Group" action="confirmed" date="1997-07-05"/>
  </code>
  <code code="GVIO">
    <editdetail attribution="Reuters BIP Coding Group" action="confirmed" date="1997-07-05"/>
  </code>
</codes>
<dc element="dc.date.created" value="1997-07-05"/>
<dc element="dc.publisher" value="Reuters Holdings Plc"/>
<dc element="dc.date.published" value="1997-07-05"/>
<dc element="dc.source" value="Reuters"/>
<dc element="dc.creator.location" value="MANILA"/>
<dc element="dc.creator.location.country.name" value="PHILIPPINES"/>
<dc element="dc.source" value="Reuters"/>
</metadata>
</newsitem>
