<?xml version="1.0" encoding="iso-8859-1" ?>
<newsitem itemid="708839" id="root" date="1997-07-05" xml:lang="en">
<title>KENYA: Kenya state radio warns public against rallies.</title>
<headline>Kenya state radio warns public against rallies.</headline>
<byline>Peter Smerdon</byline>
<dateline>NAIROBI 1997-07-05</dateline>
<text>
<p>State radio warned Kenyans on Saturday against attending outlawed rallies called across the country for Monday by groups demanding constitutional reforms.</p>
<p>The radio repeatedly broadcast a police statement saying the rallies were illegal and asking peace-loving citizens to keep away from some 50 venues named by organisers.</p>
<p>The radio also quoted President Daniel arap Moi as saying on Saturday that law enforcement agencies would be out in full force in Kenya on Monday to prevent the rallies going ahead.</p>
<p>Kenya's National Council of NGOs meanwhile said on Saturday it was being intimidated because its staff had been put under surveillance in recent weeks and its telephones were tapped.</p>
<p>But executive committee members of the National Council of NGOs (Non-Governmental Organisations) said its registration could not be withdrawn, as threatened by Moi, as it was never registered.</p>
<p>Opposition groups and other bodies, including the National Council of NGOs, demanding constitutional reforms before this year's general election have called the rallies for Monday.</p>
<p>The pro-reform groups reiterated on Saturday that Monday's rallies would be &quot;educational meetings&quot; and argued they therefore do not need police permission. They said they had even formally requested police protection for the meetings.</p>
<p>The executive committee members said the National Council of NGOs was a statutory body set up by parliament in 1993 as a forum for all registered NGOs in Kenya and was not required to be registered itself.</p>
<p>On Friday, Moi warned Kenyans to avoid what he said was a new culture of violence in Kenya and singled out the National Council of NGOs for meddling in politics and formenting trouble.</p>
<p>He said the government would not hesitate to deregister the council if it continued with its interference. Parties and other bodies which are denied official registration cannot operate.</p>
<p>Moi says there is no time for constitutional reforms before the presidential and parliamentary elections this year. The date for the general election has not yet been set.</p>
<p>The secretary-general of the opposition FORD-Kenya party said on Saturday homes of leading opposition figures were under surveillance from the paramilitary General Service Unit (GSU).</p>
<p>&quot;All indications are that the Kenya police are determined to disrupt the orderly conduct of the major political event (on Monday) under the guise of maintaining law and order,&quot; FORD -Kenya Secretary-General Gitobu Imanyara said in a statement.</p>
<p>He said the GSU surveillance indicated that the police planned to imprison opposition leaders in their homes on Monday to stop them reaching the rallies -- as happened on May 31.</p>
<p>In Kenya's port city of Mombasa on Saturday, a lawyer said police on Friday arrested three activists who had allegedly distributed leaflets calling for a general strike on Monday.</p>
<p>Lawyer Lumatete Muchai said he was still trying to locate one of the three men, who was his client, but he doubted that he would be released until Tuesday. Police refused to comment.</p>
<p>Despite the opposition campaign, Moi, 73, looks certain to extend his 19-year rule for five more years because of electoral rules and deep personal and ethnic splits within the opposition.</p>
</text>
<copyright>(c) Reuters Limited 1997</copyright>
<metadata>
<codes class="bip:countries:1.0">
  <code code="KENYA">
    <editdetail attribution="Reuters BIP Coding Group" action="confirmed" date="1997-07-05"/>
  </code>
</codes>
<codes class="bip:topics:1.0">
  <code code="GCAT">
    <editdetail attribution="Reuters BIP Coding Group" action="confirmed" date="1997-07-05"/>
  </code>
  <code code="GPOL">
    <editdetail attribution="Reuters BIP Coding Group" action="confirmed" date="1997-07-05"/>
  </code>
  <code code="GVIO">
    <editdetail attribution="Reuters BIP Coding Group" action="confirmed" date="1997-07-05"/>
  </code>
</codes>
<dc element="dc.date.created" value="1997-07-05"/>
<dc element="dc.publisher" value="Reuters Holdings Plc"/>
<dc element="dc.date.published" value="1997-07-05"/>
<dc element="dc.source" value="Reuters"/>
<dc element="dc.creator.location" value="NAIROBI"/>
<dc element="dc.creator.location.country.name" value="KENYA"/>
<dc element="dc.source" value="Reuters"/>
</metadata>
</newsitem>
