<?xml version="1.0" encoding="iso-8859-1" ?>
<newsitem itemid="708821" id="root" date="1997-07-05" xml:lang="en">
<title>UK: UK seeks news of Britons said seized in Chechnya.</title>
<headline>UK seeks news of Britons said seized in Chechnya.</headline>
<dateline>LONDON 1997-07-05</dateline>
<text>
<p>Britain said on Saturday it was urgently seeking information on the whereabouts of two British aid workers reported kidnapped in Russia's breakaway Chechnya region.</p>
<p>Interfax news agency said the two, a married couple working for the Grozny-based Centre for Peace and Development, were seized at gunpoint on Thursday night.</p>
<p>&quot;Our embassy in Moscow is urgently seeking to obtain information about their whereabouts, including through the OSCE (Organisation for Security and Co-Operation in Europe),&quot; a British Foreign Office spokesman said.</p>
<p>&quot;We have been in contact with a representative of the Centre for Peacekeeping and Community Development, who confirmed that two Britons have been working for them in Grozny since early April,&quot; the spokesman added.</p>
<p>He said British ministers were concerned for the welfare of the two and were following developments closely.</p>
<p>The Centre for Peace and Development is a Russian non-governmental agency which sometimes employs foreigners to work with some of the children caught up in 21 months of fighting between Chechen separatists and Russian troops.</p>
<p>Gangs have regularly taken hostages in Chechnya and demanded ransom since fighting with Russia ended last August. Interfax said several dozen people were currently being held, including five Russian television journalists.</p>
<p>Interfax quoted an official from Chechnya's Interior Ministry as saying three people had been arrested on Saturday morning in connection with the kidnappings.</p>
<p>Two were the couple's bodyguards, who allegedly did nothing to stop them being taken and did not inform police and the third was the deputy director for the Centre for Child Rehabilitation, the official said.</p>
<p>Chechen President Aslan Maskhadov has issued a decree saying hostage-takers would face the death penalty and their accomplices would get 15 years in jail.</p>
</text>
<copyright>(c) Reuters Limited 1997</copyright>
<metadata>
<codes class="bip:countries:1.0">
  <code code="RUSS">
    <editdetail attribution="Reuters BIP Coding Group" action="confirmed" date="1997-07-05"/>
  </code>
  <code code="UK">
    <editdetail attribution="Reuters BIP Coding Group" action="confirmed" date="1997-07-05"/>
  </code>
</codes>
<codes class="bip:topics:1.0">
  <code code="GCAT">
    <editdetail attribution="Reuters BIP Coding Group" action="confirmed" date="1997-07-05"/>
  </code>
  <code code="GVIO">
    <editdetail attribution="Reuters BIP Coding Group" action="confirmed" date="1997-07-05"/>
  </code>
</codes>
<dc element="dc.date.created" value="1997-07-05"/>
<dc element="dc.publisher" value="Reuters Holdings Plc"/>
<dc element="dc.date.published" value="1997-07-05"/>
<dc element="dc.source" value="Reuters"/>
<dc element="dc.creator.location" value="LONDON"/>
<dc element="dc.creator.location.country.name" value="UK"/>
<dc element="dc.source" value="Reuters"/>
</metadata>
</newsitem>
