<?xml version="1.0" encoding="iso-8859-1" ?>
<newsitem itemid="708905" id="root" date="1997-07-05" xml:lang="en">
<title>SINGAPORE: Digital set for growth, CEO Palmer says.</title>
<headline>Digital set for growth, CEO Palmer says.</headline>
<dateline>SINGAPORE 1997-07-05</dateline>
<text>
<p>Digital Equipment Corp is well-positioned for growth after four years of investment, chairman and chief executive officer Robert Palmer said on Saturday.</p>
<p>&quot;Digital feels very well-positioned at this time,&quot; Palmer told reporters at the opening of a laboratory.</p>
<p>Despite management shake-ups, restructurings and layoffs, Digital, the fourth largest computer company in the United States, has lost billions of dollars over the past few years.</p>
<p>But the worst is over, Palmer said. &quot;Most of Digital's restructuring is behind it, I'm happy to say. It's been a very difficult four years that we've been going through.&quot;</p>
<p>Digital had &quot;made investments during the last four years for where we believe the market is going,&quot; he said.</p>
<p>He said the company was now well-placed in products in 64-bit computing, Windows NT, and the Internet, which should be key areas of growth in the information technology industry.</p>
<p>Responding to a suggestion that Digital has been a leader in products and technology but a laggard in getting its message across, Palmer said recent consolidation of public relations, marketing and sales under one executive should &quot;enable us to have a more coherent message to the marketplace.&quot;</p>
<p>However, Digital does many things, making it less easy to have a simple message than for companies that are not so diversified, Palmer said.</p>
<p>He said the Asia-Pacific region accounts for about 19 percent of Digital's revenue, up from 14 percent in 1992.</p>
</text>
<copyright>(c) Reuters Limited 1997</copyright>
<metadata>
<codes class="bip:countries:1.0">
  <code code="SINGP">
    <editdetail attribution="Reuters BIP Coding Group" action="confirmed" date="1997-07-05"/>
  </code>
  <code code="USA">
    <editdetail attribution="Reuters BIP Coding Group" action="confirmed" date="1997-07-05"/>
  </code>
</codes>
<codes class="bip:industries:1.0">
  <code code="I33020">
    <editdetail attribution="Reuters BIP Coding Group" action="confirmed" date="1997-07-05"/>
  </code>
  <code code="I3302003">
    <editdetail attribution="Reuters BIP Coding Group" action="confirmed" date="1997-07-05"/>
  </code>
</codes>
<codes class="bip:topics:1.0">
  <code code="C11">
    <editdetail attribution="Reuters BIP Coding Group" action="confirmed" date="1997-07-05"/>
  </code>
  <code code="C15">
    <editdetail attribution="Reuters BIP Coding Group" action="confirmed" date="1997-07-05"/>
  </code>
  <code code="C152">
    <editdetail attribution="Reuters BIP Coding Group" action="confirmed" date="1997-07-05"/>
  </code>
  <code code="CCAT">
    <editdetail attribution="Reuters BIP Coding Group" action="confirmed" date="1997-07-05"/>
  </code>
</codes>
<dc element="dc.date.created" value="1997-07-05"/>
<dc element="dc.publisher" value="Reuters Holdings Plc"/>
<dc element="dc.date.published" value="1997-07-05"/>
<dc element="dc.source" value="Reuters"/>
<dc element="dc.creator.location" value="SINGAPORE"/>
<dc element="dc.creator.location.country.name" value="SINGAPORE"/>
<dc element="dc.source" value="Reuters"/>
</metadata>
</newsitem>
