<?xml version="1.0" encoding="iso-8859-1" ?>
<newsitem itemid="708958" id="root" date="1997-07-05" xml:lang="en">
<title>TURKEY: PRESS DIGEST - Turkey - July 5.</title>
<headline>PRESS DIGEST - Turkey - July 5.</headline>
<dateline>ISTANBUL 1997-07-05</dateline>
<text>
<p>These are the leading stories in the Turkish press on Saturday. Reuters has not verified these stories and does not vouch for their accuracy.</p>
<p>SABAH</p>
<p>- Turkey was forced to ask for foreign help in order to extinguish a fire at a munitions factory in Kirikkale, despite successive ministers having promised to buy the right equipment.</p>
<p>MILLIYET</p>
<p>- A police intelligence chief accused of organisng infiltration and surveillance of the armed forces will be charged with treason.</p>
<p>HURRIYET</p>
<p>- A military appeal court overturned a 30-day sentence on a naval official accused of passing on information to police intelligence, saying it was insufficient.</p>
<p>YENI YUZYIL</p>
<p>- Former foreign minister, Tansu Ciller has said she did not know about the police surveillence operation on the army, but that it was conducted on the initiative of the police officers.</p>
<p>RADIKAL</p>
<p>- Senior MPs in Ciller's True Path Party are unhappy with Ciller's leadership which could lead to further resignations from her party next week.</p>
<p>CUMHURIYET</p>
<p>- The previous Islamist-led government had removed senior officials at the Kirikkale munitions factory, replacing them with supporters who did not have any knowledge of the industry.</p>
<p>ZAMAN</p>
<p>- The paper asks who was responsible for the explosions at the munitions plant at Kirikkale and who will take responsibility for investigating the blasts.</p>
</text>
<copyright>(c) Reuters Limited 1997</copyright>
<metadata>
<codes class="bip:countries:1.0">
  <code code="TURK">
    <editdetail attribution="Reuters BIP Coding Group" action="confirmed" date="1997-07-05"/>
  </code>
</codes>
<codes class="bip:topics:1.0">
  <code code="GCAT">
    <editdetail attribution="Reuters BIP Coding Group" action="confirmed" date="1997-07-05"/>
  </code>
</codes>
<dc element="dc.date.created" value="1997-07-05"/>
<dc element="dc.publisher" value="Reuters Holdings Plc"/>
<dc element="dc.date.published" value="1997-07-05"/>
<dc element="dc.source" value="Reuters"/>
<dc element="dc.creator.location" value="ISTANBUL"/>
<dc element="dc.creator.location.country.name" value="TURKEY"/>
<dc element="dc.source" value="Reuters"/>
</metadata>
</newsitem>
