<?xml version="1.0" encoding="iso-8859-1" ?>
<newsitem itemid="708999" id="root" date="1997-07-05" xml:lang="en">
<title>GERMANY: German union leader threatens to spurn EMU.</title>
<headline>German union leader threatens to spurn EMU.</headline>
<dateline>BONN 1997-07-05</dateline>
<text>
<p>The German government was warned on Saturday not to gamble away union and other support for the European single currency by implementing further social spending cuts to meet euro entry criteria.</p>
<p>Ursula Engelen-Kefer, vice chairman of the Federation of German trade unions (DGB), said &quot;I warn the government: further cuts in social spending for the euro will be the stumbling block, the breaking point the government won't be able to get past.&quot;</p>
<p>&quot;It will gamble away the support of the DGB and the Social Democrats for the euro,&quot; she said in an interview with the Cologne daily Express published on Saturday</p>
<p>Finance Minister Theo Waigel is expected to announce on Friday a supplementary budget for 1997 with a deficit eight to 10 billion marks higher than originally planned.</p>
<p>Further spending cuts would hamper economic expansion, coalition sources said.</p>
<p>The new budget will still be in line with the entry requirements for EMU, the sources said.</p>
<p>-- Terence Gallagher, Bonn newsroom, 49-228-2609750</p>
</text>
<copyright>(c) Reuters Limited 1997</copyright>
<metadata>
<codes class="bip:countries:1.0">
  <code code="EEC">
    <editdetail attribution="Reuters BIP Coding Group" action="confirmed" date="1997-07-05"/>
  </code>
  <code code="GFR">
    <editdetail attribution="Reuters BIP Coding Group" action="confirmed" date="1997-07-05"/>
  </code>
</codes>
<codes class="bip:topics:1.0">
  <code code="C42">
    <editdetail attribution="Reuters BIP Coding Group" action="confirmed" date="1997-07-05"/>
  </code>
  <code code="CCAT">
    <editdetail attribution="Reuters BIP Coding Group" action="confirmed" date="1997-07-05"/>
  </code>
  <code code="E21">
    <editdetail attribution="Reuters BIP Coding Group" action="confirmed" date="1997-07-05"/>
  </code>
  <code code="E211">
    <editdetail attribution="Reuters BIP Coding Group" action="confirmed" date="1997-07-05"/>
  </code>
  <code code="E41">
    <editdetail attribution="Reuters BIP Coding Group" action="confirmed" date="1997-07-05"/>
  </code>
  <code code="ECAT">
    <editdetail attribution="Reuters BIP Coding Group" action="confirmed" date="1997-07-05"/>
  </code>
  <code code="G15">
    <editdetail attribution="Reuters BIP Coding Group" action="confirmed" date="1997-07-05"/>
  </code>
  <code code="G151">
    <editdetail attribution="Reuters BIP Coding Group" action="confirmed" date="1997-07-05"/>
  </code>
  <code code="G154">
    <editdetail attribution="Reuters BIP Coding Group" action="confirmed" date="1997-07-05"/>
  </code>
  <code code="GCAT">
    <editdetail attribution="Reuters BIP Coding Group" action="confirmed" date="1997-07-05"/>
  </code>
  <code code="GJOB">
    <editdetail attribution="Reuters BIP Coding Group" action="confirmed" date="1997-07-05"/>
  </code>
</codes>
<dc element="dc.date.created" value="1997-07-05"/>
<dc element="dc.publisher" value="Reuters Holdings Plc"/>
<dc element="dc.date.published" value="1997-07-05"/>
<dc element="dc.source" value="Reuters"/>
<dc element="dc.creator.location" value="BONN"/>
<dc element="dc.creator.location.country.name" value="GERMANY"/>
<dc element="dc.source" value="Reuters"/>
</metadata>
</newsitem>
