<?xml version="1.0" encoding="iso-8859-1" ?>
<newsitem itemid="708956" id="root" date="1997-07-05" xml:lang="en">
<title>OMAN: Oman approves new $519.6 mln industrial bank.</title>
<headline>Oman approves new $519.6 mln industrial bank.</headline>
<dateline>MUSCAT 1997-07-05</dateline>
<text>
<p>Oman's Central Bank has approved the setting up of a new industrial bank with a paid capital of 200 million rials ($519.6 million), a newspaper reported on Saturday.</p>
<p>The Times of Oman said the new bank would be named The Industrial Bank of Oman which would finance industrial projects by providing working capital and long-term credit facilities.</p>
<p>The bank, a joint stock company, will also get involved in evaluating industrial projects, issuing shares and promissory notes and other services.</p>
<p>Sixty percent of the shares will be held by the founders and the balance will be offered on the Muscat Securities Exchange, the newspaper reported. It did not give a date for the offering.</p>
<p>($1 = 0.385 rial)</p>
</text>
<copyright>(c) Reuters Limited 1997</copyright>
<metadata>
<codes class="bip:countries:1.0">
  <code code="OMAN">
    <editdetail attribution="Reuters BIP Coding Group" action="confirmed" date="1997-07-05"/>
  </code>
</codes>
<codes class="bip:industries:1.0">
  <code code="I81402">
    <editdetail attribution="Reuters BIP Coding Group" action="confirmed" date="1997-07-05"/>
  </code>
</codes>
<codes class="bip:topics:1.0">
  <code code="C11">
    <editdetail attribution="Reuters BIP Coding Group" action="confirmed" date="1997-07-05"/>
  </code>
  <code code="C13">
    <editdetail attribution="Reuters BIP Coding Group" action="confirmed" date="1997-07-05"/>
  </code>
  <code code="CCAT">
    <editdetail attribution="Reuters BIP Coding Group" action="confirmed" date="1997-07-05"/>
  </code>
</codes>
<dc element="dc.date.created" value="1997-07-05"/>
<dc element="dc.publisher" value="Reuters Holdings Plc"/>
<dc element="dc.date.published" value="1997-07-05"/>
<dc element="dc.source" value="Reuters"/>
<dc element="dc.creator.location" value="MUSCAT"/>
<dc element="dc.creator.location.country.name" value="OMAN"/>
<dc element="dc.source" value="Reuters"/>
</metadata>
</newsitem>
