<?xml version="1.0" encoding="iso-8859-1" ?>
<newsitem itemid="708927" id="root" date="1997-07-05" xml:lang="en">
<title>CHINA: China-ruled Hong Kong to hold May 24 poll - paper.</title>
<headline>China-ruled Hong Kong to hold May 24 poll - paper.</headline>
<dateline>HONG KONG 1997-07-05</dateline>
<text>
<p>Hong Kong's leader Tung Chee-hwa has set May 24 as initial date for the first parliamentary elections under Chinese rule, a Hong Kong newspaper said on Saturday.</p>
<p>The Hong Kong Economic Times quoted sources as saying details of the election rules would be decided by Tung and his inner cabinet on Tuesday.</p>
<p>It was the first time a specific date had been mentioned for polls to return the first Legislative Council since Hong Kong reverted to Chinese rule at midnight on Monday.</p>
<p>Tung told Australian Foreign Minister Alexander Downer, who was in Hong Kong for the handover ceremony, last Sunday his administration would hold elections next May.</p>
<p>China disbanded an elected legislature when it took over the territory on July 1 and replaced it with an unelected interim assembly, chosen by a 400-strong China-controlled committee.</p>
<p>Tung's office was not immediately available for comment.</p>
<p>Western leaders and local pro-democracy campaigners have been pressing for early elections in China's new Special Administrative Region, promised autonomy with its capitalist lifestyle intact for 50 years.</p>
</text>
<copyright>(c) Reuters Limited 1997</copyright>
<metadata>
<codes class="bip:countries:1.0">
  <code code="CHINA">
    <editdetail attribution="Reuters BIP Coding Group" action="confirmed" date="1997-07-05"/>
  </code>
  <code code="HKONG">
    <editdetail attribution="Reuters BIP Coding Group" action="confirmed" date="1997-07-05"/>
  </code>
</codes>
<codes class="bip:topics:1.0">
  <code code="GCAT">
    <editdetail attribution="Reuters BIP Coding Group" action="confirmed" date="1997-07-05"/>
  </code>
  <code code="GPOL">
    <editdetail attribution="Reuters BIP Coding Group" action="confirmed" date="1997-07-05"/>
  </code>
  <code code="GVOTE">
    <editdetail attribution="Reuters BIP Coding Group" action="confirmed" date="1997-07-05"/>
  </code>
</codes>
<dc element="dc.date.created" value="1997-07-05"/>
<dc element="dc.publisher" value="Reuters Holdings Plc"/>
<dc element="dc.date.published" value="1997-07-05"/>
<dc element="dc.source" value="Reuters"/>
<dc element="dc.creator.location" value="HONG KONG"/>
<dc element="dc.creator.location.country.name" value="CHINA"/>
<dc element="dc.source" value="Reuters"/>
</metadata>
</newsitem>
