<?xml version="1.0" encoding="iso-8859-1" ?>
<newsitem itemid="708933" id="root" date="1997-07-05" xml:lang="en">
<title>INDONESIA: Indonesia denies ASEAN seeking help on Cambodia.</title>
<headline>Indonesia denies ASEAN seeking help on Cambodia.</headline>
<dateline>JAKARTA 1997-07-04</dateline>
<text>
<p>Indonesian Foreign Minister Ali Alatas said on Friday that the Association of Southeast Asian Nations (ASEAN) had not sought the help of Indonesia and France to defuse the political crisis in Cambodia.</p>
<p>Alatas said the crisis was an internal affair for Cambodia and it was not possible for France or Indonesia to interfere, the official Antara news agency reported.</p>
<p>&quot;It is impossible for Indonesia and France to step in as Cambodia is a sovereign country,&quot; he was quoted as saying. &quot;We must respect this sovereignty.&quot;</p>
<p>A Thai foreign ministry official said on Thursday that ASEAN ministers who were in Hong Kong earlier in the week for the territory's handover to China decided at an informal meeting to request Jakarta and Paris for help in the Cambodian crisis.</p>
<p>Political tension has been high in Cambodia over a long-running power struggle between the country's two prime ministers who head a deadlocked coalition government. Their feud has been inflamed in recent weeks with the unravelling of the Khmer Rouge guerrilla force.</p>
<p>France and Indonesia both played major roles in pushing Cambodia's warring factions towards the 1991 Paris peace accord that officially ended the country's civil war.</p>
<p>Alatas said the ministers did discuss Cambodia while they were in Hong Kong but added that the only decision taken was that ASEAN would offer technical assistance on preparations for general elections to be held there next year.</p>
<p>ASEAN groups Brunei, Indonesia, Malaysia, the Philippines, Singapore, Thailand and Vietnam. Burma, Cambodia and Laos are to join later this year.</p>
</text>
<copyright>(c) Reuters Limited 1997</copyright>
<metadata>
<codes class="bip:countries:1.0">
  <code code="ASEAN">
    <editdetail attribution="Reuters BIP Coding Group" action="confirmed" date="1997-07-05"/>
  </code>
  <code code="FRA">
    <editdetail attribution="Reuters BIP Coding Group" action="confirmed" date="1997-07-05"/>
  </code>
  <code code="INDON">
    <editdetail attribution="Reuters BIP Coding Group" action="confirmed" date="1997-07-05"/>
  </code>
  <code code="KAMPA">
    <editdetail attribution="Reuters BIP Coding Group" action="confirmed" date="1997-07-05"/>
  </code>
</codes>
<codes class="bip:topics:1.0">
  <code code="GCAT">
    <editdetail attribution="Reuters BIP Coding Group" action="confirmed" date="1997-07-05"/>
  </code>
  <code code="GDIP">
    <editdetail attribution="Reuters BIP Coding Group" action="confirmed" date="1997-07-05"/>
  </code>
  <code code="GVIO">
    <editdetail attribution="Reuters BIP Coding Group" action="confirmed" date="1997-07-05"/>
  </code>
</codes>
<dc element="dc.date.created" value="1997-07-04"/>
<dc element="dc.publisher" value="Reuters Holdings Plc"/>
<dc element="dc.date.published" value="1997-07-05"/>
<dc element="dc.source" value="Reuters"/>
<dc element="dc.creator.location" value="JAKARTA"/>
<dc element="dc.creator.location.country.name" value="INDONESIA"/>
<dc element="dc.source" value="Reuters"/>
</metadata>
</newsitem>
