<?xml version="1.0" encoding="iso-8859-1" ?>
<newsitem itemid="708968" id="root" date="1997-07-05" xml:lang="en">
<title>USA: Communication problem stops Mars rover deployment.</title>
<headline>Communication problem stops Mars rover deployment.</headline>
<byline>Steve James</byline>
<dateline>PASADENA, Calif. 1997-07-05</dateline>
<text>
<p>Space officials worked on Saturday to fix a communications problem with the Pathfinder spacecraft and salvage a $266 million scientific mission to Mars.</p>
<p>Unless the problem can be solved, mission control will be unable to deploy the Sojourner rover that was built to explore part of the Martian surface analysing rock and soil samples.</p>
<p>If full communications cannot be established, the rover will carry out some nominal pre-programmed tasks, but no scientific data can be relayed back to Earth, officials of the National Aeronautics and Space Administration (NASA) said.</p>
<p>The problem was also thwarting attempts to get the rover to roll down a ramp off the lander to the surface of Mars. The operation was held up because one of the airbags deployed to cushion Pathfiner's landing had not fully deflated.</p>
<p>The glitches overshadowed what had been a picture-book landing of Pathfinder on Friday after travelling 309 million miles (497 million km) since it blasted off from Cape Canaveral, Florida, on Dec. 4 last year.</p>
<p>Rover manager Jake Matijevic told reporters at NASA's Jet Propulsion Laboratory that the communications problem was essentially a software problem involving the modem linking Sojourner to the Pathfinder lander.</p>
<p>&quot;We believe the modem survived the landing,&quot; he said. &quot;Either communication works or it does not, but we have never seen anything like this.</p>
<p>&quot;Only the shortest frames of communications are getting through,&quot; he said, explaining that his team was sending short command sequences to try to reset the rover's system. But they would not know until later in the day if they were successful.</p>
<p>&quot;We have degraded communications -- only one syllable instead of full sentences,&quot; Brian Muirhead, flight system manager and deputy Pathfinder project manager, said. &quot;(But) I am confident we'll get to the bottom of the problem.&quot;</p>
<p>Until the communications problem is corrected, the $25 million rover remains sitting on the lander, unable to respond to signals to roll down the ramp onto the surface of Mars.</p>
<p>After two days, Matijevic said, Sojourner would begin to respond to pre-programmed signals. It would assess its position and condition and roll down the ramp to begin analysing rock samples. But mission control would not be able to direct it and any scientific data would not be transmitted back to Earth.</p>
<p>But Muirhead rejected suggestions that this would amount to a scientific failure for the first landing on Mars since the Viking mission 21 years ago. &quot;We're still 90 percent successful. The goal of the mission was to land a craft on Mars and send back images,&quot; he said.</p>
<p>&quot;Of course we'll be very disapointed,&quot; he said, when asked about the possibility of communications not being restored. &quot;We want to see the rover roll off.&quot;</p>
<p>His frustration was shared by project scientist Matt Golombek, who told reporters: &quot;There are all sorts of things out there we are dying to go look at.&quot;</p>
<p>If the rover performs only &quot;nominal operations,&quot; Sojourner will move only 3-5 yards (metres) from the lander. &quot;It can go on for some time, but the only information we could get back would be the imaging,&quot; Matijevic said.</p>
<p>The images Pathfinder has already sent back to Earth were spectacular, however. Peter Smith, head of the imaging team, said Pathfinder landed in the area known as Ares Vallis, about 2-3 miles (3-4 km) from a large crater.</p>
<p>Pointing out rocks and other objects on computer-enhanced pictures, including one peak on the horizon about 20 miles (32 km) away, Smith brought laughs from the audience when he noted one curiously shaped image.</p>
<p>&quot;The most mysterious object looks like a couch,&quot; he said, joking that maybe there was a homeless person on Mars.</p>
<p>At first his colleagues thought it was the parachute that had helped bring Pathfinder through the Martian atmosphere, he said, but that was brightly coloured and this object was not.</p>
</text>
<copyright>(c) Reuters Limited 1997</copyright>
<metadata>
<codes class="bip:countries:1.0">
  <code code="USA">
    <editdetail attribution="Reuters BIP Coding Group" action="confirmed" date="1997-07-05"/>
  </code>
</codes>
<codes class="bip:topics:1.0">
  <code code="GCAT">
    <editdetail attribution="Reuters BIP Coding Group" action="confirmed" date="1997-07-05"/>
  </code>
  <code code="GSCI">
    <editdetail attribution="Reuters BIP Coding Group" action="confirmed" date="1997-07-05"/>
  </code>
</codes>
<dc element="dc.date.created" value="1997-07-05"/>
<dc element="dc.publisher" value="Reuters Holdings Plc"/>
<dc element="dc.date.published" value="1997-07-05"/>
<dc element="dc.source" value="Reuters"/>
<dc element="dc.creator.location" value="PASADENA, Calif."/>
<dc element="dc.creator.location.country.name" value="USA"/>
<dc element="dc.source" value="Reuters"/>
</metadata>
</newsitem>
