<?xml version="1.0" encoding="iso-8859-1" ?>
<newsitem itemid="708903" id="root" date="1997-07-05" xml:lang="en">
<title>MALAYSIA: Malaysia May trade balance 156.8 mln rgt surplus.</title>
<headline>Malaysia May trade balance 156.8 mln rgt surplus.</headline>
<dateline>KUALA LUMPUR 1997-07-05</dateline>
<text>
<p>Malaysia had a trade surplus of 156.8 million ringgit in May against a deficit of 2.12 billion in April, Acting Prime Minister Anwar Ibrahim was quoted as saying on Saturday by the Bernama news agency.  </p>
<p>In the first five months of the year,  the country's trade balance was a surplus of 49.1 million ringgit against a deficit of 1.37 billion in the corresponding period of 1996, said Anwar, who is also Finance Minister.</p>
<p>He was speaking to reporters after a meeting of his ruling United Malays National Organisation party's supreme council.</p>
<p>Anwar did not give the breakdown of exports and imports.</p>
</text>
<copyright>(c) Reuters Limited 1997</copyright>
<metadata>
<codes class="bip:countries:1.0">
  <code code="MALAY">
    <editdetail attribution="Reuters BIP Coding Group" action="confirmed" date="1997-07-05"/>
  </code>
</codes>
<codes class="bip:topics:1.0">
  <code code="E51">
    <editdetail attribution="Reuters BIP Coding Group" action="confirmed" date="1997-07-05"/>
  </code>
  <code code="E512">
    <editdetail attribution="Reuters BIP Coding Group" action="confirmed" date="1997-07-05"/>
  </code>
  <code code="ECAT">
    <editdetail attribution="Reuters BIP Coding Group" action="confirmed" date="1997-07-05"/>
  </code>
</codes>
<dc element="dc.date.created" value="1997-07-05"/>
<dc element="dc.publisher" value="Reuters Holdings Plc"/>
<dc element="dc.date.published" value="1997-07-05"/>
<dc element="dc.source" value="Reuters"/>
<dc element="dc.creator.location" value="KUALA LUMPUR"/>
<dc element="dc.creator.location.country.name" value="MALAYSIA"/>
<dc element="dc.source" value="Reuters"/>
</metadata>
</newsitem>
