<?xml version="1.0" encoding="iso-8859-1" ?>
<newsitem itemid="708913" id="root" date="1997-07-05" xml:lang="en">
<title>PHILIPPINES: Seven die in rebel attack in Philippines - army.</title>
<headline>Seven die in rebel attack in Philippines - army.</headline>
<dateline>COTABATO, Philippines 1997-07-05</dateline>
<text>
<p>Seven Moslem rebels died when guerrillas on Saturday attacked an army camp in renewed fighting in the southern Philippines, the military said.</p>
<p>Three civilians, two soldiers and a rebel, were wounded after 150 Moro Islamic Liberation Front (MILF) guerillas attacked the camp in Pagalungan town, Maguindanao province, it said.</p>
<p>The army report on rebel losses could not be immediately confirmed from independent sources.</p>
<p>The army used jet bombers and a rocket-firing helicopter gunship to repel the attack, deputy southern military commander Brigadier-General Ronnie Benedicto told reporters.</p>
<p>It was the first clash between the two sides since the MILF last week cancelled cease-fire talks with a government panel after a nine-day fighting in which the military said it killed more than 70 rebels while losing seven dead.</p>
<p>About 1,000 residents hid in townhalls on Saturday to escape the new round of fighting, military reports said.</p>
<p>More than 30,000 civilians fled their villages in the previous fighting but the military said several hundred families had trickled back to their homes.</p>
<p>The MILF, with an estimated 8,000 armed fighters, is battling for independence for Mindanao, the ancestral Moslem homeland in the predominantly Christian country.</p>
</text>
<copyright>(c) Reuters Limited 1997</copyright>
<metadata>
<codes class="bip:countries:1.0">
  <code code="PHLNS">
    <editdetail attribution="Reuters BIP Coding Group" action="confirmed" date="1997-07-05"/>
  </code>
</codes>
<codes class="bip:topics:1.0">
  <code code="GCAT">
    <editdetail attribution="Reuters BIP Coding Group" action="confirmed" date="1997-07-05"/>
  </code>
  <code code="GVIO">
    <editdetail attribution="Reuters BIP Coding Group" action="confirmed" date="1997-07-05"/>
  </code>
</codes>
<dc element="dc.date.created" value="1997-07-05"/>
<dc element="dc.publisher" value="Reuters Holdings Plc"/>
<dc element="dc.date.published" value="1997-07-05"/>
<dc element="dc.source" value="Reuters"/>
<dc element="dc.creator.location" value="COTABATO, Philippines"/>
<dc element="dc.creator.location.country.name" value="PHILIPPINES"/>
<dc element="dc.source" value="Reuters"/>
</metadata>
</newsitem>
