<?xml version="1.0" encoding="iso-8859-1" ?>
<newsitem itemid="708975" id="root" date="1997-07-05" xml:lang="en">
<title>USA: NASA restores communications link with Mars rover.</title>
<headline>NASA restores communications link with Mars rover.</headline>
<dateline>PASADENA, Calif. 1997-07-05</dateline>
<text>
<p>Communications were restored on Saturday between the Pathfinder space craft and the Mars rover that will analyze the rocks and soil of the Red Planet.</p>
<p>The announcement by rover coordinator Matt Wallace brought cheers of relief from mission control staff here after more than 12 hours of nail-biting efforts to make contact with the rover Sojourner on the planet's surface and salvage the scientific aspects of the $266-million project.  </p>
<p>&quot;This is just fantastic news. I feel like we have been invited back to the party,&quot; Wallace said, in explaining that signals had been received from rover via the Pathfiner lander.</p>
<p>Earlier in the day, officials of the National Aeronautics and Space Administration said that communications between Sojourner and the lander were virtually dead as a result of a software problem.</p>
<p>But after recycling the modem, the six-wheeled rover was now able to communicate with the lander and in turn with Earth, Wallace said.</p>
<p>The rover was next scheduled to follow instructions and roll down the ramp onto the surface of Mars later on Saturday.</p>
</text>
<copyright>(c) Reuters Limited 1997</copyright>
<metadata>
<codes class="bip:countries:1.0">
  <code code="USA">
    <editdetail attribution="Reuters BIP Coding Group" action="confirmed" date="1997-07-05"/>
  </code>
</codes>
<codes class="bip:topics:1.0">
  <code code="GCAT">
    <editdetail attribution="Reuters BIP Coding Group" action="confirmed" date="1997-07-05"/>
  </code>
  <code code="GSCI">
    <editdetail attribution="Reuters BIP Coding Group" action="confirmed" date="1997-07-05"/>
  </code>
</codes>
<dc element="dc.date.created" value="1997-07-05"/>
<dc element="dc.publisher" value="Reuters Holdings Plc"/>
<dc element="dc.date.published" value="1997-07-05"/>
<dc element="dc.source" value="Reuters"/>
<dc element="dc.creator.location" value="PASADENA, Calif."/>
<dc element="dc.creator.location.country.name" value="USA"/>
<dc element="dc.source" value="Reuters"/>
</metadata>
</newsitem>
