<?xml version="1.0" encoding="iso-8859-1" ?>
<newsitem itemid="709016" id="root" date="1997-07-05" xml:lang="en">
<title>NETHERLANDS: Dutch Jews demand return of war savings - paper.</title>
<headline>Dutch Jews demand return of war savings - paper.</headline>
<dateline>AMSTERDAM 1997-07-05</dateline>
<text>
<p>Jewish interest group Federatief Joods Nederland is calling on the Dutch government to return savings to the heirs of Dutch Jews killed during World War Two, the Algemeen Dagblad newspaper reported on Saturday.</p>
<p>Representatives of Dutch-based Jewish organisations were not available for comment on Saturday due to the Jewish Sabbath.</p>
<p>The newspaper said the organisation was representing four heirs in claims against the Dutch state and the Postbank, a descendent of the Rijkspostspaarbank, and expected to bring many The paper said bank accounts had lapsed without heirs to the funds being satisfactorily traced.</p>
</text>
<copyright>(c) Reuters Limited 1997</copyright>
<metadata>
<codes class="bip:countries:1.0">
  <code code="NETH">
    <editdetail attribution="Reuters BIP Coding Group" action="confirmed" date="1997-07-05"/>
  </code>
</codes>
<codes class="bip:topics:1.0">
  <code code="GCAT">
    <editdetail attribution="Reuters BIP Coding Group" action="confirmed" date="1997-07-05"/>
  </code>
  <code code="GPOL">
    <editdetail attribution="Reuters BIP Coding Group" action="confirmed" date="1997-07-05"/>
  </code>
</codes>
<dc element="dc.date.created" value="1997-07-05"/>
<dc element="dc.publisher" value="Reuters Holdings Plc"/>
<dc element="dc.date.published" value="1997-07-05"/>
<dc element="dc.source" value="Reuters"/>
<dc element="dc.creator.location" value="AMSTERDAM"/>
<dc element="dc.creator.location.country.name" value="NETHERLANDS"/>
<dc element="dc.source" value="Reuters"/>
</metadata>
</newsitem>
