<?xml version="1.0" encoding="iso-8859-1" ?>
<newsitem itemid="709060" id="root" date="1997-07-05" xml:lang="en">
<title>PAKISTAN: Gunmen kill three in Karachi - police.</title>
<headline>Gunmen kill three in Karachi - police.</headline>
<dateline>KARACHI, Pakistan 1997-07-05</dateline>
<text>
<p>Gunmen killed the managing director of Karachi Electric Supply Corporation, his driver and guard in Karachi on Saturday, police said.</p>
<p>They said KESC managing director Shahid Hamid's vehicle was attacked by armed men when he was on his way to his office in southern Defence Housing Society area.  </p>
<p>Police said the assailants were riding a motorcycle.</p>
<p>Hamid and his driver were killed on the spot, while the guard died in hospital.</p>
<p>No further details were immediately available and there was no claim of responsibility for the attack.</p>
<p>More than 150 people have been killed in political violence in the southern Pakistani city in the past four months, police say.</p>
</text>
<copyright>(c) Reuters Limited 1997</copyright>
<metadata>
<codes class="bip:countries:1.0">
  <code code="PAKIS">
    <editdetail attribution="Reuters BIP Coding Group" action="confirmed" date="1997-07-05"/>
  </code>
</codes>
<codes class="bip:industries:1.0">
  <code code="I16100">
    <editdetail attribution="Reuters BIP Coding Group" action="confirmed" date="1997-07-05"/>
  </code>
</codes>
<codes class="bip:topics:1.0">
  <code code="C41">
    <editdetail attribution="Reuters BIP Coding Group" action="confirmed" date="1997-07-05"/>
  </code>
  <code code="CCAT">
    <editdetail attribution="Reuters BIP Coding Group" action="confirmed" date="1997-07-05"/>
  </code>
  <code code="GCAT">
    <editdetail attribution="Reuters BIP Coding Group" action="confirmed" date="1997-07-05"/>
  </code>
  <code code="GVIO">
    <editdetail attribution="Reuters BIP Coding Group" action="confirmed" date="1997-07-05"/>
  </code>
</codes>
<dc element="dc.date.created" value="1997-07-05"/>
<dc element="dc.publisher" value="Reuters Holdings Plc"/>
<dc element="dc.date.published" value="1997-07-05"/>
<dc element="dc.source" value="Reuters"/>
<dc element="dc.creator.location" value="KARACHI, Pakistan"/>
<dc element="dc.creator.location.country.name" value="PAKISTAN"/>
<dc element="dc.source" value="Reuters"/>
</metadata>
</newsitem>
