<?xml version="1.0" encoding="iso-8859-1" ?>
<newsitem itemid="709024" id="root" date="1997-07-05" xml:lang="en">
<title>PAKISTAN: PRESS DIGEST - PAKISTAN - JULY 5.</title>
<headline>PRESS DIGEST - PAKISTAN - JULY 5.</headline>
<text>
<p>These are the leading stories in the Pakistani press on Saturday. Reuters has not verified these stories and does not vouch for their accuracy.</p>
<p>THE NATION</p>
<p>- A Sunni teacher and a Shi'ite leader and his servant were shot dead in Lahore.</p>
<p>- Prime Minister Nawaz Sharif has allowed four of his party provincial assembly members to join the coalition government in Balochistan.</p>
<p>- A High Court has directed the government to produce before it a journalist detained by an intelligence agency in Islamabad last week.</p>
<p>THE NEWS</p>
<p>- Legislators of the opposition Pakistan People's Party threatened to boycott the proceedings of parliament in protest at alleged bulldozing of legislation by the government.</p>
<p>- The government is considering a proposal to offer loans of 200,000 rupees each at 14 percent interest to surplus employees to enable them to set up up micro-enterprises.</p>
<p>DAWN</p>
<p>- Following Punjab province's lead, Sindh province has rejected federal government recommendations on police reforms, obstructing the prime minister's drive for reform.</p>
<p>- Riots between two sectarian groups broke out in Darya Khan, a southern town of central province of Punjab, after the killing of an activist of Shi'ite militant Tehrik-i-Jafria Pakistan and his servant.</p>
<p>- Defence lawyers of Mir Aimal Kansi on Thursday urged a court in Fairfax, Virginia, where he is to be tried for his alleged part in a 1993 shooting outside CIA headquarters, to order the prosecution to hand over copies of all evidence, statements and confessions to the defence by July 9.</p>
<p>- Four people including a Pakistan People's Party worker, were killed in violence in Karachi.</p>
<p>- The apex comittee on recovery of stuck-up loans has decided to extend by two months the deadline for reaching agreements for the settlement of loan defaulters.</p>
<p>- Despite the recommendation of the State (central) Bank of Pakistan the Finance Ministry has so far not increased the yield on medium- and long-term federal investment bonds.</p>
<p>- Gold prices fell to a year-low level at 4,415 rupees per 10 gram on the bullion market on heavy local selling triggered by steep decline in world rates owing to a global glut.</p>
<p>- Consolidated Electric Power Asia Ltd has denied having received any notice from the government or WAPDA terminating the 1,320 megawatt Keti Bandar Power project.</p>
<p>BUSINESS RECORDER</p>
<p>- The Oil and Gas Development Corporation (OGDC) has started deep sea gas exploration work at Pasni and other parts of Balochistan province.</p>
<p>- The State Bank of Pakistan has embarked upon a crash programme of automation and skill improvement in the payment system.</p>
<p>- Seperate courts are in the offing to deal with loan defaulters, central bank Governor Muhammad Yaqub said.</p>
<p>-- Islamabad newsroom 9221-274757</p>
</text>
<copyright>(c) Reuters Limited 1997</copyright>
<metadata>
<codes class="bip:countries:1.0">
  <code code="PAKIS">
    <editdetail attribution="Reuters BIP Coding Group" action="confirmed" date="1997-07-05"/>
  </code>
</codes>
<codes class="bip:topics:1.0">
  <code code="GCAT">
    <editdetail attribution="Reuters BIP Coding Group" action="confirmed" date="1997-07-05"/>
  </code>
</codes>
<dc element="dc.publisher" value="Reuters Holdings Plc"/>
<dc element="dc.date.published" value="1997-07-05"/>
<dc element="dc.source" value="Reuters"/>
<dc element="dc.creator.location.country.name" value="PAKISTAN"/>
<dc element="dc.source" value="Reuters"/>
</metadata>
</newsitem>
