<?xml version="1.0" encoding="iso-8859-1" ?>
<newsitem itemid="709004" id="root" date="1997-07-05" xml:lang="en">
<title>GERMANY: Kinkel expects compromise on NATO expansion.</title>
<headline>Kinkel expects compromise on NATO expansion.</headline>
<byline>Erik Kirschbaum</byline>
<dateline>BONN 1997-07-05</dateline>
<text>
<p>German Foreign Minister Klaus Kinkel said on Saturday NATO would have to compromise at its Madrid summit between the U.S. view that only three new members should be admitted and a European lobby for five.</p>
<p>Kinkel told SFB radio the U.S. position was by no means the final word on the issue.</p>
<p>&quot;We have to find a compromise between the massive support for five new members and the massive position of the Americans,&quot; Kinkel said. &quot;Naturally, America's word carries weight. But a preliminary decision has not yet been made.&quot;</p>
<p>Kinkel said Germany, which has stayed officially noncommital on the size of the eastern enlargement, was heading to the July 8-9 Madrid summit with an open mind and would not let itself be pushed around for the &quot;wrong reasons&quot; by the &quot;wrong side&quot;. He did not say which side he thought was &quot;wrong&quot;.</p>
<p>Kinkel has said that three, four or five former Warsaw Pact nations could be added in the first wave of enlargement while German Defence Minister Volker Ruehe has expressed a preference for three.</p>
<p>Poland, Hungary and the Czech Republic are expected to be invited to join the North Atlantic Treaty Organisation at the summit.</p>
<p>While the United States wants to limit the first enlargement to those three, many European NATO members want Slovenia and Romania included.</p>
<p>&quot;As an important country, we have considered very carefully our position,&quot; Kinkel said. &quot;It is no secret that Volker Ruehe is in favour of three new members because of military reasons. I can understand that.</p>
<p>&quot;But the decision on which countries join NATO is primarily a political decision,&quot; he added.</p>
<p>President Bill Clinton has said only the three are currently ready for membership, but pledged to leave open the door to other central and eastern European states to join at a later date.</p>
<p>NATO Secretary-General Javier Solana said in Madrid on Saturday he could not yet set a firm timetable for future expansion of the alliance.</p>
<p>&quot;There is no commitment, not today, maybe tomorrow. There will be another summit in 1999 to evaluate it,&quot; he told reporters.</p>
<p>Solana said NATO members had not yet reached a consensus on whether to include three, four or five former Soviet allies, but added he was confident a compromise would be found.</p>
<p>NATO says only countries with a mixed economy and a functioning democracy, including democratic control of the armed forces, and with no disputes with neighbouring states can even be considered.</p>
<p>Supporters of enlargement say even a limited expansion will erase forever the artificial division of Europe created by the Cold War and inaugurate a new era of European security with NATO at its centre.</p>
<p>German Chancellor Helmut Kohl last week said he supported Romania's bid to join NATO soon, but said he believed the decision on how many countries join the alliance should be made by all 16 NATO members in Madrid.</p>
<p>In a separate interview with SDR radio to be broadcast on Sunday, the foreign policy spokesman of Kohl's Christian Democrats, Rudolf Seiters, said he expected that the United States' position would prevail in Madrid.</p>
</text>
<copyright>(c) Reuters Limited 1997</copyright>
<metadata>
<codes class="bip:countries:1.0">
  <code code="CZREP">
    <editdetail attribution="Reuters BIP Coding Group" action="confirmed" date="1997-07-05"/>
  </code>
  <code code="GFR">
    <editdetail attribution="Reuters BIP Coding Group" action="confirmed" date="1997-07-05"/>
  </code>
  <code code="HUNG">
    <editdetail attribution="Reuters BIP Coding Group" action="confirmed" date="1997-07-05"/>
  </code>
  <code code="NATO">
    <editdetail attribution="Reuters BIP Coding Group" action="confirmed" date="1997-07-05"/>
  </code>
  <code code="POL">
    <editdetail attribution="Reuters BIP Coding Group" action="confirmed" date="1997-07-05"/>
  </code>
  <code code="ROM">
    <editdetail attribution="Reuters BIP Coding Group" action="confirmed" date="1997-07-05"/>
  </code>
  <code code="SLVNIA">
    <editdetail attribution="Reuters BIP Coding Group" action="confirmed" date="1997-07-05"/>
  </code>
  <code code="SPAIN">
    <editdetail attribution="Reuters BIP Coding Group" action="confirmed" date="1997-07-05"/>
  </code>
  <code code="USA">
    <editdetail attribution="Reuters BIP Coding Group" action="confirmed" date="1997-07-05"/>
  </code>
</codes>
<codes class="bip:topics:1.0">
  <code code="GCAT">
    <editdetail attribution="Reuters BIP Coding Group" action="confirmed" date="1997-07-05"/>
  </code>
  <code code="GDEF">
    <editdetail attribution="Reuters BIP Coding Group" action="confirmed" date="1997-07-05"/>
  </code>
  <code code="GDIP">
    <editdetail attribution="Reuters BIP Coding Group" action="confirmed" date="1997-07-05"/>
  </code>
</codes>
<dc element="dc.date.created" value="1997-07-05"/>
<dc element="dc.publisher" value="Reuters Holdings Plc"/>
<dc element="dc.date.published" value="1997-07-05"/>
<dc element="dc.source" value="Reuters"/>
<dc element="dc.creator.location" value="BONN"/>
<dc element="dc.creator.location.country.name" value="GERMANY"/>
<dc element="dc.source" value="Reuters"/>
</metadata>
</newsitem>
