<?xml version="1.0" encoding="iso-8859-1" ?>
<newsitem itemid="709027" id="root" date="1997-07-05" xml:lang="en">
<title>PAKISTAN: At least 20 killed in Pakistani bus crash.</title>
<headline>At least 20 killed in Pakistani bus crash.</headline>
<dateline>ISLAMABAD 1997-07-05</dateline>
<text>
<p>At least 20 people were killed when a bus plunged into a ravine at Lotor in northern Pakistan on Saturday, the official news agency APP reported.</p>
<p>It said the bus was travelling from Skardu, about 290 km (180 miles) northeast of Islamabad, to the Pakistani capital's sister city Rawalpindi with 21 passengers on board.</p>
<p>More passengers boarded the bus en route and APP said the death toll could rise. It had no word on the number of injured in the accident.</p>
</text>
<copyright>(c) Reuters Limited 1997</copyright>
<metadata>
<codes class="bip:countries:1.0">
  <code code="PAKIS">
    <editdetail attribution="Reuters BIP Coding Group" action="confirmed" date="1997-07-05"/>
  </code>
</codes>
<codes class="bip:topics:1.0">
  <code code="GCAT">
    <editdetail attribution="Reuters BIP Coding Group" action="confirmed" date="1997-07-05"/>
  </code>
  <code code="GDIS">
    <editdetail attribution="Reuters BIP Coding Group" action="confirmed" date="1997-07-05"/>
  </code>
</codes>
<dc element="dc.date.created" value="1997-07-05"/>
<dc element="dc.publisher" value="Reuters Holdings Plc"/>
<dc element="dc.date.published" value="1997-07-05"/>
<dc element="dc.source" value="Reuters"/>
<dc element="dc.creator.location" value="ISLAMABAD"/>
<dc element="dc.creator.location.country.name" value="PAKISTAN"/>
<dc element="dc.source" value="Reuters"/>
</metadata>
</newsitem>
