<?xml version="1.0" encoding="iso-8859-1" ?>
<newsitem itemid="709012" id="root" date="1997-07-05" xml:lang="en">
<title>GERMANY: Kohl says Germany will pull out stops to reach EMU.</title>
<headline>Kohl says Germany will pull out stops to reach EMU.</headline>
<dateline>BONN 1997-07-05</dateline>
<text>
<p>Chancellor Helmut Kohl said on Saturday Germany would do everything it could to meet the criteria for European economic and monetary union (EMU).</p>
<p>Kohl, according to the text of a speech he was to deliver to a farmers' association in the southern town of Bockenheim, said EMU was an important step en route to political union in the EU. He said delay in the single currency launch would endanger the integration process in Europe.  </p>
<p>&quot;We have to take advantage of the historical chance we have with the introduction of the euro,&quot; Kohl said. &quot;The federal government will do everything it can to fulfil the stability criteria as outlined in the Maastricht Treaty.&quot;</p>
<p>Kohl added: &quot;We need EMU as a step on the way to political union.&quot;</p>
<p>He said delaying the euro's launch from its scheduled start in 1999 would endanger the integration process and harm German exporters.</p>
<p>&quot;To delay the question of the euro would endanger what we have achieved so far in the European integration process and would also cause great difficulties for the German export economy,&quot; Kohl said.</p>
<p>--Bonn newsroom, 49 228 260 97160</p>
</text>
<copyright>(c) Reuters Limited 1997</copyright>
<metadata>
<codes class="bip:countries:1.0">
  <code code="EEC">
    <editdetail attribution="Reuters BIP Coding Group" action="confirmed" date="1997-07-05"/>
  </code>
  <code code="GFR">
    <editdetail attribution="Reuters BIP Coding Group" action="confirmed" date="1997-07-05"/>
  </code>
</codes>
<codes class="bip:topics:1.0">
  <code code="E12">
    <editdetail attribution="Reuters BIP Coding Group" action="confirmed" date="1997-07-05"/>
  </code>
  <code code="ECAT">
    <editdetail attribution="Reuters BIP Coding Group" action="confirmed" date="1997-07-05"/>
  </code>
  <code code="G15">
    <editdetail attribution="Reuters BIP Coding Group" action="confirmed" date="1997-07-05"/>
  </code>
  <code code="G154">
    <editdetail attribution="Reuters BIP Coding Group" action="confirmed" date="1997-07-05"/>
  </code>
  <code code="GCAT">
    <editdetail attribution="Reuters BIP Coding Group" action="confirmed" date="1997-07-05"/>
  </code>
</codes>
<dc element="dc.date.created" value="1997-07-05"/>
<dc element="dc.publisher" value="Reuters Holdings Plc"/>
<dc element="dc.date.published" value="1997-07-05"/>
<dc element="dc.source" value="Reuters"/>
<dc element="dc.creator.location" value="BONN"/>
<dc element="dc.creator.location.country.name" value="GERMANY"/>
<dc element="dc.source" value="Reuters"/>
</metadata>
</newsitem>
