<?xml version="1.0" encoding="iso-8859-1" ?>
<newsitem itemid="483699" id="root" date="1997-04-03" xml:lang="en">
<title>SPAIN: soccer-TWO PLAYERS DESERT ALBANIA UNDER-21 TEAM - COACH.</title>
<headline>soccer-TWO PLAYERS DESERT ALBANIA UNDER-21 TEAM - COACH.</headline>
<byline>Richard Bastin</byline>
<dateline>GRANADA, Spain 1997-04-03</dateline>
<text>
<p>The coach of Albania's under-21 soccer squad said on Thursday at least two players had abandoned the team in Spain and were heading for Germany with hopes of playing in Frankfurt.</p>
<p>Other team members said they might leave the squad as well and seek asylum outside their country.</p>
<p>The team had to play two matches in southern Spain after political unrest in Albania forced the games to be moved from home venues.</p>
<p>Coach Suleiman Mema told Reuters that team members were deserting because &quot;under the circumstances, they know they can't play football right now in Albania&quot;.</p>
<p>Two players planned to try to play for a Frankfurt team, he said.</p>
<p>The under-21 squad, which was in Granada together with Albania's national team, was scheduled to fly home to Tirana sometime on Thursday.</p>
<p>One player, Zeka Kresnic, said he and many of his teammates might decide not to go home and instead try to sign with soccer clubs in Spain or other European countries.</p>
<p>&quot;We still don't know what we will do,&quot; he said.</p>
<p>Media reports said some of the players had contacted Spanish human rights groups.</p>
<p>A Foreign Ministry spokesman said the government had not received any asylum requests from the Albanians.</p>
<p>Albanian soccer officials decided late last month to move two of the national team's home matches and two of the under-21 squad's games to Spain to protect players and fans from the anarchy sweeping the Balkan state.</p>
<p>The national team, which had World Cup European group qualifier matches in Granada against Ukraine and Germany, was drawn from Albanians playing for clubs outside their own country, mostly in Greece, Germany, Slovenia, Croatia, Romania and Malta.</p>
<p>The under-21 squad was assembled from teams in the Albanian soccer league.</p>
<p>Eduard Dervishi, general secretary of the Albanian Soccer Federation, said he knew nothing about the players' plans but noted that &quot;because there is no football being played in Albania it is probable they will want to play elsewhere&quot;.</p>
<p>Asked about Kresnic's comments, national team coach Haafizi Astrit said: &quot;It's none of my business.&quot;</p>
<p>Albania's under-21 team fared poorly in its Spanish matches, losing 0-4 to Germany on Tuesday and 0-3 against Ukraine last Saturday.</p>
<p>Albania's national team also suffered two defeats. It was beaten 2-3 by Germany on Wednesday and 0-1 by Ukraine last Saturday.</p>
</text>
<copyright>(c) Reuters Limited 1997</copyright>
<metadata>
<codes class="bip:countries:1.0">
  <code code="ALB">
    <editdetail attribution="Reuters BIP Coding Group" action="confirmed" date="1997-04-03"/>
  </code>
  <code code="GFR">
    <editdetail attribution="Reuters BIP Coding Group" action="confirmed" date="1997-04-03"/>
  </code>
  <code code="SPAIN">
    <editdetail attribution="Reuters BIP Coding Group" action="confirmed" date="1997-04-03"/>
  </code>
</codes>
<codes class="bip:topics:1.0">
  <code code="GCAT">
    <editdetail attribution="Reuters BIP Coding Group" action="confirmed" date="1997-04-03"/>
  </code>
  <code code="GSPO">
    <editdetail attribution="Reuters BIP Coding Group" action="confirmed" date="1997-04-03"/>
  </code>
</codes>
<dc element="dc.date.created" value="1997-04-03"/>
<dc element="dc.publisher" value="Reuters Holdings Plc"/>
<dc element="dc.date.published" value="1997-04-03"/>
<dc element="dc.source" value="Reuters"/>
<dc element="dc.creator.location" value="GRANADA, Spain"/>
<dc element="dc.creator.location.country.name" value="SPAIN"/>
<dc element="dc.source" value="Reuters"/>
</metadata>
</newsitem>
