<?xml version="1.0" encoding="iso-8859-1" ?>
<newsitem itemid="483781" id="root" date="1997-04-03" xml:lang="en">
<title>ROMANIA: RADIO ROMANIA AFTERNOON HEADLINES AT 1 PM.</title>
<headline>RADIO ROMANIA AFTERNOON HEADLINES AT 1 PM.</headline>
<dateline>BUCHAREST 1997-04-03</dateline>
<text>
<p>Radio Romania news headlines:</p>
<p>* Petre Roman, speaker of the upper house, the Senate, confirmed that the boards of state-run commercial banks will also include persons with official political affiliation.</p>
<p>* The Romanian government observes the minorities' rights, said Max Van der Stoel, High Commissioner of the Organisation for Security and Cooperation in Europe, after meeting Ion Diaconescu, chairman of the lower Chamber of Deputies.</p>
<p>* Integration Minister Alexandru Herlea will lobby for Romania's quick admission to NATO during a six-day visit to Washington.</p>
<p>* More than 75 percent of Romanians favour the country's quick admmission to NATO, according to a survey released on Thursday. -- Bucharest Newsroom 40-1 3120264</p>
</text>
<copyright>(c) Reuters Limited 1997</copyright>
<metadata>
<codes class="bip:countries:1.0">
  <code code="ROM">
    <editdetail attribution="Reuters BIP Coding Group" action="confirmed" date="1997-04-03"/>
  </code>
</codes>
<codes class="bip:topics:1.0">
  <code code="GCAT">
    <editdetail attribution="Reuters BIP Coding Group" action="confirmed" date="1997-04-03"/>
  </code>
</codes>
<dc element="dc.date.created" value="1997-04-03"/>
<dc element="dc.publisher" value="Reuters Holdings Plc"/>
<dc element="dc.date.published" value="1997-04-03"/>
<dc element="dc.source" value="Reuters"/>
<dc element="dc.creator.location" value="BUCHAREST"/>
<dc element="dc.creator.location.country.name" value="ROMANIA"/>
<dc element="dc.source" value="Reuters"/>
</metadata>
</newsitem>
