<?xml version="1.0" encoding="iso-8859-1" ?>
<newsitem itemid="483715" id="root" date="1997-04-03" xml:lang="en">
<title>CZECH REPUBLIC: SOCCER-CZECHS PUT ON BRAVE FACE DESPITE LOSS.</title>
<headline>SOCCER-CZECHS PUT ON BRAVE FACE DESPITE LOSS.</headline>
<byline>Alan Crosby</byline>
<dateline>PRAGUE 1997-04-03</dateline>
<text>
<p>Czech soccer put on a brave face on Thursday following a crucial World Cup qualifier loss to Yugoslavia, invoking the run-up to last year's European championship as proof the country can bounce back.</p>
<p>The Czechs lost 2-1 to Yugoslavia on Wednesday. A last minute goal from Aston Villa's Savo Milosevic severely damaged Czech hopes of qualifying for France in 1998.</p>
<p>With only four points from four games the beaten Euro 96 finalists are on the brink of elimination. Yugoslavia have 15 points from six matches, one fewer than group leaders Spain while Slovakia are third on 12 points.</p>
<p>Only the top team in each group is guaranteed a spot in the World Cup.</p>
<p>But Czech coach Dusan Uhrin said the Czechs have been down this road before following a demoralising loss to Luxembourg in the Euro 96 qualifying round, only to storm back by beating Norway and the Netherlands to win the group.</p>
<p>&quot;After the loss to Luxembourg, it looked like the end and that we could not qualify but in the end we all know what happened,&quot; Uhrin said.</p>
<p>What clearly is not happening for the Czechs is goal-scoring.</p>
<p>At Euro 96, they scored goals at key moments while their opponents faltered. Now the boot is on the other foot.</p>
<p>&quot;We will have to work for a miracle,&quot; Kaiserslautern striker Pavel Kuka said after the defeat.</p>
<p>Striker Martin Frydek said: &quot;We have to fight to the end just like last year but to move on it will take a lot of luck.&quot;</p>
</text>
<copyright>(c) Reuters Limited 1997</copyright>
<metadata>
<codes class="bip:countries:1.0">
  <code code="CZREP">
    <editdetail attribution="Reuters BIP Coding Group" action="confirmed" date="1997-04-03"/>
  </code>
  <code code="YUG">
    <editdetail attribution="Reuters BIP Coding Group" action="confirmed" date="1997-04-03"/>
  </code>
</codes>
<codes class="bip:topics:1.0">
  <code code="GCAT">
    <editdetail attribution="Reuters BIP Coding Group" action="confirmed" date="1997-04-03"/>
  </code>
  <code code="GSPO">
    <editdetail attribution="Reuters BIP Coding Group" action="confirmed" date="1997-04-03"/>
  </code>
</codes>
<dc element="dc.date.created" value="1997-04-03"/>
<dc element="dc.publisher" value="Reuters Holdings Plc"/>
<dc element="dc.date.published" value="1997-04-03"/>
<dc element="dc.source" value="Reuters"/>
<dc element="dc.creator.location" value="PRAGUE"/>
<dc element="dc.creator.location.country.name" value="CZECH REPUBLIC"/>
<dc element="dc.source" value="Reuters"/>
</metadata>
</newsitem>
