<?xml version="1.0" encoding="iso-8859-1" ?>
<newsitem itemid="483711" id="root" date="1997-04-03" xml:lang="en">
<title>SOUTH AFRICA: RUGBY UNION-PROFESSIONAL REFEREES NEEDED, SAYS MCINTOSH.</title>
<headline>RUGBY UNION-PROFESSIONAL REFEREES NEEDED, SAYS MCINTOSH.</headline>
<byline>Mark Stokes</byline>
<dateline>DURBAN 1997-04-03</dateline>
<text>
<p>Inconsistent refereeing in rugby's Super 12 competition has forced Natal provincial coach Ian McIntosh to echo the plea he made last year for a professional refereeing panel to handle all games.</p>
<p>Before last year's Super 12 semifinals, McIntosh said it was crucial referees and coaches from South Africa, New Zealand and Australia were on the same wavelength throughout the southern hemisphere series.</p>
<p>So far this has not happened during the 1997 Super 12. Although a referees conference was held in Sydney in February to try to achieve some uniformity, none of the provincial or state rugby coaches was involved.</p>
<p>This year's competition is almost halfway through and has been beset by complaints from coaches of teams playing away from home directed at harmful - and inconsistent - refereeing.</p>
<p>Seeing no other alternative, Australian Rugby Football Union chief executive officer John O'Neill earlier this week called for neutral referees to be appointed.</p>
<p>&quot;The inconsistencies, the different interpretations of referees in each country, are still there. We've just got to wear the coat of neutral referees,&quot; he said.</p>
<p>But McIntosh disagrees: &quot;The answer is not neutral referees but a professional panel of refs. Then, once everyone is playing to the same pattern, you can't complain when the ref blows and you're nailed.</p>
<p>McIntosh believes the main problem to be addressed is the different approach by players from the three countries at the point of breakdown.</p>
<p>&quot;In New Zealand, and to a similar extent in Australia, you're allowed to hold on to the ball a little longer after a tackle to allow players to cover. Also, you can come in from the side of the maul and play the ball a lot more on the ground than we do in South Africa.</p>
<p>&quot;Here in South Africa, we are strict to the law and have to release the ball in the tackle,&quot; McIntosh said.</p>
<p>&quot;I happen to believe the New Zealand approach is the best as it keeps the game flowing - but it can only flow if both teams and the referee follow that same approach.&quot;</p>
</text>
<copyright>(c) Reuters Limited 1997</copyright>
<metadata>
<codes class="bip:countries:1.0">
  <code code="AUSTR">
    <editdetail attribution="Reuters BIP Coding Group" action="confirmed" date="1997-04-03"/>
  </code>
  <code code="NZ">
    <editdetail attribution="Reuters BIP Coding Group" action="confirmed" date="1997-04-03"/>
  </code>
  <code code="SAFR">
    <editdetail attribution="Reuters BIP Coding Group" action="confirmed" date="1997-04-03"/>
  </code>
</codes>
<codes class="bip:topics:1.0">
  <code code="GCAT">
    <editdetail attribution="Reuters BIP Coding Group" action="confirmed" date="1997-04-03"/>
  </code>
  <code code="GSPO">
    <editdetail attribution="Reuters BIP Coding Group" action="confirmed" date="1997-04-03"/>
  </code>
</codes>
<dc element="dc.date.created" value="1997-04-03"/>
<dc element="dc.publisher" value="Reuters Holdings Plc"/>
<dc element="dc.date.published" value="1997-04-03"/>
<dc element="dc.source" value="Reuters"/>
<dc element="dc.creator.location" value="DURBAN"/>
<dc element="dc.creator.location.country.name" value="SOUTH AFRICA"/>
<dc element="dc.source" value="Reuters"/>
</metadata>
</newsitem>
