<?xml version="1.0" encoding="iso-8859-1" ?>
<newsitem itemid="483748" id="root" date="1997-04-03" xml:lang="en">
<title>SPAIN: SOCCER-SPANISH CUP SEMIFINAL RESULT.</title>
<headline>SOCCER-SPANISH CUP SEMIFINAL RESULT.</headline>
<dateline>MADRID 1997-04-03</dateline>
<text>
<p>Spanish Cup semifinal, second-leg result on Thursday:</p>
<p> Barcelona   3   Las Palmas   0</p>
<p>(Barcelona win 7-0 on aggregate)</p>
<p>Played Wednesday:</p>
<p> Celta Vigo  1   Real Betis   1</p>
<p>(Betis win 2-1 on aggregate)</p>
</text>
<copyright>(c) Reuters Limited 1997</copyright>
<metadata>
<codes class="bip:countries:1.0">
  <code code="SPAIN">
    <editdetail attribution="Reuters BIP Coding Group" action="confirmed" date="1997-04-03"/>
  </code>
</codes>
<codes class="bip:topics:1.0">
  <code code="GCAT">
    <editdetail attribution="Reuters BIP Coding Group" action="confirmed" date="1997-04-03"/>
  </code>
  <code code="GSPO">
    <editdetail attribution="Reuters BIP Coding Group" action="confirmed" date="1997-04-03"/>
  </code>
</codes>
<dc element="dc.date.created" value="1997-04-03"/>
<dc element="dc.publisher" value="Reuters Holdings Plc"/>
<dc element="dc.date.published" value="1997-04-03"/>
<dc element="dc.source" value="Reuters"/>
<dc element="dc.creator.location" value="MADRID"/>
<dc element="dc.creator.location.country.name" value="SPAIN"/>
<dc element="dc.source" value="Reuters"/>
</metadata>
</newsitem>
