<?xml version="1.0" encoding="iso-8859-1" ?>
<newsitem itemid="483771" id="root" date="1997-04-03" xml:lang="en">
<title>SOUTH AFRICA: PRIMEDIA BUYS 49 PCT OF MEDIA FIRM VWV.</title>
<headline>PRIMEDIA BUYS 49 PCT OF MEDIA FIRM VWV.</headline>
<dateline>JOHANNESBURG 1997-04-03</dateline>
<text>
<p>Broadcasting group Primedia Ltd announced on Thursday it had acquired a 49 percent stake in VWV Productions and VWV Events.</p>
<p>In addition, Primedia and electronics group Datatec, in which Primedia acquired a 21 percent stake last year, had each acquired a 24.5 percent stake in VWV Interactive.</p>
<p>The companies would pay for their respective stakes in the three divisions, which constitute VWV Studios and had been valued at 29 million rand, in cash and shares.</p>
<p>Each business would continue to run autonomously, with management shareholders retaining a 51 percent stake.</p>
<p>VWV Productions consults on and produces corporate films and videos, while VWV Events deals with product launches and conference management.</p>
<p>VWV Interactive is involved in interactive media and internet consultancy and recently opened an office in Singapore.</p>
<p>-- Johannesburg newsroom, +27 11 482-1003</p>
</text>
<copyright>(c) Reuters Limited 1997</copyright>
<metadata>
<codes class="bip:countries:1.0">
  <code code="SAFR">
    <editdetail attribution="Reuters BIP Coding Group" action="confirmed" date="1997-04-03"/>
  </code>
</codes>
<codes class="bip:industries:1.0">
  <code code="I61000">
    <editdetail attribution="Reuters BIP Coding Group" action="confirmed" date="1997-04-03"/>
  </code>
  <code code="I81502">
    <editdetail attribution="Reuters BIP Coding Group" action="confirmed" date="1997-04-03"/>
  </code>
</codes>
<codes class="bip:topics:1.0">
  <code code="C18">
    <editdetail attribution="Reuters BIP Coding Group" action="confirmed" date="1997-04-03"/>
  </code>
  <code code="C181">
    <editdetail attribution="Reuters BIP Coding Group" action="confirmed" date="1997-04-03"/>
  </code>
  <code code="CCAT">
    <editdetail attribution="Reuters BIP Coding Group" action="confirmed" date="1997-04-03"/>
  </code>
</codes>
<dc element="dc.date.created" value="1997-04-03"/>
<dc element="dc.publisher" value="Reuters Holdings Plc"/>
<dc element="dc.date.published" value="1997-04-03"/>
<dc element="dc.source" value="Reuters"/>
<dc element="dc.creator.location" value="JOHANNESBURG"/>
<dc element="dc.creator.location.country.name" value="SOUTH AFRICA"/>
<dc element="dc.source" value="Reuters"/>
</metadata>
</newsitem>
