<?xml version="1.0" encoding="iso-8859-1" ?>
<newsitem itemid="483794" id="root" date="1997-04-03" xml:lang="en">
<title>POLAND: MERRILL CUTS LONG BRE VIEW TO &quot;NEUTRAL&quot;.</title>
<headline>MERRILL CUTS LONG BRE VIEW TO &quot;NEUTRAL&quot;.</headline>
<dateline>WARSAW 1997-04-03</dateline>
<text>
<p>Merrill Lynch cut its long-term view on Poland's Bank Rozwoju Exportu SA (BRE) to neutral from accumulate and remains neutral on BRE shares at current levels, Merrill said in a report dated March 21.</p>
<p>Merrill said it had cut its 1997 and 1998 net income forecasts for BRE by about 15 percent to 153 million zlotys and 182 million zlotys respectively because of a faster than expected decline in net interest margin.</p>
<p>It said the new numbers put BRE's return on equity at 26 percent for 1997 and 25 percent for 1998.</p>
<p>-- Warsaw Newsroom +48 22 653 9700</p>
</text>
<copyright>(c) Reuters Limited 1997</copyright>
<metadata>
<codes class="bip:countries:1.0">
  <code code="POL">
    <editdetail attribution="Reuters BIP Coding Group" action="confirmed" date="1997-04-03"/>
  </code>
</codes>
<codes class="bip:industries:1.0">
  <code code="I81402">
    <editdetail attribution="Reuters BIP Coding Group" action="confirmed" date="1997-04-03"/>
  </code>
  <code code="I81501">
    <editdetail attribution="Reuters BIP Coding Group" action="confirmed" date="1997-04-03"/>
  </code>
  <code code="I8150106">
    <editdetail attribution="Reuters BIP Coding Group" action="confirmed" date="1997-04-03"/>
  </code>
</codes>
<codes class="bip:topics:1.0">
  <code code="C15">
    <editdetail attribution="Reuters BIP Coding Group" action="confirmed" date="1997-04-03"/>
  </code>
  <code code="C152">
    <editdetail attribution="Reuters BIP Coding Group" action="confirmed" date="1997-04-03"/>
  </code>
  <code code="CCAT">
    <editdetail attribution="Reuters BIP Coding Group" action="confirmed" date="1997-04-03"/>
  </code>
</codes>
<dc element="dc.date.created" value="1997-04-03"/>
<dc element="dc.publisher" value="Reuters Holdings Plc"/>
<dc element="dc.date.published" value="1997-04-03"/>
<dc element="dc.source" value="Reuters"/>
<dc element="dc.creator.location" value="WARSAW"/>
<dc element="dc.creator.location.country.name" value="POLAND"/>
<dc element="dc.source" value="Reuters"/>
</metadata>
</newsitem>
