<?xml version="1.0" encoding="iso-8859-1" ?>
<newsitem itemid="483804" id="root" date="1997-04-03" xml:lang="en">
<title>CZECH REPUBLIC: CZECH CNB 13-WEEK BILL YIELD DIPS TO 12.2 PCT.</title>
<headline>CZECH CNB 13-WEEK BILL YIELD DIPS TO 12.2 PCT.</headline>
<dateline>PRAGUE 1997-04-03</dateline>
<text>
<p>The Czech National Bank (CNB) said on Thursday that gross yield in its Dutch-style auction of a five billion crown tranche of 13-week liquidity bills hit 12.20 percent.</p>
<p>In the last auction of similar CNB bills on March 6, gross yield was 12.4 percent.</p>
<p>The CNB said the issue was oversubscribed with bids totalling 10.472 billion. Bills worth 4.999 billion were sold.</p>
<p>Net yield was 9.15 percent, the CNB added.</p>
<p>The three-month Prague interbank offered rate (PRIBOR) stood at 12.42 percent on Thursday, up three basis points from Wednesday.</p>
<p>-- Prague Newsroom, 420-2-2423-0003</p>
</text>
<copyright>(c) Reuters Limited 1997</copyright>
<metadata>
<codes class="bip:countries:1.0">
  <code code="CZREP">
    <editdetail attribution="Reuters BIP Coding Group" action="confirmed" date="1997-04-03"/>
  </code>
</codes>
<codes class="bip:topics:1.0">
  <code code="M13">
    <editdetail attribution="Reuters BIP Coding Group" action="confirmed" date="1997-04-03"/>
  </code>
  <code code="M131">
    <editdetail attribution="Reuters BIP Coding Group" action="confirmed" date="1997-04-03"/>
  </code>
  <code code="MCAT">
    <editdetail attribution="Reuters BIP Coding Group" action="confirmed" date="1997-04-03"/>
  </code>
</codes>
<dc element="dc.date.created" value="1997-04-03"/>
<dc element="dc.publisher" value="Reuters Holdings Plc"/>
<dc element="dc.date.published" value="1997-04-03"/>
<dc element="dc.source" value="Reuters"/>
<dc element="dc.creator.location" value="PRAGUE"/>
<dc element="dc.creator.location.country.name" value="CZECH REPUBLIC"/>
<dc element="dc.source" value="Reuters"/>
</metadata>
</newsitem>
