<?xml version="1.0" encoding="iso-8859-1" ?>
<newsitem itemid="483866" id="root" date="1997-04-03" xml:lang="en">
<title>NETHERLANDS: ING PREFERS BANK ACQUISITION TO INSURER.</title>
<headline>ING PREFERS BANK ACQUISITION TO INSURER.</headline>
<dateline>AMSTERDAM 1997-04-03</dateline>
<text>
<p>Dutch banking and insurance group ING Groep NV (ING) said on Thursday it would prefer a bank to an insurer as a possible acquisition candidate.</p>
<p>&quot;A bank is more interesting for us because it would be a better fit strategically,&quot; ING chairman Aad Jacobs told a news conference on the group's 1996 results.</p>
<p>Jacobs said ING would give priority to expansion in Europe, adding that ING would seriously consider forming an alliance with another major financial group if the opportunity arose.</p>
<p>Jacobs reiterated the bank's stake in Belgian Banque Bruxelles Lambert was not for sale.</p>
<p>There has been renewed speculation this year about the formation of a Big Belgian Bank by merging BBL with Generale Bank, Belgium's biggest lender.</p>
<p>&quot;I believe this is a very interesting investment,&quot; Jacobs said.</p>
<p>-- Brussels Newsroom +32 2 287 6810, Fax +32 2 230 7710</p>
</text>
<copyright>(c) Reuters Limited 1997</copyright>
<metadata>
<codes class="bip:countries:1.0">
  <code code="BELG">
    <editdetail attribution="Reuters BIP Coding Group" action="confirmed" date="1997-04-03"/>
  </code>
  <code code="NETH">
    <editdetail attribution="Reuters BIP Coding Group" action="confirmed" date="1997-04-03"/>
  </code>
</codes>
<codes class="bip:industries:1.0">
  <code code="I81402">
    <editdetail attribution="Reuters BIP Coding Group" action="confirmed" date="1997-04-03"/>
  </code>
  <code code="I82000">
    <editdetail attribution="Reuters BIP Coding Group" action="confirmed" date="1997-04-03"/>
  </code>
</codes>
<codes class="bip:topics:1.0">
  <code code="C18">
    <editdetail attribution="Reuters BIP Coding Group" action="confirmed" date="1997-04-03"/>
  </code>
  <code code="C181">
    <editdetail attribution="Reuters BIP Coding Group" action="confirmed" date="1997-04-03"/>
  </code>
  <code code="CCAT">
    <editdetail attribution="Reuters BIP Coding Group" action="confirmed" date="1997-04-03"/>
  </code>
</codes>
<dc element="dc.date.created" value="1997-04-03"/>
<dc element="dc.publisher" value="Reuters Holdings Plc"/>
<dc element="dc.date.published" value="1997-04-03"/>
<dc element="dc.source" value="Reuters"/>
<dc element="dc.creator.location" value="AMSTERDAM"/>
<dc element="dc.creator.location.country.name" value="NETHERLANDS"/>
<dc element="dc.source" value="Reuters"/>
</metadata>
</newsitem>
