<?xml version="1.0" encoding="iso-8859-1" ?>
<newsitem itemid="483840" id="root" date="1997-04-03" xml:lang="en">
<title>CZECH REPUBLIC: TRADE MIN SAYS CZECHS WILL NOT ABANDON FREE MARKET.</title>
<headline>TRADE MIN SAYS CZECHS WILL NOT ABANDON FREE MARKET.</headline>
<dateline>PRAGUE 1997-04-03</dateline>
<text>
<p>The Czech Republic will not abandon its free market principles despite a burgeoning trade deficit and several other macro-economic problems, Industry and Trade Minister Vladimir Dlouhy said on Thursday.</p>
<p>Speaking at an economic forum attended by French President Jacques Chirac, Dlouhy said the transformation from a centrally-planned to free market economy had been successful.</p>
<p>Dlouhy rejected the view of many analysts that the economy was in trouble, given its record 1996 trade deficit of 160.3 billion crowns and recent data showing two consecutive months of contracting industrial sales and pressure on the state budget toward a deficit.</p>
<p>&quot;The Czech economy is ready to face these pressures without abandoning its basic principles of liberal trade and pursuit of privatisation,&quot; he said.</p>
<p>&quot;Some (analysts) say the economy is now in trouble, but 4.4 percent real GDP growth (in 1996) is not a sign of crisis. I reject all notions of a crisis in the Czech economy,&quot; he added.</p>
<p>Dlouhy admitted the trade deficit, which is projected to grow to some 215 billion crowns for 1997, was also a problem that needed to be addressed, but that a devaluation of the crown to spur exports was not an answer.</p>
<p>&quot;I am sure that the solution of the massive (trade) deficit is not a devaluation which would only delay, and not solve the problem,&quot; he said.</p>
<p>After three years of a surplus, the budget dipped to a 1.56 billion crown shortfall in 1996. Parliament has passed a balanced budget for this year, though government officials say steps will need to be taken soon if the goal is to be achieved.</p>
<p>For the first two months of 1997, the budget was in deficit by some 8.5 billion crowns. The government has blamed a slowdown in the pace of economic growth and lower tax revenues for the deficit.</p>
<p>On Wednesday, Dlouhy said he did did not favour an import surcharge as a tool to fix the deficit.</p>
<p>He said would instead propose stricter adherence to existing import barriers, including enforcement of quality certification and other requirements.</p>
<p>-- Nigel Stephenson, Prague Newsroom, 420-2-2423-0003</p>
</text>
<copyright>(c) Reuters Limited 1997</copyright>
<metadata>
<codes class="bip:countries:1.0">
  <code code="CZREP">
    <editdetail attribution="Reuters BIP Coding Group" action="confirmed" date="1997-04-03"/>
  </code>
</codes>
<codes class="bip:topics:1.0">
  <code code="E12">
    <editdetail attribution="Reuters BIP Coding Group" action="confirmed" date="1997-04-03"/>
  </code>
  <code code="ECAT">
    <editdetail attribution="Reuters BIP Coding Group" action="confirmed" date="1997-04-03"/>
  </code>
</codes>
<dc element="dc.date.created" value="1997-04-03"/>
<dc element="dc.publisher" value="Reuters Holdings Plc"/>
<dc element="dc.date.published" value="1997-04-03"/>
<dc element="dc.source" value="Reuters"/>
<dc element="dc.creator.location" value="PRAGUE"/>
<dc element="dc.creator.location.country.name" value="CZECH REPUBLIC"/>
<dc element="dc.source" value="Reuters"/>
</metadata>
</newsitem>
