<?xml version="1.0" encoding="iso-8859-1" ?>
<newsitem itemid="483829" id="root" date="1997-04-03" xml:lang="en">
<title>LITHUANIA: EURO COMMISSIONER PRAISES STABILITY, REFORM.</title>
<headline>EURO COMMISSIONER PRAISES STABILITY, REFORM.</headline>
<dateline>VILNIUS 1997-04-03</dateline>
<text>
<p>European Commissioner Hans van den Broek said on Thursday that political stability was an invaluable asset to Lithuania as it prepares itself for eventual membership in the European Union.</p>
<p>&quot;Stability and security in this area is of great importance to the European Union,&quot; Van den Broek said at a joint news conference with Lithuanian Foreign Minister Algirdas Saudargas.</p>
<p>&quot;It is a great asset of this country that it has political stability,&quot; he added.</p>
<p>Lithuania's governoring coalition, like the previous government, enjoys a solid parliamentary majority which has spared the country from serious political turbulence.</p>
<p>The commissioner also said that he was impressed by &quot;the firm determination of this government to fight crime and corruption.&quot;</p>
<p>He added that the government's reform programme was moving in the right direction.</p>
<p>&quot;The government has presented a reform package...that is very crucial in the preparatory process toward (EU) membership,&quot; he said.</p>
<p>--Ed Stoddard, Vilnius newsroom +370 2 22 35 17</p>
</text>
<copyright>(c) Reuters Limited 1997</copyright>
<metadata>
<codes class="bip:countries:1.0">
  <code code="LITH">
    <editdetail attribution="Reuters BIP Coding Group" action="confirmed" date="1997-04-03"/>
  </code>
</codes>
<codes class="bip:topics:1.0">
  <code code="E11">
    <editdetail attribution="Reuters BIP Coding Group" action="confirmed" date="1997-04-03"/>
  </code>
  <code code="ECAT">
    <editdetail attribution="Reuters BIP Coding Group" action="confirmed" date="1997-04-03"/>
  </code>
  <code code="G15">
    <editdetail attribution="Reuters BIP Coding Group" action="confirmed" date="1997-04-03"/>
  </code>
  <code code="G158">
    <editdetail attribution="Reuters BIP Coding Group" action="confirmed" date="1997-04-03"/>
  </code>
  <code code="GCAT">
    <editdetail attribution="Reuters BIP Coding Group" action="confirmed" date="1997-04-03"/>
  </code>
  <code code="GDIP">
    <editdetail attribution="Reuters BIP Coding Group" action="confirmed" date="1997-04-03"/>
  </code>
</codes>
<dc element="dc.date.created" value="1997-04-03"/>
<dc element="dc.publisher" value="Reuters Holdings Plc"/>
<dc element="dc.date.published" value="1997-04-03"/>
<dc element="dc.source" value="Reuters"/>
<dc element="dc.creator.location" value="VILNIUS"/>
<dc element="dc.creator.location.country.name" value="LITHUANIA"/>
<dc element="dc.source" value="Reuters"/>
</metadata>
</newsitem>
