<?xml version="1.0" encoding="iso-8859-1" ?>
<newsitem itemid="483893" id="root" date="1997-04-03" xml:lang="en">
<title>UK: LIFFE white sugar wraps up at day's highs.</title>
<headline>LIFFE white sugar wraps up at day's highs.</headline>
<dateline>LONDON 1997-04-03</dateline>
<text>
<p>LIFFE sugar ended firmer on Thursday evening, hanging onto all of the day's gains, traders said.</p>
<p>The May contract closed $2.10 stronger at $310.20 per tonne, the day's high mark, while August wrapped up $1.30 firmer at $307.60.</p>
<p>Short covering had helped the market to rise earlier in the day and it held on well to the higher levels reached, a trader said.</p>
<p>Trading was active although the apparent volume was inflated by switches and trade against actuals. At 1800 GMT total volume was 3,777 lots, of which 1,066 were in May.</p>
<p>--London newsroom +44 171 542 2936</p>
</text>
<copyright>(c) Reuters Limited 1997</copyright>
<metadata>
<codes class="bip:countries:1.0">
  <code code="UK">
    <editdetail attribution="Reuters BIP Coding Group" action="confirmed" date="1997-04-03"/>
  </code>
</codes>
<codes class="bip:topics:1.0">
  <code code="M14">
    <editdetail attribution="Reuters BIP Coding Group" action="confirmed" date="1997-04-03"/>
  </code>
  <code code="M141">
    <editdetail attribution="Reuters BIP Coding Group" action="confirmed" date="1997-04-03"/>
  </code>
  <code code="MCAT">
    <editdetail attribution="Reuters BIP Coding Group" action="confirmed" date="1997-04-03"/>
  </code>
</codes>
<dc element="dc.date.created" value="1997-04-03"/>
<dc element="dc.publisher" value="Reuters Holdings Plc"/>
<dc element="dc.date.published" value="1997-04-03"/>
<dc element="dc.source" value="Reuters"/>
<dc element="dc.creator.location" value="LONDON"/>
<dc element="dc.creator.location.country.name" value="UK"/>
<dc element="dc.source" value="Reuters"/>
</metadata>
</newsitem>
