<?xml version="1.0" encoding="iso-8859-1" ?>
<newsitem itemid="483848" id="root" date="1997-04-03" xml:lang="en">
<title>LATVIA: RIETUMU BANK 1996 PROFIT DOUBLES.</title>
<headline>RIETUMU BANK 1996 PROFIT DOUBLES.</headline>
<dateline>RIGA 1997-04-03</dateline>
<text>
<p>Rietumu Bank, the fourth largest Latvian bank in terms of assets, said on Thursday that its 1996 profit before tax grew two times to 4.93 million lats versus 2.10 million lats in 1995.</p>
<p>Assets grew by 42.88 million lats or by 95 percent to 88.22 million lats and deposits increased to 76.82 million lats, an increase of 38.30 million lats, Rietumu said in a statement.</p>
<p>Rietumu said that among its main activities in 1997 will be the expanding of its network of branches, equity operations and individual service to big corporate clients.</p>
<p>Rietumu's capital adequacy ratio is 21 percent compared to the eight percent minimum, mandated by the Basel committee, which draws up rules for commercial banks all over the world.</p>
<p>Rietumu Bank said that its income in 1996 was determined by the introduction of new services.</p>
<p>It listed securities operations, service to corporate clients, payment cards, forex activities and credit provision.</p>
<p>Rietumu's loan portfolio increased to 7.49 million lats from 810,000 lats during 1996 mainly due to a higher volume of loans provided to businesses. The average profitability of loan operations was 20.38 percent.</p>
<p>-- Martinsh Gravitis, Riga Newsroom, +371 721 5240</p>
</text>
<copyright>(c) Reuters Limited 1997</copyright>
<metadata>
<codes class="bip:countries:1.0">
  <code code="LATV">
    <editdetail attribution="Reuters BIP Coding Group" action="confirmed" date="1997-04-03"/>
  </code>
</codes>
<codes class="bip:industries:1.0">
  <code code="I81402">
    <editdetail attribution="Reuters BIP Coding Group" action="confirmed" date="1997-04-03"/>
  </code>
</codes>
<codes class="bip:topics:1.0">
  <code code="C15">
    <editdetail attribution="Reuters BIP Coding Group" action="confirmed" date="1997-04-03"/>
  </code>
  <code code="C151">
    <editdetail attribution="Reuters BIP Coding Group" action="confirmed" date="1997-04-03"/>
  </code>
  <code code="C1511">
    <editdetail attribution="Reuters BIP Coding Group" action="confirmed" date="1997-04-03"/>
  </code>
  <code code="CCAT">
    <editdetail attribution="Reuters BIP Coding Group" action="confirmed" date="1997-04-03"/>
  </code>
</codes>
<dc element="dc.date.created" value="1997-04-03"/>
<dc element="dc.publisher" value="Reuters Holdings Plc"/>
<dc element="dc.date.published" value="1997-04-03"/>
<dc element="dc.source" value="Reuters"/>
<dc element="dc.creator.location" value="RIGA"/>
<dc element="dc.creator.location.country.name" value="LATVIA"/>
<dc element="dc.source" value="Reuters"/>
</metadata>
</newsitem>
