<?xml version="1.0" encoding="iso-8859-1" ?>
<newsitem itemid="483801" id="root" date="1997-04-03" xml:lang="en">
<title>ESTONIA: LEKS SHARE ISSUE TO START APRIL 21.</title>
<headline>LEKS SHARE ISSUE TO START APRIL 21.</headline>
<dateline>TALLINN 1997-04-03</dateline>
<text>
<p>Leks insurance share holder's meeting approved the company's share issue and said that they plan to start it on April 21, the company said on Thursday.</p>
<p>The planned share issue will take place between April 21 and May 5, the company added.</p>
<p>The meeting confirmed that Leks will arrange a 400,000 kroons share issue at a sale price of 38.00 kroons, the company said in a statment.</p>
<p>Only 1.9 million kroons of shares will be available to the public with 2.1 million kroons of shares going to Tallinna pank, the company said.</p>
<p>-- David Mardiste, Tallinn newsroom +372 630 8400 reuters@reuters.ee</p>
</text>
<copyright>(c) Reuters Limited 1997</copyright>
<metadata>
<codes class="bip:countries:1.0">
  <code code="ESTNIA">
    <editdetail attribution="Reuters BIP Coding Group" action="confirmed" date="1997-04-03"/>
  </code>
</codes>
<codes class="bip:industries:1.0">
  <code code="I81402">
    <editdetail attribution="Reuters BIP Coding Group" action="confirmed" date="1997-04-03"/>
  </code>
  <code code="I82000">
    <editdetail attribution="Reuters BIP Coding Group" action="confirmed" date="1997-04-03"/>
  </code>
</codes>
<codes class="bip:topics:1.0">
  <code code="C17">
    <editdetail attribution="Reuters BIP Coding Group" action="confirmed" date="1997-04-03"/>
  </code>
  <code code="C171">
    <editdetail attribution="Reuters BIP Coding Group" action="confirmed" date="1997-04-03"/>
  </code>
  <code code="C18">
    <editdetail attribution="Reuters BIP Coding Group" action="confirmed" date="1997-04-03"/>
  </code>
  <code code="C181">
    <editdetail attribution="Reuters BIP Coding Group" action="confirmed" date="1997-04-03"/>
  </code>
  <code code="CCAT">
    <editdetail attribution="Reuters BIP Coding Group" action="confirmed" date="1997-04-03"/>
  </code>
</codes>
<dc element="dc.date.created" value="1997-04-03"/>
<dc element="dc.publisher" value="Reuters Holdings Plc"/>
<dc element="dc.date.published" value="1997-04-03"/>
<dc element="dc.source" value="Reuters"/>
<dc element="dc.creator.location" value="TALLINN"/>
<dc element="dc.creator.location.country.name" value="ESTONIA"/>
<dc element="dc.source" value="Reuters"/>
</metadata>
</newsitem>
