<?xml version="1.0" encoding="iso-8859-1" ?>
<newsitem itemid="483850" id="root" date="1997-04-03" xml:lang="en">
<title>ESTONIA: ESTONIA-HANSA ASSET PLANS LATVIA, LITHUANIA OFFICES.</title>
<headline>ESTONIA-HANSA ASSET PLANS LATVIA, LITHUANIA OFFICES.</headline>
<dateline>TALLINN 1997-04-03</dateline>
<text>
<p>Hansa Asset Management said on Thursday that it has applied to open an office in Latvia and was also planning to start operations in Lithuania.</p>
<p>The firm's managing director Raul Malmstein told Reuters that he was expecting to hear whether the Latvian office would be registered this week.</p>
<p>&quot;I think that in the coming weeks we can start (business),&quot; Malmstein said.</p>
</text>
<copyright>(c) Reuters Limited 1997</copyright>
<metadata>
<codes class="bip:countries:1.0">
  <code code="ESTNIA">
    <editdetail attribution="Reuters BIP Coding Group" action="confirmed" date="1997-04-03"/>
  </code>
  <code code="LATV">
    <editdetail attribution="Reuters BIP Coding Group" action="confirmed" date="1997-04-03"/>
  </code>
  <code code="LITH">
    <editdetail attribution="Reuters BIP Coding Group" action="confirmed" date="1997-04-03"/>
  </code>
</codes>
<codes class="bip:industries:1.0">
  <code code="I81402">
    <editdetail attribution="Reuters BIP Coding Group" action="confirmed" date="1997-04-03"/>
  </code>
</codes>
<codes class="bip:topics:1.0">
  <code code="C24">
    <editdetail attribution="Reuters BIP Coding Group" action="confirmed" date="1997-04-03"/>
  </code>
  <code code="CCAT">
    <editdetail attribution="Reuters BIP Coding Group" action="confirmed" date="1997-04-03"/>
  </code>
</codes>
<dc element="dc.date.created" value="1997-04-03"/>
<dc element="dc.publisher" value="Reuters Holdings Plc"/>
<dc element="dc.date.published" value="1997-04-03"/>
<dc element="dc.source" value="Reuters"/>
<dc element="dc.creator.location" value="TALLINN"/>
<dc element="dc.creator.location.country.name" value="ESTONIA"/>
<dc element="dc.source" value="Reuters"/>
</metadata>
</newsitem>
