<?xml version="1.0" encoding="iso-8859-1" ?>
<newsitem itemid="483888" id="root" date="1997-04-03" xml:lang="en">
<title>UK: UK Conservatives face 20-point gap-election poll.</title>
<headline>UK Conservatives face 20-point gap-election poll.</headline>
<dateline>LONDON 1997-04-03</dateline>
<text>
<p>The two latest opinion polls in Britain's election campaign showed the opposition Labour Party heading for a landslide victory on May 1 over the ruling Conservatives with a lead of more than 20 percentage points.</p>
<p>The latest Gallup snapshot poll of 1,000 voters for Friday's Daily Telegraph showed 52 percent favouring Labour. The Conservatives lagged behind on 31 percent and the centrist Liberal Democrats accounted for 11 percent.</p>
<p>Another month-long survey by Gallup of almost 8,000 voters put Labour support at 53.7 percent, the Conservatives at 29.8 percent and the Liberal Democrats at 10.8 percent.</p>
</text>
<copyright>(c) Reuters Limited 1997</copyright>
<metadata>
<codes class="bip:countries:1.0">
  <code code="UK">
    <editdetail attribution="Reuters BIP Coding Group" action="confirmed" date="1997-04-03"/>
  </code>
</codes>
<codes class="bip:topics:1.0">
  <code code="GCAT">
    <editdetail attribution="Reuters BIP Coding Group" action="confirmed" date="1997-04-03"/>
  </code>
  <code code="GPOL">
    <editdetail attribution="Reuters BIP Coding Group" action="confirmed" date="1997-04-03"/>
  </code>
  <code code="GVOTE">
    <editdetail attribution="Reuters BIP Coding Group" action="confirmed" date="1997-04-03"/>
  </code>
</codes>
<dc element="dc.date.created" value="1997-04-03"/>
<dc element="dc.publisher" value="Reuters Holdings Plc"/>
<dc element="dc.date.published" value="1997-04-03"/>
<dc element="dc.source" value="Reuters"/>
<dc element="dc.creator.location" value="LONDON"/>
<dc element="dc.creator.location.country.name" value="UK"/>
<dc element="dc.source" value="Reuters"/>
</metadata>
</newsitem>
