<?xml version="1.0" encoding="iso-8859-1" ?>
<newsitem itemid="483851" id="root" date="1997-04-03" xml:lang="en">
<title>BULGARIA: PRESS DIGEST - BULGARIA - APRIL 3.</title>
<headline>PRESS DIGEST - BULGARIA - APRIL 3.</headline>
<dateline>SOFIA 1997-04-03</dateline>
<text>
<p>These are some of the main stories in Sofia newspapers today. Reuters has not verified these stories and does not vouch for their accuracy.</p>
<p>24 CHASA</p>
<p>-- Bulgaria's private telecommunication company Mobicom said it would pay 1.2 billion levs dividends for last year to its shareholders.</p>
<p>-- Bulgaria's state Hebros bank has acquired a 67.5 percent stake in the state cannery Domat against unpaid debts worth 188 million levs, Agriculture ministry said.</p>
<p>-- Depositors in Bulgaria's private Mollovbank, which was placed in receivership last year, should be able to recover their deposits after the Slovak investment fund Istrocapital bought a 92 percent stake in the bank, board chairman Assen Hristov said.</p>
<p>-- Bulgaria is not expected to raise electricity prices until the autumn, deputy prime minister Alexander Bozhkov said.</p>
<p>PARI</p>
<p>-- The Bulgarian National Bank foreign currency reserves rose by $100 million in March from $445.5 in February, Finance minister Svetoslav Gavriiski said.</p>
<p>-- Bulgaria's Gross Domestic Product is expected to fall by six percent this year and annual inflation is expected at 2,000 percent, a forecast by the Organisation for Economic Cooperation and Development said.</p>
<p>TRUD</p>
<p>-- The Sofia City court is expected to rule on an insolvency suit against the private Elitbank filed by the Bulgarian National Bank on June 26, court officials said.</p>
<p>-- The private Bulgarian-Russian Investment bank said its paid-in capital totalled 2.440 billion levs.</p>
<p>-- Bulgaria's private Trade and Industry Bank said it had posted 1.2 billion levs pre-tax profit for last year.</p>
<p>-- Bulgaria exported more than 200 million litres of wine worth some $40 million last year, the Union of wine makers said.</p>
<p>STANDART</p>
<p>-- The Sofia City Court postponed a ruling on an insolvency case against the Bank for Agricultural Credit filed by the Bulgarian National Bank to May 15, private Balkan news agency said quoting court officials. -- Sofia Newsroom, (++359-2) 981 8569</p>
</text>
<copyright>(c) Reuters Limited 1997</copyright>
<metadata>
<codes class="bip:countries:1.0">
  <code code="BUL">
    <editdetail attribution="Reuters BIP Coding Group" action="confirmed" date="1997-04-03"/>
  </code>
</codes>
<codes class="bip:topics:1.0">
  <code code="GCAT">
    <editdetail attribution="Reuters BIP Coding Group" action="confirmed" date="1997-04-03"/>
  </code>
</codes>
<dc element="dc.date.created" value="1997-04-03"/>
<dc element="dc.publisher" value="Reuters Holdings Plc"/>
<dc element="dc.date.published" value="1997-04-03"/>
<dc element="dc.source" value="Reuters"/>
<dc element="dc.creator.location" value="SOFIA"/>
<dc element="dc.creator.location.country.name" value="BULGARIA"/>
<dc element="dc.source" value="Reuters"/>
</metadata>
</newsitem>
