<?xml version="1.0" encoding="iso-8859-1" ?>
<newsitem itemid="483837" id="root" date="1997-04-03" xml:lang="en">
<title>POLAND: POLISH SECONDARY NBP-BILL TRADE SOARS IN MARCH.</title>
<headline>POLISH SECONDARY NBP-BILL TRADE SOARS IN MARCH.</headline>
<dateline>WARSAW 1997-04-03</dateline>
<text>
<p>Secondary turnover in NBP-bills jumped 571 percent to 15.3 billion zlotys in March after bottoming out in February and secondary T-bill trade rose by 6.1 percent to 41.2 billion, the National Bank of Poland said.</p>
<p>It said average T-bill holdings in domestic non-financial client portfolios amounted to 8.79 billion in March and was 7.9 percent higher than February's 8.14 billion.</p>
<p>March was the first month when secondary T-bill and NBP-bill turnover was taken into account in awarding banks primary T-bill market dealer status for 1998.</p>
<p>The central bank's evaluation period runs until November.</p>
<p>-- Warsaw Newsroom +48 22 653 9700</p>
</text>
<copyright>(c) Reuters Limited 1997</copyright>
<metadata>
<codes class="bip:countries:1.0">
  <code code="POL">
    <editdetail attribution="Reuters BIP Coding Group" action="confirmed" date="1997-04-03"/>
  </code>
</codes>
<codes class="bip:topics:1.0">
  <code code="M13">
    <editdetail attribution="Reuters BIP Coding Group" action="confirmed" date="1997-04-03"/>
  </code>
  <code code="M131">
    <editdetail attribution="Reuters BIP Coding Group" action="confirmed" date="1997-04-03"/>
  </code>
  <code code="MCAT">
    <editdetail attribution="Reuters BIP Coding Group" action="confirmed" date="1997-04-03"/>
  </code>
</codes>
<dc element="dc.date.created" value="1997-04-03"/>
<dc element="dc.publisher" value="Reuters Holdings Plc"/>
<dc element="dc.date.published" value="1997-04-03"/>
<dc element="dc.source" value="Reuters"/>
<dc element="dc.creator.location" value="WARSAW"/>
<dc element="dc.creator.location.country.name" value="POLAND"/>
<dc element="dc.source" value="Reuters"/>
</metadata>
</newsitem>
