<?xml version="1.0" encoding="iso-8859-1" ?>
<newsitem itemid="483842" id="root" date="1997-04-03" xml:lang="en">
<title>LATVIA: RIETUMU CONSIDERS BOURSE LISTING.</title>
<headline>RIETUMU CONSIDERS BOURSE LISTING.</headline>
<dateline>RIGA 1997-04-03</dateline>
<text>
<p>Latvian bank Rietumu Bank said on Thursday that it was to reorganise its share capital and would launch its shares on the stock exchange at the end of this year or the start of next year.</p>
<p>The bank earlier reported that its 1996 profit rose to 4.93 million lats from 2.10 million lats the previous year.</p>
<p>&quot;At the start of March 1997 the Bank of Latvia allowed Rietumu Bank to carry out a shareholder restructuring,&quot; the bank said in a statement, adding that several shareholders became one legal entity.</p>
<p>&quot;The bank's shareholders plan at the end of 1997, start of 1998 plan to offer a part of the share's of Rietumu Bank for trade on the Riga bourse,&quot; the bank added.</p>
<p>Unibanka is currently the only quoted bank while Rigas kommercbanka has said it wants to be listed on the market but has not given a firm date.</p>
<p>-- Patrick Lannin, Riga newsroom +371 721 5240</p>
</text>
<copyright>(c) Reuters Limited 1997</copyright>
<metadata>
<codes class="bip:countries:1.0">
  <code code="LATV">
    <editdetail attribution="Reuters BIP Coding Group" action="confirmed" date="1997-04-03"/>
  </code>
</codes>
<codes class="bip:industries:1.0">
  <code code="I81402">
    <editdetail attribution="Reuters BIP Coding Group" action="confirmed" date="1997-04-03"/>
  </code>
</codes>
<codes class="bip:topics:1.0">
  <code code="C14">
    <editdetail attribution="Reuters BIP Coding Group" action="confirmed" date="1997-04-03"/>
  </code>
  <code code="C17">
    <editdetail attribution="Reuters BIP Coding Group" action="confirmed" date="1997-04-03"/>
  </code>
  <code code="C171">
    <editdetail attribution="Reuters BIP Coding Group" action="confirmed" date="1997-04-03"/>
  </code>
  <code code="CCAT">
    <editdetail attribution="Reuters BIP Coding Group" action="confirmed" date="1997-04-03"/>
  </code>
</codes>
<dc element="dc.date.created" value="1997-04-03"/>
<dc element="dc.publisher" value="Reuters Holdings Plc"/>
<dc element="dc.date.published" value="1997-04-03"/>
<dc element="dc.source" value="Reuters"/>
<dc element="dc.creator.location" value="RIGA"/>
<dc element="dc.creator.location.country.name" value="LATVIA"/>
<dc element="dc.source" value="Reuters"/>
</metadata>
</newsitem>
