<?xml version="1.0" encoding="iso-8859-1" ?>
<newsitem itemid="483911" id="root" date="1997-04-03" xml:lang="en">
<title>UK: FOCUS-Euro insurers gingerly study Holocaust claim.</title>
<headline>FOCUS-Euro insurers gingerly study Holocaust claim.</headline>
<byline>John Sanders</byline>
<dateline>LONDON 1997-04-03</dateline>
<text>
<p>European insurers are combing through old records to tot up the likely impact of a U.S. lawsuit alleging they cheated Holocaust victims out of billions of dollars during the Nazi era.</p>
<p>But they say they have no idea yet whether they will have to pay out and if so, how much it will cost them.</p>
<p>&quot;We take this complex issue extremely seriously and will be busy looking at it but in terms of the actual content, it is very difficult to say anything yet,&quot; said a spokesman for Germany's largest insurer, Allianz.</p>
<p>Allianz, fellow German insurer Bavarian Reinsurance, Italian companies Generali and RAS and French firm AGF are among seven firms mentioned in the U.S. lawsuit filed on Monday.</p>
<p>The issue first came to light several weeks ago when Generali faced questioning over policies sold in pre-war eastern Europe.</p>
<p>Allianz and RAS, now a subsidiary of Allianz, have confirmed that they have made payments in similar, individual cases in the past.</p>
<p>Austrian insurer Wiener Allianz, also part of Allianz, said it would reimburse genuine claims. Another Austrian firm named in the lawsuit, Der Anker Allgemeine Versicherung AG, a unit of Swiss Helvetia, has remained silent.</p>
<p>The lawsuit alleges that Allianz and other defendants encouraged European citizens who feared persecution by the Nazis to deposit their assets with them and to purchase insurance to safeguard their family's futures.</p>
<p>In the class action suit on behalf of more than 10,000 people, the Holocaust victims and their families allege that the insurers withheld, concealed or converted the cash value and proceeds of policies sold before 1946 worth billions of dollars.</p>
<p>Allianz said there are currently no open cases and it could not say how much had been paid out so far.</p>
<p>Generali said last month that reports that it could be liable for tens of thousands of life insurance claims from descendants of Holocaust victims were without foundation.</p>
<p>Like other insurers, Generali cited problems with tracing records which were lost or destroyed in the war and its immediate aftermath, when Europe was divided into East and West by the so-called Iron Curtain.</p>
<p>It was Generali's takeover last month of Migdal, an Israeli insurer, that focused attention on the issue of compensation from insurers for Holocaust victims.</p>
<p>Lloyd's of London has never been heavily involved in life assurance and a spokesman for the market said it was unlikely any of the Holocaust related policies would have found their way back to the London-based market.</p>
<p>Austrian Jewish leaders called on the insurance companies to respond more quickly than Swiss banks did when they were accused of not returning Nazi gold taken from Jews.</p>
<p>&quot;In the Swiss banks we have an excellent example of how not to behave in the first few weeks, and a good example of how to behave subsequently in the setting up of a holocaust fund,&quot; said cultural community president Paul Grosz.</p>
<p>-- John Sanders, Reuters Insurance News 44 171 542 2769</p>
</text>
<copyright>(c) Reuters Limited 1997</copyright>
<metadata>
<codes class="bip:countries:1.0">
  <code code="UK">
    <editdetail attribution="Reuters BIP Coding Group" action="confirmed" date="1997-04-03"/>
  </code>
  <code code="USA">
    <editdetail attribution="Reuters BIP Coding Group" action="confirmed" date="1997-04-03"/>
  </code>
</codes>
<codes class="bip:industries:1.0">
  <code code="I82001">
    <editdetail attribution="Reuters BIP Coding Group" action="confirmed" date="1997-04-03"/>
  </code>
  <code code="I82003">
    <editdetail attribution="Reuters BIP Coding Group" action="confirmed" date="1997-04-03"/>
  </code>
</codes>
<codes class="bip:topics:1.0">
  <code code="C11">
    <editdetail attribution="Reuters BIP Coding Group" action="confirmed" date="1997-04-03"/>
  </code>
  <code code="C21">
    <editdetail attribution="Reuters BIP Coding Group" action="confirmed" date="1997-04-03"/>
  </code>
  <code code="CCAT">
    <editdetail attribution="Reuters BIP Coding Group" action="confirmed" date="1997-04-03"/>
  </code>
</codes>
<dc element="dc.date.created" value="1997-04-03"/>
<dc element="dc.publisher" value="Reuters Holdings Plc"/>
<dc element="dc.date.published" value="1997-04-03"/>
<dc element="dc.source" value="Reuters"/>
<dc element="dc.creator.location" value="LONDON"/>
<dc element="dc.creator.location.country.name" value="UK"/>
<dc element="dc.source" value="Reuters"/>
</metadata>
</newsitem>
