<?xml version="1.0" encoding="iso-8859-1" ?>
<newsitem itemid="483934" id="root" date="1997-04-03" xml:lang="en">
<title>UK: FOCUS-London oil exchange hit over rules failure.</title>
<headline>FOCUS-London oil exchange hit over rules failure.</headline>
<byline>Matthew Jones</byline>
<dateline>LONDON 1997-04-03</dateline>
<text>
<p>London's International Petroleum Exchange (IPE) on Thursday came in for sharp criticism for failing to enforce its own rules.</p>
<p>An independent review, commissioned by the exchange, also said the IPE had proved unwilling to stand up to the interests of some its biggest customers, large oil trading companies.</p>
<p>&quot;The IPE needs to be a stronger enforcer of rules, be more consistent in applying its rules and be less susceptible to trader pressure,&quot; the report's author, independent energy consultant Sally Clubley, said in an interview.</p>
<p>The IPE, the world's second largest oil futures exchange after NYMEX in the United States, asked Clubley to examine the way its gas oil (heating oil) futures contract is traded after a row between two trading houses last November caused severe disruption to Europe's main winter energy market.</p>
<p>The review recommended that the IPE took action to reduce potential market manipulation by introducing limits on the number of contracts that traders could hold.</p>
<p>It said problems surrounding IPE contracts had reached the stage where they had been made less effective as hedging instruments.</p>
<p>Clubley, a former member of the exchange's board, aimed the brunt of her criticism at the IPE's inability to patrol its members' activities.</p>
<p>&quot;A lot of the rules are already in place, but they are not enforced strongly enough -- the IPE needs to be seen to be fair and consistent,&quot; she said.</p>
<p>Taking soundings from a wide cross-section of market participants Clubley said the IPE often failed to resist pressure from bigger trading groups.</p>
<p>&quot;I think they have perhaps listened too closely to the large players which is one of the reasons smaller players have reduced hedging activities.&quot;</p>
<p>Another frequent complaint from users of the IPE was of inexperienced staff who did not have the expertise to understand some of the ramifications of trading positions.</p>
<p>The market is concerned that &quot;the IPE does not have staff with the experience of the physical market,&quot; the review report said.</p>
<p>Aside from suggesting a tougher enforcement policy the report recommended a number of other changes.</p>
<p>The IPE said it was considering the recommendations and was taking comments from the market before formulating specific proposals for changes or clarifications to its procedures in May.</p>
<p>&quot;We are ready to make changes,&quot; IPE chief executive Lynton Jones told Reuters.</p>
<p>&quot;If that is the perception of the market then clearly we have to do something about it,&quot; Jones said in response to the criticism of staff expertise.</p>
<p>Clubley said the IPE was already acting to tighten up some regulations.</p>
<p>&quot;They are beefing up compliance and are appointing a lawyer to look at rewriting some of the regulations,&quot; she said.</p>
<p>The IPE review comes in the wake of a string of reforms at London's other big commodity exchange, the London Metal Exchange.</p>
<p>British regulator the Securities and Investments Board told the LME last year to become more transparent and vigilant in the wake of a multi-billion dollar Sumitomo copper scandal.</p>
</text>
<copyright>(c) Reuters Limited 1997</copyright>
<metadata>
<codes class="bip:countries:1.0">
  <code code="UK">
    <editdetail attribution="Reuters BIP Coding Group" action="confirmed" date="1997-04-03"/>
  </code>
</codes>
<codes class="bip:industries:1.0">
  <code code="I63000">
    <editdetail attribution="Reuters BIP Coding Group" action="confirmed" date="1997-04-03"/>
  </code>
</codes>
<codes class="bip:topics:1.0">
  <code code="C13">
    <editdetail attribution="Reuters BIP Coding Group" action="confirmed" date="1997-04-03"/>
  </code>
  <code code="CCAT">
    <editdetail attribution="Reuters BIP Coding Group" action="confirmed" date="1997-04-03"/>
  </code>
  <code code="M14">
    <editdetail attribution="Reuters BIP Coding Group" action="confirmed" date="1997-04-03"/>
  </code>
  <code code="M143">
    <editdetail attribution="Reuters BIP Coding Group" action="confirmed" date="1997-04-03"/>
  </code>
  <code code="MCAT">
    <editdetail attribution="Reuters BIP Coding Group" action="confirmed" date="1997-04-03"/>
  </code>
</codes>
<dc element="dc.date.created" value="1997-04-03"/>
<dc element="dc.publisher" value="Reuters Holdings Plc"/>
<dc element="dc.date.published" value="1997-04-03"/>
<dc element="dc.source" value="Reuters"/>
<dc element="dc.creator.location" value="LONDON"/>
<dc element="dc.creator.location.country.name" value="UK"/>
<dc element="dc.source" value="Reuters"/>
</metadata>
</newsitem>
