<?xml version="1.0" encoding="iso-8859-1" ?>
<newsitem itemid="483992" id="root" date="1997-04-03" xml:lang="en">
<title>NIGERIA: Protest dog void of poll re-run in Nigeria capital.</title>
<headline>Protest dog void of poll re-run in Nigeria capital.</headline>
<byline>Felix Onuah</byline>
<dateline>ABUJA 1997-04-03</dateline>
<text>
<p>Candidates of four of Nigeria's five political parties on Thursday protested against an official decision not to repeat municipal polls in the capital Abuja.</p>
<p>The electoral commission (NECON) had listed three municipal areas in Abuja were among 139 areas out of the nation's 774 where it said the March 15 polls were inconclusive and should be held again.</p>
<p>But NECON cancelled that decision after Lieutenant-General Jeremiah Useni, the minister of the federal capital territory Abuja, said there was no need for it.</p>
<p>&quot;We condemn the visible interference and outright disregard of the electoral guidelines by the Federal Capital Authority,&quot; said a statement signed by the candidates and given to the media.</p>
<p>Useni, one of Nigeria's most powerful generals, has already sworn in councillors elected for Abuja, saying NECON had told him there was no problem with the earlier vote in the capital.</p>
<p>The candidates said in the statement that their opponents who Useni swore in to office on March 24 were not duly elected.</p>
<p>NECON spokesman Steve Osemeke said the commission called off the re-run in order to probe the claims of the candidates.</p>
<p>Local radio stations reported that voter turn-out was light in the repeat polls on Thursday and in the southeastern Cross River state it was delayed to Friday because of the late arrival of voting materials.</p>
<p>The council polls are the first on a partisan basis under a programme the Nigerian military government says will restore democracy next year.</p>
<p>A previous attempt at transition to civil rule ended in a fiasco in 1993 when a presidential vote was annulled, plunging the populous African nation into chaos.</p>
<p>A majority of the councils in the recent poll were won by two parties that have said they would like to adopt General Abacha, who seized power in the chaos of 1993, as their candidate in next year's presidential poll.</p>
</text>
<copyright>(c) Reuters Limited 1997</copyright>
<metadata>
<codes class="bip:countries:1.0">
  <code code="NIGEA">
    <editdetail attribution="Reuters BIP Coding Group" action="confirmed" date="1997-04-03"/>
  </code>
</codes>
<codes class="bip:topics:1.0">
  <code code="GCAT">
    <editdetail attribution="Reuters BIP Coding Group" action="confirmed" date="1997-04-03"/>
  </code>
  <code code="GPOL">
    <editdetail attribution="Reuters BIP Coding Group" action="confirmed" date="1997-04-03"/>
  </code>
  <code code="GVOTE">
    <editdetail attribution="Reuters BIP Coding Group" action="confirmed" date="1997-04-03"/>
  </code>
</codes>
<dc element="dc.date.created" value="1997-04-03"/>
<dc element="dc.publisher" value="Reuters Holdings Plc"/>
<dc element="dc.date.published" value="1997-04-03"/>
<dc element="dc.source" value="Reuters"/>
<dc element="dc.creator.location" value="ABUJA"/>
<dc element="dc.creator.location.country.name" value="NIGERIA"/>
<dc element="dc.source" value="Reuters"/>
</metadata>
</newsitem>
