<?xml version="1.0" encoding="iso-8859-1" ?>
<newsitem itemid="483982" id="root" date="1997-04-03" xml:lang="en">
<title>ZAIRE: U.N. repatriates Rwandan refugees from east Zaire.</title>
<headline>U.N. repatriates Rwandan refugees from east Zaire.</headline>
<byline>Matthew Bigg</byline>
<dateline>GOMA, Zaire 1997-04-03</dateline>
<text>
<p>Rwandan Hutu refugees left eastern Zaire by truck on Thursday for Rwanda as aid agencies struggled to reach 80,000 more scattered deeper in the Zairean interior.</p>
<p>Filippo Grandi, east Zaire representative of the U.N. High Commissioner for Refugees (UNHCR), said 4,800 refugees were repatriated by trucks from Karuba west of Goma on Tuesday and Wednesday.</p>
<p>&quot;The Karuba repatriation is continuing today but we expect it to be a bit slower because of logistic problems,&quot; he told Reuters in the eastern city of Goma on the border with Rwanda.</p>
<p>He said the last refugees at Amisi and Tingi Tingi farther to the west were repatriated by air on Tuesday including some unaccompanied children taken to a transit centre in Goma city.</p>
<p>In the northeastern Zairean capital of Kisangani, UNHCR spokesman Paul Stromberg said a train left with a medical team to investigate problems at kilometre 82 (mile 50) south of the city where refugees are in horrific condition.</p>
<p>UNHCR says almost half of the 800 Rwandan and Burundian refugees who gathered at kilometre 82 in mid-March have died of malnutrition, malaria, other illnesses and infected wounds.</p>
<p>Stromberg said the medical team would give first aid and check the possibility of evacuating refugees from kilometre 82 by train to kilometre 40 (mile 25) south of the city.</p>
<p>&quot;We need to get them to kilometre 40 where we can help them,&quot; said Stromberg by telephone. &quot;They need hospitalisation but so many are in such bad shape it is hard to move them.&quot;</p>
<p>Aid agencies say they are struggling against restrictions imposed by the rebels, who oppose the formation of any refugee camps, bad weather and dreadful roads to bring aid to groups of refugees.</p>
<p>In Geneva, the International Committee of the Red Cross (ICRC) joined calls by other aid agencies for the rebels to give unrestricted access to the thousands of Rwandan and Burundian Hutu refugees.</p>
<p>The Swiss-run ICRC said in a statement the displaced Rwandans were in a disastrous state and that any new forced movement could lead to the deaths of thousands of refugees.</p>
<p>&quot;With the arrival of heavy rains in areas with dense vegetation, the scale of needs has become alarming. It is no longer a matter of feeding the hungry but of coping with serious medical emergencies,&quot; the Geneva-based agency said.</p>
<p>It said the rebels limited the distribution of aid to refugee assembly points along the railway line south of Kisangani and had forced back those who reached the outskirts of the city.</p>
<p>The Tutsi-dominated rebels ordered some 20,000 refugees on Monday to leave a site seven km (four miles) south of Kisangani and move farther south, citing security reasons.</p>
<p>The rebels say they are concerned the refugees include Hutu former Rwandan troops and militiamen who had leading roles in Rwanda's 1994 genocide and have fought alongside Zaire's army.</p>
<p>There are an estimated 80,000 refugees 26 to 82 km (16 to 50 miles) in groups along a railway line south of Kisangani.</p>
<p>U.N. aid officials said the rebels were allowing aid workers to reach the refugees but did not want the Rwandans to stay where they were until they could recover enough to move on and would not allow them via Kisangani to be repatriated by air.</p>
<p>Some 200,000 Rwandan and Burundian refugees are unaccounted for since they left their camps near the borders with Rwanda and Burundi at the start of the rebel campaign in October last year.</p>
</text>
<copyright>(c) Reuters Limited 1997</copyright>
<metadata>
<codes class="bip:countries:1.0">
  <code code="RWANDA">
    <editdetail attribution="Reuters BIP Coding Group" action="confirmed" date="1997-04-03"/>
  </code>
  <code code="UN">
    <editdetail attribution="Reuters BIP Coding Group" action="confirmed" date="1997-04-03"/>
  </code>
  <code code="ZAIRE">
    <editdetail attribution="Reuters BIP Coding Group" action="confirmed" date="1997-04-03"/>
  </code>
</codes>
<codes class="bip:topics:1.0">
  <code code="GCAT">
    <editdetail attribution="Reuters BIP Coding Group" action="confirmed" date="1997-04-03"/>
  </code>
  <code code="GDIP">
    <editdetail attribution="Reuters BIP Coding Group" action="confirmed" date="1997-04-03"/>
  </code>
</codes>
<dc element="dc.date.created" value="1997-04-03"/>
<dc element="dc.publisher" value="Reuters Holdings Plc"/>
<dc element="dc.date.published" value="1997-04-03"/>
<dc element="dc.source" value="Reuters"/>
<dc element="dc.creator.location" value="GOMA, Zaire"/>
<dc element="dc.creator.location.country.name" value="ZAIRE"/>
<dc element="dc.source" value="Reuters"/>
</metadata>
</newsitem>
