<?xml version="1.0" encoding="iso-8859-1" ?>
<newsitem itemid="483967" id="root" date="1997-04-03" xml:lang="en">
<title>CANADA: Canada, Manitoba set C$260 mln farm safety net.</title>
<headline>Canada, Manitoba set C$260 mln farm safety net.</headline>
<dateline>WINNIPEG 1997-04-03</dateline>
<text>
<p>A three-year, C$260 million farm safety net agreement for Manitoba farmers was established on Thursday by Agriculture Canada and Manitoba Agriculture.</p>
<p>&quot;The agreement is consistent with the direction established by the federal and provincial governments for national programs,&quot; Canadian Agriculture Minister Ralph Goodale said in a statement.</p>
<p>The deal covers whole farm income stabilization rather than coverage of specific farm operations. It includes management and funding of two national programs, a Net Income Stabilization Account and crop insurance.</p>
<p>A third component of the deal includes allied programs specifically designed for Manitoba farm needs, it said.</p>
<p>((Gilbert Le Gras 204 947 3548))</p>
</text>
<copyright>(c) Reuters Limited 1997</copyright>
<metadata>
<codes class="bip:countries:1.0">
  <code code="CANA">
    <editdetail attribution="Reuters BIP Coding Group" action="confirmed" date="1997-04-03"/>
  </code>
</codes>
<codes class="bip:industries:1.0">
  <code code="I01000">
    <editdetail attribution="Reuters BIP Coding Group" action="confirmed" date="1997-04-03"/>
  </code>
</codes>
<codes class="bip:topics:1.0">
  <code code="C13">
    <editdetail attribution="Reuters BIP Coding Group" action="confirmed" date="1997-04-03"/>
  </code>
  <code code="C31">
    <editdetail attribution="Reuters BIP Coding Group" action="confirmed" date="1997-04-03"/>
  </code>
  <code code="CCAT">
    <editdetail attribution="Reuters BIP Coding Group" action="confirmed" date="1997-04-03"/>
  </code>
</codes>
<dc element="dc.date.created" value="1997-04-03"/>
<dc element="dc.publisher" value="Reuters Holdings Plc"/>
<dc element="dc.date.published" value="1997-04-03"/>
<dc element="dc.source" value="Reuters"/>
<dc element="dc.creator.location" value="WINNIPEG"/>
<dc element="dc.creator.location.country.name" value="CANADA"/>
<dc element="dc.source" value="Reuters"/>
</metadata>
</newsitem>
