<?xml version="1.0" encoding="iso-8859-1" ?>
<newsitem itemid="483945" id="root" date="1997-04-03" xml:lang="en">
<title>UK: Eurotunnel March cars down, Eurostar up.</title>
<headline>Eurotunnel March cars down, Eurostar up.</headline>
<dateline>LONDON 1997-04-03</dateline>
<text>
<p>Eurotunnel Plc, the Anglo-French channel tunnel operator, said on Thurday that the volume of cars carried on its Le Shuttle so far in 1997 was 357,068 cars and 7,727 coaches.</p>
<p>In its monthly traffic data, the operator said Le Shuttle carried 149,619 cars and 4,177 coaches in March, down from 152,875 cars and 5,619 cars in the same month a year ago.</p>
<p>It said that the level of traffic carried by Le Shuttle in March of 153,796 vehicles was an increase of 21 percent over February.</p>
<p>Eurostar passenger volume rose to 500,899 passengers in March from 389,069 a year ago. It was also higher than in February 1997.</p>
<p>Eurotunnel's freight shuttle operations remain suspended after last year's fire. It said in a separate statement that it will re-open HGV shuttle services before mid-June 1997.</p>
<p>Bulk freight trains operated by Railfreight carried more in March, for a total of 230,753 tonnes compared with 207,417 a year ago.</p>
</text>
<copyright>(c) Reuters Limited 1997</copyright>
<metadata>
<codes class="bip:countries:1.0">
  <code code="FRA">
    <editdetail attribution="Reuters BIP Coding Group" action="confirmed" date="1997-04-03"/>
  </code>
  <code code="UK">
    <editdetail attribution="Reuters BIP Coding Group" action="confirmed" date="1997-04-03"/>
  </code>
</codes>
<codes class="bip:industries:1.0">
  <code code="I71000">
    <editdetail attribution="Reuters BIP Coding Group" action="confirmed" date="1997-04-03"/>
  </code>
</codes>
<codes class="bip:topics:1.0">
  <code code="C31">
    <editdetail attribution="Reuters BIP Coding Group" action="confirmed" date="1997-04-03"/>
  </code>
  <code code="CCAT">
    <editdetail attribution="Reuters BIP Coding Group" action="confirmed" date="1997-04-03"/>
  </code>
</codes>
<dc element="dc.date.created" value="1997-04-03"/>
<dc element="dc.publisher" value="Reuters Holdings Plc"/>
<dc element="dc.date.published" value="1997-04-03"/>
<dc element="dc.source" value="Reuters"/>
<dc element="dc.creator.location" value="LONDON"/>
<dc element="dc.creator.location.country.name" value="UK"/>
<dc element="dc.source" value="Reuters"/>
</metadata>
</newsitem>
