<?xml version="1.0" encoding="iso-8859-1" ?>
<newsitem itemid="483942" id="root" date="1997-04-03" xml:lang="en">
<title>UK: London timecharter fixtures.</title>
<headline>London timecharter fixtures.</headline>
<dateline>LONDON 1997-04-03</dateline>
<text>
<p>Cherokee - (built 1996) 164,303 dwt del Skaw 1-15/5 trip via Hampton Roads and Richards Bay or Brazil redel Japan $17,000 daily Shinwa.</p>
<p>Chrismir - (built 1997) 159,000 dwt del Skaw early May trip via Brazil redel S.Korea approx. $17,350 daily Pan Ocean.</p>
<p>United Respect - (built 1989) 149,000 dwt del Cont 15-30/4 trip via Brazil redel S.Korea approx. $15,500 daily Hanjin.</p>
<p>Scenery Sea - (built 1991) 69,365 dwt 13.5 on 27 del USG 14-19/4 trip Cigading $14,900 daily plus $300,000 bb HMM.</p>
<p>Glory Hope - (built 1987) 68,158 dwt del Plate 15-25/4 trip Far East $15,000 daily plus $300,000 bb Halla.</p>
<p>Evdoxos - (built 1984) 66,865 dwt 13.5 on 35 del Taiwan early April trip E.Australian r/v $11,200 daily Yangming.</p>
<p>Minoan Flame - (built 1982) 65,000 dwt del Shanghai ppt trip via Australia and Mideast Gulf redel passing Muscat outbound $10,750 daily IRISL.</p>
<p>Agios Minas - (built 1975) 64,040 dwt 13 on 35 plus 2.5 del retroactive Cape Passero 23/3 trip via ECSA redel Skaw-Cape Passero range $10,000 daily CNR.</p>
<p>Mariann - (built 1977) 64,066 dwt 13 on 36 plus 2.75 del China 8-10/4 trip via Xingang redel Cont $7,100 daily HMM.</p>
</text>
<copyright>(c) Reuters Limited 1997</copyright>
<metadata>
<codes class="bip:countries:1.0">
  <code code="UK">
    <editdetail attribution="Reuters BIP Coding Group" action="confirmed" date="1997-04-03"/>
  </code>
</codes>
<codes class="bip:topics:1.0">
  <code code="M14">
    <editdetail attribution="Reuters BIP Coding Group" action="confirmed" date="1997-04-03"/>
  </code>
  <code code="MCAT">
    <editdetail attribution="Reuters BIP Coding Group" action="confirmed" date="1997-04-03"/>
  </code>
</codes>
<dc element="dc.date.created" value="1997-04-03"/>
<dc element="dc.publisher" value="Reuters Holdings Plc"/>
<dc element="dc.date.published" value="1997-04-03"/>
<dc element="dc.source" value="Reuters"/>
<dc element="dc.creator.location" value="LONDON"/>
<dc element="dc.creator.location.country.name" value="UK"/>
<dc element="dc.source" value="Reuters"/>
</metadata>
</newsitem>
