<?xml version="1.0" encoding="iso-8859-1" ?>
<newsitem itemid="483975" id="root" date="1997-04-03" xml:lang="en">
<title>CANADA: Canadian Liberals slip but still have big lead.</title>
<headline>Canadian Liberals slip but still have big lead.</headline>
<byline>Randall Palmer</byline>
<dateline>OTTAWA 1997-04-03</dateline>
<text>
<p>Canada's ruling Liberals have slipped to their lowest popularity level since taking office in 1993 but still maintain a strong lead over their rivals, a poll released on Thursday showed.</p>
<p>The Angus Reid/Southam News poll, taken at the end of March, showed support for the Liberals, which oppose tax cuts for now, falling 5 percentage points since February to 41 percent of decided or &quot;leaning&quot; voters.</p>
<p>Their two rivals who are advocating tax cuts showed gains, the Conservatives to 18 percent from 17 percent and Reform Party to 17 percent -- its highest level in two years -- from 12 percent in February.</p>
<p>&quot;The tax cut, while maybe not an issue right now, has potential,&quot; Angus Reid's Darrell Bricker was quoted as saying.</p>
<p>Sixty-seven percent of respondents favored a tax cut either immediately or as soon as the budget was balanced.</p>
<p>Election fever has gripped Canadian politicians, even though Prime Minister Jean Chretien does not have to call elections until October 1998.</p>
<p>He is universally expected to call elections this year, the only real debate being whether it will be in June or possibly October.</p>
<p>Many Liberal strategists have argued in favor of June elections to prevent any further erosion of support, and most commentators also are assuming it will be in June.</p>
<p>But 35 percent of those polled said that would be unacceptable, and this included 33 percent of those who said they were Liberal voters.</p>
<p>Chretien spokesman Peter Donolo dismissed concerns on the timing as peripheral. &quot;Most Canadians don't vote on these issues,&quot; he told Reuters.</p>
<p>He said it was natural to go for an election in the fourth year of the mandate, but he would not comment further on a date.</p>
<p>The poll had some encouraging news for each party. Reform regained top spot in the western provinces of Alberta and British Columbia after weak showings early in the year, and narrowed the Liberal lead in Manitoba and Saskatchewan.</p>
<p>The once-ruling Conservatives, in no region the top party, were nonetheless now within striking distance -- 31 percent against the Liberals' 40 percent -- in Atlantic Canada.</p>
<p>The separatist Bloc Quebecois widened its lead in Quebec over the Liberals, 44 to 36 percent.</p>
<p>Yet the Liberals continued to hold a commanding lead in the political plum, Ontario, with more than one-third of the seats in the House of Commons. Their margin of support was 53 percent to the Conservatives' 14 and Reform's 12, though in the rural areas its support is usually significantly less.</p>
<p>The survey covered 1,500 Canadians, giving a margin of error for the national sample of plus or minus 2.5 percentage points 19 times out of 20.</p>
</text>
<copyright>(c) Reuters Limited 1997</copyright>
<metadata>
<codes class="bip:countries:1.0">
  <code code="CANA">
    <editdetail attribution="Reuters BIP Coding Group" action="confirmed" date="1997-04-03"/>
  </code>
</codes>
<codes class="bip:topics:1.0">
  <code code="GCAT">
    <editdetail attribution="Reuters BIP Coding Group" action="confirmed" date="1997-04-03"/>
  </code>
  <code code="GPOL">
    <editdetail attribution="Reuters BIP Coding Group" action="confirmed" date="1997-04-03"/>
  </code>
</codes>
<dc element="dc.date.created" value="1997-04-03"/>
<dc element="dc.publisher" value="Reuters Holdings Plc"/>
<dc element="dc.date.published" value="1997-04-03"/>
<dc element="dc.source" value="Reuters"/>
<dc element="dc.creator.location" value="OTTAWA"/>
<dc element="dc.creator.location.country.name" value="CANADA"/>
<dc element="dc.source" value="Reuters"/>
</metadata>
</newsitem>
