<?xml version="1.0" encoding="iso-8859-1" ?>
<newsitem itemid="483991" id="root" date="1997-04-03" xml:lang="en">
<title>ANGOLA: U.N. envoy allays fears of fresh delay in Angola.</title>
<headline>U.N. envoy allays fears of fresh delay in Angola.</headline>
<dateline>LUANDA 1997-04-03</dateline>
<text>
<p>The United Nations' special representative in Luanda moved on Thursday to quash growing concerns over another delay in the inauguration of Angola's first peace-time government.</p>
<p>&quot;I want to reassure concerned Angolans, as well as the international community, that the new government will be sworn in on April 11, as was decided last week,&quot; U.N. envoy Alioune Blondin Beye told reporters in the capital Luanda.</p>
<p>Beye's declaration follows a communique by the ruling MPLA party earlier this week that the status of former rebel UNITA leader Jonas Savimbi could only be ratified after his movement's 70 deputies joined the National Assembly.</p>
<p>UNITA, which has long insisted that Savimbi's status -- as leader of the largest opposition -- must be decided beforehand, reacted angrily to the MPLA communique, which it said violated the peace accord agreed in 1994.</p>
<p>Western diplomats said the MPLA's statement had caused tensions between the two parties ahead of the ceremony formally establishing Angola's government of national unity.</p>
<p>In a move apparently aimed at calming UNITA's fears, Beye told reporters Savimbi's status would be approved by the National Assembly before UNITA deputies were sworn in.</p>
<p>Beye would not be drawn on the MPLA communique, however, saying: &quot;I don't comment on the declarations of political parties.&quot;</p>
<p>The secretariat of Angola's National Assembly confirmed on Thursday evening that Savimbi's status would be discussed by a plenary session on April 8.</p>
<p>The MPLA-led government of President Jose Eduardo dos Santos and Savimbi's UNITA, who fought a civil war for two decades after independence from Portugal in 1975, have delayed the formation of the unity government three times since January 25.</p>
</text>
<copyright>(c) Reuters Limited 1997</copyright>
<metadata>
<codes class="bip:countries:1.0">
  <code code="ANGOL">
    <editdetail attribution="Reuters BIP Coding Group" action="confirmed" date="1997-04-03"/>
  </code>
  <code code="UN">
    <editdetail attribution="Reuters BIP Coding Group" action="confirmed" date="1997-04-03"/>
  </code>
</codes>
<codes class="bip:topics:1.0">
  <code code="GCAT">
    <editdetail attribution="Reuters BIP Coding Group" action="confirmed" date="1997-04-03"/>
  </code>
  <code code="GVIO">
    <editdetail attribution="Reuters BIP Coding Group" action="confirmed" date="1997-04-03"/>
  </code>
</codes>
<dc element="dc.date.created" value="1997-04-03"/>
<dc element="dc.publisher" value="Reuters Holdings Plc"/>
<dc element="dc.date.published" value="1997-04-03"/>
<dc element="dc.source" value="Reuters"/>
<dc element="dc.creator.location" value="LUANDA"/>
<dc element="dc.creator.location.country.name" value="ANGOLA"/>
<dc element="dc.source" value="Reuters"/>
</metadata>
</newsitem>
