<?xml version="1.0" encoding="iso-8859-1" ?>
<newsitem itemid="484007" id="root" date="1997-04-03" xml:lang="en">
<title>ZIMBABWE: Zimbabwe shares end slightly firm, but seen soft.</title>
<headline>Zimbabwe shares end slightly firm, but seen soft.</headline>
<dateline>HARARE 1997-04-03</dateline>
<text>
<p>Zimbabwean industrial shares traded slightly firmer on Thursday, but brokers said the market's short-term outlook remained soft as many investors were inactive, still awaiting the outcome of some new issues later this month.</p>
<p>&quot;We had a one-off, the odd shift upwards today on the basis of a few select big counters,&quot; one broker said of the main industrial index's 5.95- point rise to 10,076.89.</p>
<p>The index was helped up by a 20-cent gain to 1,720 in conglomerate Delta, banking group Barclays, which traded 100 cents higher at 3,400, and tobacco company Rothmans, which jumped 300 cents to 4,300.</p>
<p>The secondary seven-share mining index remained stable on Thursday at 969.89, anchored by two local gold giants Ashanti, which traded unchanged at 9,500, and Rio Tinto which was also unchanged at 2,500.</p>
<p>---Cris Chinaka, Harare Newsroom: +263-4 72 52 27/8/9---</p>
</text>
<copyright>(c) Reuters Limited 1997</copyright>
<metadata>
<codes class="bip:countries:1.0">
  <code code="ZIMBAB">
    <editdetail attribution="Reuters BIP Coding Group" action="confirmed" date="1997-04-03"/>
  </code>
</codes>
<codes class="bip:topics:1.0">
  <code code="M11">
    <editdetail attribution="Reuters BIP Coding Group" action="confirmed" date="1997-04-03"/>
  </code>
  <code code="MCAT">
    <editdetail attribution="Reuters BIP Coding Group" action="confirmed" date="1997-04-03"/>
  </code>
</codes>
<dc element="dc.date.created" value="1997-04-03"/>
<dc element="dc.publisher" value="Reuters Holdings Plc"/>
<dc element="dc.date.published" value="1997-04-03"/>
<dc element="dc.source" value="Reuters"/>
<dc element="dc.creator.location" value="HARARE"/>
<dc element="dc.creator.location.country.name" value="ZIMBABWE"/>
<dc element="dc.source" value="Reuters"/>
</metadata>
</newsitem>
