<?xml version="1.0" encoding="iso-8859-1" ?>
<newsitem itemid="484053" id="root" date="1997-04-03" xml:lang="en">
<title>SLOVAKIA: PRESS DIGEST - Slovakia - April 3.</title>
<headline>PRESS DIGEST - Slovakia - April 3.</headline>
<text>
<p>NARODNA OBRODA - German Foreign Minister Klaus Kinkel will pay a two-day visit to Slovakia, starting May 1. Kinkel is scheduled to meet Prime Minister Vladimir Meciar, his Slovak counterpart Pavol Hamzik and Parliamentary Chairman Ivan Gasparovic. The talks will include Slovakia's integration into western structures.</p>
<p>- Russian Prime Minister Viktor Chernomyrdin will visit on April 24 and 25. He is expected to sign 10 unspecified treaties aimed to boost Slovak-Russian cooperation.</p>
<p>- The paper quotes unnamed sources as saying the Slovak branch of the Czech bank Agrobanka has been bought by a group of Slovak firms closely linked to the ruling Movement for a Democratic Slovakia (HZDS).</p>
<p>HOSPODARSKE NOVINY - An unspecified EU document warns that Slovakia's economy is becoming overheated, saying the worsening country's balance of payment was the most concerning issue.</p>
<p>- The state-owned Slovak Railways (ZRS) said it had yet to calculate losses caused by a recent strike of Czech rail workers, but added that the sum &quot;will definitely exceed 50 million crowns.&quot; ZRS will demand compensation from Czech railways.</p>
<p>- The judges of the International Court of Justice on Thursday leave Slovakia and will continue their inspection of the controversial Gabcikovo dam from the Hungarian side.</p>
<p>- State-owned gas distributor SPP said its 1996 pre-tax profit totalled 13.8 billion crowns.</p>
<p>- Slovakia's major paper and pulp producer JCP Sturovo has called an annual shareholders meeting for May 7.</p>
<p>SME - Former Foreign Minister Eduard Kukan said Slovakia had &quot;no chance&quot; of being elected to the post chairman of the UN General Assembly. Slovakia's candidate is foreign minister Pavol Hamzik.</p>
<p>-- Bratislava Newsroom, 421-7-521-8402</p>
</text>
<copyright>(c) Reuters Limited 1997</copyright>
<metadata>
<codes class="bip:countries:1.0">
  <code code="SLVAK">
    <editdetail attribution="Reuters BIP Coding Group" action="confirmed" date="1997-04-03"/>
  </code>
</codes>
<codes class="bip:topics:1.0">
  <code code="GCAT">
    <editdetail attribution="Reuters BIP Coding Group" action="confirmed" date="1997-04-03"/>
  </code>
</codes>
<dc element="dc.publisher" value="Reuters Holdings Plc"/>
<dc element="dc.date.published" value="1997-04-03"/>
<dc element="dc.source" value="Reuters"/>
<dc element="dc.creator.location.country.name" value="SLOVAKIA"/>
<dc element="dc.source" value="Reuters"/>
</metadata>
</newsitem>
