<?xml version="1.0" encoding="iso-8859-1" ?>
<newsitem itemid="484074" id="root" date="1997-04-03" xml:lang="en">
<title>POLAND: Polish Gdansk refinery 1996 net drops 63 pct.</title>
<headline>Polish Gdansk refinery 1996 net drops 63 pct.</headline>
<dateline>GDANSK, Poland 1997-04-03</dateline>
<text>
<p>The net profit of the second largest Polish refinery,  Rafineria Gdanska SA, tumbled 63 percent to 46 million zlotys in 1996 because of high world prices and caps on domestic prices, its president said.</p>
<p>In February the Gdansk refinery said its net profit dropped by 35 percent last year from 125 million zlotys in 1995.</p>
<p>&quot;The price of crude in zlotys rose 25 percent, while sales prices rose only 15 percent and the refinery had to cover the difference,&quot; Wlodzimierz Dyrka told reporters on Thursday.</p>
<p>Dyrka said the refinery processed a record 2.95 million tonnes of crude last year, up from 2.85 million in 1995.</p>
<p>Its gross revenues increasd 14 percent to 3.21 billion zlotys and net revenues rose 6.8 percent to 2.25 billion.</p>
<p>Gdansk expected its net to rebound in 1997 after the domestic fuel price cap was lifted in February and said its modernisation programme was not endangered by the lower profit.</p>
<p>The refinery plans to invest $425 million by 1999 to increase processing capability to 4.5 million tonnes per year.</p>
<p>-- Ryszard Wesolowski +48 22 653 9700</p>
</text>
<copyright>(c) Reuters Limited 1997</copyright>
<metadata>
<codes class="bip:countries:1.0">
  <code code="POL">
    <editdetail attribution="Reuters BIP Coding Group" action="confirmed" date="1997-04-03"/>
  </code>
</codes>
<codes class="bip:industries:1.0">
  <code code="I14000">
    <editdetail attribution="Reuters BIP Coding Group" action="confirmed" date="1997-04-03"/>
  </code>
</codes>
<codes class="bip:topics:1.0">
  <code code="C15">
    <editdetail attribution="Reuters BIP Coding Group" action="confirmed" date="1997-04-03"/>
  </code>
  <code code="C151">
    <editdetail attribution="Reuters BIP Coding Group" action="confirmed" date="1997-04-03"/>
  </code>
  <code code="C1511">
    <editdetail attribution="Reuters BIP Coding Group" action="confirmed" date="1997-04-03"/>
  </code>
  <code code="CCAT">
    <editdetail attribution="Reuters BIP Coding Group" action="confirmed" date="1997-04-03"/>
  </code>
</codes>
<dc element="dc.date.created" value="1997-04-03"/>
<dc element="dc.publisher" value="Reuters Holdings Plc"/>
<dc element="dc.date.published" value="1997-04-03"/>
<dc element="dc.source" value="Reuters"/>
<dc element="dc.creator.location" value="GDANSK, Poland"/>
<dc element="dc.creator.location.country.name" value="POLAND"/>
<dc element="dc.source" value="Reuters"/>
</metadata>
</newsitem>
