<?xml version="1.0" encoding="iso-8859-1" ?>
<newsitem itemid="484018" id="root" date="1997-04-03" xml:lang="en">
<title>NIGERIA: PRESS DIGEST - Nigeria - April 3.</title>
<headline>PRESS DIGEST - Nigeria - April 3.</headline>
<dateline>LAGOS 1997-04-03</dateline>
<text>
<p>These are significant stories in the Nigerian press on Thursday. Reuters has not verified these stories and does not vouch for their accuracy.</p>
<p>DAILY TIMES</p>
<p>- Electoral commission suspends run-off local council election due on Thursday in federal capital Abuja pending investigations into rival claims by the political parties.</p>
<p>- Premises of some failed banks which were unable to meet a March 31 deadline to recapitalise have been sealed up in various parts of the country, Daily Times survey shows.</p>
<p>- State oil firm NNPC is considering Vienna, Geneva or Paris to site its European coordinating office following closure of its London bureau last month.</p>
<p>- Fuel output at Nigerian refineries are running at only 43 percent of national demand, accounting for current petrol scarcity in some parts of the country.</p>
<p>THE GUARDIAN</p>
<p>- Lagos state military administrator Colonel Mohammed Marwa enacts much-awaited rent edict, setting out how much rent is payable throughout the state and establishing tribunals to enforce it.</p>
<p>- Negotiations for new salaries for civil servants suspended pending the release of the national minimum wage, says secretary of the negotiating council, Sylvester Ejiofor.</p>
<p>- The five reinsurance firms in Nigeria need 333 million naira to meet new capital base set for them by the government.</p>
<p>THISDAY</p>
<p>- Hearing in bail application by dissidents charged with treason over Lagos bomb blasts adjourned to next Monday following confusion as to whether the complainant in the case is Lagos state or federal government.</p>
<p>- Banks freeze deposit rates despite getting higher returns from treasury bills.</p>
<p>- Four locomotives arrive from China which is handling a project to revitalise Nigerian railways; more expected soon.</p>
<p>- Nigerian-British chamber of commerce blames low inflow of foreign investment into Nigeria on poor infrastructure.</p>
<p>- Shares of Golden Guinea brewery enliven stock market as they are heavily traded on Wednesday at the stock exchange.</p>
<p>($1=85)</p>
<p>-- Lagos newsroom +234 1 2630317</p>
</text>
<copyright>(c) Reuters Limited 1997</copyright>
<metadata>
<codes class="bip:countries:1.0">
  <code code="NIGEA">
    <editdetail attribution="Reuters BIP Coding Group" action="confirmed" date="1997-04-03"/>
  </code>
</codes>
<codes class="bip:topics:1.0">
  <code code="GCAT">
    <editdetail attribution="Reuters BIP Coding Group" action="confirmed" date="1997-04-03"/>
  </code>
</codes>
<dc element="dc.date.created" value="1997-04-03"/>
<dc element="dc.publisher" value="Reuters Holdings Plc"/>
<dc element="dc.date.published" value="1997-04-03"/>
<dc element="dc.source" value="Reuters"/>
<dc element="dc.creator.location" value="LAGOS"/>
<dc element="dc.creator.location.country.name" value="NIGERIA"/>
<dc element="dc.source" value="Reuters"/>
</metadata>
</newsitem>
