<?xml version="1.0" encoding="iso-8859-1" ?>
<newsitem itemid="484058" id="root" date="1997-04-03" xml:lang="en">
<title>CROATIA: Croatia expects fresh World Bank loans.</title>
<headline>Croatia expects fresh World Bank loans.</headline>
<dateline>ZAGREB 1997-04-03</dateline>
<text>
<p>The World Bank will soon approve new loans to help Croatia overhaul its banking system and restructure its pension plan, Croatian state media said on Thursday.</p>
<p>&quot;We confirmed support the Bank is able to offer Croatia,&quot; World Bank head James Wolfenshon told Croatian television (HRT) after meeting Prime Minister Zlatko Matesa, who is on a visit to the United States.</p>
<p>Matesa told HRT the bank was likely to approve a $100 million EFSAL loan aimed at overhauling troubled Privredna, Splitska and Rijecka banks, as well as ailing state firms such as oil concern INA, Croatian railways, telecom HPT and others.</p>
<p>The $100 million loan should be approved in May, the state news agency HINA said.</p>
<p>&quot;As far as EFSAL is concerned, that's settled,&quot; Matesa told HRT.</p>
<p>HINA said the World Bank was preparing another $80 million loan to restructure Croatia's pension system.</p>
<p>The bank has so far approved nine projects totalling $450 million for Croatia's reforming economy.</p>
<p>-- Zagreb newsroom, 385-1-4557075</p>
</text>
<copyright>(c) Reuters Limited 1997</copyright>
<metadata>
<codes class="bip:countries:1.0">
  <code code="CRTIA">
    <editdetail attribution="Reuters BIP Coding Group" action="confirmed" date="1997-04-03"/>
  </code>
  <code code="USA">
    <editdetail attribution="Reuters BIP Coding Group" action="confirmed" date="1997-04-03"/>
  </code>
</codes>
<codes class="bip:topics:1.0">
  <code code="E21">
    <editdetail attribution="Reuters BIP Coding Group" action="confirmed" date="1997-04-03"/>
  </code>
  <code code="E212">
    <editdetail attribution="Reuters BIP Coding Group" action="confirmed" date="1997-04-03"/>
  </code>
  <code code="ECAT">
    <editdetail attribution="Reuters BIP Coding Group" action="confirmed" date="1997-04-03"/>
  </code>
</codes>
<dc element="dc.date.created" value="1997-04-03"/>
<dc element="dc.publisher" value="Reuters Holdings Plc"/>
<dc element="dc.date.published" value="1997-04-03"/>
<dc element="dc.source" value="Reuters"/>
<dc element="dc.creator.location" value="ZAGREB"/>
<dc element="dc.creator.location.country.name" value="CROATIA"/>
<dc element="dc.source" value="Reuters"/>
</metadata>
</newsitem>
