<?xml version="1.0" encoding="iso-8859-1" ?>
<newsitem itemid="484003" id="root" date="1997-04-03" xml:lang="en">
<title>ETHIOPIA: Ethiopia foresees coffee output growth in 97/98.</title>
<headline>Ethiopia foresees coffee output growth in 97/98.</headline>
<byline>Manoah Esipisu</byline>
<dateline>ADDIS ABABA 1997-04-03</dateline>
<text>
<p>Favourable weather and high world prices will boost Ethiopian coffee output in 1997/98, Ethiopian authorities said on Thursday.</p>
<p>They told Reuters Ethiopia's organic coffee, which required a negligible amount of fertiliser or pesticide to flourish, was flowering and the outlook for 1997/98 was very good.</p>
<p>&quot;We are looking at a better crop. Production is going up,&quot; said Aster Estephanos, head of planning at the state Ethiopia Coffee and Tea Development Authority.</p>
<p>&quot;The short rains are on time and we do not expect any problems with the weather. It is positive so far.&quot;</p>
<p>Aster said production normally averaged 250,000 tonnes.</p>
<p>Aster saw export receipts rising to more than $300 million in 1996/97 (July/June) from $279.5 million in 1995/96 owing to favourable prices on the international market.</p>
<p>She said prices of washed arabicas had reached $292 per 17-kg bag at end-February compared with $206 in July 1996. She quoted prices of dry coffees at $200 per 17-kg bag at end-February from $176 in July last year.</p>
<p>Coffee is sold per 17-kg bag at Ethiopia's daily coffee auctions in Addis Ababa and the town of Dire Dawa. But it is shipped in 60-kg bags. Aster said she saw no future changes in the auction sales system for the industry.</p>
<p>Private Ethiopian coffee expect to export up to 60,000 tonnes of a total 108,000 forecast for 1996/97.</p>
<p>Aster said between July 1996 and end-February, a total of 59,984 tonnes had been exported. She saw the export figure at around 70,000 tonnes by end-March and said Ethiopia would meet the 108,000 tonne export target.</p>
<p>She forecast exports rising to around 110,000 tonnes or more in 1997/98, in line with favourable market conditions.</p>
<p>Ethiopia exported 102,000 tonnes of coffee in 1995/96 and earned $279.5 million --- lower than the $300.9 million it received for exporting 78,420 tonnes of coffee in 1994/95 due to poor global price of the commodity.</p>
<p>Ethiopia's main coffee destinations are Germany, Saudi Arabia and the United States, and Aster said the country had raised its marketing drive for Scandinavian countries and central and eastern Europe.</p>
<p>Some 95 percent of Ethiopian coffee is produced by smallholders while state farms account for five percent. The exact area under coffee was not immediately available.</p>
<p>Aster also spoke of increased efforts to promote Ethiopian coffee on speciality markets, with plans to attend an exhibition in New Orleans in April and to participate at all other major exhibitions until the year 2001.</p>
<p>--Addis Ababa ++2511-511058</p>
</text>
<copyright>(c) Reuters Limited 1997</copyright>
<metadata>
<codes class="bip:countries:1.0">
  <code code="ETHPA">
    <editdetail attribution="Reuters BIP Coding Group" action="confirmed" date="1997-04-03"/>
  </code>
</codes>
<codes class="bip:industries:1.0">
  <code code="I01001">
    <editdetail attribution="Reuters BIP Coding Group" action="confirmed" date="1997-04-03"/>
  </code>
  <code code="I0100137">
    <editdetail attribution="Reuters BIP Coding Group" action="confirmed" date="1997-04-03"/>
  </code>
</codes>
<codes class="bip:topics:1.0">
  <code code="C21">
    <editdetail attribution="Reuters BIP Coding Group" action="confirmed" date="1997-04-03"/>
  </code>
  <code code="C31">
    <editdetail attribution="Reuters BIP Coding Group" action="confirmed" date="1997-04-03"/>
  </code>
  <code code="C312">
    <editdetail attribution="Reuters BIP Coding Group" action="confirmed" date="1997-04-03"/>
  </code>
  <code code="CCAT">
    <editdetail attribution="Reuters BIP Coding Group" action="confirmed" date="1997-04-03"/>
  </code>
  <code code="M14">
    <editdetail attribution="Reuters BIP Coding Group" action="confirmed" date="1997-04-03"/>
  </code>
  <code code="M141">
    <editdetail attribution="Reuters BIP Coding Group" action="confirmed" date="1997-04-03"/>
  </code>
  <code code="MCAT">
    <editdetail attribution="Reuters BIP Coding Group" action="confirmed" date="1997-04-03"/>
  </code>
</codes>
<dc element="dc.date.created" value="1997-04-03"/>
<dc element="dc.publisher" value="Reuters Holdings Plc"/>
<dc element="dc.date.published" value="1997-04-03"/>
<dc element="dc.source" value="Reuters"/>
<dc element="dc.creator.location" value="ADDIS ABABA"/>
<dc element="dc.creator.location.country.name" value="ETHIOPIA"/>
<dc element="dc.source" value="Reuters"/>
</metadata>
</newsitem>
