<?xml version="1.0" encoding="iso-8859-1" ?>
<newsitem itemid="484144" id="root" date="1997-04-03" xml:lang="en">
<title>RUSSIA: Merrill Lynch underwrites Rostelekom $100 mln loan.</title>
<headline>Merrill Lynch underwrites Rostelekom $100 mln loan.</headline>
<dateline>MOSCOW 1997-04-03</dateline>
<text>
<p>Russian telecom Rostelekom has received a $100 million credit underwritten by Merrill Lynch, Rostelekom general director Oleg Belov said on Thursday.</p>
<p>&quot;The money is already in Rostelekom's bank account,&quot; he said.</p>
<p>Belov said the money would be used to purchase equipment, but details of the loan were a commercial secret.</p>
<p>Nina Shemetova, Rostelekom executive director, said the credit terms were comparable to those offered to the Russian government for its first Eurobond issue. She said Rostelekom received the credit without government or other guarantees.</p>
<p>She said Rostelekom was still considering issuing Eurobonds, although a murky regulatory situation would make the process more complicated.</p>
<p>&quot;We will continue preparations to issue Eurobonds, but unfortunately (corporate) Eurobonds are still not clearly registered (in legislation) and we are suspending the issuing schedule,&quot; said Shemetova.</p>
<p>Rostelekom announced plans earlier to issue the bonds in 1997. In February 1997, Standard &amp; Poor's gave Rostelekom a corporate credit rating of BB minus.</p>
<p>--Aleksandras Budrys, Moscow Newsroom, +7095 941 8520</p>
</text>
<copyright>(c) Reuters Limited 1997</copyright>
<metadata>
<codes class="bip:countries:1.0">
  <code code="RUSS">
    <editdetail attribution="Reuters BIP Coding Group" action="confirmed" date="1997-04-03"/>
  </code>
</codes>
<codes class="bip:industries:1.0">
  <code code="I79020">
    <editdetail attribution="Reuters BIP Coding Group" action="confirmed" date="1997-04-03"/>
  </code>
</codes>
<codes class="bip:topics:1.0">
  <code code="C17">
    <editdetail attribution="Reuters BIP Coding Group" action="confirmed" date="1997-04-03"/>
  </code>
  <code code="C173">
    <editdetail attribution="Reuters BIP Coding Group" action="confirmed" date="1997-04-03"/>
  </code>
  <code code="CCAT">
    <editdetail attribution="Reuters BIP Coding Group" action="confirmed" date="1997-04-03"/>
  </code>
</codes>
<dc element="dc.date.created" value="1997-04-03"/>
<dc element="dc.publisher" value="Reuters Holdings Plc"/>
<dc element="dc.date.published" value="1997-04-03"/>
<dc element="dc.source" value="Reuters"/>
<dc element="dc.creator.location" value="MOSCOW"/>
<dc element="dc.creator.location.country.name" value="RUSSIA"/>
<dc element="dc.source" value="Reuters"/>
</metadata>
</newsitem>
