<?xml version="1.0" encoding="iso-8859-1" ?>
<newsitem itemid="484161" id="root" date="1997-04-03" xml:lang="en">
<title>RUSSIA: Russia, IMF see 1997 growth if policies right.</title>
<headline>Russia, IMF see 1997 growth if policies right.</headline>
<dateline>MOSCOW 1997-04-03</dateline>
<text>
<p>The Russian economy could return to growth this year, provided the authorities implement policy plans in full, IMF head Michel Camdessus and Russian Prime Minister Viktor Chernomyrdin said in a joint statement on Thursday.</p>
<p>The statement, released before Camdessus' news conference, said both sides agreed that Russia needed to boost tax revenues, approve a new tax code and deepen structural reforms.</p>
</text>
<copyright>(c) Reuters Limited 1997</copyright>
<metadata>
<codes class="bip:countries:1.0">
  <code code="RUSS">
    <editdetail attribution="Reuters BIP Coding Group" action="confirmed" date="1997-04-03"/>
  </code>
</codes>
<codes class="bip:topics:1.0">
  <code code="E11">
    <editdetail attribution="Reuters BIP Coding Group" action="confirmed" date="1997-04-03"/>
  </code>
  <code code="E12">
    <editdetail attribution="Reuters BIP Coding Group" action="confirmed" date="1997-04-03"/>
  </code>
  <code code="ECAT">
    <editdetail attribution="Reuters BIP Coding Group" action="confirmed" date="1997-04-03"/>
  </code>
</codes>
<dc element="dc.date.created" value="1997-04-03"/>
<dc element="dc.publisher" value="Reuters Holdings Plc"/>
<dc element="dc.date.published" value="1997-04-03"/>
<dc element="dc.source" value="Reuters"/>
<dc element="dc.creator.location" value="MOSCOW"/>
<dc element="dc.creator.location.country.name" value="RUSSIA"/>
<dc element="dc.source" value="Reuters"/>
</metadata>
</newsitem>
