<?xml version="1.0" encoding="iso-8859-1" ?>
<newsitem itemid="484127" id="root" date="1997-04-03" xml:lang="en">
<title>CZECH REPUBLIC: Chirac says NATO reform can be finished by Madrid.</title>
<headline>Chirac says NATO reform can be finished by Madrid.</headline>
<dateline>PRAGUE 1997-04-03</dateline>
<text>
<p>French President Jacques Chirac expressed optimism on Thursday that internal reform of NATO could be completed in time for the alliance's Madrid summit in July, but left open the question of France's return to its military wing.</p>
<p>&quot;I am very optimistic about the Madrid summit,&quot; he told a news conference during a visit to Prague. &quot;There is a problem of general reform. I think that is evolving normally and that the reform could be made formal for Madrid.&quot;</p>
<p>Paris wants a European officer to take over from an American at the head of NATO's Naples-based Southern Command if it is to return to the military wing, which it quit in 1966, but Washington has refused.</p>
<p>&quot;If NATO reform allows a European to assume responsibility which would allow a European defence identity to be defined, France is disposed to join,&quot; Chirac said on the second day of a state visit to the Czech Republic.</p>
<p>&quot;If by contrast, for reasons which I understand perfectly and pose no problems between the United States and France, the Americans plan to keep complete mastery of NATO, France will stay in its present situation,&quot; he said.</p>
<p>NATO (North Atlantic Treaty Organisation) is set to invite new members to join the alliance after the Madrid summit. The Czechs, Poles and Hungarians are the leading candidates.</p>
</text>
<copyright>(c) Reuters Limited 1997</copyright>
<metadata>
<codes class="bip:countries:1.0">
  <code code="CZREP">
    <editdetail attribution="Reuters BIP Coding Group" action="confirmed" date="1997-04-03"/>
  </code>
  <code code="FRA">
    <editdetail attribution="Reuters BIP Coding Group" action="confirmed" date="1997-04-03"/>
  </code>
  <code code="NATO">
    <editdetail attribution="Reuters BIP Coding Group" action="confirmed" date="1997-04-03"/>
  </code>
  <code code="SPAIN">
    <editdetail attribution="Reuters BIP Coding Group" action="confirmed" date="1997-04-03"/>
  </code>
</codes>
<codes class="bip:topics:1.0">
  <code code="GCAT">
    <editdetail attribution="Reuters BIP Coding Group" action="confirmed" date="1997-04-03"/>
  </code>
  <code code="GDEF">
    <editdetail attribution="Reuters BIP Coding Group" action="confirmed" date="1997-04-03"/>
  </code>
  <code code="GDIP">
    <editdetail attribution="Reuters BIP Coding Group" action="confirmed" date="1997-04-03"/>
  </code>
</codes>
<dc element="dc.date.created" value="1997-04-03"/>
<dc element="dc.publisher" value="Reuters Holdings Plc"/>
<dc element="dc.date.published" value="1997-04-03"/>
<dc element="dc.source" value="Reuters"/>
<dc element="dc.creator.location" value="PRAGUE"/>
<dc element="dc.creator.location.country.name" value="CZECH REPUBLIC"/>
<dc element="dc.source" value="Reuters"/>
</metadata>
</newsitem>
