<?xml version="1.0" encoding="iso-8859-1" ?>
<newsitem itemid="484138" id="root" date="1997-04-03" xml:lang="en">
<title>RUSSIA: New talks could finalise Russian-EU steel deal.</title>
<headline>New talks could finalise Russian-EU steel deal.</headline>
<dateline>MOSCOW 1997-04-03</dateline>
<text>
<p>Russian and European Community negotiators could finalise a long-awaited agreement on Russian steel exports at talks which begin on Thursday in Moscow, an EC official told Reuters.</p>
<p>Russia hopes a deal will open up the European market to Russian steel exports over the next five years.</p>
<p>&quot;The team arrives and talks will start today. We hope this will be the last set of talks, and of course everybody hopes to finish the negotiations today,&quot; said the EC official.</p>
<p>Russian trade officials also hoped that the deal, which will replace an existing agreement which expires in June, would be clinched this week.</p>
<p>&quot;This agreement will be fundamentally different from the current one. Its goal is to create a situation where EC limits on Russian steel imports can be removed,&quot; a Russian official said.</p>
<p>He said the new agreement would last five years and would eliminate current EC steel import quotas if Russia brings its steel industry into line with EC environmental norms and regulations on competition and state subsidies.</p>
<p>Russia has boosted exports to Europe in recent years due to falling domestic demand.</p>
<p>But the EC, worried about Russia &quot;dumping&quot; cheap steel exports, has insisted on quotas of 350,000 tonnes and 450,000 tonnes on Russian steel exports to the European Union and the former East Germany, respectively .</p>
<p>&quot;The European position is, yes, we are ready to liberalise our market, but the Russian steel industry is in need of restructuring, so that it can be competitive and avoid being accused of dumping,&quot; the EC source said.</p>
<p>Russian 1996 steel output fell five percent from 1995 levels to 49.2 million tonnes, half peak levels from the late 1980s.</p>
<p>Russia consumes around 17 million tonnes annually, according to the International Iron and Steel Institute.</p>
<p>-- Christina Ling, Moscow Newsroom, +7095 941 8520</p>
</text>
<copyright>(c) Reuters Limited 1997</copyright>
<metadata>
<codes class="bip:countries:1.0">
  <code code="EEC">
    <editdetail attribution="Reuters BIP Coding Group" action="confirmed" date="1997-04-03"/>
  </code>
  <code code="RUSS">
    <editdetail attribution="Reuters BIP Coding Group" action="confirmed" date="1997-04-03"/>
  </code>
</codes>
<codes class="bip:industries:1.0">
  <code code="I22100">
    <editdetail attribution="Reuters BIP Coding Group" action="confirmed" date="1997-04-03"/>
  </code>
</codes>
<codes class="bip:topics:1.0">
  <code code="C31">
    <editdetail attribution="Reuters BIP Coding Group" action="confirmed" date="1997-04-03"/>
  </code>
  <code code="C312">
    <editdetail attribution="Reuters BIP Coding Group" action="confirmed" date="1997-04-03"/>
  </code>
  <code code="CCAT">
    <editdetail attribution="Reuters BIP Coding Group" action="confirmed" date="1997-04-03"/>
  </code>
  <code code="E51">
    <editdetail attribution="Reuters BIP Coding Group" action="confirmed" date="1997-04-03"/>
  </code>
  <code code="E512">
    <editdetail attribution="Reuters BIP Coding Group" action="confirmed" date="1997-04-03"/>
  </code>
  <code code="ECAT">
    <editdetail attribution="Reuters BIP Coding Group" action="confirmed" date="1997-04-03"/>
  </code>
  <code code="G15">
    <editdetail attribution="Reuters BIP Coding Group" action="confirmed" date="1997-04-03"/>
  </code>
  <code code="G158">
    <editdetail attribution="Reuters BIP Coding Group" action="confirmed" date="1997-04-03"/>
  </code>
  <code code="GCAT">
    <editdetail attribution="Reuters BIP Coding Group" action="confirmed" date="1997-04-03"/>
  </code>
</codes>
<dc element="dc.date.created" value="1997-04-03"/>
<dc element="dc.publisher" value="Reuters Holdings Plc"/>
<dc element="dc.date.published" value="1997-04-03"/>
<dc element="dc.source" value="Reuters"/>
<dc element="dc.creator.location" value="MOSCOW"/>
<dc element="dc.creator.location.country.name" value="RUSSIA"/>
<dc element="dc.source" value="Reuters"/>
</metadata>
</newsitem>
