<?xml version="1.0" encoding="iso-8859-1" ?>
<newsitem itemid="484103" id="root" date="1997-04-03" xml:lang="en">
<title>CZECH REPUBLIC: France's Chirac hails Kohl's &quot;determined action&quot;.</title>
<headline>France's Chirac hails Kohl's &quot;determined action&quot;.</headline>
<dateline>PRAGUE 1997-04-03</dateline>
<text>
<p>French President Jacques Chirac hailed Chancellor Helmut Kohl's &quot;determined action&quot; on Thursday and said he looked forward to continuing to build a united Europe with him.</p>
<p>In a &quot;Dear Helmut&quot; birthday message to the German leader, released by French officials while he was visiting Prague, Chirac did not refer specifically to Kohl's announcement on Thursday that he intended to seek re-election next year.</p>
<p>But he publicly voiced admiration for the chancellor on the day Kohl ended months of uncertainty by telling German television on his 67th birthday that he planned to seek an unprecedented fifth term of office in 1998.</p>
<p>&quot;May the coming year bring you health, personal happiness and full success in your determined action at the head of the German government and in all your endeavours,&quot; Chirac wrote.</p>
<p>&quot;It is a great pleasure for me to work with you for progress in Franco-German cooperation, which we both want to make ever stronger, particularly to continue the construction of Europe.&quot;</p>
<p>Chirac said he looked forward to meeting Kohl in a few days' time in Bonn to prepare for this year's major summits on European Union reform and NATO reform.</p>
<p>No date has been announced for the meeting, but the two leaders hold informal dinners roughly every six weeks to confer on European and bilateral issues.</p>
<p>French officials said Kohl's announcement came as little surprise, since Chirac had always assumed the Christian Democratic chancellor, in office since 1982, would stand again.</p>
<p>Officials close to the president say they consider Kohl the strongest guarantor of the planned single European currency and see his determination to seek reelection as a clear sign that the project will go ahead on time in January 1999.</p>
<p>&quot;Kohl has always said that completing European monetary and political unification is the second part of his life's work following German unification,&quot; one senior French official said.</p>
</text>
<copyright>(c) Reuters Limited 1997</copyright>
<metadata>
<codes class="bip:countries:1.0">
  <code code="CZREP">
    <editdetail attribution="Reuters BIP Coding Group" action="confirmed" date="1997-04-03"/>
  </code>
  <code code="FRA">
    <editdetail attribution="Reuters BIP Coding Group" action="confirmed" date="1997-04-03"/>
  </code>
  <code code="GFR">
    <editdetail attribution="Reuters BIP Coding Group" action="confirmed" date="1997-04-03"/>
  </code>
</codes>
<codes class="bip:topics:1.0">
  <code code="GCAT">
    <editdetail attribution="Reuters BIP Coding Group" action="confirmed" date="1997-04-03"/>
  </code>
  <code code="GDIP">
    <editdetail attribution="Reuters BIP Coding Group" action="confirmed" date="1997-04-03"/>
  </code>
</codes>
<dc element="dc.date.created" value="1997-04-03"/>
<dc element="dc.publisher" value="Reuters Holdings Plc"/>
<dc element="dc.date.published" value="1997-04-03"/>
<dc element="dc.source" value="Reuters"/>
<dc element="dc.creator.location" value="PRAGUE"/>
<dc element="dc.creator.location.country.name" value="CZECH REPUBLIC"/>
<dc element="dc.source" value="Reuters"/>
</metadata>
</newsitem>
