<?xml version="1.0" encoding="iso-8859-1" ?>
<newsitem itemid="484135" id="root" date="1997-04-03" xml:lang="en">
<title>CROATIA: Croatia central bank to ease policy to spur growth.</title>
<headline>Croatia central bank to ease policy to spur growth.</headline>
<byline>Kolumbina Bencevic</byline>
<dateline>ZAGREB 1997-04-03</dateline>
<text>
<p>The Croatian central bank, encouraged by good inflation data, wants to relax its grip on money supply to help spur growth, while maintaining macroeconomic stability, the bank's governor said.</p>
<p>Marko Skreb, head of the National Bank of Croatia, told Reuters in an interview on Wednesday he would like to ease reserve requirements for banks and continue with cuts in official interest rates.</p>
<p>&quot;I would like to see the reserve requirement at below 30 percent by the end of this year,&quot; he said.</p>
<p>Lowering of the mandatory reserve ratio -- now set at 34.85 percent of all kuna deposits -- will take place in gradual steps after a token cut of one percentage point in April.</p>
<p>The bank recently cut the Lombard and the discount rate to 9.5 and 5.9 percent respectively.</p>
<p>Although it no longer fears immediate spill-over of higher liquidity into consumption, the central bank would probably not act until demand for local money rises this summer due to seasonal hard currency inflows , Skreb said.</p>
<p>In 1995, the reserve ratio was raised to counter ballooning money supply after Croatians switched their under- the-mattress hard currency savings for local money, the kuna, in a sign of confidence in the stabilising economy.</p>
<p>A process of reducing inflation, by freezing wages and limiting public spending, from the roughly 1,200 in the middle of the Yugoslav conflict in 1993 has caused a drastic decline in living standards. It also lowered the amount of money in the economy, making money supply more sensitive to foreign inflows.</p>
<p>The government is now seeking improve living standards through small tax cuts and wage increases.</p>
<p>But Skreb believes these moves, coinciding with the election year, will not revive inflation which should stay at the current levels.</p>
<p>He set 1997 inflation target as &quot;somewhere between three and four percent&quot;, against the annual 3.4 percent at the end of December last year and 3.7 percent in 1995.</p>
<p>March retail prices edged up only 0.1 percent on a monthly basis after stagnating in February and 3.9 percent year-on-year. Producer prices fell 0.7 percent from February, rising 2.2 percent from the same month last year.</p>
<p>As part of its efforts to keep money supply in check, the central bank plans to keep lending to the government at a low level, now approximately 10 percent of the ceiling set at five percent of the budget.</p>
<p>Skreb said that there was no need to revamp the bank's exchange rate policy of keeping the kuna fairly stable even though the bank was considering measures to prevent its appreciation at times of greater tourism-boosted foreign inflows.</p>
<p>The kuna is little changed from its launch three years ago at 6.0 to the dollar and 3.7 against the German mark.</p>
<p>&quot;The kuna will (continue) to be allowed to float freely with some interventions on the foreign exchange market,&quot; he said, firmly ruling out any possibility of its devaluation to boost exports.</p>
<p>The central bank usually buys more hard currency from money changers and commercial banks when demand for local currency peaks during the summer tourist season, and hopes to boost its international reserves by $450-500 million this year.</p>
<p>Foreign inflows constitute the main source of money supply, forcing the central bank to increase kuna liquidity. But this year the pressure should weaken compared with last year when money supply rose almost 40 percent.</p>
<p>Skreb said the bank would continue to closely watch the effect of capital inflows, particularly the poorly monitored direct foreign investment, in case of a need to counter them.</p>
<p>&quot;A larger privatisation project may require additional sterilisation measures. Maintaining stability is a goal that must never be forgotten, however boring it may sound,&quot; he said.</p>
<p>Separately, the central bank would introduce the Croatian payments system to the last Serb-held enclave of Eastern Slavonia -- a move intended to integrate the region under Zagreb's rule sometime this year.</p>
<p>Converting an equivalent of some 200 million kuna in other currencies, estimated to circulate in the region, was not regarded as a threat to the overall financial stability.</p>
<p>Skreb said that although the easing up of monetary policy should help commercial banks reduce lending rates, there were structural reasons preventing an increase in much-needed credit action for investment.</p>
<p>&quot;... the problem is a structural one and does not lie in money supply,&quot; Skreb said.</p>
<p>The governor  listed low capital, over-staffing and lack of modern banking services as the main weaknesses of the banking sector.</p>
<p>He said, however, that tougher competition and likely mergers of smaller domestic banks with foreign would gradually increase the sector's efficiency.</p>
</text>
<copyright>(c) Reuters Limited 1997</copyright>
<metadata>
<codes class="bip:countries:1.0">
  <code code="CRTIA">
    <editdetail attribution="Reuters BIP Coding Group" action="confirmed" date="1997-04-03"/>
  </code>
</codes>
<codes class="bip:topics:1.0">
  <code code="E12">
    <editdetail attribution="Reuters BIP Coding Group" action="confirmed" date="1997-04-03"/>
  </code>
  <code code="ECAT">
    <editdetail attribution="Reuters BIP Coding Group" action="confirmed" date="1997-04-03"/>
  </code>
</codes>
<dc element="dc.date.created" value="1997-04-03"/>
<dc element="dc.publisher" value="Reuters Holdings Plc"/>
<dc element="dc.date.published" value="1997-04-03"/>
<dc element="dc.source" value="Reuters"/>
<dc element="dc.creator.location" value="ZAGREB"/>
<dc element="dc.creator.location.country.name" value="CROATIA"/>
<dc element="dc.source" value="Reuters"/>
</metadata>
</newsitem>
