<?xml version="1.0" encoding="iso-8859-1" ?>
<newsitem itemid="484118" id="root" date="1997-04-03" xml:lang="en">
<title>UKRAINE: Late Ukraine budget slows int'l bond debut-FinMin.</title>
<headline>Late Ukraine budget slows int'l bond debut-FinMin.</headline>
<dateline>KIEV 1997-04-03</dateline>
<text>
<p>Ukraine's hopes to issue soon its first foreign bonds are being held up because the country has not passed its 1997 budget yet, a deputy finance minister said on Thursday.</p>
<p>&quot;We are working on the issue but we are being held up by the lack of a budget,&quot; Mykhailo Honcharuk told a news conference.</p>
<p>Honcharuk said Ukraine would have little chance of getting a credit rating without a budget, which parliament is due to review this month.</p>
<p>&quot;We have to step out onto this market this year,&quot; Honcharuk</p>
</text>
<copyright>(c) Reuters Limited 1997</copyright>
<metadata>
<codes class="bip:countries:1.0">
  <code code="UKRN">
    <editdetail attribution="Reuters BIP Coding Group" action="confirmed" date="1997-04-03"/>
  </code>
</codes>
<codes class="bip:topics:1.0">
  <code code="E21">
    <editdetail attribution="Reuters BIP Coding Group" action="confirmed" date="1997-04-03"/>
  </code>
  <code code="E211">
    <editdetail attribution="Reuters BIP Coding Group" action="confirmed" date="1997-04-03"/>
  </code>
  <code code="E212">
    <editdetail attribution="Reuters BIP Coding Group" action="confirmed" date="1997-04-03"/>
  </code>
  <code code="ECAT">
    <editdetail attribution="Reuters BIP Coding Group" action="confirmed" date="1997-04-03"/>
  </code>
</codes>
<dc element="dc.date.created" value="1997-04-03"/>
<dc element="dc.publisher" value="Reuters Holdings Plc"/>
<dc element="dc.date.published" value="1997-04-03"/>
<dc element="dc.source" value="Reuters"/>
<dc element="dc.creator.location" value="KIEV"/>
<dc element="dc.creator.location.country.name" value="UKRAINE"/>
<dc element="dc.source" value="Reuters"/>
</metadata>
</newsitem>
