<?xml version="1.0" encoding="iso-8859-1" ?>
<newsitem itemid="484182" id="root" date="1997-04-03" xml:lang="en">
<title>RUSSIA: IMF head says Russia has to spend better, not less.</title>
<headline>IMF head says Russia has to spend better, not less.</headline>
<dateline>MOSCOW 1997-04-03</dateline>
<text>
<p>Russia has to spend its budget revenues in a more effective way to cut the budget deficit, Izvestia newspaper on Thursday quoted International Monetary Fund chairman Michel Camdessus as saying.</p>
<p>&quot;The problem is that budget spending must be done better, it is not supposed to be made much smaller,&quot; Camdessus said.</p>
<p>He said Russia's budget deficit had to be small enough for the central bank not to cover the gap in an inflationary way. &quot;Efforts should be focused on income collection,&quot; he said, adding that the IMF was worried about tax evasion in Russia.</p>
<p>&quot;Democracy assumes that the people agree to pay taxes. High tax debt in Russia is close to a crisis of democracy. History showed...that this may lead to anarchy or dictatorship.&quot;</p>
<p>Camdessus also said he hoped Russia and IMF would approve a joint economic programme for 1997-1998 soon.</p>
<p>Camdessus is visiting Russia for talks with the new government team and Interfax news agency on Thursday quoted him as saying that the IMF may release the next tranche of its $10 billion three-year loan to Russia by the end of this month.</p>
<p>The IMF has delayed some tranches of the loan due to concern over low tax revenues.</p>
</text>
<copyright>(c) Reuters Limited 1997</copyright>
<metadata>
<codes class="bip:countries:1.0">
  <code code="RUSS">
    <editdetail attribution="Reuters BIP Coding Group" action="confirmed" date="1997-04-03"/>
  </code>
</codes>
<codes class="bip:topics:1.0">
  <code code="E12">
    <editdetail attribution="Reuters BIP Coding Group" action="confirmed" date="1997-04-03"/>
  </code>
  <code code="E21">
    <editdetail attribution="Reuters BIP Coding Group" action="confirmed" date="1997-04-03"/>
  </code>
  <code code="E211">
    <editdetail attribution="Reuters BIP Coding Group" action="confirmed" date="1997-04-03"/>
  </code>
  <code code="ECAT">
    <editdetail attribution="Reuters BIP Coding Group" action="confirmed" date="1997-04-03"/>
  </code>
</codes>
<dc element="dc.date.created" value="1997-04-03"/>
<dc element="dc.publisher" value="Reuters Holdings Plc"/>
<dc element="dc.date.published" value="1997-04-03"/>
<dc element="dc.source" value="Reuters"/>
<dc element="dc.creator.location" value="MOSCOW"/>
<dc element="dc.creator.location.country.name" value="RUSSIA"/>
<dc element="dc.source" value="Reuters"/>
</metadata>
</newsitem>
