<?xml version="1.0" encoding="iso-8859-1" ?>
<newsitem itemid="484126" id="root" date="1997-04-03" xml:lang="en">
<title>YUGOSLAVIA: Serbia's energy industry urges electricity exports.</title>
<headline>Serbia's energy industry urges electricity exports.</headline>
<byline>Amra Kevic</byline>
<dateline>BELGRADE 1997-04-03</dateline>
<text>
<p>Serbia's power company Elektroprivreda Srbije (EPS) must be allowed to export more electricity to secure funds for rehaul of power plants and repayment of its debts, industry sources said.</p>
<p>&quot;EPS must export in order to repay neighbouring countries for electricity and overhaul and revitalise its installations,&quot; Serbian Chamber of Commerce Energy Committee secretary Radoje Zecevic told a committee meeting Wednesday afternoon.</p>
<p>Last year, Serbia imported 3.9 billion KWh of electricity from neighbouring countries to tide it through the winter heating season, and exported 1.85 billion KWh.</p>
<p>EPS's problems are piling up, primarily inability to recover claims from consumers amounting to 1.87 billion dinars, and lack of funds to repay matured debts of 1.7 billion dinars.</p>
<p>&quot;Now claims exceed the debt, which was not the case before,&quot; Zecevic said.</p>
<p>As much as 70 percent of EPS's claims are from the household sector, while in previous years industry accounted for the bulk of the debt to EPS.</p>
<p>Industry experts see exports as a means to secure funds for overhauls of thermal and hydro-electric power plants, some of which have been working for more than two decades.</p>
<p>&quot;Expenses are huge and we cannot recover our claims. My firm has been blocked 14 months non-stop. Without exports I cannot see where we will get the money for overhauls,&quot; said Milos Mandic of the Bajina Basta hydro-electric plant.</p>
<p>Mandic suggested changing the structure of heating fuel consumption in favour of other fuels to free quantifies of electricity for export.</p>
<p>Serbian chamber of commerce officials said EPS's demands to raise the price of electricity would not resolve the problem and would only multiply claims from non-paying debtors.</p>
<p>A price hike would be a blow to the impoverished population in a country where the average monthly wage in March was barely over $100, and would ignite inflation.</p>
<p>Without an overhaul of power plants and repayment of debts, the energy sector would not be able to support economic development and recovery, industry sources said.</p>
<p>This year alone, around three billion dinars needed to be invested in overhaul and basic equipment.</p>
<p>&quot;We must invest $400-600 million per year until the year 2000 to be able to revitalise the very large and very valuable system,&quot; Zecevic said.</p>
<p>EPS development strategy envisages investments of $2.60 billion by the year 2000 but the question is where the cash-strapped economy will secure such funds.</p>
<p>&quot;We already do not have funds to cover the investment plans for this year. We cannot count on other sources and will have to rely more on local sources of funds,&quot; Ljubo Macic of EPS development office said.</p>
<p>Serbia plans to raise 1997 production of electricity by six percent, coal by 7-13 (depending on type), crude oil by 1.2 and natural gas 1.8 percent compared to 1996.</p>
<p>Electricity output in 1996 was 33,159 GWh, of which 13,183 GWh was hydroelectric, and 19,969 GWh thermal power, a drop of 1.3 percent on 1995.</p>
<p>In the first two months of 1997, Serbia produced 6,494 GWh of electricity, or 11.4 percent below plan.</p>
<p>&quot;We must secure enough energy for the economy to function. If economic activity were to pick up abruptly, we would not have enough energy to meet its needs,&quot; said Stanisa Paunovic, president of the Chamber's Energy Committee.</p>
<p>-- Belgrade newsroom +381 11 222 4305</p>
</text>
<copyright>(c) Reuters Limited 1997</copyright>
<metadata>
<codes class="bip:countries:1.0">
  <code code="YUG">
    <editdetail attribution="Reuters BIP Coding Group" action="confirmed" date="1997-04-03"/>
  </code>
</codes>
<codes class="bip:industries:1.0">
  <code code="I16100">
    <editdetail attribution="Reuters BIP Coding Group" action="confirmed" date="1997-04-03"/>
  </code>
</codes>
<codes class="bip:topics:1.0">
  <code code="C13">
    <editdetail attribution="Reuters BIP Coding Group" action="confirmed" date="1997-04-03"/>
  </code>
  <code code="C24">
    <editdetail attribution="Reuters BIP Coding Group" action="confirmed" date="1997-04-03"/>
  </code>
  <code code="C31">
    <editdetail attribution="Reuters BIP Coding Group" action="confirmed" date="1997-04-03"/>
  </code>
  <code code="C312">
    <editdetail attribution="Reuters BIP Coding Group" action="confirmed" date="1997-04-03"/>
  </code>
  <code code="CCAT">
    <editdetail attribution="Reuters BIP Coding Group" action="confirmed" date="1997-04-03"/>
  </code>
</codes>
<dc element="dc.date.created" value="1997-04-03"/>
<dc element="dc.publisher" value="Reuters Holdings Plc"/>
<dc element="dc.date.published" value="1997-04-03"/>
<dc element="dc.source" value="Reuters"/>
<dc element="dc.creator.location" value="BELGRADE"/>
<dc element="dc.creator.location.country.name" value="YUGOSLAVIA"/>
<dc element="dc.source" value="Reuters"/>
</metadata>
</newsitem>
