<?xml version="1.0" encoding="iso-8859-1" ?>
<newsitem itemid="484139" id="root" date="1997-04-03" xml:lang="en">
<title>ROMANIA: Romania c.bank refinancing loans down in March.</title>
<headline>Romania c.bank refinancing loans down in March.</headline>
<dateline>BUCHAREST 1997-04-03</dateline>
<text>
<p>Romania's central bank (BNR) refinancing loans fell by 4.6 percent in March after a 11.3 percent drop in February, with Lombard credits and structural facilities on the slide, BNR data showed on Thursday.</p>
<p>The total daily refinancing was 5.9 trillion lei on average in March, when the Lombard loans dipped to 32.6 billion from February's 166.6 billion with the money market turning liquid after shortages under a BNR drive to soak up excess funds.</p>
<p>Structural refinancing facilities, for which the BNR charges a discount rate of 50 percent, fell to 2.3 trillion lei from 2.6 trillion, while soft loans for farmers also slipped to 896 billion lei in March from 962 billion in February.</p>
<p>Auctioned credits went down to 530.3 billion in March from 563.4 billion in February, when they saw a sharp plunge.</p>
<p>Credits granted to debtors in dispute at law, respectively to troubled banks  Dacia Felix SA and  Renasterea Creditului Romanesc Credit Bank SA, stayed flat at 1.87 billion lei. The BNR does not charge interest on loans to those debtors.</p>
<p>Both banks, which had big debts and huge losses, await courts ruling on their fate -- reorganisation or liquidation.</p>
<p>At end-February the BNR gave 52 billion lei in refinancing funds to Dacia Felix to help it redeem small depositors.</p>
<p>-- Mirela Eremia, Bucharest Newsroom 40-1 3120264</p>
</text>
<copyright>(c) Reuters Limited 1997</copyright>
<metadata>
<codes class="bip:countries:1.0">
  <code code="ROM">
    <editdetail attribution="Reuters BIP Coding Group" action="confirmed" date="1997-04-03"/>
  </code>
</codes>
<codes class="bip:topics:1.0">
  <code code="M13">
    <editdetail attribution="Reuters BIP Coding Group" action="confirmed" date="1997-04-03"/>
  </code>
  <code code="MCAT">
    <editdetail attribution="Reuters BIP Coding Group" action="confirmed" date="1997-04-03"/>
  </code>
</codes>
<dc element="dc.date.created" value="1997-04-03"/>
<dc element="dc.publisher" value="Reuters Holdings Plc"/>
<dc element="dc.date.published" value="1997-04-03"/>
<dc element="dc.source" value="Reuters"/>
<dc element="dc.creator.location" value="BUCHAREST"/>
<dc element="dc.creator.location.country.name" value="ROMANIA"/>
<dc element="dc.source" value="Reuters"/>
</metadata>
</newsitem>
