<?xml version="1.0" encoding="iso-8859-1" ?>
<newsitem itemid="678174" id="root" date="1997-06-21" xml:lang="en">
<title>UK: CRICKET-MCGRATH SETS LORD'S RECORD.</title>
<headline>CRICKET-MCGRATH SETS LORD'S RECORD.</headline>
<dateline>LONDON 1997-06-21</dateline>
<text>
<p>Australian strike bowler Glenn McGrath bowled with controlled fire to destroy England on Saturday with a record eight for 38 on the third day of the second test at Lord's.</p>
<p>McGrath bettered Hedley Verity's Ashes' record for this ground of eight for 43 in the 1934 Lord's test and also took his first five-wicket haul against England as the home side tumbled from 38 for three overnight to 77 all out.</p>
<p>McGrath had claimed all three wickets to fall on Friday and added five more as England were dismissed for their lowest total against Australia at Lord's this century.</p>
<p>When bad light ended play, Australia, fighting against time to square the six-test series after only 92 minutes' play were possible on the first two days, were 131 for two with Matthew Elliott on 55 and Mark Waugh on 26.</p>
<p>Captain Mark Taylor was out for one when he played a full-length delivery from Darren Gough on to his middle stump but his left-handed opening partner Elliott drove with increasing assurance to score his second half-century of the series.</p>
<p>The Australians were aided by some incompetent England fielding.</p>
<p>Elliott was dropped at square-leg by Devon Malcolm and again by Mark Butcher at second slip while Waugh survived a miss by Nasser Hussain at first slip off Robert Croft and should have been run out by Gough when well short of his crease.</p>
</text>
<copyright>(c) Reuters Limited 1997</copyright>
<metadata>
<codes class="bip:countries:1.0">
  <code code="AUSTR">
    <editdetail attribution="Reuters BIP Coding Group" action="confirmed" date="1997-06-21"/>
  </code>
  <code code="UK">
    <editdetail attribution="Reuters BIP Coding Group" action="confirmed" date="1997-06-21"/>
  </code>
</codes>
<codes class="bip:topics:1.0">
  <code code="GCAT">
    <editdetail attribution="Reuters BIP Coding Group" action="confirmed" date="1997-06-21"/>
  </code>
  <code code="GSPO">
    <editdetail attribution="Reuters BIP Coding Group" action="confirmed" date="1997-06-21"/>
  </code>
</codes>
<dc element="dc.date.created" value="1997-06-21"/>
<dc element="dc.publisher" value="Reuters Holdings Plc"/>
<dc element="dc.date.published" value="1997-06-21"/>
<dc element="dc.source" value="Reuters"/>
<dc element="dc.creator.location" value="LONDON"/>
<dc element="dc.creator.location.country.name" value="UK"/>
<dc element="dc.source" value="Reuters"/>
</metadata>
</newsitem>
