<?xml version="1.0" encoding="iso-8859-1" ?>
<newsitem itemid="678193" id="root" date="1997-06-21" xml:lang="en">
<title>AUSTRALIA: RUGBY UNION-AUSTRALIA BEAT FRANCE 29-15.</title>
<headline>RUGBY UNION-AUSTRALIA BEAT FRANCE 29-15.</headline>
<dateline>SYDNEY 1997-06-21</dateline>
<text>
<p>Australia beat France 29-15 (halftime 6-8) in the first rugby union test at the Sydney Football Stadium on Saturday.</p>
<p>Scorers:</p>
<p>Australia - Tries: Mitch Hardy (2). Conversions: John Eales (2). Penalties: Eales (5)</p>
<p>France - Tries: Philippe Bernat-Salles, Thomas Castaignede. Conversion: Richard Dourthe. Penalty: Dourthe</p>
</text>
<copyright>(c) Reuters Limited 1997</copyright>
<metadata>
<codes class="bip:countries:1.0">
  <code code="AUSTR">
    <editdetail attribution="Reuters BIP Coding Group" action="confirmed" date="1997-06-21"/>
  </code>
  <code code="FRA">
    <editdetail attribution="Reuters BIP Coding Group" action="confirmed" date="1997-06-21"/>
  </code>
</codes>
<codes class="bip:topics:1.0">
  <code code="GCAT">
    <editdetail attribution="Reuters BIP Coding Group" action="confirmed" date="1997-06-21"/>
  </code>
  <code code="GSPO">
    <editdetail attribution="Reuters BIP Coding Group" action="confirmed" date="1997-06-21"/>
  </code>
</codes>
<dc element="dc.date.created" value="1997-06-21"/>
<dc element="dc.publisher" value="Reuters Holdings Plc"/>
<dc element="dc.date.published" value="1997-06-21"/>
<dc element="dc.source" value="Reuters"/>
<dc element="dc.creator.location" value="SYDNEY"/>
<dc element="dc.creator.location.country.name" value="AUSTRALIA"/>
<dc element="dc.source" value="Reuters"/>
</metadata>
</newsitem>
