<?xml version="1.0" encoding="iso-8859-1" ?>
<newsitem itemid="678172" id="root" date="1997-06-21" xml:lang="en">
<title>UK: CRICKET-ENGLISH COUNTY CHAMPIONSHIP STANDINGS.</title>
<headline>CRICKET-ENGLISH COUNTY CHAMPIONSHIP STANDINGS.</headline>
<dateline>LONDON 1997-06-21</dateline>
<text>
<p>English County Championship</p>
<p>cricket standings after matches on Saturday (tabulate under -</p>
<p>played, won, lostg, drawn, batting points, bowling points,</p>
<p>total):</p>
<p> Middlesex	     7 4 1 2 17 28 115</p>
<p> Kent		    7 4 2 1 14 28 109</p>
<p> Gloucestershire     7 3 2 2 13 28  95</p>
<p> Glamorgan	     7 3 1 3 17 21  95</p>
<p> Essex		   6 3 1 2 14 24  92</p>
<p> Nottinghamshire     7 3 1 3  5 25  87</p>
<p> Hampshire	     8 2 2 4 21 18  83</p>
<p> Yorkshire	     7 2 2 3 16 24  81</p>
<p> Leicestershire	7 1 0 6 19 28  81</p>
<p> Somerset		8 1 2 5 16 29  76</p>
<p> Worcestershire	6 1 0 5 15 21  72</p>
<p> Warwickshire	  6 2 1 3 10 17  68</p>
<p> Durham		  7 1 2 4 14 23  65</p>
<p> Surrey		  7 0 2 5 15 20  50</p>
<p> Sussex		  7 0 2 5 12 22  49</p>
<p> Derbyshire	    7 0 3 4  9 26  47</p>
<p> Lancashire	    7 0 4 3 12 18  39</p>
<p> Northamptonshire    6 0 2 4  7  8  37</p>
</text>
<copyright>(c) Reuters Limited 1997</copyright>
<metadata>
<codes class="bip:countries:1.0">
  <code code="UK">
    <editdetail attribution="Reuters BIP Coding Group" action="confirmed" date="1997-06-21"/>
  </code>
</codes>
<codes class="bip:topics:1.0">
  <code code="GCAT">
    <editdetail attribution="Reuters BIP Coding Group" action="confirmed" date="1997-06-21"/>
  </code>
  <code code="GSPO">
    <editdetail attribution="Reuters BIP Coding Group" action="confirmed" date="1997-06-21"/>
  </code>
</codes>
<dc element="dc.date.created" value="1997-06-21"/>
<dc element="dc.publisher" value="Reuters Holdings Plc"/>
<dc element="dc.date.published" value="1997-06-21"/>
<dc element="dc.source" value="Reuters"/>
<dc element="dc.creator.location" value="LONDON"/>
<dc element="dc.creator.location.country.name" value="UK"/>
<dc element="dc.source" value="Reuters"/>
</metadata>
</newsitem>
