<?xml version="1.0" encoding="iso-8859-1" ?>
<newsitem itemid="678178" id="root" date="1997-06-21" xml:lang="en">
<title>UK: TENNIS-ONE OF &quot;OLD CREW&quot; TO WIN WIMBLEDON, SAYS SAMPRAS.</title>
<headline>TENNIS-ONE OF &quot;OLD CREW&quot; TO WIN WIMBLEDON, SAYS SAMPRAS.</headline>
<byline>Jeremy Laurence</byline>
<dateline>LONDON 1997-06-21</dateline>
<text>
<p>World number one Pete Sampras said on Saturday he did not expect the unpredictable nature of the French Open and last year's Wimbledon championship to carry over to this year's grasscourt grand slam tournament.</p>
<p>The American predicted one of the 'old crew' would lift the men's title, but added in-form Australian Mark Philippoussis could also be a force when the tournament starts on Monday.</p>
<p>&quot;It's the same guys pretty much as normal,&quot; said Sampras, after a short practice session on an outside court at Wimbledon on Saturday. &quot;Year in year out...you've got Goran (Ivanisevic) and Boris (Becker) and a couple of dark horses like Philippoussis and (Michael) Stich. It's pretty much the same crew.&quot;</p>
<p>Sampras, rated a 6-4 favourite by bookmakers Ladbrokes to win his fourth Wimbledon title in five years, was a third-round casualty at the French Open and was a beaten quarter-finalist here last year.</p>
<p>His preparations for this year's tournament have not been ideal, falling in the quarter-finals at last week's warm-up tournament at Queen's and he has had few chances to practise on grass because of intermittent rain throughout the week.</p>
<p>Unseeded Dutchman Richard Krajicek won Wimbledon last year and only one seed, American Todd Martin, reached the semifinals.</p>
<p>The proceedings at the French Open were even more surprising this year, where holder Yevgeny Kafelnikov of Russia was the only seeded semifinalist and Brazilian Gustavo Kuerten, then ranked 66 in the world, lifted the title.</p>
<p>Sampras, who has won nine grand slam titles, said he did not think that trend would continue at Wimbledon this year.</p>
<p>Becker, three-times champion at Wimbledon and seeded eighth this year, is rated a 6-1 chance by Ladbrokes and Queen's winner Philippoussis, the seventh seed, was given odds of 8-1.</p>
<p>Sampras has been forced to prepare indoors for this year's tournament because of rain in London over the past week.</p>
<p>&quot;I've only got to hit a couple of hours on the grounds here,&quot; said the top seed, who opens his campaign against Sweden Davis Cup player Mikael Tillstrom. &quot;But everybody is in the same boat with the preparations.&quot;</p>
<p>On another bleak day in London, the American practised for 10 minutes on court before a heavy shower forced him back indoors.</p>
<p>He said the rain would make the surface a little slower than normal in the first week.</p>
<p>&quot;The courts are green and a little bit soft,&quot; he said. &quot;Usually you get a lot more practice on them during the week and with the sun shining that hardens them up.&quot;</p>
</text>
<copyright>(c) Reuters Limited 1997</copyright>
<metadata>
<codes class="bip:countries:1.0">
  <code code="AUSTR">
    <editdetail attribution="Reuters BIP Coding Group" action="confirmed" date="1997-06-21"/>
  </code>
  <code code="FRA">
    <editdetail attribution="Reuters BIP Coding Group" action="confirmed" date="1997-06-21"/>
  </code>
  <code code="UK">
    <editdetail attribution="Reuters BIP Coding Group" action="confirmed" date="1997-06-21"/>
  </code>
  <code code="USA">
    <editdetail attribution="Reuters BIP Coding Group" action="confirmed" date="1997-06-21"/>
  </code>
</codes>
<codes class="bip:topics:1.0">
  <code code="GCAT">
    <editdetail attribution="Reuters BIP Coding Group" action="confirmed" date="1997-06-21"/>
  </code>
  <code code="GSPO">
    <editdetail attribution="Reuters BIP Coding Group" action="confirmed" date="1997-06-21"/>
  </code>
</codes>
<dc element="dc.date.created" value="1997-06-21"/>
<dc element="dc.publisher" value="Reuters Holdings Plc"/>
<dc element="dc.date.published" value="1997-06-21"/>
<dc element="dc.source" value="Reuters"/>
<dc element="dc.creator.location" value="LONDON"/>
<dc element="dc.creator.location.country.name" value="UK"/>
<dc element="dc.source" value="Reuters"/>
</metadata>
</newsitem>
