<?xml version="1.0" encoding="iso-8859-1" ?>
<newsitem itemid="678283" id="root" date="1997-06-21" xml:lang="en">
<title>MEXICO: Mexican labor leader dies aged 97 - reports.</title>
<headline>Mexican labor leader dies aged 97 - reports.</headline>
<dateline>MEXICO CITY 1997-06-21</dateline>
<text>
<p>Mexican labor leader Fidel Velazquez, who for 60 years headed Mexico's largest labor union and was a pillar of support for the ruling Institutional Revolutionary Party (PRI), died on Saturday at age 97, radio reports said.  </p>
<p>Velazquez died in a hospital at 9:20 a.m. (1420 GMT) in Mexico City, Radio Red reported. His death was also reported by main television broadcaster Televisa.</p>
<p>He had been in and out of the hospital several times in recent months and last entered the hospital on June 5 with what his doctor Salomon Jasqui described as a urinary infection.</p>
<p>Velazquez was Mexico's most powerful labor leader and for decades swung workers support behind the ruling PRI, earning him a position as one of the country's most important power brokers.</p>
<p>His death came just as the PRI faces a major test in July 6 mid-term elections and is likely to set off a struggle for his replacement as chief of the 6 million-strong Confederation of Mexican Workers (CTM).</p>
</text>
<copyright>(c) Reuters Limited 1997</copyright>
<metadata>
<codes class="bip:countries:1.0">
  <code code="MEX">
    <editdetail attribution="Reuters BIP Coding Group" action="confirmed" date="1997-06-21"/>
  </code>
</codes>
<codes class="bip:topics:1.0">
  <code code="E41">
    <editdetail attribution="Reuters BIP Coding Group" action="confirmed" date="1997-06-21"/>
  </code>
  <code code="ECAT">
    <editdetail attribution="Reuters BIP Coding Group" action="confirmed" date="1997-06-21"/>
  </code>
  <code code="GCAT">
    <editdetail attribution="Reuters BIP Coding Group" action="confirmed" date="1997-06-21"/>
  </code>
  <code code="GJOB">
    <editdetail attribution="Reuters BIP Coding Group" action="confirmed" date="1997-06-21"/>
  </code>
  <code code="GOBIT">
    <editdetail attribution="Reuters BIP Coding Group" action="confirmed" date="1997-06-21"/>
  </code>
  <code code="GPOL">
    <editdetail attribution="Reuters BIP Coding Group" action="confirmed" date="1997-06-21"/>
  </code>
  <code code="GPRO">
    <editdetail attribution="Reuters BIP Coding Group" action="confirmed" date="1997-06-21"/>
  </code>
</codes>
<dc element="dc.date.created" value="1997-06-21"/>
<dc element="dc.publisher" value="Reuters Holdings Plc"/>
<dc element="dc.date.published" value="1997-06-21"/>
<dc element="dc.source" value="Reuters"/>
<dc element="dc.creator.location" value="MEXICO CITY"/>
<dc element="dc.creator.location.country.name" value="MEXICO"/>
<dc element="dc.source" value="Reuters"/>
</metadata>
</newsitem>
