<?xml version="1.0" encoding="iso-8859-1" ?>
<newsitem itemid="678290" id="root" date="1997-06-21" xml:lang="en">
<title>CAMBODIA: Pol Pot captured, Khmer Rouge said finished.</title>
<headline>Pol Pot captured, Khmer Rouge said finished.</headline>
<byline>Robert Birsel</byline>
<dateline>PHNOM PENH 1997-06-21</dateline>
<text>
<p>Khmer Rouge strongman Pol Pot, whose &quot;killing fields&quot; rule in the 1970s devastated Cambodia, has been captured and efforts will be made to try him before an international court, the government said on Saturday.</p>
<p>First Prime Minister Prince Norodom Ranariddh and his uneasy coalition partner and co-premier, Hun Sen, said the communist guerrilla leader and a close associate had been caught by former comrades who turned against the hard-line veteran.</p>
<p>&quot;This is the end of the Khmer Rouge,&quot; Hun Sen told reporters. &quot;Prince Ranariddh and I agree that this is a gift to the Cambodian people&quot;.</p>
<p>Hun Sen said Pol Pot and Khieu Samphan, a senior figure in the guerrilla group, were caught by a Khmer Rouge splinter faction which broke away earlier this month following internal fighting that erupted at Anlong Veng.</p>
<p>Pol Pot fled the guerrilla base after ordering the slaughter of his defence chief and almost a dozen members of his family.</p>
<p>The government sent deputy chief of general staff Nhiek Bun Chhay, who spearheaded earlier talks with the breakaway Khmer Rouge, to meet the renegades in their remote base in northern Cambodia on Saturday, a senior general said.</p>
<p>&quot;Now we wait for Nhiek Bun Chhay to come back,&quot; said Major General Tom Sombol.</p>
<p>The two premiers did not elaborate on the precise whereabouts of Pol Pot and Khieu Samphan, nor when they might be brought to Phnom Penh. There was no information about the fate of other key Khmer Rouge leaders.</p>
<p>Hun Sen and Ranariddh were speaking after holding talks with visiting Thai Prime Minister Chavalit Yongchaiyudh. It was the first time in recent weeks the two leaders had presented a unified front on the Khmer Rouge, which began to unravel last August after the defection to the government of a large number of rebels.</p>
<p>Ranariddh said the Khmer Rouge guerrilla army was now finished both politically and militarily.</p>
<p>He said Pol Pot should be sent to an international tribunal to answer for the excesses of his 1975-79 &quot;killing fields&quot; reign of terror when the radical guerrilla group's name became synonymous with starvation, vicious torture and mass execution.</p>
<p>&quot;We agree with each other that Pol Pot will be brought...eventually to Phnom Penh and the two prime ministers are going to send a letter to the United Nations secretary-general to ask him to set up an international tribunal to try Pol Pot,&quot; the prince said.</p>
<p>Pol Pot, whose Khmer Rouge government was responsible for the death of more than a million Cambodians, has not been seen in public since 1980, two years after his overthrow at the hands of an invading Vietnamese army.</p>
<p>He was sentenced to death in absentia by a Phnom Penh court soon after his overthrow.</p>
<p>Khmer Rouge radio, which is under the control of the breakaway reble faction, announced on Friday that its army captured the 69-year-old Pol Pot the previous day.</p>
<p>The breakaway Khmer Rouge faction which captured Pol Pot would be integrated into government forces after formally surrendering, the two premiers said.</p>
<p>Ranariddh said on Friday that forces from the splinter group were closing in on Pol Pot who was holed up in a landmine strewn mountain camp in northern Cambodia, guarded by his last band of loyal fighters.</p>
<p>Pol Pot led a Cambodian peasant army to victory against the U.S.-backed Lon Nol republic in 1975, or Year Zero, as the Khmer Rouge called it. They immediately embarked on a bloody restructuring of society.</p>
<p>Pol Pot's guerrillas emptied Phnom Penh at gunpoint, forcing the sick from their beds. Women, children and the elderly were ordered into the countryside and put to work in labour camps.</p>
<p>More than one million people were executed as enemies of Pol Pot's utopian revolution or died of disease, starvation or overwork during their reign.</p>
<p>The Khmer Rouge waged a low-intensity guerrilla war against the government after boycotting a 1993 election supervised by the United Nations.</p>
</text>
<copyright>(c) Reuters Limited 1997</copyright>
<metadata>
<codes class="bip:countries:1.0">
  <code code="KAMPA">
    <editdetail attribution="Reuters BIP Coding Group" action="confirmed" date="1997-06-21"/>
  </code>
</codes>
<codes class="bip:topics:1.0">
  <code code="GCAT">
    <editdetail attribution="Reuters BIP Coding Group" action="confirmed" date="1997-06-21"/>
  </code>
  <code code="GPOL">
    <editdetail attribution="Reuters BIP Coding Group" action="confirmed" date="1997-06-21"/>
  </code>
  <code code="GVIO">
    <editdetail attribution="Reuters BIP Coding Group" action="confirmed" date="1997-06-21"/>
  </code>
</codes>
<dc element="dc.date.created" value="1997-06-21"/>
<dc element="dc.publisher" value="Reuters Holdings Plc"/>
<dc element="dc.date.published" value="1997-06-21"/>
<dc element="dc.source" value="Reuters"/>
<dc element="dc.creator.location" value="PHNOM PENH"/>
<dc element="dc.creator.location.country.name" value="CAMBODIA"/>
<dc element="dc.source" value="Reuters"/>
</metadata>
</newsitem>
