<?xml version="1.0" encoding="iso-8859-1" ?>
<newsitem itemid="678224" id="root" date="1997-06-21" xml:lang="en">
<title>UK: UK medics say tobacco firms should pay health costs.</title>
<headline>UK medics say tobacco firms should pay health costs.</headline>
<dateline>LONDON 1997-06-21</dateline>
<text>
<p>The British Medical Association (BMA) on Saturday urged health authorities to try to recover from tobacco companies some of the millions of pounds of public money spent every year on treating smoking-related diseases.</p>
<p>The BMA -- which represents doctors and health workers throughout the country -- said it believed that tobacco companies in Britain should be brought to account following a landmark $368.5 billion settlement in the United States.</p>
<p>&quot;Our message to health trusts is to look at all possibilities for holding the tobacco industry accountable for the cost of health care,&quot; said Bill O'Neill, scientific and health officer for the BMA.</p>
<p>&quot;The tobacco companies should be getting very worried. At last there is a concerted attack on them now, particularly with a new government considering a ban on advertising,&quot; O'Neil added.</p>
<p>O'Neill said Britain spent 610 million pounds ($1 billion) a year on health care for smoking related diseases.</p>
<p>However British tobacco companies said they had no intention of following the U.S. lead.</p>
<p>Britain's largest cigarette maker Gallaher, which was hived off from American Brands and floated on the London stock market last month, said it would be unaffected by the settlement and would fight any similar attempt at litigation in Britain.</p>
<p>&quot;We have complete confidence in the law and judicial process in the U.K. and we are not guided by the development in the U.S.,&quot; said a spokesman for Gallaher, whose brands include Benson and Hedges and Silk Cut.</p>
<p>The first British test case to be brought by lung cancer victims is expected to reach the courts next month. A group of 47 people are claiming damages against Gallaher and Imperial Tobacco and lawyers say a judgment in their favour could lead to a $1 billion annual bill for the industry.</p>
<p>&quot;We call on the British tobacco companies to consider adopting the same settlement proposals as those of their American counterparts without the need for claims to be taken through the courts,&quot; said lawyer Martyn Day. ($ = 0.603 British Pounds)</p>
</text>
<copyright>(c) Reuters Limited 1997</copyright>
<metadata>
<codes class="bip:countries:1.0">
  <code code="UK">
    <editdetail attribution="Reuters BIP Coding Group" action="confirmed" date="1997-06-21"/>
  </code>
</codes>
<codes class="bip:industries:1.0">
  <code code="I42900">
    <editdetail attribution="Reuters BIP Coding Group" action="confirmed" date="1997-06-21"/>
  </code>
</codes>
<codes class="bip:topics:1.0">
  <code code="C12">
    <editdetail attribution="Reuters BIP Coding Group" action="confirmed" date="1997-06-21"/>
  </code>
  <code code="CCAT">
    <editdetail attribution="Reuters BIP Coding Group" action="confirmed" date="1997-06-21"/>
  </code>
  <code code="GCAT">
    <editdetail attribution="Reuters BIP Coding Group" action="confirmed" date="1997-06-21"/>
  </code>
  <code code="GCRIM">
    <editdetail attribution="Reuters BIP Coding Group" action="confirmed" date="1997-06-21"/>
  </code>
  <code code="GHEA">
    <editdetail attribution="Reuters BIP Coding Group" action="confirmed" date="1997-06-21"/>
  </code>
</codes>
<dc element="dc.date.created" value="1997-06-21"/>
<dc element="dc.publisher" value="Reuters Holdings Plc"/>
<dc element="dc.date.published" value="1997-06-21"/>
<dc element="dc.source" value="Reuters"/>
<dc element="dc.creator.location" value="LONDON"/>
<dc element="dc.creator.location.country.name" value="UK"/>
<dc element="dc.source" value="Reuters"/>
</metadata>
</newsitem>
