<?xml version="1.0" encoding="iso-8859-1" ?>
<newsitem itemid="678289" id="root" date="1997-06-21" xml:lang="en">
<title>NEW ZEALAND: N.Zealand winter festival begins-without snow.</title>
<headline>N.Zealand winter festival begins-without snow.</headline>
<byline>Matthew Brockett</byline>
<dateline>QUEENSTOWN, New Zealand 1997-06-21</dateline>
<text>
<p>The southern hemisphere's biggest winter festival kicked off in New Zealand's skiing mecca of Queenstown on Saturday with a colourful street parade and multitudes of tourists -- but no snow.</p>
<p>The picturesque resort town, nestled beside Lake Wakatipu in the craggy peaks of New Zealand's South Island, has drawn thousands of visitors to its 23rd annual winter celebrations heralding the start of the ski season.</p>
<p>Only the weather has failed to come to the party.</p>
<p>Just a limited part of one of the four major ski fields in the area is open for business, thanks to snow-making machines.</p>
<p>But festival organisers remain undaunted and are predicting a bumper ski season.</p>
<p>&quot;Snow is one of those things, it comes when it decides to come -- sometimes sooner, sometimes later,&quot; said Duncan Smith, operations manager for Mount Cook Ski Areas.</p>
<p>&quot;The winter festival is a celebration of the start of winter, to show the season is under way. It's a time to enjoy and have fun.&quot;</p>
<p>More than 60 events have been organised for the nine-day festival. Highlights include the launch of a new bungy jump off a peak 400 meters above the township by bungy pioneers AJ Hackett Bungy.</p>
<p>Queenstown attracts about 650,000 visitors a year, of which 450,000 are overseas tourists. About 15,000 people are expected to visit Queenstown this week alone for the winter festival.</p>
<p>Festival organiser Vaughan Schwass said tourists were attracted to Queenstown by the wide variety of leisure and adventure activities available, many of which are not available in one setting elsewhere.</p>
<p>&quot;We don't get huge numbers of international visitors travelling here necessarily to ski. Here you can ski in the morning and play golf in the afternoon, which is quite a novelty for a lot of North American visitors,&quot; he said.</p>
<p>Other Queenstown attractions include jetboating, white water rafting, skydiving, paraponting, nature walks, outback safaris and helicopter excursions, to name but a few.</p>
<p>New Zealand Tourism Board statistics show 1.55 million international visitors came to New Zealand in the year to March, 1997. Tourism is New Zealand's single largest export earner.</p>
</text>
<copyright>(c) Reuters Limited 1997</copyright>
<metadata>
<codes class="bip:countries:1.0">
  <code code="NZ">
    <editdetail attribution="Reuters BIP Coding Group" action="confirmed" date="1997-06-21"/>
  </code>
</codes>
<codes class="bip:topics:1.0">
  <code code="GCAT">
    <editdetail attribution="Reuters BIP Coding Group" action="confirmed" date="1997-06-21"/>
  </code>
  <code code="GENT">
    <editdetail attribution="Reuters BIP Coding Group" action="confirmed" date="1997-06-21"/>
  </code>
  <code code="GODD">
    <editdetail attribution="Reuters BIP Coding Group" action="confirmed" date="1997-06-21"/>
  </code>
  <code code="GWEA">
    <editdetail attribution="Reuters BIP Coding Group" action="confirmed" date="1997-06-21"/>
  </code>
</codes>
<dc element="dc.date.created" value="1997-06-21"/>
<dc element="dc.publisher" value="Reuters Holdings Plc"/>
<dc element="dc.date.published" value="1997-06-21"/>
<dc element="dc.source" value="Reuters"/>
<dc element="dc.creator.location" value="QUEENSTOWN, New Zealand"/>
<dc element="dc.creator.location.country.name" value="NEW ZEALAND"/>
<dc element="dc.source" value="Reuters"/>
</metadata>
</newsitem>
