<?xml version="1.0" encoding="iso-8859-1" ?>
<newsitem itemid="678279" id="root" date="1997-06-21" xml:lang="en">
<title>COLOMBIA: Native elders in Colombia hope to save Mother Earth.</title>
<headline>Native elders in Colombia hope to save Mother Earth.</headline>
<byline>Karl Penhaul</byline>
<dateline>BOGOTA 1997-06-21</dateline>
<text>
<p>Indigenous shamen and tribal elders from across the Americas were airlifted on Saturday to the far reaches of Colombia's Amazon jungle to begin a week-long meeting aimed at rescuing Mother Earth.</p>
<p>Some 400 native Indian representatives headed to the town of Araracuara aboard two Colombian Air Force Hercules transport planes and were then due to paddle up the River Caqueta to hold council in a traditional ceremonial long-house or &quot;maloca&quot;.</p>
<p>&quot;The Maya elders say there is a great sickness coming to our planet...everybody must rise up as one and no group must be left behind,&quot; said &quot;Wandering Wolf&quot;, a priest of Guatemala's Maya Quiche group, at a ceremony to officially inaugurate the event late on Friday in Bogota.</p>
<p>&quot;Wandering Wolf&quot;, a diminutive man with chiseled features, is chairman of the Inter-American Council of Elders, an organisation said to have existed before Europeans arrived in the Americas and resurrected in Guatemala in 1995.</p>
<p>&quot;This is the time to bring out our great knowledge. Mother Earth has told us to wake up mankind,&quot; said Marceliano Guerrero, of Colombia's Huitoto community.</p>
<p>The core aim of the jungle reunion, to be conducted away from the gaze of the media and curious onlookers, is to work for harmony &quot;between man and Mother Earth,&quot; said organiser Francisco Quiroga, a mixed-race Colombian.</p>
<p>The elders have said they will give a message to modern society in a last-ditch bid to stop the world &quot;spinning out of balance&quot; -- marking one of the first times in 500 years since Columbus &quot;discovered&quot; the Americas that they have broken their silence.</p>
<p>The meeting itself threatens to become a Tower of Babel. English and Spanish have been chosen as the main languages yet for many of the delegates neither language is their mother tongue. And while the meeting will concentrate on the sacred prophecies of the elders, some delegates are keen to discuss other politically-charged issues such as land rights and the defence of indigenous culture.</p>
<p>&quot;The U.S. government took away our land and assigned us places to live. Now we're buying back land we owned in the 1800s. The government also took our language away and made us learn the white man's way,&quot; Philip Largo, a native American of the Jicarilla-Apache tribe from Dulce, New Mexico, told Reuters.</p>
<p>Even if the confederation of indigenous groups succeeds in drawing up a common message, Jose Gabriel Alimaco, of the secretive Kogi community from northern Colombia's Sierra Nevada doubts the white man or &quot;younger brother&quot; will listen.</p>
<p>&quot;We want to live in peace as brothers with the younger brother and for him to respect our land and sacred traditions, Alimaco said. &quot;But the younger brother is creating great disorder and sickness.&quot;</p>
</text>
<copyright>(c) Reuters Limited 1997</copyright>
<metadata>
<codes class="bip:countries:1.0">
  <code code="COL">
    <editdetail attribution="Reuters BIP Coding Group" action="confirmed" date="1997-06-21"/>
  </code>
</codes>
<codes class="bip:topics:1.0">
  <code code="GCAT">
    <editdetail attribution="Reuters BIP Coding Group" action="confirmed" date="1997-06-21"/>
  </code>
  <code code="GENV">
    <editdetail attribution="Reuters BIP Coding Group" action="confirmed" date="1997-06-21"/>
  </code>
</codes>
<dc element="dc.date.created" value="1997-06-21"/>
<dc element="dc.publisher" value="Reuters Holdings Plc"/>
<dc element="dc.date.published" value="1997-06-21"/>
<dc element="dc.source" value="Reuters"/>
<dc element="dc.creator.location" value="BOGOTA"/>
<dc element="dc.creator.location.country.name" value="COLOMBIA"/>
<dc element="dc.source" value="Reuters"/>
</metadata>
</newsitem>
