<?xml version="1.0" encoding="iso-8859-1" ?>
<newsitem itemid="678285" id="root" date="1997-06-21" xml:lang="en">
<title>MEXICO: Mexican peasant leader walks free from jail.</title>
<headline>Mexican peasant leader walks free from jail.</headline>
<dateline>ACAPULCO, Mexico 1997-06-20</dateline>
<text>
<p>A Mexican judge has freed one of the leaders of a left-wing peasant movement imprisoned since July on charges of insurrection and sabotage, justice officials said on Friday.</p>
<p>The move deals a blow to official attempts to link the peasant group to left-wing EPR guerrillas in Mexico's impoverished Guerrero state.</p>
<p>Officials said a district judge Thursday overturned a prison sentence handed down in February to Hilario Mesino Acosta, a founding member of the powerful Peasant Organisation in the Southern Mountains (OCSS).</p>
<p>The decision was believed to have been based on a lack of evidence.</p>
<p>Arrested in Mexico City on July 3, 1996, Mesino was held in a jail in the Pacific resort of Acapulco.</p>
<p>Together with OCSS co-founder Benigo Guzman Martinez, Mesino was accused of having ties to EPR guerrillas. But in an interview after his release he said he had always acted within the limits of the law.</p>
</text>
<copyright>(c) Reuters Limited 1997</copyright>
<metadata>
<codes class="bip:countries:1.0">
  <code code="MEX">
    <editdetail attribution="Reuters BIP Coding Group" action="confirmed" date="1997-06-21"/>
  </code>
</codes>
<codes class="bip:topics:1.0">
  <code code="GCAT">
    <editdetail attribution="Reuters BIP Coding Group" action="confirmed" date="1997-06-21"/>
  </code>
  <code code="GCRIM">
    <editdetail attribution="Reuters BIP Coding Group" action="confirmed" date="1997-06-21"/>
  </code>
  <code code="GVIO">
    <editdetail attribution="Reuters BIP Coding Group" action="confirmed" date="1997-06-21"/>
  </code>
</codes>
<dc element="dc.date.created" value="1997-06-20"/>
<dc element="dc.publisher" value="Reuters Holdings Plc"/>
<dc element="dc.date.published" value="1997-06-21"/>
<dc element="dc.source" value="Reuters"/>
<dc element="dc.creator.location" value="ACAPULCO, Mexico"/>
<dc element="dc.creator.location.country.name" value="MEXICO"/>
<dc element="dc.source" value="Reuters"/>
</metadata>
</newsitem>
