<?xml version="1.0" encoding="iso-8859-1" ?>
<newsitem itemid="678233" id="root" date="1997-06-21" xml:lang="en">
<title>CANADA: Canada, U.S. fail to resolve salmon dispute.</title>
<headline>Canada, U.S. fail to resolve salmon dispute.</headline>
<dateline>VANCOUVER, British Columbia 1997-06-20</dateline>
<text>
<p>Canada and the United States failed to reach agreement on Friday after contentious talks aimed at resolving a dispute over how to divide the Pacific salmon catch.</p>
<p>The two countries held three days of negotiations this week, their first meetings on the salmon dispute since talks collapsed in acrimony a month ago.  </p>
<p>The two countries have squabbled for years over how to divide dwindling salmon stocks in the Pacific Northwest and several attempts at a settlement have failed. Pressure has mounted for a deal because the salmon fishing season soon gets under way in earnest.</p>
<p>&quot;After three days really nothing has happened,&quot; British Columbia Premier Glen Clark told reporters after the talks adjourned, while calling for a decision to be made at the G7 summit underway in Denver.</p>
<p>&quot;Canada has made historic concessions in this round. Americans are taking advantage of this.&quot;</p>
<p>Negotiators said they had formally agreed to suspend the talks and hoped to meet early next week.</p>
</text>
<copyright>(c) Reuters Limited 1997</copyright>
<metadata>
<codes class="bip:countries:1.0">
  <code code="CANA">
    <editdetail attribution="Reuters BIP Coding Group" action="confirmed" date="1997-06-21"/>
  </code>
  <code code="USA">
    <editdetail attribution="Reuters BIP Coding Group" action="confirmed" date="1997-06-21"/>
  </code>
</codes>
<codes class="bip:industries:1.0">
  <code code="I03000">
    <editdetail attribution="Reuters BIP Coding Group" action="confirmed" date="1997-06-21"/>
  </code>
</codes>
<codes class="bip:topics:1.0">
  <code code="C31">
    <editdetail attribution="Reuters BIP Coding Group" action="confirmed" date="1997-06-21"/>
  </code>
  <code code="C312">
    <editdetail attribution="Reuters BIP Coding Group" action="confirmed" date="1997-06-21"/>
  </code>
  <code code="CCAT">
    <editdetail attribution="Reuters BIP Coding Group" action="confirmed" date="1997-06-21"/>
  </code>
  <code code="E51">
    <editdetail attribution="Reuters BIP Coding Group" action="confirmed" date="1997-06-21"/>
  </code>
  <code code="E512">
    <editdetail attribution="Reuters BIP Coding Group" action="confirmed" date="1997-06-21"/>
  </code>
  <code code="ECAT">
    <editdetail attribution="Reuters BIP Coding Group" action="confirmed" date="1997-06-21"/>
  </code>
</codes>
<dc element="dc.date.created" value="1997-06-20"/>
<dc element="dc.publisher" value="Reuters Holdings Plc"/>
<dc element="dc.date.published" value="1997-06-21"/>
<dc element="dc.source" value="Reuters"/>
<dc element="dc.creator.location" value="VANCOUVER, British Columbia"/>
<dc element="dc.creator.location.country.name" value="CANADA"/>
<dc element="dc.source" value="Reuters"/>
</metadata>
</newsitem>
