<?xml version="1.0" encoding="iso-8859-1" ?>
<newsitem itemid="678215" id="root" date="1997-06-21" xml:lang="en">
<title>BULGARIA: BULGARIAN PRESIDENT POSTPONES TURKEY VISIT.</title>
<headline>BULGARIAN PRESIDENT POSTPONES TURKEY VISIT.</headline>
<dateline>SOFIA 1997-06-21</dateline>
<text>
<p>Bulgarian President Petar Stoyanov has postponed next week's scheduled visit to Turkey until after the formation of a new government in Ankara, the presidency said on Saturday.</p>
<p>A presidency statement said Stoyanov and his Turkish counterpart Suleyman Demirel held a telephone conversation on Friday night in which Stoyanov asked Demirel to support Bulgaria's application to join NATO, as they will now not meet until after the Madrid summit on July 8-9.</p>
<p>&quot;Suleyman Demirel assured the Bulgarian head of state that the membership of Bulgaria and Romania in NATO is a natural part of the strengthening of its southern flank,&quot; the statement said.</p>
<p>The United States said last week it favoured only Poland Hungary and the Czech Republic joining in the first round and opposed Romania and Slovenia despite their support from other NATO members.</p>
<p>U.S. Secretary of State Madeleine Albright told Bulgaria's Foreign Minister Nadezhda Mihailova on Monday the United States did not want to name countries for the second round.</p>
<p>Mihailova struck a realistic note at a news conference on her return on Friday, saying Bulgaria, which only formally applied to join in February, could not expect to become a member immediately.</p>
<p>&quot;For us the most important thing is that the enlargement of NATO has begun and will continue,&quot; Mihailova said. &quot;NATO is not going to accept us with our problems.&quot;</p>
<p>Stoyanov's visit to Turkey, scheduled for June 23-25, aimed to revive relations damaged by communist-era mistreatment of Bulgaria's ethnic Turks.</p>
<p>He planned to ask Demirel to intercede with the Organisation of the Islamic Conference to remove Bulgaria from a list of countries which do not respect Moslems' rights.</p>
<p>The presidency said a new date for the visit had not yet been set. Stoyanov is due to visit Greece in early July.</p>
</text>
<copyright>(c) Reuters Limited 1997</copyright>
<metadata>
<codes class="bip:countries:1.0">
  <code code="BUL">
    <editdetail attribution="Reuters BIP Coding Group" action="confirmed" date="1997-06-21"/>
  </code>
  <code code="NATO">
    <editdetail attribution="Reuters BIP Coding Group" action="confirmed" date="1997-06-21"/>
  </code>
  <code code="SPAIN">
    <editdetail attribution="Reuters BIP Coding Group" action="confirmed" date="1997-06-21"/>
  </code>
  <code code="TURK">
    <editdetail attribution="Reuters BIP Coding Group" action="confirmed" date="1997-06-21"/>
  </code>
</codes>
<codes class="bip:topics:1.0">
  <code code="GCAT">
    <editdetail attribution="Reuters BIP Coding Group" action="confirmed" date="1997-06-21"/>
  </code>
  <code code="GDIP">
    <editdetail attribution="Reuters BIP Coding Group" action="confirmed" date="1997-06-21"/>
  </code>
</codes>
<dc element="dc.date.created" value="1997-06-21"/>
<dc element="dc.publisher" value="Reuters Holdings Plc"/>
<dc element="dc.date.published" value="1997-06-21"/>
<dc element="dc.source" value="Reuters"/>
<dc element="dc.creator.location" value="SOFIA"/>
<dc element="dc.creator.location.country.name" value="BULGARIA"/>
<dc element="dc.source" value="Reuters"/>
</metadata>
</newsitem>
