<?xml version="1.0" encoding="iso-8859-1" ?>
<newsitem itemid="678206" id="root" date="1997-06-21" xml:lang="en">
<title>GERMANY: GOLF-GARRIDO REVELS IN THE RAIN.</title>
<headline>GOLF-GARRIDO REVELS IN THE RAIN.</headline>
<byline>Norman Dabell</byline>
<dateline>STUTTGART, Germany 1997-06-21</dateline>
<text>
<p>Spaniard Ignacio Garrido, son of former Ryder Cup stalwart Antonio, takes a five-shot lead into the German Open final round after defying the elements on Saturday to set up his first European Tour victory.</p>
<p>Garrido,  in his fourth year on the Tour, birdied three of the first four holes in driving rain to build his big lead after starting two shots ahead of the field. His four-under-par third round 67 carried him to a 14-under-par 199 total.</p>
<p>Englishman Brian Davis, 22, shot the best round of the day, a 66, to move up to joint second on 204 with veteran compatriot Mark James, 21 years his senior. James shot a 69.</p>
<p>Norway's Per Haugsrud and another Englishman, Barry Lane, are on 206.</p>
<p>After three second places, one of them in March in the Portuguese Open, Garrido is on the brink of his first European success.</p>
<p>He scattered the field with his fiery start on Saturday, making light of the heavy rain with birdies at the par-five first and fourth holes and ramming in a 35-footer at the second to also pick up a stroke.</p>
<p>&quot;I thought I was going to be much more nervous than I was at the start,&quot; said the 25-year-old Spaniard. &quot;But the birdies calmed my nerves and built up my confidence. In the conditions, I told myself to just be patient and keep the clubs dry.</p>
<p>&quot;When you've been up there a few times you're less nervous...and last week's win helped on that score. I hope today will now help me in the final round.</p>
<p>&quot;Obviously, it's a big step to get your first win but I refuse to let my position put pressure on me, even a five-shot lead. If I have a disaster and shoot 85 it will not matter because this is all part of a learning process.&quot;</p>
<p>If Garrido wins and picks up the $116,000 first prize, he could jump 20 places in the European Ryder Cup table from 33rd and set up the chance of becoming the second son of a Ryder Cup father after England's Percy and Peter Alliss.</p>
</text>
<copyright>(c) Reuters Limited 1997</copyright>
<metadata>
<codes class="bip:countries:1.0">
  <code code="GFR">
    <editdetail attribution="Reuters BIP Coding Group" action="confirmed" date="1997-06-21"/>
  </code>
  <code code="SPAIN">
    <editdetail attribution="Reuters BIP Coding Group" action="confirmed" date="1997-06-21"/>
  </code>
  <code code="UK">
    <editdetail attribution="Reuters BIP Coding Group" action="confirmed" date="1997-06-21"/>
  </code>
</codes>
<codes class="bip:topics:1.0">
  <code code="GCAT">
    <editdetail attribution="Reuters BIP Coding Group" action="confirmed" date="1997-06-21"/>
  </code>
  <code code="GSPO">
    <editdetail attribution="Reuters BIP Coding Group" action="confirmed" date="1997-06-21"/>
  </code>
</codes>
<dc element="dc.date.created" value="1997-06-21"/>
<dc element="dc.publisher" value="Reuters Holdings Plc"/>
<dc element="dc.date.published" value="1997-06-21"/>
<dc element="dc.source" value="Reuters"/>
<dc element="dc.creator.location" value="STUTTGART, Germany"/>
<dc element="dc.creator.location.country.name" value="GERMANY"/>
<dc element="dc.source" value="Reuters"/>
</metadata>
</newsitem>
