<?xml version="1.0" encoding="iso-8859-1" ?>
<newsitem itemid="678264" id="root" date="1997-06-21" xml:lang="en">
<title>ROMANIA: Four die in hailstorms in Romania - agency.</title>
<headline>Four die in hailstorms in Romania - agency.</headline>
<dateline>BUCHAREST 1997-06-21</dateline>
<text>
<p>Hailstorms in southwest Romania killed four people and damaged thousands of hectares (acres) of crops, with some of the hailstones hurtling to the ground as big as tennis balls, the state news agency Rompres said on Saturday.</p>
<p>The agency said four farmers were killed by hailstones of up to seven cm (3 inches) in diameter during the storms which hit several villages in the western Oltenia region late on Friday.</p>
<p>Another 60 people were taken to nearby hospitals with various injuries suffered during the storms, when the storms tore the roofs of houses, uprooted trees and formed a thick layer of hailstones on the fields.</p>
<p>Preliminary official data gave no breakdown by crops, but said up to 8,000 hectares (20,000 acres) of various grain crops had been damaged during the storms.</p>
<p>The worst-hit areas were around the region's main city of Craiova, where rescue services worked to clear local roads blocked by trees felled during the storms. Electricity and telephone lines were also cut.</p>
</text>
<copyright>(c) Reuters Limited 1997</copyright>
<metadata>
<codes class="bip:countries:1.0">
  <code code="ROM">
    <editdetail attribution="Reuters BIP Coding Group" action="confirmed" date="1997-06-21"/>
  </code>
</codes>
<codes class="bip:topics:1.0">
  <code code="GCAT">
    <editdetail attribution="Reuters BIP Coding Group" action="confirmed" date="1997-06-21"/>
  </code>
  <code code="GDIS">
    <editdetail attribution="Reuters BIP Coding Group" action="confirmed" date="1997-06-21"/>
  </code>
</codes>
<dc element="dc.date.created" value="1997-06-21"/>
<dc element="dc.publisher" value="Reuters Holdings Plc"/>
<dc element="dc.date.published" value="1997-06-21"/>
<dc element="dc.source" value="Reuters"/>
<dc element="dc.creator.location" value="BUCHAREST"/>
<dc element="dc.creator.location.country.name" value="ROMANIA"/>
<dc element="dc.source" value="Reuters"/>
</metadata>
</newsitem>
