<?xml version="1.0" encoding="iso-8859-1" ?>
<newsitem itemid="678287" id="root" date="1997-06-21" xml:lang="en">
<title>MEXICO: Mexico's G.Accion completes IPO.</title>
<headline>Mexico's G.Accion completes IPO.</headline>
<dateline>MEXICO CITY 1997-06-20</dateline>
<text>
<p>Mexican construction and property group Grupo Accion has completed a global initial public offering (IPO) of 33.57 million &quot;B&quot; shares, representing 28.4 percent of the company's capital, the Mexican stock exchange said in a statement.</p>
<p>The proceeds will be used to make prepayments to bank creditors, to pay the costs of development and for acquisition of office buildings, the statement said.</p>
<p>The offer was made simultaneously on markets in Mexico, the United States and Europe.</p>
<p>Some 13.71 million series B shares were offered on the Mexican market at 12.7 pesos per share, the statement said.</p>
<p>&quot;Some 1.99 million ADRs were offered on the international markets, representing 19.85 million series B shares at $16 per ADR,&quot; the statement added. ((--Tomas de la Rosa, Mexico City newsroom +525 728 7912))</p>
</text>
<copyright>(c) Reuters Limited 1997</copyright>
<metadata>
<codes class="bip:countries:1.0">
  <code code="MEX">
    <editdetail attribution="Reuters BIP Coding Group" action="confirmed" date="1997-06-21"/>
  </code>
</codes>
<codes class="bip:industries:1.0">
  <code code="I85000">
    <editdetail attribution="Reuters BIP Coding Group" action="confirmed" date="1997-06-21"/>
  </code>
</codes>
<codes class="bip:topics:1.0">
  <code code="C14">
    <editdetail attribution="Reuters BIP Coding Group" action="confirmed" date="1997-06-21"/>
  </code>
  <code code="C17">
    <editdetail attribution="Reuters BIP Coding Group" action="confirmed" date="1997-06-21"/>
  </code>
  <code code="C171">
    <editdetail attribution="Reuters BIP Coding Group" action="confirmed" date="1997-06-21"/>
  </code>
  <code code="CCAT">
    <editdetail attribution="Reuters BIP Coding Group" action="confirmed" date="1997-06-21"/>
  </code>
</codes>
<dc element="dc.date.created" value="1997-06-20"/>
<dc element="dc.publisher" value="Reuters Holdings Plc"/>
<dc element="dc.date.published" value="1997-06-21"/>
<dc element="dc.source" value="Reuters"/>
<dc element="dc.creator.location" value="MEXICO CITY"/>
<dc element="dc.creator.location.country.name" value="MEXICO"/>
<dc element="dc.source" value="Reuters"/>
</metadata>
</newsitem>
