<?xml version="1.0" encoding="iso-8859-1" ?>
<newsitem itemid="678295" id="root" date="1997-06-21" xml:lang="en">
<title>CHINA: FORECAST-China June industry output seen up 12 pct.</title>
<headline>FORECAST-China June industry output seen up 12 pct.</headline>
<dateline>BEIJING 1997-06-21</dateline>
<text>
<p>China's industrial output is forecast to rise around 12 percent in June compared with the same month in 1996, state radio said on Saturday.</p>
<p>China's industrial output grew by 11.9 percent year-on-year in May to 178.0 billion yuan ($21.4 billion), the State Statistical Bureau has said.</p>
<p>The State Economic and Trade Commission was quoted by state radio as saying China's economy had entered a period of stable development.</p>
<p>($1=8.3 yuan)</p>
</text>
<copyright>(c) Reuters Limited 1997</copyright>
<metadata>
<codes class="bip:countries:1.0">
  <code code="CHINA">
    <editdetail attribution="Reuters BIP Coding Group" action="confirmed" date="1997-06-21"/>
  </code>
</codes>
<codes class="bip:topics:1.0">
  <code code="E31">
    <editdetail attribution="Reuters BIP Coding Group" action="confirmed" date="1997-06-21"/>
  </code>
  <code code="E311">
    <editdetail attribution="Reuters BIP Coding Group" action="confirmed" date="1997-06-21"/>
  </code>
  <code code="ECAT">
    <editdetail attribution="Reuters BIP Coding Group" action="confirmed" date="1997-06-21"/>
  </code>
</codes>
<dc element="dc.date.created" value="1997-06-21"/>
<dc element="dc.publisher" value="Reuters Holdings Plc"/>
<dc element="dc.date.published" value="1997-06-21"/>
<dc element="dc.source" value="Reuters"/>
<dc element="dc.creator.location" value="BEIJING"/>
<dc element="dc.creator.location.country.name" value="CHINA"/>
<dc element="dc.source" value="Reuters"/>
</metadata>
</newsitem>
