<?xml version="1.0" encoding="iso-8859-1" ?>
<newsitem itemid="678347" id="root" date="1997-06-21" xml:lang="en">
<title>IRAQ: Iranian exiles call for G7 sanctions on Iran.</title>
<headline>Iranian exiles call for G7 sanctions on Iran.</headline>
<dateline>BAGHDAD 1997-06-21</dateline>
<text>
<p>An Iranian exile group based in Iraq on Saturday urged the current Group of Seven summit in Denver to impose sanctions on Iran.</p>
<p>Maryam Rajavi, elected by the Mujahideen Khalaq opposition organisation as Iran's president-in-exile, called on G7 leaders to &quot;institute diplomatic and ecomomic sanctions against Tehran.&quot;</p>
<p>Rajavi told some 15,000 supporters in one of its bases that Iran's &quot;clerical regime will be toppled before the end of the 20th century.&quot; Her speech was carried by satellite around the world.</p>
<p>The organisation uses Iraq as a base for attacks inside Iran. Their bases have been the target of Iranian air and rocket attacks and their office in Baghdad, now ringed with a concrete wall, has faced several mortar and bomb attacks.</p>
</text>
<copyright>(c) Reuters Limited 1997</copyright>
<metadata>
<codes class="bip:countries:1.0">
  <code code="GSEVEN">
    <editdetail attribution="Reuters BIP Coding Group" action="confirmed" date="1997-06-21"/>
  </code>
  <code code="IRAN">
    <editdetail attribution="Reuters BIP Coding Group" action="confirmed" date="1997-06-21"/>
  </code>
  <code code="IRAQ">
    <editdetail attribution="Reuters BIP Coding Group" action="confirmed" date="1997-06-21"/>
  </code>
</codes>
<codes class="bip:topics:1.0">
  <code code="E51">
    <editdetail attribution="Reuters BIP Coding Group" action="confirmed" date="1997-06-21"/>
  </code>
  <code code="E512">
    <editdetail attribution="Reuters BIP Coding Group" action="confirmed" date="1997-06-21"/>
  </code>
  <code code="ECAT">
    <editdetail attribution="Reuters BIP Coding Group" action="confirmed" date="1997-06-21"/>
  </code>
  <code code="GCAT">
    <editdetail attribution="Reuters BIP Coding Group" action="confirmed" date="1997-06-21"/>
  </code>
  <code code="GDIP">
    <editdetail attribution="Reuters BIP Coding Group" action="confirmed" date="1997-06-21"/>
  </code>
</codes>
<dc element="dc.date.created" value="1997-06-21"/>
<dc element="dc.publisher" value="Reuters Holdings Plc"/>
<dc element="dc.date.published" value="1997-06-21"/>
<dc element="dc.source" value="Reuters"/>
<dc element="dc.creator.location" value="BAGHDAD"/>
<dc element="dc.creator.location.country.name" value="IRAQ"/>
<dc element="dc.source" value="Reuters"/>
</metadata>
</newsitem>
