<?xml version="1.0" encoding="iso-8859-1" ?>
<newsitem itemid="678345" id="root" date="1997-06-21" xml:lang="en">
<title>DUBAI: Iran invites Saddam Hussein to Islamic summit.</title>
<headline>Iran invites Saddam Hussein to Islamic summit.</headline>
<dateline>DUBAI 1997-06-21</dateline>
<text>
<p>An Iranian envoy delivered an invitation to Iraqi President Saddam Hussein to attend an Organisation of Islamic Conference summit Tehran plans to host in December, Iran radio reported on Saturday.</p>
<p>It said Health Minister Ali Ridha Mirandi, who arrived in Baghdad on Thursday, held talks with the Iraqi President on Saturday and relayed an invitation to the summit from Iranian President Akbar Hashemi Rafsanjani.</p>
<p>Saddam's presence at the summit of the Moslem world's biggest body could concern some Gulf Arab leaders, mainly Kuwait which was occupied by Iraqi troops for seven months in 1990-1991.</p>
<p>Iraq and Iran, regional powers who fought the 1980-88 Iraq-Iran War, are deadlocked over issues that hinder normal ties, including prisoners of war.</p>
</text>
<copyright>(c) Reuters Limited 1997</copyright>
<metadata>
<codes class="bip:countries:1.0">
  <code code="IRAN">
    <editdetail attribution="Reuters BIP Coding Group" action="confirmed" date="1997-06-21"/>
  </code>
  <code code="IRAQ">
    <editdetail attribution="Reuters BIP Coding Group" action="confirmed" date="1997-06-21"/>
  </code>
  <code code="ISLAM">
    <editdetail attribution="Reuters BIP Coding Group" action="confirmed" date="1997-06-21"/>
  </code>
</codes>
<codes class="bip:topics:1.0">
  <code code="GCAT">
    <editdetail attribution="Reuters BIP Coding Group" action="confirmed" date="1997-06-21"/>
  </code>
  <code code="GDIP">
    <editdetail attribution="Reuters BIP Coding Group" action="confirmed" date="1997-06-21"/>
  </code>
</codes>
<dc element="dc.date.created" value="1997-06-21"/>
<dc element="dc.publisher" value="Reuters Holdings Plc"/>
<dc element="dc.date.published" value="1997-06-21"/>
<dc element="dc.source" value="Reuters"/>
<dc element="dc.creator.location" value="DUBAI"/>
<dc element="dc.creator.location.country.name" value="DUBAI"/>
<dc element="dc.source" value="Reuters"/>
</metadata>
</newsitem>
