<?xml version="1.0" encoding="iso-8859-1" ?>
<newsitem itemid="678398" id="root" date="1997-06-21" xml:lang="en">
<title>USA: Bonn's resolve on reform strenghened by G7 - Rexrodt.</title>
<headline>Bonn's resolve on reform strenghened by G7 - Rexrodt.</headline>
<dateline>DENVER 1997-06-21</dateline>
<text>
<p>Talks with other Group of Seven countries has reinforced Germany's resolve to implement domestic structural reform, German economics minister Guenter Rexrodt told a breakfast briefing Saturday.</p>
<p>Rexrodt said after talks with finance and economics ministers from other G7 nations, &quot;The summit discussions have given us strength domestically to pursue structural reforms.&quot;</p>
<p>He cited such issues as increased labor market flexibility and reform of pension and welfare systems.</p>
<p>German is grappling with needs to reform its overregulated labor market to make its companies more competitive and reduce its near-record unemployment.</p>
<p>((--Janet Northcote, Summit Newsroom +1 303 454 8244))</p>
</text>
<copyright>(c) Reuters Limited 1997</copyright>
<metadata>
<codes class="bip:countries:1.0">
  <code code="GFR">
    <editdetail attribution="Reuters BIP Coding Group" action="confirmed" date="1997-06-21"/>
  </code>
  <code code="GSEVEN">
    <editdetail attribution="Reuters BIP Coding Group" action="confirmed" date="1997-06-21"/>
  </code>
  <code code="USA">
    <editdetail attribution="Reuters BIP Coding Group" action="confirmed" date="1997-06-21"/>
  </code>
</codes>
<codes class="bip:topics:1.0">
  <code code="E12">
    <editdetail attribution="Reuters BIP Coding Group" action="confirmed" date="1997-06-21"/>
  </code>
  <code code="E51">
    <editdetail attribution="Reuters BIP Coding Group" action="confirmed" date="1997-06-21"/>
  </code>
  <code code="E512">
    <editdetail attribution="Reuters BIP Coding Group" action="confirmed" date="1997-06-21"/>
  </code>
  <code code="ECAT">
    <editdetail attribution="Reuters BIP Coding Group" action="confirmed" date="1997-06-21"/>
  </code>
  <code code="GCAT">
    <editdetail attribution="Reuters BIP Coding Group" action="confirmed" date="1997-06-21"/>
  </code>
  <code code="GDIP">
    <editdetail attribution="Reuters BIP Coding Group" action="confirmed" date="1997-06-21"/>
  </code>
</codes>
<dc element="dc.date.created" value="1997-06-21"/>
<dc element="dc.publisher" value="Reuters Holdings Plc"/>
<dc element="dc.date.published" value="1997-06-21"/>
<dc element="dc.source" value="Reuters"/>
<dc element="dc.creator.location" value="DENVER"/>
<dc element="dc.creator.location.country.name" value="USA"/>
<dc element="dc.source" value="Reuters"/>
</metadata>
</newsitem>
