<?xml version="1.0" encoding="iso-8859-1" ?>
<newsitem itemid="678393" id="root" date="1997-06-21" xml:lang="en">
<title>USA: Rexrodt - Bonn must stick to goal of halving jobless.</title>
<headline>Rexrodt - Bonn must stick to goal of halving jobless.</headline>
<dateline>DENVER 1997-06-21</dateline>
<text>
<p>Germany's government must stick by its stated goal of halving unemployment by the year 2000, German economics minister Guenter Rexrodt said on Saturday.</p>
<p>In response to a question suggesting that the goal was unrealistic, Rexrodt said at a breakfast briefing: &quot;This is a goal which has been set jointly by the government, the trade unions and industry...It is a goal, and an ambitious goal.</p>
<p>&quot;And we are continuing to strive for it. It would be a poor show if we were to abandon it,&quot; he added.</p>
<p>The aim of halving Germany's 4-1/2 million unemployed in the next three years has been labelled unrealistic by independent economists.</p>
<p>Germany's IFO research institute said last week that the jobless queues could only be cut at such a rate if the German ecnomy grew by 5.75 percent per year over the next three years.</p>
<p>Bonn is predicting economic growth of no more than 2.5 percent this year.</p>
<p>Rexrodt is taking part in the summit meeting of the Group of Seven industrialized nations in Denver, Colarado. Unemployment is expected to rank high on the agenda for the meeting.</p>
<p>((--Janet Northcote, Summit Newsroom +1 303 454 8244))</p>
</text>
<copyright>(c) Reuters Limited 1997</copyright>
<metadata>
<codes class="bip:countries:1.0">
  <code code="GFR">
    <editdetail attribution="Reuters BIP Coding Group" action="confirmed" date="1997-06-21"/>
  </code>
  <code code="GSEVEN">
    <editdetail attribution="Reuters BIP Coding Group" action="confirmed" date="1997-06-21"/>
  </code>
  <code code="USA">
    <editdetail attribution="Reuters BIP Coding Group" action="confirmed" date="1997-06-21"/>
  </code>
</codes>
<codes class="bip:topics:1.0">
  <code code="E41">
    <editdetail attribution="Reuters BIP Coding Group" action="confirmed" date="1997-06-21"/>
  </code>
  <code code="E51">
    <editdetail attribution="Reuters BIP Coding Group" action="confirmed" date="1997-06-21"/>
  </code>
  <code code="E512">
    <editdetail attribution="Reuters BIP Coding Group" action="confirmed" date="1997-06-21"/>
  </code>
  <code code="ECAT">
    <editdetail attribution="Reuters BIP Coding Group" action="confirmed" date="1997-06-21"/>
  </code>
  <code code="GCAT">
    <editdetail attribution="Reuters BIP Coding Group" action="confirmed" date="1997-06-21"/>
  </code>
  <code code="GDIP">
    <editdetail attribution="Reuters BIP Coding Group" action="confirmed" date="1997-06-21"/>
  </code>
  <code code="GJOB">
    <editdetail attribution="Reuters BIP Coding Group" action="confirmed" date="1997-06-21"/>
  </code>
</codes>
<dc element="dc.date.created" value="1997-06-21"/>
<dc element="dc.publisher" value="Reuters Holdings Plc"/>
<dc element="dc.date.published" value="1997-06-21"/>
<dc element="dc.source" value="Reuters"/>
<dc element="dc.creator.location" value="DENVER"/>
<dc element="dc.creator.location.country.name" value="USA"/>
<dc element="dc.source" value="Reuters"/>
</metadata>
</newsitem>
