<?xml version="1.0" encoding="iso-8859-1" ?>
<newsitem itemid="678307" id="root" date="1997-06-21" xml:lang="en">
<title>HONG KONG: HK handover rows die down.</title>
<headline>HK handover rows die down.</headline>
<byline>Brian Williams</byline>
<dateline>HONG KONG 1997-06-21</dateline>
<text>
<p>Hong Kong handover rows between Britain and China died down on Saturday as talks inched forward in settling disputes about early arrival of Beijing troops and rights to protest during this month's big night.</p>
<p>Final details, from who will attend to what music, were unveiled for celebrations on the June 30 handover night.</p>
<p>With 10 days left, the only clouds on the horizon were disputes about whether China's troops could arrive before Beijing formally takes over and the right of protesters to stage a first demonstration under Chinese rule on the big night.</p>
<p>But Democratic Party member Lee Wing-tat said demonstrators appeared closer to getting permission to enter the colonial legislature building after the midnight handover ceremony to read out statements.</p>
<p>The legislature, where the Democrats hold the largest number of seats, will be dissolved at midnight on June 30 and a pro-Beijing assembly sworn in shortly thereafter.</p>
<p>The Democratic Party has refused to take part in the new assembly, which will pass laws until elections are held in 1998.</p>
<p>It has vowed to occupy the legislature building and read out protests while the new pro-Beijing assembly is being sworn in by Beijing-appointed Chief Executive-designate, Tung Chee-hwa.</p>
<p>The plans to occupy the legislature have threatened to pose the first real challenge for Tung.</p>
<p>&quot;We notified (Tung's office) of the full details of our action plans for June 30-July 1. And this time we got a more positive response,&quot; Lee said on a radio programme. &quot;We hope that we can very peacefully get into the building and deliver our speech from the balcony.&quot;</p>
<p>Tung's office said discussions were continuing with the Democrats but no decision had been taken.</p>
<p>Hong Kong governor Chris Patten also sounded more optimistic about settling a disagreement between London and Beijing about whether the main group of Chinese troops could enter the territory before it formally returns to China.</p>
<p>Senior Chinese officials have said that People's Liberation Army troops need to enter the territory earlier than July 1 to ensure security for Chinese President Jiang Zemin who is attending the handover celebrations in Hong Kong.</p>
<p>An advance party of 196 PLA soldiers is already in Hong Kong setting up facilities for the eventual military unit.</p>
<p>&quot;I'm sure there will be a resolution because both sides want to see it handled in a low key, sensitive and sensible way,&quot; Patten told reporters.</p>
<p>Media reports have said Beijing wants to send about 2,000 troops to Hong Kong on the afternoon of June 30.</p>
<p>China has given no figure for the number of troops it plans to eventually station in Hong Kong but at the height of British rule there were about 10,000 London troops in the colony.</p>
<p>Some of Hong Kong's 6.4 million people are wary of a PLA presence because of memories of how the troops put down the pro-democracy movement in Beijing's Tiananmen Square in 1989.</p>
<p>The haggling did not get in the way of arrangements for what China calls the media event of the century.</p>
<p>Details unveiled on Saturday showed a guest list of 10,000 names, topped by Britain's Prince Charles, and President Jiang.</p>
<p>For entertainment, there will be dragon dancers, two 70-piece orchestras, military bands, a massed choir of 650 adults and children, poetry reading and bagpipes.</p>
<p>The price tag for Britain's farewell to its last major colony: $3 million, all paid for by the British government.</p>
<p>Much of that is being handed to the New York-based event company, Caribiner International Inc, whose previous triumphs have included the much-hyped launch of Microsoft's Windows 95.</p>
</text>
<copyright>(c) Reuters Limited 1997</copyright>
<metadata>
<codes class="bip:countries:1.0">
  <code code="CHINA">
    <editdetail attribution="Reuters BIP Coding Group" action="confirmed" date="1997-06-21"/>
  </code>
  <code code="HKONG">
    <editdetail attribution="Reuters BIP Coding Group" action="confirmed" date="1997-06-21"/>
  </code>
  <code code="UK">
    <editdetail attribution="Reuters BIP Coding Group" action="confirmed" date="1997-06-21"/>
  </code>
</codes>
<codes class="bip:topics:1.0">
  <code code="GCAT">
    <editdetail attribution="Reuters BIP Coding Group" action="confirmed" date="1997-06-21"/>
  </code>
  <code code="GDIP">
    <editdetail attribution="Reuters BIP Coding Group" action="confirmed" date="1997-06-21"/>
  </code>
  <code code="GPOL">
    <editdetail attribution="Reuters BIP Coding Group" action="confirmed" date="1997-06-21"/>
  </code>
  <code code="GVIO">
    <editdetail attribution="Reuters BIP Coding Group" action="confirmed" date="1997-06-21"/>
  </code>
</codes>
<dc element="dc.date.created" value="1997-06-21"/>
<dc element="dc.publisher" value="Reuters Holdings Plc"/>
<dc element="dc.date.published" value="1997-06-21"/>
<dc element="dc.source" value="Reuters"/>
<dc element="dc.creator.location" value="HONG KONG"/>
<dc element="dc.creator.location.country.name" value="HONG KONG"/>
<dc element="dc.source" value="Reuters"/>
</metadata>
</newsitem>
