<?xml version="1.0" encoding="iso-8859-1" ?>
<newsitem itemid="678310" id="root" date="1997-06-21" xml:lang="en">
<title>HONG KONG: HK protesters closer to demonstration permission.</title>
<headline>HK protesters closer to demonstration permission.</headline>
<dateline>HONG KONG 1997-06-21</dateline>
<text>
<p>Pro-democracy protesters appear closer to gaining permission to demonstrate during this British colony's handover to Communist China on June 30, Democratic Party member Lee Wing-tat said on Saturday.</p>
<p>Beijing-appointed Chief Executive-designate, Tung Chee-hwa, appeared to have become more positive about letting protesters enter the colonial legislature building after a midnight handover ceremony to read out statements, Lee said on a radio programme.</p>
<p>&quot;We notified (Tung's office) of the full details of our action plans for June 30-July 1. And this time we got a more positive response,&quot; he said.</p>
<p>&quot;We hope that we can very peacefully get into the building and deliver our speech from the balcony,&quot; Lee said.</p>
<p>The legislature, where the Democrats hold the largest number of seats, will be dissolved at midnight on June 30 and a pro-Beijing assembly sworn in shortly thereafter.</p>
<p>The Democratic Party has refused to take part in the new assembly, which will pass laws until elections are held in 1998.</p>
<p>It has vowed to occupy the legislature building and read out protests while the new pro-Beijing assembly is being sworn in by Tung at a nearby convention centre in the early hours of July 1.</p>
<p>&quot;We have explained to them our detailed operation and also they expressed some worries and we tried our best to give some comfort to their worries. So that I think the response from them this time is much better,&quot; Lee said.</p>
<p>The plans to occupy the legislature have threatened to pose the first real challenge for Tung from Hong Kong's pro-democracy campaigners.</p>
<p>Tung's office said on Saturday that discussions were continuing with the Democrats but no decision had been taken.</p>
<p>&quot;Members of the Democratic Party have been in contact with the Chief Executive-designate's office and the matter is still under discussion,&quot; a spokesman for Tung said.</p>
</text>
<copyright>(c) Reuters Limited 1997</copyright>
<metadata>
<codes class="bip:countries:1.0">
  <code code="CHINA">
    <editdetail attribution="Reuters BIP Coding Group" action="confirmed" date="1997-06-21"/>
  </code>
  <code code="HKONG">
    <editdetail attribution="Reuters BIP Coding Group" action="confirmed" date="1997-06-21"/>
  </code>
  <code code="UK">
    <editdetail attribution="Reuters BIP Coding Group" action="confirmed" date="1997-06-21"/>
  </code>
</codes>
<codes class="bip:topics:1.0">
  <code code="GCAT">
    <editdetail attribution="Reuters BIP Coding Group" action="confirmed" date="1997-06-21"/>
  </code>
  <code code="GDIP">
    <editdetail attribution="Reuters BIP Coding Group" action="confirmed" date="1997-06-21"/>
  </code>
  <code code="GPOL">
    <editdetail attribution="Reuters BIP Coding Group" action="confirmed" date="1997-06-21"/>
  </code>
  <code code="GVIO">
    <editdetail attribution="Reuters BIP Coding Group" action="confirmed" date="1997-06-21"/>
  </code>
</codes>
<dc element="dc.date.created" value="1997-06-21"/>
<dc element="dc.publisher" value="Reuters Holdings Plc"/>
<dc element="dc.date.published" value="1997-06-21"/>
<dc element="dc.source" value="Reuters"/>
<dc element="dc.creator.location" value="HONG KONG"/>
<dc element="dc.creator.location.country.name" value="HONG KONG"/>
<dc element="dc.source" value="Reuters"/>
</metadata>
</newsitem>
