<?xml version="1.0" encoding="iso-8859-1" ?>
<newsitem itemid="678399" id="root" date="1997-06-21" xml:lang="en">
<title>USA: G7 believes Russian economy has bottomed-Rexrodt.</title>
<headline>G7 believes Russian economy has bottomed-Rexrodt.</headline>
<dateline>DENVER 1997-06-21</dateline>
<text>
<p>The Group of Seven industrialized nations believes that Russia's economy has now bottomed out, German economics minister Guenter Rexrodt said at a breakfast briefing on Saturday.</p>
<p>&quot;The general impression is that the Russian economy has reached its trough,&quot; Rexrodt said.</p>
<p>Rexrodt was speaking on the sidelines of the summit meeting of top politicians from the G7 countries. The G7 comprises Britain, Canada, France, Germany, Italy, Japan and the United States. Russia, for the first time, been invited to attend almost every session of the annual summit meeting.</p>
<p>((--Janet Northcote, Summit newsroom +1 303 454 8244))</p>
</text>
<copyright>(c) Reuters Limited 1997</copyright>
<metadata>
<codes class="bip:countries:1.0">
  <code code="GFR">
    <editdetail attribution="Reuters BIP Coding Group" action="confirmed" date="1997-06-21"/>
  </code>
  <code code="GSEVEN">
    <editdetail attribution="Reuters BIP Coding Group" action="confirmed" date="1997-06-21"/>
  </code>
  <code code="RUSS">
    <editdetail attribution="Reuters BIP Coding Group" action="confirmed" date="1997-06-21"/>
  </code>
  <code code="USA">
    <editdetail attribution="Reuters BIP Coding Group" action="confirmed" date="1997-06-21"/>
  </code>
</codes>
<codes class="bip:topics:1.0">
  <code code="E11">
    <editdetail attribution="Reuters BIP Coding Group" action="confirmed" date="1997-06-21"/>
  </code>
  <code code="E51">
    <editdetail attribution="Reuters BIP Coding Group" action="confirmed" date="1997-06-21"/>
  </code>
  <code code="E512">
    <editdetail attribution="Reuters BIP Coding Group" action="confirmed" date="1997-06-21"/>
  </code>
  <code code="ECAT">
    <editdetail attribution="Reuters BIP Coding Group" action="confirmed" date="1997-06-21"/>
  </code>
  <code code="GCAT">
    <editdetail attribution="Reuters BIP Coding Group" action="confirmed" date="1997-06-21"/>
  </code>
  <code code="GDIP">
    <editdetail attribution="Reuters BIP Coding Group" action="confirmed" date="1997-06-21"/>
  </code>
</codes>
<dc element="dc.date.created" value="1997-06-21"/>
<dc element="dc.publisher" value="Reuters Holdings Plc"/>
<dc element="dc.date.published" value="1997-06-21"/>
<dc element="dc.source" value="Reuters"/>
<dc element="dc.creator.location" value="DENVER"/>
<dc element="dc.creator.location.country.name" value="USA"/>
<dc element="dc.source" value="Reuters"/>
</metadata>
</newsitem>
