<?xml version="1.0" encoding="iso-8859-1" ?>
<newsitem itemid="678386" id="root" date="1997-06-21" xml:lang="en">
<title>USA: Chubais sees better Russia credit rating.</title>
<headline>Chubais sees better Russia credit rating.</headline>
<dateline>DENVER 1997-06-21</dateline>
<text>
<p>Membership of the Paris Club of creditor states should help Russia win a better credit rating, once the ratings are reassessed this fall, reform chief Anatoly Chubais said on Saturday.</p>
<p>Chubais, one of two first deputy prime ministers in the Russian government also said he expected a final agreement on the restructuring of Russia's commercial bank debts by the summer. &quot;All the main problems with the London Club have been overcome,&quot; he said.  </p>
<p>Russia, which inherited responsibility for both the debts and the liabilities of the former Soviet Union, owes comercial banks some $33 billion, according to Russian figures.</p>
<p>The Russian Central Bank said this week that it expected a deal with the London Club of commercial bank creditors would be closed by August 15.</p>
<p>Chubais said Russian membership of the Paris Club as a creditor would help Russia win a better rating for its own debt.</p>
<p>&quot;We would be given a higher rating now than we were at the end of last year,&quot; he said. &quot;We will apply again next fall and I believe Russia's rating will rise.&quot;</p>
<p>Russia has a Ba2 rating from Moody's, BB- from S&amp;P and BB+ from IBCA. It raised $2 billion this week with a 10-year Eurobond, its third issue as a sovereign borrower and the largest single issue from an emerging market economy.</p>
</text>
<copyright>(c) Reuters Limited 1997</copyright>
<metadata>
<codes class="bip:countries:1.0">
  <code code="GSEVEN">
    <editdetail attribution="Reuters BIP Coding Group" action="confirmed" date="1997-06-21"/>
  </code>
  <code code="RUSS">
    <editdetail attribution="Reuters BIP Coding Group" action="confirmed" date="1997-06-21"/>
  </code>
  <code code="USA">
    <editdetail attribution="Reuters BIP Coding Group" action="confirmed" date="1997-06-21"/>
  </code>
</codes>
<codes class="bip:topics:1.0">
  <code code="E21">
    <editdetail attribution="Reuters BIP Coding Group" action="confirmed" date="1997-06-21"/>
  </code>
  <code code="E212">
    <editdetail attribution="Reuters BIP Coding Group" action="confirmed" date="1997-06-21"/>
  </code>
  <code code="E51">
    <editdetail attribution="Reuters BIP Coding Group" action="confirmed" date="1997-06-21"/>
  </code>
  <code code="ECAT">
    <editdetail attribution="Reuters BIP Coding Group" action="confirmed" date="1997-06-21"/>
  </code>
  <code code="GCAT">
    <editdetail attribution="Reuters BIP Coding Group" action="confirmed" date="1997-06-21"/>
  </code>
  <code code="GDIP">
    <editdetail attribution="Reuters BIP Coding Group" action="confirmed" date="1997-06-21"/>
  </code>
</codes>
<dc element="dc.date.created" value="1997-06-21"/>
<dc element="dc.publisher" value="Reuters Holdings Plc"/>
<dc element="dc.date.published" value="1997-06-21"/>
<dc element="dc.source" value="Reuters"/>
<dc element="dc.creator.location" value="DENVER"/>
<dc element="dc.creator.location.country.name" value="USA"/>
<dc element="dc.source" value="Reuters"/>
</metadata>
</newsitem>
