<?xml version="1.0" encoding="iso-8859-1" ?>
<newsitem itemid="678370" id="root" date="1997-06-21" xml:lang="en">
<title>EGYPT: Arabs fed up with Israeli sweet talk, Egypt says.</title>
<headline>Arabs fed up with Israeli sweet talk, Egypt says.</headline>
<dateline>CAIRO 1997-06-21</dateline>
<text>
<p>Israel's Arab partners in Middle East negotiations are fed up with Israeli sweet talk which has no substance, Egyptian Foreign Minister Amr Moussa said in an interview published on Saturday.</p>
<p>Moussa, whose country is at the centre of attempts to revive substantial talks between Israel and the Palestinians, said Israeli Prime Minister Benjamin Netanyahu did not appear to have any new ideas on how to break the deadlock in the talks.</p>
<p>The same applied to talks with Syria, which have been suspended since early last year, he told the international Arabic newspaper al-Hayat.</p>
<p>This week Netanyahu met European Union envoy Miguel Angel Moratinos, who was also due to visit Damascus.</p>
<p>Asked if Netanyahu gave Moratinos a message for Syrian President Hafez al-Assad, Moussa said: &quot;Maybe, but we as Arabs have had our fill of talk and promises. There has to be a sound offer (from Israel) which gets things moving.&quot;</p>
<p>&quot;The Syrians have said they don't want to go back to square one and I think Netanyahu has heard this. If he has something new, then I know nothing about it,&quot; he added.</p>
<p>On Israeli-Palestinian talks, on hold since Israel started building a new settlement in East Jerusalem in March, Moussa said President Hosni Mubarak invited Netanyahu to Egypt in May because Netanyahu told him on the phone that he had new ideas.</p>
<p>&quot;But it turned out that he didn't have any new ideas, just promises and sweet talk,&quot; the minister added.</p>
<p>When Egyptian envoy Osama el-Baz later went to see Netanyahu as part of Egypt's mediation attempt, the Israeli prime minister spoke about building houses for Palestinians and &quot;speeding up this or that question&quot;, he said.</p>
<p>&quot;But when Baz had talks with the Palestinians, the question was 'What about the (Jewish) settlements?' We are awaiting from the Israelis an answer on the question of settlements,&quot; he added.</p>
<p>On U.S. aid to Egypt, under threat from right-wing supporters of Israel in Congress, Moussa said Egypt realised some time ago that U.S. aid, running at about $2.1 billion a year since the late 1970s, would not last forever.</p>
<p>The aid, once a major contribution to the Egyptian economy, has declined in significance over the years as the economy grows and inflation erodes the real value of the aid.</p>
<p>Last Wednesday the U.S. Senate Appropriations subcommittee on foreign operations removed the earmark for Egypt but agreed to provide Israel with $3.0 billion.</p>
<p>Subcommittee chairman Senator Mitch McConnell, Republican of Kentucky, was highly critical of Egypt's involvement in the peace process, charging that Mubarak had undercut negotiations on Jewish settlements in Hebron and taken the lead in suspending multilateral peace talks.</p>
</text>
<copyright>(c) Reuters Limited 1997</copyright>
<metadata>
<codes class="bip:countries:1.0">
  <code code="EGYPT">
    <editdetail attribution="Reuters BIP Coding Group" action="confirmed" date="1997-06-21"/>
  </code>
  <code code="ISRAEL">
    <editdetail attribution="Reuters BIP Coding Group" action="confirmed" date="1997-06-21"/>
  </code>
</codes>
<codes class="bip:topics:1.0">
  <code code="GCAT">
    <editdetail attribution="Reuters BIP Coding Group" action="confirmed" date="1997-06-21"/>
  </code>
  <code code="GDIP">
    <editdetail attribution="Reuters BIP Coding Group" action="confirmed" date="1997-06-21"/>
  </code>
</codes>
<dc element="dc.date.created" value="1997-06-21"/>
<dc element="dc.publisher" value="Reuters Holdings Plc"/>
<dc element="dc.date.published" value="1997-06-21"/>
<dc element="dc.source" value="Reuters"/>
<dc element="dc.creator.location" value="CAIRO"/>
<dc element="dc.creator.location.country.name" value="EGYPT"/>
<dc element="dc.source" value="Reuters"/>
</metadata>
</newsitem>
