<?xml version="1.0" encoding="iso-8859-1" ?>
<newsitem itemid="678361" id="root" date="1997-06-21" xml:lang="en">
<title>LEBANON: Landmine wounds U.N. peacekeepers in Lebanon.</title>
<headline>Landmine wounds U.N. peacekeepers in Lebanon.</headline>
<dateline>TYRE, Lebanon 1997-06-21</dateline>
<text>
<p>Six Irish United Nations peacekeepers were injured when they tripped a landmine during a patrol in southern Lebanon on Saturday, a spokesman for the forces said.</p>
<p>Timor Goksel, spokesman for the U.N. Interim Forces in Lebanon (UNIFIL), told reporters the men were taken to a U.N. hospital in the area by helicopter and two were in serious condition.  </p>
<p>Goksel said mines had been planted in the area by Israeli forces two months ago.</p>
<p>&quot;Yesterday (Friday) the Israeli forces and SLA (South Lebanon Army) militia told UNIFIL that the area had been cleared,&quot; he said.</p>
<p>The Irish U.N. forces on Friday had cleared four mines from the area and returned there on Saturday to continue their work and then stepped on mines, he added.</p>
</text>
<copyright>(c) Reuters Limited 1997</copyright>
<metadata>
<codes class="bip:countries:1.0">
  <code code="LEBAN">
    <editdetail attribution="Reuters BIP Coding Group" action="confirmed" date="1997-06-21"/>
  </code>
  <code code="UN">
    <editdetail attribution="Reuters BIP Coding Group" action="confirmed" date="1997-06-21"/>
  </code>
</codes>
<codes class="bip:topics:1.0">
  <code code="GCAT">
    <editdetail attribution="Reuters BIP Coding Group" action="confirmed" date="1997-06-21"/>
  </code>
  <code code="GVIO">
    <editdetail attribution="Reuters BIP Coding Group" action="confirmed" date="1997-06-21"/>
  </code>
</codes>
<dc element="dc.date.created" value="1997-06-21"/>
<dc element="dc.publisher" value="Reuters Holdings Plc"/>
<dc element="dc.date.published" value="1997-06-21"/>
<dc element="dc.source" value="Reuters"/>
<dc element="dc.creator.location" value="TYRE, Lebanon"/>
<dc element="dc.creator.location.country.name" value="LEBANON"/>
<dc element="dc.source" value="Reuters"/>
</metadata>
</newsitem>
