<?xml version="1.0" encoding="iso-8859-1" ?>
<newsitem itemid="678392" id="root" date="1997-06-21" xml:lang="en">
<title>USA: Clinton gives Yeltsin pride of place as G7 opens.</title>
<headline>Clinton gives Yeltsin pride of place as G7 opens.</headline>
<byline>Steve Holland</byline>
<dateline>DENVER 1997-06-21</dateline>
<text>
<p>President Bill Clinton urged world leaders on Saturday to pool their strength to attack global economic and security problems as he opened the second day of a Group of Seven summit, with Russian President Boris Yeltsin seated at his right hand.</p>
<p>&quot;None of our nations can meet these challenges alone. But more than ever, our summit process is an engine of common progress,&quot; Clinton said in opening remarks with the leaders assembled at a round wooden table in a blue-carpeted conference room at the Denver Public Library.</p>
<p>The leaders of the United States, Russia, Germany, Japan, Italy, France, Britain and Canada had a broad agenda for their session, including stability in the world financial system and common security problems such as international crime, drug trafficking, terrorism, environmental decay, weapons proliferation and the spread of infectious diseases.</p>
<p>Clinton gave a special welcome to the 66-year-old Kremlin leader who only a year ago was fighting for his life from heart problems but is now back to his old ebullient self.</p>
<p>&quot;I want to say a special welcome to our friend President Yeltsin, who joins us for the first time from the beginning to the end of this meeting. Russia's growing role in the shared world of market democracies reflects the progress and the potential of this age,&quot; Clinton said.</p>
<p>Yeltsin is excluded from only one summit meeting, an hour-long afternoon session on international economic and financial matters.</p>
<p>Stressing the need for international harmony, Clinton said: &quot;If we pool our strength we can achieve great things for all our peoples and the world.&quot;</p>
<p>But his summit colleagues expressed concern to him at a working dinner on Friday night about U.S. plans to withdraw troops from a NATO peace-keeping force in Bosnia next year.</p>
<p>Ways to prevent a new cycle of bloodshed in Bosnia figured prominently in the dinner discussions.</p>
<p>Officials said the leaders also agreed to send a Japanese envoy to assess the situation in Cambodia, where the government has announced the capture of Khmer Rouge strongman Pol Pol.</p>
<p>Clinton aide Dan Tarullo told reporters that &quot;a number of leaders expressed concern about the stated U.S. date for withdrawal of U.S. troops from Bosnia next year.&quot;</p>
<p>U.S. troops number 8,500 out of the 31,000-strong NATO force policing a fragile peace in Bosnia. It is scheduled to withdraw in June 1998.</p>
<p>The Europeans fear an American pullout would lead to a collapse of the peace-keeping operation and favor a more flexible approach on the withdrawal date.</p>
<p>Diplomats have struggled to enforce political elements of the 1995 Dayton Peace Accords that separated Bosnia's former warring factions.</p>
<p>Nationalist authorities are complicating the situation by obstructing the return of refugees to conquered territory, and cooperation with war crimes inquiries is seen as behind schedule.</p>
<p>A source close to the French delegation said President Jacques Chirac made clear to Clinton that the Europeans did not want to see unilateral withdrawal of Americans from Bosnia.</p>
<p>&quot;The military and civil aspects of the Dayton accords being partially achieved, the unilateral withdrawal of the Americans would create a problem for the Europeans,&quot; the source said, adding that Britain agreed with the French position.</p>
<p>Clinton, under pressure at home to bring back U.S. troops, told his partners they were taking the &quot;wrong focus, that rather than thinking about when troops would be leaving, it was more important the leaders be thinking about how to make the civilian peace process work in Bosnia,&quot; Tarullo said.</p>
<p>The leaders discussed assigning responsibilities to the countries involved in Bosnia peacekeeping to make the Dayton accords work, such as strengthening local police, promoting elections and resettling refugees.</p>
<p>The G7 leaders and Yeltsin are expected to issue a statement on Bosnia before ending the &quot;Summit of the Eight&quot; on Sunday.</p>
</text>
<copyright>(c) Reuters Limited 1997</copyright>
<metadata>
<codes class="bip:countries:1.0">
  <code code="GSEVEN">
    <editdetail attribution="Reuters BIP Coding Group" action="confirmed" date="1997-06-21"/>
  </code>
  <code code="RUSS">
    <editdetail attribution="Reuters BIP Coding Group" action="confirmed" date="1997-06-21"/>
  </code>
  <code code="USA">
    <editdetail attribution="Reuters BIP Coding Group" action="confirmed" date="1997-06-21"/>
  </code>
</codes>
<codes class="bip:topics:1.0">
  <code code="E51">
    <editdetail attribution="Reuters BIP Coding Group" action="confirmed" date="1997-06-21"/>
  </code>
  <code code="E512">
    <editdetail attribution="Reuters BIP Coding Group" action="confirmed" date="1997-06-21"/>
  </code>
  <code code="ECAT">
    <editdetail attribution="Reuters BIP Coding Group" action="confirmed" date="1997-06-21"/>
  </code>
  <code code="GCAT">
    <editdetail attribution="Reuters BIP Coding Group" action="confirmed" date="1997-06-21"/>
  </code>
  <code code="GDIP">
    <editdetail attribution="Reuters BIP Coding Group" action="confirmed" date="1997-06-21"/>
  </code>
</codes>
<dc element="dc.date.created" value="1997-06-21"/>
<dc element="dc.publisher" value="Reuters Holdings Plc"/>
<dc element="dc.date.published" value="1997-06-21"/>
<dc element="dc.source" value="Reuters"/>
<dc element="dc.creator.location" value="DENVER"/>
<dc element="dc.creator.location.country.name" value="USA"/>
<dc element="dc.source" value="Reuters"/>
</metadata>
</newsitem>
