<?xml version="1.0" encoding="iso-8859-1" ?>
<newsitem itemid="678323" id="root" date="1997-06-21" xml:lang="en">
<title>HONG KONG: China seen confronting structural economic issues.</title>
<headline>China seen confronting structural economic issues.</headline>
<byline>Sarah Davison</byline>
<dateline>HONG KONG 1997-06-21</dateline>
<text>
<p>China's move to tighten up controls on red chip shares follows increasing signs that the country is ready to bite the bullet and confront its structural economic problems, economists said.</p>
<p>Both economic and political circumstances are ripe for a new set of policy initiatives following last February's death of paramount leader Deng Xiaoping, Geoff Lewis, chief economist with Dresdner Kleinwort Benson, wrote in a recent research note.</p>
<p>Lewis was not expecting any major policy announcement before Hong Kong's July 1 return to Chinese rule.</p>
<p>Yet on Friday, following the biggest one-day gain ever by Hong Kong's main index, China stepped in and announced new measures to tighten up controls on red chips, the unruly bunch of China-related stocks that have taken Hong Kong by storm.</p>
<p>The announcement followed a gain of 647.87 points, or 4.5 percent, in the Hang Seng index to a record 15,154.36.</p>
<p>China now will require all Chinese-controlled companies to obtain approvals before listing overseas.</p>
<p>Companies will also be required to get approvals for transfers of domestic assets into listed affiliates, a widespread activity that has prompted rampant speculation about the value of future asset injections.</p>
<p>&quot;As economic views converge during the succession, so political stability increases and so does the chance of decisive policy implementation,&quot; Lewis wrote.</p>
<p>This apparent, renewed movement in economic policy follows a number of recent warnings from economists that China's growth rates are due to drop below expectations, and that deflationary pressures are mounting.</p>
<p>&quot;We're not only seeing disinflationary pressures coming from within China, we're also seeing it reflected in the region as a whole. There are myriad sources of confirmation for this particular view, and I think China's disinflationary forces are going to become one of the major stories this year,&quot; Michael Taylor, economist with W.I. Carr said recently.</p>
<p>Both W.I. Carr and Dresdner Kleinwort Benson believe China's long-term economic prospects remain strong, but DKB has warned that deflation will add to other forces hampering growth rates, which have already started to fail to meet expectations.</p>
<p>China's first quarter gross domestic product grew by 9.4 percent against expectations of 10.2 percent, and reports have surfaced that the government has cut its short-term forecast to about seven percent in order to achieve a reduced long-term forecast of eight percent.</p>
<p>Earlier expectations saw China's economy expanding by 10 percent each year for the next decade.</p>
<p>&quot;China has entered a new, disinflationary phase, and the rapid price rises characterising the early years of the economic reform process are unlikely to recur for the time being,&quot; said John Mulcahy, managing director, Indosuez W.I. Carr Securities.</p>
<p>Although the evident shift in government economic policy bodes ill for investors awaiting the return of the rip-roaring market rallies of the pre-1993 era, economists welcomed the new approach as yet another sign of China's economic competence.</p>
<p>&quot;Long term, we are more confident about China's economic future than for many years: the problems are in the short term,&quot; Lewis said.</p>
<p>&quot;Our confidence arises from a higher degree of economic literacy among the leadership. They -- in Beijing at least -- all seem to understand the costs of high inflation and the need for structural reform, which must be given a chance to work even if the short-term, consequences are negative.&quot;</p>
</text>
<copyright>(c) Reuters Limited 1997</copyright>
<metadata>
<codes class="bip:countries:1.0">
  <code code="CHINA">
    <editdetail attribution="Reuters BIP Coding Group" action="confirmed" date="1997-06-21"/>
  </code>
</codes>
<codes class="bip:topics:1.0">
  <code code="E11">
    <editdetail attribution="Reuters BIP Coding Group" action="confirmed" date="1997-06-21"/>
  </code>
  <code code="E12">
    <editdetail attribution="Reuters BIP Coding Group" action="confirmed" date="1997-06-21"/>
  </code>
  <code code="ECAT">
    <editdetail attribution="Reuters BIP Coding Group" action="confirmed" date="1997-06-21"/>
  </code>
</codes>
<dc element="dc.date.created" value="1997-06-21"/>
<dc element="dc.publisher" value="Reuters Holdings Plc"/>
<dc element="dc.date.published" value="1997-06-21"/>
<dc element="dc.source" value="Reuters"/>
<dc element="dc.creator.location" value="HONG KONG"/>
<dc element="dc.creator.location.country.name" value="HONG KONG"/>
<dc element="dc.source" value="Reuters"/>
</metadata>
</newsitem>
