<?xml version="1.0" encoding="iso-8859-1" ?>
<newsitem itemid="678437" id="root" date="1997-06-21" xml:lang="en">
<title>USA: Globalization poses massive health threat - study.</title>
<headline>Globalization poses massive health threat - study.</headline>
<byline>Roger Fillion</byline>
<dateline>WASHINGTON 1997-06-21</dateline>
<text>
<p>The surge in global trade and travel that is bringing people around the world closer together also is creating a huge health threat in the United States and other nations, a report issued on Saturday warned.</p>
<p>The biggest dangers come from the re-emergence of infectious diseases such as tuberculosis. The report, entitled &quot;America's Vital Interest in Global Health,&quot; also cites problems caused by contaminated food and tainted consumer goods imported into the country.</p>
<p>And it mentions the threat of &quot;germ warfare&quot; as well as microbes resistant to antibiotics, such as Streptococcus, which causes pneumonia.</p>
<p>The report was issued by the Institute of Medicine, the medical arm of the U.S. National Academy of Sciences.</p>
<p>It calls for the creation of an early-warning system to detect newly emerging infectious diseases and other threats. Such a system also would organise international responses.</p>
<p>The Department of Health and Human Services would be the best agency to coordinate U.S. foreign assistance in the health field, according to the report. It charges that the U.S. government and businesses need to do to more to protect the American people as well as populations elsewhere.</p>
<p>&quot;Because of our leadership in science and technology, the United States has a great deal to contribute to global health. And because of the increasing globalization of risks, it is in the United States' enlightened self interest to do so,&quot; said Barry Bloom, a professor at the Howard Hughes Medical Institute at the Albert Einstein College of Medicine in New York. He is co-chair of the Institute of Medicine's Board on International Health.</p>
<p>The value of international trade surged to $3.7 trillion in 1993 from $882.4 billion in 1975. Some two million peole cross an international border daily, according to the report.</p>
<p>More than 27 million Americans and Canadians travel to developing countries, and a growing number of visitors come to the United States. There were 115.5 million last year alone.</p>
<p>&quot;Already, drug-resistant TB, which developed overseas, has become one of our major health problems in America. And this will occur with other diseases, one after the other, unless we act now,&quot; said Harvey Fineberg, Dean of the Harvard School of Public Health and also a Board co-chair.</p>
<p>The report lists a wide range of medical threats brought about by globalization:</p>
<p>-- The emergence of AIDS, which originated in Africa, as the No. 1 killer of young men aged 15-45 in the United States.</p>
<p>-- Cyclospora, a protozoan that came to New York and California from raspberries in Guatamala and sickened many people.</p>
<p>-- Aggressive and deadly new infections that jump from remote areas of the earth to modern cities. The Ebola virus recently was carried by a physician from Gabon to Johannesburg, South Africa, where it killed a nurse before doctors recognised it.</p>
<p>-- Travelers picking up age-old diseases such as malaria on trips overseas.</p>
<p>-- Mosquitoes capable of carrying dengue fever, viral encephalitis and yellow fever, which were introduced to the United States in 1985 through tires imported from Asia.</p>
<p>-- Pesticides banned in the United United but then found on imported food.</p>
</text>
<copyright>(c) Reuters Limited 1997</copyright>
<metadata>
<codes class="bip:countries:1.0">
  <code code="USA">
    <editdetail attribution="Reuters BIP Coding Group" action="confirmed" date="1997-06-21"/>
  </code>
</codes>
<codes class="bip:topics:1.0">
  <code code="E51">
    <editdetail attribution="Reuters BIP Coding Group" action="confirmed" date="1997-06-21"/>
  </code>
  <code code="E512">
    <editdetail attribution="Reuters BIP Coding Group" action="confirmed" date="1997-06-21"/>
  </code>
  <code code="ECAT">
    <editdetail attribution="Reuters BIP Coding Group" action="confirmed" date="1997-06-21"/>
  </code>
  <code code="GCAT">
    <editdetail attribution="Reuters BIP Coding Group" action="confirmed" date="1997-06-21"/>
  </code>
  <code code="GHEA">
    <editdetail attribution="Reuters BIP Coding Group" action="confirmed" date="1997-06-21"/>
  </code>
  <code code="GTOUR">
    <editdetail attribution="Reuters BIP Coding Group" action="confirmed" date="1997-06-21"/>
  </code>
</codes>
<dc element="dc.date.created" value="1997-06-21"/>
<dc element="dc.publisher" value="Reuters Holdings Plc"/>
<dc element="dc.date.published" value="1997-06-21"/>
<dc element="dc.source" value="Reuters"/>
<dc element="dc.creator.location" value="WASHINGTON"/>
<dc element="dc.creator.location.country.name" value="USA"/>
<dc element="dc.source" value="Reuters"/>
</metadata>
</newsitem>
