<?xml version="1.0" encoding="iso-8859-1" ?>
<newsitem itemid="678488" id="root" date="1997-06-21" xml:lang="en">
<title>GERMANY: Degussa admits melting down Jewish gold.</title>
<headline>Degussa admits melting down Jewish gold.</headline>
<dateline>FRANKFURT 1997-06-21</dateline>
<text>
<p>Germany's Degussa AG, one of the world's largest metals firms, acknowledged on Saturday that it had melted down gold and silver taken from Holocaust victims during the Nazi era.</p>
<p>&quot;During National Socialist (Nazi) times, Jewish citizens in Germany and in neighbouring occupied countries were forced to give up gold, silver and other precious metals,&quot; Degussa said in a statement.</p>
<p>&quot;Most of the materials -- plate silver, jewellery, old silver, and silver and gold fragments -- was refined at Degussa.&quot;</p>
<p>Asked for clarification of what Degussa meant by &quot;fragments&quot;, a spokeswoman for the firm said: &quot;We didn't know ... we were not forced to ask where it came from.&quot;</p>
<p>As far as it knew, the precious metals came from the Reichsbank, Germany's then central bank, and from state pawnbrokers, the firm said.</p>
<p>The metals and chemicals company said it had melted down the gold and silver under orders from the state and had been paid state agreed fees for the work.</p>
<p>Degussa is the latest in a growing list of German companies -- including insurer Allianz, railway Deutsche Bahn AG, carmaker Volkswagen AG and Deutsche Bank AG, Germany's largest bank -- taking a fresh look at the role they played in Nazi atrocities of the 1930s and 1940s.</p>
<p>The new efforts were sparked partly by growing public pressure on firms to reveal the less savoury aspects of the history, and by a recent multi-billion-dollar lawsuit in the United States which alleged that German insurer Allianz AG, among others, cheated Holocaust survivors of their assets.</p>
<p>Allianz said on Friday that it had asked an American historian to research its historical relationship with the Nazi regime. The insurer has also set up hotlines in Germany and the U.S. to assist claimants.</p>
<p>A senior Degussa official, Michael Jansen, said in the statement the firm was well aware of its past and, in efforts to compensate for it, was a major supporter of numerous Jewish institutions in Israel, the United States and Germany.</p>
<p>&quot;We have never made a secret of our past,&quot; he said.</p>
<p>Degussa said it had now agreed with the World Jewish Congress to investigate further its role in the disappearance of Jewish-owned precious metals during the Third Reich.</p>
<p>It was also engaged in a similar project with the economic and social history research institute at Cologne university.</p>
<p>&quot;Our project is part of a general effort to shed more light on areas that have not been fully illuminated,&quot; Degussa spokesman Wolfgang Heilmann told Reuters on Friday.</p>
<p>The chairwoman of the German Association for Corporate History said on Friday that firms now felt more able to tackle their uncomfortable pasts, since new, younger management teams had a less personal and emotional experience of the Nazi era.</p>
<p>Companies are also keen to gain public approval for acknowledging their part in the Nazi war effort. Deutsche Bank, for example, ultimately received public praise for admitting they profited from the the sale of confiscated Jewish property.</p>
<p>-- Frankfurt Newsroom +49 69 756525</p>
</text>
<copyright>(c) Reuters Limited 1997</copyright>
<metadata>
<codes class="bip:countries:1.0">
  <code code="GFR">
    <editdetail attribution="Reuters BIP Coding Group" action="confirmed" date="1997-06-21"/>
  </code>
</codes>
<codes class="bip:industries:1.0">
  <code code="I22472">
    <editdetail attribution="Reuters BIP Coding Group" action="confirmed" date="1997-06-21"/>
  </code>
</codes>
<codes class="bip:topics:1.0">
  <code code="C21">
    <editdetail attribution="Reuters BIP Coding Group" action="confirmed" date="1997-06-21"/>
  </code>
  <code code="CCAT">
    <editdetail attribution="Reuters BIP Coding Group" action="confirmed" date="1997-06-21"/>
  </code>
</codes>
<dc element="dc.date.created" value="1997-06-21"/>
<dc element="dc.publisher" value="Reuters Holdings Plc"/>
<dc element="dc.date.published" value="1997-06-21"/>
<dc element="dc.source" value="Reuters"/>
<dc element="dc.creator.location" value="FRANKFURT"/>
<dc element="dc.creator.location.country.name" value="GERMANY"/>
<dc element="dc.source" value="Reuters"/>
</metadata>
</newsitem>
