<?xml version="1.0" encoding="iso-8859-1" ?>
<newsitem itemid="678435" id="root" date="1997-06-21" xml:lang="en">
<title>USA: Environment strains atmosphere at G7 summit.</title>
<headline>Environment strains atmosphere at G7 summit.</headline>
<byline>Tom Heneghan</byline>
<dateline>DENVER 1997-06-21</dateline>
<text>
<p>Environmental issues shaped up on Saturday as a sore point for the big industrialised states as European members criticised the United States, Canada and Japan for not supporting sharp cuts in greenhouse gases.</p>
<p>Ahead of a U.N. Earth Summit, the four European Union members of the rich countries' club, the Group of Seven, have had little success with their demand that the G7 aim to cut carbon dioxide and other gases by 15 percent by 2010, EU officials said.</p>
<p>The EU states -- Britain, France, Germany and Italy -- also ran into difficulties with their call for an international convention to protect the world's forests, they said.</p>
<p>U.S. President Bill Clinton, host to this year's summit, sent back the &quot;sherpas&quot;, senior officials advising each leader, to draw up a clear statement on the environment to be issued on Sunday, they added.</p>
<p>German officials said Chancellor Helmut Kohl opened a frank exchange of views on the environment at a closed-door summit session and stressed the need for clear targets.</p>
<p>&quot;The chancellor discussed the issue very, very openly and called it the most difficult issue at the summit,&quot; one official said. &quot;Credible protection of the climate needs concrete reduction goals.&quot;</p>
<p>British Foreign Secretary Robin Cook put down North American resistence to ambitious targets to a cultural divide between Europe and the U.S. and Canada.</p>
<p>&quot;Both of them find it very difficult to deal with a domestic audience which is still very much in a culture of large extravagant private cars and generous consumption of energy as a cheap commodity,&quot; he told reporters.</p>
<p>But the issue was alarming, he added: &quot;The lifestyle of America and elsewhere canot be contained much beyond another quarter of a century without serious effects on our climate.&quot;</p>
<p>Carbon dioxide and other so-called greenhouse gases are blamed for global warming and the climate change that results.</p>
<p>A special U.N. General Assembly session in New York next week will discuss progress in fighting global warming since the first Earth Summit held in Rio de Janeiro five years ago.</p>
<p>The EU agreed last week to call for a 15 percent cut in greenhouse gases in 2010 from their 1990 levels.  But the other G7 states want only a vaguer reference to reductions without any precise target.</p>
<p>The G7 comprises the United States, Japan, Germany, Britain, France, Italy and Canada, and their leaders were joined at this year's annual summit by Russian President Boris Yeltsin for nearly all their talks.</p>
<p>The annual summits often set the tone for coordinated policy work over the next year.</p>
<p>In contrast to greenhouse gases, the U.S. has been pressing its G7 partners to agree to link export credit guarantees to a recipient country's record in protecting the environment. Washington refused credits for China's Three Gorges Dam project because it did not meet ecological standards.</p>
<p>German Economics Minister Guenter Rexrodt said Bonn opposed this linkage and a group of the Organisation for Economic Cooperation and Development would be asked to study the issue.</p>
<p>In his speech, Kohl quoted a German parliament report on greenhouse gases showing that the United States accounted for 24.25 percent of the world's carbon emissions -- by far the highest level in the world and rising between 1990 and 1994.</p>
<p>China came next at 13.3 percent and rising in the same period, then came Russia and the former Soviet republics with 11.7 percent and falling and Asia without China at 9.6 percent and rising.</p>
<p>Japan accounted for 5.37 percent of the world's greenhouse gases, with the total on the rise, and Germany was responsible for 4.17 percent and its share was falling.</p>
</text>
<copyright>(c) Reuters Limited 1997</copyright>
<metadata>
<codes class="bip:countries:1.0">
  <code code="CANA">
    <editdetail attribution="Reuters BIP Coding Group" action="confirmed" date="1997-06-21"/>
  </code>
  <code code="EEC">
    <editdetail attribution="Reuters BIP Coding Group" action="confirmed" date="1997-06-21"/>
  </code>
  <code code="GSEVEN">
    <editdetail attribution="Reuters BIP Coding Group" action="confirmed" date="1997-06-21"/>
  </code>
  <code code="JAP">
    <editdetail attribution="Reuters BIP Coding Group" action="confirmed" date="1997-06-21"/>
  </code>
  <code code="UN">
    <editdetail attribution="Reuters BIP Coding Group" action="confirmed" date="1997-06-21"/>
  </code>
  <code code="USA">
    <editdetail attribution="Reuters BIP Coding Group" action="confirmed" date="1997-06-21"/>
  </code>
</codes>
<codes class="bip:topics:1.0">
  <code code="G15">
    <editdetail attribution="Reuters BIP Coding Group" action="confirmed" date="1997-06-21"/>
  </code>
  <code code="G156">
    <editdetail attribution="Reuters BIP Coding Group" action="confirmed" date="1997-06-21"/>
  </code>
  <code code="GCAT">
    <editdetail attribution="Reuters BIP Coding Group" action="confirmed" date="1997-06-21"/>
  </code>
  <code code="GDIP">
    <editdetail attribution="Reuters BIP Coding Group" action="confirmed" date="1997-06-21"/>
  </code>
  <code code="GENV">
    <editdetail attribution="Reuters BIP Coding Group" action="confirmed" date="1997-06-21"/>
  </code>
</codes>
<dc element="dc.date.created" value="1997-06-21"/>
<dc element="dc.publisher" value="Reuters Holdings Plc"/>
<dc element="dc.date.published" value="1997-06-21"/>
<dc element="dc.source" value="Reuters"/>
<dc element="dc.creator.location" value="DENVER"/>
<dc element="dc.creator.location.country.name" value="USA"/>
<dc element="dc.source" value="Reuters"/>
</metadata>
</newsitem>
