<?xml version="1.0" encoding="iso-8859-1" ?>
<newsitem itemid="678491" id="root" date="1997-06-21" xml:lang="en">
<title>FRANCE: Mortar fire hurts seven at French Bangui embassy.</title>
<headline>Mortar fire hurts seven at French Bangui embassy.</headline>
<dateline>PARIS 1997-06-21</dateline>
<text>
<p>Seven people at the French embassy in the Central African Republic were injured on Saturday by two stray mortar shells apparently fired by disaffected soldiers, the French ambassador said.</p>
<p>&quot;No lives are in danger,&quot; Jean-Marc Simon told La Chaine Info television by telephone from Bangui. &quot;But one of the staff will have to be repatriated to France...because he has shrapnel in his lungs.&quot;</p>
<p>Of the seven injured, five were French nationals and the other two staff from the Central African Republic.</p>
<p>Fresh fighting between African peacekeepers and disaffected soldiers broke out in Bangui on Saturday, killing four civilians and wounding more than 30 including the embassy staff, medical workers and diplomats said.</p>
<p>Simon said the mortars were apparently fired from the Kasai camp, a base for former army mutineers, towards a camp of forces loyal to President Ange-Felix Patasse, a northern civilian elected in 1993.</p>
<p>&quot;As these people are unfortunately very bad shots -- they've shown that already several times -- the shells fell scattered around the upper part of the city of Bangui and two hit the French embassy compound,&quot; he said.</p>
<p>He said the attacks showed the urgency of disarming ex-mutineers who have not returned to barracks despite a January 25 peace deal after three uprisings in less than a year.</p>
<p>The first mutinies, in April and May 1996, began as protests over pay but became a movement to topple Patasse. The third mutiny began in November and degenerated into ethnic bloodshed.</p>
<p>French troops, in the country under a defence pact, restored order after the latest mutiny and handed over to the peacekeepers. The African force includes soldiers from Burkina Faso, Chad, Gabon, Mali, Senegal and Togo.</p>
</text>
<copyright>(c) Reuters Limited 1997</copyright>
<metadata>
<codes class="bip:countries:1.0">
  <code code="CAFR">
    <editdetail attribution="Reuters BIP Coding Group" action="confirmed" date="1997-06-21"/>
  </code>
  <code code="FRA">
    <editdetail attribution="Reuters BIP Coding Group" action="confirmed" date="1997-06-21"/>
  </code>
</codes>
<codes class="bip:topics:1.0">
  <code code="GCAT">
    <editdetail attribution="Reuters BIP Coding Group" action="confirmed" date="1997-06-21"/>
  </code>
  <code code="GVIO">
    <editdetail attribution="Reuters BIP Coding Group" action="confirmed" date="1997-06-21"/>
  </code>
</codes>
<dc element="dc.date.created" value="1997-06-21"/>
<dc element="dc.publisher" value="Reuters Holdings Plc"/>
<dc element="dc.date.published" value="1997-06-21"/>
<dc element="dc.source" value="Reuters"/>
<dc element="dc.creator.location" value="PARIS"/>
<dc element="dc.creator.location.country.name" value="FRANCE"/>
<dc element="dc.source" value="Reuters"/>
</metadata>
</newsitem>
