<?xml version="1.0" encoding="iso-8859-1" ?>
<newsitem itemid="678423" id="root" date="1997-06-21" xml:lang="en">
<title>USA: Yeltsin, Russia bask in limelight at G7.</title>
<headline>Yeltsin, Russia bask in limelight at G7.</headline>
<byline>Timothy Heritage</byline>
<dateline>DENVER 1997-06-20</dateline>
<text>
<p>President Boris Yeltsin stole the show at the Group of Seven summit on Friday with a performance that shone the spotlight on Russia's economic reforms and kept its financial problems in the shadows.</p>
<p>The seven industrial powers in the G7 allowed Yeltsin to bask in the limelight as a reward for his own role in reforms and for making a deal this year with NATO over its eastward expansion rather than risk a chill in ties with the West.</p>
<p>The 66-year-old president seized the opportunity with an energetic performance which underlined his recovery after months on the sidelines with heart trouble and then pneumonia.</p>
<p>Yeltsin revelled in his early successes at the summit, blowing kisses to cheering admirers and plunging unexpectedly into an adoring crowd to meet local people.</p>
<p>&quot;Denver is good,&quot; he said, grinning broadly and giving the thumbs-up sign as he shook hands with people in a crowd of about 200 after talks with U.S. President Bill Clinton.</p>
<p>The crowd chanted &quot;Yeltsin, Yeltsin&quot; when he suddenly turned and headed in their direction instead of getting into his waiting limousine.</p>
<p>The president, who also blew kisses to a small crowd on the way into his talks with Clinton, looked fit and energetic four months after returning to the Kremlin following his long bout of illness.</p>
<p>Yeltsin told Clinton his main problem was that his suits were baggy because he had lost weight. &quot;My brain is always moving fast, but now my body is also moving with more energy,&quot; he said.</p>
<p>Yeltsin had plenty to celebrate. He and Clinton announced agreement in principle for Russia to join the Paris Club of creditor nations, who meet to discuss requests to renegotiate countries' debts.</p>
<p>At talks with Japanese Prime Minister Ryutaro Hashimoto, he pledged to stop targeting Japan with nuclear missiles.</p>
<p>Russia is also enjoying its biggest role so far at a G7 summit, even though it has a much weaker economy than group members -- Britain, Canada, France, Germany, Italy, Japan and the United States -- and some are wary of granting Moscow early membership.</p>
<p>Yeltsin's warm reception at the summit is largely in recognition of Russia's decision to sign a new partnership deal with the North Atlantic Treaty Organisation on May 27.</p>
<p>That agreement helped compensate Russia for NATO's planned expansion into former communist eastern Europe, which Moscow had opposed as a security threat.</p>
<p>Russia's expanded G7 role is a symbolic gesture which allows Yeltsin to present Moscow as a major global power again five years after the collapse of the Soviet Union.</p>
<p>That role, and giving Yeltsin the spotlight in Denver, helps Yeltsin defend himself against criticism by Russian nationalists and communists critical of his foreign policy and economic reforms.</p>
<p>How long the truce with Moscow can hold remains to be seen. France signalled there were still differences, saying objections remained to full G7 membership for Russia.</p>
<p>NATO expansion could also re-emerge as a thorn in relations with the West if the alliance tries to lure in former Soviet republics. Russia has said this is unacceptable.</p>
<p>&quot;Most of what happens in Denver will be intended to soothe Russia's wounded ego,&quot; Russian political analyst Viktor Kremenyuk said before Yeltsin left for the United States.</p>
<p>But he added: &quot;Let's not forget that Russia's economy is much weaker than the others'. That makes Russia like a maimed person alongside able-bodied people at the summit talks.&quot;</p>
</text>
<copyright>(c) Reuters Limited 1997</copyright>
<metadata>
<codes class="bip:countries:1.0">
  <code code="FRA">
    <editdetail attribution="Reuters BIP Coding Group" action="confirmed" date="1997-06-21"/>
  </code>
  <code code="GSEVEN">
    <editdetail attribution="Reuters BIP Coding Group" action="confirmed" date="1997-06-21"/>
  </code>
  <code code="RUSS">
    <editdetail attribution="Reuters BIP Coding Group" action="confirmed" date="1997-06-21"/>
  </code>
  <code code="USA">
    <editdetail attribution="Reuters BIP Coding Group" action="confirmed" date="1997-06-21"/>
  </code>
</codes>
<codes class="bip:topics:1.0">
  <code code="E51">
    <editdetail attribution="Reuters BIP Coding Group" action="confirmed" date="1997-06-21"/>
  </code>
  <code code="E512">
    <editdetail attribution="Reuters BIP Coding Group" action="confirmed" date="1997-06-21"/>
  </code>
  <code code="ECAT">
    <editdetail attribution="Reuters BIP Coding Group" action="confirmed" date="1997-06-21"/>
  </code>
  <code code="GCAT">
    <editdetail attribution="Reuters BIP Coding Group" action="confirmed" date="1997-06-21"/>
  </code>
  <code code="GDIP">
    <editdetail attribution="Reuters BIP Coding Group" action="confirmed" date="1997-06-21"/>
  </code>
</codes>
<dc element="dc.date.created" value="1997-06-20"/>
<dc element="dc.publisher" value="Reuters Holdings Plc"/>
<dc element="dc.date.published" value="1997-06-21"/>
<dc element="dc.source" value="Reuters"/>
<dc element="dc.creator.location" value="DENVER"/>
<dc element="dc.creator.location.country.name" value="USA"/>
<dc element="dc.source" value="Reuters"/>
</metadata>
</newsitem>
