<?xml version="1.0" encoding="iso-8859-1" ?>
<newsitem itemid="678538" id="root" date="1997-06-21" xml:lang="en">
<title>INDIA: Relatives of hostages arrive in India.</title>
<headline>Relatives of hostages arrive in India.</headline>
<dateline>NEW DELHI 1997-06-21</dateline>
<text>
<p>Relatives of two of the four Westerners kidnapped two years ago in India's troubled Jammu and Kashmir state arrived in India on Saturday to appeal for help in finding their loved ones.</p>
<p>Julie Mangan, wife of British kidnap victim Keith Mangan, told reporters after arriving in New Delhi that she had heard different stories, some saying the men had been killed.</p>
<p>&quot;So I came to find out whether these stories are true or not,&quot; Julie Mangan said. &quot;I don't believe it myself.&quot;</p>
<p>Britons Keith Mangan and Paul Wells, Americans Donald Hutchings and John Childs, German Dirk Hasert and Norwegian Hans Christian Ostroe Mangan, were abducted by Al-Faran guerrillas in July 1995 while trekking in Kashmir.</p>
<p>Childs escaped but Ostroe was later found beheaded. There has been no trace of the other four Westerners, raising doubts about whether they are still alive.</p>
<p>Birgit Hasert, sister of Dirk Hasert, also arrived in New Delhi on Saturday. Hutchings' wife, Jane Schelly, was expected to arrive in India later on Saturday to appeal for help seeking the men, diplomats said.</p>
<p>A pro-government militiaman and a Kashmiri newspaper said earlier this month that the four tourists were shot early in 1996 and buried in a cave.</p>
<p>But Kashmir's chief minister Farooq Abdullah has said authorities have not confirmed this.</p>
<p>&quot;I would like to have the help of the Indian prime minister...to search the area properly because we don't want to be tortured anymore,&quot; Julie Mangan said.</p>
<p>Diplomats said the hostages' relatives were likely to visit Kashmir later this month.</p>
</text>
<copyright>(c) Reuters Limited 1997</copyright>
<metadata>
<codes class="bip:countries:1.0">
  <code code="GFR">
    <editdetail attribution="Reuters BIP Coding Group" action="confirmed" date="1997-06-21"/>
  </code>
  <code code="INDIA">
    <editdetail attribution="Reuters BIP Coding Group" action="confirmed" date="1997-06-21"/>
  </code>
  <code code="UK">
    <editdetail attribution="Reuters BIP Coding Group" action="confirmed" date="1997-06-21"/>
  </code>
</codes>
<codes class="bip:topics:1.0">
  <code code="GCAT">
    <editdetail attribution="Reuters BIP Coding Group" action="confirmed" date="1997-06-21"/>
  </code>
  <code code="GVIO">
    <editdetail attribution="Reuters BIP Coding Group" action="confirmed" date="1997-06-21"/>
  </code>
</codes>
<dc element="dc.date.created" value="1997-06-21"/>
<dc element="dc.publisher" value="Reuters Holdings Plc"/>
<dc element="dc.date.published" value="1997-06-21"/>
<dc element="dc.source" value="Reuters"/>
<dc element="dc.creator.location" value="NEW DELHI"/>
<dc element="dc.creator.location.country.name" value="INDIA"/>
<dc element="dc.source" value="Reuters"/>
</metadata>
</newsitem>
