<?xml version="1.0" encoding="iso-8859-1" ?>
<newsitem itemid="678553" id="root" date="1997-06-21" xml:lang="en">
<title>PAKISTAN: Bhutto wants dead brother's boydguards arrested.</title>
<headline>Bhutto wants dead brother's boydguards arrested.</headline>
<dateline>ISLAMABAD 1997-06-21</dateline>
<text>
<p>Pakistani opposition leader Benazir Bhutto said on Saturday authorities should arrest the bodyguards of her dead brother Murtaza, who was killed in mysterious circumstances in a police shootout last year.</p>
<p>In an interview with Reuters, she also demanded that foreign forensic teams join the investigation of the incident, which a judicial tribunal said earlier this month was an &quot;extra-judicial killing&quot; by police cleared by an unspecified higher authority.</p>
<p>Bhutto was prime minister when Murtaza, who was estranged from her and led a breakaway faction of her Pakistan People's Party (PPP), was killed along with seven companions in Karachi on September 20.</p>
<p>At the time Bhutto called the killing a conspiracy to destabilise her government, which was sacked in November by President Farooq Leghari on disputed charges of misrule.</p>
<p>After that, police registered a complaint by Murtaza's widown accusing Bhutto's jailed husband Asif Ali Zardari and the PPP's former chief minister of Sindh province, Abdullah Shah, of involvement in the murder.</p>
<p>Bhutto said in the interview, given on her 44th birthday, that she believed the bodyguards, whom police accuse of starting the shootout, had been bought off.</p>
<p>&quot;I think the bodyguards should be arrested whom the police had accused in their first police report of provocation and starting the firing,&quot; Bhutto said.</p>
<p>&quot;Number two, I think forensic experts from abroad should be called in to determine from which angle my brother was actually shot.</p>
<p>&quot;It is very important for the investigation that the bodyguards be arrested, because I believe they were bought off...by my opponents to kill my brother,&quot; she said.</p>
<p>The inquiry tribunal report, made public on June 8, exonerated Leghari of Bhutto's suspicion that he was involved in the killing. But it called the incident &quot;a case of extra-judicial killing by the police having clearance from a much higher authority&quot; than Karachi police chiefs.</p>
<p>Bhutto said she believed the report was very important because it &quot;lays to rest&quot; the charge of a conspiracy involving her husband.</p>
<p>&quot;What was so painful for me was not only that my brother was killed but that my husband was accused of that murder,&quot; she said.</p>
<p>On Friday, a PPP spokesman said Bhutto had asked party workers not to celebrate her birthday out of respect for her brother.</p>
</text>
<copyright>(c) Reuters Limited 1997</copyright>
<metadata>
<codes class="bip:countries:1.0">
  <code code="PAKIS">
    <editdetail attribution="Reuters BIP Coding Group" action="confirmed" date="1997-06-21"/>
  </code>
</codes>
<codes class="bip:topics:1.0">
  <code code="GCAT">
    <editdetail attribution="Reuters BIP Coding Group" action="confirmed" date="1997-06-21"/>
  </code>
  <code code="GCRIM">
    <editdetail attribution="Reuters BIP Coding Group" action="confirmed" date="1997-06-21"/>
  </code>
  <code code="GVIO">
    <editdetail attribution="Reuters BIP Coding Group" action="confirmed" date="1997-06-21"/>
  </code>
</codes>
<dc element="dc.date.created" value="1997-06-21"/>
<dc element="dc.publisher" value="Reuters Holdings Plc"/>
<dc element="dc.date.published" value="1997-06-21"/>
<dc element="dc.source" value="Reuters"/>
<dc element="dc.creator.location" value="ISLAMABAD"/>
<dc element="dc.creator.location.country.name" value="PAKISTAN"/>
<dc element="dc.source" value="Reuters"/>
</metadata>
</newsitem>
