<?xml version="1.0" encoding="iso-8859-1" ?>
<newsitem itemid="678508" id="root" date="1997-06-21" xml:lang="en">
<title>FRANCE: French child sex raids cause suicides, revulsion.</title>
<headline>French child sex raids cause suicides, revulsion.</headline>
<byline>Alister Doyle</byline>
<dateline>PARIS 1997-06-21</dateline>
<text>
<p>France's biggest ever crackdown on paedophiles has triggered three suicides, ensnared teachers and priests and led to national revulsion tinged with doubts about an orgy of public shaming.</p>
<p>Minister of Youth Marie-George Buffet pledged to reinforce controls at schools, youth clubs and summer camps after teachers formed one of the biggest groups among 210 people placed under investigation on suspicion of viewing child sex videos.</p>
<p>&quot;The ministry has been very vigilant for a long time. We will reinforce that,&quot; she told the daily France-Soir on Saturday.</p>
<p>Since Tuesday, about 2,500 police have raided hundreds of homes of people who had ordered videos featuring boys aged under 15 from a mail-order company in the central city of Macon, normally best known for its Burgundy wines.</p>
<p>But the deaths of three men who hanged themselves after being questioned by police triggered criticisms that France had gone too far in publicly pillorying suspects.</p>
<p>&quot;These huge anti-paedophile raids are scandalous, they destroy and dishonour people,&quot; said Henri Leclerc, head of the League of Human Rights. &quot;We must keep a sense of proportion.&quot;</p>
<p>He said people viewing videos involving child sex were not comparable with such figures as Belgium's Marc Dutroux and Patrick Derochette, between them accused of abusing and murdering five young girls.</p>
<p>An unemployed, 37-year-old handicapped man killed himself in Givors, near Lyon, on Friday. He had been detained during the police investigation but released for lack of evidence.</p>
<p>An unnamed 48-year-old bachelor, an executive at an arms factory in central France, hanged himself on Thursday. &quot;I can't take it. Forgive me, big kisses to the family,&quot; the daily Liberation said he wrote in a suicide note.</p>
<p>And a postal inspector in his 40s was also found hanged at his home in the eastern town of Saint-Martin-d'Heres on Thursday after police questioned him about pornographic materials at his home.</p>
<p>The French daily Le Monde said in a commentary on Saturday entitled &quot;To Die of Shame&quot; that the suicides &quot;raised fears...that we have gone from one danger to another, from the era of silence to that of branding with a red-hot iron&quot;.</p>
<p>The suspected ringleader, Bernard Alapetite, the 47-year-old head of a Paris publishing house, is among about 20 people in pre-trial detention.</p>
<p>Police said Alapetite copied foreign child sex videos -- featuring rapes of boys aged under 15 and even sex with animals -- and sold them for 800 francs ($140) each.</p>
</text>
<copyright>(c) Reuters Limited 1997</copyright>
<metadata>
<codes class="bip:countries:1.0">
  <code code="FRA">
    <editdetail attribution="Reuters BIP Coding Group" action="confirmed" date="1997-06-21"/>
  </code>
</codes>
<codes class="bip:topics:1.0">
  <code code="GCAT">
    <editdetail attribution="Reuters BIP Coding Group" action="confirmed" date="1997-06-21"/>
  </code>
  <code code="GCRIM">
    <editdetail attribution="Reuters BIP Coding Group" action="confirmed" date="1997-06-21"/>
  </code>
</codes>
<dc element="dc.date.created" value="1997-06-21"/>
<dc element="dc.publisher" value="Reuters Holdings Plc"/>
<dc element="dc.date.published" value="1997-06-21"/>
<dc element="dc.source" value="Reuters"/>
<dc element="dc.creator.location" value="PARIS"/>
<dc element="dc.creator.location.country.name" value="FRANCE"/>
<dc element="dc.source" value="Reuters"/>
</metadata>
</newsitem>
