<?xml version="1.0" encoding="iso-8859-1" ?>
<newsitem itemid="678528" id="root" date="1997-06-21" xml:lang="en">
<title>FRANCE: French union fears Jospin to swing to austerity.</title>
<headline>French union fears Jospin to swing to austerity.</headline>
<dateline>PARIS 1997-06-21</dateline>
<text>
<p>A French trade union leader said on Saturday he feared the Socialist-led government would swing to austerity to qualify for a single European currency and warned he would &quot;mobilise troops&quot; in protest if it did.</p>
<p>&quot;The prime minister has not yet spoken of balancing public spending. He will be obliged to do so,&quot; said Marc Blondel, head of the independent Force Ouvriere (FO) union. &quot;The consequences could well be the start of a bit of austerity in September&quot;.</p>
<p>&quot;We would not accept it and I would mobilise my troops,&quot; Blondel told Europe 1 radio. FO is France's third largest union.</p>
<p>Blondel said he feared new Socialist Prime Minister Lionel Jospin would drop promises that he would not impose further austerity to qualify for the euro currency from 1999 after a review of public finances was completed in mid-July.</p>
<p>Blondel said he reckoned the audit would show France's budget deficit for 1997 was at about 3.7 or 3.8 percent of gross domestic product, above the three percent that is a criterion for qualifying for European economic and monetary union (EMU).</p>
<p>He said Finance Minister Dominique Strauss-Kahn already &quot;very well knows&quot; the state of public finances and that governments did not order audits to conclude with praise for the economic management of previous administrations.</p>
<p>Jospin said in a keynote policy speech on Thursday that France was committed to the euro currency but did not spell out how he would reconcile that promise with the pledge of no extra austerity if the audit showed France's was above the budget deficit hurdle.</p>
<p>Blondel said the FO union would be &quot;neither hostile nor servile&quot; to the government that came to power after an upset parliamentary election victory on June 1, an attitude FO adopted towards the previous centre-right government.</p>
<p>He expressed renewed regret that Jospin planned to raise the minimum wage by just four percent, against a 6.2 percent hike favoured by FO.</p>
<p>FO and the Communist-led CGT union led a crippling 24-day wave of public sector strikes in late 1995 against the former government of prime minister Alain Juppe, a close ally of conservative President Jacques Chirac.</p>
</text>
<copyright>(c) Reuters Limited 1997</copyright>
<metadata>
<codes class="bip:countries:1.0">
  <code code="EEC">
    <editdetail attribution="Reuters BIP Coding Group" action="confirmed" date="1997-06-21"/>
  </code>
  <code code="FRA">
    <editdetail attribution="Reuters BIP Coding Group" action="confirmed" date="1997-06-21"/>
  </code>
</codes>
<codes class="bip:topics:1.0">
  <code code="C42">
    <editdetail attribution="Reuters BIP Coding Group" action="confirmed" date="1997-06-21"/>
  </code>
  <code code="CCAT">
    <editdetail attribution="Reuters BIP Coding Group" action="confirmed" date="1997-06-21"/>
  </code>
  <code code="E12">
    <editdetail attribution="Reuters BIP Coding Group" action="confirmed" date="1997-06-21"/>
  </code>
  <code code="E41">
    <editdetail attribution="Reuters BIP Coding Group" action="confirmed" date="1997-06-21"/>
  </code>
  <code code="ECAT">
    <editdetail attribution="Reuters BIP Coding Group" action="confirmed" date="1997-06-21"/>
  </code>
  <code code="G15">
    <editdetail attribution="Reuters BIP Coding Group" action="confirmed" date="1997-06-21"/>
  </code>
  <code code="G154">
    <editdetail attribution="Reuters BIP Coding Group" action="confirmed" date="1997-06-21"/>
  </code>
  <code code="GCAT">
    <editdetail attribution="Reuters BIP Coding Group" action="confirmed" date="1997-06-21"/>
  </code>
  <code code="GJOB">
    <editdetail attribution="Reuters BIP Coding Group" action="confirmed" date="1997-06-21"/>
  </code>
  <code code="GPOL">
    <editdetail attribution="Reuters BIP Coding Group" action="confirmed" date="1997-06-21"/>
  </code>
</codes>
<dc element="dc.date.created" value="1997-06-21"/>
<dc element="dc.publisher" value="Reuters Holdings Plc"/>
<dc element="dc.date.published" value="1997-06-21"/>
<dc element="dc.source" value="Reuters"/>
<dc element="dc.creator.location" value="PARIS"/>
<dc element="dc.creator.location.country.name" value="FRANCE"/>
<dc element="dc.source" value="Reuters"/>
</metadata>
</newsitem>
