<?xml version="1.0" encoding="iso-8859-1" ?>
<newsitem itemid="678507" id="root" date="1997-06-21" xml:lang="en">
<title>GERMANY: Dissident vows bush war if expelled from Kenya.</title>
<headline>Dissident vows bush war if expelled from Kenya.</headline>
<dateline>FRANKFURT 1997-06-21</dateline>
<text>
<p>A Kenyan dissident politician said on Saturday he would try to enter Kenya once more after being refused entry earlier this month and vowed a guerrilla war on President Daniel arap Moi if he is turned away again.</p>
<p>Sheikh Khalid Balala, a radical Moslem preacher and a leading voice of dissent against Moi's government, told Reuters he was about to catch a plane to the Kenyan capital Nairobi to register by the July 1 deadline to stand in December elections.</p>
<p>&quot;I want to go peacefully and seek democratic reform. There are signs and indications they will let me in this time,&quot; said Balala, speaking by telephone from Frankfurt airport.</p>
<p>&quot;If they don't let me in this time and force me back to Germany, I will fly back by a secret route to the bush and wage an armed struggle against an oppressive regime similar to that (armed struggle) of (new Congo president Laurent) Kabila against (deposed president) Mobuto (Sese Seko),&quot; Balala said.</p>
<p>Balala was refused entry to Kenya on June 7 when security officers detained him as he arrived at the coastal resort of Mombasa aboard an airliner from Frankfurt and forced him to return to Germany, where he has lived for the past two years.</p>
<p>He said his passport had expired while he was in Germany but the Kenyan embassy in Bonn refused to renew it. He said he had German travel documents but remained a Kenyan citizen.</p>
<p>Kenyan immigration officials have said Balala, who has a Kenyan mother and Yemeni father, automatically gave up his Kenyan citizenship when he failed to renounce his Yemeni citizenship at the age of 21.</p>
<p>President Moi, aged 73 and in power since 1978, must call elections in 1997 pitting the ruling KANU party against an opposition fractured mainly along ethnic and personal lines.</p>
<p>Balala's supporters in Kenya have said opposition groups would hold nine rallies across Kenya this month to press for minimum constitutional reforms before the elections.</p>
</text>
<copyright>(c) Reuters Limited 1997</copyright>
<metadata>
<codes class="bip:countries:1.0">
  <code code="GFR">
    <editdetail attribution="Reuters BIP Coding Group" action="confirmed" date="1997-06-21"/>
  </code>
  <code code="KENYA">
    <editdetail attribution="Reuters BIP Coding Group" action="confirmed" date="1997-06-21"/>
  </code>
</codes>
<codes class="bip:topics:1.0">
  <code code="GCAT">
    <editdetail attribution="Reuters BIP Coding Group" action="confirmed" date="1997-06-21"/>
  </code>
  <code code="GVIO">
    <editdetail attribution="Reuters BIP Coding Group" action="confirmed" date="1997-06-21"/>
  </code>
</codes>
<dc element="dc.date.created" value="1997-06-21"/>
<dc element="dc.publisher" value="Reuters Holdings Plc"/>
<dc element="dc.date.published" value="1997-06-21"/>
<dc element="dc.source" value="Reuters"/>
<dc element="dc.creator.location" value="FRANKFURT"/>
<dc element="dc.creator.location.country.name" value="GERMANY"/>
<dc element="dc.source" value="Reuters"/>
</metadata>
</newsitem>
