<?xml version="1.0" encoding="iso-8859-1" ?>
<newsitem itemid="678503" id="root" date="1997-06-21" xml:lang="en">
<title>BELGIUM: Belgian PM doubts EU will hold October jobs summit.</title>
<headline>Belgian PM doubts EU will hold October jobs summit.</headline>
<dateline>BRUSSELS 1997-06-21</dateline>
<text>
<p>Belgian Prime Minister Jean-Luc Dehaene said on Saturday he doubted whether the European Union would hold a special jobs summit in October as mulled in Amsterdam earlier this week.</p>
<p>Dehaene said in an interview with daily newspaper Le Soir that the final text on the Amsterdam summit of EU leaders on Monday and Tuesday did not mention the special jobs meeting.</p>
<p>&quot;I said right from the start that it was a false good idea to convene a special jobs summmit,&quot; Dehaene said, arguing that it was likely to raise expectations that would be hard to fulfil.</p>
<p>Instead, he thought unemployment could be discussed at the next scheduled summit of EU heads of government in December under Luxembourg's presidency of the Union.</p>
<p>&quot;Luxembourg's Premier Jean-Claude Juncker has already said that if he saw no real value added in such a meeting he would not organise it,&quot; Dehaene.</p>
<p>The EU came under strong pressure from the new Socialist French government to coordinate economic policies to help reduce the number of unemployed, numbering about 18 million, in the 15-nation bloc.</p>
<p>Paris only agreed to a budget stability pact for the European single currency after the other EU partners made commitments on closer cooperation on growth and employment.</p>
<p>French presidential spokeswoman Catherine Colonna said on Monday in Amsterdam that there was an agreement to hold the special jobs meeting and that the date under discussion was October 17.</p>
<p>The text of the conclusions on the Amsterdam summit was only available at the end of this week.</p>
</text>
<copyright>(c) Reuters Limited 1997</copyright>
<metadata>
<codes class="bip:countries:1.0">
  <code code="BELG">
    <editdetail attribution="Reuters BIP Coding Group" action="confirmed" date="1997-06-21"/>
  </code>
  <code code="EEC">
    <editdetail attribution="Reuters BIP Coding Group" action="confirmed" date="1997-06-21"/>
  </code>
  <code code="NETH">
    <editdetail attribution="Reuters BIP Coding Group" action="confirmed" date="1997-06-21"/>
  </code>
</codes>
<codes class="bip:topics:1.0">
  <code code="E41">
    <editdetail attribution="Reuters BIP Coding Group" action="confirmed" date="1997-06-21"/>
  </code>
  <code code="E411">
    <editdetail attribution="Reuters BIP Coding Group" action="confirmed" date="1997-06-21"/>
  </code>
  <code code="ECAT">
    <editdetail attribution="Reuters BIP Coding Group" action="confirmed" date="1997-06-21"/>
  </code>
  <code code="G15">
    <editdetail attribution="Reuters BIP Coding Group" action="confirmed" date="1997-06-21"/>
  </code>
  <code code="G154">
    <editdetail attribution="Reuters BIP Coding Group" action="confirmed" date="1997-06-21"/>
  </code>
  <code code="GCAT">
    <editdetail attribution="Reuters BIP Coding Group" action="confirmed" date="1997-06-21"/>
  </code>
  <code code="GDIP">
    <editdetail attribution="Reuters BIP Coding Group" action="confirmed" date="1997-06-21"/>
  </code>
  <code code="GJOB">
    <editdetail attribution="Reuters BIP Coding Group" action="confirmed" date="1997-06-21"/>
  </code>
</codes>
<dc element="dc.date.created" value="1997-06-21"/>
<dc element="dc.publisher" value="Reuters Holdings Plc"/>
<dc element="dc.date.published" value="1997-06-21"/>
<dc element="dc.source" value="Reuters"/>
<dc element="dc.creator.location" value="BRUSSELS"/>
<dc element="dc.creator.location.country.name" value="BELGIUM"/>
<dc element="dc.source" value="Reuters"/>
</metadata>
</newsitem>
