<?xml version="1.0" encoding="iso-8859-1" ?>
<newsitem itemid="678548" id="root" date="1997-06-21" xml:lang="en">
<title>INDIA: Reserve Bank of India repo auction results table.</title>
<headline>Reserve Bank of India repo auction results table.</headline>
<text>
<p>-------------------------------------------------------------</p>
<p>Date   Bids     Amount    Bids	Amount    Cut-off  Weighted</p>
<p>     received   in million  accepted   accepted   interest  average</p>
<p>		    rupees				 (in percentage)</p>
<p>--------------------------------------------------------------</p>
<p>19/06    14     46,750     11	45,500	4.05     3.9960</p>
<p>16/06     5     11,000	5	11,000	4.15     4.0773</p>
<p>12/06     3	9,000	3	 9,000	4.15     4.1056</p>
<p>09/06     17    50,200     11	48,000	4.15     4.0719</p>
<p>05/06     29    37,250     29	37,100	4.15     3.4766</p>
<p>02/06     19    56,250	2	30,000	4.22     4.2067</p>
<p>30/05     6     40,000	4	30,500	4.75     4.7344</p>
<p>27/05     5     34,500	4	33,000	4.80     4.7727</p>
<p>23/05     6     36,000	3	16,000	4.85     4.8250</p>
<p>20/05     5     33,500	2	12,500	4.90     4.9000</p>
<p>16/05     -     ------     --	  --	   --	  --</p>
<p>13/05     4     25,030     --	  --	   --	  --</p>
<p>09/05     3     20,000     --	  --	   --	  --</p>
<p>06/05     3     20,000     --	  --	   --	  --</p>
<p>02/05     6     46,500     --	  --	   --	  --</p>
<p>29/04    44     66,300     21	20,200	2.40     2.1441</p>
<p>25/04    65     78,900     17	36,400	2.50     2.4705</p>
<p>21/04    59     92,800	9	41,300	2.90     2.8432</p>
<p>15/04    79    110,400     29	42,670	3.50     3.3597</p>
<p>11/04    97    102,500     25	50,960	4.00     3.9314</p>
<p>07/04    92    123,620     34	46,300	4.50     4.3323</p>
<p>04/04    49     76,650     20	15,200	4.90     4.8296</p>
<p>31/03     5     10,000	4	 9,750	5.00     4.9641</p>
<p>27/03     5     13,250	5	13,250	5.00     4.9992</p>
<p>22/03     4     15,150	4	15,150	5.00</p>
<p>20/03     4     14,550	4	14,550	5.00     5.0000</p>
<p>15/03     9     18,300	6	16,050	5.00     5.0000</p>
<p>12/03    19     29,000     19	29,000	5.00     4.9667</p>
<p>08/03    13     18,300     11	18,100	5.00     4.9945</p>
<p>05/03    28     30,450     27	30,350	5.00     4.9887</p>
<p>01/03    10     10,900	7	10,500	5.00     4.9702</p>
<p>26/02    36     42,040     35	41,940	5.00     4.9224</p>
<p>22/02     9     14,600	8	14,400	5.00     4.9854</p>
<p>19/02    17     16,600     14	16,400	5.00     4.9495</p>
<p>15/02     6	6,000	4	 5,000	5.00     4.9700</p>
<p>13/02    17     17,500	9	13,800	5.00     4.9656</p>
<p>08/02    44     35,100     37	33,350	5.00     4.9154</p>
<p>06/02    48     29,400     14	14,800	5.00     4.92</p>
<p>-- Bombay newsroom +91-22-265 9000</p>
</text>
<copyright>(c) Reuters Limited 1997</copyright>
<metadata>
<codes class="bip:countries:1.0">
  <code code="INDIA">
    <editdetail attribution="Reuters BIP Coding Group" action="confirmed" date="1997-06-21"/>
  </code>
</codes>
<codes class="bip:topics:1.0">
  <code code="M13">
    <editdetail attribution="Reuters BIP Coding Group" action="confirmed" date="1997-06-21"/>
  </code>
  <code code="M131">
    <editdetail attribution="Reuters BIP Coding Group" action="confirmed" date="1997-06-21"/>
  </code>
  <code code="MCAT">
    <editdetail attribution="Reuters BIP Coding Group" action="confirmed" date="1997-06-21"/>
  </code>
</codes>
<dc element="dc.publisher" value="Reuters Holdings Plc"/>
<dc element="dc.date.published" value="1997-06-21"/>
<dc element="dc.source" value="Reuters"/>
<dc element="dc.creator.location.country.name" value="INDIA"/>
<dc element="dc.source" value="Reuters"/>
</metadata>
</newsitem>
