<?xml version="1.0" encoding="iso-8859-1" ?>
<newsitem itemid="678570" id="root" date="1997-06-21" xml:lang="en">
<title>PAKISTAN: Two people killed in violence in Karachi.</title>
<headline>Two people killed in violence in Karachi.</headline>
<dateline>KARACHI, Pakistan 1997-06-21</dateline>
<text>
<p>Two people, one of them a member of the Christian minority, were killed in violence overnight in Pakistan's troubled port city of Karachi, police said on Saturday.</p>
<p>They said body of Mark Lazruf, a Christian, was found stuffed in a sack in the Korangi area, while the body of an unidentified youngster was found in Orangi town with his throat slit.</p>
<p>The political affiliations of the victims were not immediately known.</p>
<p>&quot;It is not necessary that these killings are linked with the on-going political violence,&quot; Deputy Inspector General of Karachi Police Mohammad Iqbal told Reuters. &quot;They might have been killed in personal disputes... We are investigating the cases.&quot;</p>
<p>On Friday, a worker of the ruling Pakistan Muslim League was shot dead in the volatile Baldia area of Karachi. No group has claimed the responsibility for the murder.</p>
<p>Violence surged in Karachi after five Mohajir National Movement (MQM) workers were killed on Monday, closing the main business and commercial centers of the city for three days.</p>
<p>Fighting between the Mohajir National Movement (MQM) and the splinter MQM-Haqiqi faction has claimed more than 50 lives since February 3 elections.</p>
<p>The MQM, which is part of the Sindh province coalition government, represents Urdu-speaking people who migrated from India to Partition in 1947 and their descendents.</p>
<p>More than 100 people have been killed in political and sectarian violence in Karachi this year, compared to 500 in 1996 and more than 2,000 in 1995.</p>
</text>
<copyright>(c) Reuters Limited 1997</copyright>
<metadata>
<codes class="bip:countries:1.0">
  <code code="PAKIS">
    <editdetail attribution="Reuters BIP Coding Group" action="confirmed" date="1997-06-21"/>
  </code>
</codes>
<codes class="bip:topics:1.0">
  <code code="GCAT">
    <editdetail attribution="Reuters BIP Coding Group" action="confirmed" date="1997-06-21"/>
  </code>
  <code code="GVIO">
    <editdetail attribution="Reuters BIP Coding Group" action="confirmed" date="1997-06-21"/>
  </code>
</codes>
<dc element="dc.date.created" value="1997-06-21"/>
<dc element="dc.publisher" value="Reuters Holdings Plc"/>
<dc element="dc.date.published" value="1997-06-21"/>
<dc element="dc.source" value="Reuters"/>
<dc element="dc.creator.location" value="KARACHI, Pakistan"/>
<dc element="dc.creator.location.country.name" value="PAKISTAN"/>
<dc element="dc.source" value="Reuters"/>
</metadata>
</newsitem>
