<?xml version="1.0" encoding="iso-8859-1" ?>
<newsitem itemid="678523" id="root" date="1997-06-21" xml:lang="en">
<title>FRANCE: Boeing exclusive deals very worrying - Jospin.</title>
<headline>Boeing exclusive deals very worrying - Jospin.</headline>
<dateline>LE BOURGET, France 1997-06-21</dateline>
<text>
<p>French Socialist Prime Minister Lionel Jospin said on Saturday that exclusive supply agreements struck between U.S. Boeing Co and three major American airlines were &quot;very worrying&quot;.</p>
<p>Seattle-based Boeing has agreed to be sole aircraft supplier to AMR Corp's American Airlines, Continental and Delta Air Lines, sparking anger at European archrival Airbus Industrie.</p>
<p>&quot;The recent appearance of unusual commercial practices in the American market -- I am thinking particularly of exclusive contracts signed by Boeing for very long periods with three of the biggest American companies -- is in this respect very worrying,&quot; Jospin said in a speech to the Paris air show.</p>
<p>&quot;Competition has to be fair and open, and it is up to us, in the European framework, to watch over it carefully,&quot; he said.</p>
<p>&quot;That is why the merger between the two of the principal world manufacturers, Boeing and McDonnell Douglas, deserves attentive examination. I note with interest that inquiries have been opened by both the European Commission and the U.S. Federal Trade Commission&quot;.</p>
<p>Boeing has said the U.S. airlines had asked it for the exclusive terms and that they were due to renew their fleets.</p>
<p>Airbus believes the Boeing-McDonnell Douglas merger is aimed at killing it off eventually.</p>
<p>Airbus is a consortium made up of French state-owned Aerospatiale, British Aerospace Plc, Daimler-Benz Aerospace, a unit of Daimler-Benz AG, and Construcciones Aeronauticas SA (CASA) of Spain.</p>
</text>
<copyright>(c) Reuters Limited 1997</copyright>
<metadata>
<codes class="bip:countries:1.0">
  <code code="FRA">
    <editdetail attribution="Reuters BIP Coding Group" action="confirmed" date="1997-06-21"/>
  </code>
  <code code="USA">
    <editdetail attribution="Reuters BIP Coding Group" action="confirmed" date="1997-06-21"/>
  </code>
</codes>
<codes class="bip:industries:1.0">
  <code code="I35000">
    <editdetail attribution="Reuters BIP Coding Group" action="confirmed" date="1997-06-21"/>
  </code>
  <code code="I36400">
    <editdetail attribution="Reuters BIP Coding Group" action="confirmed" date="1997-06-21"/>
  </code>
  <code code="I3640010">
    <editdetail attribution="Reuters BIP Coding Group" action="confirmed" date="1997-06-21"/>
  </code>
  <code code="I75000">
    <editdetail attribution="Reuters BIP Coding Group" action="confirmed" date="1997-06-21"/>
  </code>
</codes>
<codes class="bip:topics:1.0">
  <code code="C33">
    <editdetail attribution="Reuters BIP Coding Group" action="confirmed" date="1997-06-21"/>
  </code>
  <code code="CCAT">
    <editdetail attribution="Reuters BIP Coding Group" action="confirmed" date="1997-06-21"/>
  </code>
</codes>
<dc element="dc.date.created" value="1997-06-21"/>
<dc element="dc.publisher" value="Reuters Holdings Plc"/>
<dc element="dc.date.published" value="1997-06-21"/>
<dc element="dc.source" value="Reuters"/>
<dc element="dc.creator.location" value="LE BOURGET, France"/>
<dc element="dc.creator.location.country.name" value="FRANCE"/>
<dc element="dc.source" value="Reuters"/>
</metadata>
</newsitem>
