<?xml version="1.0" encoding="iso-8859-1" ?>
<newsitem itemid="678546" id="root" date="1997-06-21" xml:lang="en">
<title>INDIA: Indian 14-day treasury bill auction results table.</title>
<headline>Indian 14-day treasury bill auction results table.</headline>
<text>
<p>Date    Competitive   Min rate  Yield to     Total</p>
<p>	 Bids/Accepted   rupees   maturity	(a) (b) *</p>
<p>					   (pct)    (million rupees)</p>
<p>-------------------------------------------------------------</p>
<p>* (b) total, of which (a) competitive bids</p>
<p>20/06   13    9	  99.81	4.96    17,720.0  17,720.0</p>
<p>13/06    2    1	  99.81	4.96     1,000.0   1,500.0</p>
<p>06/05   47   20	  99.81	4.96    10,140.0  12,740.0</p>
<p>.</p>
<p>-- Bombay newsroom +91-22-265 9000</p>
</text>
<copyright>(c) Reuters Limited 1997</copyright>
<metadata>
<codes class="bip:countries:1.0">
  <code code="INDIA">
    <editdetail attribution="Reuters BIP Coding Group" action="confirmed" date="1997-06-21"/>
  </code>
</codes>
<codes class="bip:topics:1.0">
  <code code="M13">
    <editdetail attribution="Reuters BIP Coding Group" action="confirmed" date="1997-06-21"/>
  </code>
  <code code="M131">
    <editdetail attribution="Reuters BIP Coding Group" action="confirmed" date="1997-06-21"/>
  </code>
  <code code="MCAT">
    <editdetail attribution="Reuters BIP Coding Group" action="confirmed" date="1997-06-21"/>
  </code>
</codes>
<dc element="dc.publisher" value="Reuters Holdings Plc"/>
<dc element="dc.date.published" value="1997-06-21"/>
<dc element="dc.source" value="Reuters"/>
<dc element="dc.creator.location.country.name" value="INDIA"/>
<dc element="dc.source" value="Reuters"/>
</metadata>
</newsitem>
