<?xml version="1.0" encoding="iso-8859-1" ?>
<newsitem itemid="574971" id="root" date="1997-05-12" xml:lang="en">
<title>USA: LCC Q1 pro forma shr $0.05 vs $0.14.</title>
<headline>LCC Q1 pro forma shr $0.05 vs $0.14.</headline>
<dateline>MCLEAN, Va. 1997-05-12</dateline>
<text>
<p>(In thousands, except per share data)</p>
<p>Three months ended March 31,</p>
<p>					    1997	1996</p>
<p>REVENUES:</p>
<p>  Service revenues		 $20,224   $17,457</p>
<p>  Product revenues		  14,146     9,631</p>
<p>					  34,370    27,088</p>
<p>COST OF REVENUES:</p>
<p>  Service revenues		  14,780    11,352</p>
<p>  Product revenues		   9,833     6,774</p>
<p>					  24,613    18,126</p>
<p> GROSS PROFIT			  9,757     8,962</p>
<p>OPERATING EXPENSES:</p>
<p>  Sales and marketing		1,949     1,432</p>
<p>  General and administrative     3,526     2,655</p>
<p>  Research and development	 1,293	 635</p>
<p>  Non-cash compensation		158	 466</p>
<p>  Depreciation and amortization  1,720     1,213</p>
<p>					   8,646     6,401</p>
<p> OPERATING INCOME		    1,111     2,561</p>
<p>OTHER INCOME (EXPENSE):</p>
<p>  Interest income			140	 135</p>
<p>  Interest expense		   (876)     (673)</p>
<p>  Other				    395     1,164</p>
<p>					   (341)	 626</p>
<p> INCOME BEFORE INCOME TAXES	  770     3,187</p>
<p> PROVISION FOR INCOME TAXES	  380	 708</p>
<p> NET INCOME				390     2,479</p>
<p> NET INCOME PER SHARE		 0.05	 N/A</p>
<p>PRO FORMA INCOME DATA:</p>
<p>  Income before income taxes	 770     3,187</p>
<p>Pro forma provision for</p>
<p>     income taxes			380     1,275</p>
<p>  Pro forma net income		 390     1,912</p>
<p> Pro forma net income per share:  0.05	0.14</p>
<p>NORMALIZED PRO FORMA INCOME DATA:</p>
<p>  Income before income taxes	 770     3,187</p>
<p>  Non-cash compensation		158	 466</p>
<p>    Normalized pre-tax income	928     3,653</p>
<p>Pro forma provision for</p>
<p>     income taxes			443     1,461</p>
<p>    Normalized pro forma net income  485   2,192</p>
<p>NORMALIZED PRO FORMA NET INCOME</p>
<p>    PER SHARE:			  0.05	0.15</p>
<p>Common and common equivalent</p>
<p>shares used in the calculation</p>
<p>    of per share DATA:	    18,559    15,579</p>
<p>Full company name is LCC International Inc.</p>
<p>NOTES: Excluding the effect of non-cash compensation charges recognized in association with LCC's initial public offering and assuming a 40% effective income tax rate for the prior year, normalized pro forma net income for the first quarter was $0.5 million compared to $2.2 million for Q1 1996, a decrease of $1.7 million or 78%.</p>
<p>-- New York Newsdesk 212 859-1610</p>
</text>
<copyright>(c) Reuters Limited 1997</copyright>
<metadata>
<codes class="bip:countries:1.0">
  <code code="USA">
    <editdetail attribution="Reuters BIP Coding Group" action="confirmed" date="1997-05-12"/>
  </code>
</codes>
<codes class="bip:industries:1.0">
  <code code="I34400">
    <editdetail attribution="Reuters BIP Coding Group" action="confirmed" date="1997-05-12"/>
  </code>
</codes>
<codes class="bip:topics:1.0">
  <code code="C15">
    <editdetail attribution="Reuters BIP Coding Group" action="confirmed" date="1997-05-12"/>
  </code>
  <code code="C151">
    <editdetail attribution="Reuters BIP Coding Group" action="confirmed" date="1997-05-12"/>
  </code>
  <code code="CCAT">
    <editdetail attribution="Reuters BIP Coding Group" action="confirmed" date="1997-05-12"/>
  </code>
</codes>
<dc element="dc.date.created" value="1997-05-12"/>
<dc element="dc.publisher" value="Reuters Holdings Plc"/>
<dc element="dc.date.published" value="1997-05-12"/>
<dc element="dc.source" value="Reuters"/>
<dc element="dc.creator.location" value="MCLEAN, Va."/>
<dc element="dc.creator.location.country.name" value="USA"/>
<dc element="dc.source" value="Reuters"/>
</metadata>
</newsitem>
