<?xml version="1.0" encoding="iso-8859-1" ?>
<newsitem itemid="574994" id="root" date="1997-05-12" xml:lang="en">
<title>USA: Wal-Mart Stores segments gain, int'l profits.</title>
<headline>Wal-Mart Stores segments gain, int'l profits.</headline>
<dateline>BENTONVILLE, Ark. 1997-05-12</dateline>
<text>
<p>Wal-Mart Stores Inc, which reported record sales of $25 billion in the first quarter, said on Monday that its Wal-Mart and Sam's Club units both reported higher operating profits and its international unit posted a profit.</p>
<p>Wal-Mart's international division had an operating profit of $6 million for the quarter, compared with an operating loss of $16 million for the same period last year.  </p>
<p>Wal-Mart's Supercenters, which include grocery stores, helped with Wal-Mart division post operating profits of $1.26 billion, compared with $1.12 billion in last year's first quarter.</p>
<p>The Sam's Club division had operating profit for the quarter of $189 million, an increase of 5 percent compared to $180 million for the previous year, Wal-Mart said.  </p>
<p>David Glass, Wal-Mart's president and chief executive officer, said in a statement, &quot;Highlights include our international division posting an operating profit in the traditionally difficult first quarter, continued Supercenter growth, and our ongoing improvements in asset management and cash flow.&quot;</p>
<p>Glass cited the company's $2 billion stock repurchase program and operating improvements as factors in the improved first quarter earnings.</p>
<p>During the quarter, Wal-Mart opened two discount stores; 18 Supercenters, including 17 replacements of discount stores; three international units in Mexico; and two Sam's Clubs.</p>
<p>As of April 30, 1997, Wal-Mart had 1,945 Wal-Mart stores, 362 Supercenters, 438 Sam's Clubs, 6 Argentina units, 5 Brazilian units, 136 Canadian Wal-Mart stores, 2 China stores, 2 Indonesian Supercenters, 153 Mexican units, and 11 Puerto Rico units.</p>
</text>
<copyright>(c) Reuters Limited 1997</copyright>
<metadata>
<codes class="bip:countries:1.0">
  <code code="USA">
    <editdetail attribution="Reuters BIP Coding Group" action="confirmed" date="1997-05-12"/>
  </code>
</codes>
<codes class="bip:industries:1.0">
  <code code="I65600">
    <editdetail attribution="Reuters BIP Coding Group" action="confirmed" date="1997-05-12"/>
  </code>
</codes>
<codes class="bip:topics:1.0">
  <code code="C15">
    <editdetail attribution="Reuters BIP Coding Group" action="confirmed" date="1997-05-12"/>
  </code>
  <code code="C151">
    <editdetail attribution="Reuters BIP Coding Group" action="confirmed" date="1997-05-12"/>
  </code>
  <code code="CCAT">
    <editdetail attribution="Reuters BIP Coding Group" action="confirmed" date="1997-05-12"/>
  </code>
</codes>
<dc element="dc.date.created" value="1997-05-12"/>
<dc element="dc.publisher" value="Reuters Holdings Plc"/>
<dc element="dc.date.published" value="1997-05-12"/>
<dc element="dc.source" value="Reuters"/>
<dc element="dc.creator.location" value="BENTONVILLE, Ark."/>
<dc element="dc.creator.location.country.name" value="USA"/>
<dc element="dc.source" value="Reuters"/>
</metadata>
</newsitem>
