<?xml version="1.0" encoding="iso-8859-1" ?>
<newsitem itemid="574986" id="root" date="1997-05-12" xml:lang="en">
<title>USA: US Home &amp; Garden acquires product line.</title>
<headline>US Home &amp; Garden acquires product line.</headline>
<dateline>SAN FRANCISCO 1997-05-12</dateline>
<text>
<p>U.S. Home &amp; Garden Inc on Monday said it acquired the Plasti-Chain line of plastic chain links and decorative edging products from Plastic Molded Concepts Inc for $3.1 million plus payments for inventory and account receivables.</p>
<p>For the year ended December 31, 1996, Plasti-Chain generated revenues of about $3.7 million.</p>
<p>&quot;U.S. Home &amp; Garden has become a category leader in the decorative edging market and these products will enhance our current offering,&quot; Robert Kassel, chief executive officer, said in a statement.</p>
</text>
<copyright>(c) Reuters Limited 1997</copyright>
<metadata>
<codes class="bip:countries:1.0">
  <code code="USA">
    <editdetail attribution="Reuters BIP Coding Group" action="confirmed" date="1997-05-12"/>
  </code>
</codes>
<codes class="bip:industries:1.0">
  <code code="I25680">
    <editdetail attribution="Reuters BIP Coding Group" action="confirmed" date="1997-05-12"/>
  </code>
</codes>
<codes class="bip:topics:1.0">
  <code code="C18">
    <editdetail attribution="Reuters BIP Coding Group" action="confirmed" date="1997-05-12"/>
  </code>
  <code code="C182">
    <editdetail attribution="Reuters BIP Coding Group" action="confirmed" date="1997-05-12"/>
  </code>
  <code code="CCAT">
    <editdetail attribution="Reuters BIP Coding Group" action="confirmed" date="1997-05-12"/>
  </code>
</codes>
<dc element="dc.date.created" value="1997-05-12"/>
<dc element="dc.publisher" value="Reuters Holdings Plc"/>
<dc element="dc.date.published" value="1997-05-12"/>
<dc element="dc.source" value="Reuters"/>
<dc element="dc.creator.location" value="SAN FRANCISCO"/>
<dc element="dc.creator.location.country.name" value="USA"/>
<dc element="dc.source" value="Reuters"/>
</metadata>
</newsitem>
