<?xml version="1.0" encoding="iso-8859-1" ?>
<newsitem itemid="574957" id="root" date="1997-05-12" xml:lang="en">
<title>USA: Health Fitness Physical changes name.</title>
<headline>Health Fitness Physical changes name.</headline>
<dateline>MINNEAPOLIS 1997-05-12</dateline>
<text>
<p>Health Fitness Physical Therapy Inc said Monday it has resumed the use of its former name, Health Fitness Corp.</p>
<p>Shareholders at the company's annual meeting June 4 will vote on a proposal to formalize the name change.</p>
<p>The company adopted the longer name in 1994 to reflect both of its lines of business -- preventive healthcare and rehabilitative healthcare.</p>
<p>Health Fitness common stock will continue to trade under the symbol HFPT.</p>
<p>The company manages 111 corporate and hospital-based fitness centers.</p>
<p>Shares of Health Fitness were trading unchanged at 2-1/2.</p>
<p>		   ((Chicago newsdesk 312 408 8787))</p>
</text>
<copyright>(c) Reuters Limited 1997</copyright>
<metadata>
<codes class="bip:countries:1.0">
  <code code="USA">
    <editdetail attribution="Reuters BIP Coding Group" action="confirmed" date="1997-05-12"/>
  </code>
</codes>
<codes class="bip:industries:1.0">
  <code code="I95100">
    <editdetail attribution="Reuters BIP Coding Group" action="confirmed" date="1997-05-12"/>
  </code>
</codes>
<codes class="bip:topics:1.0">
  <code code="C11">
    <editdetail attribution="Reuters BIP Coding Group" action="confirmed" date="1997-05-12"/>
  </code>
  <code code="CCAT">
    <editdetail attribution="Reuters BIP Coding Group" action="confirmed" date="1997-05-12"/>
  </code>
</codes>
<dc element="dc.date.created" value="1997-05-12"/>
<dc element="dc.publisher" value="Reuters Holdings Plc"/>
<dc element="dc.date.published" value="1997-05-12"/>
<dc element="dc.source" value="Reuters"/>
<dc element="dc.creator.location" value="MINNEAPOLIS"/>
<dc element="dc.creator.location.country.name" value="USA"/>
<dc element="dc.source" value="Reuters"/>
</metadata>
</newsitem>
