<?xml version="1.0" encoding="iso-8859-1" ?>
<newsitem itemid="574984" id="root" date="1997-05-12" xml:lang="en">
<title>USA: Wal-Mart Stores Inc Q1 net rises.</title>
<headline>Wal-Mart Stores Inc Q1 net rises.</headline>
<dateline>BENTONVILLE, Ark. 1997-05-12</dateline>
<text>
<p>(Dollars in millions)</p>
<p>				    Quarter ended April 30,   Percent</p>
<p>				    1997		 1996  Increase</p>
<p> Wal-Mart		    $18,187	    $16,229	 12%</p>
<p> Sam's Club		    4,642		4,449	   4</p>
<p> McLane			  1,266		1,097	  15</p>
<p> International		 1,314		  997	  32</p>
<p> Total Company		25,409	     22,772	 12%</p>
<p>		   (In millions, except per share earnings)</p>
<p>					    Quarter Ended April 30,</p>
<p>						    % to    % to</p>
<p>					 1997    Sales    1996    Sales</p>
<p> Sales			     $25,409  100.00 $22,772   100.00</p>
<p> Other income			  275    1.08     235     1.03</p>
<p> Total revenue		    25,684  101.08  23,007   101.03</p>
<p> Cost of sales		    20,127   79.21  18,032    79.18</p>
<p>Operating, selling and</p>
<p>general and administrative</p>
<p>  expenses			   4,333   17.05   3,848    16.90</p>
<p>Interest costs:</p>
<p> Debt				    134     .53     169	.74</p>
<p> Capital leases			 55     .22	51	.22</p>
<p> Total costs and expenses     24,649   97.01  22,100    97.05</p>
<p> Income before income taxes    1,035    4.07     907     3.98</p>
<p>Provision for income taxes</p>
<p>					   383    1.51     336     1.47</p>
<p> Net income			    652    2.57     571     2.51</p>
<p> Earnings per share		  .29		 .25</p>
<p> Avg. number of common shares  2,276	     2,293</p>
<p>NOTES: Certain reclassifications made to prior year amounts to conform to current year presentation.</p>
<p>-- New York Newsdesk 212 859-1610</p>
</text>
<copyright>(c) Reuters Limited 1997</copyright>
<metadata>
<codes class="bip:countries:1.0">
  <code code="USA">
    <editdetail attribution="Reuters BIP Coding Group" action="confirmed" date="1997-05-12"/>
  </code>
</codes>
<codes class="bip:industries:1.0">
  <code code="I65600">
    <editdetail attribution="Reuters BIP Coding Group" action="confirmed" date="1997-05-12"/>
  </code>
</codes>
<codes class="bip:topics:1.0">
  <code code="C15">
    <editdetail attribution="Reuters BIP Coding Group" action="confirmed" date="1997-05-12"/>
  </code>
  <code code="C151">
    <editdetail attribution="Reuters BIP Coding Group" action="confirmed" date="1997-05-12"/>
  </code>
  <code code="CCAT">
    <editdetail attribution="Reuters BIP Coding Group" action="confirmed" date="1997-05-12"/>
  </code>
</codes>
<dc element="dc.date.created" value="1997-05-12"/>
<dc element="dc.publisher" value="Reuters Holdings Plc"/>
<dc element="dc.date.published" value="1997-05-12"/>
<dc element="dc.source" value="Reuters"/>
<dc element="dc.creator.location" value="BENTONVILLE, Ark."/>
<dc element="dc.creator.location.country.name" value="USA"/>
<dc element="dc.source" value="Reuters"/>
</metadata>
</newsitem>
