<?xml version="1.0" encoding="iso-8859-1" ?>
<newsitem itemid="574946" id="root" date="1997-05-12" xml:lang="en">
<title>CANADA: QLT expects to erase losses next year.</title>
<headline>QLT expects to erase losses next year.</headline>
<dateline>VANCOUVER 1997-05-12</dateline>
<text>
<p>Biotechnology company QLT PhotoTherapeutics Inc said Monday that it expects to be close to break-even in 1998 and report a profit in 1999.</p>
<p>&quot;We're hoping that next year we'll see very close to break even and then it (a profit) will be the following year... That's reasonable,&quot; Chief Executive Julia Levy told reporters at QLT's annual meeting.</p>
<p>She said the company's exact performance depended on several variables including when drugs in its pipeline are rolled out.</p>
<p>QLT, which lost C$4.7 million or C$0.19 a share in 1996, is commercializing a light-activated treatment for cancer and other diseases.  </p>
<p>QLT generated its first revenues from sales of its light-activated drug Photofrin in 1996, a landmark that chairman Duff Scott said signalled its transformation from a development-stage to commercial company.</p>
<p>Levy anticipated a &quot;very rapid ramp-up in revenues&quot; when the company launches its drug BPD for ocular applications. A Phase Three clinical trial is underway testing BPD for the treatment of an eye condition known as age-related macular degeneration, the leading cause of blindness in the elderly.</p>
<p>QLT plans to submit an approval application to regulators in the United States and Europe for BPD use with macular degeneration in late 1998 or early 1999 and aims for a commerical launch in 1999.</p>
<p>It hopes to receive approval from the U.S. Food and Drug Administration late this year or early next year for use of Photofrin for lung cancer. Levy said the company expects to meet with an FDA panel in September. Photofrin currently only has U.S. approval for use in esophogeal cancer.</p>
<p>QLT also plans clinical trials of Photofrin for Barrett's Esophoagus, a precancerous condition, this year.</p>
<p>The company is holding talks toward  negotiating an alliance with a major pharmaceutical company for oncology marketing in Asia outside Japan. An announcement is likely late this year but QLT officials would not disclose potential partners.</p>
<p>Levy told shareholders that 1997 looks &quot;very promising&quot; for the biotechnology sector. She hoped this would translate into continued strong performance of the company's stock.</p>
<p>Many of the submissions pending from more than 20 biotechnology companies are expected to recieve U.S. regulatory approval which will help draw investor attention to the sector, she said.</p>
<p>QLT is among the 25 biggest biotech stocks in North America based on market capitalization, she said.</p>
<p>((Reuters Vancouver Bureau (604) 664-7314))</p>
</text>
<copyright>(c) Reuters Limited 1997</copyright>
<metadata>
<codes class="bip:countries:1.0">
  <code code="CANA">
    <editdetail attribution="Reuters BIP Coding Group" action="confirmed" date="1997-05-12"/>
  </code>
</codes>
<codes class="bip:industries:1.0">
  <code code="I25700">
    <editdetail attribution="Reuters BIP Coding Group" action="confirmed" date="1997-05-12"/>
  </code>
</codes>
<codes class="bip:topics:1.0">
  <code code="C11">
    <editdetail attribution="Reuters BIP Coding Group" action="confirmed" date="1997-05-12"/>
  </code>
  <code code="C15">
    <editdetail attribution="Reuters BIP Coding Group" action="confirmed" date="1997-05-12"/>
  </code>
  <code code="C152">
    <editdetail attribution="Reuters BIP Coding Group" action="confirmed" date="1997-05-12"/>
  </code>
  <code code="CCAT">
    <editdetail attribution="Reuters BIP Coding Group" action="confirmed" date="1997-05-12"/>
  </code>
</codes>
<dc element="dc.date.created" value="1997-05-12"/>
<dc element="dc.publisher" value="Reuters Holdings Plc"/>
<dc element="dc.date.published" value="1997-05-12"/>
<dc element="dc.source" value="Reuters"/>
<dc element="dc.creator.location" value="VANCOUVER"/>
<dc element="dc.creator.location.country.name" value="CANADA"/>
<dc element="dc.source" value="Reuters"/>
</metadata>
</newsitem>
