<?xml version="1.0" encoding="iso-8859-1" ?>
<newsitem itemid="574960" id="root" date="1997-05-12" xml:lang="en">
<title>USA: Diagnostic Health Q1 net increases.</title>
<headline>Diagnostic Health Q1 net increases.</headline>
<dateline>DALLAS 1997-05-12</dateline>
<text>
<p>FOR THE THREE MONTHS</p>
<p>					     ENDED</p>
<p>					   March 31,</p>
<p>					 1997		1996</p>
<p> NET REVENUES	     $ 10,509,976     $ 5,221,481</p>
<p> NET INCOME		    1,020,632	   458,835</p>
<p>EARNINGS PER SHARE:</p>
<p>  PRIMARY			     0.10		0.08</p>
<p>  FULLY DILUTED		     0.10		0.08</p>
<p>WEIGHTED AVERAGE</p>
<p>COMMON SHARES OUTSTANDING:</p>
<p>  PRIMARY			9,767,989	 5,944,142</p>
<p>  FULLY DILUTED		9,826,924	 6,075,019</p>
<p>NOTE:  Full name of company is Diagnostic Health Services Inc.</p>
</text>
<copyright>(c) Reuters Limited 1997</copyright>
<metadata>
<codes class="bip:countries:1.0">
  <code code="USA">
    <editdetail attribution="Reuters BIP Coding Group" action="confirmed" date="1997-05-12"/>
  </code>
</codes>
<codes class="bip:industries:1.0">
  <code code="I95100">
    <editdetail attribution="Reuters BIP Coding Group" action="confirmed" date="1997-05-12"/>
  </code>
</codes>
<codes class="bip:topics:1.0">
  <code code="C15">
    <editdetail attribution="Reuters BIP Coding Group" action="confirmed" date="1997-05-12"/>
  </code>
  <code code="C151">
    <editdetail attribution="Reuters BIP Coding Group" action="confirmed" date="1997-05-12"/>
  </code>
  <code code="CCAT">
    <editdetail attribution="Reuters BIP Coding Group" action="confirmed" date="1997-05-12"/>
  </code>
</codes>
<dc element="dc.date.created" value="1997-05-12"/>
<dc element="dc.publisher" value="Reuters Holdings Plc"/>
<dc element="dc.date.published" value="1997-05-12"/>
<dc element="dc.source" value="Reuters"/>
<dc element="dc.creator.location" value="DALLAS"/>
<dc element="dc.creator.location.country.name" value="USA"/>
<dc element="dc.source" value="Reuters"/>
</metadata>
</newsitem>
