<?xml version="1.0" encoding="iso-8859-1" ?>
<newsitem itemid="575004" id="root" date="1997-05-12" xml:lang="en">
<title>USA: Popular Inc files $1 bln shelf of debt, pfd.</title>
<headline>Popular Inc files $1 bln shelf of debt, pfd.</headline>
<dateline>WASHINGTON 1997-05-12</dateline>
<text>
<p>Popular Inc, Puerto Rico's largest financial institution, filed Monday with the U.S. Securities and Exchange Commission a shelf offering of up to $1 billion in debt securities and preferred shares.</p>
<p>Proceeds from the sale of the securities, which may be issued by Popular International Bank Inc or Popular North America Inc, will be used for general corporate purposes.</p>
<p>No underwriters were named in the filing.</p>
</text>
<copyright>(c) Reuters Limited 1997</copyright>
<metadata>
<codes class="bip:countries:1.0">
  <code code="PURI">
    <editdetail attribution="Reuters BIP Coding Group" action="confirmed" date="1997-05-12"/>
  </code>
  <code code="USA">
    <editdetail attribution="Reuters BIP Coding Group" action="confirmed" date="1997-05-12"/>
  </code>
</codes>
<codes class="bip:industries:1.0">
  <code code="I81402">
    <editdetail attribution="Reuters BIP Coding Group" action="confirmed" date="1997-05-12"/>
  </code>
</codes>
<codes class="bip:topics:1.0">
  <code code="C17">
    <editdetail attribution="Reuters BIP Coding Group" action="confirmed" date="1997-05-12"/>
  </code>
  <code code="C171">
    <editdetail attribution="Reuters BIP Coding Group" action="confirmed" date="1997-05-12"/>
  </code>
  <code code="C172">
    <editdetail attribution="Reuters BIP Coding Group" action="confirmed" date="1997-05-12"/>
  </code>
  <code code="CCAT">
    <editdetail attribution="Reuters BIP Coding Group" action="confirmed" date="1997-05-12"/>
  </code>
</codes>
<dc element="dc.date.created" value="1997-05-12"/>
<dc element="dc.publisher" value="Reuters Holdings Plc"/>
<dc element="dc.date.published" value="1997-05-12"/>
<dc element="dc.source" value="Reuters"/>
<dc element="dc.creator.location" value="WASHINGTON"/>
<dc element="dc.creator.location.country.name" value="USA"/>
<dc element="dc.source" value="Reuters"/>
</metadata>
</newsitem>
