<?xml version="1.0" encoding="iso-8859-1" ?>
<newsitem itemid="575094" id="root" date="1997-05-12" xml:lang="en">
<title>USA: Del Global Technologies Q3 sales rise.</title>
<headline>Del Global Technologies Q3 sales rise.</headline>
<dateline>VALHALLA, N.Y. 1997-05-12</dateline>
<text>
<p>Del Global Technologies Corp Monday said its sales for the third quarter of 1997 ended May 2, increased 13.5 percent to about $14.3 million from about $12.6 million in the same period last year.</p>
<p>The company said sales for the first nine months of its fiscal 1997 rose about 33.7 percent to about $39.3 million from approximately $29.4 million for last year's comparable period.</p>
<p>The company's backlog as of May 2 was approximately $22.0 million.  </p>
<p>&quot;The company's third quarter and nine month revenues are on track with our fiscal 1997 business plan,&quot; Del Global's chief executive officer Leonard Trugman said.</p>
<p>Trugman added that &quot;The company continues to explore joint ventures and merger/acquisition opportunities on a global basis. (The company) also continues to invest aggressively in research and development and the expansion of our international sales activities.&quot;</p>
<p>Del Global Technologies is primarily engaged in the design, manufacture and marketing of cost-effective medical imaging and diagnostic systems.</p>
</text>
<copyright>(c) Reuters Limited 1997</copyright>
<metadata>
<codes class="bip:countries:1.0">
  <code code="USA">
    <editdetail attribution="Reuters BIP Coding Group" action="confirmed" date="1997-05-12"/>
  </code>
</codes>
<codes class="bip:industries:1.0">
  <code code="I34200">
    <editdetail attribution="Reuters BIP Coding Group" action="confirmed" date="1997-05-12"/>
  </code>
</codes>
<codes class="bip:topics:1.0">
  <code code="C31">
    <editdetail attribution="Reuters BIP Coding Group" action="confirmed" date="1997-05-12"/>
  </code>
  <code code="CCAT">
    <editdetail attribution="Reuters BIP Coding Group" action="confirmed" date="1997-05-12"/>
  </code>
</codes>
<dc element="dc.date.created" value="1997-05-12"/>
<dc element="dc.publisher" value="Reuters Holdings Plc"/>
<dc element="dc.date.published" value="1997-05-12"/>
<dc element="dc.source" value="Reuters"/>
<dc element="dc.creator.location" value="VALHALLA, N.Y."/>
<dc element="dc.creator.location.country.name" value="USA"/>
<dc element="dc.source" value="Reuters"/>
</metadata>
</newsitem>
