<?xml version="1.0" encoding="iso-8859-1" ?>
<newsitem itemid="575082" id="root" date="1997-05-12" xml:lang="en">
<title>USA: Abraxas sees production rising.</title>
<headline>Abraxas sees production rising.</headline>
<dateline>NEW YORK 1997-05-12</dateline>
<text>
<p>Abraxas Petroleum Corp expects daily production to rise to 17,000 barrels of energy equivalent per day from 14,900 at the end of the first quarter, the company's chief financial officer told a conference call after first quarter earnings.  </p>
<p>&quot;I would say that 17,000 barrels is conservative,&quot; chief financial officer Chris Williford told the conference call.</p>
<p>He noted that the company was currently producing 15,600 barrels of energy equivalent.</p>
<p>The company said that 66 of its 106 wells to be drilled this year &quot;could add incremental reserves to our reserve base&quot; and said that its first quarter earnings of $0.28 a share were ahead of its own forecasts and way ahead of Wall Street analysts.</p>
<p>Analysts had been looking for a loss of $0.02 per share for the first quarter.</p>
<p>The company has traditionally relied on acquisitions to improve financial performance and said it had $19 million in cash on hand and a $40 million credit, which would allow it to pursue acquisitions.</p>
<p>The company has based its projections on $19.92 per barrel of oil and $2.25 per thousand cubic feet of natural gas on the New York Mercantile Exchange.</p>
<p>Abraxas said that it has some 75 percent of its oil output hedged for the rest of the year and more than 30 percent of its natural gas output. ((-- David Chance New York Newsroom 212 859 1902))</p>
</text>
<copyright>(c) Reuters Limited 1997</copyright>
<metadata>
<codes class="bip:countries:1.0">
  <code code="USA">
    <editdetail attribution="Reuters BIP Coding Group" action="confirmed" date="1997-05-12"/>
  </code>
</codes>
<codes class="bip:industries:1.0">
  <code code="I13000">
    <editdetail attribution="Reuters BIP Coding Group" action="confirmed" date="1997-05-12"/>
  </code>
</codes>
<codes class="bip:topics:1.0">
  <code code="C15">
    <editdetail attribution="Reuters BIP Coding Group" action="confirmed" date="1997-05-12"/>
  </code>
  <code code="C152">
    <editdetail attribution="Reuters BIP Coding Group" action="confirmed" date="1997-05-12"/>
  </code>
  <code code="C21">
    <editdetail attribution="Reuters BIP Coding Group" action="confirmed" date="1997-05-12"/>
  </code>
  <code code="CCAT">
    <editdetail attribution="Reuters BIP Coding Group" action="confirmed" date="1997-05-12"/>
  </code>
</codes>
<dc element="dc.date.created" value="1997-05-12"/>
<dc element="dc.publisher" value="Reuters Holdings Plc"/>
<dc element="dc.date.published" value="1997-05-12"/>
<dc element="dc.source" value="Reuters"/>
<dc element="dc.creator.location" value="NEW YORK"/>
<dc element="dc.creator.location.country.name" value="USA"/>
<dc element="dc.source" value="Reuters"/>
</metadata>
</newsitem>
