<?xml version="1.0" encoding="iso-8859-1" ?>
<newsitem itemid="575074" id="root" date="1997-05-12" xml:lang="en">
<title>USA: Nastech Q1 net loss vs profit.</title>
<headline>Nastech Q1 net loss vs profit.</headline>
<dateline>HAUPPAUGE, N.Y. 1997-05-12</dateline>
<text>
<p>Three Mos Ended	 Three Mos Ended</p>
<p>				   Mar 31, 1997	    Mar 31, 1996</p>
<p> Total Revenues		    $892,000		$1,065,000</p>
<p> Net Income (loss)		(488,000)		   194,000</p>
<p>Net income (loss) per common share</p>
<p>					    (.09)			 .05</p>
<p> Average shares outstanding   5,630,825		 3,989,284</p>
<p>NOTE: Full name is Nastech Pharmaceutical Co Inc.</p>
</text>
<copyright>(c) Reuters Limited 1997</copyright>
<metadata>
<codes class="bip:countries:1.0">
  <code code="USA">
    <editdetail attribution="Reuters BIP Coding Group" action="confirmed" date="1997-05-12"/>
  </code>
</codes>
<codes class="bip:industries:1.0">
  <code code="I25700">
    <editdetail attribution="Reuters BIP Coding Group" action="confirmed" date="1997-05-12"/>
  </code>
</codes>
<codes class="bip:topics:1.0">
  <code code="C15">
    <editdetail attribution="Reuters BIP Coding Group" action="confirmed" date="1997-05-12"/>
  </code>
  <code code="C151">
    <editdetail attribution="Reuters BIP Coding Group" action="confirmed" date="1997-05-12"/>
  </code>
  <code code="CCAT">
    <editdetail attribution="Reuters BIP Coding Group" action="confirmed" date="1997-05-12"/>
  </code>
</codes>
<dc element="dc.date.created" value="1997-05-12"/>
<dc element="dc.publisher" value="Reuters Holdings Plc"/>
<dc element="dc.date.published" value="1997-05-12"/>
<dc element="dc.source" value="Reuters"/>
<dc element="dc.creator.location" value="HAUPPAUGE, N.Y."/>
<dc element="dc.creator.location.country.name" value="USA"/>
<dc element="dc.source" value="Reuters"/>
</metadata>
</newsitem>
