<?xml version="1.0" encoding="iso-8859-1" ?>
<newsitem itemid="575040" id="root" date="1997-05-12" xml:lang="en">
<title>USA: Cardon refinery seen fully up by later this week.</title>
<headline>Cardon refinery seen fully up by later this week.</headline>
<dateline>NEW YORK 1997-05-12</dateline>
<text>
<p>Maraven's Cardon refinery in northwest Venezuela, which experienced a full power outage Sunday night, will be fully operational by Wednesday or Thursday, a company official said Monday.</p>
<p>The 305,000 barrels per day (bpd) plant went down for four hours when generators supplying it were hit by an electrical storm.</p>
<p>Maraven is an operating unit of state Petroleos de Venezuela.</p>
<p>&quot;It's a sequential process. Everything should be at maximum stream by Wednesday or Thursday,&quot; the official said. Earlier Monday, Maraven said it expected the plant to be fully back on stream by the end of the day.</p>
<p>However, the official said that Maraven conducted an analysis of customers and inventories and concluded that &quot;so far nobody will be affected. We expect to meet our May refining target.&quot;</p>
<p>The plant is one of the largest in Latin America and supplies gasoline and other products to both the U.S. and Latin American markets. It experienced problems in April which led to cancellation of some gasoline cargoes.</p>
<p>-- New York Energy Desk, +1 212 859 1623</p>
</text>
<copyright>(c) Reuters Limited 1997</copyright>
<metadata>
<codes class="bip:countries:1.0">
  <code code="USA">
    <editdetail attribution="Reuters BIP Coding Group" action="confirmed" date="1997-05-12"/>
  </code>
  <code code="VEN">
    <editdetail attribution="Reuters BIP Coding Group" action="confirmed" date="1997-05-12"/>
  </code>
</codes>
<codes class="bip:industries:1.0">
  <code code="I13000">
    <editdetail attribution="Reuters BIP Coding Group" action="confirmed" date="1997-05-12"/>
  </code>
  <code code="I1300003">
    <editdetail attribution="Reuters BIP Coding Group" action="confirmed" date="1997-05-12"/>
  </code>
  <code code="I14000">
    <editdetail attribution="Reuters BIP Coding Group" action="confirmed" date="1997-05-12"/>
  </code>
</codes>
<codes class="bip:topics:1.0">
  <code code="C21">
    <editdetail attribution="Reuters BIP Coding Group" action="confirmed" date="1997-05-12"/>
  </code>
  <code code="C24">
    <editdetail attribution="Reuters BIP Coding Group" action="confirmed" date="1997-05-12"/>
  </code>
  <code code="CCAT">
    <editdetail attribution="Reuters BIP Coding Group" action="confirmed" date="1997-05-12"/>
  </code>
</codes>
<dc element="dc.date.created" value="1997-05-12"/>
<dc element="dc.publisher" value="Reuters Holdings Plc"/>
<dc element="dc.date.published" value="1997-05-12"/>
<dc element="dc.source" value="Reuters"/>
<dc element="dc.creator.location" value="NEW YORK"/>
<dc element="dc.creator.location.country.name" value="USA"/>
<dc element="dc.source" value="Reuters"/>
</metadata>
</newsitem>
