<?xml version="1.0" encoding="iso-8859-1" ?>
<newsitem itemid="575001" id="root" date="1997-05-12" xml:lang="en">
<title>USA: SouthCap Corp raises tender offer price to $7.00.</title>
<headline>SouthCap Corp raises tender offer price to $7.00.</headline>
<dateline>NASHVILLE, Tenn. 1997-05-12</dateline>
<text>
<p>SouthCap Corp said on Monday that it had increased the price of an outstanding tender offer for all the outstanding shares of common stock of United Home Life Insurance Co to $7.00 per share.</p>
<p>On April 8, privately owned SouthCap said it had offered to buy United Home Life at a cash price of $4.50 per share.</p>
<p>SouthCap also said it had extended the tender offer from May 20 to May 27.</p>
<p>&quot;We have been through the regulatory process, and we believe we will be in a position to close the offer and make payments to shareholders which will be received in early June,&quot; said F.W. Lazenby, president and chief executive of SouthCap.</p>
<p>&quot;No other person has been identified as making a firm offer for United Home Life,&quot; he added.</p>
<p>SouthCap said SunTrust Bank, N.A., had made a commitment to provide a loan of up to $6 million in connection with the offer.</p>
</text>
<copyright>(c) Reuters Limited 1997</copyright>
<metadata>
<codes class="bip:countries:1.0">
  <code code="USA">
    <editdetail attribution="Reuters BIP Coding Group" action="confirmed" date="1997-05-12"/>
  </code>
</codes>
<codes class="bip:industries:1.0">
  <code code="I82002">
    <editdetail attribution="Reuters BIP Coding Group" action="confirmed" date="1997-05-12"/>
  </code>
</codes>
<codes class="bip:topics:1.0">
  <code code="C18">
    <editdetail attribution="Reuters BIP Coding Group" action="confirmed" date="1997-05-12"/>
  </code>
  <code code="C181">
    <editdetail attribution="Reuters BIP Coding Group" action="confirmed" date="1997-05-12"/>
  </code>
  <code code="CCAT">
    <editdetail attribution="Reuters BIP Coding Group" action="confirmed" date="1997-05-12"/>
  </code>
</codes>
<dc element="dc.date.created" value="1997-05-12"/>
<dc element="dc.publisher" value="Reuters Holdings Plc"/>
<dc element="dc.date.published" value="1997-05-12"/>
<dc element="dc.source" value="Reuters"/>
<dc element="dc.creator.location" value="NASHVILLE, Tenn."/>
<dc element="dc.creator.location.country.name" value="USA"/>
<dc element="dc.source" value="Reuters"/>
</metadata>
</newsitem>
