<?xml version="1.0" encoding="iso-8859-1" ?>
<newsitem itemid="575039" id="root" date="1997-05-12" xml:lang="en">
<title>USA: Am Intl Petroleum buys Kazakhstan stake.</title>
<headline>Am Intl Petroleum buys Kazakhstan stake.</headline>
<dateline>NEW YORK 1997-05-12</dateline>
<text>
<p>American International Petroleum Corp said Monday it agreed to purchase a 70 percent working interest in a 4.7 million acre concession in Kazakhstan for an undisclosed amount of stock and cash.</p>
<p>The license area is located in western Kazakhstan about 125 miles southeast of Chevron Corp's Tengiz oil field and the Caspian Sea.</p>
<p>The area is bordered to the south by Elf Aquitaine license, and to the west by licences held by Oryx Energy Corp and Exxon Corp, and Amoco Corp .</p>
<p>American International said it agreed to purchase the interest from a German company, MED Shipping &amp; Trading SA. American International will operate the concession and finance the work program to explore the area.</p>
<p>((-- New York Newsdesk 212-859-1610.))</p>
</text>
<copyright>(c) Reuters Limited 1997</copyright>
<metadata>
<codes class="bip:countries:1.0">
  <code code="KAZK">
    <editdetail attribution="Reuters BIP Coding Group" action="confirmed" date="1997-05-12"/>
  </code>
  <code code="USA">
    <editdetail attribution="Reuters BIP Coding Group" action="confirmed" date="1997-05-12"/>
  </code>
</codes>
<codes class="bip:industries:1.0">
  <code code="I13000">
    <editdetail attribution="Reuters BIP Coding Group" action="confirmed" date="1997-05-12"/>
  </code>
  <code code="I1300003">
    <editdetail attribution="Reuters BIP Coding Group" action="confirmed" date="1997-05-12"/>
  </code>
  <code code="I14000">
    <editdetail attribution="Reuters BIP Coding Group" action="confirmed" date="1997-05-12"/>
  </code>
  <code code="I33010">
    <editdetail attribution="Reuters BIP Coding Group" action="confirmed" date="1997-05-12"/>
  </code>
</codes>
<codes class="bip:topics:1.0">
  <code code="C18">
    <editdetail attribution="Reuters BIP Coding Group" action="confirmed" date="1997-05-12"/>
  </code>
  <code code="C181">
    <editdetail attribution="Reuters BIP Coding Group" action="confirmed" date="1997-05-12"/>
  </code>
  <code code="CCAT">
    <editdetail attribution="Reuters BIP Coding Group" action="confirmed" date="1997-05-12"/>
  </code>
</codes>
<dc element="dc.date.created" value="1997-05-12"/>
<dc element="dc.publisher" value="Reuters Holdings Plc"/>
<dc element="dc.date.published" value="1997-05-12"/>
<dc element="dc.source" value="Reuters"/>
<dc element="dc.creator.location" value="NEW YORK"/>
<dc element="dc.creator.location.country.name" value="USA"/>
<dc element="dc.source" value="Reuters"/>
</metadata>
</newsitem>
