<?xml version="1.0" encoding="iso-8859-1" ?>
<newsitem itemid="575191" id="root" date="1997-05-12" xml:lang="en">
<title>INDIA: CRICKET-PAKISTAN FLAY SRI LANKA BOWLING.</title>
<headline>CRICKET-PAKISTAN FLAY SRI LANKA BOWLING.</headline>
<dateline>GWALIOR, India 1997-05-12</dateline>
<text>
<p>Big-hitting Shahid Afridi and Salim Malik led Pakistan to an imposing 289 for six against Sri Lanka in the Independence Cup one-day tournament on Monday.</p>
<p>Opener Afridi smashed the bowling all around the ground as he raced to 52 off 29 balls. He reached his half-century with successive sixes off strike bowler Chaminda Vass. One reached the sight screen and the other flew over long-off.</p>
<p>Afridi put on 74 for the first wicket with Saeed Anwar, who contributed 36 off 60 balls.</p>
<p>Captain Rameez Raja struck a brisk 49 off 63 balls and Ijaz Ahmed compiled 29 from 45 to maintain the momentum before Salim Malik launched the final assault.He hit four boundaries in his 51-ball knock of 49.</p>
<p>Sanjeeva de Silva's three dismissals at regular intervals prevented Pakistan from reaching the 300 mark. He removed Afridi, Raja and Inzamam-ul-Haq amd conceded 59 runs.</p>
</text>
<copyright>(c) Reuters Limited 1997</copyright>
<metadata>
<codes class="bip:countries:1.0">
  <code code="INDIA">
    <editdetail attribution="Reuters BIP Coding Group" action="confirmed" date="1997-05-12"/>
  </code>
  <code code="PAKIS">
    <editdetail attribution="Reuters BIP Coding Group" action="confirmed" date="1997-05-12"/>
  </code>
  <code code="SRILAN">
    <editdetail attribution="Reuters BIP Coding Group" action="confirmed" date="1997-05-12"/>
  </code>
</codes>
<codes class="bip:topics:1.0">
  <code code="GCAT">
    <editdetail attribution="Reuters BIP Coding Group" action="confirmed" date="1997-05-12"/>
  </code>
  <code code="GSPO">
    <editdetail attribution="Reuters BIP Coding Group" action="confirmed" date="1997-05-12"/>
  </code>
</codes>
<dc element="dc.date.created" value="1997-05-12"/>
<dc element="dc.publisher" value="Reuters Holdings Plc"/>
<dc element="dc.date.published" value="1997-05-12"/>
<dc element="dc.source" value="Reuters"/>
<dc element="dc.creator.location" value="GWALIOR, India"/>
<dc element="dc.creator.location.country.name" value="INDIA"/>
<dc element="dc.source" value="Reuters"/>
</metadata>
</newsitem>
