<?xml version="1.0" encoding="iso-8859-1" ?>
<newsitem itemid="575132" id="root" date="1997-05-12" xml:lang="en">
<title>USA: Envirodyne unit develops casing technology.</title>
<headline>Envirodyne unit develops casing technology.</headline>
<dateline>OAK BROOK, Ill. 1997-05-12</dateline>
<text>
<p>Envirodyne Industries Inc said Monday its Viskase subsidiary has developed a new process to make cellulose casings for hot dogs and sausages.</p>
<p>The new technology is expected to have &quot;a significant impact on Envirodyne's future profitability,&quot; the company said.</p>
<p>A production unit is under construction and will begin full production in late 1998, Envirodyne said. A conversion to the process will begin after the first line is complete.</p>
<p>Envirodyne expects to make &quot;significant&quot; capital investment to convert all Viskase's production capacity to the new process, and funding for the conversion will be considered when the company refinances its debt in 1999.</p>
<p>	     -- Reuter Chicago Newsdesk 312-408-8787</p>
</text>
<copyright>(c) Reuters Limited 1997</copyright>
<metadata>
<codes class="bip:countries:1.0">
  <code code="USA">
    <editdetail attribution="Reuters BIP Coding Group" action="confirmed" date="1997-05-12"/>
  </code>
</codes>
<codes class="bip:industries:1.0">
  <code code="I25140">
    <editdetail attribution="Reuters BIP Coding Group" action="confirmed" date="1997-05-12"/>
  </code>
</codes>
<codes class="bip:topics:1.0">
  <code code="C22">
    <editdetail attribution="Reuters BIP Coding Group" action="confirmed" date="1997-05-12"/>
  </code>
  <code code="C24">
    <editdetail attribution="Reuters BIP Coding Group" action="confirmed" date="1997-05-12"/>
  </code>
  <code code="CCAT">
    <editdetail attribution="Reuters BIP Coding Group" action="confirmed" date="1997-05-12"/>
  </code>
</codes>
<dc element="dc.date.created" value="1997-05-12"/>
<dc element="dc.publisher" value="Reuters Holdings Plc"/>
<dc element="dc.date.published" value="1997-05-12"/>
<dc element="dc.source" value="Reuters"/>
<dc element="dc.creator.location" value="OAK BROOK, Ill."/>
<dc element="dc.creator.location.country.name" value="USA"/>
<dc element="dc.source" value="Reuters"/>
</metadata>
</newsitem>
