<?xml version="1.0" encoding="iso-8859-1" ?>
<newsitem itemid="575121" id="root" date="1997-05-12" xml:lang="en">
<title>USA: New West Eyeworks Q1 shr rises to $0.13.</title>
<headline>New West Eyeworks Q1 shr rises to $0.13.</headline>
<dateline>TEMPE, Ariz. 1997-05-12</dateline>
<text>
<p>NEW WEST EYEWORKS, INC.</p>
<p>		     CONSOLIDATED STATEMENT OF OPERATIONS</p>
<p>						    Three Months Ended</p>
<p>							(Unaudited)</p>
<p>						    Mar 29,	Mar 30,</p>
<p>						     1997	   1996</p>
<p> Net sales				  $ 12,791,000 $ 11,504,000</p>
<p> Cost of sales				 6,122,000    5,800,000</p>
<p>    Gross profit			     6,669,000    5,704,000</p>
<p>Selling, general and administrative</p>
<p>  expenses				     5,976,000    5,121,000</p>
<p> Operating income				693,000	583,000</p>
<p> Interest income				  13,000</p>
<p> Interest expense				 53,000	 36,000</p>
<p> Income before income taxes		  653,000	547,000</p>
<p> Income tax expense			     20,000	104,000</p>
<p> Net income					633,000	443,000</p>
<p> Dividends accrued on preferred stock     81,000	 81,000</p>
<p>Net income applicable to holders of</p>
<p>  common stock				   552,000	362,000</p>
<p>Net income per common and common</p>
<p>  equivalent share				  0.13	   0.10</p>
<p>Weighted average number of common and</p>
<p>common Equivalent shares outstanding</p>
<p>						   4,291,000    3,763,000</p>
</text>
<copyright>(c) Reuters Limited 1997</copyright>
<metadata>
<codes class="bip:countries:1.0">
  <code code="USA">
    <editdetail attribution="Reuters BIP Coding Group" action="confirmed" date="1997-05-12"/>
  </code>
</codes>
<codes class="bip:industries:1.0">
  <code code="I65400">
    <editdetail attribution="Reuters BIP Coding Group" action="confirmed" date="1997-05-12"/>
  </code>
  <code code="I6540005">
    <editdetail attribution="Reuters BIP Coding Group" action="confirmed" date="1997-05-12"/>
  </code>
</codes>
<codes class="bip:topics:1.0">
  <code code="C15">
    <editdetail attribution="Reuters BIP Coding Group" action="confirmed" date="1997-05-12"/>
  </code>
  <code code="C151">
    <editdetail attribution="Reuters BIP Coding Group" action="confirmed" date="1997-05-12"/>
  </code>
  <code code="CCAT">
    <editdetail attribution="Reuters BIP Coding Group" action="confirmed" date="1997-05-12"/>
  </code>
</codes>
<dc element="dc.date.created" value="1997-05-12"/>
<dc element="dc.publisher" value="Reuters Holdings Plc"/>
<dc element="dc.date.published" value="1997-05-12"/>
<dc element="dc.source" value="Reuters"/>
<dc element="dc.creator.location" value="TEMPE, Ariz."/>
<dc element="dc.creator.location.country.name" value="USA"/>
<dc element="dc.source" value="Reuters"/>
</metadata>
</newsitem>
