<?xml version="1.0" encoding="iso-8859-1" ?>
<newsitem itemid="575188" id="root" date="1997-05-12" xml:lang="en">
<title>UK: SOCCER-VILLA AIM TO SIGN COLLYMORE.</title>
<headline>SOCCER-VILLA AIM TO SIGN COLLYMORE.</headline>
<dateline>BIRMINGHAM, England 1997-05-12</dateline>
<text>
<p>Aston Villa were having talks with Liverpool and England striker Stan Collymore on Monday over a reported club record seven million pounds ($11.4 million) transfer.</p>
<p>Collymore was expected to sign for Villa on Tuesday, subject to a medical, with a view to linking up with the squad on their end-of-season tour of the United States.</p>
<p>Villa had a 4.5 million pounds ($7.3 million) offer for the former Nottingham Forest forward rejected earlier in the season.</p>
</text>
<copyright>(c) Reuters Limited 1997</copyright>
<metadata>
<codes class="bip:countries:1.0">
  <code code="UK">
    <editdetail attribution="Reuters BIP Coding Group" action="confirmed" date="1997-05-12"/>
  </code>
</codes>
<codes class="bip:topics:1.0">
  <code code="GCAT">
    <editdetail attribution="Reuters BIP Coding Group" action="confirmed" date="1997-05-12"/>
  </code>
  <code code="GSPO">
    <editdetail attribution="Reuters BIP Coding Group" action="confirmed" date="1997-05-12"/>
  </code>
</codes>
<dc element="dc.date.created" value="1997-05-12"/>
<dc element="dc.publisher" value="Reuters Holdings Plc"/>
<dc element="dc.date.published" value="1997-05-12"/>
<dc element="dc.source" value="Reuters"/>
<dc element="dc.creator.location" value="BIRMINGHAM, England"/>
<dc element="dc.creator.location.country.name" value="UK"/>
<dc element="dc.source" value="Reuters"/>
</metadata>
</newsitem>
