<?xml version="1.0" encoding="iso-8859-1" ?>
<newsitem itemid="575123" id="root" date="1997-05-12" xml:lang="en">
<title>USA: CalPERS seeks Chair/CEO split at Bassett.</title>
<headline>CalPERS seeks Chair/CEO split at Bassett.</headline>
<dateline>SACRAMENTO, Calif. 1997-05-12</dateline>
<text>
<p>The California Public Employees' Retirement System (CalPERS), the largest pension fund in the country, Monday said it wants Bassett Furniture Industries Inc to separate the chief executive and chairman positions, as well as name an independent chairman.</p>
<p>In a statement, CalPERS, which uses its position as a large institutional shareholder to seek changes in corporate governance, has filed a shareholder proposal with Bassett's board seeking the two changes.</p>
<p>&quot;We want strong, objective leadership on the Bassett board,&quot; said Kayla Gillan, general counsel at CalPERS.  </p>
<p>Earlier this month, the Virginia-based furniture maker named Paul Fulton chairman and chief executive to replace a retiring Robert Spilman, effective August 1. Fulton has been a member of Bassett's board and its audit committee since 1993.</p>
<p>A company spokesman for Bassett was not immediately available for a comment on CalPERS' proposal.</p>
<p>CalPERS said Bassett is on its list of underperforming target companies for the second consecutive year.  Despite new product introductions in fiscal 1996, Bassett's sales and operating income continued to decline, CalPERS said.</p>
<p>CalPERS met with Spilman and several board members on two occasions over the last two years to discuss separate chairman and chief executive positions.</p>
<p>&quot;In our view, when the board's chairperson is also an officer of the company, it is difficult to objectively perform monitoring and evaluating functions,&quot; Gillan said. &quot;We believe an independent chairperson would best ensure the interests of shareholders are served, rather than the interests of management.&quot;</p>
<p>CalPERS holds over 186,000 Bassett shares.</p>
</text>
<copyright>(c) Reuters Limited 1997</copyright>
<metadata>
<codes class="bip:countries:1.0">
  <code code="USA">
    <editdetail attribution="Reuters BIP Coding Group" action="confirmed" date="1997-05-12"/>
  </code>
</codes>
<codes class="bip:industries:1.0">
  <code code="I46700">
    <editdetail attribution="Reuters BIP Coding Group" action="confirmed" date="1997-05-12"/>
  </code>
  <code code="I81502">
    <editdetail attribution="Reuters BIP Coding Group" action="confirmed" date="1997-05-12"/>
  </code>
  <code code="I8150214">
    <editdetail attribution="Reuters BIP Coding Group" action="confirmed" date="1997-05-12"/>
  </code>
</codes>
<codes class="bip:topics:1.0">
  <code code="C11">
    <editdetail attribution="Reuters BIP Coding Group" action="confirmed" date="1997-05-12"/>
  </code>
  <code code="C41">
    <editdetail attribution="Reuters BIP Coding Group" action="confirmed" date="1997-05-12"/>
  </code>
  <code code="C411">
    <editdetail attribution="Reuters BIP Coding Group" action="confirmed" date="1997-05-12"/>
  </code>
  <code code="CCAT">
    <editdetail attribution="Reuters BIP Coding Group" action="confirmed" date="1997-05-12"/>
  </code>
</codes>
<dc element="dc.date.created" value="1997-05-12"/>
<dc element="dc.publisher" value="Reuters Holdings Plc"/>
<dc element="dc.date.published" value="1997-05-12"/>
<dc element="dc.source" value="Reuters"/>
<dc element="dc.creator.location" value="SACRAMENTO, Calif."/>
<dc element="dc.creator.location.country.name" value="USA"/>
<dc element="dc.source" value="Reuters"/>
</metadata>
</newsitem>
