<?xml version="1.0" encoding="iso-8859-1" ?>
<newsitem itemid="575187" id="root" date="1997-05-12" xml:lang="en">
<title>USA: BASKETBALL-KENTUCKY NAMES GEORGIA'S TUBBY SMITH AS HEAD COACH.</title>
<headline>BASKETBALL-KENTUCKY NAMES GEORGIA'S TUBBY SMITH AS HEAD COACH.</headline>
<dateline>LEXINGTON, Kentucky 1997-05-12</dateline>
<text>
<p>Tubby Smith landed one of the most prestigious and pressure-packed jobs in collegiate sports when he was named Monday to replace Rick Pitino as head basketball coach at the University of Kentucky.</p>
<p>The announcement came after Tubbs won the recommendation of the school's Athletic Association board. Smith, a former Kentucky assistant under Pitino, leaves the top job at Georgia for a five-year contract with Kentucky at undisclosed terms.</p>
<p>Smith, 46, becomes the first black coach at Kentucky, whose status as a top hoops power was established by Adolph Rupp, who retired as the most successful college coach ever but refused to recruit black players before relenting in the late 1960s.</p>
<p>&quot;I hope I will be judged on the content of my character rather than the colour of my skin,&quot; said Smith. &quot;A lot of people are interested and excited because I am a black coach.&quot;</p>
<p>Smith, whose son, G.G. Smith, is a player on the Georgia basketball team, earlier this year agreed with Georgia on a two-year contract extension worth approximately $780,000 per year through the 2002-03 season.</p>
<p>&quot;It's tough whenever you leave a place,&quot; Smith said. &quot;I know that this is a new challenge for me and my family.&quot;</p>
<p>Filling the shoes of Pitino, who left to take over the Boston Celtics for an astonishing 10-year, $70 million deal, will be no small task for Smith.</p>
<p>Pitino took Kentucky from probation to the 1996 NCAA Championship and had a return engagement in the NCAA Championship final this year before losing in overtime to Arizona.</p>
<p>Smith, who served as a Kentucky assistant under Pitino from 1989 to 1991, arrived in Georgia in 1995 to replace Hugh Durham. In his first season, the Bulldogs went 21-10 and reached the regional semifinals of the NCAA Tournament.</p>
<p>This season, Georgia went 24-9 but was upset by Chattanooga in the first round of the NCAA Tournament.</p>
<p>&quot;I think we have absolutely chosen the very best candidate in the nation,&quot; said Kentucky president Dr. Charles T. Wethington, Jr. &quot;In Tubby Smith, we truly have made a choice that we will all be happy with.&quot;</p>
<p>&quot;It became apparent that Tubby had a fire in his belly to take this challenge on,&quot; Athletic Director C.M. Newton said.</p>
<p>&quot;I am excited and delighted that Tubby is accepting the challenge. He was the only person that came to my mind that would be a candidate for this job.&quot;</p>
<p>Under Smith, the Wildcats are expected to play a similar system to the one installed by Pitino.</p>
<p>&quot;We want to continue to play the same style,&quot; he said. &quot;We played a similar style at Georgia. We like to run a matchup press and were one of the top teams in the league in opponents' field goal percentage.&quot;</p>
<p>After 12 years as an assistant at Virginia Commonwealth, South Carolina and Kentucky, Smith's first head coaching job came at Tulsa in 1991. In four years, he compiled a 79-43 mark. His overall record is 124-62.</p>
<p>&quot;It's not overwhelming, it's every coach's dream,&quot; Smith said about taking the Kentucky job. &quot;That's why you compete, so you can be the best. That's our goal, to be the best team in the country. That's been the goal everywhere I've coached.&quot;</p>
</text>
<copyright>(c) Reuters Limited 1997</copyright>
<metadata>
<codes class="bip:countries:1.0">
  <code code="USA">
    <editdetail attribution="Reuters BIP Coding Group" action="confirmed" date="1997-05-12"/>
  </code>
</codes>
<codes class="bip:topics:1.0">
  <code code="GCAT">
    <editdetail attribution="Reuters BIP Coding Group" action="confirmed" date="1997-05-12"/>
  </code>
  <code code="GSPO">
    <editdetail attribution="Reuters BIP Coding Group" action="confirmed" date="1997-05-12"/>
  </code>
</codes>
<dc element="dc.date.created" value="1997-05-12"/>
<dc element="dc.publisher" value="Reuters Holdings Plc"/>
<dc element="dc.date.published" value="1997-05-12"/>
<dc element="dc.source" value="Reuters"/>
<dc element="dc.creator.location" value="LEXINGTON, Kentucky"/>
<dc element="dc.creator.location.country.name" value="USA"/>
<dc element="dc.source" value="Reuters"/>
</metadata>
</newsitem>
