<?xml version="1.0" encoding="iso-8859-1" ?>
<newsitem itemid="575149" id="root" date="1997-05-12" xml:lang="en">
<title>USA: American Express Credit Saison to issue card.</title>
<headline>American Express Credit Saison to issue card.</headline>
<dateline>NEW YORK 1997-05-12</dateline>
<text>
<p>Credit Saison Co Ltd, and American Express Co said Monday that they have agreed to launch a new Saison American Express Card.</p>
<p>The new card, said American Express, is targeted to young affluent Japanese customers and will be available later this year.</p>
<p>American Express said it is the company's first network agreement in Japan and represents an extension of its global strategy of opening its merchant network to other card issuers.</p>
<p>It also said that the new card represents a key strategic alliance for Credit Saison, and is intended to increase that company's customer base and strenghten its brand.</p>
<p>In the past 18 months American Express has agreed to issue cards through banks in Ireland, Central America, Turkey and Israel, it said.</p>
<p>Saison is a financial services subsidiary of the Saison Group, an issuer of 15 million proprietary and co-branded credit and charge cards in Japan.</p>
</text>
<copyright>(c) Reuters Limited 1997</copyright>
<metadata>
<codes class="bip:countries:1.0">
  <code code="JAP">
    <editdetail attribution="Reuters BIP Coding Group" action="confirmed" date="1997-05-12"/>
  </code>
  <code code="USA">
    <editdetail attribution="Reuters BIP Coding Group" action="confirmed" date="1997-05-12"/>
  </code>
</codes>
<codes class="bip:industries:1.0">
  <code code="I81402">
    <editdetail attribution="Reuters BIP Coding Group" action="confirmed" date="1997-05-12"/>
  </code>
  <code code="I81501">
    <editdetail attribution="Reuters BIP Coding Group" action="confirmed" date="1997-05-12"/>
  </code>
  <code code="I8150108">
    <editdetail attribution="Reuters BIP Coding Group" action="confirmed" date="1997-05-12"/>
  </code>
</codes>
<codes class="bip:topics:1.0">
  <code code="C11">
    <editdetail attribution="Reuters BIP Coding Group" action="confirmed" date="1997-05-12"/>
  </code>
  <code code="C22">
    <editdetail attribution="Reuters BIP Coding Group" action="confirmed" date="1997-05-12"/>
  </code>
  <code code="C33">
    <editdetail attribution="Reuters BIP Coding Group" action="confirmed" date="1997-05-12"/>
  </code>
  <code code="CCAT">
    <editdetail attribution="Reuters BIP Coding Group" action="confirmed" date="1997-05-12"/>
  </code>
</codes>
<dc element="dc.date.created" value="1997-05-12"/>
<dc element="dc.publisher" value="Reuters Holdings Plc"/>
<dc element="dc.date.published" value="1997-05-12"/>
<dc element="dc.source" value="Reuters"/>
<dc element="dc.creator.location" value="NEW YORK"/>
<dc element="dc.creator.location.country.name" value="USA"/>
<dc element="dc.source" value="Reuters"/>
</metadata>
</newsitem>
