<?xml version="1.0" encoding="iso-8859-1" ?>
<newsitem itemid="575139" id="root" date="1997-05-12" xml:lang="en">
<title>USA: Gannett names new Detroit News publisher.</title>
<headline>Gannett names new Detroit News publisher.</headline>
<dateline>ARLINGTON, Va. 1997-05-12</dateline>
<text>
<p>Gannett Co said Monday that Mark Silverman will become publisher and editor of The Detroit News, replacing Robert Giles, who is scheduled to retire June 1.</p>
<p>Silverman is currently executive editor and vice president of news at the Courier-Journal in Louisville.</p>
<p>Giles, said the company, will join the Freedom Forum as senior vice president and executive director of the Media Studies Center in New York City.</p>
<p>Gannett is a nationwide news and information company that publishes 90 daily newspapers, including USA TODAY, and USA WEEKEND, a newspaper magazine.  Gannett also operates 16 television stations, five radio stations, cable television systems in five states and alarm security services.</p>
</text>
<copyright>(c) Reuters Limited 1997</copyright>
<metadata>
<codes class="bip:countries:1.0">
  <code code="USA">
    <editdetail attribution="Reuters BIP Coding Group" action="confirmed" date="1997-05-12"/>
  </code>
</codes>
<codes class="bip:industries:1.0">
  <code code="I47510">
    <editdetail attribution="Reuters BIP Coding Group" action="confirmed" date="1997-05-12"/>
  </code>
</codes>
<codes class="bip:topics:1.0">
  <code code="C41">
    <editdetail attribution="Reuters BIP Coding Group" action="confirmed" date="1997-05-12"/>
  </code>
  <code code="C411">
    <editdetail attribution="Reuters BIP Coding Group" action="confirmed" date="1997-05-12"/>
  </code>
  <code code="CCAT">
    <editdetail attribution="Reuters BIP Coding Group" action="confirmed" date="1997-05-12"/>
  </code>
</codes>
<dc element="dc.date.created" value="1997-05-12"/>
<dc element="dc.publisher" value="Reuters Holdings Plc"/>
<dc element="dc.date.published" value="1997-05-12"/>
<dc element="dc.source" value="Reuters"/>
<dc element="dc.creator.location" value="ARLINGTON, Va."/>
<dc element="dc.creator.location.country.name" value="USA"/>
<dc element="dc.source" value="Reuters"/>
</metadata>
</newsitem>
