<?xml version="1.0" encoding="iso-8859-1" ?>
<newsitem itemid="575171" id="root" date="1997-05-12" xml:lang="en">
<title>USA: GTS Duratek Inc Q1 loss vs profit.</title>
<headline>GTS Duratek Inc Q1 loss vs profit.</headline>
<dateline>COLUMBIA, Md. 1997-05-12</dateline>
<text>
<p>1997			1996</p>
<p> Shr loss		   $0.41   profit	 $0.01</p>
<p> Net loss		   4,702			500</p>
<p> Revs			11,951		   10,336</p>
<p>(All Data Above 000s Except Per Share Numbers)</p>
<p>NOTE: 1997 loss includes $5.9 million loss as a result of suspension of Savanna River, Ga., operations.</p>
<p>((-- New York Newsdesk 212-859-1610.))</p>
</text>
<copyright>(c) Reuters Limited 1997</copyright>
<metadata>
<codes class="bip:countries:1.0">
  <code code="USA">
    <editdetail attribution="Reuters BIP Coding Group" action="confirmed" date="1997-05-12"/>
  </code>
</codes>
<codes class="bip:industries:1.0">
  <code code="I83700">
    <editdetail attribution="Reuters BIP Coding Group" action="confirmed" date="1997-05-12"/>
  </code>
</codes>
<codes class="bip:topics:1.0">
  <code code="C15">
    <editdetail attribution="Reuters BIP Coding Group" action="confirmed" date="1997-05-12"/>
  </code>
  <code code="C151">
    <editdetail attribution="Reuters BIP Coding Group" action="confirmed" date="1997-05-12"/>
  </code>
  <code code="CCAT">
    <editdetail attribution="Reuters BIP Coding Group" action="confirmed" date="1997-05-12"/>
  </code>
</codes>
<dc element="dc.date.created" value="1997-05-12"/>
<dc element="dc.publisher" value="Reuters Holdings Plc"/>
<dc element="dc.date.published" value="1997-05-12"/>
<dc element="dc.source" value="Reuters"/>
<dc element="dc.creator.location" value="COLUMBIA, Md."/>
<dc element="dc.creator.location.country.name" value="USA"/>
<dc element="dc.source" value="Reuters"/>
</metadata>
</newsitem>
