<?xml version="1.0" encoding="iso-8859-1" ?>
<newsitem itemid="575195" id="root" date="1997-05-12" xml:lang="en">
<title>USA: TENNIS-RANKINGS OF LEADING WTA PLAYERS.</title>
<headline>TENNIS-RANKINGS OF LEADING WTA PLAYERS.</headline>
<dateline>ST PETERSBURG, Florida 1997-05-12</dateline>
<text>
<p>Rankings of WTA</p>
<p>players as issued on Monday:</p>
<p>  1. Martina Hingis (Switzerland)		 4674.0000 points</p>
<p>  2. Steffi Graf (Germany)			  4175.5000</p>
<p>  3. Monica Seles (U.S.)			    3568.8083</p>
<p>  4. Jana Novotna (Czech Republic)		3313.4412</p>
<p>  5. Lindsay Davenport (U.S.)		     2910.0667</p>
<p>  6. Arantxa Sanchez Vicario (Spain)	    2804.1871</p>
<p>  7. Anke Huber (Germany)			   2701.0388</p>
<p>  8. Conchita Martinez (Spain)		    2628.1710</p>
<p>  9. Iva Majoli (Croatia)			   2514.2820</p>
<p> 10. Amanda Coetzer (South Africa)		1991.7009</p>
<p> 11. Mary Pierce (France)			   1958.8195</p>
<p> 12. Karina Habsudova (Slovakia)		  1842.2182</p>
<p> 13. Irina Spirlea (Romania)			1765.7950</p>
<p> 14. Mary Joe Fernandez (U.S.)		    1703.5113</p>
<p> 15. Brenda Schultz-McCarthy (Netherlands)    1636.8799</p>
<p> 16. Barbara Paulus (Austria)		     1578.2813</p>
<p> 17. Kimberly Po (U.S.)			     1460.0647</p>
<p> 18. Judith Wiesner (Austria)		     1359.0810</p>
<p> 19. Elena Likhovtseva (Russia)		   1331.2240</p>
<p> 20. Sabine Appelmans (Belgium)		   1260.6050</p>
</text>
<copyright>(c) Reuters Limited 1997</copyright>
<metadata>
<codes class="bip:countries:1.0">
  <code code="SWITZ">
    <editdetail attribution="Reuters BIP Coding Group" action="confirmed" date="1997-05-12"/>
  </code>
  <code code="USA">
    <editdetail attribution="Reuters BIP Coding Group" action="confirmed" date="1997-05-12"/>
  </code>
</codes>
<codes class="bip:topics:1.0">
  <code code="GCAT">
    <editdetail attribution="Reuters BIP Coding Group" action="confirmed" date="1997-05-12"/>
  </code>
  <code code="GSPO">
    <editdetail attribution="Reuters BIP Coding Group" action="confirmed" date="1997-05-12"/>
  </code>
</codes>
<dc element="dc.date.created" value="1997-05-12"/>
<dc element="dc.publisher" value="Reuters Holdings Plc"/>
<dc element="dc.date.published" value="1997-05-12"/>
<dc element="dc.source" value="Reuters"/>
<dc element="dc.creator.location" value="ST PETERSBURG, Florida"/>
<dc element="dc.creator.location.country.name" value="USA"/>
<dc element="dc.source" value="Reuters"/>
</metadata>
</newsitem>
