<?xml version="1.0" encoding="iso-8859-1" ?>
<newsitem itemid="575213" id="root" date="1997-05-12" xml:lang="en">
<title>UK: SOCCER-RELEGATED MIDDLESBROUGH LOOKING FOR FINAL GLORY.</title>
<headline>SOCCER-RELEGATED MIDDLESBROUGH LOOKING FOR FINAL GLORY.</headline>
<byline>Mike Collett</byline>
<dateline>LONDON 1997-05-12</dateline>
<text>
<p>Middlesbrough may be down and out of the English premier league, but their season could still end in bitter-sweet glory if they win the F.A. Cup for the first time next Saturday.</p>
<p>Any celebration would be somewhat muted because their failure to avoid the drop into the first division will be felt for months, and possibly years to come.</p>
<p>And victory in the cup final -- as well as a possible legal challenge against their relegation through the courts -- will also determine whether their foreign players like Juninho, Emerson, Fabrizio Ravanelli and Gianluca Festa stay at the club.</p>
<p>The chances are that they could all leave even if Middlesbrough do beat Chelsea and win the cup to claim their first major trophy in their 121-year history.</p>
<p>But like just about everything that has happened to Middlesbrough this season, the situation is far from clear-cut.</p>
<p>Middlesbrough went down not because they had one of the three worst playing records over the season, but because they had three points deducted for refusing to play a match at Blackburn on December 21 because they claimed they had more than 20 players out through injury and illness.</p>
<p>They were subsequently docked three points for refusing to play the fixture at the time and had an appeal against the deduction turned down. If they had played the match and not lost the points they would have finished 14th and safe. Instead, they came 19th.</p>
<p>Chairman Steve Gibson did not rule out the possibility of legal action after Sunday's 1-1 draw at Leeds sealed relegation.</p>
<p>Asked on Sky TV whether the club would pursue the issue, and throw the premier league and first division into chaos, Gibson said: &quot;I will do what is right for Middlesbrough Football Club.</p>
<p>&quot;We have been relegated today not because of what happened on the football pitch but because of a decision made by grey men in grey suits behind closed doors.&quot;</p>
<p>Asked whether a legal challenge would be made, Gibson replied: &quot;That's for me to know. Those who deducted us three points will be the first to know my message.&quot;</p>
<p>He added: &quot;The determination of the club to achieve our objectives are still here. We were hopeful for today but it has not happened.&quot;</p>
<p>So Middlesbrough, who lost the League Cup final to Leicester in April after a replay, now return to Wembley in confusing circumstances.</p>
<p>Bryan Robson, who spent 16 million pounds ($26 million) assembling his team of highly paid foreigners, now has the task of motivating them after the shattering disappointment of relegation.</p>
<p>&quot;The players are all very quiet in the dressing room but we can't do anything about being relegated now,&quot; he said.</p>
<p>&quot;I have told them that they've got to start preparing themselves tonight for the cup final. It won't make up for relegation if we win it but it will be a great way to finish the season.&quot;</p>
<p>Robson refused to comment on his future at the club, or that of any of the players.</p>
<p>But Middlesbrough looked exhausted as they ended their fourth match in nine days, crushed by the realisation they had gone down, upset by the sight of so many fans openly weeping.</p>
<p>At least they now have almost a week to rest and prepare for the cup final while Ravanelli, who was unfit for Sunday's match, should be fit to face Chelsea.</p>
<p>No English team have won the cup and been relegated in the same season. It would be perfectly in keeping with their schizophrenic season if that is exactly what baffling Middlesbrough achieve next weekend.</p>
</text>
<copyright>(c) Reuters Limited 1997</copyright>
<metadata>
<codes class="bip:countries:1.0">
  <code code="UK">
    <editdetail attribution="Reuters BIP Coding Group" action="confirmed" date="1997-05-12"/>
  </code>
</codes>
<codes class="bip:topics:1.0">
  <code code="GCAT">
    <editdetail attribution="Reuters BIP Coding Group" action="confirmed" date="1997-05-12"/>
  </code>
  <code code="GSPO">
    <editdetail attribution="Reuters BIP Coding Group" action="confirmed" date="1997-05-12"/>
  </code>
</codes>
<dc element="dc.date.created" value="1997-05-12"/>
<dc element="dc.publisher" value="Reuters Holdings Plc"/>
<dc element="dc.date.published" value="1997-05-12"/>
<dc element="dc.source" value="Reuters"/>
<dc element="dc.creator.location" value="LONDON"/>
<dc element="dc.creator.location.country.name" value="UK"/>
<dc element="dc.source" value="Reuters"/>
</metadata>
</newsitem>
