<?xml version="1.0" encoding="iso-8859-1" ?>
<newsitem itemid="575296" id="root" date="1997-05-12" xml:lang="en">
<title>POLAND: NO POLES YET CHANGE NFI UNITS TO SHARES.</title>
<headline>NO POLES YET CHANGE NFI UNITS TO SHARES.</headline>
<dateline>WARSAW 1997-05-12</dateline>
<text>
<p>None of the 26 million Poles who bought a participation unit in their country's National Investment Fund (NFI) mass privatisation scheme exchanged the unit for fund shares on Monday, the first day possible.</p>
<p>An employee of the National Securities Depository (KDPW) who requested anonimity told Reuters that by Monday 13,490,070 of the units had been converted into book-entry form, a step necessary for bourse trade, but none converted into NFI shares.</p>
<p>The units will be listed until the end of 1998.</p>
<p>Under the government's NFI programme, shares in more than 500 mid-sized companies are allocated to 15 NFIs run by foreign and domestic management firms.</p>
<p>From Monday Poles have the opportunity to exchange the unit for 15 shares, one in each fund, which are expected to start trade on the Warsaw bourse as early as mid-June.</p>
<p>Each NFI has 31,026,185 shares.</p>
<p>-- Warsaw Newsroom +48 22 653 9700</p>
</text>
<copyright>(c) Reuters Limited 1997</copyright>
<metadata>
<codes class="bip:countries:1.0">
  <code code="POL">
    <editdetail attribution="Reuters BIP Coding Group" action="confirmed" date="1997-05-12"/>
  </code>
</codes>
<codes class="bip:industries:1.0">
  <code code="I81502">
    <editdetail attribution="Reuters BIP Coding Group" action="confirmed" date="1997-05-12"/>
  </code>
</codes>
<codes class="bip:topics:1.0">
  <code code="C18">
    <editdetail attribution="Reuters BIP Coding Group" action="confirmed" date="1997-05-12"/>
  </code>
  <code code="C183">
    <editdetail attribution="Reuters BIP Coding Group" action="confirmed" date="1997-05-12"/>
  </code>
  <code code="CCAT">
    <editdetail attribution="Reuters BIP Coding Group" action="confirmed" date="1997-05-12"/>
  </code>
</codes>
<dc element="dc.date.created" value="1997-05-12"/>
<dc element="dc.publisher" value="Reuters Holdings Plc"/>
<dc element="dc.date.published" value="1997-05-12"/>
<dc element="dc.source" value="Reuters"/>
<dc element="dc.creator.location" value="WARSAW"/>
<dc element="dc.creator.location.country.name" value="POLAND"/>
<dc element="dc.source" value="Reuters"/>
</metadata>
</newsitem>
