<?xml version="1.0" encoding="iso-8859-1" ?>
<newsitem itemid="575243" id="root" date="1997-05-12" xml:lang="en">
<title>SPAIN: SOCCER-DEPORTIVO DRAW GIVES BARCELONA BREATHING SPACE.</title>
<headline>SOCCER-DEPORTIVO DRAW GIVES BARCELONA BREATHING SPACE.</headline>
<dateline>MADRID 1997-05-12</dateline>
<text>
<p>Barcelona were left with a five-point cushion in their bid to take Spain's second European Cup place after rivals Deportivo Coruna drew 1-1 at Valencia on Monday.</p>
<p>Barcelona, in turn five points behind leaders Real Madrid after Saturday's 1-0 victory over the league leaders, must play third-placed Deportivo in one of their five remaining league games.</p>
<p>Barcelona also face Real Betis, fourth and one point behind Deportivo, after losing 2-1 to Logrones on Sunday.</p>
<p>Brazilian striker Renaldo opened the scoring for Deportivo in the 17th minute after picking up a rebound when compatriot Rivaldo saw his shot stopped by Valencia keeper Andoni Zubizarreta.</p>
<p>Ariel Ortega levelled from the penalty spot on the half-hour when another Brazilian, Leandro, was felled in the area by Deportivo defender Paco Gemez.</p>
<p>Valencia hung on in the last 25 minutes despite having Javi Navarro sent off for a second yellow card offence.</p>
</text>
<copyright>(c) Reuters Limited 1997</copyright>
<metadata>
<codes class="bip:countries:1.0">
  <code code="SPAIN">
    <editdetail attribution="Reuters BIP Coding Group" action="confirmed" date="1997-05-12"/>
  </code>
</codes>
<codes class="bip:topics:1.0">
  <code code="GCAT">
    <editdetail attribution="Reuters BIP Coding Group" action="confirmed" date="1997-05-12"/>
  </code>
  <code code="GSPO">
    <editdetail attribution="Reuters BIP Coding Group" action="confirmed" date="1997-05-12"/>
  </code>
</codes>
<dc element="dc.date.created" value="1997-05-12"/>
<dc element="dc.publisher" value="Reuters Holdings Plc"/>
<dc element="dc.date.published" value="1997-05-12"/>
<dc element="dc.source" value="Reuters"/>
<dc element="dc.creator.location" value="MADRID"/>
<dc element="dc.creator.location.country.name" value="SPAIN"/>
<dc element="dc.source" value="Reuters"/>
</metadata>
</newsitem>
