<?xml version="1.0" encoding="iso-8859-1" ?>
<newsitem itemid="575263" id="root" date="1997-05-12" xml:lang="en">
<title>MONACO: MOTOR RACING-SCHUMACHER VICTORY HERALDS NEW ERA FOR FERRARI.</title>
<headline>MOTOR RACING-SCHUMACHER VICTORY HERALDS NEW ERA FOR FERRARI.</headline>
<byline>Timothy Collings</byline>
<dateline>MONTE CARLO 1997-05-12</dateline>
<text>
<p>Victory for Michael Schumacher and third place to Eddie Irvine in Sunday's rain-hit Monaco Grand Prix have ushered in a new era for Ferrari.</p>
<p>For the first time since double world champion Schumacher joined the team after leaving Benetton in 1995, Ferrari took over the leadership of both the Formula One drivers' and constructors' championships.</p>
<p>&quot;This is a beautiful dream for the team,&quot; said Ferrari sporting director Jean Todt. &quot;To have both cars on the podium, one first and one third, at Monaco...But I think we still have a long road ahead of us.</p>
<p>&quot;We must celebrate the result, enjoy the moment and then stop dreaming. Once this is over, we have to go testing in Barcelona and back to work.&quot;</p>
<p>Despite Todt's caution after seeing his team end a 16-year drought without a Monaco win, it is clear that Ferrari pose a greater threat than at any time since Jody Scheckter of South Africa claimed their last drivers' title in 1979.</p>
<p>Schumacher, the 28-year-old German who lifted the drivers' crown with Benetton in 1994 and 1995, demonstrated why on Sunday with a peerless drive through the rain to win easily by more than 53 seconds.</p>
<p>He and his team mate Briton Eddie Irvine, who  has reeled off three successive podium finishes, have both praised new technical director Ross Brawn, formerly with Benetton, for the transformation in their fortunes.</p>
<p>Briton Brawn joined the team last December, together with chief designer Rory Byrne, after working with Schumacher during his championship successes at Benetton. According to the German, he has brought a calm and methodical style of management to the team.</p>
<p>&quot;Ross likes to work in a logical way, with a programme, and he does not become emotional when he is in his work,&quot; said Schumacher. &quot;This has been a welcome quality for the team.&quot;</p>
<p>Schumacher, however, agreed with team chief Todt after Sunday's race when he said he did not think he or Ferrari were yet ready to challenge Williams for the world titles.</p>
<p>Looking ahead to the Spanish Grand Prix at Barcelona in two weeks, he said: &quot;To be honest, I would prefer to cancel Spain. It is not a circuit which suits our car.</p>
<p>&quot;But now that I have opened up a small gap in the championship, I suppose I can afford to just go for a finish in the points and it will still look good.</p>
<p>&quot;After Spain, though, I think we will be looking reasonably good for the rest of the season. There are some more improvements to come with the car and I am confident about the reliability.&quot;</p>
<p>Despite Schumacher's pessimism, he won with Benetton in 1995 and with Ferrari in the wet last year.</p>
<p>While Ferrari celebrated on Sunday night, the Williams team decamped from Monaco grim-faced after a disastrous error in weather-forecasting persuaded them to gamble on dry slick tyres and dry set-ups for the wet race.</p>
<p>Both Jacques Villeneuve of Canada and Heinz-Harald Frentzen of Germany failed to finish and the team unexpectedly looked second best in all departments.</p>
<p>&quot;Our choice was based on a forecast of very fine drizzle for the first 20 or 30 minutes of the race,&quot; said team boss Frank Williams, who also pointed out that their forecaster had been accurate at all four previous races this year.</p>
<p>&quot;If it had worked this time, we would have been heroes,&quot; he added. &quot;But it didn't.&quot;</p>
</text>
<copyright>(c) Reuters Limited 1997</copyright>
<metadata>
<codes class="bip:countries:1.0">
  <code code="FRA">
    <editdetail attribution="Reuters BIP Coding Group" action="confirmed" date="1997-05-12"/>
  </code>
  <code code="MONAC">
    <editdetail attribution="Reuters BIP Coding Group" action="confirmed" date="1997-05-12"/>
  </code>
</codes>
<codes class="bip:topics:1.0">
  <code code="GCAT">
    <editdetail attribution="Reuters BIP Coding Group" action="confirmed" date="1997-05-12"/>
  </code>
  <code code="GSPO">
    <editdetail attribution="Reuters BIP Coding Group" action="confirmed" date="1997-05-12"/>
  </code>
</codes>
<dc element="dc.date.created" value="1997-05-12"/>
<dc element="dc.publisher" value="Reuters Holdings Plc"/>
<dc element="dc.date.published" value="1997-05-12"/>
<dc element="dc.source" value="Reuters"/>
<dc element="dc.creator.location" value="MONTE CARLO"/>
<dc element="dc.creator.location.country.name" value="MONACO"/>
<dc element="dc.source" value="Reuters"/>
</metadata>
</newsitem>
