<?xml version="1.0" encoding="iso-8859-1" ?>
<newsitem itemid="575278" id="root" date="1997-05-12" xml:lang="en">
<title>LATVIA: LATEST ECONOMIC INDICATORS - LATVIA.</title>
<headline>LATEST ECONOMIC INDICATORS - LATVIA.</headline>
<text>
<p>RIGA, Reuter - Latvia's latest economic statistics for</p>
<p>1997, in percentage changes on a month-to-month basis unless</p>
<p>otherwise indicated. (* = updated this week)</p>
<p> INDICATOR		   PERIOD     PCT    A YR AGO</p>
<p> Consumer Price Index	April    0.7	0.5*</p>
<p> Consumer prices (Yr/Yr)   April    8.8	18.5*</p>
<p> Trade balance (mln lats)  Jan-Feb -72.03   -72.52</p>
<p> GDP (real prices, prelim) 1996     2.77 bln 2.35 bln</p>
<p> Producer Price Index (PPI)Feb	0.8	0.9</p>
<p> PPI (yr/yr)		   Feb	5.3	N/A</p>
<p> Unemployment		  March    7.5	7.0</p>
<p>-- Riga Newsroom, +371 721 5240</p>
</text>
<copyright>(c) Reuters Limited 1997</copyright>
<metadata>
<codes class="bip:countries:1.0">
  <code code="LATV">
    <editdetail attribution="Reuters BIP Coding Group" action="confirmed" date="1997-05-12"/>
  </code>
</codes>
<codes class="bip:topics:1.0">
  <code code="E71">
    <editdetail attribution="Reuters BIP Coding Group" action="confirmed" date="1997-05-12"/>
  </code>
  <code code="ECAT">
    <editdetail attribution="Reuters BIP Coding Group" action="confirmed" date="1997-05-12"/>
  </code>
</codes>
<dc element="dc.publisher" value="Reuters Holdings Plc"/>
<dc element="dc.date.published" value="1997-05-12"/>
<dc element="dc.source" value="Reuters"/>
<dc element="dc.creator.location.country.name" value="LATVIA"/>
<dc element="dc.source" value="Reuters"/>
</metadata>
</newsitem>
