<?xml version="1.0" encoding="iso-8859-1" ?>
<newsitem itemid="575348" id="root" date="1997-05-12" xml:lang="en">
<title>LITHUANIA: LATEST ECONOMIC INDICATORS - LITHUANIA.</title>
<headline>LATEST ECONOMIC INDICATORS - LITHUANIA.</headline>
<dateline>VILNIUS</dateline>
<text>
<p>Lithuania's latest economic statistics,</p>
<p>in percentage changes on a month-on-month basis unless otherwise</p>
<p>indicated. * is updated this week.</p>
<p>Publication dates of new figures are approximate.</p>
<p>INDICATOR		  PERIOD    PCT     A YR AGO    LAST-NEXT</p>
<p>Inflation mo/mo*	 April	0.3	1.3     09/05-07/06</p>
<p>	    yr/yr*	 April	7.3	31.4    09/05-07/06</p>
<p>Trade balance (bln LTL) 1996     -4.5     -3.8</p>
<p>		  (mln LTL) Feb 97   -549     -252     06/05-06/06</p>
<p>			  Jan-Feb 97   -916     -422     06/05-06/06</p>
<p>GDP (bln LTL, preliminary)  96    31.1     23.8    22/04-n/a</p>
<p>				4Q  96    8.59     7.07    22/04-30/06</p>
<p>PPI			   March    -0.7	n/a     22/04-07/05</p>
<p>PPI (YR/YR)		 March     8.3	n/a     24/04-07/05</p>
<p>Unemployment*	     April     5.9	8.0     06/05-02/06</p>
<p>Note - Department of statistics says that the time of</p>
<p>announcing the results is subject to change.</p>
<p>-- Vilnius newsroom +370 2 22 35 17</p>
</text>
<copyright>(c) Reuters Limited 1997</copyright>
<metadata>
<codes class="bip:countries:1.0">
  <code code="LITH">
    <editdetail attribution="Reuters BIP Coding Group" action="confirmed" date="1997-05-12"/>
  </code>
</codes>
<codes class="bip:topics:1.0">
  <code code="E71">
    <editdetail attribution="Reuters BIP Coding Group" action="confirmed" date="1997-05-12"/>
  </code>
  <code code="ECAT">
    <editdetail attribution="Reuters BIP Coding Group" action="confirmed" date="1997-05-12"/>
  </code>
</codes>
<dc element="dc.publisher" value="Reuters Holdings Plc"/>
<dc element="dc.date.published" value="1997-05-12"/>
<dc element="dc.source" value="Reuters"/>
<dc element="dc.creator.location" value="VILNIUS"/>
<dc element="dc.creator.location.country.name" value="LITHUANIA"/>
<dc element="dc.source" value="Reuters"/>
</metadata>
</newsitem>
