<?xml version="1.0" encoding="iso-8859-1" ?>
<newsitem itemid="575397" id="root" date="1997-05-12" xml:lang="en">
<title>UK: Greenwich and Portman building societies to merge.</title>
<headline>Greenwich and Portman building societies to merge.</headline>
<dateline>LONDON 1997-05-12</dateline>
<text>
<p>The Portman and Greenwich Building Societies said on Monday that they are to merge this summer and will have combined assets in excess of 4.3 billion pounds ($7 billion).</p>
<p>Greenwich, Britain's 46th largest building society, said in a joint statement that its shareholders will vote on the merger on June 17 and that the intended merger date is July 30.  </p>
<p>Existing Greenwich investors and borrowers will be eligible to receive a bonus as part of the deal.</p>
<p>Qualifying investors will be entitled to a bonus of five percent gross on the balance of their account up to a maximum of 2,500 pounds, while qualifying borrowers will be entitled to a bonus of 200 pounds for each mortgaged property.</p>
<p>Portman said that after the planned building society conversions it will become the UK's sixth largest building society. It is currently the 10th largest with assets in excess of four billion pounds.</p>
<p>--London Newsroom +44 171 542 4019</p>
<p>($ = 0.615 British Pounds)</p>
</text>
<copyright>(c) Reuters Limited 1997</copyright>
<metadata>
<codes class="bip:countries:1.0">
  <code code="UK">
    <editdetail attribution="Reuters BIP Coding Group" action="confirmed" date="1997-05-12"/>
  </code>
</codes>
<codes class="bip:industries:1.0">
  <code code="I81501">
    <editdetail attribution="Reuters BIP Coding Group" action="confirmed" date="1997-05-12"/>
  </code>
  <code code="I8150103">
    <editdetail attribution="Reuters BIP Coding Group" action="confirmed" date="1997-05-12"/>
  </code>
</codes>
<codes class="bip:topics:1.0">
  <code code="C18">
    <editdetail attribution="Reuters BIP Coding Group" action="confirmed" date="1997-05-12"/>
  </code>
  <code code="C181">
    <editdetail attribution="Reuters BIP Coding Group" action="confirmed" date="1997-05-12"/>
  </code>
  <code code="CCAT">
    <editdetail attribution="Reuters BIP Coding Group" action="confirmed" date="1997-05-12"/>
  </code>
</codes>
<dc element="dc.date.created" value="1997-05-12"/>
<dc element="dc.publisher" value="Reuters Holdings Plc"/>
<dc element="dc.date.published" value="1997-05-12"/>
<dc element="dc.source" value="Reuters"/>
<dc element="dc.creator.location" value="LONDON"/>
<dc element="dc.creator.location.country.name" value="UK"/>
<dc element="dc.source" value="Reuters"/>
</metadata>
</newsitem>
