<?xml version="1.0" encoding="iso-8859-1" ?>
<newsitem itemid="575373" id="root" date="1997-05-12" xml:lang="en">
<title>UK: London LIFFE futures APT closing prices.</title>
<headline>London LIFFE futures APT closing prices.</headline>
<dateline>LONDON 1997-05-12</dateline>
<text>
<p>London International Financial Futures Exchange automated pit trading (APT) tabular details:</p>
<p>   CONTRACT (MONTH)	APT CLOSE  SETTLEMENT  PREVIOUS SETTLE</p>
<p>   LONG GILT (JUN) (1/32)   N/A	   114-14	   114-07</p>
<p>   SHORT STERLING (JUN)     N/A	    93.48	    93.45</p>
<p>   GERMAN GOVT BOND (JUN)   N/A	   102.27	   101.77</p>
<p>   EUROMARK (MAY)	     N/A	    96.83	    96.82</p>
<p>   ITALIAN GOVT BOND (JUN)  N/A	   129.72	   129.30</p>
<p>   EUROLIRA (JUN)	     N/A	    93.25	    93.24</p>
<p>   EUROSWISS (JUN)	    N/A	    98.24	    98.21</p>
<p>   FTSE 100 (JUN)	     N/A	 4,684.00	 4,651.00</p>
</text>
<copyright>(c) Reuters Limited 1997</copyright>
<metadata>
<codes class="bip:countries:1.0">
  <code code="UK">
    <editdetail attribution="Reuters BIP Coding Group" action="confirmed" date="1997-05-12"/>
  </code>
</codes>
<codes class="bip:topics:1.0">
  <code code="M12">
    <editdetail attribution="Reuters BIP Coding Group" action="confirmed" date="1997-05-12"/>
  </code>
  <code code="MCAT">
    <editdetail attribution="Reuters BIP Coding Group" action="confirmed" date="1997-05-12"/>
  </code>
</codes>
<dc element="dc.date.created" value="1997-05-12"/>
<dc element="dc.publisher" value="Reuters Holdings Plc"/>
<dc element="dc.date.published" value="1997-05-12"/>
<dc element="dc.source" value="Reuters"/>
<dc element="dc.creator.location" value="LONDON"/>
<dc element="dc.creator.location.country.name" value="UK"/>
<dc element="dc.source" value="Reuters"/>
</metadata>
</newsitem>
