<?xml version="1.0" encoding="iso-8859-1" ?>
<newsitem itemid="575394" id="root" date="1997-05-12" xml:lang="en">
<title>UK: Turkey gives investors delightful spread on bond.</title>
<headline>Turkey gives investors delightful spread on bond.</headline>
<byline>Hayley Pienaar</byline>
<dateline>LONDON 1997-05-12</dateline>
<text>
<p>Turkey paid investors generously to raise money on Monday in a bid to launch a successful transaction after a delayed deal.</p>
<p>Turkey's $300 million five-year offering was priced more generously than planned which led to healthy demand and the bond being increased, dealers said.</p>
<p>&quot;Turkey could have priced the deal much more tightly than it did, but wanted a successful transaction so was prepared to pay-up,&quot; a co-lead manager said, adding: &quot;Its very cheap and the spread will tighten.&quot;</p>
<p>Turkey was targeting a spread in the high 200 basis points over U.S. Treasury notes, but the bond was priced to yield 350 b.p. over the 6.625 percent April 2002 U.S. Treasury.</p>
<p>&quot;If Turkey had given any more yield to investors we might have thought it was a dog deal,&quot; a banker said, adding: &quot;Turkey does not have a natural dollar investor base so this is not cost-effective funding.&quot;</p>
<p>The bond pays a psychologically attractive coupon of 10.0 percent.</p>
<p>&quot;It is a nice coupon which will appeal to retail investors,&quot; a dealer said.</p>
<p>Bankers said they had sold their allotted paper to Turkish funds and private banks in Switzerland as well as into Benelux. Other said they sold paper to a mixture of accounts in Europe and the U.S.</p>
<p>Turkey held roadshows in key financial centres in Europe, Asia and the U.S. in April.</p>
<p>Joint lead managers for the transaction were JP Morgan and SBC Warburg.</p>
<p>&quot;It's a good result for Turkey and a big achievement to get a five-year bond,&quot; a syndicate manager said.</p>
<p>Dealers said Turkey's mark bonds had tightened significantly due to its large customer base in Germany.</p>
<p>International credit rating agencies recently cut Turkey's debt rating. Turkey is rated B1 by Moody's Investors Service and B by Standard &amp; Poor's.</p>
<p>Turkey was expected to issue a $250 million five-year Eurobond around mid-April, but the government postponed the deal, citing volatility in the U.S. Treasury market.</p>
<p>-- London Newsroom +44 171 542 7718</p>
</text>
<copyright>(c) Reuters Limited 1997</copyright>
<metadata>
<codes class="bip:countries:1.0">
  <code code="TURK">
    <editdetail attribution="Reuters BIP Coding Group" action="confirmed" date="1997-05-12"/>
  </code>
  <code code="UK">
    <editdetail attribution="Reuters BIP Coding Group" action="confirmed" date="1997-05-12"/>
  </code>
</codes>
<codes class="bip:topics:1.0">
  <code code="E21">
    <editdetail attribution="Reuters BIP Coding Group" action="confirmed" date="1997-05-12"/>
  </code>
  <code code="E212">
    <editdetail attribution="Reuters BIP Coding Group" action="confirmed" date="1997-05-12"/>
  </code>
  <code code="ECAT">
    <editdetail attribution="Reuters BIP Coding Group" action="confirmed" date="1997-05-12"/>
  </code>
  <code code="M12">
    <editdetail attribution="Reuters BIP Coding Group" action="confirmed" date="1997-05-12"/>
  </code>
  <code code="MCAT">
    <editdetail attribution="Reuters BIP Coding Group" action="confirmed" date="1997-05-12"/>
  </code>
</codes>
<dc element="dc.date.created" value="1997-05-12"/>
<dc element="dc.publisher" value="Reuters Holdings Plc"/>
<dc element="dc.date.published" value="1997-05-12"/>
<dc element="dc.source" value="Reuters"/>
<dc element="dc.creator.location" value="LONDON"/>
<dc element="dc.creator.location.country.name" value="UK"/>
<dc element="dc.source" value="Reuters"/>
</metadata>
</newsitem>
