<?xml version="1.0" encoding="iso-8859-1" ?>
<newsitem itemid="575374" id="root" date="1997-05-12" xml:lang="en">
<title>UK: IPE Brent crude ends firm as funds lead charge.</title>
<headline>IPE Brent crude ends firm as funds lead charge.</headline>
<dateline>LONDON 1997-05-12</dateline>
<text>
<p>IPE Brent crude futures closed sharply higher on Monday, benefitting from a surge in interest from fund buyers encouraged by a raft of mildly supportive fundamental news and bullish technical factors, dealers said.</p>
<p>&quot;It was a case of take your pick of fundamentals today but the charts were strong too and we saw increased fund interest,&quot; said a broker.</p>
<p>IPE June Brent closed 77 cents firmer at $19.70 a barrel, 19 cents off the day's high of $19.89, a level not beaten since March 26. A technical barrier at $19.90-$19.92 held, but only after resistance around $19.50 fell earlier in the session.</p>
<p>Weekend news of Iranian war games in the Gulf, coupled with talk of thin North Sea loading programmes for June and a fishermen's blockade of the Brent export terminal at Sullom Voe all conspired to push the market higher in early dealing.</p>
<p>A strong technical performance on NYMEX markets and robust buying from investment funds gave the rally a second wind in afternoon trade, dealers said.</p>
<p>Earlier, IPE gas oil also closed strongly, pulled higher by the strong performance on crude markets in both London and New York, dealers said.</p>
<p>June gas oil closed $6.25 firmer at $173.50 a tonne.</p>
<p>Gas oil sentiment was also lifted by a smaller than expected delivery into the May contract, which expired at midday.</p>
<p>A total of 97,100 tonnes of gas oil would be delivered into the contract, an IPE source said, significantly undercutting dealers pre-expiry estimates of between 200,000 and 500,000 tonnes.</p>
<p>--London Newsroom +44 171 542 7930</p>
</text>
<copyright>(c) Reuters Limited 1997</copyright>
<metadata>
<codes class="bip:countries:1.0">
  <code code="UK">
    <editdetail attribution="Reuters BIP Coding Group" action="confirmed" date="1997-05-12"/>
  </code>
</codes>
<codes class="bip:topics:1.0">
  <code code="M14">
    <editdetail attribution="Reuters BIP Coding Group" action="confirmed" date="1997-05-12"/>
  </code>
  <code code="M143">
    <editdetail attribution="Reuters BIP Coding Group" action="confirmed" date="1997-05-12"/>
  </code>
  <code code="MCAT">
    <editdetail attribution="Reuters BIP Coding Group" action="confirmed" date="1997-05-12"/>
  </code>
</codes>
<dc element="dc.date.created" value="1997-05-12"/>
<dc element="dc.publisher" value="Reuters Holdings Plc"/>
<dc element="dc.date.published" value="1997-05-12"/>
<dc element="dc.source" value="Reuters"/>
<dc element="dc.creator.location" value="LONDON"/>
<dc element="dc.creator.location.country.name" value="UK"/>
<dc element="dc.source" value="Reuters"/>
</metadata>
</newsitem>
