<?xml version="1.0" encoding="iso-8859-1" ?>
<newsitem itemid="575326" id="root" date="1997-05-12" xml:lang="en">
<title>HUNGARY: ICE SEC RATES HUNGARY ELECTRICITY FIRM ELMU AS BUY.</title>
<headline>ICE SEC RATES HUNGARY ELECTRICITY FIRM ELMU AS BUY.</headline>
<dateline>BUDAPEST 1997-05-12</dateline>
<text>
<p>London-based ICE Securities said that Elmu, the electricity distributor supplying Budapest, is potentially the most profitable of Hungary's regional distribution companies, rating its OTC-traded shares as &quot;buy.&quot;</p>
<p>&quot;Elmu... is the largest and potentially the most efficient and profitable among the electricity supply companies that can provide a simple, but effective portfolio hedge in a volatile Hungarian market,&quot; ICE's analyst Rudi Voros said in a report.</p>
<p>The analyst said he saw clear signs that Elmu's new management was unlocking the company's hidden potential through a rapid restructuring programme.</p>
<p>&quot;Therefore, Elmu is our number one choice of all the electricity supply companies that are coming to the market, and accordingly, we recommend purchases,&quot; he said in the report, dated May 7.</p>
<p>Elmu is 46.15 percent owned by the German consortium of RWE and EVS which paid a 75 percent premium above the face value for the stake.</p>
<p>On the Hungarian over-the-counter market Hungarian brokers publish bids and offers for Elmu shares at between 88 percent and 104 percent of the face value.</p>
<p>In 1996 Elmu posted a loss of 3.04 billion forints, caused partly by October's cancelled energy price rises.</p>
<p>&quot;Thus far the company's profitability has been negatively influenced by the de facto and the current quasi subsidisation of electricity prices,&quot; Voros said.</p>
<p>&quot;Despite the widely accepted perception that Elmu is the most advanced among the six electricity suppliers, in 1997 the company is certain to fall short of the eight percent return on equity which was promised by the government at the time of the first round of utility privatisation.&quot;</p>
<p>But for next year ICE expects a turn around in this respect.</p>
<p>&quot;We believe that the company should be earning an eight percent return by the end of 1998, by which time the major part of the restructuring process should be complete,&quot; Voros said.</p>
<p>&quot;Thereafter, we believe, the company will provide predictable but inflation-proof earnings growth...&quot;</p>
<p>ICE expects a net profit of 3.1 billion forints for 1997, six billion for 1998 and 7.3 billion for 1999.</p>
<p>-- Emese Bartha, Budapest newsroom +36 1 327-4040</p>
</text>
<copyright>(c) Reuters Limited 1997</copyright>
<metadata>
<codes class="bip:countries:1.0">
  <code code="HUNG">
    <editdetail attribution="Reuters BIP Coding Group" action="confirmed" date="1997-05-12"/>
  </code>
</codes>
<codes class="bip:industries:1.0">
  <code code="I16100">
    <editdetail attribution="Reuters BIP Coding Group" action="confirmed" date="1997-05-12"/>
  </code>
</codes>
<codes class="bip:topics:1.0">
  <code code="C15">
    <editdetail attribution="Reuters BIP Coding Group" action="confirmed" date="1997-05-12"/>
  </code>
  <code code="C152">
    <editdetail attribution="Reuters BIP Coding Group" action="confirmed" date="1997-05-12"/>
  </code>
  <code code="CCAT">
    <editdetail attribution="Reuters BIP Coding Group" action="confirmed" date="1997-05-12"/>
  </code>
</codes>
<dc element="dc.date.created" value="1997-05-12"/>
<dc element="dc.publisher" value="Reuters Holdings Plc"/>
<dc element="dc.date.published" value="1997-05-12"/>
<dc element="dc.source" value="Reuters"/>
<dc element="dc.creator.location" value="BUDAPEST"/>
<dc element="dc.creator.location.country.name" value="HUNGARY"/>
<dc element="dc.source" value="Reuters"/>
</metadata>
</newsitem>
