<?xml version="1.0" encoding="iso-8859-1" ?>
<newsitem itemid="575366" id="root" date="1997-05-12" xml:lang="en">
<title>UK: Guinness, GrandMet merger shakes stock market.</title>
<headline>Guinness, GrandMet merger shakes stock market.</headline>
<byline>Tim Farrand</byline>
<dateline>LONDON 1997-05-12</dateline>
<text>
<p>Guinness Plc and Grand Metropolitan Plc shook the stock market on Monday with surprise plans for a merger creating the world's seventh largest food and drink company, worth more than 23 billion pounds ($37 billion).</p>
<p>The merger will form the world's leading spirits and wine company, bringing together brands such as GrandMet's Smirnoff vodka, J&amp;B whisky and Bailey's with Guinness-owned Johnnie Walker and Bell's Scotch whisky and Gordon's gin.</p>
<p>GrandMet's strong U.S. food interests through Burger King and Pillsbury will be united with Guinness' brewing operations based around its world-famous stout ale.</p>
<p>Guinness shareholders will retain their shares in the renamed GMG under the deal. GrandMet shareholders will receive one GMG share for every GrandMet share they hold, leaving GrandMet shareholders with 52.7 percent of GMG.</p>
<p>In addition, shareholders will get a cash payout of at least 60 pence a share, totalling 2.4 billion pounds.</p>
<p>It means the Guinness name will disappear as a corporate identity after 248 years. Formed in Dublin in 1759, the brewer changed its name from Arthur Guinness &amp; Sons to Guinness Plc in 1985, the year before it launched a bid for spirits company Distillers Plc.</p>
<p>Shares in the two companies surged on the merger news as investors and analysts looked to cost savings from the deal, particularly in spirits, as well as the one-off cash handout. &quot;It makes total sense, there is virtually nothing that does not fit,&quot; said Dermot Carr, analyst at Nikko Europe.</p>
<p>On Friday's share prices, the combined value of the group was 20.61 billion pounds, making it the seventh largest food and drinks company worldwide and Britain's eighth-largest quoted company.</p>
<p>But the value of the deal was boosted to more than  23 billion pounds as GrandMet shares rose 89 pence to 604 after touching 613 and Guinness shares jumped 97-1/2 pence to 614 after a high of 625.</p>
<p>Based on the value of the &quot;junior partner&quot; in the deal -- Guinness in this case -- the merger is the 10th largest in history.</p>
<p>The two companies' chairmen, George Bull of GrandMet and Tony Greener of Guinness, have been friends, and friendly rivals, for years and said the deal was hatched out over dinner last month.</p>
<p>&quot;The discussions started because I invited Tony to dinner,&quot; Bull told Reuters Financial Television (RFTV).</p>
<p>Greener then went to Africa for a week where he mulled the idea over. Upon his return, the two men sat down to just three weeks of discussions culminating in one of the largest mergers in British history.</p>
<p>Bull said he did not expect the merger to face regulatory problems as it would give the group less than 10 percent of accessible world spirits markets.</p>
<p>&quot;We are entirely confident that we will be able to obtain the agreement of the regulatory authorities both here in Europe and also in the United States and elsewhere,&quot; he said.</p>
<p>The companies said they were convinced ther merger was in the best interests of all shareholders, although Bernard Arnault, chairman of French luxury goods and drinks group LVMH Moet Hennessy , which has a 14.2 percent stake in Guinness, voted against the deal as a non-executive director.</p>
<p>Arnault suggested an alternative which would involve a combination of the three spirits and wines businesses of GrandMet, Guinness and Moet Hennessy as an independent listed group. LVMH shares jumped some four percent to be quoted up 55 francs at 1433 on the merger news.</p>
<p>Bull will initially chair the new group jointly with Greener but will retire as planned in July 1998, leaving Greener as sole chairman. GrandMet's John McGrath will be chief executive, with the rest of the board made up of a balance of directors from both firms.</p>
<p>Bull said the move would, &quot;create a combined spirits and wine company which will truly be a world leader so it will be able to grow faster at that stage than either would be able to do on its own.&quot;</p>
<p>GMG Brands' four divisions will be United Distillers and Vintners (UDV), the combined spirits and wines business, Pillsbury, Burger King and Guinness Brewing Worldwide.</p>
<p>The merger gives Guinness an increased interest in North America through GrandMet's Pillsbury and Burger King food divisions, while GrandMet shareholders will benefit from the Guinness spirits business in emerging markets.</p>
<p>Pilsbury brands include Green Giant vegetables and Haagen-Dazs icecream. Guinness stout is one of the world's most widely distributed beers, brewed in 50 countries and sold in about 150.</p>
<p>The companies estimate savings of about 175 million pounds a year in the third year of trading through integrating the sales force around the world, pruning back at head offices and savings in production.</p>
<p>Analyst Colin Davies of Goldman Sachs called this estimate &quot;conservative&quot;, however, saying: &quot;There is clearly a very good brand fit, a good geographic fit.&quot;</p>
<p>GMG chief executive-elect McGrath told a news conference there would be aorund 2,000 job losses out of 20,000 employed in the companies' spirits business. The two firms empoy a total of 85,000 worldwide.</p>
<p>GrandMet brought forward its first-half results to coincide with the merger news. Pre-tax profit rose by 3.5 percent to 471 million pounds before charges.</p>
<p>($ = 0.615 British Pounds)</p>
</text>
<copyright>(c) Reuters Limited 1997</copyright>
<metadata>
<codes class="bip:countries:1.0">
  <code code="UK">
    <editdetail attribution="Reuters BIP Coding Group" action="confirmed" date="1997-05-12"/>
  </code>
</codes>
<codes class="bip:industries:1.0">
  <code code="I42400">
    <editdetail attribution="Reuters BIP Coding Group" action="confirmed" date="1997-05-12"/>
  </code>
  <code code="I42700">
    <editdetail attribution="Reuters BIP Coding Group" action="confirmed" date="1997-05-12"/>
  </code>
</codes>
<codes class="bip:topics:1.0">
  <code code="C18">
    <editdetail attribution="Reuters BIP Coding Group" action="confirmed" date="1997-05-12"/>
  </code>
  <code code="C181">
    <editdetail attribution="Reuters BIP Coding Group" action="confirmed" date="1997-05-12"/>
  </code>
  <code code="CCAT">
    <editdetail attribution="Reuters BIP Coding Group" action="confirmed" date="1997-05-12"/>
  </code>
</codes>
<dc element="dc.date.created" value="1997-05-12"/>
<dc element="dc.publisher" value="Reuters Holdings Plc"/>
<dc element="dc.date.published" value="1997-05-12"/>
<dc element="dc.source" value="Reuters"/>
<dc element="dc.creator.location" value="LONDON"/>
<dc element="dc.creator.location.country.name" value="UK"/>
<dc element="dc.source" value="Reuters"/>
</metadata>
</newsitem>
