<?xml version="1.0" encoding="iso-8859-1" ?>
<newsitem itemid="575371" id="root" date="1997-05-12" xml:lang="en">
<title>UK: Buba could lose $2.0 bln/yr in EMU shareout-report.</title>
<headline>Buba could lose $2.0 bln/yr in EMU shareout-report.</headline>
<dateline>LONDON 1997-05-12</dateline>
<text>
<p>Germany's Bundesbank risks losing $2.0 billion a year after European monetary union as the profits of the planned European System of Central Banks (ESCB) are shared out, a British financial journal said on Tuesday.</p>
<p>France, however, stands to gain up to $1.4 billion annually, while Britain -- if it joins EMU -- would benefit by $1.6 billion, said monetary policy quarterly Central Banking.</p>
<p>&quot;Germany has such a large share of the monetary base and won't have such a large share of the shareholding of the EMI,&quot; said Neil Courtis, the author of the report.  </p>
<p>The EMI (European Central Bank) is the forerunner to the European Central Bank (ECB).</p>
<p>The Maastricht Treaty calls for central profits to be divided by shareholdings in the ECB, according to the following formula -- 50 percent for share of EU population and 50 percent for share of EU GDP.</p>
<p>Central Banking's calculations showed Germany would have a 28 percent shareholding in a 12-member ECB, while its monetary base -- cash in circulation plus credit institutions' deposits with the central bank -- would total around $202 billion, or 41.95 percent of the European monetary base.  </p>
<p>France has a monetary base of over $56 billion, or 11.7 percent of the European total, with an ECB shareholding of 21 percent. Britain's shareholding is 19 percent, but its $41 billion monetary base represents just 8.5 percent of the total, the report said.</p>
<p>Sweden, the Netherlands, Austria and Spain would lose out, while the redistribution would benefit Portugal, Belgium, Finland and Luxembourg and prove neutral for Ireland.</p>
<p>Most of a central bank's profits come from &quot;seignorage,&quot; a term describing the money they make from printing banknotes.  </p>
<p>According to the Maastricht Treaty, the seignorage revenue, or monetary income, of central banks locked into the single currency will be pooled and redistributed according to their shareholdings in the European Central Bank, the report said.</p>
<p>Until Europe's central banks standardise their balance sheets, a bank's monetary income and thus its contribution to the pool will be calculated by adding up its monetary base and applying to it a &quot;pre-determined rate of income,&quot; Courtis wrote.</p>
<p>Though the EMI had not yet finalised the methodology for calculating the rate, a modest 3.1 percent rate would be a conveniently low assumption, he said.  </p>
<p>Even at such a modest rate, Germany would lose more than $2.0 billion a year.</p>
<p>&quot;The problem for Germany is stark: in a European Central Bank of 12 (members), they will have 42 percent of the monetary base, but only a 28 percent shareholding,&quot; said Courtis.</p>
<p>&quot;No matter how the technicians try to refine their models, the Bundesbank must eventually lose out.&quot;</p>
<p>-- Abigail Levene, London Newsroom +44-171-542-8968</p>
</text>
<copyright>(c) Reuters Limited 1997</copyright>
<metadata>
<codes class="bip:countries:1.0">
  <code code="EEC">
    <editdetail attribution="Reuters BIP Coding Group" action="confirmed" date="1997-05-12"/>
  </code>
  <code code="FRA">
    <editdetail attribution="Reuters BIP Coding Group" action="confirmed" date="1997-05-12"/>
  </code>
  <code code="GFR">
    <editdetail attribution="Reuters BIP Coding Group" action="confirmed" date="1997-05-12"/>
  </code>
  <code code="UK">
    <editdetail attribution="Reuters BIP Coding Group" action="confirmed" date="1997-05-12"/>
  </code>
</codes>
<codes class="bip:topics:1.0">
  <code code="E12">
    <editdetail attribution="Reuters BIP Coding Group" action="confirmed" date="1997-05-12"/>
  </code>
  <code code="ECAT">
    <editdetail attribution="Reuters BIP Coding Group" action="confirmed" date="1997-05-12"/>
  </code>
  <code code="G15">
    <editdetail attribution="Reuters BIP Coding Group" action="confirmed" date="1997-05-12"/>
  </code>
  <code code="G151">
    <editdetail attribution="Reuters BIP Coding Group" action="confirmed" date="1997-05-12"/>
  </code>
  <code code="G154">
    <editdetail attribution="Reuters BIP Coding Group" action="confirmed" date="1997-05-12"/>
  </code>
  <code code="GCAT">
    <editdetail attribution="Reuters BIP Coding Group" action="confirmed" date="1997-05-12"/>
  </code>
</codes>
<dc element="dc.date.created" value="1997-05-12"/>
<dc element="dc.publisher" value="Reuters Holdings Plc"/>
<dc element="dc.date.published" value="1997-05-12"/>
<dc element="dc.source" value="Reuters"/>
<dc element="dc.creator.location" value="LONDON"/>
<dc element="dc.creator.location.country.name" value="UK"/>
<dc element="dc.source" value="Reuters"/>
</metadata>
</newsitem>
