<?xml version="1.0" encoding="iso-8859-1" ?>
<newsitem itemid="575404" id="root" date="1997-05-12" xml:lang="en">
<title>UK: London shipsales.</title>
<headline>London shipsales.</headline>
<dateline>LONDON 1997-05-12</dateline>
<text>
<p>Secondhand tonnage brokers reported the sale of the following vessels.</p>
<p>Some of these sales may not be final as they may be subject to survey, inspection or other conditions.</p>
<p>BULKERS.</p>
<p>Lotte L - (built 1979) 25,118 dwt sold to south American buyers for $6.1 million.</p>
<p>Roubini - (built 1982) 18,494 dwt sold to South Korean buyers for $4.5 million.</p>
</text>
<copyright>(c) Reuters Limited 1997</copyright>
<metadata>
<codes class="bip:countries:1.0">
  <code code="UK">
    <editdetail attribution="Reuters BIP Coding Group" action="confirmed" date="1997-05-12"/>
  </code>
</codes>
<codes class="bip:topics:1.0">
  <code code="M14">
    <editdetail attribution="Reuters BIP Coding Group" action="confirmed" date="1997-05-12"/>
  </code>
  <code code="MCAT">
    <editdetail attribution="Reuters BIP Coding Group" action="confirmed" date="1997-05-12"/>
  </code>
</codes>
<dc element="dc.date.created" value="1997-05-12"/>
<dc element="dc.publisher" value="Reuters Holdings Plc"/>
<dc element="dc.date.published" value="1997-05-12"/>
<dc element="dc.source" value="Reuters"/>
<dc element="dc.creator.location" value="LONDON"/>
<dc element="dc.creator.location.country.name" value="UK"/>
<dc element="dc.source" value="Reuters"/>
</metadata>
</newsitem>
