<?xml version="1.0" encoding="iso-8859-1" ?>
<newsitem itemid="575430" id="root" date="1997-05-12" xml:lang="en">
<title>UK: EU raises high quality soft wheat import duty.</title>
<headline>EU raises high quality soft wheat import duty.</headline>
<dateline>LONDON 1997-05-12</dateline>
<text>
<p>The European Union will on Tuesday raise the duty on transatlatic imports of high quality soft wheat to 19.75 Ecus a tonne, from 14.01 Ecus, European Commission figures showed.</p>
<p>Duties on nearby high quality soft wheat imports will rise to 29.75 Ecus a tonne, from 24.01 Ecus.</p>
<p>Import duties on other categories of cereals were unchanged.  </p>
<p>			 EU GRAIN IMPORT TARIFFS</p>
<p>		   EFFECTIVE FROM MAY 13 IN ECUS PER TONNE</p>
<p>		     NEARBY ORIGIN (1)   DISTANT ORIGIN (2)  DATE OF</p>
<p>		     CURRENT    PREVIOUS CURRENT    PVS	CHANGE</p>
<p> DURUM WHEAT	   4.90    2.27     0.00	 0.00    01MAY97</p>
<p> COM WHT HIGH QUAL  29.75   24.01    19.75	14.01    13MAY97</p>
<p> MEDIUM QUALITY     29.45   23.03    19.45	13.03    03MAY97</p>
<p> LOW QUALITY	  46.82   48.55    36.82	38.55    01MAY97</p>
<p> BARLEY		 78.87   76.38    68.87	66.38    01MAY97</p>
<p> RYE		    78.87   76.38    68.87	66.38    01MAY97</p>
<p> SORGHUM		78.87   76.38    68.87	66.38    01MAY97</p>
<p> MAIZE		  83.10   80.06    73.10	70.06    01MAY97</p>
<p>	 EXCHANGE	 KANSAS			   MID     MID</p>
<p>	 MINNEAPOLIS    CITY   CHICAGO   CHICAGO   AMERICA AMERICA</p>
<p>PRODUCTS PERCENT PROTEIN AND 12 PERCENT HUMIDITY</p>
<p>	 HRS2(14%) HRW2(11.5%)  SRW2     YC3     HAD2   US BARLEY2</p>
<p>	 (ECUS PER TONNE)</p>
<p> QUOTES  139.65    147.96    137.03  102.39   177.08*   103.11*</p>
<p> GULF	-	  17.16     10.32    8.69	 -	  -</p>
<p> GREAT    13.77	 -	   -	 -	   -	  -</p>
<p>LAKES</p>
<p>GULF OF MEXICO-ROTTERDAM 12.12 ECUS PER TONNE</p>
<p> GREAT LAKES-ROTTERDAM    23.51 ECUS PER TONNE</p>
<p>*FOB DULUTH</p>
<p>(1) Nearby origin covers imports by land, river or sea from Mediterranean, Black Sea and Baltic ports. (2) Distant origin covers other ports. The import duty may be adjusted if during the two-week reference period the average import duty differs by five Ecus per tonne from the fixed duty. Importers may claim a two Ecus per tonne reduction for Atlantic and Suez canal shipments to British, Danish, Swedish, Finnish and to Spanish and Portuguese Atlantic ports. A three Ecus per tonne reduction can be claimed for imports into Med ports. Importers who show they have paid a quality premium can claim a 14 or eight Ecus reduction for shipments of high quality common wheat, malting barley and flint maize.</p>
</text>
<copyright>(c) Reuters Limited 1997</copyright>
<metadata>
<codes class="bip:countries:1.0">
  <code code="EEC">
    <editdetail attribution="Reuters BIP Coding Group" action="confirmed" date="1997-05-12"/>
  </code>
  <code code="UK">
    <editdetail attribution="Reuters BIP Coding Group" action="confirmed" date="1997-05-12"/>
  </code>
</codes>
<codes class="bip:industries:1.0">
  <code code="I01001">
    <editdetail attribution="Reuters BIP Coding Group" action="confirmed" date="1997-05-12"/>
  </code>
  <code code="I0100132">
    <editdetail attribution="Reuters BIP Coding Group" action="confirmed" date="1997-05-12"/>
  </code>
</codes>
<codes class="bip:topics:1.0">
  <code code="C31">
    <editdetail attribution="Reuters BIP Coding Group" action="confirmed" date="1997-05-12"/>
  </code>
  <code code="C311">
    <editdetail attribution="Reuters BIP Coding Group" action="confirmed" date="1997-05-12"/>
  </code>
  <code code="CCAT">
    <editdetail attribution="Reuters BIP Coding Group" action="confirmed" date="1997-05-12"/>
  </code>
  <code code="G15">
    <editdetail attribution="Reuters BIP Coding Group" action="confirmed" date="1997-05-12"/>
  </code>
  <code code="G153">
    <editdetail attribution="Reuters BIP Coding Group" action="confirmed" date="1997-05-12"/>
  </code>
  <code code="GCAT">
    <editdetail attribution="Reuters BIP Coding Group" action="confirmed" date="1997-05-12"/>
  </code>
  <code code="M14">
    <editdetail attribution="Reuters BIP Coding Group" action="confirmed" date="1997-05-12"/>
  </code>
  <code code="M141">
    <editdetail attribution="Reuters BIP Coding Group" action="confirmed" date="1997-05-12"/>
  </code>
  <code code="MCAT">
    <editdetail attribution="Reuters BIP Coding Group" action="confirmed" date="1997-05-12"/>
  </code>
</codes>
<dc element="dc.date.created" value="1997-05-12"/>
<dc element="dc.publisher" value="Reuters Holdings Plc"/>
<dc element="dc.date.published" value="1997-05-12"/>
<dc element="dc.source" value="Reuters"/>
<dc element="dc.creator.location" value="LONDON"/>
<dc element="dc.creator.location.country.name" value="UK"/>
<dc element="dc.source" value="Reuters"/>
</metadata>
</newsitem>
