<?xml version="1.0" encoding="iso-8859-1" ?>
<newsitem itemid="575422" id="root" date="1997-05-12" xml:lang="en">
<title>UK: Anglo-French safety authority report due Tuesday.</title>
<headline>Anglo-French safety authority report due Tuesday.</headline>
<dateline>LONDON 1997-05-12</dateline>
<text>
<p>The Anglo-French Channel Tunnel Safety Authority is due on Tuesday to publish its final report into last November's fire which swept through a main tunnel creating tens of millions of pounds of damage.</p>
<p>A spokesman for the British Department of Transport said the report would be published in London at 0930 GMT on Tuesday.</p>
<p>Eurotunnel Plc, the Channel Tunnel operator, recently said it was confident the CTSA report would clear the design of its latticed freight wagons.</p>
<p>If the design of the wagons is cleared by the CTSA, Eurotunnel will be free to resume freight services in mid-June as planned. Analysts do not expect the authority to rule against the design of the freight wagons -- a move which would be a huge setback for Eurotunnel resulting in a hefty bill for redesign and further loss of freight revenue.</p>
<p>Eurotunnel shut down its freight services after last November's blaze which resulted in lorry drivers being taken to hospital for treatment. Eurotunnel's own internal inquiry cleared its equipment of any fault but admitted to &quot;avoidable delays&quot; in tackling the fire.</p>
<p>But the Kent Fire Brigade, involved in the CTSA inquiry, has been loud in its criticism of the design of Eurotunnel's freight wagons -- claiming their lattice-work design created a blow-torch effect once the fire was underway. It has argued for a re-design.</p>
<p>The outcome of the CTSA report will be crucial not just to getting services back on track but also to getting shareholders' and banking syndicate approval for Eurotunnel's debt restructuring which was recently approved by the lead lending banks.</p>
<p>The prospectus for the debt deal is due to go out to shareholders before the end of May making a positive CTSA report integral to the company's survival.</p>
</text>
<copyright>(c) Reuters Limited 1997</copyright>
<metadata>
<codes class="bip:countries:1.0">
  <code code="FRA">
    <editdetail attribution="Reuters BIP Coding Group" action="confirmed" date="1997-05-12"/>
  </code>
  <code code="UK">
    <editdetail attribution="Reuters BIP Coding Group" action="confirmed" date="1997-05-12"/>
  </code>
</codes>
<codes class="bip:industries:1.0">
  <code code="I71000">
    <editdetail attribution="Reuters BIP Coding Group" action="confirmed" date="1997-05-12"/>
  </code>
</codes>
<codes class="bip:topics:1.0">
  <code code="C13">
    <editdetail attribution="Reuters BIP Coding Group" action="confirmed" date="1997-05-12"/>
  </code>
  <code code="C24">
    <editdetail attribution="Reuters BIP Coding Group" action="confirmed" date="1997-05-12"/>
  </code>
  <code code="CCAT">
    <editdetail attribution="Reuters BIP Coding Group" action="confirmed" date="1997-05-12"/>
  </code>
  <code code="GCAT">
    <editdetail attribution="Reuters BIP Coding Group" action="confirmed" date="1997-05-12"/>
  </code>
  <code code="GDIS">
    <editdetail attribution="Reuters BIP Coding Group" action="confirmed" date="1997-05-12"/>
  </code>
</codes>
<dc element="dc.date.created" value="1997-05-12"/>
<dc element="dc.publisher" value="Reuters Holdings Plc"/>
<dc element="dc.date.published" value="1997-05-12"/>
<dc element="dc.source" value="Reuters"/>
<dc element="dc.creator.location" value="LONDON"/>
<dc element="dc.creator.location.country.name" value="UK"/>
<dc element="dc.source" value="Reuters"/>
</metadata>
</newsitem>
