<?xml version="1.0" encoding="iso-8859-1" ?>
<newsitem itemid="575433" id="root" date="1997-05-12" xml:lang="en">
<title>UK: Rally by gold struggles at $350 barrier.</title>
<headline>Rally by gold struggles at $350 barrier.</headline>
<dateline>LONDON 1997-05-12</dateline>
<text>
<p>Gold struggled to break above the threshold of $350 an ounce in a strong rally on Monday while prices for platinum and palladium also advanced, despite news that Russia may be near to resuming delayed exports.</p>
<p>Gold was fixed on Monday afternoon in London unchanged from the morning at $348.20 an ounce.</p>
<p>But gains in New York Comex gold futures later gave the market another kick to challenge $350, a one-month high, with gains totalling $7.50 from Friday.</p>
<p>The fall in the dollar against the yen to a four-year low of 118 shifted interest from currencies into gold.</p>
<p>Platinum was indicated at $398.05/$399.05 an ounce, its highest since February 28 and $12.05 up on the day. Palladium set a fresh two-year high of $175.65, up $10.15.</p>
<p>Both rose after a knee jerk downward reaction to a news that a Russian official had said a decree allowing resumed shipments to key importer Japan had been signed.</p>
<p>The forward market remained gripped by a liquidity squeeze, dealers explained.</p>
<p>&quot;I don't think it will have a long lasting effect,  just simply putting to right situations of physical agreement between Japan and Russia,&quot; said one.</p>
<p>He said there were concerns that Russian stockpiles might be less than initially thought and added, &quot;I don't think we're going to see a huge correction on the downside, not unless the liquidity returns to normal.&quot;</p>
<p>One-month lease rates for palladium were quoted at a substantial 25 percent. Platinum was lent at 14 percent.</p>
<p>Vladimir Rykbin, head of the precious metals department at the Russian Finance Ministry, said the export decree &quot;has definitely been signed&quot; but that he did not know when long-delayed talks with Japanese buyers would resume.</p>
<p>Analysts said once 1997 contracts were negotiated with key buyer Japan prices would ease, but not dramatically.</p>
<p>&quot;It is possible that huge amount of fund interest in the market these days will keep palladium prices in the $150-$155 an ounce area,&quot; said Ted Arnold, metals analyst at Merrill Lynch.</p>
<p>Gold at close to $350 an ounce was approaching territory in which producers may release pent-up sales, analysts said.</p>
<p>A trader recalled that much recent selling in gold had been psychological, in anticipation of central bank sales.</p>
<p>&quot;After the depressing mood earlier this year, it will take a lot of interest to get back up to the $360s,&quot; said the dealer.</p>
<p>-- Clelia Oziel, London Newsroom +44-171-542 8071</p>
</text>
<copyright>(c) Reuters Limited 1997</copyright>
<metadata>
<codes class="bip:countries:1.0">
  <code code="UK">
    <editdetail attribution="Reuters BIP Coding Group" action="confirmed" date="1997-05-12"/>
  </code>
</codes>
<codes class="bip:topics:1.0">
  <code code="M14">
    <editdetail attribution="Reuters BIP Coding Group" action="confirmed" date="1997-05-12"/>
  </code>
  <code code="M142">
    <editdetail attribution="Reuters BIP Coding Group" action="confirmed" date="1997-05-12"/>
  </code>
  <code code="MCAT">
    <editdetail attribution="Reuters BIP Coding Group" action="confirmed" date="1997-05-12"/>
  </code>
</codes>
<dc element="dc.date.created" value="1997-05-12"/>
<dc element="dc.publisher" value="Reuters Holdings Plc"/>
<dc element="dc.date.published" value="1997-05-12"/>
<dc element="dc.source" value="Reuters"/>
<dc element="dc.creator.location" value="LONDON"/>
<dc element="dc.creator.location.country.name" value="UK"/>
<dc element="dc.source" value="Reuters"/>
</metadata>
</newsitem>
