<?xml version="1.0" encoding="iso-8859-1" ?>
<newsitem itemid="688182" id="root" date="1997-06-26" xml:lang="en">
<title>USA: United Dominion Realty in 5 property deals.</title>
<headline>United Dominion Realty in 5 property deals.</headline>
<dateline>RICHMOND, Va. 1997-06-26</dateline>
<text>
<p>United Dominion Realty Trust Inc said Thursday it bought three apartment communities for about $30.2 million and sold two other properties for $14.7 million.</p>
<p>The trust bought a 274-home apartment property in Tampa, Fla., where it plans to initially spend about $1 million for upkeep. United Dominion also bought a 304-home community in Dallas and a 272-home community in Houston.  </p>
<p>United Dominion said it sold a 544-home apartment community in Houston and a 188,000 square-feet shopping center in Hampton, Va., for a $3 million capital gain. It said it would defer the gain for income tax purposes.</p>
<p>The trust also said it completed the $4.6 million construction and lease-up of 80 homes in Euless, a suburb of Dallas.</p>
<p>Shares in United Dominion Realty fell 3/16 to 14-9/16.</p>
<p>((New York Newsdesk 212 859 1610))</p>
</text>
<copyright>(c) Reuters Limited 1997</copyright>
<metadata>
<codes class="bip:countries:1.0">
  <code code="USA">
    <editdetail attribution="Reuters BIP Coding Group" action="confirmed" date="1997-06-26"/>
  </code>
</codes>
<codes class="bip:industries:1.0">
  <code code="I81502">
    <editdetail attribution="Reuters BIP Coding Group" action="confirmed" date="1997-06-26"/>
  </code>
  <code code="I8150206">
    <editdetail attribution="Reuters BIP Coding Group" action="confirmed" date="1997-06-26"/>
  </code>
  <code code="I85000">
    <editdetail attribution="Reuters BIP Coding Group" action="confirmed" date="1997-06-26"/>
  </code>
  <code code="I8500031">
    <editdetail attribution="Reuters BIP Coding Group" action="confirmed" date="1997-06-26"/>
  </code>
</codes>
<codes class="bip:topics:1.0">
  <code code="C18">
    <editdetail attribution="Reuters BIP Coding Group" action="confirmed" date="1997-06-26"/>
  </code>
  <code code="C182">
    <editdetail attribution="Reuters BIP Coding Group" action="confirmed" date="1997-06-26"/>
  </code>
  <code code="CCAT">
    <editdetail attribution="Reuters BIP Coding Group" action="confirmed" date="1997-06-26"/>
  </code>
</codes>
<dc element="dc.date.created" value="1997-06-26"/>
<dc element="dc.publisher" value="Reuters Holdings Plc"/>
<dc element="dc.date.published" value="1997-06-26"/>
<dc element="dc.source" value="Reuters"/>
<dc element="dc.creator.location" value="RICHMOND, Va."/>
<dc element="dc.creator.location.country.name" value="USA"/>
<dc element="dc.source" value="Reuters"/>
</metadata>
</newsitem>
