<?xml version="1.0" encoding="iso-8859-1" ?>
<newsitem itemid="688159" id="root" date="1997-06-26" xml:lang="en">
<title>CANADA: TrizecHahn closes deal to lease CN Tower.</title>
<headline>TrizecHahn closes deal to lease CN Tower.</headline>
<dateline>TORONTO 1997-06-26</dateline>
<text>
<p>TrizecHahn Corp on Thursday said it closed its agreement with the Canadian government to lease Toronto's landmark CN Tower.</p>
<p>The Toronto-based real estate company said the transaction is valued at C$108 million, including C$46 million paid at the closing and the present value of future lease payments.</p>
<p>TrizecHahn also said it intends to begin a C$20 million renovation of the tower this October. The renovations include adding interactive entertainment, improving the food and retail outlets at the base, streamlining entrances and redesigning the base's interior.  </p>
<p>Under the final agreement, TrizecHahn will lease the CN Tower for an initial 40-year period with two 15-year renewal options. The company has also acquired 151 Front Street, a 250,000-square-foot mixed-use building and SkyWalk, an enclosed pedestrian walkway linking Toronto's Union Station and the CN Tower.</p>
<p>When negotiations on the agreement were made public in March, TrizecHahn said it would operate the tower for an initial 35 years with two 15-year renewal options.</p>
<p>TrizecHahn President Gregory Wilkins said in a statement that the tower represented an outstanding opportunity and the company planned to capitalize on the six million tourists who visited the area each year.</p>
<p>TrizecHahn shares fell 0.20 to 30.40 in late afternoon trading on the Toronto Stock Exchange. The company's shares closed at an all-time high in Toronto of 33.30 on February 11.</p>
<p>((Jeffrey Hodgson (416) 941-8105, e-mail: jeffrey.hodgson@reuters.com))</p>
</text>
<copyright>(c) Reuters Limited 1997</copyright>
<metadata>
<codes class="bip:countries:1.0">
  <code code="CANA">
    <editdetail attribution="Reuters BIP Coding Group" action="confirmed" date="1997-06-26"/>
  </code>
</codes>
<codes class="bip:industries:1.0">
  <code code="I85000">
    <editdetail attribution="Reuters BIP Coding Group" action="confirmed" date="1997-06-26"/>
  </code>
</codes>
<codes class="bip:topics:1.0">
  <code code="C24">
    <editdetail attribution="Reuters BIP Coding Group" action="confirmed" date="1997-06-26"/>
  </code>
  <code code="C33">
    <editdetail attribution="Reuters BIP Coding Group" action="confirmed" date="1997-06-26"/>
  </code>
  <code code="CCAT">
    <editdetail attribution="Reuters BIP Coding Group" action="confirmed" date="1997-06-26"/>
  </code>
</codes>
<dc element="dc.date.created" value="1997-06-26"/>
<dc element="dc.publisher" value="Reuters Holdings Plc"/>
<dc element="dc.date.published" value="1997-06-26"/>
<dc element="dc.source" value="Reuters"/>
<dc element="dc.creator.location" value="TORONTO"/>
<dc element="dc.creator.location.country.name" value="CANADA"/>
<dc element="dc.source" value="Reuters"/>
</metadata>
</newsitem>
