<?xml version="1.0" encoding="iso-8859-1" ?>
<newsitem itemid="688197" id="root" date="1997-06-26" xml:lang="en">
<title>USA: Stage Stores acquires C.R. Anthony.</title>
<headline>Stage Stores acquires C.R. Anthony.</headline>
<dateline>HOUSTON 1997-06-26</dateline>
<text>
<p>Stage Stores Inc said Thursday that it completed the previously announced acquisition of C.R. Anthony Co, a specialty retailer of private and branded apparel with 246 stores in southwestern and Rocky Mountain states.</p>
<p>As a result, Stage Stores said it increases its strong presence in small towns throughout the central United States to 577 stores.</p>
<p>The total value of the transaction, including assumed debt, is about $92.0 million, Stage Stores said.</p>
<p>About 3.61 million shares of Stage Stores common stock were exchanged for all of the outstanding shares of C.R. Anthony common stock, ,or 0.3992 shares of Stage stock for each share of C.R. Anthony stock, Stage Stores said.</p>
<p>The exchange ratio was determined using a formula based on the average closing price of Stage stock for ten randomly selected days out of a twenty trading day period ended June 19, which valued each share of Stage stock at $20.04 per share.</p>
</text>
<copyright>(c) Reuters Limited 1997</copyright>
<metadata>
<codes class="bip:countries:1.0">
  <code code="USA">
    <editdetail attribution="Reuters BIP Coding Group" action="confirmed" date="1997-06-26"/>
  </code>
</codes>
<codes class="bip:industries:1.0">
  <code code="I64500">
    <editdetail attribution="Reuters BIP Coding Group" action="confirmed" date="1997-06-26"/>
  </code>
</codes>
<codes class="bip:topics:1.0">
  <code code="C18">
    <editdetail attribution="Reuters BIP Coding Group" action="confirmed" date="1997-06-26"/>
  </code>
  <code code="C181">
    <editdetail attribution="Reuters BIP Coding Group" action="confirmed" date="1997-06-26"/>
  </code>
  <code code="CCAT">
    <editdetail attribution="Reuters BIP Coding Group" action="confirmed" date="1997-06-26"/>
  </code>
</codes>
<dc element="dc.date.created" value="1997-06-26"/>
<dc element="dc.publisher" value="Reuters Holdings Plc"/>
<dc element="dc.date.published" value="1997-06-26"/>
<dc element="dc.source" value="Reuters"/>
<dc element="dc.creator.location" value="HOUSTON"/>
<dc element="dc.creator.location.country.name" value="USA"/>
<dc element="dc.source" value="Reuters"/>
</metadata>
</newsitem>
