<?xml version="1.0" encoding="iso-8859-1" ?>
<newsitem itemid="688265" id="root" date="1997-06-26" xml:lang="en">
<title>USA: US OPTIONS FOCUS/Talk of a market top emerging.</title>
<headline>US OPTIONS FOCUS/Talk of a market top emerging.</headline>
<dateline>CHICAGO 1997-06-26</dateline>
<text>
<p>U.S. stocks continued their choppy ways Thursday, keeping major index option volatilities pumped up, and talk of a market top was beginning to emerge.</p>
<p>By about 1245 CDT/1745 GMT, the Dow industrial average .DJI was down 41 points at 7,649. The average had traded in a 100-point range.</p>
<p>On Wednesday, the blue chip measure lost 68 points after rallying 75.</p>
<p>It slumped 192 points Monday only to recover 154 Tuesday.  </p>
<p>Christopher Cadbury, who publishes a daily market letter, said equity put/call ratios at the Chicago Board Options Exchange and American Stock Exchange have recently reached what he called market-topping levels.</p>
<p>&quot;About three times as many calls were trading as puts on equities,&quot; he said, adding that the ratio remained high through much of Wednesday's session before the market reversed course and headed down.</p>
<p>At the CBOE, equity call volume was 177,386 compared to put volume of 84,957 in early afternoon despite the market's selloff.  </p>
<p>Among index options, put volume held a narrow lead over call volume. Puts led calls by 20,947 to 14,970 in the S&amp;P 100 index .OEX and by 17,652 to 12,893 in the S&amp;P 500 .SPX.</p>
<p>&quot;Most (market) tops are made over a period of time,&quot; Cadbury said. &quot;You go into a trading range and then you come down.</p>
<p>&quot;So I would expect the market to flatten out here and even perhaps rally a bit before it goes lower,&quot; he added.</p>
<p>Any rally would likely fail at the highs, with 7,800 on the Dow the key level.  </p>
<p>Cadbury noted that the Dow penetrated 7,800 three times last week but failed to close above that level and repeated the pattern Wednesday.</p>
<p>Timothy Ord, publisher of the daily Ord Oracle, said his analysis of a candlestick chart of September S&amp;P 500 futures indicated a short-term top or consolidation was in place but that longer term the market remained in good shape.</p>
<p>&quot;We've probably hit a month-long consolidation at least, with support at 870 and resistance at 910,&quot; he said.</p>
<p>Thursday afternoon, September S&amp;P 500 futures were up 1.45 at 897.70 after dropping to 890.50 intraday.  </p>
<p>He said a trendline connecting the February 19 and May 27 highs comes into play around 873.</p>
<p>&quot;Until we break that line at 873 decisively, I think we're just in a trading range,&quot; Ord said.</p>
<p>((Gregory Crawford, 312 408 8750))</p>
<p>E-mail: derivatives@reuters.com</p>
</text>
<copyright>(c) Reuters Limited 1997</copyright>
<metadata>
<codes class="bip:countries:1.0">
  <code code="USA">
    <editdetail attribution="Reuters BIP Coding Group" action="confirmed" date="1997-06-26"/>
  </code>
</codes>
<codes class="bip:topics:1.0">
  <code code="M11">
    <editdetail attribution="Reuters BIP Coding Group" action="confirmed" date="1997-06-26"/>
  </code>
  <code code="MCAT">
    <editdetail attribution="Reuters BIP Coding Group" action="confirmed" date="1997-06-26"/>
  </code>
</codes>
<dc element="dc.date.created" value="1997-06-26"/>
<dc element="dc.publisher" value="Reuters Holdings Plc"/>
<dc element="dc.date.published" value="1997-06-26"/>
<dc element="dc.source" value="Reuters"/>
<dc element="dc.creator.location" value="CHICAGO"/>
<dc element="dc.creator.location.country.name" value="USA"/>
<dc element="dc.source" value="Reuters"/>
</metadata>
</newsitem>
