<?xml version="1.0" encoding="iso-8859-1" ?>
<newsitem itemid="688294" id="root" date="1997-06-26" xml:lang="en">
<title>USA: Jack Henry sets acquisition, sees gains.</title>
<headline>Jack Henry sets acquisition, sees gains.</headline>
<dateline>MONETT, Mo. 1997-06-26</dateline>
<text>
<p>Jack Henry &amp; Associates Inc, which sells computer software and hardware to community banks, said Thursday it had agreed to acquire GG Pulley &amp; Associates Inc, an Albuquerque, N.M.-based provider of products and services to financial institutions.</p>
<p>Jack Henry said it expects GG Pulley to add $0.01 to $0.04 per share to its fiscal 1998 earnings, on revenues exceeding $6 million.</p>
<p>The $5 million stock transaction will be accounted for as a pooling of interests, it said.</p>
<p>The transaction is expected to be closed within two to three weeks, it said in a news release.</p>
<p>GG Pulley was profitable with $6 million in revenue for the year ended December 31, 1996.</p>
<p>Jack Henry said the acquisition will enable it to sell item processing software outside its customer base and provide additional resources and expertise to further expand its current products.</p>
<p>Jack Henry provides integrated computer systems and ATM networking products for banks and other financial institutions.</p>
<p>((--Chicago Newsdesk 312 408 8787))</p>
</text>
<copyright>(c) Reuters Limited 1997</copyright>
<metadata>
<codes class="bip:countries:1.0">
  <code code="USA">
    <editdetail attribution="Reuters BIP Coding Group" action="confirmed" date="1997-06-26"/>
  </code>
</codes>
<codes class="bip:industries:1.0">
  <code code="I83940">
    <editdetail attribution="Reuters BIP Coding Group" action="confirmed" date="1997-06-26"/>
  </code>
</codes>
<codes class="bip:topics:1.0">
  <code code="C18">
    <editdetail attribution="Reuters BIP Coding Group" action="confirmed" date="1997-06-26"/>
  </code>
  <code code="C181">
    <editdetail attribution="Reuters BIP Coding Group" action="confirmed" date="1997-06-26"/>
  </code>
  <code code="CCAT">
    <editdetail attribution="Reuters BIP Coding Group" action="confirmed" date="1997-06-26"/>
  </code>
</codes>
<dc element="dc.date.created" value="1997-06-26"/>
<dc element="dc.publisher" value="Reuters Holdings Plc"/>
<dc element="dc.date.published" value="1997-06-26"/>
<dc element="dc.source" value="Reuters"/>
<dc element="dc.creator.location" value="MONETT, Mo."/>
<dc element="dc.creator.location.country.name" value="USA"/>
<dc element="dc.source" value="Reuters"/>
</metadata>
</newsitem>
