<?xml version="1.0" encoding="iso-8859-1" ?>
<newsitem itemid="688281" id="root" date="1997-06-26" xml:lang="en">
<title>USA: Four added to jury pool in secondhand smoke trial.</title>
<headline>Four added to jury pool in secondhand smoke trial.</headline>
<dateline>MIAMI 1997-06-26</dateline>
<text>
<p>A postal worker and a power-utility employee were among four people added on Thursday to a pool of prospective jurors for a landmark trial focusing on the effects of breathing secondhand cigarette smoke.</p>
<p>A total of 104 people have passed initial screening by lawyers searching for six jurors and 10 alternates to hear testimony in the $5 billion class-action lawsuit. The case was brought on behalf of thousands of non-smoking flight attendants, whose tobacco-related ailments were allegedly caused by passengers smoking aboard U.S. airlines.</p>
<p>About 125 people are being sought for the standby pool. A court official said testimony in the trial is unlikely to begin before July 14. Testimony is expected to continue for eight weeks or longer.</p>
<p>((-- Michael Connor - 305-374-5013))</p>
</text>
<copyright>(c) Reuters Limited 1997</copyright>
<metadata>
<codes class="bip:countries:1.0">
  <code code="USA">
    <editdetail attribution="Reuters BIP Coding Group" action="confirmed" date="1997-06-26"/>
  </code>
</codes>
<codes class="bip:industries:1.0">
  <code code="I42900">
    <editdetail attribution="Reuters BIP Coding Group" action="confirmed" date="1997-06-26"/>
  </code>
  <code code="I75000">
    <editdetail attribution="Reuters BIP Coding Group" action="confirmed" date="1997-06-26"/>
  </code>
</codes>
<codes class="bip:topics:1.0">
  <code code="C12">
    <editdetail attribution="Reuters BIP Coding Group" action="confirmed" date="1997-06-26"/>
  </code>
  <code code="CCAT">
    <editdetail attribution="Reuters BIP Coding Group" action="confirmed" date="1997-06-26"/>
  </code>
  <code code="GCAT">
    <editdetail attribution="Reuters BIP Coding Group" action="confirmed" date="1997-06-26"/>
  </code>
  <code code="GCRIM">
    <editdetail attribution="Reuters BIP Coding Group" action="confirmed" date="1997-06-26"/>
  </code>
</codes>
<dc element="dc.date.created" value="1997-06-26"/>
<dc element="dc.publisher" value="Reuters Holdings Plc"/>
<dc element="dc.date.published" value="1997-06-26"/>
<dc element="dc.source" value="Reuters"/>
<dc element="dc.creator.location" value="MIAMI"/>
<dc element="dc.creator.location.country.name" value="USA"/>
<dc element="dc.source" value="Reuters"/>
</metadata>
</newsitem>
