<?xml version="1.0" encoding="iso-8859-1" ?>
<newsitem itemid="688260" id="root" date="1997-06-26" xml:lang="en">
<title>USA: General Mills cites tough comparisons.</title>
<headline>General Mills cites tough comparisons.</headline>
<dateline>MINNEAPOLIS 1997-06-26</dateline>
<text>
<p>General Mills Inc said Thursday its lower than expected fiscal 1997 fourth quarter and year-end earnings were due to difficult volume comparisons and a less-favorable sales mix.</p>
<p>&quot;Earnings results for the year clearly did not meet our expectations, due to a very difficult operating environment in the U.S. ready-to-eat cereal category,&quot; said General Mills chairman and chief executive officer Steve Sanger.  </p>
<p>Earnings for its fiscal fourth-quarter ended May 25, 1997 fell to $0.42 a share from $0.49 in the prior-year period. Sales rose to $1.44 billion from $1.38 billion last year.</p>
<p>For all of fiscal 1997, General Mills reported earnings of $3.00 per share before a charge of $0.18 from an accounting change. In fiscal 1996, the company earned $3.00.</p>
<p>Reported sales for the 52-week period ended May 25, 1997, rose four percent to exceed $5.6 billion.</p>
<p>In the prior year's fourth quarter, unit volume grew 11 percent driven by merchandising programs focused on the company's U.S. Olympic team sponsorship. 1997 fourth-quarter unit volume excluding the acquired Ralcorp brands grew nearly two percent, but did not meet expectations, the company said in a news release.</p>
<p>Earlier this year, General Mills completed the purchase of Ralcorp Holdings Inc's branded ready-to-eat cereal and snack mix businesses for $570 million.</p>
<p>Fourth quarter U.S. cereal volume excluding the Ralcorp brands was down one percent from last year, when Big G cereals posted a nearly 10 percent volume gain, the company said.</p>
<p>	     ((Chicago newsdesk 312 408 8787))</p>
</text>
<copyright>(c) Reuters Limited 1997</copyright>
<metadata>
<codes class="bip:countries:1.0">
  <code code="USA">
    <editdetail attribution="Reuters BIP Coding Group" action="confirmed" date="1997-06-26"/>
  </code>
</codes>
<codes class="bip:industries:1.0">
  <code code="I41000">
    <editdetail attribution="Reuters BIP Coding Group" action="confirmed" date="1997-06-26"/>
  </code>
</codes>
<codes class="bip:topics:1.0">
  <code code="C15">
    <editdetail attribution="Reuters BIP Coding Group" action="confirmed" date="1997-06-26"/>
  </code>
  <code code="C151">
    <editdetail attribution="Reuters BIP Coding Group" action="confirmed" date="1997-06-26"/>
  </code>
  <code code="C1511">
    <editdetail attribution="Reuters BIP Coding Group" action="confirmed" date="1997-06-26"/>
  </code>
  <code code="CCAT">
    <editdetail attribution="Reuters BIP Coding Group" action="confirmed" date="1997-06-26"/>
  </code>
</codes>
<dc element="dc.date.created" value="1997-06-26"/>
<dc element="dc.publisher" value="Reuters Holdings Plc"/>
<dc element="dc.date.published" value="1997-06-26"/>
<dc element="dc.source" value="Reuters"/>
<dc element="dc.creator.location" value="MINNEAPOLIS"/>
<dc element="dc.creator.location.country.name" value="USA"/>
<dc element="dc.source" value="Reuters"/>
</metadata>
</newsitem>
