<?xml version="1.0" encoding="iso-8859-1" ?>
<newsitem itemid="688285" id="root" date="1997-06-26" xml:lang="en">
<title>USA: Network Long Distance sees Q1 charge.</title>
<headline>Network Long Distance sees Q1 charge.</headline>
<dateline>NEWPORT NEWS, Va. 1997-06-26</dateline>
<text>
<p>Network Long Distance Inc said Thursday it expects a one-time charge of about $2.3 million in the first quarter ended June 30, 1997.</p>
<p>The company said the charge will reflect transaction costs related to its mergers with National Teleservices Inc and Eastern Telecom International Corp.</p>
<p>Network Long Distance also said that its loss of $7.8 million in the fiscal year ended March 31 included a non-recurring non-cash provision of $6.3 million, reflecting the reduced carrying value of previously purchased customer bases and goodwill.</p>
</text>
<copyright>(c) Reuters Limited 1997</copyright>
<metadata>
<codes class="bip:countries:1.0">
  <code code="USA">
    <editdetail attribution="Reuters BIP Coding Group" action="confirmed" date="1997-06-26"/>
  </code>
</codes>
<codes class="bip:industries:1.0">
  <code code="I79020">
    <editdetail attribution="Reuters BIP Coding Group" action="confirmed" date="1997-06-26"/>
  </code>
</codes>
<codes class="bip:topics:1.0">
  <code code="C15">
    <editdetail attribution="Reuters BIP Coding Group" action="confirmed" date="1997-06-26"/>
  </code>
  <code code="C152">
    <editdetail attribution="Reuters BIP Coding Group" action="confirmed" date="1997-06-26"/>
  </code>
  <code code="C18">
    <editdetail attribution="Reuters BIP Coding Group" action="confirmed" date="1997-06-26"/>
  </code>
  <code code="C181">
    <editdetail attribution="Reuters BIP Coding Group" action="confirmed" date="1997-06-26"/>
  </code>
  <code code="CCAT">
    <editdetail attribution="Reuters BIP Coding Group" action="confirmed" date="1997-06-26"/>
  </code>
</codes>
<dc element="dc.date.created" value="1997-06-26"/>
<dc element="dc.publisher" value="Reuters Holdings Plc"/>
<dc element="dc.date.published" value="1997-06-26"/>
<dc element="dc.source" value="Reuters"/>
<dc element="dc.creator.location" value="NEWPORT NEWS, Va."/>
<dc element="dc.creator.location.country.name" value="USA"/>
<dc element="dc.source" value="Reuters"/>
</metadata>
</newsitem>
