<?xml version="1.0" encoding="iso-8859-1" ?>
<newsitem itemid="688271" id="root" date="1997-06-26" xml:lang="en">
<title>USA: Bank of Commerce sees higher Q3 profits.</title>
<headline>Bank of Commerce sees higher Q3 profits.</headline>
<dateline>SAN DIEGO 1997-06-26</dateline>
<text>
<p>Bank of Commerce said Thursday it expects income from loan sales will contribute to to an expected 20 to 30 percent increase in profits in the third quarter ending in September.</p>
<p>The company plans to resume secondary market sales of some of its SBA loans in order to enhance profitability.</p>
<p>&quot;Accelerating demand for SBA loans has helped us quickly complete our plan to build a solid portfolio of loans,&quot; Chairman and Chief Executive Officer Peter Davis said in a statement.</p>
<p>&quot;We are now generating more loans than we can portfolio, based on current capital levels, and have decided to resume sales of a portion of our future loan production on a quarterly basis.&quot;</p>
<p>In last year's third quarter, Bank of Commerce earned $951,000, or $0.45 per share.</p>
</text>
<copyright>(c) Reuters Limited 1997</copyright>
<metadata>
<codes class="bip:countries:1.0">
  <code code="USA">
    <editdetail attribution="Reuters BIP Coding Group" action="confirmed" date="1997-06-26"/>
  </code>
</codes>
<codes class="bip:industries:1.0">
  <code code="I81402">
    <editdetail attribution="Reuters BIP Coding Group" action="confirmed" date="1997-06-26"/>
  </code>
</codes>
<codes class="bip:topics:1.0">
  <code code="C15">
    <editdetail attribution="Reuters BIP Coding Group" action="confirmed" date="1997-06-26"/>
  </code>
  <code code="C152">
    <editdetail attribution="Reuters BIP Coding Group" action="confirmed" date="1997-06-26"/>
  </code>
  <code code="CCAT">
    <editdetail attribution="Reuters BIP Coding Group" action="confirmed" date="1997-06-26"/>
  </code>
</codes>
<dc element="dc.date.created" value="1997-06-26"/>
<dc element="dc.publisher" value="Reuters Holdings Plc"/>
<dc element="dc.date.published" value="1997-06-26"/>
<dc element="dc.source" value="Reuters"/>
<dc element="dc.creator.location" value="SAN DIEGO"/>
<dc element="dc.creator.location.country.name" value="USA"/>
<dc element="dc.source" value="Reuters"/>
</metadata>
</newsitem>
