<?xml version="1.0" encoding="iso-8859-1" ?>
<newsitem itemid="688206" id="root" date="1997-06-26" xml:lang="en">
<title>USA: AMERCO FY97 shr $1.35 vs $1.33.</title>
<headline>AMERCO FY97 shr $1.35 vs $1.33.</headline>
<dateline>RENO, Nevada 1997-06-26</dateline>
<text>
<p>1997			1996</p>
<p>	  12 MONTHS</p>
<p> Shr			  $1.35		    $1.33</p>
<p> Net			 51,900		   60,400</p>
<p> Revs		   1,425,100		1,350,300</p>
<p>(All data above 000s except per share numbers)</p>
<p>NOTE: Earnings for latest year includes a loss of $0.09 a share from the early retirement of debt.</p>
<p>The weighted number of shares outstanding on March 31, 1997, was 25,479,651.  </p>
<p>Note - Results for the fourth quarter ended March 31 were a loss of $16 million or $0.97 a share on revenues of $308.1 million. In the year-ago period the company reported a net profit of $2.2 million or a loss per share, after dividends, of $0.04 a share on revenues of $298.7 million.</p>
</text>
<copyright>(c) Reuters Limited 1997</copyright>
<metadata>
<codes class="bip:countries:1.0">
  <code code="USA">
    <editdetail attribution="Reuters BIP Coding Group" action="confirmed" date="1997-06-26"/>
  </code>
</codes>
<codes class="bip:industries:1.0">
  <code code="I84803">
    <editdetail attribution="Reuters BIP Coding Group" action="confirmed" date="1997-06-26"/>
  </code>
</codes>
<codes class="bip:topics:1.0">
  <code code="C15">
    <editdetail attribution="Reuters BIP Coding Group" action="confirmed" date="1997-06-26"/>
  </code>
  <code code="C151">
    <editdetail attribution="Reuters BIP Coding Group" action="confirmed" date="1997-06-26"/>
  </code>
  <code code="C1511">
    <editdetail attribution="Reuters BIP Coding Group" action="confirmed" date="1997-06-26"/>
  </code>
  <code code="CCAT">
    <editdetail attribution="Reuters BIP Coding Group" action="confirmed" date="1997-06-26"/>
  </code>
</codes>
<dc element="dc.date.created" value="1997-06-26"/>
<dc element="dc.publisher" value="Reuters Holdings Plc"/>
<dc element="dc.date.published" value="1997-06-26"/>
<dc element="dc.source" value="Reuters"/>
<dc element="dc.creator.location" value="RENO, Nevada"/>
<dc element="dc.creator.location.country.name" value="USA"/>
<dc element="dc.source" value="Reuters"/>
</metadata>
</newsitem>
