<?xml version="1.0" encoding="iso-8859-1" ?>
<newsitem itemid="688248" id="root" date="1997-06-26" xml:lang="en">
<title>USA: Dow sinks to session lows, NYSE curbs back on.</title>
<headline>Dow sinks to session lows, NYSE curbs back on.</headline>
<dateline>NEW YORK 1997-06-26</dateline>
<text>
<p>The Dow Jones Industrial Average moved sharply lower in late trading, falling fast to a deficit of 80 points to 7607 and prompting the New York Stock Exchange to put curbs on program trading at 1502 EDT/1902 GMT.</p>
<p>The curbs were put on the when the blue-chip average fell about fifty points but it quickly sunk lower, the victim of &quot;PT squared&quot; -- profit-taking and program trading, according to one analyst.</p>
<p>The Nasdaq was also sharply lower, down nearly 11 to 1436. The bond market was also at session lows, down 17/32 to yield 6.78 percent.</p>
</text>
<copyright>(c) Reuters Limited 1997</copyright>
<metadata>
<codes class="bip:countries:1.0">
  <code code="USA">
    <editdetail attribution="Reuters BIP Coding Group" action="confirmed" date="1997-06-26"/>
  </code>
</codes>
<codes class="bip:topics:1.0">
  <code code="M11">
    <editdetail attribution="Reuters BIP Coding Group" action="confirmed" date="1997-06-26"/>
  </code>
  <code code="MCAT">
    <editdetail attribution="Reuters BIP Coding Group" action="confirmed" date="1997-06-26"/>
  </code>
</codes>
<dc element="dc.date.created" value="1997-06-26"/>
<dc element="dc.publisher" value="Reuters Holdings Plc"/>
<dc element="dc.date.published" value="1997-06-26"/>
<dc element="dc.source" value="Reuters"/>
<dc element="dc.creator.location" value="NEW YORK"/>
<dc element="dc.creator.location.country.name" value="USA"/>
<dc element="dc.source" value="Reuters"/>
</metadata>
</newsitem>
