<?xml version="1.0" encoding="iso-8859-1" ?>
<newsitem itemid="688256" id="root" date="1997-06-26" xml:lang="en">
<title>USA: New Plan buys 4 properties for $45 mln.</title>
<headline>New Plan buys 4 properties for $45 mln.</headline>
<dateline>NEW YORK 1997-06-26</dateline>
<text>
<p>New Plan Realty Trust said Thursday it bought one residential and three retail properties for a total of $45 million.</p>
<p>The trust said it has acquired 25 properties for a total of $234 million so far this year and expects &quot;significant additional closings&quot; before the end of July.</p>
<p>New Plan said it now owns shopping centers with a total of 19.2 million square feet retail space and 10,964 apartment units.  </p>
<p>The three shopping centers include: a Jacksonville, Fla., center with 329,500 square feet of retail space; a Bethel Park, Pa., center with 206,000 square feet of retail space; and a Roanoke, Va. center with 167,000 square feet.</p>
<p>The residential property is a 288-unit apartment community in Columbus, Ohio.</p>
<p>Shares in New Plan traded at 22-1/8 Thursday morning, up 1/16.</p>
<p>((New York Newsdesk 212 859 1610))</p>
</text>
<copyright>(c) Reuters Limited 1997</copyright>
<metadata>
<codes class="bip:countries:1.0">
  <code code="USA">
    <editdetail attribution="Reuters BIP Coding Group" action="confirmed" date="1997-06-26"/>
  </code>
</codes>
<codes class="bip:industries:1.0">
  <code code="I81502">
    <editdetail attribution="Reuters BIP Coding Group" action="confirmed" date="1997-06-26"/>
  </code>
  <code code="I8150206">
    <editdetail attribution="Reuters BIP Coding Group" action="confirmed" date="1997-06-26"/>
  </code>
</codes>
<codes class="bip:topics:1.0">
  <code code="C18">
    <editdetail attribution="Reuters BIP Coding Group" action="confirmed" date="1997-06-26"/>
  </code>
  <code code="C182">
    <editdetail attribution="Reuters BIP Coding Group" action="confirmed" date="1997-06-26"/>
  </code>
  <code code="CCAT">
    <editdetail attribution="Reuters BIP Coding Group" action="confirmed" date="1997-06-26"/>
  </code>
</codes>
<dc element="dc.date.created" value="1997-06-26"/>
<dc element="dc.publisher" value="Reuters Holdings Plc"/>
<dc element="dc.date.published" value="1997-06-26"/>
<dc element="dc.source" value="Reuters"/>
<dc element="dc.creator.location" value="NEW YORK"/>
<dc element="dc.creator.location.country.name" value="USA"/>
<dc element="dc.source" value="Reuters"/>
</metadata>
</newsitem>
