<?xml version="1.0" encoding="iso-8859-1" ?>
<newsitem itemid="688239" id="root" date="1997-06-26" xml:lang="en">
<title>USA: US CREDIT OUTLOOK -- Q1 GDP, Michigan data slated.</title>
<headline>US CREDIT OUTLOOK -- Q1 GDP, Michigan data slated.</headline>
<byline>John P. Hughes</byline>
<dateline>NEW YORK 1996-06-27</dateline>
<text>
<p>The prices of U.S. Treasury securities are expected to show little movement on Friday, said market participants who continued to await the results of next week's policy-making Federal Reserve meeting.</p>
<p>The final reading on real first quarter gross domestic product was scheduled for release Friday and economists polled by Reuters expected, on average, a 5.9 percent increase would be seen along with a 2.8 percent rise in the price index. The University of Michigan's final June reading on consumer confidence also was due and seen marginally higher at 103.5.  </p>
<p>He pointed to a strong Tankan report from Japan and the tightening of interest rates by the Bank of Canada as pressures weighing on the market.</p>
<p>&quot;You now have a global economy where pressure on interest rates (can come from abroad),&quot; he said.</p>
<p>The GDP revisions to be seen on Friday will be old news and have little market-moving impact, Berner said, as inflation remained well behaved. He said the market would be more concerned with anticipating results of the NAPM and nonfarm payrolls reports next week, when the bond market will be closed Friday and end early on Thursday.</p>
</text>
<copyright>(c) Reuters Limited 1997</copyright>
<metadata>
<codes class="bip:countries:1.0">
  <code code="USA">
    <editdetail attribution="Reuters BIP Coding Group" action="confirmed" date="1997-06-26"/>
  </code>
</codes>
<codes class="bip:topics:1.0">
  <code code="M12">
    <editdetail attribution="Reuters BIP Coding Group" action="confirmed" date="1997-06-26"/>
  </code>
  <code code="MCAT">
    <editdetail attribution="Reuters BIP Coding Group" action="confirmed" date="1997-06-26"/>
  </code>
</codes>
<dc element="dc.date.created" value="1996-06-27"/>
<dc element="dc.publisher" value="Reuters Holdings Plc"/>
<dc element="dc.date.published" value="1997-06-26"/>
<dc element="dc.source" value="Reuters"/>
<dc element="dc.creator.location" value="NEW YORK"/>
<dc element="dc.creator.location.country.name" value="USA"/>
<dc element="dc.source" value="Reuters"/>
</metadata>
</newsitem>
