<?xml version="1.0" encoding="iso-8859-1" ?>
<newsitem itemid="688398" id="root" date="1997-06-26" xml:lang="en">
<title>GERMANY: SOCCER-HAMBURG SIGN POLISH STRIKER DEMBINSKI.</title>
<headline>SOCCER-HAMBURG SIGN POLISH STRIKER DEMBINSKI.</headline>
<dateline>HAMBURG, Germany 1997-06-26</dateline>
<text>
<p>Hamburg on Thursday signed Polish international striker Jacek Dembinski from Widzew Lodz for one million marks ($600,000).</p>
<p>But the 27-year-old Dembinski, who has just finished the Polish first division season as the joint second highest scorer with 17 goals, is not expected to join the German club until after the start of the new Bundesliga season.</p>
<p>Widzew Lodz want him for the qualification stage of the European Champions' League before he can switch clubs.</p>
</text>
<copyright>(c) Reuters Limited 1997</copyright>
<metadata>
<codes class="bip:countries:1.0">
  <code code="GFR">
    <editdetail attribution="Reuters BIP Coding Group" action="confirmed" date="1997-06-26"/>
  </code>
  <code code="POL">
    <editdetail attribution="Reuters BIP Coding Group" action="confirmed" date="1997-06-26"/>
  </code>
</codes>
<codes class="bip:topics:1.0">
  <code code="GCAT">
    <editdetail attribution="Reuters BIP Coding Group" action="confirmed" date="1997-06-26"/>
  </code>
  <code code="GSPO">
    <editdetail attribution="Reuters BIP Coding Group" action="confirmed" date="1997-06-26"/>
  </code>
</codes>
<dc element="dc.date.created" value="1997-06-26"/>
<dc element="dc.publisher" value="Reuters Holdings Plc"/>
<dc element="dc.date.published" value="1997-06-26"/>
<dc element="dc.source" value="Reuters"/>
<dc element="dc.creator.location" value="HAMBURG, Germany"/>
<dc element="dc.creator.location.country.name" value="GERMANY"/>
<dc element="dc.source" value="Reuters"/>
</metadata>
</newsitem>
