<?xml version="1.0" encoding="iso-8859-1" ?>
<newsitem itemid="688318" id="root" date="1997-06-26" xml:lang="en">
<title>USA: Chase Corp Q3 shr rises to $0.21.</title>
<headline>Chase Corp Q3 shr rises to $0.21.</headline>
<dateline>BRAINTREE, Mass. 1997-06-26</dateline>
<text>
<p>1997			1996</p>
<p> Shr			  $0.21		    $0.14</p>
<p> Net			    824			511</p>
<p> Revs			11,334		    8,796</p>
<p> Avg shrs		   3,924		    3,760</p>
<p>	  9  MONTHS</p>
<p> Shr			  $0.53		    $0.37</p>
<p> Net			  2,075		    1,393</p>
<p> Revs			29,676		   24,907</p>
<p> Avg shrs		   3,924		    3,760</p>
<p>(All data above 000s except per share numbers)</p>
</text>
<copyright>(c) Reuters Limited 1997</copyright>
<metadata>
<codes class="bip:countries:1.0">
  <code code="USA">
    <editdetail attribution="Reuters BIP Coding Group" action="confirmed" date="1997-06-26"/>
  </code>
</codes>
<codes class="bip:industries:1.0">
  <code code="I43000">
    <editdetail attribution="Reuters BIP Coding Group" action="confirmed" date="1997-06-26"/>
  </code>
</codes>
<codes class="bip:topics:1.0">
  <code code="C15">
    <editdetail attribution="Reuters BIP Coding Group" action="confirmed" date="1997-06-26"/>
  </code>
  <code code="C151">
    <editdetail attribution="Reuters BIP Coding Group" action="confirmed" date="1997-06-26"/>
  </code>
  <code code="CCAT">
    <editdetail attribution="Reuters BIP Coding Group" action="confirmed" date="1997-06-26"/>
  </code>
</codes>
<dc element="dc.date.created" value="1997-06-26"/>
<dc element="dc.publisher" value="Reuters Holdings Plc"/>
<dc element="dc.date.published" value="1997-06-26"/>
<dc element="dc.source" value="Reuters"/>
<dc element="dc.creator.location" value="BRAINTREE, Mass."/>
<dc element="dc.creator.location.country.name" value="USA"/>
<dc element="dc.source" value="Reuters"/>
</metadata>
</newsitem>
