<?xml version="1.0" encoding="iso-8859-1" ?>
<newsitem itemid="688382" id="root" date="1997-06-26" xml:lang="en">
<title>USA: BASEBALL-KEN GRIFFEY JR HAS HAMSTRING STRAIN.</title>
<headline>BASEBALL-KEN GRIFFEY JR HAS HAMSTRING STRAIN.</headline>
<dateline>SEATTLE 1997-06-25</dateline>
<text>
<p>Seattle Mariners superstar centre fielder Ken Griffey Jr, seemingly poised to make another charge at the single-season home run record of 61, has run into yet another injury.</p>
<p>Griffey, who has 29 homers in just 75 games, suffered the injury, initially diagnosed as tightness in his right hamstring, running out a double in the bottom of the first inning of the Mariners' 9-4 win over the Oakland Athletics Wednesday night.</p>
<p>He was expected to be re-examined on Thursday with a decision to be made on his status at that time.</p>
<p>The 27-year-old Griffey is hitting .315 with 79 RBI. He has led the Mariners to a 44-32 record and a 3 1/2-game lead in the American League West.</p>
<p>Griffey, who has 267 homers and 804 RBI in career 1,132 games, missed three weeks last season with a broken bone in his right wrist. In 1995 he sat out 73 games with a broken wrist suffered by running into the Kingdome fence.</p>
<p>Griffey also broke a bone in the little finger of his right hand in 1992, causing him to miss nearly a month of that season.</p>
<p>Griffey has received more than 2 million All-Star votes and leads all American League players. The seven-time All-Star, who has been the top vote-getter three times since 1991, has nearly double the total votes of any other A.L. outfielder.</p>
</text>
<copyright>(c) Reuters Limited 1997</copyright>
<metadata>
<codes class="bip:countries:1.0">
  <code code="USA">
    <editdetail attribution="Reuters BIP Coding Group" action="confirmed" date="1997-06-26"/>
  </code>
</codes>
<codes class="bip:topics:1.0">
  <code code="GCAT">
    <editdetail attribution="Reuters BIP Coding Group" action="confirmed" date="1997-06-26"/>
  </code>
  <code code="GSPO">
    <editdetail attribution="Reuters BIP Coding Group" action="confirmed" date="1997-06-26"/>
  </code>
</codes>
<dc element="dc.date.created" value="1997-06-25"/>
<dc element="dc.publisher" value="Reuters Holdings Plc"/>
<dc element="dc.date.published" value="1997-06-26"/>
<dc element="dc.source" value="Reuters"/>
<dc element="dc.creator.location" value="SEATTLE"/>
<dc element="dc.creator.location.country.name" value="USA"/>
<dc element="dc.source" value="Reuters"/>
</metadata>
</newsitem>
