<?xml version="1.0" encoding="iso-8859-1" ?>
<newsitem itemid="688333" id="root" date="1997-06-26" xml:lang="en">
<title>UK: SOCCER-ASTON VILLA SIGN GRAYSON FROM LEICESTER.</title>
<headline>SOCCER-ASTON VILLA SIGN GRAYSON FROM LEICESTER.</headline>
<dateline>BIRMINGHAM, England 1997-06-26</dateline>
<text>
<p>Brian Little, manager of English premier league Aston Villa, returned to his old club Leicester on Thursday to sign their out of contract defender Simon Grayson.</p>
<p>The fee for the versatile Grayson is likely to be decided by a tribunal, with Leicester valuing Grayson at double the one millions pounds ($602,000) Villa have offered.</p>
</text>
<copyright>(c) Reuters Limited 1997</copyright>
<metadata>
<codes class="bip:countries:1.0">
  <code code="UK">
    <editdetail attribution="Reuters BIP Coding Group" action="confirmed" date="1997-06-26"/>
  </code>
</codes>
<codes class="bip:topics:1.0">
  <code code="GCAT">
    <editdetail attribution="Reuters BIP Coding Group" action="confirmed" date="1997-06-26"/>
  </code>
  <code code="GSPO">
    <editdetail attribution="Reuters BIP Coding Group" action="confirmed" date="1997-06-26"/>
  </code>
</codes>
<dc element="dc.date.created" value="1997-06-26"/>
<dc element="dc.publisher" value="Reuters Holdings Plc"/>
<dc element="dc.date.published" value="1997-06-26"/>
<dc element="dc.source" value="Reuters"/>
<dc element="dc.creator.location" value="BIRMINGHAM, England"/>
<dc element="dc.creator.location.country.name" value="UK"/>
<dc element="dc.source" value="Reuters"/>
</metadata>
</newsitem>
