<?xml version="1.0" encoding="iso-8859-1" ?>
<newsitem itemid="688354" id="root" date="1997-06-26" xml:lang="en">
<title>UK: TENNIS-LATEST WIMBLEDON BETTING.</title>
<headline>TENNIS-LATEST WIMBLEDON BETTING.</headline>
<dateline>LONDON 1997-06-26</dateline>
<text>
<p>Wimbledon betting ahead of</p>
<p>Thursday's matches:</p>
<p>Men's singles</p>
<p>6-4 Pete Sampras</p>
<p>5-1 Richard Krajicek</p>
<p>11-2 Goran Ivanisevic</p>
<p>13-2 Boris Becker</p>
<p>9-1 Yevgeny Kafelnikov</p>
<p>12-1 Greg Rusedski</p>
<p>14-1 Patrick Rafter</p>
<p>25-1 Tim Henman, Michael Stich</p>
<p>33-1 and upwards others</p>
<p>Women's singles</p>
<p>4-6 Martina Hingis</p>
<p>3-1 Monica Seles</p>
<p>8-1 Jana Novotna</p>
<p>10-1 Arantxa Sanchez-Vicario</p>
<p>16-1 and upwards others</p>
</text>
<copyright>(c) Reuters Limited 1997</copyright>
<metadata>
<codes class="bip:countries:1.0">
  <code code="CRTIA">
    <editdetail attribution="Reuters BIP Coding Group" action="confirmed" date="1997-06-26"/>
  </code>
  <code code="GFR">
    <editdetail attribution="Reuters BIP Coding Group" action="confirmed" date="1997-06-26"/>
  </code>
  <code code="NETH">
    <editdetail attribution="Reuters BIP Coding Group" action="confirmed" date="1997-06-26"/>
  </code>
  <code code="SWITZ">
    <editdetail attribution="Reuters BIP Coding Group" action="confirmed" date="1997-06-26"/>
  </code>
  <code code="UK">
    <editdetail attribution="Reuters BIP Coding Group" action="confirmed" date="1997-06-26"/>
  </code>
  <code code="USA">
    <editdetail attribution="Reuters BIP Coding Group" action="confirmed" date="1997-06-26"/>
  </code>
</codes>
<codes class="bip:topics:1.0">
  <code code="GCAT">
    <editdetail attribution="Reuters BIP Coding Group" action="confirmed" date="1997-06-26"/>
  </code>
  <code code="GSPO">
    <editdetail attribution="Reuters BIP Coding Group" action="confirmed" date="1997-06-26"/>
  </code>
</codes>
<dc element="dc.date.created" value="1997-06-26"/>
<dc element="dc.publisher" value="Reuters Holdings Plc"/>
<dc element="dc.date.published" value="1997-06-26"/>
<dc element="dc.source" value="Reuters"/>
<dc element="dc.creator.location" value="LONDON"/>
<dc element="dc.creator.location.country.name" value="UK"/>
<dc element="dc.source" value="Reuters"/>
</metadata>
</newsitem>
