<?xml version="1.0" encoding="iso-8859-1" ?>
<newsitem itemid="688305" id="root" date="1997-06-26" xml:lang="en">
<title>USA: Kaman wins $600 mln Australian contract.</title>
<headline>Kaman wins $600 mln Australian contract.</headline>
<dateline>BLOOMFIELD, Conn. 1997-06-26</dateline>
<text>
<p>Kaman Aerospace International Corp said Thursday it has signed a contract worth $600 million to supply helicopters and support for the Australian Ministry of Defence.</p>
<p>The company said the order calls for 11 SH-2G(A) Super Seasprite helicopters and support for the Royal Australian Navy.</p>
<p>The helicopters will operate from eight ANZAC class frigates, the company said. Their primary role is to provide expanded surveillance capabilities, but they will also be used for antisubmarine operations, search and rescue missions, medical evacuations and ship replenishment.</p>
</text>
<copyright>(c) Reuters Limited 1997</copyright>
<metadata>
<codes class="bip:countries:1.0">
  <code code="AUSTR">
    <editdetail attribution="Reuters BIP Coding Group" action="confirmed" date="1997-06-26"/>
  </code>
  <code code="USA">
    <editdetail attribution="Reuters BIP Coding Group" action="confirmed" date="1997-06-26"/>
  </code>
</codes>
<codes class="bip:industries:1.0">
  <code code="I36400">
    <editdetail attribution="Reuters BIP Coding Group" action="confirmed" date="1997-06-26"/>
  </code>
  <code code="I3640047">
    <editdetail attribution="Reuters BIP Coding Group" action="confirmed" date="1997-06-26"/>
  </code>
</codes>
<codes class="bip:topics:1.0">
  <code code="C33">
    <editdetail attribution="Reuters BIP Coding Group" action="confirmed" date="1997-06-26"/>
  </code>
  <code code="C331">
    <editdetail attribution="Reuters BIP Coding Group" action="confirmed" date="1997-06-26"/>
  </code>
  <code code="CCAT">
    <editdetail attribution="Reuters BIP Coding Group" action="confirmed" date="1997-06-26"/>
  </code>
  <code code="GCAT">
    <editdetail attribution="Reuters BIP Coding Group" action="confirmed" date="1997-06-26"/>
  </code>
  <code code="GDEF">
    <editdetail attribution="Reuters BIP Coding Group" action="confirmed" date="1997-06-26"/>
  </code>
</codes>
<dc element="dc.date.created" value="1997-06-26"/>
<dc element="dc.publisher" value="Reuters Holdings Plc"/>
<dc element="dc.date.published" value="1997-06-26"/>
<dc element="dc.source" value="Reuters"/>
<dc element="dc.creator.location" value="BLOOMFIELD, Conn."/>
<dc element="dc.creator.location.country.name" value="USA"/>
<dc element="dc.source" value="Reuters"/>
</metadata>
</newsitem>
