<?xml version="1.0" encoding="iso-8859-1" ?>
<newsitem itemid="688343" id="root" date="1997-06-26" xml:lang="en">
<title>UK: TENNIS-DAY FOUR SNIPPETS FROM WIMBLEDON.</title>
<headline>TENNIS-DAY FOUR SNIPPETS FROM WIMBLEDON.</headline>
<dateline>LONDON 1997-06-26</dateline>
<text>
<p>Snippets from the fourth day of Wimbledon on Thursday:</p>
<p>- - - -</p>
<p>Quote of the day - &quot;The weather forecast is very depressing&quot; - Tournament referee Alan Mills, unable to offer much encouragement after the first complete wash-out at Wimbledon since 1992.</p>
<p>- - - -</p>
<p>Stat of the day - 88. The number of years since two whole days were lost to rain in the same Wimbledon fortnight.</p>
<p>- - - -</p>
<p>Strawberry delight - Rain may have ruled out any tennis, but there was an entertaining encounter of another type taking place.</p>
<p>The venue was the press cafeteria as Mary Pierce and Mary-Joe Fernandez fought their way around the room pursued by hordes of demanding photographers.</p>
<p>The reason? They were called on to hand out strawberries to the press in an attempt to encourage some publicity on an otherwise dull day. - - - -</p>
<p>Big-match nerves - It's not only how to curtsy that worries some women players but when to curtsy and where. Australian Rachel McQuillan, who lost 6-0 6-2 to Monica Seles in one of only two matches to be completed in the last two days, found it all a bit much.</p>
<p>&quot;I was more nervous about the curtsy than I was about the match,&quot; she admitted. &quot;I said to Monica 'You lead the way and I'll just copy whatever you do.'&quot;</p>
<p>- - - -</p>
<p>Soggy fun - The rain did little to dampen the spirits of the hardy fanatics who stayed at Wimbledon for the remote chance of watching some tennis.</p>
<p>Although most left when it became clear there was almost no chance of tennis, the few survivors created a good atmosphere on centre and number one courts by singing and watching volunteers from the army playing cricket in the rain with rolled-up umbrellas.</p>
<p>- - - -</p>
<p>Moth-eaten theory - Why not play under floodlights, thus extending the possible playing hours? Moths are the reason why, according to tournament referee Alan Mills. He says the BBC have told him the moths would flock to the courts from miles around and be a nuisance to both television viewers and the players.</p>
</text>
<copyright>(c) Reuters Limited 1997</copyright>
<metadata>
<codes class="bip:countries:1.0">
  <code code="UK">
    <editdetail attribution="Reuters BIP Coding Group" action="confirmed" date="1997-06-26"/>
  </code>
</codes>
<codes class="bip:topics:1.0">
  <code code="GCAT">
    <editdetail attribution="Reuters BIP Coding Group" action="confirmed" date="1997-06-26"/>
  </code>
  <code code="GSPO">
    <editdetail attribution="Reuters BIP Coding Group" action="confirmed" date="1997-06-26"/>
  </code>
</codes>
<dc element="dc.date.created" value="1997-06-26"/>
<dc element="dc.publisher" value="Reuters Holdings Plc"/>
<dc element="dc.date.published" value="1997-06-26"/>
<dc element="dc.source" value="Reuters"/>
<dc element="dc.creator.location" value="LONDON"/>
<dc element="dc.creator.location.country.name" value="UK"/>
<dc element="dc.source" value="Reuters"/>
</metadata>
</newsitem>
