<?xml version="1.0" encoding="iso-8859-1" ?>
<newsitem itemid="688411" id="root" date="1997-06-26" xml:lang="en">
<title>SOUTH AFRICA: KOLOSUS FALLS AFTER WEAK YEAR FIGURES.</title>
<headline>KOLOSUS FALLS AFTER WEAK YEAR FIGURES.</headline>
<dateline>JOHANNESBURG 1997-06-26</dateline>
<text>
<p>Shares in South African foods firm Kolosus Holdings Ltd slipped on Thursday after the company reported a slide in results for the 12 months ended May 31, dealers said.</p>
<p>By about 0815 GMT Kolosus was down 40 cents or 11.6 percent at 300 cents, making it the second biggest percentage loser on the Johannesburg bourse in early trade. Some 70,800 shares worth around 221,920 rand had changed hands.</p>
<p>&quot;They've come out with very bad results and I think that's why the share has gone down. They were not what the market expected them to be,&quot; one dealer said.  </p>
<p>Results released earlier show Kolosus' earnings per share on net operating income down at 30.48 cents from 70.33 cents a year ago, while on net income earnings per share fell to 12.61 cents from 23.33 cents previously.</p>
<p>The firm did not declare a dividend and added that its financial year-end would be changed to Septemeber 30.</p>
<p>-- Johanesburg newsroom +27 11 482 1003</p>
</text>
<copyright>(c) Reuters Limited 1997</copyright>
<metadata>
<codes class="bip:countries:1.0">
  <code code="SAFR">
    <editdetail attribution="Reuters BIP Coding Group" action="confirmed" date="1997-06-26"/>
  </code>
</codes>
<codes class="bip:industries:1.0">
  <code code="I41220">
    <editdetail attribution="Reuters BIP Coding Group" action="confirmed" date="1997-06-26"/>
  </code>
</codes>
<codes class="bip:topics:1.0">
  <code code="C15">
    <editdetail attribution="Reuters BIP Coding Group" action="confirmed" date="1997-06-26"/>
  </code>
  <code code="C152">
    <editdetail attribution="Reuters BIP Coding Group" action="confirmed" date="1997-06-26"/>
  </code>
  <code code="CCAT">
    <editdetail attribution="Reuters BIP Coding Group" action="confirmed" date="1997-06-26"/>
  </code>
</codes>
<dc element="dc.date.created" value="1997-06-26"/>
<dc element="dc.publisher" value="Reuters Holdings Plc"/>
<dc element="dc.date.published" value="1997-06-26"/>
<dc element="dc.source" value="Reuters"/>
<dc element="dc.creator.location" value="JOHANNESBURG"/>
<dc element="dc.creator.location.country.name" value="SOUTH AFRICA"/>
<dc element="dc.source" value="Reuters"/>
</metadata>
</newsitem>
