<?xml version="1.0" encoding="iso-8859-1" ?>
<newsitem itemid="688442" id="root" date="1997-06-26" xml:lang="en">
<title>HUNGARY: ALL THREE HUNGARY BUBOR RATES EASE.</title>
<headline>ALL THREE HUNGARY BUBOR RATES EASE.</headline>
<dateline>BUDAPEST 1997-06-26</dateline>
<text>
<p>Hungary's Budapest Interbank Offered Rate (BUBOR) eased on Thursday for all three maturities, the National Bank of Hungary said.</p>
<p>The one-month rate was fixed at 20.79 percent, down 0.01, the three-month rate at 20.70 percent, down 0.02 while the six-month rate was set at 20.44 percent, down 0.03.</p>
<p>-- Budapest newsroom +36 1 327 4040</p>
</text>
<copyright>(c) Reuters Limited 1997</copyright>
<metadata>
<codes class="bip:countries:1.0">
  <code code="HUNG">
    <editdetail attribution="Reuters BIP Coding Group" action="confirmed" date="1997-06-26"/>
  </code>
</codes>
<codes class="bip:topics:1.0">
  <code code="M13">
    <editdetail attribution="Reuters BIP Coding Group" action="confirmed" date="1997-06-26"/>
  </code>
  <code code="M131">
    <editdetail attribution="Reuters BIP Coding Group" action="confirmed" date="1997-06-26"/>
  </code>
  <code code="MCAT">
    <editdetail attribution="Reuters BIP Coding Group" action="confirmed" date="1997-06-26"/>
  </code>
</codes>
<dc element="dc.date.created" value="1997-06-26"/>
<dc element="dc.publisher" value="Reuters Holdings Plc"/>
<dc element="dc.date.published" value="1997-06-26"/>
<dc element="dc.source" value="Reuters"/>
<dc element="dc.creator.location" value="BUDAPEST"/>
<dc element="dc.creator.location.country.name" value="HUNGARY"/>
<dc element="dc.source" value="Reuters"/>
</metadata>
</newsitem>
