<?xml version="1.0" encoding="iso-8859-1" ?>
<newsitem itemid="688429" id="root" date="1997-06-26" xml:lang="en">
<title>LITHUANIA: C.BANK IMPOSES STRICTER REQUIRED RESERVES RULE.</title>
<headline>C.BANK IMPOSES STRICTER REQUIRED RESERVES RULE.</headline>
<dateline>VILNIUS 1997-06-26</dateline>
<text>
<p>Lithuania's central bank said on Thursday that its board decided to impose stricter rules on the required reserves calculation for commercial banks.</p>
<p>&quot;By the new regulations non-resident deposits and resident deposits in non-convertible currencies will have to be included into the calculation of required reserves,&quot; Gitanas Nauseda, the head of the bank's policy department, told Reuters.</p>
<p>The new regulations will be introduced gradually starting from August 13, 1997, Nauseda said.</p>
<p>&quot;Non-resident deposits will have to be included in the calculation of required reserves from the beginning of 1998,&quot; Nauseda said.</p>
<p>&quot;Requirements for reserves are efficient money market regulation and inflation dampening tools and also help banks to stay liquid,&quot; Nauseda added.</p>
<p>-- Andrius Vilkancas, Vilnius newsroom +370 2 22 35 17</p>
</text>
<copyright>(c) Reuters Limited 1997</copyright>
<metadata>
<codes class="bip:countries:1.0">
  <code code="LITH">
    <editdetail attribution="Reuters BIP Coding Group" action="confirmed" date="1997-06-26"/>
  </code>
</codes>
<codes class="bip:industries:1.0">
  <code code="I81402">
    <editdetail attribution="Reuters BIP Coding Group" action="confirmed" date="1997-06-26"/>
  </code>
</codes>
<codes class="bip:topics:1.0">
  <code code="C13">
    <editdetail attribution="Reuters BIP Coding Group" action="confirmed" date="1997-06-26"/>
  </code>
  <code code="C17">
    <editdetail attribution="Reuters BIP Coding Group" action="confirmed" date="1997-06-26"/>
  </code>
  <code code="CCAT">
    <editdetail attribution="Reuters BIP Coding Group" action="confirmed" date="1997-06-26"/>
  </code>
</codes>
<dc element="dc.date.created" value="1997-06-26"/>
<dc element="dc.publisher" value="Reuters Holdings Plc"/>
<dc element="dc.date.published" value="1997-06-26"/>
<dc element="dc.source" value="Reuters"/>
<dc element="dc.creator.location" value="VILNIUS"/>
<dc element="dc.creator.location.country.name" value="LITHUANIA"/>
<dc element="dc.source" value="Reuters"/>
</metadata>
</newsitem>
