<?xml version="1.0" encoding="iso-8859-1" ?>
<newsitem itemid="688433" id="root" date="1997-06-26" xml:lang="en">
<title>LITHUANIA: GOVERNMENT TO DISCUSS AIR COMPANIES' MERGER.</title>
<headline>GOVERNMENT TO DISCUSS AIR COMPANIES' MERGER.</headline>
<dateline>VILNIUS 1997-06-26</dateline>
<text>
<p>Lithuania's trasport ministry said on Thursday that the merger of two airline companies, Lithuanian Airlines and Air Lietuva, might be considered in the cabinet meeting on next Wednesday.</p>
<p>&quot;The civil aviation department was obliged to draw a draft of the government's decision, it is ready now and I hope it will be approved in the next cabinet meeting,&quot; Transport Minister Algis Zhvaliauskas told a news conference.</p>
<p>The ministry decided earlier this month to merge Lithuanian Airlines and smaller Air Lietuva to make them more attractive during the privatisation process.</p>
<p>It is planned that Air Lietuva will be merged as a daughter company of Lithuanian Airlines.</p>
<p>Zhvaliauskas said that the government's position remained firm that at least 51 percent of the company be in Lithuanian hands after the sell-off to preserve its status as national carrier.</p>
<p>The Lithuanian government included the two companies on a list of key infrustructure enterprises slated for privatisation through international bids in 1997-1998.</p>
<p>-- Andrius Vilkancas, Vilnius newsroom +370 2 22 35 17</p>
</text>
<copyright>(c) Reuters Limited 1997</copyright>
<metadata>
<codes class="bip:countries:1.0">
  <code code="LITH">
    <editdetail attribution="Reuters BIP Coding Group" action="confirmed" date="1997-06-26"/>
  </code>
</codes>
<codes class="bip:industries:1.0">
  <code code="I75000">
    <editdetail attribution="Reuters BIP Coding Group" action="confirmed" date="1997-06-26"/>
  </code>
</codes>
<codes class="bip:topics:1.0">
  <code code="C13">
    <editdetail attribution="Reuters BIP Coding Group" action="confirmed" date="1997-06-26"/>
  </code>
  <code code="C18">
    <editdetail attribution="Reuters BIP Coding Group" action="confirmed" date="1997-06-26"/>
  </code>
  <code code="C181">
    <editdetail attribution="Reuters BIP Coding Group" action="confirmed" date="1997-06-26"/>
  </code>
  <code code="CCAT">
    <editdetail attribution="Reuters BIP Coding Group" action="confirmed" date="1997-06-26"/>
  </code>
</codes>
<dc element="dc.date.created" value="1997-06-26"/>
<dc element="dc.publisher" value="Reuters Holdings Plc"/>
<dc element="dc.date.published" value="1997-06-26"/>
<dc element="dc.source" value="Reuters"/>
<dc element="dc.creator.location" value="VILNIUS"/>
<dc element="dc.creator.location.country.name" value="LITHUANIA"/>
<dc element="dc.source" value="Reuters"/>
</metadata>
</newsitem>
