<?xml version="1.0" encoding="iso-8859-1" ?>
<newsitem itemid="688435" id="root" date="1997-06-26" xml:lang="en">
<title>LITHUANIA: LITHUANIAN AIRLINES CONSIDERS MORE BOEINGS.</title>
<headline>LITHUANIAN AIRLINES CONSIDERS MORE BOEINGS.</headline>
<dateline>VILNIUS 1997-06-26</dateline>
<text>
<p>Lithunia's transport ministry said on Thursday that Lithuanian Airlines planned to lease one more Boeing 737-300 aircraft in autumn and was considering transatlantic flights next year.</p>
<p>&quot;We want to lease one more Boeing aircraft in autumn,&quot; Algis Zhvaliauskas, the minister of transport, told a news conference but declined to provide more details on the deal.</p>
<p>&quot;We would like to lease a more modern aircraft than we have now - a Boeing 737-300,&quot; Zhvaliauskas added.</p>
<p>He said that the aircraft would be used on the flights to Dubai via Georgia and other &quot;routes to the South&quot;.</p>
<p>&quot;If everything goes smoothly, next year we are planning to acquire a Boeing 767 and to start transatlantic flights,&quot; Zhvaliauskas said.</p>
<p>&quot;It is our programme maximum,&quot; he added.</p>
<p>State-run Lithuanian Airlines, which is to be merged with the smaller Air Lietuva later this year, currently has a fleet of three Boeing 737-200s, two Saab 340 Bs, a Jet Star 731 and 11 Russian-built Jak-42s.</p>
<p>Lithuania's government says it wants to privatise the company but said that at least 51 percent will have to remain in Lithuanian hands to preserve its status as national carrier.</p>
<p>-- Andrius Vilkancas, Vilnius newsroom +371 721 52 40</p>
</text>
<copyright>(c) Reuters Limited 1997</copyright>
<metadata>
<codes class="bip:countries:1.0">
  <code code="LITH">
    <editdetail attribution="Reuters BIP Coding Group" action="confirmed" date="1997-06-26"/>
  </code>
  <code code="USA">
    <editdetail attribution="Reuters BIP Coding Group" action="confirmed" date="1997-06-26"/>
  </code>
</codes>
<codes class="bip:industries:1.0">
  <code code="I36400">
    <editdetail attribution="Reuters BIP Coding Group" action="confirmed" date="1997-06-26"/>
  </code>
  <code code="I3640010">
    <editdetail attribution="Reuters BIP Coding Group" action="confirmed" date="1997-06-26"/>
  </code>
  <code code="I75000">
    <editdetail attribution="Reuters BIP Coding Group" action="confirmed" date="1997-06-26"/>
  </code>
</codes>
<codes class="bip:topics:1.0">
  <code code="C33">
    <editdetail attribution="Reuters BIP Coding Group" action="confirmed" date="1997-06-26"/>
  </code>
  <code code="CCAT">
    <editdetail attribution="Reuters BIP Coding Group" action="confirmed" date="1997-06-26"/>
  </code>
</codes>
<dc element="dc.date.created" value="1997-06-26"/>
<dc element="dc.publisher" value="Reuters Holdings Plc"/>
<dc element="dc.date.published" value="1997-06-26"/>
<dc element="dc.source" value="Reuters"/>
<dc element="dc.creator.location" value="VILNIUS"/>
<dc element="dc.creator.location.country.name" value="LITHUANIA"/>
<dc element="dc.source" value="Reuters"/>
</metadata>
</newsitem>
