<?xml version="1.0" encoding="iso-8859-1" ?>
<newsitem itemid="688497" id="root" date="1997-06-26" xml:lang="en">
<title>UK: Euro oil swaps tick upwards, but only moderately.</title>
<headline>Euro oil swaps tick upwards, but only moderately.</headline>
<dateline>LONDON 1997-06-26</dateline>
<text>
<p>European oil swaps were broadly firmer on Thursday with Brent CFDs gaining a few cents, gasoline stronger by 50 cents or so and along with naphtha and fuel fairly steady.</p>
<p>Screen crude lost ground as the market put a question mark over OPEC'S talk of firmer commitment on quota leakage. Dealers were cautious about how OPEC was going to enforce quota compliance.</p>
<p>Brent CFDs gained a few cents with June 30-July 4 hovering around -37 cents against August Brent from -40 cents on Wednesday with July 7-11 pegged flat after a morning CFD trade at -35 cents. July 14-18 was put at -35 cents while July 21-25 was assessed at -30 cents, but no deals were heard on these dates.</p>
<p>Heavy fuel swaps attracted attention around 4Q and 1Q98 and dealers commented on the steepening contango. One said storage companies might start to get active if the contango went another $1 or so.</p>
<p>&quot;End-users still have hedging to do and bearish talk will encourage buying,&quot; said one dealer.</p>
<p>4Q traded a couple of times at $91.50 and also at $92.00 and the contango steepened into 1Q98 which traded at $95.50. 4Q to 1Q98 traded at $3.50.</p>
<p>Closer in saw high sulphur swaps trading at $82.25 for July, $83.25 for July, $84.25 for August and $85 for September.</p>
<p>Low sulphur swaps were a touch firmer from Wednesday by $1 or so, but July swaps were still backwardated against wet barrels. August and September were fairly flat against July with September showing a $1 contango.</p>
<p>July traded at $93.50.</p>
<p>Gasoline swaps initially gained in the morning rising by up to $3, but spent the afternoon drifting back down. July, August and September were all valued at $180.00, about $1 higher than Wednesday.</p>
<p>Naphtha swaps were stable with July heard trading at $174.00 and $174.50 for July, but the market was very slow with several key players out of the market due to a function.</p>
<p>-- London Newsroom +44 171 542 8980</p>
</text>
<copyright>(c) Reuters Limited 1997</copyright>
<metadata>
<codes class="bip:countries:1.0">
  <code code="UK">
    <editdetail attribution="Reuters BIP Coding Group" action="confirmed" date="1997-06-26"/>
  </code>
</codes>
<codes class="bip:topics:1.0">
  <code code="M14">
    <editdetail attribution="Reuters BIP Coding Group" action="confirmed" date="1997-06-26"/>
  </code>
  <code code="M143">
    <editdetail attribution="Reuters BIP Coding Group" action="confirmed" date="1997-06-26"/>
  </code>
  <code code="MCAT">
    <editdetail attribution="Reuters BIP Coding Group" action="confirmed" date="1997-06-26"/>
  </code>
</codes>
<dc element="dc.date.created" value="1997-06-26"/>
<dc element="dc.publisher" value="Reuters Holdings Plc"/>
<dc element="dc.date.published" value="1997-06-26"/>
<dc element="dc.source" value="Reuters"/>
<dc element="dc.creator.location" value="LONDON"/>
<dc element="dc.creator.location.country.name" value="UK"/>
<dc element="dc.source" value="Reuters"/>
</metadata>
</newsitem>
