<?xml version="1.0" encoding="iso-8859-1" ?>
<newsitem itemid="688478" id="root" date="1997-06-26" xml:lang="en">
<title>UK: Copper slides under $2,400, still ends LME higher.</title>
<headline>Copper slides under $2,400, still ends LME higher.</headline>
<text>
<p>COPPER - Finishes higher after less volatile session. But close under $2,400 not seen constructive.</p>
<p>ALUMINIUM - Closes steadier, stalls at $1,580.</p>
<p>ZINC - Finishes firm, near new seven-year peak.</p>
<p>NICKEL - Ends steadier, awaits news from Inco.</p>
<p>LEAD - Closes slightly higher. TIN - Ends lower.</p>
</text>
<copyright>(c) Reuters Limited 1997</copyright>
<metadata>
<codes class="bip:countries:1.0">
  <code code="UK">
    <editdetail attribution="Reuters BIP Coding Group" action="confirmed" date="1997-06-26"/>
  </code>
</codes>
<codes class="bip:topics:1.0">
  <code code="M14">
    <editdetail attribution="Reuters BIP Coding Group" action="confirmed" date="1997-06-26"/>
  </code>
  <code code="M142">
    <editdetail attribution="Reuters BIP Coding Group" action="confirmed" date="1997-06-26"/>
  </code>
  <code code="MCAT">
    <editdetail attribution="Reuters BIP Coding Group" action="confirmed" date="1997-06-26"/>
  </code>
</codes>
<dc element="dc.publisher" value="Reuters Holdings Plc"/>
<dc element="dc.date.published" value="1997-06-26"/>
<dc element="dc.source" value="Reuters"/>
<dc element="dc.creator.location.country.name" value="UK"/>
<dc element="dc.source" value="Reuters"/>
</metadata>
</newsitem>
