<?xml version="1.0" encoding="iso-8859-1" ?>
<newsitem itemid="688405" id="root" date="1997-06-26" xml:lang="en">
<title>FRANCE: GOLF-RAIN DELAYS START OF FRENCH OPEN.</title>
<headline>GOLF-RAIN DELAYS START OF FRENCH OPEN.</headline>
<dateline>PARIS, France 1997-06-26</dateline>
<text>
<p>Heavy rain delayed the start of the French Open at the National Course in Paris on Thursday.</p>
<p>Flooded bunkers were the main problem as the incessant downpour overnight extended into the morning, causing a projected three-hour delay.</p>
</text>
<copyright>(c) Reuters Limited 1997</copyright>
<metadata>
<codes class="bip:countries:1.0">
  <code code="FRA">
    <editdetail attribution="Reuters BIP Coding Group" action="confirmed" date="1997-06-26"/>
  </code>
</codes>
<codes class="bip:topics:1.0">
  <code code="GCAT">
    <editdetail attribution="Reuters BIP Coding Group" action="confirmed" date="1997-06-26"/>
  </code>
  <code code="GSPO">
    <editdetail attribution="Reuters BIP Coding Group" action="confirmed" date="1997-06-26"/>
  </code>
</codes>
<dc element="dc.date.created" value="1997-06-26"/>
<dc element="dc.publisher" value="Reuters Holdings Plc"/>
<dc element="dc.date.published" value="1997-06-26"/>
<dc element="dc.source" value="Reuters"/>
<dc element="dc.creator.location" value="PARIS, France"/>
<dc element="dc.creator.location.country.name" value="FRANCE"/>
<dc element="dc.source" value="Reuters"/>
</metadata>
</newsitem>
