<?xml version="1.0" encoding="iso-8859-1" ?>
<newsitem itemid="688434" id="root" date="1997-06-26" xml:lang="en">
<title>CZECH REPUBLIC: LIST OF DIVIDENDS OF CZECH MAIN MARKET COMPANIES.</title>
<headline>LIST OF DIVIDENDS OF CZECH MAIN MARKET COMPANIES.</headline>
<dateline>PRAGUE 1997-06-26</dateline>
<text>
<p>The following is a list of</p>
<p>proposed gross dividends for Czech companies whose shares are</p>
<p>traded on the main market of the Prague Stock Exchange.</p>
<p> Company:					CZK Gross Dividend:</p>
<p>						   for 1996   for 1995</p>
<p> 1.IF ZIVNOBANKA		20	   15</p>
<p>*BIOCEL PASKOV		   0	    0</p>
<p>*CESKA POJISTOVNA		0	    0</p>
<p>*CESKA SPORITELNA	     10	    5</p>
<p> CESKE RADIOKOMUNIKACE	 0	    0</p>
<p>*CEZ				 0	    0</p>
<p>*CHEMOPETROL GROUP	    13.33	13.33</p>
<p> COKOLADOVNY		    70	   50</p>
<p> DEZA			     60	   60</p>
<p>*ELEKTRARNY OPATOVICE	180	  180</p>
<p>*IF BOHATSTVI		   0	    0</p>
<p>*IPB				8	   16</p>
<p>*IPF KOMERCNI BANKY	   0	   17</p>
<p>*IPS PRAHA			3.50     100</p>
<p> JIHOCESKA ENERGETIKA	 0	   20</p>
<p> JIHOMORAVSKA ENERGETIKA   51	   40</p>
<p>*KAUCUK GROUP		  13.60	13.60</p>
<p>*KOMERCNI BANKA	     101	   95</p>
<p>*METROSTAV			70	   70</p>
<p>*MORAVSKE CHEMICKE ZAVODY    0	    0</p>
<p>*MORAVSKOSLEZSKE TEPLARNY    0	    0</p>
<p> MOSTECKA UHELNA SPOLECNOST  0	   22</p>
<p>*NOVA HUT			  0	    0</p>
<p>*PF IKS KB PLUS		  8	    7</p>
<p>*PIVOVAR RADEGAST	     80	  100</p>
<p>*PRAZSKA ENERGETIKA	    0	   20</p>
<p> PRAZSKA TEPLARENSKA	  28	    0</p>
<p>*PVT				 0	  115</p>
<p>*RENTIERSKY IF 1.IN	   32.84	27</p>
<p>*RIF			     100	    0</p>
<p>*SEPAP			     0	    0</p>
<p> SEVEROCESKA ENERGETIKA     50	   50</p>
<p>*SEVEROCESKE DOLY	     40	   40</p>
<p>*SEVEROMORAVSKA ENERGETIKA   0	   30</p>
<p> SKODA			     0	    0</p>
<p> SPIF CESKY			-	    8</p>
<p>*SPT TELECOM		     0	    0</p>
<p> STREDOCESKA ENERGETICKA     0	    0</p>
<p> SYNTHESIA			 -	    0</p>
<p>*VERTEX			   20	   20</p>
<p>*VODNI STAVBY PRAHA	   27	   45</p>
<p>*VYCHODOCESKA ENERGETIKA     0	    0</p>
<p>*YSE				 0	   11</p>
<p> ZAPADOCESKA ENERGETIKA	0	   20</p>
<p>*ZIVNOBANKA PF		  15	   11.40</p>
<p>*ZIVNOSTENSKA BANKA	  160	  160</p>
<p>Note: Dividends already approved by AGMs are denoted with</p>
<p>an asterisk.</p>
<p>-- Prague Newsroom, 420-2-2423-0003</p>
</text>
<copyright>(c) Reuters Limited 1997</copyright>
<metadata>
<codes class="bip:countries:1.0">
  <code code="CZREP">
    <editdetail attribution="Reuters BIP Coding Group" action="confirmed" date="1997-06-26"/>
  </code>
</codes>
<codes class="bip:industries:1.0">
  <code code="I11000">
    <editdetail attribution="Reuters BIP Coding Group" action="confirmed" date="1997-06-26"/>
  </code>
  <code code="I16000">
    <editdetail attribution="Reuters BIP Coding Group" action="confirmed" date="1997-06-26"/>
  </code>
  <code code="I16100">
    <editdetail attribution="Reuters BIP Coding Group" action="confirmed" date="1997-06-26"/>
  </code>
  <code code="I22100">
    <editdetail attribution="Reuters BIP Coding Group" action="confirmed" date="1997-06-26"/>
  </code>
  <code code="I24794">
    <editdetail attribution="Reuters BIP Coding Group" action="confirmed" date="1997-06-26"/>
  </code>
  <code code="I25000">
    <editdetail attribution="Reuters BIP Coding Group" action="confirmed" date="1997-06-26"/>
  </code>
  <code code="I25100">
    <editdetail attribution="Reuters BIP Coding Group" action="confirmed" date="1997-06-26"/>
  </code>
  <code code="I25120">
    <editdetail attribution="Reuters BIP Coding Group" action="confirmed" date="1997-06-26"/>
  </code>
  <code code="I32000">
    <editdetail attribution="Reuters BIP Coding Group" action="confirmed" date="1997-06-26"/>
  </code>
  <code code="I42100">
    <editdetail attribution="Reuters BIP Coding Group" action="confirmed" date="1997-06-26"/>
  </code>
  <code code="I42700">
    <editdetail attribution="Reuters BIP Coding Group" action="confirmed" date="1997-06-26"/>
  </code>
  <code code="I47100">
    <editdetail attribution="Reuters BIP Coding Group" action="confirmed" date="1997-06-26"/>
  </code>
  <code code="I47101">
    <editdetail attribution="Reuters BIP Coding Group" action="confirmed" date="1997-06-26"/>
  </code>
  <code code="I50000">
    <editdetail attribution="Reuters BIP Coding Group" action="confirmed" date="1997-06-26"/>
  </code>
  <code code="I50200">
    <editdetail attribution="Reuters BIP Coding Group" action="confirmed" date="1997-06-26"/>
  </code>
  <code code="I79020">
    <editdetail attribution="Reuters BIP Coding Group" action="confirmed" date="1997-06-26"/>
  </code>
  <code code="I81402">
    <editdetail attribution="Reuters BIP Coding Group" action="confirmed" date="1997-06-26"/>
  </code>
  <code code="I81403">
    <editdetail attribution="Reuters BIP Coding Group" action="confirmed" date="1997-06-26"/>
  </code>
  <code code="I81502">
    <editdetail attribution="Reuters BIP Coding Group" action="confirmed" date="1997-06-26"/>
  </code>
  <code code="I8150206">
    <editdetail attribution="Reuters BIP Coding Group" action="confirmed" date="1997-06-26"/>
  </code>
  <code code="I8150211">
    <editdetail attribution="Reuters BIP Coding Group" action="confirmed" date="1997-06-26"/>
  </code>
  <code code="I82001">
    <editdetail attribution="Reuters BIP Coding Group" action="confirmed" date="1997-06-26"/>
  </code>
  <code code="I83954">
    <editdetail attribution="Reuters BIP Coding Group" action="confirmed" date="1997-06-26"/>
  </code>
</codes>
<codes class="bip:topics:1.0">
  <code code="C15">
    <editdetail attribution="Reuters BIP Coding Group" action="confirmed" date="1997-06-26"/>
  </code>
  <code code="C151">
    <editdetail attribution="Reuters BIP Coding Group" action="confirmed" date="1997-06-26"/>
  </code>
  <code code="CCAT">
    <editdetail attribution="Reuters BIP Coding Group" action="confirmed" date="1997-06-26"/>
  </code>
</codes>
<dc element="dc.date.created" value="1997-06-26"/>
<dc element="dc.publisher" value="Reuters Holdings Plc"/>
<dc element="dc.date.published" value="1997-06-26"/>
<dc element="dc.source" value="Reuters"/>
<dc element="dc.creator.location" value="PRAGUE"/>
<dc element="dc.creator.location.country.name" value="CZECH REPUBLIC"/>
<dc element="dc.source" value="Reuters"/>
</metadata>
</newsitem>
