<?xml version="1.0" encoding="iso-8859-1" ?>
<newsitem itemid="688412" id="root" date="1997-06-26" xml:lang="en">
<title>SOUTH AFRICA: COATES RENEWS CAUTIONARY ON SUSPENDED TALKS.</title>
<headline>COATES RENEWS CAUTIONARY ON SUSPENDED TALKS.</headline>
<dateline>JOHANNESBURG 1997-06-26</dateline>
<text>
<p>Coates Brothers (South Africa) Ltd on Thursday renewed a cautionary published on May 30 in which it said that talks between itself and The Valspar Corp had been temporarily suspended.</p>
<p>It said in that announcement that the talks related to the sale of Coates' can coatings division to Valspar. It said then that the negotiations would resume during August.</p>
<p>Shareholders were advised to exercise caution in their share dealings.</p>
<p>A further announcement would be made when the talks recommenced, Coates said.</p>
<p>-- Johannesburg newsroom 27 11 482 1003</p>
</text>
<copyright>(c) Reuters Limited 1997</copyright>
<metadata>
<codes class="bip:countries:1.0">
  <code code="SAFR">
    <editdetail attribution="Reuters BIP Coding Group" action="confirmed" date="1997-06-26"/>
  </code>
</codes>
<codes class="bip:industries:1.0">
  <code code="I25000">
    <editdetail attribution="Reuters BIP Coding Group" action="confirmed" date="1997-06-26"/>
  </code>
  <code code="I25510">
    <editdetail attribution="Reuters BIP Coding Group" action="confirmed" date="1997-06-26"/>
  </code>
</codes>
<codes class="bip:topics:1.0">
  <code code="C15">
    <editdetail attribution="Reuters BIP Coding Group" action="confirmed" date="1997-06-26"/>
  </code>
  <code code="C152">
    <editdetail attribution="Reuters BIP Coding Group" action="confirmed" date="1997-06-26"/>
  </code>
  <code code="C18">
    <editdetail attribution="Reuters BIP Coding Group" action="confirmed" date="1997-06-26"/>
  </code>
  <code code="C181">
    <editdetail attribution="Reuters BIP Coding Group" action="confirmed" date="1997-06-26"/>
  </code>
  <code code="CCAT">
    <editdetail attribution="Reuters BIP Coding Group" action="confirmed" date="1997-06-26"/>
  </code>
</codes>
<dc element="dc.date.created" value="1997-06-26"/>
<dc element="dc.publisher" value="Reuters Holdings Plc"/>
<dc element="dc.date.published" value="1997-06-26"/>
<dc element="dc.source" value="Reuters"/>
<dc element="dc.creator.location" value="JOHANNESBURG"/>
<dc element="dc.creator.location.country.name" value="SOUTH AFRICA"/>
<dc element="dc.source" value="Reuters"/>
</metadata>
</newsitem>
