<?xml version="1.0" encoding="iso-8859-1" ?>
<newsitem itemid="688484" id="root" date="1997-06-26" xml:lang="en">
<title>UK: No casualties in attack on N.Ireland police patrol.</title>
<headline>No casualties in attack on N.Ireland police patrol.</headline>
<dateline>BELFAST 1997-06-26</dateline>
<text>
<p>A bomb attack was launched on a police patrol in north Belfast late on Thursday, Northern Ireland security sources said.</p>
<p>There were no reports of any injuries, the sources added.</p>
<p>First reports said a grenade of a type often used by IRA guerrillas had been fired at an armoured police vehicle but it was not known if it hit the vehicle.</p>
<p>&quot;There was an attack on a police mobile patrol at Limestone Road,&quot; a security source said. No group has claimed responsibility for the attack.</p>
<p>The attack occurred just 36 hours after British Prime Minister Tony Blair launched an initiative aimed at persuading the Irish Republican Army (IRA) to abandon its long guerrilla war against British rule in Northern Ireland and to secure a place at peace talks.</p>
</text>
<copyright>(c) Reuters Limited 1997</copyright>
<metadata>
<codes class="bip:countries:1.0">
  <code code="UK">
    <editdetail attribution="Reuters BIP Coding Group" action="confirmed" date="1997-06-26"/>
  </code>
</codes>
<codes class="bip:topics:1.0">
  <code code="GCAT">
    <editdetail attribution="Reuters BIP Coding Group" action="confirmed" date="1997-06-26"/>
  </code>
  <code code="GCRIM">
    <editdetail attribution="Reuters BIP Coding Group" action="confirmed" date="1997-06-26"/>
  </code>
  <code code="GVIO">
    <editdetail attribution="Reuters BIP Coding Group" action="confirmed" date="1997-06-26"/>
  </code>
</codes>
<dc element="dc.date.created" value="1997-06-26"/>
<dc element="dc.publisher" value="Reuters Holdings Plc"/>
<dc element="dc.date.published" value="1997-06-26"/>
<dc element="dc.source" value="Reuters"/>
<dc element="dc.creator.location" value="BELFAST"/>
<dc element="dc.creator.location.country.name" value="UK"/>
<dc element="dc.source" value="Reuters"/>
</metadata>
</newsitem>
