<?xml version="1.0" encoding="iso-8859-1" ?>
<newsitem itemid="688559" id="root" date="1997-06-26" xml:lang="en">
<title>AUSTRALIA: PRESS DIGEST-Australian Sports News - June 27.</title>
<headline>PRESS DIGEST-Australian Sports News - June 27.</headline>
<text>
<p>(Compiled for Reuters by Media Monitors)</p>
<p>THE AUSTRALIAN</p>
<p>In what he describes as &quot;one of our unhappiest years&quot;, Essendon coach Kevin Sheedy has hit out at critics as the Bombers made six changes to the side in an attempt to end a six-game losing streak, the longest losing streak in Sheedy's 17-year term as coach. Page 20.</p>
<p>--</p>
<p>Australian rugby coach Greg Smith said yesterday at the Australian team training that the European champions France, who Australia meets in the Second Test tomorrow night, should give up the game if they cannot play within the rules. Page 20.</p>
<p>--</p>
<p>Representatives of Australian Rugby League clubs Sydney City and North Sydney last night maintained they intend to stand alone in the event of a merged competition with Super League. Their calls come despite pressure from the ARL at a meeting on Wednesday night. Page 20.</p>
<p>--</p>
<p>THE SYDNEY MORNING HERALD</p>
<p>A specially convened hearing of the Australian Rugby League judiciary will be held tonight after chief executive Neil Whittaker cited three players from Wednesday's night's State of Origin match. Queensland's Wayne Bartrim and rival hookers Andrew Johns and Jamie Goddard have been placed on report. Page 41.</p>
<p>--</p>
<p>The New Zealand soccer team - the All Whites - are a threat to Australia in the crucial World Cup qualifying match in Auckland tomorrow. It is the fact that the All Whites are playing for pride only that makes them such a threat - the New Zealanders will not be paid any money if they win the match, while the Australians will get A$1,250 each if they do. Page 43. --</p>
<p>Australian rugby coach Greg Smith has called for Test matches to be returned to their 3pm, Saturday afternoon timeslot because the standard of play is usually lower in night-time conditions. However, his pleas are not expected to be answered by television programmers or rugby administrators. Page 42.</p>
<p>--</p>
<p>THE AGE</p>
<p>After waiting over two days, Australian tennis player Rachel McQuillan finally got on to centre court to complete her match against Wimbledon number two seed Monica Seles. The match, which was one of only two matches completed in the rain affected tournaent yesterday, was over in 46 minutes, with Seles winning 6-0, 6-2. Page D5.</p>
<p>--</p>
<p>New Super League head Colin Sanders, a chief executive of the Royal Agricultural Society of New South Wales, replaces John Ribot, and intends to take a back seat in the current peace negotiations with the Australian Rugby League, leaving the diplomacy to an Frykberg. Page D11.</p>
<p>--</p>
<p>Sky Channel chief executive Warren Wilson said yesterday pay TV subscribers will pay less than A$10 a month to watch racing. Wilson said the deal will hopefully be up and running within 16 weeks of the various bodies involved signing up. Page D13.</p>
<p>--</p>
<p>THE HERALD SUN</p>
<p>Carlton Australian Football League defender Ang Christou will not play again this season because of back injury. However, Christou said from Freemasons' Hospital that he is relieved the injury will only require rehabilitation instead of surgery. Page 120</p>
<p>--</p>
<p>The Australian youth soccer team was unable to repeat the performance that saw it defeat Argentina 4-3, losing 1-0 to Japan overnight in the World Youth Cup. The shock loss was due to strong Japanese defence and a 43rd minute goal by Atsushi Yanagisawa. page 118.</p>
<p>--</p>
<p>Australian fast bowler Michael Kasprowicz was just lucky to be included in the first two Test teams in the Ashes series against England, and may be unlucky enough not to be included in the third Test team. However, while he is probably fourth in line-up of bowlers and has been included because of player injuries, he is proving a good tourist and useful fast bowler. Page 110.</p>
<p>--</p>
<p>THE DAILY TELEGRAPH</p>
<p>South East Melbourne Magic basketball player Chris Anstey has been asked to front up to summer camp for his new NBA club the Dallas Mavericks almost immediately. Anstey, who will earn A$3.3 million over three years in the deal, is the first Australian to be drafted straight from Australia's National Basketball League to the NBA. Page 127.</p>
<p>--</p>
<p>New South Wales Netball will next week consider recommendations put forward by its NNL Appointments Committee regarding the performance and operation of the Sydney Swifts, who are at equal second on the ladder, and the Sydney Sandpipers, who are strugglin this year, the two State teams in the NNL competition. Page 122.</p>
<p>--</p>
<p>In one of the biggest regattas in the world of the new Olympic class 49er sailing in Germany, Australia's skiff skipper Chris Nicholson has debuted well, with a first and two seconds on the opening day. Other Australian teams competing did well, with fifh and seventh recorded for David Mann and Warwick Rooklyn. Page 123.</p>
<p>-- Sydney Newsroom 61-2 9373-1800</p>
</text>
<copyright>(c) Reuters Limited 1997</copyright>
<metadata>
<codes class="bip:countries:1.0">
  <code code="AUSTR">
    <editdetail attribution="Reuters BIP Coding Group" action="confirmed" date="1997-06-26"/>
  </code>
</codes>
<codes class="bip:topics:1.0">
  <code code="GCAT">
    <editdetail attribution="Reuters BIP Coding Group" action="confirmed" date="1997-06-26"/>
  </code>
  <code code="GSPO">
    <editdetail attribution="Reuters BIP Coding Group" action="confirmed" date="1997-06-26"/>
  </code>
</codes>
<dc element="dc.publisher" value="Reuters Holdings Plc"/>
<dc element="dc.date.published" value="1997-06-26"/>
<dc element="dc.source" value="Reuters"/>
<dc element="dc.creator.location.country.name" value="AUSTRALIA"/>
<dc element="dc.source" value="Reuters"/>
</metadata>
</newsitem>
