<?xml version="1.0" encoding="iso-8859-1" ?>
<newsitem itemid="688507" id="root" date="1997-06-26" xml:lang="en">
<title>UK: BA says keeping cargo flying despite strike threat.</title>
<headline>BA says keeping cargo flying despite strike threat.</headline>
<dateline>LONDON 1997-06-26</dateline>
<text>
<p>British Airways World Cargo said Thursday it plans to &quot;keep flying&quot; and &quot;offer our cargo customers the services they rely on&quot; after a cabin crew vote for strike action.</p>
<p>&quot;We have contingency plans ready to put in place,&quot; said a BA cargo spokesman, without giving further details.</p>
<p>On Wednesday, the Transport and General Workers Union (T&amp;G) said an overwhelming majority of cabin crew had voted for a strike after a bitter five-month-long pay row and it would decide its next move on Monday.</p>
<p>While the majority of BA's cargo is flown in the bellyholds of passenger aircraft, the carrier also leases pure freighter aircraft for certain key ex-London cargo routes -- for example, to Hong Kong, Johannesburg and, from this autumn, Israel.</p>
<p>Market analysts said that to continue offering freight customers an acceptable service during a strike, BA World Cargo would have to increase its all-cargo flights, which should be unaffected by T&amp;G cabin crew union action, and also buy cargo space from other airlines.</p>
<p>They added that the possible strike action would come at a bad time for BA World Cargo, which is anxious to improve on its financial performance for the year-ended March 31, when its revenues fell by one million stg compared to a year earlier, to 565 million stg.</p>
<p>This was blamed on increased capacity in the marketplace accompanied by fierce competition.</p>
<p>BA's cargo volume, however, rose eight percent in 1996-97 to 721,146 tonnes.</p>
<p>-Bob Murphy, Reuters Air Cargo Newsroom Tel,+44 171 542 7706; Fax +5017</p>
<p>www.racs.com</p>
</text>
<copyright>(c) Reuters Limited 1997</copyright>
<metadata>
<codes class="bip:countries:1.0">
  <code code="UK">
    <editdetail attribution="Reuters BIP Coding Group" action="confirmed" date="1997-06-26"/>
  </code>
</codes>
<codes class="bip:industries:1.0">
  <code code="I75000">
    <editdetail attribution="Reuters BIP Coding Group" action="confirmed" date="1997-06-26"/>
  </code>
  <code code="I77002">
    <editdetail attribution="Reuters BIP Coding Group" action="confirmed" date="1997-06-26"/>
  </code>
</codes>
<codes class="bip:topics:1.0">
  <code code="C42">
    <editdetail attribution="Reuters BIP Coding Group" action="confirmed" date="1997-06-26"/>
  </code>
  <code code="CCAT">
    <editdetail attribution="Reuters BIP Coding Group" action="confirmed" date="1997-06-26"/>
  </code>
  <code code="E41">
    <editdetail attribution="Reuters BIP Coding Group" action="confirmed" date="1997-06-26"/>
  </code>
  <code code="ECAT">
    <editdetail attribution="Reuters BIP Coding Group" action="confirmed" date="1997-06-26"/>
  </code>
  <code code="GCAT">
    <editdetail attribution="Reuters BIP Coding Group" action="confirmed" date="1997-06-26"/>
  </code>
  <code code="GJOB">
    <editdetail attribution="Reuters BIP Coding Group" action="confirmed" date="1997-06-26"/>
  </code>
</codes>
<dc element="dc.date.created" value="1997-06-26"/>
<dc element="dc.publisher" value="Reuters Holdings Plc"/>
<dc element="dc.date.published" value="1997-06-26"/>
<dc element="dc.source" value="Reuters"/>
<dc element="dc.creator.location" value="LONDON"/>
<dc element="dc.creator.location.country.name" value="UK"/>
<dc element="dc.source" value="Reuters"/>
</metadata>
</newsitem>
