<?xml version="1.0" encoding="iso-8859-1" ?>
<newsitem itemid="688584" id="root" date="1997-06-26" xml:lang="en">
<title>CANADA: Fletcher Canada, unions to resume talks.</title>
<headline>Fletcher Canada, unions to resume talks.</headline>
<dateline>VANCOUVER 1997-06-26</dateline>
<text>
<p>Armed by a strike manadate, unions at Fletcher Challenge Canada Ltd will resume contract negotiations with the pulp and paper maker next week, a union official said Thursday.</p>
<p>Communications, Energy and Paperworkers union president Brian Payne said Thursday that talks with the company were scheduled to restart on July 4.</p>
<p>Payne said the unions expected the company to make concessions then. &quot;I am expecting they are going to modify their position....I'm optimistic the employer will be prepared to make&quot; changes, he said.</p>
<p>The 2,400 union workers at the company's three British Columbia pulp and paper mills voted earlier this week 96 percent in favor of a strike if necessary.</p>
<p>Talks collapsed June 16 over the company's demand for an eight-year contract, 365-day-a-year operation and greater workplace flexibility, the unions said then.</p>
<p>The unions must give 10 day notice before they can call a strike. Any decision to proceed with a strike will &quot;depend on the flow&quot; of negotiations and no timetable has been set, Payne said.</p>
<p>The union hopes to avoid a strike, he said. The workers have been without a contract since April 30.</p>
<p>Fletcher officials were not immediately available for comment. Fletcher is majority owned by New Zealand's Fletcher Challenge Ltd.</p>
<p>((Reuters Vancouver Bureau (604) 664-7314))</p>
</text>
<copyright>(c) Reuters Limited 1997</copyright>
<metadata>
<codes class="bip:countries:1.0">
  <code code="CANA">
    <editdetail attribution="Reuters BIP Coding Group" action="confirmed" date="1997-06-26"/>
  </code>
</codes>
<codes class="bip:industries:1.0">
  <code code="I47100">
    <editdetail attribution="Reuters BIP Coding Group" action="confirmed" date="1997-06-26"/>
  </code>
</codes>
<codes class="bip:topics:1.0">
  <code code="C42">
    <editdetail attribution="Reuters BIP Coding Group" action="confirmed" date="1997-06-26"/>
  </code>
  <code code="CCAT">
    <editdetail attribution="Reuters BIP Coding Group" action="confirmed" date="1997-06-26"/>
  </code>
  <code code="E41">
    <editdetail attribution="Reuters BIP Coding Group" action="confirmed" date="1997-06-26"/>
  </code>
  <code code="ECAT">
    <editdetail attribution="Reuters BIP Coding Group" action="confirmed" date="1997-06-26"/>
  </code>
  <code code="GCAT">
    <editdetail attribution="Reuters BIP Coding Group" action="confirmed" date="1997-06-26"/>
  </code>
  <code code="GJOB">
    <editdetail attribution="Reuters BIP Coding Group" action="confirmed" date="1997-06-26"/>
  </code>
</codes>
<dc element="dc.date.created" value="1997-06-26"/>
<dc element="dc.publisher" value="Reuters Holdings Plc"/>
<dc element="dc.date.published" value="1997-06-26"/>
<dc element="dc.source" value="Reuters"/>
<dc element="dc.creator.location" value="VANCOUVER"/>
<dc element="dc.creator.location.country.name" value="CANADA"/>
<dc element="dc.source" value="Reuters"/>
</metadata>
</newsitem>
