<?xml version="1.0" encoding="iso-8859-1" ?>
<newsitem itemid="688566" id="root" date="1997-06-26" xml:lang="en">
<title>CANADA: Canada vows to set own salmon fishing quotas.</title>
<headline>Canada vows to set own salmon fishing quotas.</headline>
<byline>Heather Scoffield</byline>
<dateline>OTTAWA 1997-06-26</dateline>
<text>
<p>Canada has given up trying to reach a deal with the United States over salmon fishing on the West Coast, Foreign Affairs Minister Lloyd Axworthy said on Thursday.</p>
<p>Instead, Canada will put an end to months of turbulent talks and set its own salmon quotas.</p>
<p>&quot;We will be proceeding to introduce our own fishing requirements,&quot; Axworthy told a news conference in Ottawa.</p>
<p>&quot;I regret very much that we weren't able to find a deal with the Americans. There isn't a technique that we haven't used to find a resolution in this matter.&quot;</p>
<p>Fisheries Minister David Anderson will make the details of Canada's fishing quota public soon.</p>
<p>The U.S. State Department acknowledged in Washington that attempts to resolve the dispute failed, despite hopes by both sides of reaching a settlement before the start of the salmon fishing season.</p>
<p>&quot;In the absence of an agreement this summer, U.S. managers will ensure that our 1997 fisheries are conducted in accordance with sound conservation and management principles and will coordinate with Canadian managers to that end,&quot; the State Department said.</p>
<p>Canada and the United States have held sporadic talks over the past few months on how to divide the Pacfic salmon catch.</p>
<p>Talks initially broke down in May after Canada accused the United States of bargaining in bad faith.</p>
<p>The governments of Canada and the province of British Columbia threatened reprisals to pressure the United States into establishing fishing quotas.</p>
<p>Canada announced last month it would begin enforcing requirements that U.S. boats fishing in Canadian waters report to Canadian authorities. Under that policy, the Canadian Coast Guard seized four U.S. fishing boats.</p>
<p>Washington blamed Canada for the breakdown in talks, saying Ottawa had been unwilling to make efforts to conserve coho salmon stocks off the West Coast.</p>
<p>&quot;In the end, Canada wanted the United States to make a substantial reduction in its sockeye fishery in return for a coho regime that would not ensure conservation and would not provide a coho fishery for the United States,&quot; the State Department said.</p>
<p>Axworthy, made clear on Thursday he believed the only remaining course would be for the dispute to be settled through binding arbitration.</p>
<p>The United States has turned down previous Canadian requests for arbitration.</p>
<p>The dispute went to non-binding arbitration in 1995, but collapsed without a deal.</p>
<p>Axworthy said the two countries were closer to a deal now than then and he rejected the use of reprisals to force the Americans' hand.</p>
<p>&quot;We should be very careful not to extend linkages in this issue,&quot; he said. &quot;This is a fishing issue...it's very important that we resolve it within those parameters.&quot;</p>
</text>
<copyright>(c) Reuters Limited 1997</copyright>
<metadata>
<codes class="bip:countries:1.0">
  <code code="CANA">
    <editdetail attribution="Reuters BIP Coding Group" action="confirmed" date="1997-06-26"/>
  </code>
  <code code="USA">
    <editdetail attribution="Reuters BIP Coding Group" action="confirmed" date="1997-06-26"/>
  </code>
</codes>
<codes class="bip:industries:1.0">
  <code code="I03000">
    <editdetail attribution="Reuters BIP Coding Group" action="confirmed" date="1997-06-26"/>
  </code>
</codes>
<codes class="bip:topics:1.0">
  <code code="C13">
    <editdetail attribution="Reuters BIP Coding Group" action="confirmed" date="1997-06-26"/>
  </code>
  <code code="C21">
    <editdetail attribution="Reuters BIP Coding Group" action="confirmed" date="1997-06-26"/>
  </code>
  <code code="CCAT">
    <editdetail attribution="Reuters BIP Coding Group" action="confirmed" date="1997-06-26"/>
  </code>
</codes>
<dc element="dc.date.created" value="1997-06-26"/>
<dc element="dc.publisher" value="Reuters Holdings Plc"/>
<dc element="dc.date.published" value="1997-06-26"/>
<dc element="dc.source" value="Reuters"/>
<dc element="dc.creator.location" value="OTTAWA"/>
<dc element="dc.creator.location.country.name" value="CANADA"/>
<dc element="dc.source" value="Reuters"/>
</metadata>
</newsitem>
