<?xml version="1.0" encoding="iso-8859-1" ?>
<newsitem itemid="688508" id="root" date="1997-06-26" xml:lang="en">
<title>UK: NWE spot naphtha drifts lower but swaps stable.</title>
<headline>NWE spot naphtha drifts lower but swaps stable.</headline>
<dateline>LONDON 1997-06-26</dateline>
<text>
<p>European naphtha prices drifted lower in line with weaker crude futures. Traders said lengthy supplies and slack end-user demand were also adding pressure.</p>
<p>Spot market prices drifted lower in line with crude and trade was further dulled by an Industry function but swaps were reported traded at a steady $174 and $174.50 a tonne cif NWE with the market showing a steady contango of $1.50 to $2.50 a tonne out to September.</p>
<p>Prompt lifting barges were notionally pegged around $2 lower at $167/$169 a tonne fob ARA with cargoes of $1-2 at $173/$175 cif NWE.</p>
<p>Traders reported sufficient end-user buying interest to balance fresh Russian cargo avails in the Mediterranean, but weaker crude and refiner selling left prices slightly softer at around $169/$173 a tonne cif Med.</p>
<p>-- Colin Wooster, London Newsroom, +44 171 542 7456</p>
</text>
<copyright>(c) Reuters Limited 1997</copyright>
<metadata>
<codes class="bip:countries:1.0">
  <code code="UK">
    <editdetail attribution="Reuters BIP Coding Group" action="confirmed" date="1997-06-26"/>
  </code>
</codes>
<codes class="bip:topics:1.0">
  <code code="M14">
    <editdetail attribution="Reuters BIP Coding Group" action="confirmed" date="1997-06-26"/>
  </code>
  <code code="M143">
    <editdetail attribution="Reuters BIP Coding Group" action="confirmed" date="1997-06-26"/>
  </code>
  <code code="MCAT">
    <editdetail attribution="Reuters BIP Coding Group" action="confirmed" date="1997-06-26"/>
  </code>
</codes>
<dc element="dc.date.created" value="1997-06-26"/>
<dc element="dc.publisher" value="Reuters Holdings Plc"/>
<dc element="dc.date.published" value="1997-06-26"/>
<dc element="dc.source" value="Reuters"/>
<dc element="dc.creator.location" value="LONDON"/>
<dc element="dc.creator.location.country.name" value="UK"/>
<dc element="dc.source" value="Reuters"/>
</metadata>
</newsitem>
