<?xml version="1.0" encoding="iso-8859-1" ?>
<newsitem itemid="688541" id="root" date="1997-06-26" xml:lang="en">
<title>UK: Mill demand remains slow on European cotton mart.</title>
<headline>Mill demand remains slow on European cotton mart.</headline>
<dateline>LONDON 1997-06-26</dateline>
<text>
<p>Despite the further advance of New York futures, and the consequent firmness of sellers' price ideas, mill demand for raw cotton remained decidedly slow on most European markets, traders said.</p>
<p>Some limited enquiry was forthcoming for the standard African and Central Asian styles, from markets including Italy and Germany.</p>
<p>But, with the exceptions of sporadic, gap-filling transactions, typically not exceeding a few hundred tonnes, business in raw cotton remained at a low ebb.</p>
<p>London Newsroom, +44 171 542 7771</p>
</text>
<copyright>(c) Reuters Limited 1997</copyright>
<metadata>
<codes class="bip:countries:1.0">
  <code code="UK">
    <editdetail attribution="Reuters BIP Coding Group" action="confirmed" date="1997-06-26"/>
  </code>
</codes>
<codes class="bip:topics:1.0">
  <code code="M14">
    <editdetail attribution="Reuters BIP Coding Group" action="confirmed" date="1997-06-26"/>
  </code>
  <code code="M141">
    <editdetail attribution="Reuters BIP Coding Group" action="confirmed" date="1997-06-26"/>
  </code>
  <code code="MCAT">
    <editdetail attribution="Reuters BIP Coding Group" action="confirmed" date="1997-06-26"/>
  </code>
</codes>
<dc element="dc.date.created" value="1997-06-26"/>
<dc element="dc.publisher" value="Reuters Holdings Plc"/>
<dc element="dc.date.published" value="1997-06-26"/>
<dc element="dc.source" value="Reuters"/>
<dc element="dc.creator.location" value="LONDON"/>
<dc element="dc.creator.location.country.name" value="UK"/>
<dc element="dc.source" value="Reuters"/>
</metadata>
</newsitem>
