<?xml version="1.0" encoding="iso-8859-1" ?>
<newsitem itemid="688575" id="root" date="1997-06-26" xml:lang="en">
<title>CANADA: Canada bonds end weaker, underperform on rate hike.</title>
<headline>Canada bonds end weaker, underperform on rate hike.</headline>
<dateline>TORONTO 1997-06-26</dateline>
<text>
<p>Canadian bonds closed sharply weaker in very active trade on Thursday after the Bank of Canada surprised the market by hiking rates for the first time in more than two years, analysts said.</p>
<p>&quot;The market is basically responding to the Bank of Canada's rate hike this morning which wasn't expected. It shored up the currency but put a negative tone on the bond market,&quot; said Anita Lauria, an economist with Salomon Brothers.</p>
<p>Canada's 30-year benchmark bond fell C$1.38 to C$114.89 to yield 6.825 percent.  </p>
<p>The U.S. 30-year bond fell 16/32 to yield 6.78 percent. The spread between the bonds moved to five basis points from a negative spread of one basis point at Wednesday's close.</p>
<p>Earlier the Bank of Canada raised its key bank rate by 25 basis points to 3.5 percent -- the first move by the bank since it cut rates by 25 basis points on November 8, 1996.</p>
<p>The move brought the bank's target range for the call loan or overnight lending rate to 3.0-3.5 from 2.75-3.25 percent. It was the first time the central bank has raised Canadian short-term interest rates since February, 1995.  </p>
<p>Analysts said the rate hike was directly responsible for the Canadian bond market's underperformance relative to the U.S. market. Adding to the Canadian market's woes were portfolio managers' selling of long bonds to lock in strong gains recorded this quarter.</p>
<p>&quot;We saw a lot of guys that had good quarters by being in the long bond the past few months. They're worried about the collapsing market. They're worried about the quarter end performances,&quot; said Sheldon Dong, manager of fixed-income research with Midland Walwyn Capital Inc. &quot;We saw a lot of sellers in the long end.&quot;  </p>
<p>In other prices, Canada's 10-year benchmark bond fell C$1.02 to C$107.13 to yield 6.263 percent, compared to its U.S. equivalent, which fell 9/32 to yield 6.49 percent.</p>
<p>The negative spread between the bonds narrowed to 23 basis points from 30 basis points at Wednesday's close.</p>
<p>The three-month cash T-bill yielded 3.18 percent against its U.S. equivalent, which yielded 5.12 percent.</p>
<p>((Jeffrey Hodgson (416) 941-8105, e-mail: jeffrey.hodgson@reuters.com))</p>
</text>
<copyright>(c) Reuters Limited 1997</copyright>
<metadata>
<codes class="bip:countries:1.0">
  <code code="CANA">
    <editdetail attribution="Reuters BIP Coding Group" action="confirmed" date="1997-06-26"/>
  </code>
</codes>
<codes class="bip:topics:1.0">
  <code code="M12">
    <editdetail attribution="Reuters BIP Coding Group" action="confirmed" date="1997-06-26"/>
  </code>
  <code code="MCAT">
    <editdetail attribution="Reuters BIP Coding Group" action="confirmed" date="1997-06-26"/>
  </code>
</codes>
<dc element="dc.date.created" value="1997-06-26"/>
<dc element="dc.publisher" value="Reuters Holdings Plc"/>
<dc element="dc.date.published" value="1997-06-26"/>
<dc element="dc.source" value="Reuters"/>
<dc element="dc.creator.location" value="TORONTO"/>
<dc element="dc.creator.location.country.name" value="CANADA"/>
<dc element="dc.source" value="Reuters"/>
</metadata>
</newsitem>
