<?xml version="1.0" encoding="iso-8859-1" ?>
<newsitem itemid="688544" id="root" date="1997-06-26" xml:lang="en">
<title>UK: SIB's Large welcomes new super financial regulator.</title>
<headline>SIB's Large welcomes new super financial regulator.</headline>
<dateline>LONDON 1997-06-26</dateline>
<text>
<p>The outgoing chairman of Britain's Securities and Investments Board (SIB) said on Thursday the planned creation of super regulator is an &quot;exciting opportunity of a kind that comes only once in a lifetime&quot;.</p>
<p>Large, writing in the SIB's annual report, conceded that the current two tier system is flawed and had led to duplication, inefficiency and delay.</p>
<p>Large is to be replaced by current Bank of England deputy governor Howard Davies who will head a regulator which will merge banking supervision, currently undertaken by the BOE, with the three front-line self-regulatory organisations which cover personal investments, the investment industry and the financial markets.</p>
<p>Sir Andrew said that examples of the current system's failings include delays to the review of the pensions industry and difficulties in following up the consequences of major management failures in cases such as the collapse of Barings and the problems at Morgan Grenfell Asset management.</p>
<p>&quot;Following up the consequences of major management failures...has been made more difficult by the need to co-ordinate the policies and actions of separate organisations,&quot; Large writes.</p>
</text>
<copyright>(c) Reuters Limited 1997</copyright>
<metadata>
<codes class="bip:countries:1.0">
  <code code="UK">
    <editdetail attribution="Reuters BIP Coding Group" action="confirmed" date="1997-06-26"/>
  </code>
</codes>
<codes class="bip:industries:1.0">
  <code code="I81402">
    <editdetail attribution="Reuters BIP Coding Group" action="confirmed" date="1997-06-26"/>
  </code>
  <code code="I81501">
    <editdetail attribution="Reuters BIP Coding Group" action="confirmed" date="1997-06-26"/>
  </code>
  <code code="I81502">
    <editdetail attribution="Reuters BIP Coding Group" action="confirmed" date="1997-06-26"/>
  </code>
  <code code="I8150214">
    <editdetail attribution="Reuters BIP Coding Group" action="confirmed" date="1997-06-26"/>
  </code>
  <code code="I83100">
    <editdetail attribution="Reuters BIP Coding Group" action="confirmed" date="1997-06-26"/>
  </code>
</codes>
<codes class="bip:topics:1.0">
  <code code="C13">
    <editdetail attribution="Reuters BIP Coding Group" action="confirmed" date="1997-06-26"/>
  </code>
  <code code="CCAT">
    <editdetail attribution="Reuters BIP Coding Group" action="confirmed" date="1997-06-26"/>
  </code>
</codes>
<dc element="dc.date.created" value="1997-06-26"/>
<dc element="dc.publisher" value="Reuters Holdings Plc"/>
<dc element="dc.date.published" value="1997-06-26"/>
<dc element="dc.source" value="Reuters"/>
<dc element="dc.creator.location" value="LONDON"/>
<dc element="dc.creator.location.country.name" value="UK"/>
<dc element="dc.source" value="Reuters"/>
</metadata>
</newsitem>
