<?xml version="1.0" encoding="iso-8859-1" ?>
<newsitem itemid="688546" id="root" date="1997-06-26" xml:lang="en">
<title>UK: London sugar freight.</title>
<headline>London sugar freight.</headline>
<dateline>LONDON 1997-06-26</dateline>
<text>
<p>New orders - Cargill 25,000 bulk Santos or Paranagua to Morocco, Egyptian Med, Baltic or Black Sea July.</p>
<p>Dreyfus 14,000 bagged Brazil to Red Sea mid-July.</p>
<p>Geepee 10/12,000 bagged Bangkok to Red Sea prompt.</p>
<p>Kerry Trading 12,000 bagged South China to Pakistan mid-July and 10,000 bulk Thailand to South Korea mid-July.</p>
<p>Fixtures - Glencore 13/14,000 bagged Santos or Parangua to Red Sea prompt.</p>
<p>E D and F Man 14,000 baggged Durban to Iran early July.</p>
<p>London Newsroom, +44 171 542 7771</p>
</text>
<copyright>(c) Reuters Limited 1997</copyright>
<metadata>
<codes class="bip:countries:1.0">
  <code code="UK">
    <editdetail attribution="Reuters BIP Coding Group" action="confirmed" date="1997-06-26"/>
  </code>
</codes>
<codes class="bip:topics:1.0">
  <code code="M14">
    <editdetail attribution="Reuters BIP Coding Group" action="confirmed" date="1997-06-26"/>
  </code>
  <code code="M141">
    <editdetail attribution="Reuters BIP Coding Group" action="confirmed" date="1997-06-26"/>
  </code>
  <code code="MCAT">
    <editdetail attribution="Reuters BIP Coding Group" action="confirmed" date="1997-06-26"/>
  </code>
</codes>
<dc element="dc.date.created" value="1997-06-26"/>
<dc element="dc.publisher" value="Reuters Holdings Plc"/>
<dc element="dc.date.published" value="1997-06-26"/>
<dc element="dc.source" value="Reuters"/>
<dc element="dc.creator.location" value="LONDON"/>
<dc element="dc.creator.location.country.name" value="UK"/>
<dc element="dc.source" value="Reuters"/>
</metadata>
</newsitem>
