<?xml version="1.0" encoding="iso-8859-1" ?>
<newsitem itemid="688622" id="root" date="1997-06-26" xml:lang="en">
<title>SOUTH AFRICA: Absa mulling 500 mln rand tier-two issue.</title>
<headline>Absa mulling 500 mln rand tier-two issue.</headline>
<dateline>JOHANNESBURG 1997-06-26</dateline>
<text>
<p>Amalgamated Banks of South Africa Ltd (Absa) said on Thursday it was mulling the issue of 500 million rand worth of secondary capital by September to boost its capital adequacy ratio above nine percent.</p>
<p>The group earlier announced a $110 million equity offer.</p>
<p>&quot;Only other thing local is we might supplement our surplus capital by probably secondary, or tier two, capital in the local market to put it (the capital adequacy ratio) back over nine percent,&quot; group executive director Alwyn Noeth told Reuters.</p>
<p>He said the a domestic issue of non-convertible debentures with maturities of between five and 10 years was the most likely option.</p>
<p>&quot;There's no way we're going to do a rights issue or further issue of tier one capital in the near future,&quot; he added.</p>
<p>The bank's total capital was 7.4 billion rand at March 31 compared with a statutory requirement of 6.9 billion.</p>
<p>-- Justin McCamish, Johannesburg newsroom +27 11 482-1003</p>
</text>
<copyright>(c) Reuters Limited 1997</copyright>
<metadata>
<codes class="bip:countries:1.0">
  <code code="SAFR">
    <editdetail attribution="Reuters BIP Coding Group" action="confirmed" date="1997-06-26"/>
  </code>
</codes>
<codes class="bip:industries:1.0">
  <code code="I81402">
    <editdetail attribution="Reuters BIP Coding Group" action="confirmed" date="1997-06-26"/>
  </code>
</codes>
<codes class="bip:topics:1.0">
  <code code="C17">
    <editdetail attribution="Reuters BIP Coding Group" action="confirmed" date="1997-06-26"/>
  </code>
  <code code="C171">
    <editdetail attribution="Reuters BIP Coding Group" action="confirmed" date="1997-06-26"/>
  </code>
  <code code="CCAT">
    <editdetail attribution="Reuters BIP Coding Group" action="confirmed" date="1997-06-26"/>
  </code>
</codes>
<dc element="dc.date.created" value="1997-06-26"/>
<dc element="dc.publisher" value="Reuters Holdings Plc"/>
<dc element="dc.date.published" value="1997-06-26"/>
<dc element="dc.source" value="Reuters"/>
<dc element="dc.creator.location" value="JOHANNESBURG"/>
<dc element="dc.creator.location.country.name" value="SOUTH AFRICA"/>
<dc element="dc.source" value="Reuters"/>
</metadata>
</newsitem>
