<?xml version="1.0" encoding="iso-8859-1" ?>
<newsitem itemid="688609" id="root" date="1997-06-26" xml:lang="en">
<title>COTE D'IVOIRE: UK's CDC aims for Ivorian rubber start-up in 1998.</title>
<headline>UK's CDC aims for Ivorian rubber start-up in 1998.</headline>
<byline>Matthew Bunce</byline>
<dateline>ABIDJAN 1997-06-26</dateline>
<text>
<p>British buyers of a rubber estate in Ivory Coast said on Thursday leases holding up construction of a processing factory should be granted in July, allowing initial output of 6,000 tonnes a year from mid-1998.</p>
<p>Britain's privatised Commonwealth Development Corporation, a former state overseas development group, bought the Cavally estate from the Ivorian government in March 1996 for 2.6 billion CFA francs ($4.5 million).</p>
<p>It has since been waiting for the government to grant a promised 60-year land lease for the 7,500-hectare site before factory construction, CDC and plantation spokesmen told Reuters.</p>
<p>&quot;There is a good chance the factory will be ready by June 1998,&quot; Compagnie Heveicole de Cavally Finance Director John Stevens said in an interview, adding that profitability was expected in late 1998 -- six months later than planned.</p>
<p>The factory complex, costing around four million pounds and with an initial rubber output capacity of 6,000 tonnes, rising to 12,000 by 2002, had originally been planned for late 1997.</p>
<p>&quot;By the end of July we will have reached the three months (public) consultation period for the lease,&quot; which had been due last September after approval of site boundaries, Stevens said in Ivory Coast's commercial capital Abidjan.</p>
<p>CDC (Ivory Coast) director Abou Kone said Cavally faced a battle against wet season weather to complete factory building and accommodation.</p>
<p>&quot;We will have 72 kilometres of swampy approach roads. That will probably cut us off until November,&quot; he said.</p>
<p>Until then, Cavally would process its rubber through two other privatised rubber firms close to the growing southwestern port of San Pedro -- SAPH (Societe Africaine de Plantations d'Heveas) and SOGB (Societe des Caoutchouc de Grand Bereby).</p>
<p>Cavally also faced heavy security costs. Ivory Coast's nearby western border with Liberia was declared an &quot;operational zone&quot; under military plans announced last July to crack down on gangs alleged to be arriving with refugees from Liberia's war.</p>
<p>&quot;It's a worry,&quot; said Stevens, pointing to armed guards for convoys to and from the site even before construction begins.</p>
<p>He said Cavally was well placed to benefit from rising world demand for natural rubber and had already sold to French tyre manufacturing giant Michelin.</p>
<p>CDC has also expressed interest in financing other Ivorian interests already sold or about to be put on the market -- including rubber, sugar, telecommunications and energy firms.</p>
<p>&quot;But it is very time-consuming to obtain a lease on land,&quot; he said.</p>
<p>($1=590 CFA francs)</p>
<p>--Abidjan newsroom, + 225 21 90 90</p>
</text>
<copyright>(c) Reuters Limited 1997</copyright>
<metadata>
<codes class="bip:countries:1.0">
  <code code="ICST">
    <editdetail attribution="Reuters BIP Coding Group" action="confirmed" date="1997-06-26"/>
  </code>
  <code code="UK">
    <editdetail attribution="Reuters BIP Coding Group" action="confirmed" date="1997-06-26"/>
  </code>
</codes>
<codes class="bip:industries:1.0">
  <code code="I01001">
    <editdetail attribution="Reuters BIP Coding Group" action="confirmed" date="1997-06-26"/>
  </code>
  <code code="I0100141">
    <editdetail attribution="Reuters BIP Coding Group" action="confirmed" date="1997-06-26"/>
  </code>
  <code code="I48100">
    <editdetail attribution="Reuters BIP Coding Group" action="confirmed" date="1997-06-26"/>
  </code>
  <code code="I81501">
    <editdetail attribution="Reuters BIP Coding Group" action="confirmed" date="1997-06-26"/>
  </code>
  <code code="I8150106">
    <editdetail attribution="Reuters BIP Coding Group" action="confirmed" date="1997-06-26"/>
  </code>
</codes>
<codes class="bip:topics:1.0">
  <code code="C13">
    <editdetail attribution="Reuters BIP Coding Group" action="confirmed" date="1997-06-26"/>
  </code>
  <code code="C18">
    <editdetail attribution="Reuters BIP Coding Group" action="confirmed" date="1997-06-26"/>
  </code>
  <code code="C182">
    <editdetail attribution="Reuters BIP Coding Group" action="confirmed" date="1997-06-26"/>
  </code>
  <code code="C24">
    <editdetail attribution="Reuters BIP Coding Group" action="confirmed" date="1997-06-26"/>
  </code>
  <code code="CCAT">
    <editdetail attribution="Reuters BIP Coding Group" action="confirmed" date="1997-06-26"/>
  </code>
</codes>
<dc element="dc.date.created" value="1997-06-26"/>
<dc element="dc.publisher" value="Reuters Holdings Plc"/>
<dc element="dc.date.published" value="1997-06-26"/>
<dc element="dc.source" value="Reuters"/>
<dc element="dc.creator.location" value="ABIDJAN"/>
<dc element="dc.creator.location.country.name" value="COTE D'IVOIRE"/>
<dc element="dc.source" value="Reuters"/>
</metadata>
</newsitem>
