<?xml version="1.0" encoding="iso-8859-1" ?>
<newsitem itemid="688638" id="root" date="1997-06-26" xml:lang="en">
<title>NIGERIA: Top clergyman calls for prayers to save Nigeria.</title>
<headline>Top clergyman calls for prayers to save Nigeria.</headline>
<dateline>LAGOS 1997-06-26</dateline>
<text>
<p>The Anglican Archibishop of Nigeria, Reverend Abiodun Adetiloye, on Thursday called for prayers to help his country solve its problems.</p>
<p>&quot;The special prayers have become our bounden duty at a time such as we are in Nigeria today where nothing seems to work,&quot; Adetiloye said in a open letter to Nigerians titled &quot;Prayer for a nation in crisis.&quot;</p>
<p>The leader of the Anglican communion, which has a sizeable following in southern Nigeria, wrote similar open letters in 1993 when the army annulled a presidential election and plunged Africa's most populous nation into turmoil.</p>
<p>His latest letter follows a five-week-long fuel shortage that has caused severe hardship for people in Nigeria, the world's sixth leading crude oil producer.</p>
<p>The military government of General Sani Abacha was earlier this week forced to resort to massive importation of oil products to end the fuel shortage.</p>
<p>Adetiloye in his letter asked Christians and non-Christians to &quot;engage ourselves in fervent prayer every three hours around the clock.</p>
<p>&quot;I suggest that all church leaders and anybody who feels like should pray these prayers prostrating as a sign of humility before the divine majesty of the Almighty God.&quot;</p>
<p>Nigeria is Africa's most populous nation with huge natural resources but is mired in economic and political problems and has been ruled by the military for 27 out of its 37 years of independence from Britain.</p>
</text>
<copyright>(c) Reuters Limited 1997</copyright>
<metadata>
<codes class="bip:countries:1.0">
  <code code="NIGEA">
    <editdetail attribution="Reuters BIP Coding Group" action="confirmed" date="1997-06-26"/>
  </code>
</codes>
<codes class="bip:topics:1.0">
  <code code="GCAT">
    <editdetail attribution="Reuters BIP Coding Group" action="confirmed" date="1997-06-26"/>
  </code>
  <code code="GPOL">
    <editdetail attribution="Reuters BIP Coding Group" action="confirmed" date="1997-06-26"/>
  </code>
  <code code="GREL">
    <editdetail attribution="Reuters BIP Coding Group" action="confirmed" date="1997-06-26"/>
  </code>
</codes>
<dc element="dc.date.created" value="1997-06-26"/>
<dc element="dc.publisher" value="Reuters Holdings Plc"/>
<dc element="dc.date.published" value="1997-06-26"/>
<dc element="dc.source" value="Reuters"/>
<dc element="dc.creator.location" value="LAGOS"/>
<dc element="dc.creator.location.country.name" value="NIGERIA"/>
<dc element="dc.source" value="Reuters"/>
</metadata>
</newsitem>
