<?xml version="1.0" encoding="iso-8859-1" ?>
<newsitem itemid="688616" id="root" date="1997-06-26" xml:lang="en">
<title>BURUNDI: Burundi ex-president Bagaza very ill, says family.</title>
<headline>Burundi ex-president Bagaza very ill, says family.</headline>
<dateline>BUJUMBURA 1997-06-26</dateline>
<text>
<p>Burundi's ex-president Jean-Baptiste Bagaza, under house arrest because of a dispute with military leader Pierre Buyoya, is &quot;critically&quot; ill, family members said on Thursday.</p>
<p>&quot;Bagaza's health is critical and nobody has visited him. He is completely isolated and cut off from all means of communication. Doctors have gone to see him and demanded he be taken to the hospital,&quot; said a close relative who requested anonymity.</p>
<p>Buyoya, who took power in a coup last July, announced last month a pre-ceasefire agreement with the main Hutu rebel group, the National Council for the Defence of Democracy, aimed at ending Burundi's bitter civil war in which more than 150,000 people have died since October 1993.</p>
<p>But Bagaza and other leading ethnic Tutsis fiercely oppose talks, arguing it is wrong to talk to Hutu rebels they say are bent on genocide.</p>
</text>
<copyright>(c) Reuters Limited 1997</copyright>
<metadata>
<codes class="bip:countries:1.0">
  <code code="BURUN">
    <editdetail attribution="Reuters BIP Coding Group" action="confirmed" date="1997-06-26"/>
  </code>
</codes>
<codes class="bip:topics:1.0">
  <code code="GCAT">
    <editdetail attribution="Reuters BIP Coding Group" action="confirmed" date="1997-06-26"/>
  </code>
  <code code="GPRO">
    <editdetail attribution="Reuters BIP Coding Group" action="confirmed" date="1997-06-26"/>
  </code>
</codes>
<dc element="dc.date.created" value="1997-06-26"/>
<dc element="dc.publisher" value="Reuters Holdings Plc"/>
<dc element="dc.date.published" value="1997-06-26"/>
<dc element="dc.source" value="Reuters"/>
<dc element="dc.creator.location" value="BUJUMBURA"/>
<dc element="dc.creator.location.country.name" value="BURUNDI"/>
<dc element="dc.source" value="Reuters"/>
</metadata>
</newsitem>
