<?xml version="1.0" encoding="iso-8859-1" ?>
<newsitem itemid="688607" id="root" date="1997-06-26" xml:lang="en">
<title>SOUTH AFRICA: S.Africa's Fedsure buys two UK firms.</title>
<headline>S.Africa's Fedsure buys two UK firms.</headline>
<dateline>JOHANNESBURG 1997-06-26</dateline>
<text>
<p>South African financial services firm Fedsure Ltd said on Thursday it was buying two British-based endowment policy traders for a total of 200 million rand.</p>
<p>The firms are Beale Dobie and Policy Portfolio Plc.  </p>
<p>&quot;These acquisitions further develop Fedsur's expansion into the UK market and form part of our international strategy to complement our extensive South African activities,&quot; Fedsure chief executive Arnold Basserabie said in a statement.</p>
<p>&quot;Fedsure will be a leading player in traded endowment policies in the UK and will be well-positioned to take advantage of growth that will be generated over the next several years,&quot; he added.</p>
<p>The two British firms have a turnover of more than 500 million rand in a market estimated to have a value of six billion rand.</p>
<p>The move is the latest in a flurry of overseas deals so far this month from Fedsure.</p>
<p>On June 18 the firm bought a 25 percent stake in Irish Life International (ILI) for an undisclosed sum in a deal which itself followed hot on the heels of its first move abroad on June 10 when it bought a 25.5 percent stake in Isle of Man-based Kingfisher Group.</p>
<p>-- Johannesburg newsroom +27 11 482 1003</p>
</text>
<copyright>(c) Reuters Limited 1997</copyright>
<metadata>
<codes class="bip:countries:1.0">
  <code code="SAFR">
    <editdetail attribution="Reuters BIP Coding Group" action="confirmed" date="1997-06-26"/>
  </code>
  <code code="UK">
    <editdetail attribution="Reuters BIP Coding Group" action="confirmed" date="1997-06-26"/>
  </code>
</codes>
<codes class="bip:industries:1.0">
  <code code="I81502">
    <editdetail attribution="Reuters BIP Coding Group" action="confirmed" date="1997-06-26"/>
  </code>
  <code code="I82001">
    <editdetail attribution="Reuters BIP Coding Group" action="confirmed" date="1997-06-26"/>
  </code>
  <code code="I83100">
    <editdetail attribution="Reuters BIP Coding Group" action="confirmed" date="1997-06-26"/>
  </code>
</codes>
<codes class="bip:topics:1.0">
  <code code="C18">
    <editdetail attribution="Reuters BIP Coding Group" action="confirmed" date="1997-06-26"/>
  </code>
  <code code="C181">
    <editdetail attribution="Reuters BIP Coding Group" action="confirmed" date="1997-06-26"/>
  </code>
  <code code="CCAT">
    <editdetail attribution="Reuters BIP Coding Group" action="confirmed" date="1997-06-26"/>
  </code>
</codes>
<dc element="dc.date.created" value="1997-06-26"/>
<dc element="dc.publisher" value="Reuters Holdings Plc"/>
<dc element="dc.date.published" value="1997-06-26"/>
<dc element="dc.source" value="Reuters"/>
<dc element="dc.creator.location" value="JOHANNESBURG"/>
<dc element="dc.creator.location.country.name" value="SOUTH AFRICA"/>
<dc element="dc.source" value="Reuters"/>
</metadata>
</newsitem>
