<?xml version="1.0" encoding="iso-8859-1" ?>
<newsitem itemid="688620" id="root" date="1997-06-26" xml:lang="en">
<title>TANZANIA: Tourism earns Tanzania $322 million in 1996.</title>
<headline>Tourism earns Tanzania $322 million in 1996.</headline>
<dateline>DAR ES SALAAM 1997-06-26</dateline>
<text>
<p>Tourism, Tanzania's biggest hard currency earner, raised $322 million in 1996 up from $258 million the year before, a government official said on Thursday.</p>
<p>Johnson Manase, senior information officer for the Tanzania Tourist Board, told Reuters that some 326,000 tourists visited Tanzania in 1996 accounting for about five percent of gross national product.</p>
<p>The government of the cash-strapped east African nation has ambitious plans for the sector and hopes to attract up to 500,000 tourists in the year 2000 with projected income of up to $500 million.</p>
<p>&quot;We are on target. Even the World Tourism Organisation (WTO) in Madrid acknowledges growth in tourism for Tanzania last year (1996) was 10.5 percent compared to a world average of 4.5 percent,&quot; said Manase.</p>
<p>He attributed the increase in tourist arrivals to an aggressive overseas marketing and promotion campaign launched last year by the government to put Tanzania on the world tourism map.</p>
<p>Manase said the government had boosted security in Tanzania's northern tourist circuit following an attack by bandits earlier this year on a tour party in the Serengeti park.</p>
<p>Police now operate mobile patrols equipped with two-way radios and a special surveillance helicopter was based in the park area, he said.</p>
<p>&quot;The situation is now very safe for tourists -- there's no problems. Security is a priority for visitors,&quot; Manase said.</p>
<p>He admitted that roads and infrastructure in Tanzania's main tourism regions were inadequate and said some funds from the 1997/98 budget were earmarked for road improvements in the Serengeti and Ngorongoro area.</p>
</text>
<copyright>(c) Reuters Limited 1997</copyright>
<metadata>
<codes class="bip:countries:1.0">
  <code code="TANZA">
    <editdetail attribution="Reuters BIP Coding Group" action="confirmed" date="1997-06-26"/>
  </code>
</codes>
<codes class="bip:topics:1.0">
  <code code="E51">
    <editdetail attribution="Reuters BIP Coding Group" action="confirmed" date="1997-06-26"/>
  </code>
  <code code="E511">
    <editdetail attribution="Reuters BIP Coding Group" action="confirmed" date="1997-06-26"/>
  </code>
  <code code="ECAT">
    <editdetail attribution="Reuters BIP Coding Group" action="confirmed" date="1997-06-26"/>
  </code>
  <code code="GCAT">
    <editdetail attribution="Reuters BIP Coding Group" action="confirmed" date="1997-06-26"/>
  </code>
  <code code="GTOUR">
    <editdetail attribution="Reuters BIP Coding Group" action="confirmed" date="1997-06-26"/>
  </code>
</codes>
<dc element="dc.date.created" value="1997-06-26"/>
<dc element="dc.publisher" value="Reuters Holdings Plc"/>
<dc element="dc.date.published" value="1997-06-26"/>
<dc element="dc.source" value="Reuters"/>
<dc element="dc.creator.location" value="DAR ES SALAAM"/>
<dc element="dc.creator.location.country.name" value="TANZANIA"/>
<dc element="dc.source" value="Reuters"/>
</metadata>
</newsitem>
