<?xml version="1.0" encoding="iso-8859-1" ?>
<newsitem itemid="755379" id="root" date="1997-07-25" xml:lang="en">
<title>CANADA: TABLE-Breakwater Resources earns Q2 profit.</title>
<headline>TABLE-Breakwater Resources earns Q2 profit.</headline>
<dateline>TORONTO 1997-07-25</dateline>
<text>
<p>1997			    1996</p>
<p> Shr	profit	 C$0.10     loss	C$0.09</p>
<p> Net	profit	  6,166     loss	 2,393</p>
<p> Revs			44,855		   11,116</p>
<p>	   6 MONTHS</p>
<p> Shr	profit	 C$0.16     loss	C$0.09</p>
<p> Net	profit	  9,193     loss	 2,337</p>
<p> Revs			80,733		   23,224</p>
<p>(All data above 000s except per share numbers)</p>
<p>Note: Full name is Breakwater Resources Ltd.</p>
<p>((Reuters Toronto Bureau (416) 941-8100))</p>
</text>
<copyright>(c) Reuters Limited 1997</copyright>
<metadata>
<codes class="bip:countries:1.0">
  <code code="CANA">
    <editdetail attribution="Reuters BIP Coding Group" action="confirmed" date="1997-07-25"/>
  </code>
</codes>
<codes class="bip:industries:1.0">
  <code code="I21000">
    <editdetail attribution="Reuters BIP Coding Group" action="confirmed" date="1997-07-25"/>
  </code>
</codes>
<codes class="bip:topics:1.0">
  <code code="C15">
    <editdetail attribution="Reuters BIP Coding Group" action="confirmed" date="1997-07-25"/>
  </code>
  <code code="C151">
    <editdetail attribution="Reuters BIP Coding Group" action="confirmed" date="1997-07-25"/>
  </code>
  <code code="CCAT">
    <editdetail attribution="Reuters BIP Coding Group" action="confirmed" date="1997-07-25"/>
  </code>
</codes>
<dc element="dc.date.created" value="1997-07-25"/>
<dc element="dc.publisher" value="Reuters Holdings Plc"/>
<dc element="dc.date.published" value="1997-07-25"/>
<dc element="dc.source" value="Reuters"/>
<dc element="dc.creator.location" value="TORONTO"/>
<dc element="dc.creator.location.country.name" value="CANADA"/>
<dc element="dc.source" value="Reuters"/>
</metadata>
</newsitem>
