<?xml version="1.0" encoding="iso-8859-1" ?>
<newsitem itemid="755493" id="root" date="1997-07-25" xml:lang="en">
<title>USA: TABLE-Lawter International Inc sets payout.</title>
<headline>TABLE-Lawter International Inc sets payout.</headline>
<dateline>NORTHBROOK, Ill. 1997-07-25</dateline>
<text>
<p>Quarterly</p>
<p>		   Latest		    Prior</p>
<p> Amount		  $0.10		     $0.10</p>
<p> Pay		    Sept 3</p>
<p> Record		 Aug 15</p>
<p>((--Chicago newsdesk, 312-408-8787))</p>
</text>
<copyright>(c) Reuters Limited 1997</copyright>
<metadata>
<codes class="bip:countries:1.0">
  <code code="USA">
    <editdetail attribution="Reuters BIP Coding Group" action="confirmed" date="1997-07-25"/>
  </code>
</codes>
<codes class="bip:industries:1.0">
  <code code="I25520">
    <editdetail attribution="Reuters BIP Coding Group" action="confirmed" date="1997-07-25"/>
  </code>
</codes>
<codes class="bip:topics:1.0">
  <code code="C15">
    <editdetail attribution="Reuters BIP Coding Group" action="confirmed" date="1997-07-25"/>
  </code>
  <code code="C151">
    <editdetail attribution="Reuters BIP Coding Group" action="confirmed" date="1997-07-25"/>
  </code>
  <code code="CCAT">
    <editdetail attribution="Reuters BIP Coding Group" action="confirmed" date="1997-07-25"/>
  </code>
</codes>
<dc element="dc.date.created" value="1997-07-25"/>
<dc element="dc.publisher" value="Reuters Holdings Plc"/>
<dc element="dc.date.published" value="1997-07-25"/>
<dc element="dc.source" value="Reuters"/>
<dc element="dc.creator.location" value="NORTHBROOK, Ill."/>
<dc element="dc.creator.location.country.name" value="USA"/>
<dc element="dc.source" value="Reuters"/>
</metadata>
</newsitem>
