<?xml version="1.0" encoding="iso-8859-1" ?>
<newsitem itemid="755425" id="root" date="1997-07-25" xml:lang="en">
<title>USA: TABLE - Astronics Corp Q2 net increases.</title>
<headline>TABLE - Astronics Corp Q2 net increases.</headline>
<dateline>BUFFALO, N.Y. 1997-07-25</dateline>
<text>
<p>1997			1996</p>
<p> Shr			  $0.12		    $0.07</p>
<p> Net			    646			377</p>
<p> Net sales		  9,688		    9,683</p>
<p>	  SIX MONTHS</p>
<p> Shr			  $0.23		    $0.14</p>
<p> Net			  1,229			743</p>
<p> Net sales		 19,313		   19,252</p>
<p>(All data above 000s except per share numbers)</p>
</text>
<copyright>(c) Reuters Limited 1997</copyright>
<metadata>
<codes class="bip:countries:1.0">
  <code code="USA">
    <editdetail attribution="Reuters BIP Coding Group" action="confirmed" date="1997-07-25"/>
  </code>
</codes>
<codes class="bip:industries:1.0">
  <code code="I47100">
    <editdetail attribution="Reuters BIP Coding Group" action="confirmed" date="1997-07-25"/>
  </code>
</codes>
<codes class="bip:topics:1.0">
  <code code="C15">
    <editdetail attribution="Reuters BIP Coding Group" action="confirmed" date="1997-07-25"/>
  </code>
  <code code="C151">
    <editdetail attribution="Reuters BIP Coding Group" action="confirmed" date="1997-07-25"/>
  </code>
  <code code="CCAT">
    <editdetail attribution="Reuters BIP Coding Group" action="confirmed" date="1997-07-25"/>
  </code>
</codes>
<dc element="dc.date.created" value="1997-07-25"/>
<dc element="dc.publisher" value="Reuters Holdings Plc"/>
<dc element="dc.date.published" value="1997-07-25"/>
<dc element="dc.source" value="Reuters"/>
<dc element="dc.creator.location" value="BUFFALO, N.Y."/>
<dc element="dc.creator.location.country.name" value="USA"/>
<dc element="dc.source" value="Reuters"/>
</metadata>
</newsitem>
