<?xml version="1.0" encoding="iso-8859-1" ?>
<newsitem itemid="755487" id="root" date="1997-07-25" xml:lang="en">
<title>USA: TABLE-Boston Biomedica Inc Q2 shr shrinks.</title>
<headline>TABLE-Boston Biomedica Inc Q2 shr shrinks.</headline>
<dateline>WEST BRIDGEWATER, Mass. 1997-07-25</dateline>
<text>
<p>Three Months Ended  Six Months Ended</p>
<p>				     June 30,	    June 30,</p>
<p>			     1997	 1996	 1997	 1996</p>
<p>REVENUE:</p>
<p>Product Sales  $2,416,956 $2,130,278 $4,543,912 $3,945,759</p>
<p>   Services	  2,231,998  1,714,096  4,314,091  2,982,624</p>
<p>Total revenue</p>
<p>			 4,648,954  3,844,374  8,858,003  6,928,383</p>
<p>COSTS AND EXPENSES:</p>
<p>Cost of product sales</p>
<p>			 1,271,662  1,106,076  2,327,084  2,006,833</p>
<p>Cost of services</p>
<p>			 1,456,194  1,116,171  2,931,726  2,249,610</p>
<p>Research and development</p>
<p>			   256,995    195,054    493,745    361,619</p>
<p>Selling and marketing</p>
<p>			   775,594    500,277  1,388,954    915,289</p>
<p>General and administrative</p>
<p>			   694,875    551,945  1,374,082  1,088,448</p>
<p>Total operating costs</p>
<p>	 and expenses</p>
<p>			 4,455,320  3,469,523  8,515,591  6,621,799</p>
<p>Income from operations</p>
<p>			   193,634    374,851    342,412    306,584</p>
<p>Interest income (expense), net</p>
<p>			    99,184   (74,908)    196,670  (168,469)</p>
<p>Income before income taxes</p>
<p>			   292,818    299,943    539,082    138,115</p>
<p>Provision for income taxes</p>
<p>			 (117,128)  (119,604)  (215,634)   (55,246)</p>
<p>     Net income	175,690    180,339    323,448     82,869</p>
<p> Net income per share   0.04	 0.06	 0.07	 0.03</p>
<p>Weighted average common and</p>
<p>common equivalent shares</p>
<p>  outstanding	4,851,623  3,263,711  4,831,747  3,252,643</p>
<p>((-- New York Newsdesk 212-859-1610))</p>
</text>
<copyright>(c) Reuters Limited 1997</copyright>
<metadata>
<codes class="bip:countries:1.0">
  <code code="USA">
    <editdetail attribution="Reuters BIP Coding Group" action="confirmed" date="1997-07-25"/>
  </code>
</codes>
<codes class="bip:topics:1.0">
  <code code="C15">
    <editdetail attribution="Reuters BIP Coding Group" action="confirmed" date="1997-07-25"/>
  </code>
  <code code="C151">
    <editdetail attribution="Reuters BIP Coding Group" action="confirmed" date="1997-07-25"/>
  </code>
  <code code="CCAT">
    <editdetail attribution="Reuters BIP Coding Group" action="confirmed" date="1997-07-25"/>
  </code>
</codes>
<dc element="dc.date.created" value="1997-07-25"/>
<dc element="dc.publisher" value="Reuters Holdings Plc"/>
<dc element="dc.date.published" value="1997-07-25"/>
<dc element="dc.source" value="Reuters"/>
<dc element="dc.creator.location" value="WEST BRIDGEWATER, Mass."/>
<dc element="dc.creator.location.country.name" value="USA"/>
<dc element="dc.source" value="Reuters"/>
</metadata>
</newsitem>
