<?xml version="1.0" encoding="iso-8859-1" ?>
<newsitem itemid="755421" id="root" date="1997-07-25" xml:lang="en">
<title>USA: TABLE-Applied Biometrics Inc Q2 loss.</title>
<headline>TABLE-Applied Biometrics Inc Q2 loss.</headline>
<dateline>BURNSVILLE, Minn. 1997-07-25</dateline>
<text>
<p>Three Months Ended</p>
<p>							6/30/97	6/30/96</p>
<p>							  1997	  1996</p>
<p> Net Sales					   $8,870     $26,350</p>
<p> Gross Profit					 3,545	14,350</p>
<p> Operating Expenses			     697,310     398,209</p>
<p> Operating (loss)			     (693,765)   (383,859)</p>
<p> Interest income, net			    80,242	86,806</p>
<p>  Net (loss)				   ( 613,523)  ( 297,053)</p>
<p> Net (loss) per common share		  ( 0.15)     ( 0.07)</p>
<p> Weighted average shares		    4,169,587   4,017,096</p>
<p>							 Six Months Ended</p>
<p>						     6/30/97	6/30/96</p>
<p> Net Sales					  $64,940     $43,725</p>
<p> Gross Profit					37,765	21,850</p>
<p> Operating Expenses			   1,252,548     760,889</p>
<p> Operating (loss)			   (1,219,783)   (739,039)</p>
<p> Interest income, net			   164,418     l32,662</p>
<p>  Net (loss)				 ( 1,055,365)  ( 606,377)</p>
<p> Net (loss) per common share		  ( 0.25)     ( 0.17)</p>
<p> Weighted average shares		    4,169,537   3,662,782</p>
<p>((Reuters Chicago Newsdesk (312) 408-8787))</p>
</text>
<copyright>(c) Reuters Limited 1997</copyright>
<metadata>
<codes class="bip:countries:1.0">
  <code code="USA">
    <editdetail attribution="Reuters BIP Coding Group" action="confirmed" date="1997-07-25"/>
  </code>
</codes>
<codes class="bip:industries:1.0">
  <code code="I37200">
    <editdetail attribution="Reuters BIP Coding Group" action="confirmed" date="1997-07-25"/>
  </code>
</codes>
<codes class="bip:topics:1.0">
  <code code="C15">
    <editdetail attribution="Reuters BIP Coding Group" action="confirmed" date="1997-07-25"/>
  </code>
  <code code="C151">
    <editdetail attribution="Reuters BIP Coding Group" action="confirmed" date="1997-07-25"/>
  </code>
  <code code="CCAT">
    <editdetail attribution="Reuters BIP Coding Group" action="confirmed" date="1997-07-25"/>
  </code>
</codes>
<dc element="dc.date.created" value="1997-07-25"/>
<dc element="dc.publisher" value="Reuters Holdings Plc"/>
<dc element="dc.date.published" value="1997-07-25"/>
<dc element="dc.source" value="Reuters"/>
<dc element="dc.creator.location" value="BURNSVILLE, Minn."/>
<dc element="dc.creator.location.country.name" value="USA"/>
<dc element="dc.source" value="Reuters"/>
</metadata>
</newsitem>
