<?xml version="1.0" encoding="iso-8859-1" ?>
<newsitem itemid="755525" id="root" date="1997-07-25" xml:lang="en">
<title>USA: TABLE - Catawba Valley Q2 net increases.</title>
<headline>TABLE - Catawba Valley Q2 net increases.</headline>
<dateline>HICKORY, N.C. 1997-07-24</dateline>
<text>
<p>1997			1996</p>
<p> Shr profit		 $0.20   profit	 $0.02</p>
<p> Net profit		   138   profit	    12</p>
<p>	   6 MONTHS</p>
<p> Shr profit		 $0.33     loss	 $0.09</p>
<p> Net profit		   232     loss	    64</p>
<p>(All data above 000s except per share numbers)</p>
<p>NOTE:  Full name of company is Catawba Valley Bank.</p>
</text>
<copyright>(c) Reuters Limited 1997</copyright>
<metadata>
<codes class="bip:countries:1.0">
  <code code="USA">
    <editdetail attribution="Reuters BIP Coding Group" action="confirmed" date="1997-07-25"/>
  </code>
</codes>
<codes class="bip:topics:1.0">
  <code code="C15">
    <editdetail attribution="Reuters BIP Coding Group" action="confirmed" date="1997-07-25"/>
  </code>
  <code code="C151">
    <editdetail attribution="Reuters BIP Coding Group" action="confirmed" date="1997-07-25"/>
  </code>
  <code code="CCAT">
    <editdetail attribution="Reuters BIP Coding Group" action="confirmed" date="1997-07-25"/>
  </code>
</codes>
<dc element="dc.date.created" value="1997-07-24"/>
<dc element="dc.publisher" value="Reuters Holdings Plc"/>
<dc element="dc.date.published" value="1997-07-25"/>
<dc element="dc.source" value="Reuters"/>
<dc element="dc.creator.location" value="HICKORY, N.C."/>
<dc element="dc.creator.location.country.name" value="USA"/>
<dc element="dc.source" value="Reuters"/>
</metadata>
</newsitem>
