<?xml version="1.0" encoding="iso-8859-1" ?>
<newsitem itemid="755528" id="root" date="1997-07-25" xml:lang="en">
<title>USA: Intel to slash Pentium prices up to 50 percent Sunday.</title>
<headline>Intel to slash Pentium prices up to 50 percent Sunday.</headline>
<byline>Kourosh Karimkhany</byline>
<dateline>PALO ALTO, Calif. 1997-07-25</dateline>
<text>
<p>Intel Corp. is expected to slash prices of the Pentium microprocessor, the engine of most of the world's personal computers, by up to 50 percent on Sunday.</p>
<p>The world's biggest chip maker cuts Pentium prices about once a quarter, but this year's scheduled summer price cut will be steeper than usual, analysts said. What's more, Intel will cut prices again in November, a scheduled price cut it skipped last year.</p>
<p>Intel has to get rid of its supply of an older generation of Pentium chips. The company also is moving to stay ahead of competitors like Advanced Micro Devices Inc. and Cyrix Corp., which are supplying state-of-the-art chips for lower prices, analysts said.</p>
<p>&quot;For the first time in 10 years, Intel has credible competition,&quot; said Drew Peck, chip analyst at investment bank Cowen &amp; Co.</p>
<p>The price of the low-end Pentium 133 and Pentium 150 are expected to be cut to $93 from about $130 to $150 currently, according to the Microprocessor Report, an industry newsletter. The price of the high-end Pentium MMX 233 is expected to be cut to $375, down from $594.</p>
<p>Intel, based in Santa Clara, Calif., has had a challenging year so far. In January, it introduced the Pentium MMX, a version with souped-up graphics and sound capability. In spring, the company introduced the Pentium II, a next-generation chip that runs most software much faster.</p>
<p>Demand for the Pentium MMX and the Pentium II has been tremendous, Intel has said. But their popularity has annihilated demand for the plain-vanilla Pentium without MMX, leaving Intel with too many older chips and not enough newer ones.</p>
<p>On top of that, Advanced Micro Devices and Cyrix introduced microprocessors in the spring that work as well as Intel's Pentium, but cost much less. AMD and Cyrix already have signed up key Intel customers, like Digital Equipment Corp. and Compaq Computer Corp., for their chips.</p>
<p>Intel will not officially disclose the summer price cuts until Sunday, but they will be steeper than usual, said spokeswoman Barbara Lopez.</p>
<p>Intel has told investors to expect flat or declining gross margins -- or how much profit the company makes on each dollar of product sold -- for the rest of the year.</p>
<p>The price cuts could help out the PC industry, however, analysts said.</p>
<p>&quot;This is a huge boost for the PC companies,&quot; said Dan Niles, semiconductor analyst at Robertson Stephens &amp; Co. &quot;You're getting much more power for the price.&quot;</p>
<p>Intel's stock fell 62.5 cents to $8.25 on Nasdaq at mid-afternoon.</p>
</text>
<copyright>(c) Reuters Limited 1997</copyright>
<metadata>
<codes class="bip:countries:1.0">
  <code code="USA">
    <editdetail attribution="Reuters BIP Coding Group" action="confirmed" date="1997-07-25"/>
  </code>
</codes>
<codes class="bip:industries:1.0">
  <code code="I34531">
    <editdetail attribution="Reuters BIP Coding Group" action="confirmed" date="1997-07-25"/>
  </code>
</codes>
<codes class="bip:topics:1.0">
  <code code="C31">
    <editdetail attribution="Reuters BIP Coding Group" action="confirmed" date="1997-07-25"/>
  </code>
  <code code="CCAT">
    <editdetail attribution="Reuters BIP Coding Group" action="confirmed" date="1997-07-25"/>
  </code>
</codes>
<dc element="dc.date.created" value="1997-07-25"/>
<dc element="dc.publisher" value="Reuters Holdings Plc"/>
<dc element="dc.date.published" value="1997-07-25"/>
<dc element="dc.source" value="Reuters"/>
<dc element="dc.creator.location" value="PALO ALTO, Calif."/>
<dc element="dc.creator.location.country.name" value="USA"/>
<dc element="dc.source" value="Reuters"/>
</metadata>
</newsitem>
