<?xml version="1.0" encoding="iso-8859-1" ?>
<newsitem itemid="755590" id="root" date="1997-07-25" xml:lang="en">
<title>USA: TABLE - Photoelectron Q2 net loss.</title>
<headline>TABLE - Photoelectron Q2 net loss.</headline>
<dateline>LEXINGTON, Mass. 1997-07-25</dateline>
<text>
<p>Quarter Ending	 6 Months Ending</p>
<p>		    Jun 28,	Jun 29,	Jun 28,     Jun 29,</p>
<p>			1997	   1996	   1997	  1996</p>
<p> Revenues	 $14,800	   $---     $377,649	  $---</p>
<p>Net income (loss)</p>
<p>		(1,418,160)  (1,036,760)  (2,499,640) (1,996,866)</p>
<p>Net income (loss) per</p>
<p>common and common</p>
<p>equivalent shares</p>
<p>		     (0.20)	 (0.64)	 (O.42)	(1.24)</p>
<p>Weighted average number</p>
<p>of common and</p>
<p>common equivalent shares</p>
<p>outstanding</p>
<p>		  7,026,778    1,616,660    6,024,919   1,616,660</p>
<p>NOTE:  Full name of company is Photoelectron Corp.</p>
</text>
<copyright>(c) Reuters Limited 1997</copyright>
<metadata>
<codes class="bip:countries:1.0">
  <code code="USA">
    <editdetail attribution="Reuters BIP Coding Group" action="confirmed" date="1997-07-25"/>
  </code>
</codes>
<codes class="bip:industries:1.0">
  <code code="I37200">
    <editdetail attribution="Reuters BIP Coding Group" action="confirmed" date="1997-07-25"/>
  </code>
</codes>
<codes class="bip:topics:1.0">
  <code code="C15">
    <editdetail attribution="Reuters BIP Coding Group" action="confirmed" date="1997-07-25"/>
  </code>
  <code code="C151">
    <editdetail attribution="Reuters BIP Coding Group" action="confirmed" date="1997-07-25"/>
  </code>
  <code code="CCAT">
    <editdetail attribution="Reuters BIP Coding Group" action="confirmed" date="1997-07-25"/>
  </code>
</codes>
<dc element="dc.date.created" value="1997-07-25"/>
<dc element="dc.publisher" value="Reuters Holdings Plc"/>
<dc element="dc.date.published" value="1997-07-25"/>
<dc element="dc.source" value="Reuters"/>
<dc element="dc.creator.location" value="LEXINGTON, Mass."/>
<dc element="dc.creator.location.country.name" value="USA"/>
<dc element="dc.source" value="Reuters"/>
</metadata>
</newsitem>
