<?xml version="1.0" encoding="iso-8859-1" ?>
<newsitem itemid="755556" id="root" date="1997-07-25" xml:lang="en">
<title>USA: TABLE - United-Guardian Inc Q2 net increases.</title>
<headline>TABLE - United-Guardian Inc Q2 net increases.</headline>
<dateline>HAUPPAUGE, N.Y. 1997-07-25</dateline>
<text>
<p>6 Months Ended June 30,  3 Months Ended June 30,</p>
<p>				1997     1996	  1997	 1996</p>
<p> Revenue	     4,452,665$ 4,083,741  2,558,077$ 2,154,355</p>
<p> Net earnings	  441,110   286,843     302,637    177,975</p>
<p>Earnings per common</p>
<p>   share		    0.09	0.06	  0.06	 0.04</p>
</text>
<copyright>(c) Reuters Limited 1997</copyright>
<metadata>
<codes class="bip:countries:1.0">
  <code code="USA">
    <editdetail attribution="Reuters BIP Coding Group" action="confirmed" date="1997-07-25"/>
  </code>
</codes>
<codes class="bip:industries:1.0">
  <code code="I25700">
    <editdetail attribution="Reuters BIP Coding Group" action="confirmed" date="1997-07-25"/>
  </code>
</codes>
<codes class="bip:topics:1.0">
  <code code="C15">
    <editdetail attribution="Reuters BIP Coding Group" action="confirmed" date="1997-07-25"/>
  </code>
  <code code="C151">
    <editdetail attribution="Reuters BIP Coding Group" action="confirmed" date="1997-07-25"/>
  </code>
  <code code="CCAT">
    <editdetail attribution="Reuters BIP Coding Group" action="confirmed" date="1997-07-25"/>
  </code>
</codes>
<dc element="dc.date.created" value="1997-07-25"/>
<dc element="dc.publisher" value="Reuters Holdings Plc"/>
<dc element="dc.date.published" value="1997-07-25"/>
<dc element="dc.source" value="Reuters"/>
<dc element="dc.creator.location" value="HAUPPAUGE, N.Y."/>
<dc element="dc.creator.location.country.name" value="USA"/>
<dc element="dc.source" value="Reuters"/>
</metadata>
</newsitem>
