<?xml version="1.0" encoding="iso-8859-1" ?>
<newsitem itemid="755551" id="root" date="1997-07-25" xml:lang="en">
<title>USA: Mortgage-backed prices move little in wake of data.</title>
<headline>Mortgage-backed prices move little in wake of data.</headline>
<dateline>NEW YORK 1997-07-25</dateline>
<text>
<p>Mortgage-backed securities were flat to slightly higher Friday in subdued dealings that participants said were little affected by June durable goods orders and June existing home sales reports in the morning.</p>
<p>As reported, US existing home sales declined 2.6 percent to a seasonally ajusted annual rate of 4.14 million units and June US durable goods rose 2.3 percent.</p>
<p>Treasuries reacted little to the data and MBS appeared little affected, said a New York pass-through trader, noting that there has been little mortgage banker selling in the session.</p>
</text>
<copyright>(c) Reuters Limited 1997</copyright>
<metadata>
<codes class="bip:countries:1.0">
  <code code="USA">
    <editdetail attribution="Reuters BIP Coding Group" action="confirmed" date="1997-07-25"/>
  </code>
</codes>
<codes class="bip:topics:1.0">
  <code code="M12">
    <editdetail attribution="Reuters BIP Coding Group" action="confirmed" date="1997-07-25"/>
  </code>
  <code code="MCAT">
    <editdetail attribution="Reuters BIP Coding Group" action="confirmed" date="1997-07-25"/>
  </code>
</codes>
<dc element="dc.date.created" value="1997-07-25"/>
<dc element="dc.publisher" value="Reuters Holdings Plc"/>
<dc element="dc.date.published" value="1997-07-25"/>
<dc element="dc.source" value="Reuters"/>
<dc element="dc.creator.location" value="NEW YORK"/>
<dc element="dc.creator.location.country.name" value="USA"/>
<dc element="dc.source" value="Reuters"/>
</metadata>
</newsitem>
