<?xml version="1.0" encoding="iso-8859-1" ?>
<newsitem itemid="755543" id="root" date="1997-07-25" xml:lang="en">
<title>USA: TABLE - Catskill Financial Q3 net decrease.</title>
<headline>TABLE - Catskill Financial Q3 net decrease.</headline>
<dateline>CATSKILL, N.Y. 1997-07-25</dateline>
<text>
<p>Three Months		   Nine Months</p>
<p>			 Ended			    Ended</p>
<p>			June 30,			 June 30,</p>
<p>		    1997	1996		   1997     1996</p>
<p>Net interest income</p>
<p>		   2,848	2,524		    8,550   6,135</p>
<p>Provision for loan losses</p>
<p>			75	 45			  225     120</p>
<p> Net Income	949	1,139		    2,958   2,253</p>
<p>Earnings per share</p>
<p>		    0.21     0.18			0.62	N/A</p>
<p>Weighted average common</p>
<p>shares</p>
<p>outstanding</p>
<p>	     4,455,098   5,231,810	     4,753,424     N/A</p>
<p>				   (Dollars in Thousands)</p>
<p>NOTE:  The company said it completed its initial public offering in April 1996.</p>
<p>The company used an estimated post conversion net income of $949,000 to calculate the earnings per share for the third quarter of 1996.</p>
<p>Net income for the third quarter of 1996 included the after tax effect of the recovery of the National loss reserve.</p>
</text>
<copyright>(c) Reuters Limited 1997</copyright>
<metadata>
<codes class="bip:countries:1.0">
  <code code="USA">
    <editdetail attribution="Reuters BIP Coding Group" action="confirmed" date="1997-07-25"/>
  </code>
</codes>
<codes class="bip:industries:1.0">
  <code code="I81402">
    <editdetail attribution="Reuters BIP Coding Group" action="confirmed" date="1997-07-25"/>
  </code>
</codes>
<codes class="bip:topics:1.0">
  <code code="C15">
    <editdetail attribution="Reuters BIP Coding Group" action="confirmed" date="1997-07-25"/>
  </code>
  <code code="C151">
    <editdetail attribution="Reuters BIP Coding Group" action="confirmed" date="1997-07-25"/>
  </code>
  <code code="CCAT">
    <editdetail attribution="Reuters BIP Coding Group" action="confirmed" date="1997-07-25"/>
  </code>
</codes>
<dc element="dc.date.created" value="1997-07-25"/>
<dc element="dc.publisher" value="Reuters Holdings Plc"/>
<dc element="dc.date.published" value="1997-07-25"/>
<dc element="dc.source" value="Reuters"/>
<dc element="dc.creator.location" value="CATSKILL, N.Y."/>
<dc element="dc.creator.location.country.name" value="USA"/>
<dc element="dc.source" value="Reuters"/>
</metadata>
</newsitem>
