<?xml version="1.0" encoding="iso-8859-1" ?>
<newsitem itemid="755558" id="root" date="1997-07-25" xml:lang="en">
<title>USA: CSCE world sugar ends firm, hits new contract high.</title>
<headline>CSCE world sugar ends firm, hits new contract high.</headline>
<dateline>NEW YORK 1997-07-25</dateline>
<text>
<p>CSCE world sugar futures closed firmer but off the new lifetime highs made across the board amid early mixed buying, floor sources said.</p>
<p>Trade buying on the open carried second-position March to a high of 11.90 cents. The benchmark October contract opened unchanged but broke through its previous high fo 11.65 cents and climbed to 11.70 on the reopen amid fund buying.</p>
<p>Producer pricing nudged prices off highs but steady buying kept the market over unchanged through the close, dealers said.</p>
<p>The benchmark October contract settled 0.07 cent higher at 11.63 cents a lb, having ranged from 11.70 to 11.55 cents. March finished up 0.11 at 11.90 cents, just under the lifetime high of 11.91 reached just ahead of the close.</p>
<p>The rest of the board ended 0.11 to 0.15 cent firmer.</p>
<p>&quot;I think the market is acting constructively,&quot; Merrill Lynch sugar broker Tony Passimenti, said.</p>
<p>He noted that the market has managed to make new highs in the face of negative factors such as huge open interest in the most-active October contract, a lack of physical offtake, and steady selling by the trade.</p>
<p>Open interest in October stood at 109,700 lots as of early Thursday out of a total open interest of 181,693. March stood at 52,234 lots.</p>
<p>Dealers said the funds could continue their buying spree if the October contract breaks today's high of 11.70 cents, where stops may be resting.</p>
<p>An estimated 23,110 lots changed hands on the day compared with Thursday's official 16,407 lots.</p>
<p>((Suzanne Rostler, New York Commodities Desk 212 859 1640))</p>
</text>
<copyright>(c) Reuters Limited 1997</copyright>
<metadata>
<codes class="bip:countries:1.0">
  <code code="USA">
    <editdetail attribution="Reuters BIP Coding Group" action="confirmed" date="1997-07-25"/>
  </code>
</codes>
<codes class="bip:topics:1.0">
  <code code="M14">
    <editdetail attribution="Reuters BIP Coding Group" action="confirmed" date="1997-07-25"/>
  </code>
  <code code="M141">
    <editdetail attribution="Reuters BIP Coding Group" action="confirmed" date="1997-07-25"/>
  </code>
  <code code="MCAT">
    <editdetail attribution="Reuters BIP Coding Group" action="confirmed" date="1997-07-25"/>
  </code>
</codes>
<dc element="dc.date.created" value="1997-07-25"/>
<dc element="dc.publisher" value="Reuters Holdings Plc"/>
<dc element="dc.date.published" value="1997-07-25"/>
<dc element="dc.source" value="Reuters"/>
<dc element="dc.creator.location" value="NEW YORK"/>
<dc element="dc.creator.location.country.name" value="USA"/>
<dc element="dc.source" value="Reuters"/>
</metadata>
</newsitem>
