<?xml version="1.0" encoding="iso-8859-1" ?>
<newsitem itemid="755511" id="root" date="1997-07-25" xml:lang="en">
<title>USA: TABLE-Workgroup Q1 June 30 shr loss.</title>
<headline>TABLE-Workgroup Q1 June 30 shr loss.</headline>
<dateline>LEXINGTON, Mass. 1997-07-25</dateline>
<text>
<p>Three Months Ended June 30,</p>
<p>							 1997	    1996</p>
<p>								(unaudited)</p>
<p>(unaudited)</p>
<p>Revenue:</p>
<p>	 Software licenses			  $727	 $2,561</p>
<p>	 Maintenance and services		1,072	    910</p>
<p> Total revenue				     1,799	  3,471</p>
<p>	 Costs of software licenses		 66	     70</p>
<p>	 Costs of  maintenance and services    770	    483</p>
<p> Total costs of revenue			    836	    553</p>
<p> Gross profit					  963	  2,918</p>
<p>Operating expenses:</p>
<p>	 Selling and marketing		   1,600	  1,315</p>
<p>	 Research and development		1,354	    945</p>
<p>	 General and administrative		408	    234</p>
<p> Total operating expenses			3,362	  2,494</p>
<p> Income (loss) from operations	     (2,399)	    424</p>
<p>	 Interest income, net			446	    497</p>
<p> Income (loss) before income taxes	 (1,953)	    921</p>
<p>	 Provision for income taxes		 30	     40</p>
<p> Net income (loss)			     (1,983)	    881</p>
<p> Net income (loss) per common share	 (0.24)	   0.10</p>
<p>Weighted average number of common and common equivalent</p>
<p> shares outstanding			     8,125	  9,145</p>
<p>Note: Full company name is Workgroup Technology Corp.</p>
<p>(in thousands, except per share data)</p>
<p>(( --New York Newsdesk 212-859-1610.))</p>
</text>
<copyright>(c) Reuters Limited 1997</copyright>
<metadata>
<codes class="bip:countries:1.0">
  <code code="USA">
    <editdetail attribution="Reuters BIP Coding Group" action="confirmed" date="1997-07-25"/>
  </code>
</codes>
<codes class="bip:industries:1.0">
  <code code="I33020">
    <editdetail attribution="Reuters BIP Coding Group" action="confirmed" date="1997-07-25"/>
  </code>
</codes>
<codes class="bip:topics:1.0">
  <code code="C15">
    <editdetail attribution="Reuters BIP Coding Group" action="confirmed" date="1997-07-25"/>
  </code>
  <code code="C151">
    <editdetail attribution="Reuters BIP Coding Group" action="confirmed" date="1997-07-25"/>
  </code>
  <code code="CCAT">
    <editdetail attribution="Reuters BIP Coding Group" action="confirmed" date="1997-07-25"/>
  </code>
</codes>
<dc element="dc.date.created" value="1997-07-25"/>
<dc element="dc.publisher" value="Reuters Holdings Plc"/>
<dc element="dc.date.published" value="1997-07-25"/>
<dc element="dc.source" value="Reuters"/>
<dc element="dc.creator.location" value="LEXINGTON, Mass."/>
<dc element="dc.creator.location.country.name" value="USA"/>
<dc element="dc.source" value="Reuters"/>
</metadata>
</newsitem>
