<?xml version="1.0" encoding="iso-8859-1" ?>
<newsitem itemid="755585" id="root" date="1997-07-25" xml:lang="en">
<title>USA: US One and two units seek Chapter 11 bankruptcy.</title>
<headline>US One and two units seek Chapter 11 bankruptcy.</headline>
<dateline>WILMINGTON, Del. 1997-07-25</dateline>
<text>
<p>US One Communications Corp and two subsidiaries filed for Chapter 11 protection late Thursday in the U.S. Bankruptcy Court in Delaware, court papers say.</p>
<p>On June 6, the company was placed in involuntary Chapter 7 bankruptcy by its major creditor, Lucent Technologies Inc, which listed a claim of $57.3 million for products and services.  US One has asked the court to convert the involuntary case to a voluntary Chapter 11 and to grant the same status to US One Communications Services Corp and to US One Communications of New York Inc.</p>
<p>In court papers, Services listed assets of $82.4 million and liabilities of $116.2 million.  The 20 largest unsecured creditors hold trade claims, with the largest being Lucent's claim of $51.9 million.</p>
<p>The New York subsidiary listed assets of $27.8 million, liabilities of $29.8 million, and the same unsecured creditors as Services.</p>
<p>US One was founded in 1994 &quot;to build a nationwide telephone company,&quot; court papers say.  The companies are headquartered in Dallas.</p>
<p>Calls to US One were not returned.</p>
</text>
<copyright>(c) Reuters Limited 1997</copyright>
<metadata>
<codes class="bip:countries:1.0">
  <code code="USA">
    <editdetail attribution="Reuters BIP Coding Group" action="confirmed" date="1997-07-25"/>
  </code>
</codes>
<codes class="bip:industries:1.0">
  <code code="I34400">
    <editdetail attribution="Reuters BIP Coding Group" action="confirmed" date="1997-07-25"/>
  </code>
  <code code="I79020">
    <editdetail attribution="Reuters BIP Coding Group" action="confirmed" date="1997-07-25"/>
  </code>
</codes>
<codes class="bip:topics:1.0">
  <code code="C16">
    <editdetail attribution="Reuters BIP Coding Group" action="confirmed" date="1997-07-25"/>
  </code>
  <code code="C17">
    <editdetail attribution="Reuters BIP Coding Group" action="confirmed" date="1997-07-25"/>
  </code>
  <code code="CCAT">
    <editdetail attribution="Reuters BIP Coding Group" action="confirmed" date="1997-07-25"/>
  </code>
</codes>
<dc element="dc.date.created" value="1997-07-25"/>
<dc element="dc.publisher" value="Reuters Holdings Plc"/>
<dc element="dc.date.published" value="1997-07-25"/>
<dc element="dc.source" value="Reuters"/>
<dc element="dc.creator.location" value="WILMINGTON, Del."/>
<dc element="dc.creator.location.country.name" value="USA"/>
<dc element="dc.source" value="Reuters"/>
</metadata>
</newsitem>
