<?xml version="1.0" encoding="iso-8859-1" ?>
<newsitem itemid="755549" id="root" date="1997-07-25" xml:lang="en">
<title>USA: TABLE - Network Six Inc Q2 shr increases.</title>
<headline>TABLE - Network Six Inc Q2 shr increases.</headline>
<dateline>WARWICK, R.I. 1997-07-25</dateline>
<text>
<p>1997			1996</p>
<p> Shr primary		$0.27		    $0.09</p>
<p> Shr diluted		 0.26		     0.12</p>
<p> Net			    243			113</p>
<p> Revs			 3,432		    2,580</p>
<p> Avg shrs primary	   739			728</p>
<p> Avg shrs diluted	   926			907</p>
<p>	  6  MONTHS</p>
<p> Shr primary		$0.02		    $0.35</p>
<p> Shr diluted		 0.12		     0.38</p>
<p> Net			    111			345</p>
<p> Revs			 4,846		    6,267</p>
<p> Avg shrs primary	   734			720</p>
<p> Avg shrs diluted	   917			899</p>
<p>(All data above 000s except per share numbers)</p>
<p>((-- New York Newsdesk 212-859-1610))</p>
</text>
<copyright>(c) Reuters Limited 1997</copyright>
<metadata>
<codes class="bip:countries:1.0">
  <code code="USA">
    <editdetail attribution="Reuters BIP Coding Group" action="confirmed" date="1997-07-25"/>
  </code>
</codes>
<codes class="bip:industries:1.0">
  <code code="I33020">
    <editdetail attribution="Reuters BIP Coding Group" action="confirmed" date="1997-07-25"/>
  </code>
  <code code="I3302021">
    <editdetail attribution="Reuters BIP Coding Group" action="confirmed" date="1997-07-25"/>
  </code>
</codes>
<codes class="bip:topics:1.0">
  <code code="C15">
    <editdetail attribution="Reuters BIP Coding Group" action="confirmed" date="1997-07-25"/>
  </code>
  <code code="C151">
    <editdetail attribution="Reuters BIP Coding Group" action="confirmed" date="1997-07-25"/>
  </code>
  <code code="CCAT">
    <editdetail attribution="Reuters BIP Coding Group" action="confirmed" date="1997-07-25"/>
  </code>
</codes>
<dc element="dc.date.created" value="1997-07-25"/>
<dc element="dc.publisher" value="Reuters Holdings Plc"/>
<dc element="dc.date.published" value="1997-07-25"/>
<dc element="dc.source" value="Reuters"/>
<dc element="dc.creator.location" value="WARWICK, R.I."/>
<dc element="dc.creator.location.country.name" value="USA"/>
<dc element="dc.source" value="Reuters"/>
</metadata>
</newsitem>
