<?xml version="1.0" encoding="iso-8859-1" ?>
<newsitem itemid="755655" id="root" date="1997-07-25" xml:lang="en">
<title>USA: TABLE-Hampton Industries Inc Q2 loss flat.</title>
<headline>TABLE-Hampton Industries Inc Q2 loss flat.</headline>
<dateline>KINSTON, N.C. 1997-07-25</dateline>
<text>
<p>1997		    1996</p>
<p> Net sales			  $26,111,000	   $25,295,000</p>
<p> Net loss			     1,184,000	loss 1,184,000</p>
<p> Shr loss				     .26		loss .26</p>
<p> Average shares outstanding     4,585,629	     4,585,629</p>
<p>26 WEEKS</p>
<p> Net sales			   62,468,000	    61,231,000</p>
<p> Net loss				 564,000	loss 1,448,000</p>
<p> Shr loss				     .12		loss .32</p>
<p> Average shares outstanding     4,585,629	     4,585,629</p>
<p>NOTE: Periods ended June 28 vs June 29.</p>
<p>1996 includes after-tax gain of $480,000, or $0.10 per share, in the six months from sale of property, and gain of $396,000, or $0.09 per share, in Q2 from sale of property.</p>
<p>((--New York Newsdesk 212 859-1610))</p>
</text>
<copyright>(c) Reuters Limited 1997</copyright>
<metadata>
<codes class="bip:countries:1.0">
  <code code="USA">
    <editdetail attribution="Reuters BIP Coding Group" action="confirmed" date="1997-07-25"/>
  </code>
</codes>
<codes class="bip:industries:1.0">
  <code code="I45300">
    <editdetail attribution="Reuters BIP Coding Group" action="confirmed" date="1997-07-25"/>
  </code>
</codes>
<codes class="bip:topics:1.0">
  <code code="C15">
    <editdetail attribution="Reuters BIP Coding Group" action="confirmed" date="1997-07-25"/>
  </code>
  <code code="C151">
    <editdetail attribution="Reuters BIP Coding Group" action="confirmed" date="1997-07-25"/>
  </code>
  <code code="CCAT">
    <editdetail attribution="Reuters BIP Coding Group" action="confirmed" date="1997-07-25"/>
  </code>
</codes>
<dc element="dc.date.created" value="1997-07-25"/>
<dc element="dc.publisher" value="Reuters Holdings Plc"/>
<dc element="dc.date.published" value="1997-07-25"/>
<dc element="dc.source" value="Reuters"/>
<dc element="dc.creator.location" value="KINSTON, N.C."/>
<dc element="dc.creator.location.country.name" value="USA"/>
<dc element="dc.source" value="Reuters"/>
</metadata>
</newsitem>
