<?xml version="1.0" encoding="iso-8859-1" ?>
<newsitem itemid="755661" id="root" date="1997-07-25" xml:lang="en">
<title>USA: TABLE - Syncor Q2 results.</title>
<headline>TABLE - Syncor Q2 results.</headline>
<dateline>WOODLAND HILLS, Calif.,</dateline>
<text>
<p>SYNCOR INTERNATIONAL CORP. AND SUBSIDIARIES</p>
<p>			 Consolidated Statements of Income</p>
<p>		     (In thousands, except per-share data)</p>
<p>					    Three Months Ended June 30,</p>
<p>							  1997	   1996</p>
<p> Net sales					$ 98,187     $ 93,296</p>
<p> Cost of sales				    74,333	 71,547</p>
<p> Gross profit				     23,854	 21,749</p>
<p>Operating, selling and</p>
<p>  administrative expenses		     18,869	 17,654</p>
<p> Operating income				  4,985	  4,095</p>
<p> Other income, net				409(a)	    317</p>
<p> Income before income taxes		    5,394	  4,412</p>
<p> Provision for income taxes		    2,157	  1,765</p>
<p> Net income from continuing operations     3,237	  2,647</p>
<p> Discontinued operations, net of tax	 1,063	  (343)</p>
<p> Net income					  4,300	  2,304</p>
<p>Net income per share -- primary</p>
<p> Continuing operations			    0.33	   0.25</p>
<p> Discontinued operations			  0.11	 (0.03)</p>
<p> Net income per share			     0.44	   0.22</p>
<p>Weighted average shares</p>
<p>  outstanding -- primary			 9,870	 10,637</p>
<p>Net income per share -- fully diluted</p>
<p> Continuing operations			    0.32	   0.25</p>
<p> Discontinued operations			  0.11	 (0.03)</p>
<p> Net income per share			     0.43	   0.22</p>
<p>Weighted average shares outstanding</p>
<p>  -- fully diluted				 9,964	 10,796</p>
<p>NOTE: (a) Includes $283 non-recurring item in 1997.</p>
<p>A net gain of $1.1 million or earnings per share of 11 cents is included in Q2 1997's results in discontinued operations. This net gain is the result of the final accounting involving a decision made by Syncor in March 1997 to sell its interest in Positron Emission Tomography (PET).</p>
<p>SYNCOR INTERNATIONAL CORP. AND SUBSIDIARIES</p>
<p>			 Consolidated Statements of Income</p>
<p>		     (In thousands, except per-share data)</p>
<p>						Six Months Ended June 30,</p>
<p>							  1997	  1996</p>
<p> Net sales					$191,271     $185,317</p>
<p> Cost of sales				   147,301	143,348</p>
<p> Gross profit				     43,970	 41,969</p>
<p>Operating, selling and</p>
<p>  administrative expenses		     36,139	 35,562</p>
<p> Operating income				  7,831	  6,407</p>
<p> Other income, net			    3,140(a)     1,048(a)</p>
<p> Income before income taxes		   10,971	  7,455</p>
<p> Provision for income taxes		    4,388	  2,982</p>
<p> Net income from continuing operations     6,583	  4,473</p>
<p> Discontinued operations, net of tax	 1,063	  (463)</p>
<p> Net income					  7,646	  4,010</p>
<p>Net income per share -- primary</p>
<p> Continuing operations			    0.65	   0.42</p>
<p> Discontinued operations			  0.11	 (0.04)</p>
<p> Net income per share			     0.76	   0.38</p>
<p>Weighted average shares</p>
<p>  outstanding -- primary			10,107	 10,495</p>
<p>Net income per share -- fully diluted</p>
<p> Continuing operations			    0.65	   0.41</p>
<p> Discontinued operations			  0.10	 (0.04)</p>
<p> Net income per share			     0.75	   0.37</p>
<p>Weighted average shares outstanding</p>
<p>  -- fully diluted				10,135	 10,849</p>
<p>(a) Includes $2,825 non-recurring item in 1997 and $543 in 1996.</p>
</text>
<copyright>(c) Reuters Limited 1997</copyright>
<metadata>
<codes class="bip:countries:1.0">
  <code code="USA">
    <editdetail attribution="Reuters BIP Coding Group" action="confirmed" date="1997-07-25"/>
  </code>
</codes>
<codes class="bip:industries:1.0">
  <code code="I61000">
    <editdetail attribution="Reuters BIP Coding Group" action="confirmed" date="1997-07-25"/>
  </code>
</codes>
<codes class="bip:topics:1.0">
  <code code="C15">
    <editdetail attribution="Reuters BIP Coding Group" action="confirmed" date="1997-07-25"/>
  </code>
  <code code="C151">
    <editdetail attribution="Reuters BIP Coding Group" action="confirmed" date="1997-07-25"/>
  </code>
  <code code="CCAT">
    <editdetail attribution="Reuters BIP Coding Group" action="confirmed" date="1997-07-25"/>
  </code>
</codes>
<dc element="dc.publisher" value="Reuters Holdings Plc"/>
<dc element="dc.date.published" value="1997-07-25"/>
<dc element="dc.source" value="Reuters"/>
<dc element="dc.creator.location" value="WOODLAND HILLS, Calif., )"/>
<dc element="dc.creator.location.country.name" value="USA"/>
<dc element="dc.source" value="Reuters"/>
</metadata>
</newsitem>
