<?xml version="1.0" encoding="iso-8859-1" ?>
<newsitem itemid="755645" id="root" date="1997-07-25" xml:lang="en">
<title>USA: Clinton expects budget accord with Congress.</title>
<headline>Clinton expects budget accord with Congress.</headline>
<dateline>WASHINGTON 1997-07-25</dateline>
<text>
<p>President Clinton on Friday predicted he will be able to reach an agreement with Republican congressional leaders on a new federal budget, but did not indicate how long it would take.</p>
<p>&quot;I think we're going to get this agreement,&quot; Clinton said of budget talks during a speech to the National Association of Elemetary School Principals.</p>
<p>Clinton made his remarks a short time after discussing current budget negotiations with Treasury Secretary Robert Rubin, White House Chief of Staff Erskine Bowles, and congressional liason John Hilley.</p>
</text>
<copyright>(c) Reuters Limited 1997</copyright>
<metadata>
<codes class="bip:countries:1.0">
  <code code="USA">
    <editdetail attribution="Reuters BIP Coding Group" action="confirmed" date="1997-07-25"/>
  </code>
</codes>
<codes class="bip:topics:1.0">
  <code code="E21">
    <editdetail attribution="Reuters BIP Coding Group" action="confirmed" date="1997-07-25"/>
  </code>
  <code code="E211">
    <editdetail attribution="Reuters BIP Coding Group" action="confirmed" date="1997-07-25"/>
  </code>
  <code code="ECAT">
    <editdetail attribution="Reuters BIP Coding Group" action="confirmed" date="1997-07-25"/>
  </code>
  <code code="GCAT">
    <editdetail attribution="Reuters BIP Coding Group" action="confirmed" date="1997-07-25"/>
  </code>
  <code code="GPOL">
    <editdetail attribution="Reuters BIP Coding Group" action="confirmed" date="1997-07-25"/>
  </code>
</codes>
<dc element="dc.date.created" value="1997-07-25"/>
<dc element="dc.publisher" value="Reuters Holdings Plc"/>
<dc element="dc.date.published" value="1997-07-25"/>
<dc element="dc.source" value="Reuters"/>
<dc element="dc.creator.location" value="WASHINGTON"/>
<dc element="dc.creator.location.country.name" value="USA"/>
<dc element="dc.source" value="Reuters"/>
</metadata>
</newsitem>
