<?xml version="1.0" encoding="iso-8859-1" ?>
<newsitem itemid="755646" id="root" date="1997-07-25" xml:lang="en">
<title>USA: TABLE - Polymer Q2 oper shr $0.19 vs $0.06.</title>
<headline>TABLE - Polymer Q2 oper shr $0.19 vs $0.06.</headline>
<dateline>CHARLESTON, S.C. 1997-07-25</dateline>
<text>
<p>Consolidated statements of operations</p>
<p>					 (Unaudited)</p>
<p>		    (In thousands, except per share data)</p>
<p>				 Three months ended  Six months ended</p>
<p>				  Jun 28,  Jun 29,  Jun 28,   Jun 29,</p>
<p>				     1997     1996     1997     1996</p>
<p> Net Sales		   $131,508 $128,593 $260,455  $251,308</p>
<p> Cost of goods sold	  96,792   96,328  193,154   189,648</p>
<p> Gross profit		  34,716   32,265   67,301    61,660</p>
<p>Selling, general and</p>
<p>  administrative expenses  19,037   16,480   37,693    34,591</p>
<p> Operating income	    15,679   15,785   29,608    27,069</p>
<p>Other (income) expenses:</p>
<p>  Interest expense, net     6,698    9,026   13,532    19,605</p>
<p>Foreign currency transaction</p>
<p>   (gains) losses, net	  (5)    2,241    (325)     3,573</p>
<p>				    6,693   11,267   13,207    23,178</p>
<p>Income before income taxes and</p>
<p>  extraordinary item	  8,986    4,518   16,401     3,891</p>
<p> Income taxes		   2,974    1,920    5,427     1,776</p>
<p>Income before extraordinary item</p>
<p>				    6,012    2,598   10,974     2,115</p>
<p>Extraordinary item, (loss) from</p>
<p>extinguishment of debt, net of</p>
<p>  income tax benefit of $7,492  --  (13,932)     --  (13,932)</p>
<p> Net income (loss)	    6,012  (11,334)  10,974  (11,817)</p>
<p>Redeemable preferred stock</p>
<p>  dividends and accretion	--    (916)	 --   (3,020)</p>
<p>Net income (loss) applicable</p>
<p>  to common stock	     6,012 (12,250)   10,974  (14,837)</p>
<p>Net income (loss) per common share:</p>
<p>Income (loss) before</p>
<p>  extraordinary item	    .19	.06	.34     (.04)</p>
<p>Extraordinary item, (loss)</p>
<p>from extinguishment of debt,</p>
<p>  net of income tax benefit    --    (.53)	 --     (.60)</p>
<p>Net income (loss) applicable</p>
<p>  to common stock		 .19    (.47)	.34     (.64)</p>
<p>Weighted average number of shares</p>
<p>  outstanding		  32,000   26,250   32,000    23,375</p>
<p>Source:  Polymer Group Inc</p>
<p>-- New York Newsdesk 212 859-1610</p>
</text>
<copyright>(c) Reuters Limited 1997</copyright>
<metadata>
<codes class="bip:countries:1.0">
  <code code="USA">
    <editdetail attribution="Reuters BIP Coding Group" action="confirmed" date="1997-07-25"/>
  </code>
</codes>
<codes class="bip:industries:1.0">
  <code code="I25140">
    <editdetail attribution="Reuters BIP Coding Group" action="confirmed" date="1997-07-25"/>
  </code>
</codes>
<codes class="bip:topics:1.0">
  <code code="C15">
    <editdetail attribution="Reuters BIP Coding Group" action="confirmed" date="1997-07-25"/>
  </code>
  <code code="C151">
    <editdetail attribution="Reuters BIP Coding Group" action="confirmed" date="1997-07-25"/>
  </code>
  <code code="CCAT">
    <editdetail attribution="Reuters BIP Coding Group" action="confirmed" date="1997-07-25"/>
  </code>
</codes>
<dc element="dc.date.created" value="1997-07-25"/>
<dc element="dc.publisher" value="Reuters Holdings Plc"/>
<dc element="dc.date.published" value="1997-07-25"/>
<dc element="dc.source" value="Reuters"/>
<dc element="dc.creator.location" value="CHARLESTON, S.C."/>
<dc element="dc.creator.location.country.name" value="USA"/>
<dc element="dc.source" value="Reuters"/>
</metadata>
</newsitem>
