<?xml version="1.0" encoding="iso-8859-1" ?>
<newsitem itemid="755615" id="root" date="1997-07-25" xml:lang="en">
<title>USA: TABLE - Texas Utilities Q2 net down.</title>
<headline>TABLE - Texas Utilities Q2 net down.</headline>
<dateline>DALLAS 1997-07-25</dateline>
<text>
<p>TEXAS UTILITIES COMPANY</p>
<p>				  (Unaudited)</p>
<p> 2nd Qtr Ended June 30		     1997		 1996</p>
<p> Operating Revenues	     $1,588,485,000   $1,691,313,000</p>
<p> Consolidated Net Income	   160,746,000	202,957,000</p>
<p>Average Number of Shares of</p>
<p>  Common Stock Outstanding	 224,616,000	225,593,000</p>
<p> Earnings Per Share			   0.72		 0.90</p>
<p>12 Months Ended June 30</p>
<p> Operating Revenues		6,478,004,000    6,195,638,000</p>
<p> Consolidated Net Income	   700,119,000   (33,457,000)/a</p>
<p>Average Number of Shares of</p>
<p>  Common Stock Outstanding	 224,606,000	225,779,000</p>
<p> Earnings Per Share			   3.12	     (0.15)</p>
<p>NOTE: (a) Includes a charge of $1,223 million ($802 million after taxes) for the write-down of impaired assets including uncompleted coal-fired generating units, coal reserves and miscellaneous other assets. Excluding the charge, earnings for the 12 months ended June 30, 1996, would have been $3.40 per share.</p>
</text>
<copyright>(c) Reuters Limited 1997</copyright>
<metadata>
<codes class="bip:countries:1.0">
  <code code="USA">
    <editdetail attribution="Reuters BIP Coding Group" action="confirmed" date="1997-07-25"/>
  </code>
</codes>
<codes class="bip:industries:1.0">
  <code code="I16100">
    <editdetail attribution="Reuters BIP Coding Group" action="confirmed" date="1997-07-25"/>
  </code>
</codes>
<codes class="bip:topics:1.0">
  <code code="C15">
    <editdetail attribution="Reuters BIP Coding Group" action="confirmed" date="1997-07-25"/>
  </code>
  <code code="C151">
    <editdetail attribution="Reuters BIP Coding Group" action="confirmed" date="1997-07-25"/>
  </code>
  <code code="CCAT">
    <editdetail attribution="Reuters BIP Coding Group" action="confirmed" date="1997-07-25"/>
  </code>
</codes>
<dc element="dc.date.created" value="1997-07-25"/>
<dc element="dc.publisher" value="Reuters Holdings Plc"/>
<dc element="dc.date.published" value="1997-07-25"/>
<dc element="dc.source" value="Reuters"/>
<dc element="dc.creator.location" value="DALLAS"/>
<dc element="dc.creator.location.country.name" value="USA"/>
<dc element="dc.source" value="Reuters"/>
</metadata>
</newsitem>
