<?xml version="1.0" encoding="iso-8859-1" ?>
<newsitem itemid="755685" id="root" date="1997-07-25" xml:lang="en">
<title>USA: Pfizer sees single-digit H2 earnings growth.</title>
<headline>Pfizer sees single-digit H2 earnings growth.</headline>
<dateline>NEW YORK 1997-07-25</dateline>
<text>
<p>Pfizer Inc said on Friday that it expects its earnings for the second half of 1997 to grow in single digits over last year's second half.</p>
<p>An analyst at a Pfizer presentation pointed to Pfizer executive vice president Henry McKinnell that the company was projecting an earnings increase in the 10-percent range for the year.  Earnings growth for the 1997 second quarter was 13 percent and 14 percent for the first half of the year.</p>
<p>McKinnell was asked if that implied that earnings growth for the second half would be in the single digits.  He replied: &quot;Yes.&quot;  </p>
<p>McKinnell noted that the company was boosting its research and development expenses to $2.0 billion for the year from $1.7 billion last year to ramp up trials of the wave of new products expected in the next few years.</p>
<p>((--Wall St Desk, 212-859-1730))</p>
</text>
<copyright>(c) Reuters Limited 1997</copyright>
<metadata>
<codes class="bip:countries:1.0">
  <code code="USA">
    <editdetail attribution="Reuters BIP Coding Group" action="confirmed" date="1997-07-25"/>
  </code>
</codes>
<codes class="bip:industries:1.0">
  <code code="I25000">
    <editdetail attribution="Reuters BIP Coding Group" action="confirmed" date="1997-07-25"/>
  </code>
</codes>
<codes class="bip:topics:1.0">
  <code code="C15">
    <editdetail attribution="Reuters BIP Coding Group" action="confirmed" date="1997-07-25"/>
  </code>
  <code code="C152">
    <editdetail attribution="Reuters BIP Coding Group" action="confirmed" date="1997-07-25"/>
  </code>
  <code code="CCAT">
    <editdetail attribution="Reuters BIP Coding Group" action="confirmed" date="1997-07-25"/>
  </code>
</codes>
<dc element="dc.date.created" value="1997-07-25"/>
<dc element="dc.publisher" value="Reuters Holdings Plc"/>
<dc element="dc.date.published" value="1997-07-25"/>
<dc element="dc.source" value="Reuters"/>
<dc element="dc.creator.location" value="NEW YORK"/>
<dc element="dc.creator.location.country.name" value="USA"/>
<dc element="dc.source" value="Reuters"/>
</metadata>
</newsitem>
