<?xml version="1.0" encoding="iso-8859-1" ?>
<newsitem itemid="755621" id="root" date="1997-07-25" xml:lang="en">
<title>USA: US productivity may rise further-Minn. Fed's Stern.</title>
<headline>US productivity may rise further-Minn. Fed's Stern.</headline>
<dateline>RED WING, Minn. 1997-07-25</dateline>
<text>
<p>The U.S. economy has experienced recent productivity gains and there is a chance it will see further significant improvements in that area, said a top official at the Federal Reserve Bank of Minneapolis.</p>
<p>&quot;I don't see any reason at this point to get negative about productivity,&quot; Minneapolis Fed president Gary Stern told members of the American Farm Bureau gathered here for a conference.</p>
<p>&quot;There is a hint there's something more positive going on with productivity. Maybe we can look forward to further significant productivity gains from here,&quot; Stern added.  </p>
<p>Stern also said that he saw no credit contraints in the U.S. economy, with the exception, maybe, of some tighteness in the consumer credit sector.</p>
<p>&quot;We don't perceive there is any shortage of credit in agricultural or any other sector of the economy. Credit is readily available, but one place where it might be a touch tighter is on the consumer side,&quot; Stern said.</p>
<p>&quot;Credit card lenders have gotten more cautions ... We have a lot of competition in financial services. As long as that persists, reasonable credit risk will get financed,&quot; he added.</p>
<p>Although the Minneapolis Fed president praised the current economic scenario in the U.S., he said he did not believe the economy had entered a &quot;new era.&quot;</p>
<p>&quot;It would be wonderful if we were in a new era, but new eras always come to the same end ... While times are awfully good, I don't think we're in a new era,&quot; Stern said.</p>
<p>Many U.S. economists have said they believe the economy has entered a &quot;new era,&quot; in which global competition and rising productivity would put a permanent lid on inflation.</p>
<p>(( -- Shawn Regan and J.P. Vicente, 212-859-1676 ))</p>
</text>
<copyright>(c) Reuters Limited 1997</copyright>
<metadata>
<codes class="bip:countries:1.0">
  <code code="USA">
    <editdetail attribution="Reuters BIP Coding Group" action="confirmed" date="1997-07-25"/>
  </code>
</codes>
<codes class="bip:topics:1.0">
  <code code="E31">
    <editdetail attribution="Reuters BIP Coding Group" action="confirmed" date="1997-07-25"/>
  </code>
  <code code="E311">
    <editdetail attribution="Reuters BIP Coding Group" action="confirmed" date="1997-07-25"/>
  </code>
  <code code="E41">
    <editdetail attribution="Reuters BIP Coding Group" action="confirmed" date="1997-07-25"/>
  </code>
  <code code="ECAT">
    <editdetail attribution="Reuters BIP Coding Group" action="confirmed" date="1997-07-25"/>
  </code>
  <code code="GCAT">
    <editdetail attribution="Reuters BIP Coding Group" action="confirmed" date="1997-07-25"/>
  </code>
  <code code="GJOB">
    <editdetail attribution="Reuters BIP Coding Group" action="confirmed" date="1997-07-25"/>
  </code>
</codes>
<dc element="dc.date.created" value="1997-07-25"/>
<dc element="dc.publisher" value="Reuters Holdings Plc"/>
<dc element="dc.date.published" value="1997-07-25"/>
<dc element="dc.source" value="Reuters"/>
<dc element="dc.creator.location" value="RED WING, Minn."/>
<dc element="dc.creator.location.country.name" value="USA"/>
<dc element="dc.source" value="Reuters"/>
</metadata>
</newsitem>
