<?xml version="1.0" encoding="iso-8859-1" ?>
<newsitem itemid="755636" id="root" date="1997-07-25" xml:lang="en">
<title>USA: TABLE - Hycor Biomedical Inc Q2 results.</title>
<headline>TABLE - Hycor Biomedical Inc Q2 results.</headline>
<dateline>IRVINE, Calif. 1997-07-25</dateline>
<text>
<p>HYCOR BIOMEDICAL INC.</p>
<p>			   CONSOLIDATED STATEMENTS</p>
<p>				 Three Months Ended  Six Months Ended</p>
<p>					 June 30,	    June 30,</p>
<p> INCOME STATEMENT	    1997	   1996   1997	1996</p>
<p> Product Sales		 4,865	 5,171  9,447    10,478</p>
<p> Cost of Sales		 2,092	 2,147  4,276     4,612</p>
<p>   Gross Profit on Sales   2,773	 3,024  5,171     5,866</p>
<p> Expenses			2,923	 2,994  5,613     5,852</p>
<p>Operating Income (Loss)</p>
<p>				   (150)	    30  (442)	  14</p>
<p> Interest Income		  71	   104    144	 217</p>
<p> Foreign Exchange G/(L)	(4)	   (1)    (2)	  12</p>
<p>Net Income (Loss) Before</p>
<p>  Taxes			   (83)	   133  (300)	 243</p>
<p>Income Tax Provision</p>
<p>  (Benefit)		     (29)	    55  (103)	  97</p>
<p> Net Income (Loss)	    (54)	    78  (197)	 146</p>
<p> Per Common Share	   (0.01)	  0.01  (0.03)     0.02</p>
<p> Weighted Average Shares   7,138	 7,852  7,150     7,886</p>
</text>
<copyright>(c) Reuters Limited 1997</copyright>
<metadata>
<codes class="bip:countries:1.0">
  <code code="USA">
    <editdetail attribution="Reuters BIP Coding Group" action="confirmed" date="1997-07-25"/>
  </code>
</codes>
<codes class="bip:industries:1.0">
  <code code="I25700">
    <editdetail attribution="Reuters BIP Coding Group" action="confirmed" date="1997-07-25"/>
  </code>
</codes>
<codes class="bip:topics:1.0">
  <code code="C15">
    <editdetail attribution="Reuters BIP Coding Group" action="confirmed" date="1997-07-25"/>
  </code>
  <code code="C151">
    <editdetail attribution="Reuters BIP Coding Group" action="confirmed" date="1997-07-25"/>
  </code>
  <code code="CCAT">
    <editdetail attribution="Reuters BIP Coding Group" action="confirmed" date="1997-07-25"/>
  </code>
</codes>
<dc element="dc.date.created" value="1997-07-25"/>
<dc element="dc.publisher" value="Reuters Holdings Plc"/>
<dc element="dc.date.published" value="1997-07-25"/>
<dc element="dc.source" value="Reuters"/>
<dc element="dc.creator.location" value="IRVINE, Calif."/>
<dc element="dc.creator.location.country.name" value="USA"/>
<dc element="dc.source" value="Reuters"/>
</metadata>
</newsitem>
