<?xml version="1.0" encoding="iso-8859-1" ?>
<newsitem itemid="755643" id="root" date="1997-07-25" xml:lang="en">
<title>USA: FCC approves sale of WITN-TV to Gray.</title>
<headline>FCC approves sale of WITN-TV to Gray.</headline>
<dateline>ALBANY, Ga. 1997-07-25</dateline>
<text>
<p>Gray Communications Systems Inc said Thursday that the Federal Communications Commission has approved the assignment of license of WITN-TV, Washington, North Carolina to one of its subsidiaries, from Raycom-U.S. Inc.</p>
<p>Terms of the previously-announced deal were not disclosed.</p>
<p>Gray said WITN complements its existing group of stations, located mainly in the southeastern U.S.</p>
<p>The Greenville-Washington-New Bern market ranks as the 105th largest television market in the U.S.</p>
<p>Gray operates seven television stations, three daily newspapers, and two advertising weekly shoppers, among its businesses.</p>
</text>
<copyright>(c) Reuters Limited 1997</copyright>
<metadata>
<codes class="bip:countries:1.0">
  <code code="USA">
    <editdetail attribution="Reuters BIP Coding Group" action="confirmed" date="1997-07-25"/>
  </code>
</codes>
<codes class="bip:industries:1.0">
  <code code="I9741102">
    <editdetail attribution="Reuters BIP Coding Group" action="confirmed" date="1997-07-25"/>
  </code>
</codes>
<codes class="bip:topics:1.0">
  <code code="C13">
    <editdetail attribution="Reuters BIP Coding Group" action="confirmed" date="1997-07-25"/>
  </code>
  <code code="C18">
    <editdetail attribution="Reuters BIP Coding Group" action="confirmed" date="1997-07-25"/>
  </code>
  <code code="C181">
    <editdetail attribution="Reuters BIP Coding Group" action="confirmed" date="1997-07-25"/>
  </code>
  <code code="CCAT">
    <editdetail attribution="Reuters BIP Coding Group" action="confirmed" date="1997-07-25"/>
  </code>
</codes>
<dc element="dc.date.created" value="1997-07-25"/>
<dc element="dc.publisher" value="Reuters Holdings Plc"/>
<dc element="dc.date.published" value="1997-07-25"/>
<dc element="dc.source" value="Reuters"/>
<dc element="dc.creator.location" value="ALBANY, Ga."/>
<dc element="dc.creator.location.country.name" value="USA"/>
<dc element="dc.source" value="Reuters"/>
</metadata>
</newsitem>
