<?xml version="1.0" encoding="iso-8859-1" ?>
<newsitem itemid="755775" id="root" date="1997-07-25" xml:lang="en">
<title>USA: TABLE - IMC Global Inc Q4 June 30 net up.</title>
<headline>TABLE - IMC Global Inc Q4 June 30 net up.</headline>
<dateline>NORTHBROOK, Ill. 1997-07-25</dateline>
<text>
<p>1997			1996</p>
<p> Shr			  $0.90		    $0.71</p>
<p> Net			 85,000		   66,400</p>
<p> Revs		   1,048,200		  955,100</p>
<p> Avg shrs		  94,900		   93,400</p>
<p>(All Data Above 000s Except Per Share Numbers)</p>
<p>NOTE: Q4 1997 includes extraordinary charge for debt retirement of $3.3 million or $0.03 a share.</p>
<p>1997 Q4 operating income $88.3 million, or $0.93 a share vs $66.4 million, or $0.71 a share.  </p>
<p>		     YEAR</p>
<p> Shr			  $2.03		    $2.31</p>
<p> Net			193,100		  213,900</p>
<p> Revs		   2,982,000		2,981,000</p>
<p> Avg shrs		  95,000		   92,700</p>
<p>(All Data Above 000s Except Per Share Numbers)</p>
<p>NOTE: Full-year 1997 results after $11.4 million or $0.12 a share extraordinary charge for debt retirement. Excluding charge, fiscal 1997 earnings $204.5 million or $2.15 a share.</p>
<p>((Reuters Chicago Newsdesk (312) 408-8787))</p>
</text>
<copyright>(c) Reuters Limited 1997</copyright>
<metadata>
<codes class="bip:countries:1.0">
  <code code="USA">
    <editdetail attribution="Reuters BIP Coding Group" action="confirmed" date="1997-07-25"/>
  </code>
</codes>
<codes class="bip:industries:1.0">
  <code code="I25130">
    <editdetail attribution="Reuters BIP Coding Group" action="confirmed" date="1997-07-25"/>
  </code>
</codes>
<codes class="bip:topics:1.0">
  <code code="C15">
    <editdetail attribution="Reuters BIP Coding Group" action="confirmed" date="1997-07-25"/>
  </code>
  <code code="C151">
    <editdetail attribution="Reuters BIP Coding Group" action="confirmed" date="1997-07-25"/>
  </code>
  <code code="C1511">
    <editdetail attribution="Reuters BIP Coding Group" action="confirmed" date="1997-07-25"/>
  </code>
  <code code="CCAT">
    <editdetail attribution="Reuters BIP Coding Group" action="confirmed" date="1997-07-25"/>
  </code>
</codes>
<dc element="dc.date.created" value="1997-07-25"/>
<dc element="dc.publisher" value="Reuters Holdings Plc"/>
<dc element="dc.date.published" value="1997-07-25"/>
<dc element="dc.source" value="Reuters"/>
<dc element="dc.creator.location" value="NORTHBROOK, Ill."/>
<dc element="dc.creator.location.country.name" value="USA"/>
<dc element="dc.source" value="Reuters"/>
</metadata>
</newsitem>
