<?xml version="1.0" encoding="iso-8859-1" ?>
<newsitem itemid="755724" id="root" date="1997-07-25" xml:lang="en">
<title>USA: TABLE- Allied Research Q2 net increases.</title>
<headline>TABLE- Allied Research Q2 net increases.</headline>
<dateline>VIENNA, Va. 1997-07-25</dateline>
<text>
<p>Three months ended June 30</p>
<p>				1997			1996</p>
<p> Shr			  $0.51		    $0.15</p>
<p> Net			  2,307			651</p>
<p> Revs			24,630		   23,004</p>
<p> Shrs outstanding	 4,500		    4,400</p>
<p>Six months ended June 30</p>
<p> Shr			  $0.95		    $0.29</p>
<p> Net			  4,291		    1,287</p>
<p> Revs			54,395		   46,531</p>
<p>(All data above 000s except per share numbers)</p>
<p>NOTE: The company's full name is Allied Research Corp. Outstanding share numbers are as of June 30 for both periods.</p>
</text>
<copyright>(c) Reuters Limited 1997</copyright>
<metadata>
<codes class="bip:countries:1.0">
  <code code="USA">
    <editdetail attribution="Reuters BIP Coding Group" action="confirmed" date="1997-07-25"/>
  </code>
</codes>
<codes class="bip:industries:1.0">
  <code code="I32900">
    <editdetail attribution="Reuters BIP Coding Group" action="confirmed" date="1997-07-25"/>
  </code>
</codes>
<codes class="bip:topics:1.0">
  <code code="C15">
    <editdetail attribution="Reuters BIP Coding Group" action="confirmed" date="1997-07-25"/>
  </code>
  <code code="C151">
    <editdetail attribution="Reuters BIP Coding Group" action="confirmed" date="1997-07-25"/>
  </code>
  <code code="CCAT">
    <editdetail attribution="Reuters BIP Coding Group" action="confirmed" date="1997-07-25"/>
  </code>
</codes>
<dc element="dc.date.created" value="1997-07-25"/>
<dc element="dc.publisher" value="Reuters Holdings Plc"/>
<dc element="dc.date.published" value="1997-07-25"/>
<dc element="dc.source" value="Reuters"/>
<dc element="dc.creator.location" value="VIENNA, Va."/>
<dc element="dc.creator.location.country.name" value="USA"/>
<dc element="dc.source" value="Reuters"/>
</metadata>
</newsitem>
