<?xml version="1.0" encoding="iso-8859-1" ?>
<newsitem itemid="755720" id="root" date="1997-07-25" xml:lang="en">
<title>USA: Dana sets sale of flat rubber products unit.</title>
<headline>Dana sets sale of flat rubber products unit.</headline>
<dateline>TOLEDO, Ohio 1997-07-25</dateline>
<text>
<p>Dana Corp said Friday it has signed a letter of intent to sell the flat rubber products business of its Boston Weatherhead Division to Coltec Industries Inc.</p>
<p>The action is the latest in a series of moves in 1997 to focus on its core businesses, Dana said.  It cited agreements to sell its transmission business, leaf spring manufacturing assets, global vehicular clutch business, and hydraulic cylinder operations; and the sale of its U.S. heavy-truck structural component operation and European warehouses.  </p>
<p>Dana also has announced its intention to purchase Eaton Corp's global axle and brake operations and has purchased Clark-Hurth Components; the Sealed Power Division of SPX Corp ; Flexon Inc, a maker of fuel filters; Thermoplast+Apparatebau GmbH, an injection molding company; and Industrias Orlando Stevaux Ltda, a maker of gaskets and oil seals.</p>
<p>Dana's statement said the transaction with Coltec is subject to the negotiation of a definitive agreement and to customary regulatory approval but provided no terms.  </p>
<p>Company officials were not immediately available to provide details.</p>
<p>Boston Weatherhead's flat rubber products are manufactured at Paragould, Ark., and consist of sheet rubber and conveyor belts.  Coltec said it intends to continue the Paragould operation and offer employment to Dana's 140 employees there.</p>
<p>Last year, Paragould's flat rubber products accounted for $35 million of Dana's $7.7 billion in sales, it noted.</p>
<p>As part of the transaction, Coltec will purchase raw materials for the Paragould facility from Boston Weatherhead's rubber mixing facility in Newbern, Tenn.  Coltec will operate the Paragould facility as part of its Garlock Sealing Technologies division.</p>
<p>Dana said it will continue to manufacture the primary products of its Boston Weatherhead Division, which are rubber hoses and fluid connectors. The Boston Weatherhead Division is part of Dana's Industrial Products Group, one of Dana's eight core businesses. It accounted for sales of $730 million in 1996.  ((-- New York Newsdesk 212 859-1610))</p>
</text>
<copyright>(c) Reuters Limited 1997</copyright>
<metadata>
<codes class="bip:countries:1.0">
  <code code="USA">
    <editdetail attribution="Reuters BIP Coding Group" action="confirmed" date="1997-07-25"/>
  </code>
</codes>
<codes class="bip:industries:1.0">
  <code code="I35300">
    <editdetail attribution="Reuters BIP Coding Group" action="confirmed" date="1997-07-25"/>
  </code>
  <code code="I36400">
    <editdetail attribution="Reuters BIP Coding Group" action="confirmed" date="1997-07-25"/>
  </code>
</codes>
<codes class="bip:topics:1.0">
  <code code="C18">
    <editdetail attribution="Reuters BIP Coding Group" action="confirmed" date="1997-07-25"/>
  </code>
  <code code="C181">
    <editdetail attribution="Reuters BIP Coding Group" action="confirmed" date="1997-07-25"/>
  </code>
  <code code="CCAT">
    <editdetail attribution="Reuters BIP Coding Group" action="confirmed" date="1997-07-25"/>
  </code>
</codes>
<dc element="dc.date.created" value="1997-07-25"/>
<dc element="dc.publisher" value="Reuters Holdings Plc"/>
<dc element="dc.date.published" value="1997-07-25"/>
<dc element="dc.source" value="Reuters"/>
<dc element="dc.creator.location" value="TOLEDO, Ohio"/>
<dc element="dc.creator.location.country.name" value="USA"/>
<dc element="dc.source" value="Reuters"/>
</metadata>
</newsitem>
