<?xml version="1.0" encoding="iso-8859-1" ?>
<newsitem itemid="755791" id="root" date="1997-07-25" xml:lang="en">
<title>USA: TABLE-Smith's Food Q2 net profit vs loss.</title>
<headline>TABLE-Smith's Food Q2 net profit vs loss.</headline>
<dateline>SALT LAKE CITY 1997-07-25</dateline>
<text>
<p>13 weeks  13 weeks  27 weeks     26 weeks</p>
<p>			    1997	1996	1997	   1996</p>
<p>Net sales	     $780,231  $690,023 $1,612,052  $1,383,188</p>
<p>Cost of goods sold   601,646   533,312  1,247,641   1,079,918</p>
<p>			   178,585   156,711    364,411     303,270</p>
<p>Expenses:</p>
<p>Operating, selling</p>
<p> and administrative  109,392   130,350    225,420     241,703</p>
<p>Depreciation and</p>
<p> amortization	   23,978    21,432     46,887	44,071</p>
<p>Interest		  28,948    22,655     61,671	37,092</p>
<p>Amortization of deferred</p>
<p> financing costs	   809	 772	3,109	   880</p>
<p>Restructuring Charge     ---   201,622	  ---     201,622</p>
<p>			   163,127   376,831    337,087     525,368</p>
<p>INCOME (LOSS) BEFORE</p>
<p>INCOME TAXES AND</p>
<p> EXTRAORDINARY CHARGE 15,458 (220,120)     27,324   (222,098)</p>
<p>Income taxes (benefit  6,500  (87,245)     11,500    (88,045)</p>
<p>INCOME (LOSS) BEFORE</p>
<p> EXTRAORDINARY CHARGE  8,958 (132,875)     15,824   (134,053)</p>
<p>Extraordinary charge</p>
<p>extinguishment of debt,</p>
<p> net of tax benefit	---    41,782     25,030	41,782</p>
<p>NET INCOME (LOSS)     $8,958 (174,657)   $(9,206)  $(175,835)</p>
<p>Income (loss) per share of Common Stock:</p>
<p>Income (loss) before</p>
<p> extraordinary charge  $0.55   $(6.24)	$0.97     $(5.78)</p>
<p>Extraordinary charge     ---    (1.96)     (1.54)	(1.80)</p>
<p>Net income (loss)	$0.55   $(8.20)    $(0.57)     $(7.58)</p>
<p>Average number of common</p>
<p>shares outstanding</p>
<p> (In thousands)	 16,328    21,297     16,275	23,184</p>
<p>(Dollar amounts in thousands, except per share data)</p>
<p>NOTES: Full name is Smith's Food &amp; Drug Centers Inc.</p>
<p>1997 second quarter ended July 5.</p>
<p>Earnings before interest, taxes, depreciation, amortization and LIFO (EBITDA) for the quarter was $70.0 million, an increase of 14.0 percent or $8.6 million over the same quarter last year.</p>
<p>((-- New York Newsdesk, 212-859-1610))</p>
</text>
<copyright>(c) Reuters Limited 1997</copyright>
<metadata>
<codes class="bip:countries:1.0">
  <code code="USA">
    <editdetail attribution="Reuters BIP Coding Group" action="confirmed" date="1997-07-25"/>
  </code>
</codes>
<codes class="bip:industries:1.0">
  <code code="I64100">
    <editdetail attribution="Reuters BIP Coding Group" action="confirmed" date="1997-07-25"/>
  </code>
</codes>
<codes class="bip:topics:1.0">
  <code code="C15">
    <editdetail attribution="Reuters BIP Coding Group" action="confirmed" date="1997-07-25"/>
  </code>
  <code code="C151">
    <editdetail attribution="Reuters BIP Coding Group" action="confirmed" date="1997-07-25"/>
  </code>
  <code code="CCAT">
    <editdetail attribution="Reuters BIP Coding Group" action="confirmed" date="1997-07-25"/>
  </code>
</codes>
<dc element="dc.date.created" value="1997-07-25"/>
<dc element="dc.publisher" value="Reuters Holdings Plc"/>
<dc element="dc.date.published" value="1997-07-25"/>
<dc element="dc.source" value="Reuters"/>
<dc element="dc.creator.location" value="SALT LAKE CITY"/>
<dc element="dc.creator.location.country.name" value="USA"/>
<dc element="dc.source" value="Reuters"/>
</metadata>
</newsitem>
