<?xml version="1.0" encoding="iso-8859-1" ?>
<newsitem itemid="755719" id="root" date="1997-07-25" xml:lang="en">
<title>USA: Select not to buy Hightec,Sinclare stakes.</title>
<headline>Select not to buy Hightec,Sinclare stakes.</headline>
<text>
<p>MIAMI, July 25 (Reuter) 1997 - Select Capital Advisors Inc said Friday it cancelled plans to buy stakes in Hightec Inc and the Sinclare Group Inc.</p>
<p>&quot;We were talking about a stake of 30 percent or so, but it wasn't really finalized,&quot; a Select spokeswoman said. &quot;The details of the agreement weren't exactly what (the companies) had imagined they would be.&quot;  </p>
<p>Select is privately held.</p>
<p>Hightec of Tiburon, Calif., bought a controlling interest in Sinclare of Montreal, Canada, in January. Hightec swapped one million of its shares for eight million shares of Sinclare (which had 15.8 million outstanding), and its president Larry Stokett became president of Sinclare.</p>
<p>Hightec's stock hit a 52-week low of 3/8 Thursday, while the bid on Sinclare's stock was $0.08 a share Friday, close to its 52-week low of $0.07.</p>
</text>
<copyright>(c) Reuters Limited 1997</copyright>
<metadata>
<codes class="bip:countries:1.0">
  <code code="USA">
    <editdetail attribution="Reuters BIP Coding Group" action="confirmed" date="1997-07-25"/>
  </code>
</codes>
<codes class="bip:topics:1.0">
  <code code="C18">
    <editdetail attribution="Reuters BIP Coding Group" action="confirmed" date="1997-07-25"/>
  </code>
  <code code="C181">
    <editdetail attribution="Reuters BIP Coding Group" action="confirmed" date="1997-07-25"/>
  </code>
  <code code="CCAT">
    <editdetail attribution="Reuters BIP Coding Group" action="confirmed" date="1997-07-25"/>
  </code>
</codes>
<dc element="dc.publisher" value="Reuters Holdings Plc"/>
<dc element="dc.date.published" value="1997-07-25"/>
<dc element="dc.source" value="Reuters"/>
<dc element="dc.creator.location.country.name" value="USA"/>
<dc element="dc.source" value="Reuters"/>
</metadata>
</newsitem>
