<?xml version="1.0" encoding="iso-8859-1" ?>
<newsitem itemid="755759" id="root" date="1997-07-25" xml:lang="en">
<title>USA: CSCE cocoa called to open $5 to $10 a tonne higher.</title>
<headline>CSCE cocoa called to open $5 to $10 a tonne higher.</headline>
<dateline>NEW YORK 1997-07-25</dateline>
<text>
<p>CSCE cocoa futures were called to open $5 to $10 higher Friday in line with gains overnight in London, traders said.</p>
<p>&quot;London made its due and a bit better,&quot; one trader said.</p>
<p>LIFFE cocoa futures rose in thin trading, bolstered by light shortcovering. The market was expected to open six stg higher and at the midday break benchmark September was up 10 stg at 997 stg aonne, at the top of its 997 to 990 stg range. December was up nine stg at 1,029 stg.</p>
<p>Thursday, New York cocoa futures erased early losses and ended broadly higher. September settled up $19 at $1,516 a tonne after ranging from $1,518 to $1,480. December rose the same to $1,566, while the back months finished $16 to $18 higher.</p>
<p>Technically, traders pegged September resistance at a chart gap between $1,521 and $1,526. Support was put at $1,475, with the next downside target seen at $1,450 to $1,448.</p>
<p>((--Patricia Avidan, New York Commodity Desk 212 859 1640))</p>
</text>
<copyright>(c) Reuters Limited 1997</copyright>
<metadata>
<codes class="bip:countries:1.0">
  <code code="USA">
    <editdetail attribution="Reuters BIP Coding Group" action="confirmed" date="1997-07-25"/>
  </code>
</codes>
<codes class="bip:topics:1.0">
  <code code="M14">
    <editdetail attribution="Reuters BIP Coding Group" action="confirmed" date="1997-07-25"/>
  </code>
  <code code="M141">
    <editdetail attribution="Reuters BIP Coding Group" action="confirmed" date="1997-07-25"/>
  </code>
  <code code="MCAT">
    <editdetail attribution="Reuters BIP Coding Group" action="confirmed" date="1997-07-25"/>
  </code>
</codes>
<dc element="dc.date.created" value="1997-07-25"/>
<dc element="dc.publisher" value="Reuters Holdings Plc"/>
<dc element="dc.date.published" value="1997-07-25"/>
<dc element="dc.source" value="Reuters"/>
<dc element="dc.creator.location" value="NEW YORK"/>
<dc element="dc.creator.location.country.name" value="USA"/>
<dc element="dc.source" value="Reuters"/>
</metadata>
</newsitem>
