<?xml version="1.0" encoding="iso-8859-1" ?>
<newsitem itemid="755744" id="root" date="1997-07-25" xml:lang="en">
<title>USA: Hybridon to stop development of HIV drug.</title>
<headline>Hybridon to stop development of HIV drug.</headline>
<dateline>CAMBRIDGE, Mass. 1997-07-25</dateline>
<text>
<p>Hybridon Inc said Friday it had decided to stop further development of its first generation antisense drug, GEM91, based on a preliminary review of new data from a Phase II clinical trial of patients with advanced HIV infection.</p>
<p>The company said that in the Phase II trial, three of the nine subjects tested experienced decreases in platelet counts that required dose interruption.  </p>
<p>In addition, the company said, a review of the data showed inconsistent responses to the treatment.  Hybridon said it was proceeding with the development of GEM92, an advanced chemistry compound for the treatment of HIV.  The drug is scheduled to enter clinical trials in October.</p>
<p>The company also said that it has withdrawn its shelf registration statement filed with the Securities and Exchange Commission relating to a primary offering of up to 5,000,000 shares of common stock.</p>
<p>The company further said that it plans to cut back its expenditure rate on a phased basis over the rest of 1997 through cost savings associated with stopping the development of GEM91 and by reducing or suspending selected programs.</p>
<p>It said it is in preliminary discussions with potential collaborative partners with respect to certain of its research and development programs.</p>
</text>
<copyright>(c) Reuters Limited 1997</copyright>
<metadata>
<codes class="bip:countries:1.0">
  <code code="USA">
    <editdetail attribution="Reuters BIP Coding Group" action="confirmed" date="1997-07-25"/>
  </code>
</codes>
<codes class="bip:industries:1.0">
  <code code="I25700">
    <editdetail attribution="Reuters BIP Coding Group" action="confirmed" date="1997-07-25"/>
  </code>
</codes>
<codes class="bip:topics:1.0">
  <code code="C23">
    <editdetail attribution="Reuters BIP Coding Group" action="confirmed" date="1997-07-25"/>
  </code>
  <code code="CCAT">
    <editdetail attribution="Reuters BIP Coding Group" action="confirmed" date="1997-07-25"/>
  </code>
</codes>
<dc element="dc.date.created" value="1997-07-25"/>
<dc element="dc.publisher" value="Reuters Holdings Plc"/>
<dc element="dc.date.published" value="1997-07-25"/>
<dc element="dc.source" value="Reuters"/>
<dc element="dc.creator.location" value="CAMBRIDGE, Mass."/>
<dc element="dc.creator.location.country.name" value="USA"/>
<dc element="dc.source" value="Reuters"/>
</metadata>
</newsitem>
