<?xml version="1.0" encoding="iso-8859-1" ?>
<newsitem itemid="755782" id="root" date="1997-07-25" xml:lang="en">
<title>USA: Morgan sets 15-20 pct rev growth target-WSJ.</title>
<headline>Morgan sets 15-20 pct rev growth target-WSJ.</headline>
<dateline>NEW YORK 1997-07-25</dateline>
<text>
<p>Morgan Stanley Dean Witter Discover &amp; Co is setting revenue growth targets of 15 to 20 percent, Friday's Wall Street Journal said.</p>
<p>According to the newspaper, executives of the newly combined firm expect higher revenue growth from gaining a larger share of real estate investment trust, preferred stock and asset-backed securities markets.</p>
<p>The company plans to hire brokers at a faster rate and push for higher broker productivity.</p>
<p>Morgan Stanley Dean Witter also seeks to build its Discover card overseas and boost its asset-management business, the Journal said.</p>
<p>It is also considering growth in the 401(k) business and managing Japanese assets, should that become possible, the paper said.</p>
</text>
<copyright>(c) Reuters Limited 1997</copyright>
<metadata>
<codes class="bip:countries:1.0">
  <code code="USA">
    <editdetail attribution="Reuters BIP Coding Group" action="confirmed" date="1997-07-25"/>
  </code>
</codes>
<codes class="bip:industries:1.0">
  <code code="I83100">
    <editdetail attribution="Reuters BIP Coding Group" action="confirmed" date="1997-07-25"/>
  </code>
</codes>
<codes class="bip:topics:1.0">
  <code code="C15">
    <editdetail attribution="Reuters BIP Coding Group" action="confirmed" date="1997-07-25"/>
  </code>
  <code code="C152">
    <editdetail attribution="Reuters BIP Coding Group" action="confirmed" date="1997-07-25"/>
  </code>
  <code code="CCAT">
    <editdetail attribution="Reuters BIP Coding Group" action="confirmed" date="1997-07-25"/>
  </code>
</codes>
<dc element="dc.date.created" value="1997-07-25"/>
<dc element="dc.publisher" value="Reuters Holdings Plc"/>
<dc element="dc.date.published" value="1997-07-25"/>
<dc element="dc.source" value="Reuters"/>
<dc element="dc.creator.location" value="NEW YORK"/>
<dc element="dc.creator.location.country.name" value="USA"/>
<dc element="dc.source" value="Reuters"/>
</metadata>
</newsitem>
