<?xml version="1.0" encoding="iso-8859-1" ?>
<newsitem itemid="755732" id="root" date="1997-07-25" xml:lang="en">
<title>USA: TABLE - Realty Income Corp Q2 net firm.</title>
<headline>TABLE - Realty Income Corp Q2 net firm.</headline>
<dateline>ESCONDIDO, Calif. 1997-07-25</dateline>
<text>
<p>(dollars in thousands, except per share data)</p>
<p>			   Quarter Ended	   Six Months Ended</p>
<p>			6/30/97     6/30/96     6/30/97     6/30/96</p>
<p>REVENUE  Rental	     $16,006     $13,602     $31,455     $27,330</p>
<p> Interest		 105	    27	   127	    50</p>
<p> Other		     12	     8	    21	    35</p>
<p>  Total Revenue    16,123	13,637	31,603	27,415</p>
<p>EXPENSES Depreciation and   amortization	4,484	 4,049	 8,948	 8,123</p>
<p>General and administrative</p>
<p>			  1,332	 1,288	 2,585	 2,598</p>
<p> Property		 362	   413	   853	   859</p>
<p> Interest	     2,009	   485	 3,321	 1,005</p>
<p>Provision for impairment   losses		   70	   ---	    70	   323</p>
<p>    Total Expenses  8,257	 6,235	15,777	12,908</p>
<p>Income from operations</p>
<p>			  7,866	 7,402	15,826	14,507</p>
<p>Gain on sales of properties</p>
<p>			    202	   213	   427	   958</p>
<p>	  NET INCOME  8,068	 7,615	16,253	15,465</p>
<p>Funds From Operations</p>
<p>			 12,407	11,437	24,820	22,927</p>
<p>Per Share Data</p>
<p>Income from Operations</p>
<p>			   0.34	  0.32	  0.69	  0.63</p>
<p>   Net Income	  0.35	  0.33	  0.71	  0.67</p>
<p>   FFO		   0.54	  0.50	  1.08	  1.00</p>
<p>Average Shares Outstanding</p>
<p>		   22,990,592  22,976,469  22,990,163  22,976,756</p>
<p>((-- New York Newsdesk 212 859-1610))</p>
</text>
<copyright>(c) Reuters Limited 1997</copyright>
<metadata>
<codes class="bip:countries:1.0">
  <code code="USA">
    <editdetail attribution="Reuters BIP Coding Group" action="confirmed" date="1997-07-25"/>
  </code>
</codes>
<codes class="bip:industries:1.0">
  <code code="I81502">
    <editdetail attribution="Reuters BIP Coding Group" action="confirmed" date="1997-07-25"/>
  </code>
  <code code="I8150206">
    <editdetail attribution="Reuters BIP Coding Group" action="confirmed" date="1997-07-25"/>
  </code>
</codes>
<codes class="bip:topics:1.0">
  <code code="C15">
    <editdetail attribution="Reuters BIP Coding Group" action="confirmed" date="1997-07-25"/>
  </code>
  <code code="C151">
    <editdetail attribution="Reuters BIP Coding Group" action="confirmed" date="1997-07-25"/>
  </code>
  <code code="CCAT">
    <editdetail attribution="Reuters BIP Coding Group" action="confirmed" date="1997-07-25"/>
  </code>
</codes>
<dc element="dc.date.created" value="1997-07-25"/>
<dc element="dc.publisher" value="Reuters Holdings Plc"/>
<dc element="dc.date.published" value="1997-07-25"/>
<dc element="dc.source" value="Reuters"/>
<dc element="dc.creator.location" value="ESCONDIDO, Calif."/>
<dc element="dc.creator.location.country.name" value="USA"/>
<dc element="dc.source" value="Reuters"/>
</metadata>
</newsitem>
