<?xml version="1.0" encoding="iso-8859-1" ?>
<newsitem itemid="755717" id="root" date="1997-07-25" xml:lang="en">
<title>USA: WesterFed Financial to buyback common stock.</title>
<headline>WesterFed Financial to buyback common stock.</headline>
<dateline>MISSOULA, Mont. 1997-07-25</dateline>
<text>
<p>WesterFed Financial Corp said Friday its board approved a plan to repurchase up to five percent of its outstanding shares of common stock.</p>
<p>The company said it will buy the shares in the open market during a twelve month period, depending upon market conditions.</p>
<p>The company will conduct the program through certain registered broker-dealers, with repurchases to be made from time-to-time at market prices.</p>
<p>The company will hold the repurchased shares as treasury stock, which can be used in the future for general corporate purposes as needed.</p>
<p>At June 30, there were 5,564,904 shares of common stock outstanding.</p>
<p>WesterFed is the holding company for Western Federal Savings Bank of Montana.</p>
</text>
<copyright>(c) Reuters Limited 1997</copyright>
<metadata>
<codes class="bip:countries:1.0">
  <code code="USA">
    <editdetail attribution="Reuters BIP Coding Group" action="confirmed" date="1997-07-25"/>
  </code>
</codes>
<codes class="bip:industries:1.0">
  <code code="I81402">
    <editdetail attribution="Reuters BIP Coding Group" action="confirmed" date="1997-07-25"/>
  </code>
</codes>
<codes class="bip:topics:1.0">
  <code code="C17">
    <editdetail attribution="Reuters BIP Coding Group" action="confirmed" date="1997-07-25"/>
  </code>
  <code code="C171">
    <editdetail attribution="Reuters BIP Coding Group" action="confirmed" date="1997-07-25"/>
  </code>
  <code code="C18">
    <editdetail attribution="Reuters BIP Coding Group" action="confirmed" date="1997-07-25"/>
  </code>
  <code code="C181">
    <editdetail attribution="Reuters BIP Coding Group" action="confirmed" date="1997-07-25"/>
  </code>
  <code code="CCAT">
    <editdetail attribution="Reuters BIP Coding Group" action="confirmed" date="1997-07-25"/>
  </code>
</codes>
<dc element="dc.date.created" value="1997-07-25"/>
<dc element="dc.publisher" value="Reuters Holdings Plc"/>
<dc element="dc.date.published" value="1997-07-25"/>
<dc element="dc.source" value="Reuters"/>
<dc element="dc.creator.location" value="MISSOULA, Mont."/>
<dc element="dc.creator.location.country.name" value="USA"/>
<dc element="dc.source" value="Reuters"/>
</metadata>
</newsitem>
