<?xml version="1.0" encoding="iso-8859-1" ?>
<newsitem itemid="755831" id="root" date="1997-07-25" xml:lang="en">
<title>USA: TABLE - Consep Inc Q2 shr increases.</title>
<headline>TABLE - Consep Inc Q2 shr increases.</headline>
<dateline>BEND, Ore. 1997-07-24</dateline>
<text>
<p>For the Second Quarters and Six Month Periods Ended</p>
<p>		   June 30, 1997 and June 30, 1996</p>
<p>			2nd Qtr     2nd Qtr     Six Mos     Six Mos</p>
<p>			 Ended	 Ended	 Ended	 Ended</p>
<p>			 Jun 30	Jun 30	Jun 30	Jun 30</p>
<p>			  1997	  1996	  1997	  1996</p>
<p>Total revenues</p>
<p>		   13,780,234  11,683,695  24,605,875  20,893,310</p>
<p>Operating expenses:</p>
<p>Research and   development(A)  304,559     359,880     614,116     638,383</p>
<p>Selling, general and</p>
<p>administrative(A)</p>
<p>		    2,254,007   1,528,808   3,595,270   2,843,372</p>
<p> Distribution(B)  915,435     860,783   1,832,027   1,658,550</p>
<p>Total operating</p>
<p>   expenses     3,474,001   2,749,471   6,041,413   5,140,305</p>
<p>Other income</p>
<p> (expense), net   245,395    (84,192)     284,478    (96,629)</p>
<p> Net income	 506,212     105,991   1,109,003     460,489</p>
<p>Net income per</p>
<p>common and common</p>
<p> equivalent share    0.05	  0.01	  0.12	  0.06</p>
<p>Weighted average</p>
<p>common and common</p>
<p>equivalent shares</p>
<p> outstanding    9,537,979   7,832,489   9,543,889   7,824,322</p>
<p>NOTE - (A) Research and development and selling, general and administrative expenses are allocated to the company's propretary product operations.</p>
<p>(B) Distribution expenses consist entirely of selling, general and administrative expenses of the company's distribution operations.</p>
<p>((-- New York Newsdesk 212-859-1610))</p>
</text>
<copyright>(c) Reuters Limited 1997</copyright>
<metadata>
<codes class="bip:countries:1.0">
  <code code="USA">
    <editdetail attribution="Reuters BIP Coding Group" action="confirmed" date="1997-07-25"/>
  </code>
</codes>
<codes class="bip:industries:1.0">
  <code code="I25680">
    <editdetail attribution="Reuters BIP Coding Group" action="confirmed" date="1997-07-25"/>
  </code>
</codes>
<codes class="bip:topics:1.0">
  <code code="C15">
    <editdetail attribution="Reuters BIP Coding Group" action="confirmed" date="1997-07-25"/>
  </code>
  <code code="C151">
    <editdetail attribution="Reuters BIP Coding Group" action="confirmed" date="1997-07-25"/>
  </code>
  <code code="CCAT">
    <editdetail attribution="Reuters BIP Coding Group" action="confirmed" date="1997-07-25"/>
  </code>
</codes>
<dc element="dc.date.created" value="1997-07-24"/>
<dc element="dc.publisher" value="Reuters Holdings Plc"/>
<dc element="dc.date.published" value="1997-07-25"/>
<dc element="dc.source" value="Reuters"/>
<dc element="dc.creator.location" value="BEND, Ore."/>
<dc element="dc.creator.location.country.name" value="USA"/>
<dc element="dc.source" value="Reuters"/>
</metadata>
</newsitem>
