<?xml version="1.0" encoding="iso-8859-1" ?>
<newsitem itemid="755805" id="root" date="1997-07-25" xml:lang="en">
<title>USA: Alaska ferry suit to target Canadian government.</title>
<headline>Alaska ferry suit to target Canadian government.</headline>
<byline>Yereth Rosen</byline>
<dateline>ANCHORAGE, Alaska 1997-07-24</dateline>
<text>
<p>A lawsuit seeking to recover revenues lost in the three-day blockade of an Alaska state ferry will target Canada's government as well as the Canadian fishermen who staged the protest, a spokesman for Alaska's governor said Thursday.</p>
<p>&quot;When we file next week, the state will also be naming the Canadian federal government,&quot; said Bob King, press secretary for Gov. Tony Knowles. &quot;We feel the federal government is in part responsible. They have a responsiblity for ensuring safe passage. So we will be suing them.&quot;</p>
<p>The lawsuit will probably be filed Monday, King said. Alaska Marine Highway System officials were tallying up lost passenger revenues, overtime wages and economic damages stemming from the protest, an amount &quot;estimated in the hundreds of thousands&quot; of dollars, he said.</p>
<p>The blockade by hundreds of Canadian fishing boats kept the Malaspina, an Alaska state ferry, stuck in the northern British Columbia port of Prince Rupert until late Monday.</p>
<p>The Canadians were protesting what they said was excessive interception by Alaskans of British Columbia-spawning salmon. Alaskans deny the charge.</p>
<p>Alaska Attorney General Bruce Botelho plans to argue in a Vancouver court Monday for an extension to the legal injunction protecting Alaska vessels, King said.</p>
<p>On Wednesday, Knowles, Alaska Lt. Gov. Fran Ulmer and Washington Gov. Gary Locke were scheduled to meet in Seattle with David Anderson, fisheries minister for Canada, King said.</p>
<p>Knowles, Ulmer and Locke are all Democrats; Washington state is one of the parties to the expired Pacific Salmon Treaty.</p>
<p>Knowles also planned to travel to Prince Rupert to discuss ways to ensure future safe travel by state ferries into the port, King said.</p>
<p>The Canadian city estimates it has reaped a total of $72 million in economic benefits since the Alaska Marine Highway service began, but the state suspended ferry service when the blockade began and may cancel it altogether. Prince Rupert's mayor has apologized to Knowles for the protest and asked for ferry service to resume.</p>
<p>Gail Phillips, speaker of Alaska's House of Representatives, appeared less conciliatory.</p>
<p>On a public radio show Wednesday in her hometown of Homer, the Republican legislator criticized Knowles for not canceling a long-planned tour of villages along the Yukon River during the ferry crisis.</p>
<p>She said Knowles should have left the Yukon River, flown by Alaska National Guard helicopter to the surrounded Malaspina, taken charge at the vessel's helm and rammed the ferry through the ring of Canadian fishing boats. Phillips is considered a possible challenger for Knowles' seat in 1998.</p>
<p>King Thursday dismissed Phillips' suggestion.</p>
<p>&quot;With all due respect to the speaker, such an action would be highly irresponsible. It's one thing to want to live out your Walter Mitty fantasies, but the true test of leadership is coolness under fire,&quot; he said.</p>
</text>
<copyright>(c) Reuters Limited 1997</copyright>
<metadata>
<codes class="bip:countries:1.0">
  <code code="CANA">
    <editdetail attribution="Reuters BIP Coding Group" action="confirmed" date="1997-07-25"/>
  </code>
  <code code="USA">
    <editdetail attribution="Reuters BIP Coding Group" action="confirmed" date="1997-07-25"/>
  </code>
</codes>
<codes class="bip:industries:1.0">
  <code code="I03000">
    <editdetail attribution="Reuters BIP Coding Group" action="confirmed" date="1997-07-25"/>
  </code>
  <code code="I74000">
    <editdetail attribution="Reuters BIP Coding Group" action="confirmed" date="1997-07-25"/>
  </code>
</codes>
<codes class="bip:topics:1.0">
  <code code="C12">
    <editdetail attribution="Reuters BIP Coding Group" action="confirmed" date="1997-07-25"/>
  </code>
  <code code="C13">
    <editdetail attribution="Reuters BIP Coding Group" action="confirmed" date="1997-07-25"/>
  </code>
  <code code="C21">
    <editdetail attribution="Reuters BIP Coding Group" action="confirmed" date="1997-07-25"/>
  </code>
  <code code="CCAT">
    <editdetail attribution="Reuters BIP Coding Group" action="confirmed" date="1997-07-25"/>
  </code>
  <code code="GCAT">
    <editdetail attribution="Reuters BIP Coding Group" action="confirmed" date="1997-07-25"/>
  </code>
  <code code="GCRIM">
    <editdetail attribution="Reuters BIP Coding Group" action="confirmed" date="1997-07-25"/>
  </code>
  <code code="GDIP">
    <editdetail attribution="Reuters BIP Coding Group" action="confirmed" date="1997-07-25"/>
  </code>
  <code code="GVIO">
    <editdetail attribution="Reuters BIP Coding Group" action="confirmed" date="1997-07-25"/>
  </code>
</codes>
<dc element="dc.date.created" value="1997-07-24"/>
<dc element="dc.publisher" value="Reuters Holdings Plc"/>
<dc element="dc.date.published" value="1997-07-25"/>
<dc element="dc.source" value="Reuters"/>
<dc element="dc.creator.location" value="ANCHORAGE, Alaska"/>
<dc element="dc.creator.location.country.name" value="USA"/>
<dc element="dc.source" value="Reuters"/>
</metadata>
</newsitem>
