<?xml version="1.0" encoding="iso-8859-1" ?>
<newsitem itemid="755818" id="root" date="1997-07-25" xml:lang="en">
<title>USA: EMERGENCY WEATHER CONDITIONS -  WSC - 24-JUL					     .</title>
<headline>EMERGENCY WEATHER CONDITIONS -  WSC - 24-JUL					     .</headline>
<text>
<p>Typhoon Rosie, with 110 mph winds, is near 25.1n/133.3e, moving north northeast at 12 mph. Rosie will continue its track, weakening, and should have top winds of 75-80 mph when it makes landfall in southwestern Honshu, Japan, on Saturday. Rosie will likely produce storm surge coastal flooding, heavy rainfall leading to flooding and mudslides, and wind damage, with the worst likely occurring in southwestern and central Honshu during Saturday.  </p>
<p>Moderate to heavy rain may develop later Friday into Saturday in northeastern Europe, including Poland, the Czech Republic, and eastern Germany, where recent flooding has been severe. Additional flooding is likely to occur with the next round of rain.  </p>
<p>Showers and thunderstorms scattered across Bangladesh are leading to additional flooding problems in areas that have already seen severe flooding during the past couple of weeks. Additional property damage and crop loss may result.</p>
</text>
<copyright>(c) Reuters Limited 1997</copyright>
<metadata>
<codes class="bip:countries:1.0">
  <code code="JAP">
    <editdetail attribution="Reuters BIP Coding Group" action="confirmed" date="1997-07-25"/>
  </code>
  <code code="USA">
    <editdetail attribution="Reuters BIP Coding Group" action="confirmed" date="1997-07-25"/>
  </code>
</codes>
<codes class="bip:topics:1.0">
  <code code="GCAT">
    <editdetail attribution="Reuters BIP Coding Group" action="confirmed" date="1997-07-25"/>
  </code>
  <code code="GDIS">
    <editdetail attribution="Reuters BIP Coding Group" action="confirmed" date="1997-07-25"/>
  </code>
  <code code="GENV">
    <editdetail attribution="Reuters BIP Coding Group" action="confirmed" date="1997-07-25"/>
  </code>
  <code code="GWEA">
    <editdetail attribution="Reuters BIP Coding Group" action="confirmed" date="1997-07-25"/>
  </code>
</codes>
<dc element="dc.publisher" value="Reuters Holdings Plc"/>
<dc element="dc.date.published" value="1997-07-25"/>
<dc element="dc.source" value="Reuters"/>
<dc element="dc.creator.location.country.name" value="USA"/>
<dc element="dc.source" value="Reuters"/>
</metadata>
</newsitem>
