<?xml version="1.0" encoding="iso-8859-1" ?>
<newsitem itemid="755859" id="root" date="1997-07-25" xml:lang="en">
<title>USA: TABLE - Southwest Bancorp Q2 net falls.</title>
<headline>TABLE - Southwest Bancorp Q2 net falls.</headline>
<dateline>NEW YORK 1997-07-24</dateline>
<text>
<p>1997			1996</p>
<p> Shr			  $0.40		    $0.42</p>
<p> Net			  1,903		    1,976</p>
<p> Loan loss prov.	    801			775</p>
<p> Avg shrs		   3,769		    3,759</p>
<p>	  SIX MONTHS</p>
<p> Shr			  $0.42		    $0.83</p>
<p> Net			  2,363		    3,908</p>
<p> Loan loss prov.	  3,802		    1,650</p>
<p> Avg shrs		   3,767		    3,758</p>
<p>(All data above 000s except per share numbers)</p>
<p>NOTE: The company said lower net income for the current six-month period reflects unusually high provision for loan losses.</p>
<p>Full name is Southwest Bancorp Inc.</p>
</text>
<copyright>(c) Reuters Limited 1997</copyright>
<metadata>
<codes class="bip:countries:1.0">
  <code code="USA">
    <editdetail attribution="Reuters BIP Coding Group" action="confirmed" date="1997-07-25"/>
  </code>
</codes>
<codes class="bip:industries:1.0">
  <code code="I81402">
    <editdetail attribution="Reuters BIP Coding Group" action="confirmed" date="1997-07-25"/>
  </code>
</codes>
<codes class="bip:topics:1.0">
  <code code="C15">
    <editdetail attribution="Reuters BIP Coding Group" action="confirmed" date="1997-07-25"/>
  </code>
  <code code="C151">
    <editdetail attribution="Reuters BIP Coding Group" action="confirmed" date="1997-07-25"/>
  </code>
  <code code="CCAT">
    <editdetail attribution="Reuters BIP Coding Group" action="confirmed" date="1997-07-25"/>
  </code>
</codes>
<dc element="dc.date.created" value="1997-07-24"/>
<dc element="dc.publisher" value="Reuters Holdings Plc"/>
<dc element="dc.date.published" value="1997-07-25"/>
<dc element="dc.source" value="Reuters"/>
<dc element="dc.creator.location" value="NEW YORK"/>
<dc element="dc.creator.location.country.name" value="USA"/>
<dc element="dc.source" value="Reuters"/>
</metadata>
</newsitem>
