<?xml version="1.0" encoding="iso-8859-1" ?>
<newsitem itemid="755800" id="root" date="1997-07-25" xml:lang="en">
<title>USA: PRESS DIGEST - New York Times front page - July 25.</title>
<headline>PRESS DIGEST - New York Times front page - July 25.</headline>
<dateline>NEW YORK 1997-07-25</dateline>
<text>
<p>The New York Times reported the following stories on its front page Friday:</p>
<p>* Ex-Republican Chairman Haley Barbour rebutted Democratic assertions that the GOP accepted illegal foreign contributions.</p>
<p>* Justice William Brennan died, seven years after his retirement from the Supreme Court.</p>
<p>* In the days before he shot himself, murder suspect Andrew Cunanan desperately tried to get a fake passport so he could escape.</p>
<p>* The names on the list of 1,756 dormant accounts issued by Swiss banks on Wednesday included as many non-Jews as Jews.</p>
<p>* Eleven years after raping a 16-year-old neighbor in the back of a friend's car in the wealthy suburb of Darien, Conn., Alex Kelly went to prison to begin a 16-year term.</p>
<p>* A Dallas jury awarded nearly $120 million in damages after finding that the local Roman Catholic Diocese had ignored evidence that a priest was sexually abusing boys and that it tried to cover up the scandal.</p>
<p>((New York Newsdesk 212-859-1610))</p>
</text>
<copyright>(c) Reuters Limited 1997</copyright>
<metadata>
<codes class="bip:countries:1.0">
  <code code="USA">
    <editdetail attribution="Reuters BIP Coding Group" action="confirmed" date="1997-07-25"/>
  </code>
</codes>
<codes class="bip:topics:1.0">
  <code code="GCAT">
    <editdetail attribution="Reuters BIP Coding Group" action="confirmed" date="1997-07-25"/>
  </code>
</codes>
<dc element="dc.date.created" value="1997-07-25"/>
<dc element="dc.publisher" value="Reuters Holdings Plc"/>
<dc element="dc.date.published" value="1997-07-25"/>
<dc element="dc.source" value="Reuters"/>
<dc element="dc.creator.location" value="NEW YORK"/>
<dc element="dc.creator.location.country.name" value="USA"/>
<dc element="dc.source" value="Reuters"/>
</metadata>
</newsitem>
