<?xml version="1.0" encoding="iso-8859-1" ?>
<newsitem itemid="652079" id="root" date="1997-06-11" xml:lang="en">
<title>CANADA: Canada bonds open firmer, eye on two-year auction.</title>
<headline>Canada bonds open firmer, eye on two-year auction.</headline>
<dateline>TORONTO 1997-06-11</dateline>
<text>
<p>Canadian bonds opened slightly firmer in quiet trade on Wednesday, mirroring gains in U.S. Treasuries, with much of the market focused on the results of today's auction of two-year bonds, analysts said.</p>
<p>&quot;There's nothing going on. We have no news and the market is doing nothing,&quot; said Robert Marcus, vice-president of fixed-income with Altamira Investment Services. &quot;We would expect the morning to be quiet and maybe pick up a bit in the afternoon after the auction.&quot;</p>
<p>Canada's 30-year benchmark rose C$0.17 to C$114.65 to yield 6.843 percent.  </p>
<p>The U.S. 30-year bond rose 7/32 to yield 6.82 percent. The spread between the bonds widened to two basis points from an all-time low of one basis point at Tuesday's close.</p>
<p>The Government of Canada this afternoon will auction C$3.5 billion of bonds with an unspecified coupon and maturing on September 15, 1999. The Bank of Canada will buy at least C$350 million of the new bonds.</p>
<p>Auction results will be released at 1315 EDT/1715 GMT. The proceeds of the auction will be used for general government purposes, as there are no marketable bonds maturing on June 16.  </p>
<p>In the interim, analysts said there was little news or significant data for the Canadian market to trade on. Instead investors were looking ahead to the release of U.S. retail sales and producer price reports on Thursday and Friday.</p>
<p>Beyond that, traders were focused on the July 1 meeting of the U.S. Federal Reserve's rate-setting Open Market Committee.</p>
<p>In other prices, Canada's 10-year benchmark bond rose C$0.17 to C$106.66 to yield 6.337 percent, while the U.S. 10-year rose 5/32 to 6.55 percent.</p>
<p>The negative spread between the bonds was 21 basis points, unchanged from Tuesday's close.  </p>
<p>The three-month cash T-bill yielded 2.91 percent against its U.S. equivalent, which yielded 4.99 percent.</p>
<p>((Jeffrey Hodgson (416) 941-8105, e-mail: jeffrey.hodgson@reuters.com))</p>
</text>
<copyright>(c) Reuters Limited 1997</copyright>
<metadata>
<codes class="bip:countries:1.0">
  <code code="CANA">
    <editdetail attribution="Reuters BIP Coding Group" action="confirmed" date="1997-06-11"/>
  </code>
</codes>
<codes class="bip:topics:1.0">
  <code code="M12">
    <editdetail attribution="Reuters BIP Coding Group" action="confirmed" date="1997-06-11"/>
  </code>
  <code code="MCAT">
    <editdetail attribution="Reuters BIP Coding Group" action="confirmed" date="1997-06-11"/>
  </code>
</codes>
<dc element="dc.date.created" value="1997-06-11"/>
<dc element="dc.publisher" value="Reuters Holdings Plc"/>
<dc element="dc.date.published" value="1997-06-11"/>
<dc element="dc.source" value="Reuters"/>
<dc element="dc.creator.location" value="TORONTO"/>
<dc element="dc.creator.location.country.name" value="CANADA"/>
<dc element="dc.source" value="Reuters"/>
</metadata>
</newsitem>
