<?xml version="1.0" encoding="iso-8859-1" ?>
<newsitem itemid="652086" id="root" date="1997-06-11" xml:lang="en">
<title>USA: RESEARCH ALERT - Adtran cut to hold.</title>
<headline>RESEARCH ALERT - Adtran cut to hold.</headline>
<text>
<p>-- Dain Bosworth said Wednesday it reduced its rating on Adtran Inc to hold from a buy.</p>
<p>-- He also cut its earnings estiamtes for Adtran for 1997 to $1.09 a share from $1.20 and for 1998 to $1.46 a share from $1.55. Second quarter 1997 estimates were reduced to $0.22 a share from $0.28, third quarter to $0.29 from $0.32 and fourth quarter to $0.33 from $0.35.</p>
<p>-- Dain said earnings estimates were cut to reflect a more difficult environment for Adtran products, including HDSL (high-bit-rate digital subscriber line) and ISDN (integrated services digital network), both of which are used for high-speed Internet connection.</p>
<p>-- Adtran shares were off 1/2 to 23-3/8.</p>
<p>((Reuters Chicago Newsdesk (312) 408-8787))</p>
</text>
<copyright>(c) Reuters Limited 1997</copyright>
<metadata>
<codes class="bip:countries:1.0">
  <code code="USA">
    <editdetail attribution="Reuters BIP Coding Group" action="confirmed" date="1997-06-11"/>
  </code>
</codes>
<codes class="bip:industries:1.0">
  <code code="I34410">
    <editdetail attribution="Reuters BIP Coding Group" action="confirmed" date="1997-06-11"/>
  </code>
</codes>
<codes class="bip:topics:1.0">
  <code code="C15">
    <editdetail attribution="Reuters BIP Coding Group" action="confirmed" date="1997-06-11"/>
  </code>
  <code code="C152">
    <editdetail attribution="Reuters BIP Coding Group" action="confirmed" date="1997-06-11"/>
  </code>
  <code code="CCAT">
    <editdetail attribution="Reuters BIP Coding Group" action="confirmed" date="1997-06-11"/>
  </code>
</codes>
<dc element="dc.publisher" value="Reuters Holdings Plc"/>
<dc element="dc.date.published" value="1997-06-11"/>
<dc element="dc.source" value="Reuters"/>
<dc element="dc.creator.location.country.name" value="USA"/>
<dc element="dc.source" value="Reuters"/>
</metadata>
</newsitem>
