<?xml version="1.0" encoding="iso-8859-1" ?>
<newsitem itemid="652100" id="root" date="1997-06-11" xml:lang="en">
<title>USA: Murdoch satellite TV deal to get close U.S. scrutiny.</title>
<headline>Murdoch satellite TV deal to get close U.S. scrutiny.</headline>
<byline>Roger Fillion</byline>
<dateline>WASHINGTON 1997-06-11</dateline>
<text>
<p>Rupert Murdoch is likely to be grilled by government officials over teaming up with cable television operators to offer satellite TV only weeks after vowing to fight the cable industry with a now-defunct satellite venture.</p>
<p>A U.S. official said Wednesday regulators will pore over the deal between Murdoch's News Corp. and PrimeStar Partners -- a satellite TV service owned by the biggest cable players -- to see its impact on competition in cable and satellite television.</p>
<p>&quot;It will get close scrutiny,&quot; said Peter Cowhey, head of the Federal Communications Commission's international bureau. &quot;It's a major development in the market.&quot;</p>
<p>Consumer advocates and others already are criticizing the venture, calling it yet another deal that violates the spirit of competition envisioned by last year's communications law.</p>
<p>&quot;There's a very good chance that citizens groups will oppose the deal before the FCC and also on antitrust grounds,&quot; said Andrew Schwartzman of the Media Access Project.</p>
<p>Aside from the FCC, antitrust enforcers at the Justice Department or the Federal Trade Commission will review the transaction. And the deal is raising concern on Capitol Hill.</p>
<p>&quot;Congress and the American public will not put up with an unregulated monopoly,&quot; said Rep. W.J. (Billy) Tauzin, R-La.</p>
<p>&quot;We're either going to have real competition out there -- where consumers have real choices and are not bound by programming they don't want and aren't bound to pay any price the controlling interests demand -- or we're going to end up with not only continued, but intensified, regulation.&quot;</p>
<p>Murdoch's News Corp. will gain entry to the U.S. satellite TV market through a restructuring of PrimeStar. PrimeStar will become a public company and include satellites contolled by News Corp. and satellite TV partner MCI Communications Corp.</p>
<p>In exchange for the satellites, News Corp and MCI will get a non-voting stake in the new PrimeStar Inc. of no more than 20 percent -- a level below the 25 percent cap on foreign investments by companies like Australia-based News Corp.</p>
<p>The deal follows News Corp.'s failed bid to join with EchoStar Communications Corp. in a $1 billion satellite broadcast venture Murdoch said would challenge cable TV.</p>
<p>Direct satellite broadcast (DBS) operators like EchoStar -- whose customers get the high-quality digital service over a pizza-sized dish -- have about 5 million subscribers and are fighting to attract some of cable's 65 million viewers.</p>
<p>Murdoch in April asked lawmakers to change the copyright laws so his venture with EchoStar -- now engulfed in litigation -- could compete with cable.</p>
<p>&quot;If you give us the legal authority to compete, the rest is up to us,&quot; he told the Senate Commerce Committee.</p>
<p>PrimeStar currently has 1.8 million satellite subscribers. The addition of the News Corp.-MCI satellites will give it the ability to compete in the fast-growing DBS market.</p>
<p>Murdoch will be teaming up with the biggest names in cable. PrimeStar owners include: Tele-Communications Inc. (TCI), Time Warner Inc., and Comcast Corp.</p>
<p>The FCC's Cowhey said his agency will look at:</p>
<p>-- The impact on channel capacity for satellites used to beam TV programs around the nation.</p>
<p>-- The impact on competition between providers of cable TV, high-powered DBS TV, and direct-to-home (DTH) satellite TV that must use larger dishes than DBS.</p>
<p>-- The impact on other DBS providers' access to programs such as those distributed by News Corp.'s Fox TV network.</p>
<p>-- The impact on the three orbital satellite slots now capable of beaming programs nationwide. News Corp and MCI  will contribute one of the three slots in the new venture.</p>
<p>A unit of Tele-Communications, which is involved in PrimeStar, now shares one of the other two slots with EchoStar.</p>
<p>PrimeStar has agreed to sell the rights to the slot and occupy the more attractive one bought by MCI at an FCC airwave auction. &quot;The deal was structured so that antitrust concerns will not preclude it,&quot; said News Corp. lobbyist Peggy Binzel.</p>
</text>
<copyright>(c) Reuters Limited 1997</copyright>
<metadata>
<codes class="bip:countries:1.0">
  <code code="USA">
    <editdetail attribution="Reuters BIP Coding Group" action="confirmed" date="1997-06-11"/>
  </code>
</codes>
<codes class="bip:industries:1.0">
  <code code="I34430">
    <editdetail attribution="Reuters BIP Coding Group" action="confirmed" date="1997-06-11"/>
  </code>
  <code code="I47500">
    <editdetail attribution="Reuters BIP Coding Group" action="confirmed" date="1997-06-11"/>
  </code>
  <code code="I79020">
    <editdetail attribution="Reuters BIP Coding Group" action="confirmed" date="1997-06-11"/>
  </code>
  <code code="I83960">
    <editdetail attribution="Reuters BIP Coding Group" action="confirmed" date="1997-06-11"/>
  </code>
  <code code="I97400">
    <editdetail attribution="Reuters BIP Coding Group" action="confirmed" date="1997-06-11"/>
  </code>
  <code code="I9741110">
    <editdetail attribution="Reuters BIP Coding Group" action="confirmed" date="1997-06-11"/>
  </code>
</codes>
<codes class="bip:topics:1.0">
  <code code="C11">
    <editdetail attribution="Reuters BIP Coding Group" action="confirmed" date="1997-06-11"/>
  </code>
  <code code="C13">
    <editdetail attribution="Reuters BIP Coding Group" action="confirmed" date="1997-06-11"/>
  </code>
  <code code="C34">
    <editdetail attribution="Reuters BIP Coding Group" action="confirmed" date="1997-06-11"/>
  </code>
  <code code="CCAT">
    <editdetail attribution="Reuters BIP Coding Group" action="confirmed" date="1997-06-11"/>
  </code>
</codes>
<dc element="dc.date.created" value="1997-06-11"/>
<dc element="dc.publisher" value="Reuters Holdings Plc"/>
<dc element="dc.date.published" value="1997-06-11"/>
<dc element="dc.source" value="Reuters"/>
<dc element="dc.creator.location" value="WASHINGTON"/>
<dc element="dc.creator.location.country.name" value="USA"/>
<dc element="dc.source" value="Reuters"/>
</metadata>
</newsitem>
