<?xml version="1.0" encoding="iso-8859-1" ?>
<newsitem itemid="652176" id="root" date="1997-06-11" xml:lang="en">
<title>USA: U.S. lawmaker seeks to raise cigarette tax.</title>
<headline>U.S. lawmaker seeks to raise cigarette tax.</headline>
<dateline>WASHINGTON 1997-06-11</dateline>
<text>
<p>Republican Rep. Nancy Johnson Wednesday said she will seek to increase the cigarette tax by 29 cents per pack in order to raise $20 billion over five years to pay for a new child health insurance program.</p>
<p>Johnson will offer the proposal when the House Ways and Means Committee begins debate later Wednesday on amendments to tax legislation as part of the five-year balanced budget deal. &quot;This amendment would address the urgent need to protect millions of American youngsters who have no health coverage,&quot; Johnson of Connecticut said.</p>
<p>The cigarette tax is now 24 cents per pack. Under her plan taxes on other tobacco products would be increased by the same percentage.</p>
</text>
<copyright>(c) Reuters Limited 1997</copyright>
<metadata>
<codes class="bip:countries:1.0">
  <code code="USA">
    <editdetail attribution="Reuters BIP Coding Group" action="confirmed" date="1997-06-11"/>
  </code>
</codes>
<codes class="bip:industries:1.0">
  <code code="I42900">
    <editdetail attribution="Reuters BIP Coding Group" action="confirmed" date="1997-06-11"/>
  </code>
</codes>
<codes class="bip:topics:1.0">
  <code code="C13">
    <editdetail attribution="Reuters BIP Coding Group" action="confirmed" date="1997-06-11"/>
  </code>
  <code code="CCAT">
    <editdetail attribution="Reuters BIP Coding Group" action="confirmed" date="1997-06-11"/>
  </code>
  <code code="E21">
    <editdetail attribution="Reuters BIP Coding Group" action="confirmed" date="1997-06-11"/>
  </code>
  <code code="E211">
    <editdetail attribution="Reuters BIP Coding Group" action="confirmed" date="1997-06-11"/>
  </code>
  <code code="ECAT">
    <editdetail attribution="Reuters BIP Coding Group" action="confirmed" date="1997-06-11"/>
  </code>
  <code code="GCAT">
    <editdetail attribution="Reuters BIP Coding Group" action="confirmed" date="1997-06-11"/>
  </code>
  <code code="GHEA">
    <editdetail attribution="Reuters BIP Coding Group" action="confirmed" date="1997-06-11"/>
  </code>
</codes>
<dc element="dc.date.created" value="1997-06-11"/>
<dc element="dc.publisher" value="Reuters Holdings Plc"/>
<dc element="dc.date.published" value="1997-06-11"/>
<dc element="dc.source" value="Reuters"/>
<dc element="dc.creator.location" value="WASHINGTON"/>
<dc element="dc.creator.location.country.name" value="USA"/>
<dc element="dc.source" value="Reuters"/>
</metadata>
</newsitem>
