<?xml version="1.0" encoding="iso-8859-1" ?>
<newsitem itemid="652122" id="root" date="1997-06-11" xml:lang="en">
<title>USA: Plasma-Therm Inc Q2 May 31 net rises.</title>
<headline>Plasma-Therm Inc Q2 May 31 net rises.</headline>
<dateline>ST. PETERSBURG, Fla. 1997-06-11</dateline>
<text>
<p>Three Months Ended</p>
<p>				     May 31, 1997	 May 31, 1996</p>
<p>			    Dollar     Percent    Dollar    Percent</p>
<p>			    Amount    of Sales    Amount   of Sales</p>
<p> Net Sales		10,241	  100%     9,492	 100%</p>
<p>Costs and expenses:</p>
<p>Cost of products sold</p>
<p>			     5,827	   57%     5,837	  61%</p>
<p>Research and development</p>
<p>				 903	    9%	 716	   8%</p>
<p>Selling and</p>
<p> administrative	  1,684	   16%     1,451	  15%</p>
<p>Interest expense, net</p>
<p>				(18)	   ---	(14)	  ---</p>
<p> Other expense, net	20	   ---	  24	  ---</p>
<p>			     8,416	   82%     8,014	  84%</p>
<p>Income before income</p>
<p>   taxes		   1,825	   18%     1,478	  16%</p>
<p> Income taxes		660	    6%	 585	   6%</p>
<p> Net income		1,165	   11%	 893	   9%</p>
</text>
<copyright>(c) Reuters Limited 1997</copyright>
<metadata>
<codes class="bip:countries:1.0">
  <code code="USA">
    <editdetail attribution="Reuters BIP Coding Group" action="confirmed" date="1997-06-11"/>
  </code>
</codes>
<codes class="bip:industries:1.0">
  <code code="I34100">
    <editdetail attribution="Reuters BIP Coding Group" action="confirmed" date="1997-06-11"/>
  </code>
</codes>
<codes class="bip:topics:1.0">
  <code code="C15">
    <editdetail attribution="Reuters BIP Coding Group" action="confirmed" date="1997-06-11"/>
  </code>
  <code code="C151">
    <editdetail attribution="Reuters BIP Coding Group" action="confirmed" date="1997-06-11"/>
  </code>
  <code code="CCAT">
    <editdetail attribution="Reuters BIP Coding Group" action="confirmed" date="1997-06-11"/>
  </code>
</codes>
<dc element="dc.date.created" value="1997-06-11"/>
<dc element="dc.publisher" value="Reuters Holdings Plc"/>
<dc element="dc.date.published" value="1997-06-11"/>
<dc element="dc.source" value="Reuters"/>
<dc element="dc.creator.location" value="ST. PETERSBURG, Fla."/>
<dc element="dc.creator.location.country.name" value="USA"/>
<dc element="dc.source" value="Reuters"/>
</metadata>
</newsitem>
