<?xml version="1.0" encoding="iso-8859-1" ?>
<newsitem itemid="652109" id="root" date="1997-06-11" xml:lang="en">
<title>USA: FOCUS - U.S. tobacco talks.</title>
<headline>FOCUS - U.S. tobacco talks.</headline>
<dateline>WASHINGTON 1997-06-11</dateline>
<text>
<p>By Gail Appleson, Law Correspondent</p>
<p>State attorneys general negotiating a settlement with the tobacco industry expect to reach an agreement with cigarette companies next week, a source close to the talks said Wednesday.</p>
<p>The source told Reuters the negotiators were &quot;very upbeat&quot; following a two-hour telephone conference call in which they updated top state legal officials on progress in the talks.</p>
<p>The tobacco industry would not comment on the prediction but Scott Williams, a spokesman for cigarette makers, said, &quot;Negotiations are continuing and both sides are committed to working through the questions and issues before them.&quot;</p>
<p>Connecticut Attorney General Richard Blumenthal, who has been one of the more pessimistic of the negotiators, even sounded enthusiastic after the conference. However, he refused to predict when an agreement might be reached.</p>
<p>&quot;I'm more encouraged than ever by the strong sense of unanimity and support for public health principles and the opposition to restrictions on individual rights to a fair day in court,&quot; he said in a telephone interview.</p>
<p>He said the attorneys general are pleased about provisions they had negotiated in which the industry would agree to advertising restrictions, programs aimed at reducing underage smoking and payments for cigarette-related injuries.</p>
<p>&quot;I think we have made progress over the last six to 10 weeks that would have been unimaginable at the beginning,&quot; he said.</p>
<p>&quot;We are in reach of a settlement plan, but there are still obstacles to overcome,&quot; he said.</p>
<p>White House spokesman Mike McCurry said it was his understanding after talking with Bruce Lindsey, White House liaison to the talks, that negotiators have still &quot;got a lot of work to do.&quot;</p>
<p>As for any deal reached, &quot;We'll see what it is and see whether we like it or not,&quot; he said.</p>
<p>He said the White House would go along with a suggestion from former Surgeon General C. Everett Koop that health groups approve the deal before the White House supports it.</p>
<p>Negotiators said one of the remaining sticking points is how much control the Food and Drug Administration should have over nicotine in cigarettes.</p>
<p>A source close to talks said the negotiators were optimistic that they could soon reach an agreement about language on nicotine control.</p>
<p>On Tuesday, negotiators said they were recessing the talks because of a Jewish holiday. They denied published reports that the session had ended because of an impasse over the nicotine issue. They said another meeting would be set next week, possibly as soon as Monday.</p>
<p>Several people close to the talks said negotiations hit a snag early Monday when Brown &amp; Williamson Tobacco Corp., a unit of B.A.T Industries PLC, objected to regulatory provisions over concern that the FDA could eventually ban cigarettes.</p>
<p>They said that while talks had grown &quot;tough&quot; at that point, negotiations did not collapse.</p>
<p>Prior to Wednesday's teleconference, Washington State Attorney General Christine Gregoire, one of the negotiators, told Reuters that her colleagues left the meeting with industry on a &quot;fairly high note.&quot;</p>
<p>She said FDA control over nicotine remained a tough issue for the industry.</p>
<p>&quot;We feel nicotine must be regulated,&quot; she said.</p>
<p>Sources close to the talks said another problem area was whether individuals will be able to sue to collect punitive damages, which are awarded to punish and deter certain behavior.</p>
<p>&quot;We continue to oppose the elimination of punitive damages,&quot; Blumenthal said.</p>
</text>
<copyright>(c) Reuters Limited 1997</copyright>
<metadata>
<codes class="bip:countries:1.0">
  <code code="USA">
    <editdetail attribution="Reuters BIP Coding Group" action="confirmed" date="1997-06-11"/>
  </code>
</codes>
<codes class="bip:industries:1.0">
  <code code="I42900">
    <editdetail attribution="Reuters BIP Coding Group" action="confirmed" date="1997-06-11"/>
  </code>
  <code code="I83960">
    <editdetail attribution="Reuters BIP Coding Group" action="confirmed" date="1997-06-11"/>
  </code>
</codes>
<codes class="bip:topics:1.0">
  <code code="C12">
    <editdetail attribution="Reuters BIP Coding Group" action="confirmed" date="1997-06-11"/>
  </code>
  <code code="CCAT">
    <editdetail attribution="Reuters BIP Coding Group" action="confirmed" date="1997-06-11"/>
  </code>
  <code code="GCAT">
    <editdetail attribution="Reuters BIP Coding Group" action="confirmed" date="1997-06-11"/>
  </code>
  <code code="GCRIM">
    <editdetail attribution="Reuters BIP Coding Group" action="confirmed" date="1997-06-11"/>
  </code>
</codes>
<dc element="dc.date.created" value="1997-06-11"/>
<dc element="dc.publisher" value="Reuters Holdings Plc"/>
<dc element="dc.date.published" value="1997-06-11"/>
<dc element="dc.source" value="Reuters"/>
<dc element="dc.creator.location" value="WASHINGTON"/>
<dc element="dc.creator.location.country.name" value="USA"/>
<dc element="dc.source" value="Reuters"/>
</metadata>
</newsitem>
