<?xml version="1.0" encoding="iso-8859-1" ?>
<newsitem itemid="652185" id="root" date="1997-06-11" xml:lang="en">
<title>USA: U.S. Treasury balances at Fed fell on June 10.</title>
<headline>U.S. Treasury balances at Fed fell on June 10.</headline>
<dateline>WASHINGTON 1997-06-11</dateline>
<text>
<p>U.S. Treasury balances at Federal Reserve based on Treasury Department's latest budget statement.</p>
<p>			  (BILLIONS OF DLRS)</p>
<p>				 June 10		 June 9</p>
<p>Fed acct			 4.878		  5.158</p>
<p>Tax/loan note acct	   8.010		  6.773</p>
<p>Cash balance		  12.888		 11.931</p>
<p>---</p>
<p>Total public debt,</p>
<p> subject to limit	5,265.713	     5,262.331</p>
<p>---</p>
<p>Treasury said individual income tax refunds valued at $5 million were issued and $224 million of corporate refunds were issued.</p>
</text>
<copyright>(c) Reuters Limited 1997</copyright>
<metadata>
<codes class="bip:countries:1.0">
  <code code="USA">
    <editdetail attribution="Reuters BIP Coding Group" action="confirmed" date="1997-06-11"/>
  </code>
</codes>
<codes class="bip:topics:1.0">
  <code code="E21">
    <editdetail attribution="Reuters BIP Coding Group" action="confirmed" date="1997-06-11"/>
  </code>
  <code code="E211">
    <editdetail attribution="Reuters BIP Coding Group" action="confirmed" date="1997-06-11"/>
  </code>
  <code code="ECAT">
    <editdetail attribution="Reuters BIP Coding Group" action="confirmed" date="1997-06-11"/>
  </code>
</codes>
<dc element="dc.date.created" value="1997-06-11"/>
<dc element="dc.publisher" value="Reuters Holdings Plc"/>
<dc element="dc.date.published" value="1997-06-11"/>
<dc element="dc.source" value="Reuters"/>
<dc element="dc.creator.location" value="WASHINGTON"/>
<dc element="dc.creator.location.country.name" value="USA"/>
<dc element="dc.source" value="Reuters"/>
</metadata>
</newsitem>
