<?xml version="1.0" encoding="iso-8859-1" ?>
<newsitem itemid="652192" id="root" date="1997-06-11" xml:lang="en">
<title>USA: NYMEX natgas opens higher, then slips with cash.</title>
<headline>NYMEX natgas opens higher, then slips with cash.</headline>
<dateline>NEW YORK 1997-06-11</dateline>
<text>
<p>NYMEX Hub natgas futures opened higher, then slipped by midday Wednesday in sluggish trade, with prices still stuck in recent ranges amid little conviction about market direction, industry sources said.</p>
<p>At 1230 EDT, July eased 0.2 cent to $2.12 per million British thermal units after stalling at $2.155. August was 1.5 cents lower at $2.14. Most others also were down slightly.</p>
<p>&quot;There have been a lot of nukes coming back and there's no demand, so it's real tough to get a rally going,&quot; said one Texas-based trader, noting heat this week in the Midwest and Northeast was expected to be short-lived.  </p>
<p>Traders said the lack of sustained heat and expectations for a sizeable weekly stock build tonight helped undermine sentiment near-term. But few expected the market to collapse, with spreads still favoring up front buying and summer still ahead.</p>
<p>&quot;Everyone's looking for a pretty big storage number, but I think there are a lot of people waiting to buy ahead of $2,&quot; said another Texas trader, noting it was too early to be an aggressive bear.</p>
<p>Injection estimates for Wednesday's weekly AGA storage report range from 80 bcf to 110 bcf. For the same week last year, stocks gained 88 bcf.</p>
<p>Forecasts call for more seasonal weather in the Midwest and Northeast by the weekend and into next week. The Southeast was expected to be mostly normal, with Florida climbing to above-normal levels.</p>
<p>Technical traders said recent declines in volume reveal the lack of conviction among players, which has held prices in the same range for almost two weeks. July support was still seen at $2.10, with stronger buying expected at $2.08 and $2. Resistance was pegged first at $2.21, then at $2.25, $2.37 and the contract high at $2.44.</p>
<p>In the cash, swing gas in the Louisiana Gulf was steady early, then slipped a couple of cents to the low-teens. Midcontinent pipes were unchanged in the low-$2s. New York city gate gas also held steady in the low-$2.40s.</p>
<p>NYMEX said 13,224 contracts traded at 1150 EDT. Hub open interest on June 10 fell 243 contracts to 196,340.</p>
<p>On the KCBT, July fell 2.5 cents to $1.96, while deferreds were mixed. The East/West spread widened by 2.3 cents to 16.0 cents (NYMEX premium). KCBT open interest on June 10 rose 113 lots to 2,643.</p>
<p>((--J Silha, New York Power Desk 212-859-1624))</p>
</text>
<copyright>(c) Reuters Limited 1997</copyright>
<metadata>
<codes class="bip:countries:1.0">
  <code code="USA">
    <editdetail attribution="Reuters BIP Coding Group" action="confirmed" date="1997-06-11"/>
  </code>
</codes>
<codes class="bip:topics:1.0">
  <code code="M14">
    <editdetail attribution="Reuters BIP Coding Group" action="confirmed" date="1997-06-11"/>
  </code>
  <code code="M143">
    <editdetail attribution="Reuters BIP Coding Group" action="confirmed" date="1997-06-11"/>
  </code>
  <code code="MCAT">
    <editdetail attribution="Reuters BIP Coding Group" action="confirmed" date="1997-06-11"/>
  </code>
</codes>
<dc element="dc.date.created" value="1997-06-11"/>
<dc element="dc.publisher" value="Reuters Holdings Plc"/>
<dc element="dc.date.published" value="1997-06-11"/>
<dc element="dc.source" value="Reuters"/>
<dc element="dc.creator.location" value="NEW YORK"/>
<dc element="dc.creator.location.country.name" value="USA"/>
<dc element="dc.source" value="Reuters"/>
</metadata>
</newsitem>
