<?xml version="1.0" encoding="iso-8859-1" ?>
<newsitem itemid="652156" id="root" date="1997-06-11" xml:lang="en">
<title>USA: Nasdaq shares, technology stocks recover.</title>
<headline>Nasdaq shares, technology stocks recover.</headline>
<dateline>NEW YORK 1997-06-11</dateline>
<text>
<p>Nasdaq shares recovered on Wednesday, helped by gains in the Dow industrials, which powered to their fourth consecutive all-time high.</p>
<p>The Nasdaq composite index gained 6.15 points or 0.44 percent to 1407.84. Nasdaq shares dropped slightly at the opening and slipped to a low of 1394.44, but moved in to positive territory late in the day on strength in technology issues, traders said.</p>
<p>Advancing issues nearly matched decliners, 2112 to 2160, on total volume of 630 million shares.</p>
<p>Intel Corp firmed 2-5/16 to 147-1/2, Microsoft Corp added 2-3/16 to 127 and 3Com Corp increased 2-2/16 to 47-9/16. Shareholders of 3Com and U.S. Robotics Corp approved the merger of the two networking firms, which is expected to close on June 11.</p>
<p>Some semiconductor equipment companies also recovered after Tuesday's losses despite mixed sentiment among brokerage firms. Two firms reiterated bullish comments on the sector, while Alex. Brown &amp; Sons downgraded certain stocks such as Applied Materials Inc and KLA-Tencor Corp.</p>
<p>Small capitalization stocks held firm, with the Russell 2000 index gaining 0.08 percent to 387.62.</p>
</text>
<copyright>(c) Reuters Limited 1997</copyright>
<metadata>
<codes class="bip:countries:1.0">
  <code code="USA">
    <editdetail attribution="Reuters BIP Coding Group" action="confirmed" date="1997-06-11"/>
  </code>
</codes>
<codes class="bip:topics:1.0">
  <code code="M11">
    <editdetail attribution="Reuters BIP Coding Group" action="confirmed" date="1997-06-11"/>
  </code>
  <code code="MCAT">
    <editdetail attribution="Reuters BIP Coding Group" action="confirmed" date="1997-06-11"/>
  </code>
</codes>
<dc element="dc.date.created" value="1997-06-11"/>
<dc element="dc.publisher" value="Reuters Holdings Plc"/>
<dc element="dc.date.published" value="1997-06-11"/>
<dc element="dc.source" value="Reuters"/>
<dc element="dc.creator.location" value="NEW YORK"/>
<dc element="dc.creator.location.country.name" value="USA"/>
<dc element="dc.source" value="Reuters"/>
</metadata>
</newsitem>
