<?xml version="1.0" encoding="iso-8859-1" ?>
<newsitem itemid="652175" id="root" date="1997-06-11" xml:lang="en">
<title>USA: General Host Corp Q1 shr $0.23 vs $0.11.</title>
<headline>General Host Corp Q1 shr $0.23 vs $0.11.</headline>
<dateline>STAMFORD, Conn. 1997-06-11</dateline>
<text>
<p>General Host Corporation</p>
<p>			(In thousands, except per share amounts)</p>
<p>						    Sixteen Weeks Ended</p>
<p>						   May 18,	 May 19,</p>
<p>							1997	    1996</p>
<p>Sales					  $ 178,243     $ 172,708</p>
<p>						 =========     =========</p>
<p>Income before income taxes		   5,602	   3,004</p>
<p>Income taxes (a)						     210</p>
<p>						 :::::::::     :::::::::</p>
<p>Net Income				   $   5,602     $   2,794</p>
<p>						 =========     =========</p>
<p>Net earnings per share: (b) (c)</p>
<p>  Primary				    $    0.23     $    0.11</p>
<p>						 =========     =========</p>
<p>  Fully diluted			    $    0.22     $    0.11</p>
<p>						 =========     =========</p>
<p>Average shares outstanding: (c)</p>
<p>  Primary					 24,414	  24,414</p>
<p>						 =========     =========</p>
<p>  Fully diluted				 32,613	  24,414</p>
<p>						 =========     =========</p>
<p>NOTES: (a)  Due to previously unrecognized tax benefits, no income tax provision, for financial reporting purposes, has been provided for in 1997.  The effective income tax rate used in 1996 reflects the utilization of previously unrecognized tax benefits.</p>
<p>(b)  Primary net earnings per share is based upon the weighted average number of shares of common stock outstanding. Fully diluted earnings per share is based on the assumed conversion of all of the 8% Convertible Subordinated Notes into common stock. Interest expense on the 8% Convertible Subordinated Notes is added back to net earnings.</p>
<p>(c)  Share and per share data for 1996 have been restated to reflect a 5% stock dividend which was paid on April 4, 1997.</p>
<p>(d)  The company's retail calendar is based on a 16-week first quarter, with the remaining three quarters each consisting of 12 weeks.</p>
</text>
<copyright>(c) Reuters Limited 1997</copyright>
<metadata>
<codes class="bip:countries:1.0">
  <code code="USA">
    <editdetail attribution="Reuters BIP Coding Group" action="confirmed" date="1997-06-11"/>
  </code>
</codes>
<codes class="bip:industries:1.0">
  <code code="I65400">
    <editdetail attribution="Reuters BIP Coding Group" action="confirmed" date="1997-06-11"/>
  </code>
</codes>
<codes class="bip:topics:1.0">
  <code code="C15">
    <editdetail attribution="Reuters BIP Coding Group" action="confirmed" date="1997-06-11"/>
  </code>
  <code code="C151">
    <editdetail attribution="Reuters BIP Coding Group" action="confirmed" date="1997-06-11"/>
  </code>
  <code code="CCAT">
    <editdetail attribution="Reuters BIP Coding Group" action="confirmed" date="1997-06-11"/>
  </code>
</codes>
<dc element="dc.date.created" value="1997-06-11"/>
<dc element="dc.publisher" value="Reuters Holdings Plc"/>
<dc element="dc.date.published" value="1997-06-11"/>
<dc element="dc.source" value="Reuters"/>
<dc element="dc.creator.location" value="STAMFORD, Conn."/>
<dc element="dc.creator.location.country.name" value="USA"/>
<dc element="dc.source" value="Reuters"/>
</metadata>
</newsitem>
