<?xml version="1.0" encoding="iso-8859-1" ?>
<newsitem itemid="652141" id="root" date="1997-06-11" xml:lang="en">
<title>USA: Multiple Zone sees Q2 loss with charge.</title>
<headline>Multiple Zone sees Q2 loss with charge.</headline>
<dateline>RENTON, Wash 1997-06-11</dateline>
<text>
<p>Multiple Zones International Inc expects second quarter sales to be at least 15 percent below the sequential first quarter level and to post a loss for the quarter, including a charge.</p>
<p>For the quarter ending June 30, Multiple Zones had sales of $122.8 million and net income of $2.1 million or $0.16 a share.</p>
<p>It said the earnings shortfall for the quarter was due primarily to a greater than expected drop in sales of peripheral products for Apple Computer Corp's Macintosh.  </p>
<p>Therefore the company said it has launched a shift in operations to focus on personal computers using Intel Corp microprocessors and Microsoft Corp software, or the so-called Wintel platform.</p>
<p>It expects a non-cash charge to second quarter earnings for certain domestic and international Macintosh-related inventory and other assets due to the declining sales.</p>
<p>The charge amount will be announced when second quarter results are released in late July.  </p>
<p>Demand for Mac products appears to be weakening at an even faster rate than anticipated, said John DeFeo, Multiple Zones' chief executive said in a statement.</p>
<p>He said efforts to capture growth in the PC/Wintel market in the second quarter are not meeting expectations.</p>
<p>It said it needs to take more aggressive measures to enhance market share. Productivity enhancement programs will also be pursued in recognition of the lower margins that will result from expanding PC/Wintel business. &quot;We expect that it may take several quarters to fully implement these initiatives in the PC/Wintel and corporate markets,&quot; DeFeo said.</p>
</text>
<copyright>(c) Reuters Limited 1997</copyright>
<metadata>
<codes class="bip:countries:1.0">
  <code code="USA">
    <editdetail attribution="Reuters BIP Coding Group" action="confirmed" date="1997-06-11"/>
  </code>
</codes>
<codes class="bip:industries:1.0">
  <code code="I33020">
    <editdetail attribution="Reuters BIP Coding Group" action="confirmed" date="1997-06-11"/>
  </code>
</codes>
<codes class="bip:topics:1.0">
  <code code="C15">
    <editdetail attribution="Reuters BIP Coding Group" action="confirmed" date="1997-06-11"/>
  </code>
  <code code="C152">
    <editdetail attribution="Reuters BIP Coding Group" action="confirmed" date="1997-06-11"/>
  </code>
  <code code="CCAT">
    <editdetail attribution="Reuters BIP Coding Group" action="confirmed" date="1997-06-11"/>
  </code>
</codes>
<dc element="dc.date.created" value="1997-06-11"/>
<dc element="dc.publisher" value="Reuters Holdings Plc"/>
<dc element="dc.date.published" value="1997-06-11"/>
<dc element="dc.source" value="Reuters"/>
<dc element="dc.creator.location" value="RENTON, Wash"/>
<dc element="dc.creator.location.country.name" value="USA"/>
<dc element="dc.source" value="Reuters"/>
</metadata>
</newsitem>
