<?xml version="1.0" encoding="iso-8859-1" ?>
<newsitem itemid="652196" id="root" date="1997-06-11" xml:lang="en">
<title>USA: U.S. debt futures end quiet day slightly higher.</title>
<headline>U.S. debt futures end quiet day slightly higher.</headline>
<dateline>CHICAGO 1997-06-11</dateline>
<text>
<p>U.S. debt futures ended slightly higher after a very quiet session, with many players on hold before late-week data.</p>
<p>Traders termed the market well-supported, but said corporate supply woes and upcoming retail and producer price data kept buyers wary.</p>
<p>September Treasury bond futures traded in a tight range between 110-13/32 and 110-23/32. Support at Tuesday's 110-12/32 low and resistance at 111-00 went unchallenged.</p>
<p>Furthmore, a Federal Reserve coupon pass did little to stir market interest, traders said.  </p>
<p>&quot;It doesn't look like people were willing to do much here,&quot; said Don Pullen, bond trading floor manager with E.D. and F Man. &quot;We're just waiting for tomorrow.&quot;</p>
<p>He said the market was supported by the notion Thursday and Friday data would show only a modest uptick in retail sales and that inflation was still under control.</p>
<p>&quot;I think the whole week traders thought these numbers would be bond friendly, so that is still the tone here,&quot; Pullen said.</p>
<p>A Reuters poll of economists showed an average forecast of up 0.4 percent overall in U.S. May retail sales.  </p>
<p>The average forecast for sales excluding autos was up 0.3 percent. On Friday, May producer prices will be reported, and are forecast up 0.1 percent both overall and excluding food and energy.</p>
<p>Traders said debt futures showed little conviction in either direction Wednesday. In fact, several noted that no key technical levels in T-bonds or in the short end had been violated this week.</p>
<p>&quot;It feels so mixed,&quot; a T-bond futures trader said. &quot;I think we're going to get weak data, but the question is, is it priced in already?&quot;  </p>
<p>A Eurodollar trader said recent action in the short end shapes up to be a minor bull flag formation, which could portend small technical gains. But he pegged December Euro resistance at 93.88, not far above the market.</p>
<p>At the close, September T-bonds were up 2/32 at 110-19/32, 10-yr notes rose 1/32 to 108-4/32, munis rose 10/32 to 118-17/32, Sept bills were up 0.015 point at 94.680, Dec Euros rose 0.005 to 93.815. ((DerivativesDesk(312)408-8750)) E-mail:derivatives@reuters.com</p>
</text>
<copyright>(c) Reuters Limited 1997</copyright>
<metadata>
<codes class="bip:countries:1.0">
  <code code="USA">
    <editdetail attribution="Reuters BIP Coding Group" action="confirmed" date="1997-06-11"/>
  </code>
</codes>
<codes class="bip:topics:1.0">
  <code code="M12">
    <editdetail attribution="Reuters BIP Coding Group" action="confirmed" date="1997-06-11"/>
  </code>
  <code code="MCAT">
    <editdetail attribution="Reuters BIP Coding Group" action="confirmed" date="1997-06-11"/>
  </code>
</codes>
<dc element="dc.date.created" value="1997-06-11"/>
<dc element="dc.publisher" value="Reuters Holdings Plc"/>
<dc element="dc.date.published" value="1997-06-11"/>
<dc element="dc.source" value="Reuters"/>
<dc element="dc.creator.location" value="CHICAGO"/>
<dc element="dc.creator.location.country.name" value="USA"/>
<dc element="dc.source" value="Reuters"/>
</metadata>
</newsitem>
