<?xml version="1.0" encoding="iso-8859-1" ?>
<newsitem itemid="652101" id="root" date="1997-06-11" xml:lang="en">
<title>USA: Metromail files to issue shares for acquisition.</title>
<headline>Metromail files to issue shares for acquisition.</headline>
<dateline>LOMBARD, Ill. 1997-06-11</dateline>
<text>
<p>Metromail Corp said Wednesday it filed a registration with the Securities and Exchange Commission to issue up to 843,247 common shares for its acquisition of database company Atlantes Corp.</p>
<p>The filing includes notice of a special meeting of Atlantes shareholders, to be conducted as soon as possible after the registration statement becomes effective, to vote on the merger agreement and related issues.</p>
<p>The number of issued shares could be cut by up to 25 percent depending on whether Atlantes' holders choose to take part of the purchase price in cash.</p>
<p>Up to an additional $12.5 million in Metromail stock could be paid to Atlantes holders from 1999 to 2002, based on performance.</p>
<p>The acquisition, planned to close in the third quarter, is expected to have a neutral effect on Metromail earnings per share in 1997 and to add to earnings per share beginning in 1998, Metromail said.</p>
<p>((--Chicago newsdesk, 312-408-8787))</p>
</text>
<copyright>(c) Reuters Limited 1997</copyright>
<metadata>
<codes class="bip:countries:1.0">
  <code code="USA">
    <editdetail attribution="Reuters BIP Coding Group" action="confirmed" date="1997-06-11"/>
  </code>
</codes>
<codes class="bip:topics:1.0">
  <code code="C17">
    <editdetail attribution="Reuters BIP Coding Group" action="confirmed" date="1997-06-11"/>
  </code>
  <code code="C171">
    <editdetail attribution="Reuters BIP Coding Group" action="confirmed" date="1997-06-11"/>
  </code>
  <code code="C18">
    <editdetail attribution="Reuters BIP Coding Group" action="confirmed" date="1997-06-11"/>
  </code>
  <code code="C181">
    <editdetail attribution="Reuters BIP Coding Group" action="confirmed" date="1997-06-11"/>
  </code>
  <code code="CCAT">
    <editdetail attribution="Reuters BIP Coding Group" action="confirmed" date="1997-06-11"/>
  </code>
</codes>
<dc element="dc.date.created" value="1997-06-11"/>
<dc element="dc.publisher" value="Reuters Holdings Plc"/>
<dc element="dc.date.published" value="1997-06-11"/>
<dc element="dc.source" value="Reuters"/>
<dc element="dc.creator.location" value="LOMBARD, Ill."/>
<dc element="dc.creator.location.country.name" value="USA"/>
<dc element="dc.source" value="Reuters"/>
</metadata>
</newsitem>
