<?xml version="1.0" encoding="iso-8859-1" ?>
<newsitem itemid="652264" id="root" date="1997-06-11" xml:lang="en">
<title>USA: Butler buys Modu-Line, issues shares.</title>
<headline>Butler buys Modu-Line, issues shares.</headline>
<dateline>KANSAS CITY, Mo. 1997-06-11</dateline>
<text>
<p>Butler Manufacturing Co said Wednesday it acquired Modu-Line Windows Inc, issuing about $7 million in common shares for the purchase and paying about $4.5 million in cash to retire Modu-Line debt.</p>
<p>Butler chief financial officer John Holland said the acquisition is expected to be accretive to Butler's 1997 earnings per share.</p>
<p>Modu-Line, with annual revenues of about $16 million, manufactures windows for non-residential buildings.  </p>
<p>Modu-Line, based in Wausau, Wis., will be integrated into Butler's Vistawall division, which supplies storefronts, curtain walls and skylight systems.</p>
<p>Modu-Line windows will continue to be manufactured in Wausau and marketed through the Modu-Line sales network, Butler said.</p>
<p>Butler produces pre-engineered buliding systems and supplies specialty and construction services for the non-residential construction market.</p>
<p>((--Chicago newsdesk, 312-408-8787))</p>
</text>
<copyright>(c) Reuters Limited 1997</copyright>
<metadata>
<codes class="bip:countries:1.0">
  <code code="NETH">
    <editdetail attribution="Reuters BIP Coding Group" action="confirmed" date="1997-06-11"/>
  </code>
  <code code="USA">
    <editdetail attribution="Reuters BIP Coding Group" action="confirmed" date="1997-06-11"/>
  </code>
</codes>
<codes class="bip:industries:1.0">
  <code code="I50100">
    <editdetail attribution="Reuters BIP Coding Group" action="confirmed" date="1997-06-11"/>
  </code>
</codes>
<codes class="bip:topics:1.0">
  <code code="C17">
    <editdetail attribution="Reuters BIP Coding Group" action="confirmed" date="1997-06-11"/>
  </code>
  <code code="C171">
    <editdetail attribution="Reuters BIP Coding Group" action="confirmed" date="1997-06-11"/>
  </code>
  <code code="C18">
    <editdetail attribution="Reuters BIP Coding Group" action="confirmed" date="1997-06-11"/>
  </code>
  <code code="C181">
    <editdetail attribution="Reuters BIP Coding Group" action="confirmed" date="1997-06-11"/>
  </code>
  <code code="CCAT">
    <editdetail attribution="Reuters BIP Coding Group" action="confirmed" date="1997-06-11"/>
  </code>
</codes>
<dc element="dc.date.created" value="1997-06-11"/>
<dc element="dc.publisher" value="Reuters Holdings Plc"/>
<dc element="dc.date.published" value="1997-06-11"/>
<dc element="dc.source" value="Reuters"/>
<dc element="dc.creator.location" value="KANSAS CITY, Mo."/>
<dc element="dc.creator.location.country.name" value="USA"/>
<dc element="dc.source" value="Reuters"/>
</metadata>
</newsitem>
