<?xml version="1.0" encoding="iso-8859-1" ?>
<newsitem itemid="652260" id="root" date="1997-06-11" xml:lang="en">
<title>USA: Magnum Hunter increases capital budget.</title>
<headline>Magnum Hunter increases capital budget.</headline>
<dateline>IRVING, Texas 1997-06-11</dateline>
<text>
<p>Magnum Hunter Resources Inc said on Wednesday that its directors approved a $5 million increase in the company's existing budget to $20 million for fiscal 1997.</p>
<p>The company said the increase will fund additional capital costs required in development projects in connection with its recent $133 million Permian Basin acquisition.</p>
<p>Included in the budget is the development of six waterflood projects located in West Texas and the drilling of a minimum of 40 wells this year on the company's Panoma properties, Magnum Hunter said in a statement.</p>
</text>
<copyright>(c) Reuters Limited 1997</copyright>
<metadata>
<codes class="bip:countries:1.0">
  <code code="USA">
    <editdetail attribution="Reuters BIP Coding Group" action="confirmed" date="1997-06-11"/>
  </code>
</codes>
<codes class="bip:industries:1.0">
  <code code="I13000">
    <editdetail attribution="Reuters BIP Coding Group" action="confirmed" date="1997-06-11"/>
  </code>
  <code code="I1300002">
    <editdetail attribution="Reuters BIP Coding Group" action="confirmed" date="1997-06-11"/>
  </code>
</codes>
<codes class="bip:topics:1.0">
  <code code="C11">
    <editdetail attribution="Reuters BIP Coding Group" action="confirmed" date="1997-06-11"/>
  </code>
  <code code="CCAT">
    <editdetail attribution="Reuters BIP Coding Group" action="confirmed" date="1997-06-11"/>
  </code>
</codes>
<dc element="dc.date.created" value="1997-06-11"/>
<dc element="dc.publisher" value="Reuters Holdings Plc"/>
<dc element="dc.date.published" value="1997-06-11"/>
<dc element="dc.source" value="Reuters"/>
<dc element="dc.creator.location" value="IRVING, Texas"/>
<dc element="dc.creator.location.country.name" value="USA"/>
<dc element="dc.source" value="Reuters"/>
</metadata>
</newsitem>
