<?xml version="1.0" encoding="iso-8859-1" ?>
<newsitem itemid="652280" id="root" date="1997-06-11" xml:lang="en">
<title>USA: Magellan raised technology holdings in April.</title>
<headline>Magellan raised technology holdings in April.</headline>
<dateline>BOSTON 1997-06-11</dateline>
<text>
<p>Fidelity Investments said its Magellan Fund raised its holdings in technology stocks to 14.4 percent of assets at the end of April from 13.7 percent at the end of March.</p>
<p>Magellan's holdings in energy shares slipped to 13.3 percent of assets at the end of April, the most recent date figures are available, from 14.0 percent at the end of March, according to Fidelity's monthly mutual fund guide.</p>
<p>Holdings in finance companies accounted for 11.4 percent of assets, up from 10.6 percent, and health care firms rose to 8.4 percent from 7.8 percent, the fund guide said.  </p>
<p>Holdings in the industrial machinery and equipment sector slipped to 8.1 percent from 8.4 percent, durables dropped to 7.0 percent from 8.1 percent, and retail and wholesale stocks edged down to 6.6 percent from 6.7 percent.</p>
<p>In addition, portfolio manager Bob Stansky added non-durables to the portfolio and cut the fund's exposure to transportation stocks.</p>
<p>Non-durables accounted for 4.1 percent of assets at the end of April versus zero at the end of March and transportation stocks dropped to zero from 3.9 percent, the fund guide said.  </p>
<p>The fund's top 10 holdings were largely unchanged, with Microsoft Corp added to the list and Chrysler Corp dropped.</p>
<p>Remaining in the top 10 were General Electric Co, Intel Corp, Philip Morris Cos Inc, Citicorp, Merck &amp; Co Inc, CSX Corp, Schlumberger Ltd, Exxon Corp, and Home Depot Inc.</p>
<p>Magellan's asset allocation was also largely unchanged. Equities accounted for 95.9 percent of assets, down slightly from 96.4 percent at the end of March. Cash and other holdings rose to 4.0 percent from 3.5 percent, and convertibles were unchanged at 0.1 percent. Magellan had zero invested in bonds.</p>
<p>Foreign investments accounted for 9.1 percent of assets, down from 10.3 percent.</p>
<p>Magellan's total assets, propelled by strong returns during the month, rose to $56.26 billion at the end of May, up from $52.99 billion at the end of April.</p>
<p>((Michael Ellis, Boston bureau, (617) 367-4176))</p>
</text>
<copyright>(c) Reuters Limited 1997</copyright>
<metadata>
<codes class="bip:countries:1.0">
  <code code="USA">
    <editdetail attribution="Reuters BIP Coding Group" action="confirmed" date="1997-06-11"/>
  </code>
</codes>
<codes class="bip:industries:1.0">
  <code code="I13000">
    <editdetail attribution="Reuters BIP Coding Group" action="confirmed" date="1997-06-11"/>
  </code>
  <code code="I1300003">
    <editdetail attribution="Reuters BIP Coding Group" action="confirmed" date="1997-06-11"/>
  </code>
  <code code="I25700">
    <editdetail attribution="Reuters BIP Coding Group" action="confirmed" date="1997-06-11"/>
  </code>
  <code code="I33020">
    <editdetail attribution="Reuters BIP Coding Group" action="confirmed" date="1997-06-11"/>
  </code>
  <code code="I3302020">
    <editdetail attribution="Reuters BIP Coding Group" action="confirmed" date="1997-06-11"/>
  </code>
  <code code="I34000">
    <editdetail attribution="Reuters BIP Coding Group" action="confirmed" date="1997-06-11"/>
  </code>
  <code code="I34420">
    <editdetail attribution="Reuters BIP Coding Group" action="confirmed" date="1997-06-11"/>
  </code>
  <code code="I34531">
    <editdetail attribution="Reuters BIP Coding Group" action="confirmed" date="1997-06-11"/>
  </code>
  <code code="I35101">
    <editdetail attribution="Reuters BIP Coding Group" action="confirmed" date="1997-06-11"/>
  </code>
  <code code="I42900">
    <editdetail attribution="Reuters BIP Coding Group" action="confirmed" date="1997-06-11"/>
  </code>
  <code code="I65400">
    <editdetail attribution="Reuters BIP Coding Group" action="confirmed" date="1997-06-11"/>
  </code>
  <code code="I71000">
    <editdetail attribution="Reuters BIP Coding Group" action="confirmed" date="1997-06-11"/>
  </code>
  <code code="I81402">
    <editdetail attribution="Reuters BIP Coding Group" action="confirmed" date="1997-06-11"/>
  </code>
  <code code="I81502">
    <editdetail attribution="Reuters BIP Coding Group" action="confirmed" date="1997-06-11"/>
  </code>
</codes>
<codes class="bip:topics:1.0">
  <code code="C15">
    <editdetail attribution="Reuters BIP Coding Group" action="confirmed" date="1997-06-11"/>
  </code>
  <code code="C151">
    <editdetail attribution="Reuters BIP Coding Group" action="confirmed" date="1997-06-11"/>
  </code>
  <code code="C152">
    <editdetail attribution="Reuters BIP Coding Group" action="confirmed" date="1997-06-11"/>
  </code>
  <code code="CCAT">
    <editdetail attribution="Reuters BIP Coding Group" action="confirmed" date="1997-06-11"/>
  </code>
</codes>
<dc element="dc.date.created" value="1997-06-11"/>
<dc element="dc.publisher" value="Reuters Holdings Plc"/>
<dc element="dc.date.published" value="1997-06-11"/>
<dc element="dc.source" value="Reuters"/>
<dc element="dc.creator.location" value="BOSTON"/>
<dc element="dc.creator.location.country.name" value="USA"/>
<dc element="dc.source" value="Reuters"/>
</metadata>
</newsitem>
