<?xml version="1.0" encoding="iso-8859-1" ?>
<newsitem itemid="652208" id="root" date="1997-06-11" xml:lang="en">
<title>USA: RESEARCH ALERT - Oregon Steel Mills cut.</title>
<headline>RESEARCH ALERT - Oregon Steel Mills cut.</headline>
<dateline>CHICAGO 1997-06-11</dateline>
<text>
<p>Dain Bosworth said Wednesday it cut its rating on Oregon Steel Mills Inc to hold from buy after the stock exceeded the price target of $21-1/2 a share.</p>
<p>-- Oregon Steel shares were off 1/8 at 22-1/4.</p>
<p>-- &quot;For investors with costs well below current prices we would emphasize that current business conditions are good at Oregon Steel and the shares should be held,&quot; Dain said.</p>
<p>((Reuters Chicago Newsdesk (312) 408-8787))</p>
</text>
<copyright>(c) Reuters Limited 1997</copyright>
<metadata>
<codes class="bip:countries:1.0">
  <code code="USA">
    <editdetail attribution="Reuters BIP Coding Group" action="confirmed" date="1997-06-11"/>
  </code>
</codes>
<codes class="bip:industries:1.0">
  <code code="I22100">
    <editdetail attribution="Reuters BIP Coding Group" action="confirmed" date="1997-06-11"/>
  </code>
</codes>
<codes class="bip:topics:1.0">
  <code code="C15">
    <editdetail attribution="Reuters BIP Coding Group" action="confirmed" date="1997-06-11"/>
  </code>
  <code code="C152">
    <editdetail attribution="Reuters BIP Coding Group" action="confirmed" date="1997-06-11"/>
  </code>
  <code code="CCAT">
    <editdetail attribution="Reuters BIP Coding Group" action="confirmed" date="1997-06-11"/>
  </code>
</codes>
<dc element="dc.date.created" value="1997-06-11"/>
<dc element="dc.publisher" value="Reuters Holdings Plc"/>
<dc element="dc.date.published" value="1997-06-11"/>
<dc element="dc.source" value="Reuters"/>
<dc element="dc.creator.location" value="CHICAGO"/>
<dc element="dc.creator.location.country.name" value="USA"/>
<dc element="dc.source" value="Reuters"/>
</metadata>
</newsitem>
