<?xml version="1.0" encoding="iso-8859-1" ?>
<newsitem itemid="652226" id="root" date="1997-06-11" xml:lang="en">
<title>USA: Entergy Waterford unit restart delayed.</title>
<headline>Entergy Waterford unit restart delayed.</headline>
<dateline>TAFT, La. 1997-06-11</dateline>
<text>
<p>Entergy Corp said on Wednesday that a fault in one of two startup transformers will delay restart of its Waterford 3 nuclear station after its eighth refueling outage, scheduled to be completed the middle of next week.</p>
<p>Although planned refueling and maintenance activities have been successfully completed at the plant, technical specifications require that both startup transformers be operable when the plant goes back on line, Entergy said.</p>
<p>An internal fault was discovered during routine testing recently, Entergy said.  </p>
<p>Entergy said that a replacement transformer at Waterford has been located and that it is preparing the station to install the replacement.</p>
<p>Waterford officials estimate a mid-July startup date, Entergy said.</p>
<p>The fault of the startup transformer had no impact on any of the plant's safety-related systems and will not impact service reliability to customers, the company said.</p>
</text>
<copyright>(c) Reuters Limited 1997</copyright>
<metadata>
<codes class="bip:countries:1.0">
  <code code="USA">
    <editdetail attribution="Reuters BIP Coding Group" action="confirmed" date="1997-06-11"/>
  </code>
</codes>
<codes class="bip:industries:1.0">
  <code code="I16100">
    <editdetail attribution="Reuters BIP Coding Group" action="confirmed" date="1997-06-11"/>
  </code>
</codes>
<codes class="bip:topics:1.0">
  <code code="C24">
    <editdetail attribution="Reuters BIP Coding Group" action="confirmed" date="1997-06-11"/>
  </code>
  <code code="CCAT">
    <editdetail attribution="Reuters BIP Coding Group" action="confirmed" date="1997-06-11"/>
  </code>
</codes>
<dc element="dc.date.created" value="1997-06-11"/>
<dc element="dc.publisher" value="Reuters Holdings Plc"/>
<dc element="dc.date.published" value="1997-06-11"/>
<dc element="dc.source" value="Reuters"/>
<dc element="dc.creator.location" value="TAFT, La."/>
<dc element="dc.creator.location.country.name" value="USA"/>
<dc element="dc.source" value="Reuters"/>
</metadata>
</newsitem>
