<?xml version="1.0" encoding="iso-8859-1" ?>
<newsitem itemid="652218" id="root" date="1997-06-11" xml:lang="en">
<title>USA: Dime Bancorp names Anthony Burriesci CFO.</title>
<headline>Dime Bancorp names Anthony Burriesci CFO.</headline>
<dateline>NEW YORK 1997-06-11</dateline>
<text>
<p>Dime Bancorp Inc said Wednesday that it named Anthony Burriesci executive vice president and chief financial officer of Dime Bancorp and its subsidiary The Dime Savings Bank of New York, FSB.</p>
<p>His appointment is effective on July 1, a company news release said.  </p>
<p>As CFO, Burriesci replaced David Sparks, who left the company to pursure a private business opportunity, Dime said.</p>
<p>Burriesci joins The Dime from First Union Corp, where he served as executive vice president-finance and administration and chief financial officer of First Union's Northern Region, Dime said.</p>
</text>
<copyright>(c) Reuters Limited 1997</copyright>
<metadata>
<codes class="bip:countries:1.0">
  <code code="USA">
    <editdetail attribution="Reuters BIP Coding Group" action="confirmed" date="1997-06-11"/>
  </code>
</codes>
<codes class="bip:industries:1.0">
  <code code="I81501">
    <editdetail attribution="Reuters BIP Coding Group" action="confirmed" date="1997-06-11"/>
  </code>
  <code code="I8150103">
    <editdetail attribution="Reuters BIP Coding Group" action="confirmed" date="1997-06-11"/>
  </code>
</codes>
<codes class="bip:topics:1.0">
  <code code="C41">
    <editdetail attribution="Reuters BIP Coding Group" action="confirmed" date="1997-06-11"/>
  </code>
  <code code="C411">
    <editdetail attribution="Reuters BIP Coding Group" action="confirmed" date="1997-06-11"/>
  </code>
  <code code="CCAT">
    <editdetail attribution="Reuters BIP Coding Group" action="confirmed" date="1997-06-11"/>
  </code>
</codes>
<dc element="dc.date.created" value="1997-06-11"/>
<dc element="dc.publisher" value="Reuters Holdings Plc"/>
<dc element="dc.date.published" value="1997-06-11"/>
<dc element="dc.source" value="Reuters"/>
<dc element="dc.creator.location" value="NEW YORK"/>
<dc element="dc.creator.location.country.name" value="USA"/>
<dc element="dc.source" value="Reuters"/>
</metadata>
</newsitem>
