<?xml version="1.0" encoding="iso-8859-1" ?>
<newsitem itemid="652299" id="root" date="1997-06-11" xml:lang="en">
<title>UK: CRICKET-WASHOUT FRUSTRATES AUSTRALIANS.</title>
<headline>CRICKET-WASHOUT FRUSTRATES AUSTRALIANS.</headline>
<dateline>NOTTINGHAM, England 1997-06-11</dateline>
<text>
<p>Rain washed out the opening day of the Australians' three-day match against Nottinghamshire at Trent Bridge on Wednesday.</p>
<p>The touring team were anxious to give newly-arrived paceman Paul Reiffel some match practice ahead of next week's second test against England at Lord's, but he was left kicking his heels in frustration.</p>
<p>Umpires Barrie Meyer and Jack Bond abandoned play for the day after a mid-afternoon inspection.</p>
<p>The Trent Bridge outfield had been left saturated by torrential overnight rain, although the players did practise in anticipation of a prompt start.</p>
<p>Despite the fact Australia won the toss and decided to put Notts in, the rain returned 10 minutes before the scheduled start.</p>
<p>Further showers ruled out the possibility of getting the game underway.</p>
<p>As expected, Australia had included Reiffel in their side only 24 hours after his arrival.</p>
<p>Reiffel has been added to the tour party because of injuries to fellow pacemen Jason Gillespie (hamstring) and Andy Bichel (back trouble).</p>
</text>
<copyright>(c) Reuters Limited 1997</copyright>
<metadata>
<codes class="bip:countries:1.0">
  <code code="AUSTR">
    <editdetail attribution="Reuters BIP Coding Group" action="confirmed" date="1997-06-11"/>
  </code>
  <code code="UK">
    <editdetail attribution="Reuters BIP Coding Group" action="confirmed" date="1997-06-11"/>
  </code>
</codes>
<codes class="bip:topics:1.0">
  <code code="GCAT">
    <editdetail attribution="Reuters BIP Coding Group" action="confirmed" date="1997-06-11"/>
  </code>
  <code code="GSPO">
    <editdetail attribution="Reuters BIP Coding Group" action="confirmed" date="1997-06-11"/>
  </code>
</codes>
<dc element="dc.date.created" value="1997-06-11"/>
<dc element="dc.publisher" value="Reuters Holdings Plc"/>
<dc element="dc.date.published" value="1997-06-11"/>
<dc element="dc.source" value="Reuters"/>
<dc element="dc.creator.location" value="NOTTINGHAM, England"/>
<dc element="dc.creator.location.country.name" value="UK"/>
<dc element="dc.source" value="Reuters"/>
</metadata>
</newsitem>
