<?xml version="1.0" encoding="iso-8859-1" ?>
<newsitem itemid="652319" id="root" date="1997-06-11" xml:lang="en">
<title>SOUTH AFRICA: RUGBY UNION-TRY OF THE TOUR LIFTS LIONS TO VICTORY.</title>
<headline>RUGBY UNION-TRY OF THE TOUR LIFTS LIONS TO VICTORY.</headline>
<byline>Andy Capostagno</byline>
<dateline>JOHANNESBURG 1997-06-11</dateline>
<text>
<p>Two moments of individual brilliance put the British Lions tour of South Africa back on track as they beat the Gauteng Lions 20-14 at Ellis Park on Wednesday.</p>
<p>Following Saturday's 35-30 defeat to Northern Transvaal, tries from scrum-half Austin Healey and John Bentley within a four-minute span in the second half allowed the tourists to shrug off a lacklustre first-half display and recapture the winning habit.</p>
<p>Healey's try in the 60th minute, converted by replacement full-back Neil Jenkins, put the Lions in front for the first time at 10-9 and Bentley then ran 60 metres for one of the finest tries ever scored by a Lion in South Africa.</p>
<p>The Lions trailed 9-3 at half-time due to a poor kicking performance from Mike Catt who succeeded with only one kick from six attempts while Gauteng's Dawie du Toit slotted three penalties from four attempts during the same period.</p>
<p>But the arrival of Jenkins for Tony Underwood in the 55th minute galvanised the Lions. With the forwards finally putting together a concerted drive upfield, the ball eventually came to Healey and the livewire scrum-half left du Toit for dead with a devstating sidestep.</p>
<p>Bentley then received a long pass from Jenkins inside the Lions half and weaved his way past almost half the Gauteng side to score under the posts.</p>
<p>Gauteng came back with an injury-time try from flanker Andre Vos, but it was no more than a consolation.</p>
<p>Lions captain Tim Rodber blamed a wet ball for a game often undermined by knock-ons and indiscipline. Two Gauteng players were warned for dangerous play, but referee Tappe Henning generally kept the lid on a match which simmered but, the Lions tries apart, never caught fire.</p>
<p>Teams:</p>
<p>Gauteng Lions - 15-Dawie du Toit; 14-Joe Gillingham, 13-Jannie van der Walt, 12-Hennie Le Roux, 11-Pieter Hendriks; 10-Louis van Rensburg, 9-Johan Roux; 8-Warren Brosnihan, 7-Piet Krause, 6-Andre Vos, 5-Bruce Thorne, 4-Kobus Wiese (captain), 3-Kapstokvan Greuning, 2-Chris Rossouw (James Dalton 53 mins), 1-Roberto Grau (Balie Swart 62 mins).</p>
<p>British Lions - 15-Nick Beal; 14-John Bentley, 13-Jeremy Guscott, 12-Will Greenwood, 11-Tony Underwood (Neil Jenkins 54 mins); 10-Mike Catt, 9-Austin Healey; 8-Tim Rodber (captain), 7-Neil Back, 6-Rob Wainwright, 5-Jeremy Davidson, 4-Nigel Redman, 3-Paul Wallace, 2-Barry Williams, 1-Tom Smith.</p>
</text>
<copyright>(c) Reuters Limited 1997</copyright>
<metadata>
<codes class="bip:countries:1.0">
  <code code="IRE">
    <editdetail attribution="Reuters BIP Coding Group" action="confirmed" date="1997-06-11"/>
  </code>
  <code code="SAFR">
    <editdetail attribution="Reuters BIP Coding Group" action="confirmed" date="1997-06-11"/>
  </code>
  <code code="UK">
    <editdetail attribution="Reuters BIP Coding Group" action="confirmed" date="1997-06-11"/>
  </code>
</codes>
<codes class="bip:topics:1.0">
  <code code="GCAT">
    <editdetail attribution="Reuters BIP Coding Group" action="confirmed" date="1997-06-11"/>
  </code>
  <code code="GSPO">
    <editdetail attribution="Reuters BIP Coding Group" action="confirmed" date="1997-06-11"/>
  </code>
</codes>
<dc element="dc.date.created" value="1997-06-11"/>
<dc element="dc.publisher" value="Reuters Holdings Plc"/>
<dc element="dc.date.published" value="1997-06-11"/>
<dc element="dc.source" value="Reuters"/>
<dc element="dc.creator.location" value="JOHANNESBURG"/>
<dc element="dc.creator.location.country.name" value="SOUTH AFRICA"/>
<dc element="dc.source" value="Reuters"/>
</metadata>
</newsitem>
