<?xml version="1.0" encoding="iso-8859-1" ?>
<newsitem itemid="652309" id="root" date="1997-06-11" xml:lang="en">
<title>USA: ATHLETICS - SLANEY AWAITS ASSURANCES SHE CAN RUN.</title>
<headline>ATHLETICS - SLANEY AWAITS ASSURANCES SHE CAN RUN.</headline>
<byline>Gene Cherry</byline>
<dateline>INDIANAPOLIS 1997-06-11</dateline>
<text>
<p>Suspended runner Mary Slaney will stay home unless she receives assurances from U.S. track officials that she is eligible to compete in this week's national championships and that other runners will not be affected by her participation, her husband said Tuesday.</p>
<p>&quot;We are concerned about this contamination rule,&quot; Richard Slaney said of an IAAF rule that calls for the suspension of athletes who knowningly participate against banned competitors.</p>
<p>&quot;We want assurances that she is eligible to run and that they won't ban other people,&quot; Slaney said in a telephone interview for the couple's home in Eugene, Oregon. &quot;If we don't get those assurances, she won't run.&quot;</p>
<p>USA Track and Field officials earlier Tuesday declared Slaney an &quot;eligible athlete&quot; for the championships, which begin Wednesday, after receiving a letter from the IAAF saying she was suspended and that she was ineligible to compete either in the United States or internationally until a U.S. hearing is completed on a disputed doping test.</p>
<p>But the U.S. officials stopped short of saying Slaney could compete in the championships. &quot;We are studying our options and procedures,&quot; spokesman Pete Cava said.</p>
<p>The IAAF letter was a follow-up to comments IAAF president Primo Nebiolo made 11 days ago, banning Slaney and fellow American athletes Sandra Farmer-Patrick and Stephon Flenoy until their doping cases were resolved by U.S. officials.</p>
<p>In each case the athlete was found last summer to have a higher than acceptable ratio of testosterone to epitestosterone. Any ratio above 6-1 is considered suspicious by the IAAF and an athlete is subject to suspension.</p>
<p>Farmer-Patrick and Flenoy, who has an arbitration hearing on his case Wednesday, have been suspended by the U.S. federation. Slaney has not.</p>
<p>Slaney and Farmer-Patrick have denied taking any substance banned by the IAAF. But IAAF general secretary Istvan Gyulai, reached in Monte Carlo, said: &quot;There is a very clear indication that this (Slaney) is a doping case.&quot;</p>
<p>Cava said the IAAF letter also reminded U.S. officials of the &quot;contamination rule&quot; if they allowed Slaney to compete.</p>
<p>&quot;That's not fair,&quot; Richard Slaney said. &quot;The other athletes should not be punished. This whole thing is absurd.&quot;</p>
<p>Slaney said his wife tentatively has plans to fly to Indianapolis Thursday, a day before her first women's 1,500-meter race.</p>
<p>&quot;But if we don't get those assurances, she won't run, and if she doesn't run, there is no point in coming.&quot;</p>
<p>Cava earlier Tuesday had said that the U.S. federation &quot;would invalidate&quot; Slaney's entry for the championships once it received official notification of her suspension by the IAAF. But U.S. officials reversed course later in the day. Cava said the decision to make Slaney &quot;eligible&quot; was made after U.S. officials consulted with counsel Peter Alkaly.</p>
<p>Asked what would happen if the U.S. federation decided to allow Slaney to compete, the IAAF's Gyulai said: &quot;I don't believe any member of the IAAF can ignore the actions of the IAAF. There would be outrage.&quot;</p>
<p>Even if the U.S. federation clears Slaney, the IAAF would take the case to arbitration between the two federations, Gyulai said.</p>
</text>
<copyright>(c) Reuters Limited 1997</copyright>
<metadata>
<codes class="bip:countries:1.0">
  <code code="USA">
    <editdetail attribution="Reuters BIP Coding Group" action="confirmed" date="1997-06-11"/>
  </code>
</codes>
<codes class="bip:topics:1.0">
  <code code="GCAT">
    <editdetail attribution="Reuters BIP Coding Group" action="confirmed" date="1997-06-11"/>
  </code>
  <code code="GSPO">
    <editdetail attribution="Reuters BIP Coding Group" action="confirmed" date="1997-06-11"/>
  </code>
</codes>
<dc element="dc.date.created" value="1997-06-11"/>
<dc element="dc.publisher" value="Reuters Holdings Plc"/>
<dc element="dc.date.published" value="1997-06-11"/>
<dc element="dc.source" value="Reuters"/>
<dc element="dc.creator.location" value="INDIANAPOLIS"/>
<dc element="dc.creator.location.country.name" value="USA"/>
<dc element="dc.source" value="Reuters"/>
</metadata>
</newsitem>
