<?xml version="1.0" encoding="iso-8859-1" ?>
<newsitem itemid="652386" id="root" date="1997-06-11" xml:lang="en">
<title>LATVIA: LATVIA-UNIBANKA OFFERS FLOATING CREDIT RATES.</title>
<headline>LATVIA-UNIBANKA OFFERS FLOATING CREDIT RATES.</headline>
<dateline>RIGA 1997-06-11</dateline>
<text>
<p>Unibanka on Wednesday said it will introduce a floating rate for long-term credits and start fixing the key lat interbank rate, Unibor, as a reference for setting the rates for loans.</p>
<p>&quot;Unibanka is the first Latvian bank to introduce a changing credit rate, which allows the client to pay for his loan in accordance to the market situation,&quot; the bank said in a statement.</p>
<p>Unibor will be fixed every day and published in the press regularly, while the credit rate will be adjusted once every three to six months, the bank said.</p>
<p>Loans up to one year will continue to have mainly fixed rates, currently from 14 percent to 21 percent. Floating rates will be applied to loans longer than one year.</p>
<p>-- Martinsh Gravitis, Riga newsroom, +371 721 5240</p>
</text>
<copyright>(c) Reuters Limited 1997</copyright>
<metadata>
<codes class="bip:countries:1.0">
  <code code="LATV">
    <editdetail attribution="Reuters BIP Coding Group" action="confirmed" date="1997-06-11"/>
  </code>
</codes>
<codes class="bip:industries:1.0">
  <code code="I81402">
    <editdetail attribution="Reuters BIP Coding Group" action="confirmed" date="1997-06-11"/>
  </code>
</codes>
<codes class="bip:topics:1.0">
  <code code="C21">
    <editdetail attribution="Reuters BIP Coding Group" action="confirmed" date="1997-06-11"/>
  </code>
  <code code="CCAT">
    <editdetail attribution="Reuters BIP Coding Group" action="confirmed" date="1997-06-11"/>
  </code>
</codes>
<dc element="dc.date.created" value="1997-06-11"/>
<dc element="dc.publisher" value="Reuters Holdings Plc"/>
<dc element="dc.date.published" value="1997-06-11"/>
<dc element="dc.source" value="Reuters"/>
<dc element="dc.creator.location" value="RIGA"/>
<dc element="dc.creator.location.country.name" value="LATVIA"/>
<dc element="dc.source" value="Reuters"/>
</metadata>
</newsitem>
