<?xml version="1.0" encoding="iso-8859-1" ?>
<newsitem itemid="652350" id="root" date="1997-06-11" xml:lang="en">
<title>FRANCE: MOTOR RACING-FIA SAYS ESTORIL RACE COULD STILL TAKE PLACE.</title>
<headline>MOTOR RACING-FIA SAYS ESTORIL RACE COULD STILL TAKE PLACE.</headline>
<dateline>PARIS 1997-06-11</dateline>
<text>
<p>The 1997 Portuguese Grand Prix at the Estoril circuit might still take place before the end of the year providing all the Formula One teams give their consent, the International Automobile Federation (FIA) said on Wednesday.</p>
<p>FIA announced last month that the October 26 race would be switched to Jerez, Spain, because of doubts that repairs needed on the twisting Estoril circuit would be completed on time.</p>
<p>A statement issued by FIA after a meeting of its world council in Paris confirmed the race at Jerez would take place on October 26 and would be labelled the European Grand Prix.</p>
<p>But FIA added that if the works at Estoril were completed on time and if all the teams agreed, the Portuguese Grand Prix could be staged on November 9, which would mean an extension of the season and the addition of an 18th Grand Prix to the 1997 world championship.</p>
</text>
<copyright>(c) Reuters Limited 1997</copyright>
<metadata>
<codes class="bip:countries:1.0">
  <code code="FRA">
    <editdetail attribution="Reuters BIP Coding Group" action="confirmed" date="1997-06-11"/>
  </code>
  <code code="PORL">
    <editdetail attribution="Reuters BIP Coding Group" action="confirmed" date="1997-06-11"/>
  </code>
  <code code="SPAIN">
    <editdetail attribution="Reuters BIP Coding Group" action="confirmed" date="1997-06-11"/>
  </code>
</codes>
<codes class="bip:topics:1.0">
  <code code="GCAT">
    <editdetail attribution="Reuters BIP Coding Group" action="confirmed" date="1997-06-11"/>
  </code>
  <code code="GSPO">
    <editdetail attribution="Reuters BIP Coding Group" action="confirmed" date="1997-06-11"/>
  </code>
</codes>
<dc element="dc.date.created" value="1997-06-11"/>
<dc element="dc.publisher" value="Reuters Holdings Plc"/>
<dc element="dc.date.published" value="1997-06-11"/>
<dc element="dc.source" value="Reuters"/>
<dc element="dc.creator.location" value="PARIS"/>
<dc element="dc.creator.location.country.name" value="FRANCE"/>
<dc element="dc.source" value="Reuters"/>
</metadata>
</newsitem>
