<?xml version="1.0" encoding="iso-8859-1" ?>
<newsitem itemid="652340" id="root" date="1997-06-11" xml:lang="en">
<title>USA: BASEBALL-TUESDAY'S MAJOR LEAGUE RESULTS.</title>
<headline>BASEBALL-TUESDAY'S MAJOR LEAGUE RESULTS.</headline>
<dateline>NEW YORK 1997-06-11</dateline>
<text>
<p>Results of Major League</p>
<p>Baseball games on Tuesday (home team in CAPS):</p>
<p>		American League</p>
<p> CLEVELAND	   5    Milwaukee	4</p>
<p> DETROIT	     6    Oakland	  4</p>
<p> NEW YORK	   12    Chicago	  1</p>
<p> TORONTO	     8    Seattle	  3</p>
<p> Anaheim	     6    KANSAS CITY    2</p>
<p> MINNESOTA	  10    Texas	    1</p>
<p>1st-Baltimore	7    BOSTON	   2</p>
<p>2nd-Baltimore	4    BOSTON	   2</p>
<p>	     National League</p>
<p> Florida	     9    SAN FRANCISCO  0</p>
<p> CINCINNATI	  8    Pittsburgh     5</p>
<p> MONTREAL	    8    Philadelphia   5</p>
<p> New York	   10    CHICAGO	  6</p>
<p> Atlanta	     8    COLORADO	 3</p>
<p> Houston	     6    LOS ANGELES    3</p>
<p> SAN DIEGO	   6    St Louis	 5 (12 innings)</p>
</text>
<copyright>(c) Reuters Limited 1997</copyright>
<metadata>
<codes class="bip:countries:1.0">
  <code code="CANA">
    <editdetail attribution="Reuters BIP Coding Group" action="confirmed" date="1997-06-11"/>
  </code>
  <code code="USA">
    <editdetail attribution="Reuters BIP Coding Group" action="confirmed" date="1997-06-11"/>
  </code>
</codes>
<codes class="bip:topics:1.0">
  <code code="GCAT">
    <editdetail attribution="Reuters BIP Coding Group" action="confirmed" date="1997-06-11"/>
  </code>
  <code code="GSPO">
    <editdetail attribution="Reuters BIP Coding Group" action="confirmed" date="1997-06-11"/>
  </code>
</codes>
<dc element="dc.date.created" value="1997-06-11"/>
<dc element="dc.publisher" value="Reuters Holdings Plc"/>
<dc element="dc.date.published" value="1997-06-11"/>
<dc element="dc.source" value="Reuters"/>
<dc element="dc.creator.location" value="NEW YORK"/>
<dc element="dc.creator.location.country.name" value="USA"/>
<dc element="dc.source" value="Reuters"/>
</metadata>
</newsitem>
