<?xml version="1.0" encoding="iso-8859-1" ?>
<newsitem itemid="652342" id="root" date="1997-06-11" xml:lang="en">
<title>USA: BASEBALL-PLAYERS, MANAGERS LOOK FORWARD TO INTER-LEAGUE GAMES.</title>
<headline>BASEBALL-PLAYERS, MANAGERS LOOK FORWARD TO INTER-LEAGUE GAMES.</headline>
<dateline>NEW YORK 1997-06-11</dateline>
<text>
<p>Baseball purists may never accept it, but players and managers appear to be looking forward to the change of pace when regular-season inter-league games take place for the first time beginning on Thursday.</p>
<p>The experiment begins with a quartet of American League West Division teams facing counterparts from the National League West in games that will count -- a total departure from history and tradition that has only had teams from the two leagues hooking up in the World Series.</p>
<p>&quot;It's great, the fans will love seeing different players they never see and we get to go to more cities and see new ballparks,&quot; said Seattle Mariners superstar Ken Griffey Jr., whose team will host the Colorado Rockies Thursday.</p>
<p>In the other three series that begin inter-league play, the Texas Rangers host the San Francisco Giants, the Los Angeles Dodgers travel to Oakland to play the Athletics and the Anaheim Angels play host to the San Diego Padres.</p>
<p>&quot;It's good for business and it perks up interest in the middle of the season,&quot; said Seattle manager Lou Piniella. &quot;I like it.&quot;</p>
<p>One of the more intriguing inter-league matchups on the schedule will be a rematch of last year's World Series between the New York Yankees and Atlanta Braves -- a series in which the Braves will be looking to exact some revenge.</p>
<p>&quot;There will be an electricity when we play the Yankees because of losing to them in the World Series. We consider them rivals,&quot; said Atlanta's Chipper Jones.</p>
<p>&quot;We are the dominant National league team this year and the Yankees are the defending world champions.&quot;</p>
<p>Jones's teammate, pitcher Denny Neagle, was also looking forward to the rematch. And to help get the AL-NL rivalry off the ground, Neagle took a swipe at one of the other American League clubs.</p>
<p>&quot;We are going to face the New York Yankees in New York. I think it's good for baseball,&quot; Neagle said. &quot;I think, obviously, it will be good for attendance. If you are a Yankee fan who would you rather see, the Atlanta Braves or the Minnesota Twins.&quot;</p>
<p>In all, a total of 214 inter-league matches are scheduled in the break from tradition that was agreed to as part of baseball's most recent collective bargaining agreement.</p>
<p>Of particular interest will be the contests between local teams whose fans have long considered themselves rivals, even though the clubs never meet in games that count.</p>
<p>The New York Yankees will play the New York Mets, Chicago's White Sox and Cubs will meet and the San Francisco Giants will face the nearby Oakland Athletics in a matchup that has only previously taken place in a World Series.</p>
<p>&quot;I want to play the Yankees. It's been a rivalry that was never talked about for a long time,&quot; noted Mets manager Bobby Valentine. &quot;If we could take two out of three from them, what a shot in the arm for our fans.&quot;</p>
<p>&quot;As a manager it's just another game you have to win, but as a child of New York I understand how the fans feel,&quot; said Yankees skipper Joe Torre, whose club plays its first inter-league game Friday against the Florida Marlins.</p>
<p>Added Giants manager Dusty Baker: &quot;There is a rivalry that goes beyond just inter-city teams. It's between the leagues.</p>
<p>&quot;With that many games we might find out who the better league is.&quot;</p>
<p>To be sure, there are differences between the leagues with the most obvious being that pichers in the NL must take their turn at bat while the AL uses a designated hitter in the lineup. Like the World Series, pitchers will have to hit in inter-league games that take place in National Legue cities.</p>
<p>&quot;It's going to be interesting,&quot; said Phil Garner, manager of the AL Milwaukee Brewers, who played for the Pittsburgh Pirates in the NL.</p>
<p>&quot;I spent a lof of years in the National League and they have their style, it's different than ours,&quot; Garner said.</p>
<p>&quot;We are going to Chicago to play the Cubs first. I hope our pitchers have been taking a lot of batting practice and are ready to hit.&quot;</p>
<p>Of course, not everyone was looking forward to this new wrinkle without reservation.</p>
<p>Tigers manager Buddy Bell was concerned about his pitchers facing pitching, in some cases for the first time in their careers. &quot;I hope no one gets hurt,&quot; Bell said.</p>
<p>And then there was Atlanta pitcher Tom Glavine echoing the lament of the purists who worry that all the inter-league play will dilute interest in the traditional meetings between the leagues.</p>
<p>&quot;I hope it doesn't take away froma the All-Star Game and the World Series,&quot; he said.</p>
</text>
<copyright>(c) Reuters Limited 1997</copyright>
<metadata>
<codes class="bip:countries:1.0">
  <code code="USA">
    <editdetail attribution="Reuters BIP Coding Group" action="confirmed" date="1997-06-11"/>
  </code>
</codes>
<codes class="bip:topics:1.0">
  <code code="GCAT">
    <editdetail attribution="Reuters BIP Coding Group" action="confirmed" date="1997-06-11"/>
  </code>
  <code code="GSPO">
    <editdetail attribution="Reuters BIP Coding Group" action="confirmed" date="1997-06-11"/>
  </code>
</codes>
<dc element="dc.date.created" value="1997-06-11"/>
<dc element="dc.publisher" value="Reuters Holdings Plc"/>
<dc element="dc.date.published" value="1997-06-11"/>
<dc element="dc.source" value="Reuters"/>
<dc element="dc.creator.location" value="NEW YORK"/>
<dc element="dc.creator.location.country.name" value="USA"/>
<dc element="dc.source" value="Reuters"/>
</metadata>
</newsitem>
