<?xml version="1.0" encoding="iso-8859-1" ?>
<newsitem itemid="652391" id="root" date="1997-06-11" xml:lang="en">
<title>LATVIA: LATVIA-YIELDS DOWN AGAIN AT LATVIAN T-BILL SALE.</title>
<headline>LATVIA-YIELDS DOWN AGAIN AT LATVIAN T-BILL SALE.</headline>
<dateline>RIGA 1997-06-11</dateline>
<text>
<p>The average yields at an auction of</p>
<p>Latvian Treasury bills fell on Wednesday, the finance ministry</p>
<p>said.</p>
<p>All amounts are in millions of lats.</p>
<p> MATURITY    AV YLD	 LAST  NO OF BANKS    ISSUE  BID SOLD</p>
<p> One month    3.53	  3.66	 4	    0.5   1.0  0.5</p>
<p> Three-month  3.89	  4.14	 6	    0.7   1.97 0.7</p>
<p> Six-month    5.04	  5.33	 10	   2.0   5.85 2.0</p>
<p>-- Riga Newsroom, +371 721 5240</p>
</text>
<copyright>(c) Reuters Limited 1997</copyright>
<metadata>
<codes class="bip:countries:1.0">
  <code code="LATV">
    <editdetail attribution="Reuters BIP Coding Group" action="confirmed" date="1997-06-11"/>
  </code>
</codes>
<codes class="bip:topics:1.0">
  <code code="M13">
    <editdetail attribution="Reuters BIP Coding Group" action="confirmed" date="1997-06-11"/>
  </code>
  <code code="M131">
    <editdetail attribution="Reuters BIP Coding Group" action="confirmed" date="1997-06-11"/>
  </code>
  <code code="MCAT">
    <editdetail attribution="Reuters BIP Coding Group" action="confirmed" date="1997-06-11"/>
  </code>
</codes>
<dc element="dc.date.created" value="1997-06-11"/>
<dc element="dc.publisher" value="Reuters Holdings Plc"/>
<dc element="dc.date.published" value="1997-06-11"/>
<dc element="dc.source" value="Reuters"/>
<dc element="dc.creator.location" value="RIGA"/>
<dc element="dc.creator.location.country.name" value="LATVIA"/>
<dc element="dc.source" value="Reuters"/>
</metadata>
</newsitem>
