<?xml version="1.0" encoding="iso-8859-1" ?>
<newsitem itemid="652452" id="root" date="1997-06-11" xml:lang="en">
<title>UK: Britain extends weapons ban to smaller handguns.</title>
<headline>Britain extends weapons ban to smaller handguns.</headline>
<dateline>LONDON 1997-06-11</dateline>
<text>
<p>Britain's parliament voted overwhelmingly on Wednesday to approve one of the world's toughest gun laws, extending an existing ban on pistols to include all guns below .22-inch calibre.</p>
<p>The 384-173 vote followed an earlier ban on larger-calibre pistols which was passed after the explosion of public outrage over the massacre of 16 children and their teacher by a lone gunman last year at Dunblane primary school in Scotland.</p>
<p>The larger-calibre pistols will be banned from July 1 after parliament approved a 150-million-pound ($245 million) package to compensate owners.</p>
<p>&quot;It will no longer be possible to practise hand gun sports on the mainland of Britain,&quot; Home Secretary (interior minister) Jack Straw told parliament.</p>
<p>&quot;But I want to make it clear that this will not in any way stop Britain hosting either the Commonwealth Games or, at some stage in the future, the Olympic Games.&quot;</p>
<p>Gun owners are angered by the tougher anti-gun laws and claim they are being made scapegoats for the act of a crazed, lone gunman.</p>
<p>They will have until September to dispose of their weapons or face a jail sentence of up to 10 years.</p>
<p>Media reports have said target shooters would travel to France and Belgium to pursue their sport and that target ranges were being planned for the Isle of Man and the Channel Islands where the anti-gun laws will not apply.</p>
</text>
<copyright>(c) Reuters Limited 1997</copyright>
<metadata>
<codes class="bip:countries:1.0">
  <code code="UK">
    <editdetail attribution="Reuters BIP Coding Group" action="confirmed" date="1997-06-11"/>
  </code>
</codes>
<codes class="bip:topics:1.0">
  <code code="GCAT">
    <editdetail attribution="Reuters BIP Coding Group" action="confirmed" date="1997-06-11"/>
  </code>
  <code code="GCRIM">
    <editdetail attribution="Reuters BIP Coding Group" action="confirmed" date="1997-06-11"/>
  </code>
  <code code="GPOL">
    <editdetail attribution="Reuters BIP Coding Group" action="confirmed" date="1997-06-11"/>
  </code>
</codes>
<dc element="dc.date.created" value="1997-06-11"/>
<dc element="dc.publisher" value="Reuters Holdings Plc"/>
<dc element="dc.date.published" value="1997-06-11"/>
<dc element="dc.source" value="Reuters"/>
<dc element="dc.creator.location" value="LONDON"/>
<dc element="dc.creator.location.country.name" value="UK"/>
<dc element="dc.source" value="Reuters"/>
</metadata>
</newsitem>
