<?xml version="1.0" encoding="iso-8859-1" ?>
<newsitem itemid="652495" id="root" date="1997-06-11" xml:lang="en">
<title>UK: Halifax, Alliance &amp; Leicester to join FTSE 100.</title>
<headline>Halifax, Alliance &amp; Leicester to join FTSE 100.</headline>
<dateline>LONDON 1997-06-11</dateline>
<text>
<p>Two recently floated former building societies, Halifax Plc and Alliance &amp; Leicester Plc, will replace two smaller companies from the FTSE 100 share index on June 23, the FTSE Actuaries UK Indices Committee said on Wednesday.</p>
<p>The two banking groups will replace drugs firm Smith &amp; Nephew Plc and retailer Burton Group Plc, the committee said in a statement.  </p>
<p>Smith and Nephew and Burton Group will both drop into the FTSE-250 share index, the committee announced in its quarterly shake-up.</p>
<p>Halifax and the Alliance and Leicester, which both converted to banks and joined London's bourse over the past two months, easily qualify for inclusion in the elite ranks of Britain's biggest publicly quoted companies.</p>
<p>Halifax has a market capitalisation of around 18.8 billion pounds($30.8 billion) and is Britain's third largest bank. Alliance and Leicester comes in at around 12.4 billion pounds.($20.3 billion)</p>
<p>In contrast, Smith &amp; Nephew and Burton each have a market capitalisation of some 1.9 billion pounds.</p>
<p>A company qualifies for automatic inclusion in the FTSE 100 if it ranks among the top 90 in terms of market capitalisation at the close of business on one of the four quarterly days on which the index constituents are revised.</p>
<p>It replaces the lowest ranking index constituent.</p>
<p>The significance of being included in the FTSE 100 is that institutions running funds tracking the index must build up holdings in those companies on course to get in and sell those that drop out.</p>
<p>The latest additions will further raise the presence of financials in the index, with the flotation of insurer Norwich Union and the Woolwich Building Society still to come.</p>
<p>($ = 0.610 British Pounds)</p>
</text>
<copyright>(c) Reuters Limited 1997</copyright>
<metadata>
<codes class="bip:countries:1.0">
  <code code="UK">
    <editdetail attribution="Reuters BIP Coding Group" action="confirmed" date="1997-06-11"/>
  </code>
</codes>
<codes class="bip:industries:1.0">
  <code code="I37200">
    <editdetail attribution="Reuters BIP Coding Group" action="confirmed" date="1997-06-11"/>
  </code>
  <code code="I64500">
    <editdetail attribution="Reuters BIP Coding Group" action="confirmed" date="1997-06-11"/>
  </code>
  <code code="I81402">
    <editdetail attribution="Reuters BIP Coding Group" action="confirmed" date="1997-06-11"/>
  </code>
  <code code="I81501">
    <editdetail attribution="Reuters BIP Coding Group" action="confirmed" date="1997-06-11"/>
  </code>
  <code code="I8150103">
    <editdetail attribution="Reuters BIP Coding Group" action="confirmed" date="1997-06-11"/>
  </code>
  <code code="I82002">
    <editdetail attribution="Reuters BIP Coding Group" action="confirmed" date="1997-06-11"/>
  </code>
</codes>
<codes class="bip:topics:1.0">
  <code code="C14">
    <editdetail attribution="Reuters BIP Coding Group" action="confirmed" date="1997-06-11"/>
  </code>
  <code code="C15">
    <editdetail attribution="Reuters BIP Coding Group" action="confirmed" date="1997-06-11"/>
  </code>
  <code code="C152">
    <editdetail attribution="Reuters BIP Coding Group" action="confirmed" date="1997-06-11"/>
  </code>
  <code code="CCAT">
    <editdetail attribution="Reuters BIP Coding Group" action="confirmed" date="1997-06-11"/>
  </code>
</codes>
<dc element="dc.date.created" value="1997-06-11"/>
<dc element="dc.publisher" value="Reuters Holdings Plc"/>
<dc element="dc.date.published" value="1997-06-11"/>
<dc element="dc.source" value="Reuters"/>
<dc element="dc.creator.location" value="LONDON"/>
<dc element="dc.creator.location.country.name" value="UK"/>
<dc element="dc.source" value="Reuters"/>
</metadata>
</newsitem>
