<?xml version="1.0" encoding="iso-8859-1" ?>
<newsitem itemid="652400" id="root" date="1997-06-11" xml:lang="en">
<title>LITHUANIA: UTENOS HAS LETTER OF INTENT WITH INVESTOR.</title>
<headline>UTENOS HAS LETTER OF INTENT WITH INVESTOR.</headline>
<dateline>VILNIUS 1997-06-10</dateline>
<text>
<p>Lithuania's Utenos Beverages said on Wednesday that it has a letter of intent with a potential investor but would not name the company.</p>
<p>Board chairman Arunas Lubys also confirmed a newspaper report that the company had received an offer from Baltic Beverage Holdings, owned by Hartwall and Orkla, but could not pursue it.</p>
<p>Danish Carlsberg has also been courting the brewer, one of Lithuania's leading beer makers.</p>
<p>&quot;We received a BBH offer in April and discussed it in the board meeting but we cannot carry out two parallel investment projects,&quot; Lubys told Reuters.  </p>
<p>&quot;We signed earlier a letter of intent with another investor, so we have no right to pursue talks with BBH while this protocol of intent is valid,&quot; Lubys said.</p>
<p>Lubys declined to name which investor Utenos signed the letter of intent with.</p>
<p>Carlsberg earlier confirmed that it has had contacts with Utenos but would not comment further.</p>
<p>Business newspaper Verslo Zinios earlier reported that BBH wanted a 50 percent or less share package.</p>
<p>Lubys said that Utenos had received no further suggestions from BBH and the price mentioned in the paper &quot;was absolutely news to us&quot;.</p>
<p>&quot;There were no talks about the share price with any investor,&quot; Lubys said.</p>
<p>&quot;All the investors want a controling package of shares in Utenos,&quot; Lubys added.</p>
<p>He also said that Utenos' share of the beer market decreased to 24 percent from 35 percent last year.</p>
<p>&quot;We will try to regain our share of the market, but around 60 million litas to 80 million litas of investments into production and marketing would be necessary,&quot; Lubys said.</p>
<p>He noted that the company cannot sell shares at the moment as it has failed to register a new issue with the securities commission over a disagreement with the government, which owns 21.5 percent of Utenos.</p>
<p>He added that the company was considering alternatives while the disagreement with the government continues.</p>
<p>&quot;We are also mulling over the idea of forming a joint foreign capital company,&quot; Lubys said.</p>
<p>-- Burton Frierson, Vilnius newsroom +370 2 22 35 18</p>
</text>
<copyright>(c) Reuters Limited 1997</copyright>
<metadata>
<codes class="bip:countries:1.0">
  <code code="DEN">
    <editdetail attribution="Reuters BIP Coding Group" action="confirmed" date="1997-06-11"/>
  </code>
  <code code="FIN">
    <editdetail attribution="Reuters BIP Coding Group" action="confirmed" date="1997-06-11"/>
  </code>
  <code code="LITH">
    <editdetail attribution="Reuters BIP Coding Group" action="confirmed" date="1997-06-11"/>
  </code>
  <code code="NORW">
    <editdetail attribution="Reuters BIP Coding Group" action="confirmed" date="1997-06-11"/>
  </code>
  <code code="SWED">
    <editdetail attribution="Reuters BIP Coding Group" action="confirmed" date="1997-06-11"/>
  </code>
</codes>
<codes class="bip:industries:1.0">
  <code code="I42700">
    <editdetail attribution="Reuters BIP Coding Group" action="confirmed" date="1997-06-11"/>
  </code>
  <code code="I83960">
    <editdetail attribution="Reuters BIP Coding Group" action="confirmed" date="1997-06-11"/>
  </code>
</codes>
<codes class="bip:topics:1.0">
  <code code="C18">
    <editdetail attribution="Reuters BIP Coding Group" action="confirmed" date="1997-06-11"/>
  </code>
  <code code="C181">
    <editdetail attribution="Reuters BIP Coding Group" action="confirmed" date="1997-06-11"/>
  </code>
  <code code="CCAT">
    <editdetail attribution="Reuters BIP Coding Group" action="confirmed" date="1997-06-11"/>
  </code>
</codes>
<dc element="dc.date.created" value="1997-06-10"/>
<dc element="dc.publisher" value="Reuters Holdings Plc"/>
<dc element="dc.date.published" value="1997-06-11"/>
<dc element="dc.source" value="Reuters"/>
<dc element="dc.creator.location" value="VILNIUS"/>
<dc element="dc.creator.location.country.name" value="LITHUANIA"/>
<dc element="dc.source" value="Reuters"/>
</metadata>
</newsitem>
