<?xml version="1.0" encoding="iso-8859-1" ?>
<newsitem itemid="652450" id="root" date="1997-06-11" xml:lang="en">
<title>UK: European oil traders say no progress on Iraq deals.</title>
<headline>European oil traders say no progress on Iraq deals.</headline>
<dateline>LONDON 1997-06-11</dateline>
<text>
<p>European oil traders said on Wednesday that they had made little progress towards securing contracts to lift Iraqi crude under the second six-month term of the United Nations oil-for-food programme.</p>
<p>&quot;Have we made any progress?..The answer is no. (The Iraqis) are not yet ready to get things moving&quot; said one major European refiner.</p>
<p>Iraqi Ambassador to the U.N. Nizar Hamdoon said on Wednesday that the $2-billion of oil sales would not resume until a new aid distribution plan is in place.</p>
<p>The fact no oil sales contracts will be submitted for U.N. approval before a distribution plan is likely to mean no Iraqi liftings will take place in June, Hamdoon said.</p>
<p>Traders confirmed that they are not expecting to lift cargoes from the Turkish port of Ceyhan on the Mediterranean before July.</p>
<p>They said the main sticking point on contract negotiations appeared to be a new pricing structure.</p>
<p>&quot;The pricing structure is the key...that is the main subject that is blocking it,&quot; said one dealer.</p>
<p>Baghdad is expected to wait until the aid plan is in place before it submits a pricing formula for U.N. approval.</p>
<p>And sales will not resume until the pricing formula is in place.</p>
<p>&quot;The pricing formula is needed for new contracts. There will be no oil lifted until then,&quot; said Hamdoon.</p>
<p>Some European traders have asked Iraq's State Oil Marketing Organisation (SOMO) for the price formula for Kirkuk crude loaded at Ceyhan to take account of higher freight costs of 25-30 cents a barrel for shipping the barrels to destinations in northern Europe.</p>
<p>But they said that so far they have received no response from SOMO.</p>
<p>Traders are also uncertain whether they will have to make the long road trip to Baghdad to renew contracts.</p>
<p>&quot;There is a lot of confusion. We do not know whether we will have to go (to Baghdad), or can also sign the contract by telex,&quot; said a trader for a European refiner which lifted oil under the first six-month programme.</p>
<p>Traders said the uncertainty gave the impression that SOMO was in no hurry to resume sales.</p>
<p>&quot;They want put the brakes on. They still have money that has not been spent from the first round... The delays are on their side,&quot; a trader said.</p>
<p>Traders said that slow progress could push exports of Kirkuk and Basrah, loaded from the Gulf terminal of Mina al-Bakr, as high as one million barrels per day (bpd) in July and August.</p>
<p>Sales averaged 660,000 bpd in the first export wave which began in mid-December.</p>
<p>The deal was renewed last week and took effect on  June 8.</p>
<p>Hamdoon reiterated on Wednesday that oil companies holding term contracts with SOMO would have their deals renewed under the second round of accord.</p>
<p>((--Rosalind Russell, London Newsroom +44 171 542 5387))</p>
</text>
<copyright>(c) Reuters Limited 1997</copyright>
<metadata>
<codes class="bip:countries:1.0">
  <code code="IRAQ">
    <editdetail attribution="Reuters BIP Coding Group" action="confirmed" date="1997-06-11"/>
  </code>
  <code code="UK">
    <editdetail attribution="Reuters BIP Coding Group" action="confirmed" date="1997-06-11"/>
  </code>
  <code code="UN">
    <editdetail attribution="Reuters BIP Coding Group" action="confirmed" date="1997-06-11"/>
  </code>
</codes>
<codes class="bip:industries:1.0">
  <code code="I13000">
    <editdetail attribution="Reuters BIP Coding Group" action="confirmed" date="1997-06-11"/>
  </code>
</codes>
<codes class="bip:topics:1.0">
  <code code="C13">
    <editdetail attribution="Reuters BIP Coding Group" action="confirmed" date="1997-06-11"/>
  </code>
  <code code="C31">
    <editdetail attribution="Reuters BIP Coding Group" action="confirmed" date="1997-06-11"/>
  </code>
  <code code="CCAT">
    <editdetail attribution="Reuters BIP Coding Group" action="confirmed" date="1997-06-11"/>
  </code>
  <code code="E51">
    <editdetail attribution="Reuters BIP Coding Group" action="confirmed" date="1997-06-11"/>
  </code>
  <code code="E512">
    <editdetail attribution="Reuters BIP Coding Group" action="confirmed" date="1997-06-11"/>
  </code>
  <code code="ECAT">
    <editdetail attribution="Reuters BIP Coding Group" action="confirmed" date="1997-06-11"/>
  </code>
  <code code="GCAT">
    <editdetail attribution="Reuters BIP Coding Group" action="confirmed" date="1997-06-11"/>
  </code>
  <code code="GDIP">
    <editdetail attribution="Reuters BIP Coding Group" action="confirmed" date="1997-06-11"/>
  </code>
</codes>
<dc element="dc.date.created" value="1997-06-11"/>
<dc element="dc.publisher" value="Reuters Holdings Plc"/>
<dc element="dc.date.published" value="1997-06-11"/>
<dc element="dc.source" value="Reuters"/>
<dc element="dc.creator.location" value="LONDON"/>
<dc element="dc.creator.location.country.name" value="UK"/>
<dc element="dc.source" value="Reuters"/>
</metadata>
</newsitem>
