<?xml version="1.0" encoding="iso-8859-1" ?>
<newsitem itemid="652418" id="root" date="1997-06-11" xml:lang="en">
<title>LATVIA: SPECIAL PERMIT FOR VOUCHER TRADE SCRAPPED.</title>
<headline>SPECIAL PERMIT FOR VOUCHER TRADE SCRAPPED.</headline>
<dateline>RIGA 1997-06-11</dateline>
<text>
<p>The government has scrapped rules which say companies trading privatisation vouchers need special permits, Dienas Bizness newspaper said on Wednesday.</p>
<p>To trade vouchers, a licence costing 100 lats earlier had to be purchased and two certified experts were needed.</p>
<p>&quot;Any individual will now be able to accumulate vouchers in an account ahead of the privatisation agency or a local council decision on voucher privatisation of a particular enterprise,&quot; Economy Minister Guntars Krasts was quoted as saying.</p>
<p>Cabinet rules now provide that a bank which has opened the account of a voucher seller guarantees the delivery to the buyer and payment to the seller.</p>
<p>The valuation procedure of mutual investment funds has also been changed by the cabinet, the newspaper added.</p>
<p>The funds will now be valued in accordance to the market price of vouchers compared to the current system of using their nominal value of 29 lats.</p>
<p>-- Riga newsroom, +371 721 5240</p>
</text>
<copyright>(c) Reuters Limited 1997</copyright>
<metadata>
<codes class="bip:countries:1.0">
  <code code="LATV">
    <editdetail attribution="Reuters BIP Coding Group" action="confirmed" date="1997-06-11"/>
  </code>
</codes>
<codes class="bip:industries:1.0">
  <code code="I81502">
    <editdetail attribution="Reuters BIP Coding Group" action="confirmed" date="1997-06-11"/>
  </code>
  <code code="I8150211">
    <editdetail attribution="Reuters BIP Coding Group" action="confirmed" date="1997-06-11"/>
  </code>
</codes>
<codes class="bip:topics:1.0">
  <code code="C13">
    <editdetail attribution="Reuters BIP Coding Group" action="confirmed" date="1997-06-11"/>
  </code>
  <code code="C18">
    <editdetail attribution="Reuters BIP Coding Group" action="confirmed" date="1997-06-11"/>
  </code>
  <code code="C183">
    <editdetail attribution="Reuters BIP Coding Group" action="confirmed" date="1997-06-11"/>
  </code>
  <code code="CCAT">
    <editdetail attribution="Reuters BIP Coding Group" action="confirmed" date="1997-06-11"/>
  </code>
</codes>
<dc element="dc.date.created" value="1997-06-11"/>
<dc element="dc.publisher" value="Reuters Holdings Plc"/>
<dc element="dc.date.published" value="1997-06-11"/>
<dc element="dc.source" value="Reuters"/>
<dc element="dc.creator.location" value="RIGA"/>
<dc element="dc.creator.location.country.name" value="LATVIA"/>
<dc element="dc.source" value="Reuters"/>
</metadata>
</newsitem>
