<?xml version="1.0" encoding="iso-8859-1" ?>
<newsitem itemid="652486" id="root" date="1997-06-11" xml:lang="en">
<title>UK: Summary of latest opinion polls on EMU.</title>
<headline>Summary of latest opinion polls on EMU.</headline>
<dateline>LONDON 1997-06-11</dateline>
<text>
<p>The following is a summary of findings from recent independent opinion polls and surveys about European economic and monetary union (EMU).</p>
<p>FRANCE, June 11 - A majority of French people think the new Socialist-led government should continue talks with its European partners to find new conditions for joining a single currency rather than doing everything possible to hit the Maastricht treaty criteria, according to a CSA poll.</p>
<p>Fifty-eight percent of 1,000 French people polled on June 9 said they believed France should continue talks, rather than impose new austerity to hit the strict three percent deficit target, even if this risked compromising the move to a single European currency. Twenty-seven percent of those polled said France should do everything possible to hit the deficit target.</p>
<p>DENMARK, June 9 - Danish resistance to EMU has changed little over the past three months, an opinion poll published in the financial daily Borsen said.The survey, by Greens polling institute, showed 55.9 percent of respondents saying that Denmark should stick to its existing policy of staying out of monetary union, compared to 55.6 percent in a March poll.</p>
<p>The latest survey, of 1,015 respondents over the period from June 2 to June 4, showed 32.5 percent in favour of EMU compared to 33.4 percent in March, while the number of don't knows grew to 11.6 percent in the new poll from 10.9 percent.</p>
<p>GERMANY, June 8 - Eighty-two percent of Germans, parting company with Chancellor Helmut Kohl, want EMU to be delayed if member countries cannot meet the Maastricht criteria, according to an IRNA poll for Focus magazine. The respondents were evenly split on whether the single currency would be launched on time.</p>
<p>EUROPE, June 6 - Expectations of a broad-based start to EMU were little changed even as developments in France and Germany increased perceptions of a wider, softer euro, prices monitored by JP Morgan showed Friday.</p>
<p>The perceived EMU probability in Sweden -- which announced it would not join EMU from the start -- drifted slightly lower to 61 percent while Spain's chances as assumed by markets firmed a touch to 77 percent from 75 last week.</p>
<p>The JP Morgan &quot;EMU&quot; calculator showed the probability of France and Germany founding the single currency unchanged at 100 percent. The implied probability of Belgium joining EMU from the start returned to 100 percent from 96 last week.</p>
<p>Overall, expectations that other EMU hopefuls will join Germany and France from the start were little changed.</p>
<p>GERMANY, June 6 - A slender majority of Germans are opposed to Bonn's plan to revalue Bundesbank gold reserves to help Germany qualify for EMU, according to a survey, carried out by the DIMAP research institute for the newspaper Bild and the MDR television channel. The poll found that 52 percent of the 1,100 Germans interviewed were against the plan, while 37 percent were in favour. Eleven percent had no opinion.</p>
<p>FINLAND, June 5 - Forty-four percent of Finns oppose joining EMU against 36 percent in favour, according to Finnish news agency STT, citing a new poll by research company Taloustutkimus.</p>
<p>It did not make clear if the remaining 20 percent in the poll, for the Conservative Party's Verkkouutiset paper, were undecided.</p>
<p>FRANCE, June 5 - A majority of voters want France to renegotiate conditions for joining the single European currency, according to an Ipsos poll on Thursday, the first such survey since a left-wing victory in a parliamentary election.</p>
<p>The survey, to be published in the weekly Le Point, said a 52 to 36 percent majority favoured renegotiating the Maastricht treaty conditions for qualifying for the euro from 1999.</p>
<p>GERMANY, June 5 - Seventy-one percent of Germans surveyed in a new Forsa poll backed a delay in the start of EMU and 45 percent doubted Bonn could meet the Maastricht criteria, Die Woche weekly reported. The survey showed only 21 percent of the 1,002 people queried backed Chancellor Helmut Kohl's firm stand that European Union countries should stick to the 1999 deadline.</p>
<p>FINLAND, June 4 - A clear majority of Finns expect their country to join EMU from the start, according to a poll by a pro-EU association, Eurooppalainen Suomi. Of 1,003 respondents polled by telephone between May 27 and June 3 by research institute Taloustutkimus, 78 percent believed Finland would join EMU from the start, while 12 percent did not expect Finland to join and 10 percent were undecided, it said.</p>
<p>DENMARK, June 4 - Close to half decision-makers at Denmark's leading institutional investors now believe that economic and monetary union will go ahead on January 1, 1999 compared to five percent a year ago, a new poll shows. A poll of 50 senior executives undertaken by unit trust Danske Invest showed that 48 percent believed that monetary union would take place as planned, 38 percent thought it would stick to the timetable but with only a few members and 14 percent believed it would be postponed.</p>
<p>SWEDEN, May 29 - Sweden's ruling Social Democrat party will probably agree to join European economic and monetary union (EMU), but in 2003 and not in the first wave in 1999, analysts polled by Reuters said. The survey of 10 analysts in Stockholm and London showed they believed the chances of Sweden saying yes to membership in 2003 was on average 51 percent. The probability of Sweden saying yes to joining in 2001 was 32.5 percent, which was the second most likely scenario expected by analysts.</p>
<p>SWEDEN, May 15 - Three percent of market players believe Sweden will join EMU from its 1999 start, down from seven percent in March, a poll by TEMO and brokerage Ohman showed. The survey also showed that in May, 82 percent believed EMU would start on time, up from 68 percent in March and 80 percent in February.</p>
<p>-- London Polling Unit tel: +44 171 542 5223</p>
<p>				 email: polling.unit@rtrlondon.co.uk</p>
</text>
<copyright>(c) Reuters Limited 1997</copyright>
<metadata>
<codes class="bip:countries:1.0">
  <code code="EEC">
    <editdetail attribution="Reuters BIP Coding Group" action="confirmed" date="1997-06-11"/>
  </code>
  <code code="FRA">
    <editdetail attribution="Reuters BIP Coding Group" action="confirmed" date="1997-06-11"/>
  </code>
  <code code="UK">
    <editdetail attribution="Reuters BIP Coding Group" action="confirmed" date="1997-06-11"/>
  </code>
</codes>
<codes class="bip:topics:1.0">
  <code code="E12">
    <editdetail attribution="Reuters BIP Coding Group" action="confirmed" date="1997-06-11"/>
  </code>
  <code code="ECAT">
    <editdetail attribution="Reuters BIP Coding Group" action="confirmed" date="1997-06-11"/>
  </code>
  <code code="G15">
    <editdetail attribution="Reuters BIP Coding Group" action="confirmed" date="1997-06-11"/>
  </code>
  <code code="G154">
    <editdetail attribution="Reuters BIP Coding Group" action="confirmed" date="1997-06-11"/>
  </code>
  <code code="GCAT">
    <editdetail attribution="Reuters BIP Coding Group" action="confirmed" date="1997-06-11"/>
  </code>
  <code code="GPOL">
    <editdetail attribution="Reuters BIP Coding Group" action="confirmed" date="1997-06-11"/>
  </code>
</codes>
<dc element="dc.date.created" value="1997-06-11"/>
<dc element="dc.publisher" value="Reuters Holdings Plc"/>
<dc element="dc.date.published" value="1997-06-11"/>
<dc element="dc.source" value="Reuters"/>
<dc element="dc.creator.location" value="LONDON"/>
<dc element="dc.creator.location.country.name" value="UK"/>
<dc element="dc.source" value="Reuters"/>
</metadata>
</newsitem>
