<?xml version="1.0" encoding="iso-8859-1" ?>
<newsitem itemid="652487" id="root" date="1997-06-11" xml:lang="en">
<title>UK: Britain announces review of surrogacy law.</title>
<headline>Britain announces review of surrogacy law.</headline>
<dateline>LONDON 1997-06-11</dateline>
<text>
<p>Britain plans to review laws governing surrogate motherhood following a number of controversial cases, the government announced on Wednesday.</p>
<p>&quot;It is important that in an area as sensitive as surrogacy the law is kept under review in order to ensure that it continues to meet public concerns,&quot; Health Minister Tessa Jowell told a parliamentary questioner.</p>
<p>A three-member team will assess whether payment for surrogacy, including expenses, should be allowed, whether changes are needed in the current laws and whether surrogacy arrangements should be regulated through a government body.</p>
<p>&quot;We have specifically asked the review team to consider the issue within the context that surrogacy should not be commercialised and that any woman who has a baby as part of a surrogacy arrangement should not be compelled to give it up if she changes her mind,&quot; Jowell added.</p>
<p>The government has been reluctant to change existing laws to curb surrogacy because it already forbids payments, although out-of-pocket expenses are allowed.</p>
<p>The review was called for after several sensational surrogacy cases in Britain.</p>
<p>In January a British woman celebrated the birth of a baby boy that was born 22 months after his twin sister in a surrogacy arrangement which gave the children three mothers.</p>
<p>The twins were conceived in a test tube from the same batch of eggs but carried to term by two different surrogate mothers.</p>
<p>Another British woman, who was acting as a surrogate mother for a childless Dutch couple, lied to them that she had aborted their baby. It later emerged that she had struck a deal to give the unborn baby to another couple.</p>
<p>The British Medical Association, which represents doctors, has said surrogate pregnancies are acceptable as a last resort for infertile couples when other fertility treatments have failed.</p>
<p>But it said surrogacy contracts could not be enforced in law, and that such arrangements were fraught with problems.</p>
</text>
<copyright>(c) Reuters Limited 1997</copyright>
<metadata>
<codes class="bip:countries:1.0">
  <code code="UK">
    <editdetail attribution="Reuters BIP Coding Group" action="confirmed" date="1997-06-11"/>
  </code>
</codes>
<codes class="bip:topics:1.0">
  <code code="GCAT">
    <editdetail attribution="Reuters BIP Coding Group" action="confirmed" date="1997-06-11"/>
  </code>
  <code code="GCRIM">
    <editdetail attribution="Reuters BIP Coding Group" action="confirmed" date="1997-06-11"/>
  </code>
  <code code="GHEA">
    <editdetail attribution="Reuters BIP Coding Group" action="confirmed" date="1997-06-11"/>
  </code>
  <code code="GPOL">
    <editdetail attribution="Reuters BIP Coding Group" action="confirmed" date="1997-06-11"/>
  </code>
</codes>
<dc element="dc.date.created" value="1997-06-11"/>
<dc element="dc.publisher" value="Reuters Holdings Plc"/>
<dc element="dc.date.published" value="1997-06-11"/>
<dc element="dc.source" value="Reuters"/>
<dc element="dc.creator.location" value="LONDON"/>
<dc element="dc.creator.location.country.name" value="UK"/>
<dc element="dc.source" value="Reuters"/>
</metadata>
</newsitem>
