<?xml version="1.0" encoding="iso-8859-1" ?>
<newsitem itemid="652454" id="root" date="1997-06-11" xml:lang="en">
<title>UK: LIFFE white sugar tightly mixed, Russia supports.</title>
<headline>LIFFE white sugar tightly mixed, Russia supports.</headline>
<dateline>LONDON 1997-05-20</dateline>
<text>
<p>London's spot August white sugar contract held steady on Tuesday afternoon but although the market was supported by talk of Russian buying, volume was thin in the absence of major players.</p>
<p>Commission houses were said to be the dominant force behind the day's thin volume, although some trade interest was also seen.</p>
<p>Spreads were relatively inactive with most of the August activity reported to be flat price, though volume was boosted by light Paris/London arbitrage deals.</p>
<p>&quot;The Russian offtake is the reason why the market is higher, supposedly...but people are a little dubious about selling and also about going short of August,&quot; said one trader.</p>
<p>&quot;I think being long of August/October is what most trade people would like to be.&quot;</p>
<p>At 1645 GMT August stood 40 cents higher at $318.80 and October was down 10 cents at $308.10. Volume totalled a scant 395 lots, most of which was in August.</p>
<p>Since bursting higher by around $3 at the start of last week, August has been content to trade between $316 and $319 -- but daily ranges have been tight and activity generally light.</p>
<p>Analysts pegged immediate resistance at a series of $318.80 highs but said $323.00 could be another upside objective in the short term.</p>
<p>But although August's 10-day momentum indicator has ticked slightly up from its downwards slope, suggesting that more gains could be on the cards, the shorter-term five-day line is poised to head into negative territory.</p>
<p>Just 210 lots were traded in Paris, nearly all of which was in August. The position was up 50 cents at $318.50, while October was untraded.</p>
<p>-- Jeremy Smith, London Newsroom +44 171 542 8064</p>
</text>
<copyright>(c) Reuters Limited 1997</copyright>
<metadata>
<codes class="bip:countries:1.0">
  <code code="UK">
    <editdetail attribution="Reuters BIP Coding Group" action="confirmed" date="1997-06-11"/>
  </code>
</codes>
<codes class="bip:topics:1.0">
  <code code="M14">
    <editdetail attribution="Reuters BIP Coding Group" action="confirmed" date="1997-06-11"/>
  </code>
  <code code="M141">
    <editdetail attribution="Reuters BIP Coding Group" action="confirmed" date="1997-06-11"/>
  </code>
  <code code="MCAT">
    <editdetail attribution="Reuters BIP Coding Group" action="confirmed" date="1997-06-11"/>
  </code>
</codes>
<dc element="dc.date.created" value="1997-05-20"/>
<dc element="dc.publisher" value="Reuters Holdings Plc"/>
<dc element="dc.date.published" value="1997-06-11"/>
<dc element="dc.source" value="Reuters"/>
<dc element="dc.creator.location" value="LONDON"/>
<dc element="dc.creator.location.country.name" value="UK"/>
<dc element="dc.source" value="Reuters"/>
</metadata>
</newsitem>
