<?xml version="1.0" encoding="iso-8859-1" ?>
<newsitem itemid="652406" id="root" date="1997-06-11" xml:lang="en">
<title>LITHUANIA: SAVINGS BANK SAYS 5 MO NET PROFIT 2.1 MLN LTL.</title>
<headline>SAVINGS BANK SAYS 5 MO NET PROFIT 2.1 MLN LTL.</headline>
<dateline>VILNIUS 1997-06-11</dateline>
<text>
<p>Lithuania's Savings Bank said on Wednesday that its net profit for the first five months of the year was 2.1 million litas compared to 6.4 million litas in the same period in 1996.</p>
<p>The bank also said that its assets stood at 1.4 billion litas at the end of May versus 1.15 billion at the beginning of 1997.</p>
<p>The bank also said in a statement that its net profit fell because of provisions paid by the bank to the deposit insurance fund for individual deposits kept in the bank.</p>
<p>The bank said it paid 3.6 million litas to the deposit fund during March, April and May.</p>
<p>The deposits of the bank at the end of May rose to 1.24 billion litas from 1.03 billion litas at the beginning of the year, the statement added.</p>
<p>It also said that 986 million litas of total deposits belonged to individual depositors at the end of May.</p>
<p>The bank reoorted loans at 606 million litas at the end of May compared to 505 million litas at the beginning of the year.</p>
<p>The 74 percent state-run bank posted a 30 million litas net profit for 1996 and 1.73 million litas net profit for the first quarter of this year.</p>
<p>Savings Bank is the biggest bank in terms of asstets and is the only one of the three state banks not yet slated for privatisation.</p>
<p>The share capital of the bank is 60 million litas but it is to do a 20 million litas share capital boost. Some six million litas of the capital rise will come from own reserves and 14 million litas from additional contributions.</p>
<p>-- Andrius Vilkancas, Vilnius newsroom +370 2 22 35 17.</p>
</text>
<copyright>(c) Reuters Limited 1997</copyright>
<metadata>
<codes class="bip:countries:1.0">
  <code code="LITH">
    <editdetail attribution="Reuters BIP Coding Group" action="confirmed" date="1997-06-11"/>
  </code>
</codes>
<codes class="bip:industries:1.0">
  <code code="I81402">
    <editdetail attribution="Reuters BIP Coding Group" action="confirmed" date="1997-06-11"/>
  </code>
  <code code="I81403">
    <editdetail attribution="Reuters BIP Coding Group" action="confirmed" date="1997-06-11"/>
  </code>
</codes>
<codes class="bip:topics:1.0">
  <code code="C15">
    <editdetail attribution="Reuters BIP Coding Group" action="confirmed" date="1997-06-11"/>
  </code>
  <code code="C151">
    <editdetail attribution="Reuters BIP Coding Group" action="confirmed" date="1997-06-11"/>
  </code>
  <code code="CCAT">
    <editdetail attribution="Reuters BIP Coding Group" action="confirmed" date="1997-06-11"/>
  </code>
</codes>
<dc element="dc.date.created" value="1997-06-11"/>
<dc element="dc.publisher" value="Reuters Holdings Plc"/>
<dc element="dc.date.published" value="1997-06-11"/>
<dc element="dc.source" value="Reuters"/>
<dc element="dc.creator.location" value="VILNIUS"/>
<dc element="dc.creator.location.country.name" value="LITHUANIA"/>
<dc element="dc.source" value="Reuters"/>
</metadata>
</newsitem>
