<?xml version="1.0" encoding="iso-8859-1" ?>
<newsitem itemid="652432" id="root" date="1997-06-11" xml:lang="en">
<title>UK: Police clear Irish guerrillas in N.Irish murder.</title>
<headline>Police clear Irish guerrillas in N.Irish murder.</headline>
<byline>Martin Cowley</byline>
<dateline>BELFAST 1997-06-11</dateline>
<text>
<p>Police said on Wednesday that Irish republican guerrillas did not appear to have been involved in the murder of former Protestant gunman Robert &quot;Basher&quot; Bates.</p>
<p>Loyalist politicians had accused republicans of killing Bates, who served 19 years in jail for killing Catholic nationalists, and said his death had put an already brittle Protestant truce under further pressure.</p>
<p>But in a move that eased widespread tension, the Royal Ulster Constabulary police said that they were keeping an open mind on the motive for the killing.</p>
<p>&quot;Our inquiries so far do not suggest republican involvement in this brutal murder,&quot; a police spokesman said.</p>
<p>BBC radio reported that the killing may have been the result of &quot;a personal grudge&quot;.</p>
<p>As tension mounted, the Irish National Liberation Army, which some Loyalists had suspected was responsible, issued a firm denial.</p>
<p>&quot;We state with complete authority that none of our volunteers were involved in this action,&quot; the INLA said in a statement.</p>
<p>The Irish Republican Army, the largest republican militia, made no comment.</p>
<p>The killing happened two hours before Britain's Queen Elizabeth arrived in the province for the first time since the collapse of the IRA ceasefire in February last year.</p>
<p>Security was tight with marksmen on rooftops in a rural town to guard against possible republican guerrilla attacks when she arrived to speak to school-children.</p>
<p>Later she met charity workers at a garden party in Hillsborough Castle, the official residence of Britain's Northern Ireland Secretary, Mo Mowlam, before flying back to mainland Britain.</p>
<p>Fears that Bates had been murdered by resurgent Irish extremists had heightened anxiety about possible retaliation by Protestant guerrillas loyal to British rule.</p>
<p>Bates was one of the so-called &quot;Shankill Butchers&quot; gang that carried out a wave of gruesome knife murders of 19 Catholic nationalists in the early 1970s.</p>
<p>He was released recently after 19 years in prison. Friends said he had reformed and become a born-again Christian.</p>
<p>He was working in an office with a group that rehabilitates former prisoners when a gunman or gunmen walked in and shot him at close range before running off.</p>
<p>Multi-party talks have been under way for the past year in Northern Ireland but have failed to ease divisions over the future of British rule.</p>
<p>Britain says that its officials will have a third meeting with Sinn Fein, the political arm of the IRA, in the hope of reviving the province's struggling peace process.</p>
<p>Sinn Fein is barred from current multi-party talks because the IRA refuses to restore its ceasefire.</p>
<p>Loyalists support continued British rule in Northern Ireland, where Protestants outnumber Roman Catholics three to two. The IRA is fighting to end British rule and unite the province with the overwhelmingly Catholic Irish Republic.</p>
</text>
<copyright>(c) Reuters Limited 1997</copyright>
<metadata>
<codes class="bip:countries:1.0">
  <code code="IRE">
    <editdetail attribution="Reuters BIP Coding Group" action="confirmed" date="1997-06-11"/>
  </code>
  <code code="UK">
    <editdetail attribution="Reuters BIP Coding Group" action="confirmed" date="1997-06-11"/>
  </code>
</codes>
<codes class="bip:topics:1.0">
  <code code="GCAT">
    <editdetail attribution="Reuters BIP Coding Group" action="confirmed" date="1997-06-11"/>
  </code>
  <code code="GCRIM">
    <editdetail attribution="Reuters BIP Coding Group" action="confirmed" date="1997-06-11"/>
  </code>
  <code code="GVIO">
    <editdetail attribution="Reuters BIP Coding Group" action="confirmed" date="1997-06-11"/>
  </code>
</codes>
<dc element="dc.date.created" value="1997-06-11"/>
<dc element="dc.publisher" value="Reuters Holdings Plc"/>
<dc element="dc.date.published" value="1997-06-11"/>
<dc element="dc.source" value="Reuters"/>
<dc element="dc.creator.location" value="BELFAST"/>
<dc element="dc.creator.location.country.name" value="UK"/>
<dc element="dc.source" value="Reuters"/>
</metadata>
</newsitem>
