<?xml version="1.0" encoding="iso-8859-1" ?>
<newsitem itemid="652553" id="root" date="1997-06-11" xml:lang="en">
<title>CANADA: Weekly Canada spot natgas domestic prices -June 11.</title>
<headline>Weekly Canada spot natgas domestic prices -June 11.</headline>
<text>
<p>DOMESTIC (JUNE SALES)	  $CDN/GJ	  $US/MMBTU</p>
<p> ALBERTA PLANT-GATE	   1.41/1.46	 1.09/1.13</p>
<p> ALBERTA BORDER - EMPRESS   1.63/1.68	 1.26/1.30</p>
<p> STATION 2, B.C.		1.62/1.67	 1.26/1.29</p>
<p> SASK. PLANT-GATE	     1.41/1.46	 1.09/1.13</p>
<p> TORONTO CITY-GATE	    2.95/3.02	 2.29/2.34</p>
<p> 1-YR PCKGS - EMPRESS	 1.78/1.83	 1.41/1.45</p>
<p> AECO			     1.53/1.58	 1.19/1.22</p>
<p>N=notional. One yr package beginning November 1. Canada/U.S. dollar conversion based on Bank of Canada noon rate. One year packages converted to U.S. dollars at a 12-month forward rate.</p>
</text>
<copyright>(c) Reuters Limited 1997</copyright>
<metadata>
<codes class="bip:countries:1.0">
  <code code="CANA">
    <editdetail attribution="Reuters BIP Coding Group" action="confirmed" date="1997-06-11"/>
  </code>
</codes>
<codes class="bip:topics:1.0">
  <code code="M14">
    <editdetail attribution="Reuters BIP Coding Group" action="confirmed" date="1997-06-11"/>
  </code>
  <code code="M143">
    <editdetail attribution="Reuters BIP Coding Group" action="confirmed" date="1997-06-11"/>
  </code>
  <code code="MCAT">
    <editdetail attribution="Reuters BIP Coding Group" action="confirmed" date="1997-06-11"/>
  </code>
</codes>
<dc element="dc.publisher" value="Reuters Holdings Plc"/>
<dc element="dc.date.published" value="1997-06-11"/>
<dc element="dc.source" value="Reuters"/>
<dc element="dc.creator.location.country.name" value="CANADA"/>
<dc element="dc.source" value="Reuters"/>
</metadata>
</newsitem>
