<?xml version="1.0" encoding="iso-8859-1" ?>
<newsitem itemid="652539" id="root" date="1997-06-11" xml:lang="en">
<title>UK: Deutsche Morgan Grenfell withdraws from LME floor.</title>
<headline>Deutsche Morgan Grenfell withdraws from LME floor.</headline>
<dateline>LONDON 1997-06-11</dateline>
<text>
<p>Deutsche Morgan Grenfell (DMG) said on Wednesday that it is to relinquish its London Metal Exchange (LME) membership.</p>
<p>&quot;As part of the continuing integration and enhancement of the commodity operations within Deutsche Morgan Grenfell we have decided to re-focus our LME operations and relinquish our ring membership,&quot; DMG said in a release.  </p>
<p>DMG said that it remained firmly committed to the base metals business, and that its interests would be served by being an LME Associate Broker Clearing Member.</p>
<p>A DMG spokesman said that the company would be adopting its new status with immediate effect. It would not be manning the floor this afternoon.</p>
<p>Also, some staff would be leaving the company today, he said.</p>
<p>--London newsrroom 44 171 542 8080</p>
</text>
<copyright>(c) Reuters Limited 1997</copyright>
<metadata>
<codes class="bip:countries:1.0">
  <code code="UK">
    <editdetail attribution="Reuters BIP Coding Group" action="confirmed" date="1997-06-11"/>
  </code>
</codes>
<codes class="bip:industries:1.0">
  <code code="I81402">
    <editdetail attribution="Reuters BIP Coding Group" action="confirmed" date="1997-06-11"/>
  </code>
</codes>
<codes class="bip:topics:1.0">
  <code code="C11">
    <editdetail attribution="Reuters BIP Coding Group" action="confirmed" date="1997-06-11"/>
  </code>
  <code code="CCAT">
    <editdetail attribution="Reuters BIP Coding Group" action="confirmed" date="1997-06-11"/>
  </code>
  <code code="M14">
    <editdetail attribution="Reuters BIP Coding Group" action="confirmed" date="1997-06-11"/>
  </code>
  <code code="M142">
    <editdetail attribution="Reuters BIP Coding Group" action="confirmed" date="1997-06-11"/>
  </code>
  <code code="MCAT">
    <editdetail attribution="Reuters BIP Coding Group" action="confirmed" date="1997-06-11"/>
  </code>
</codes>
<dc element="dc.date.created" value="1997-06-11"/>
<dc element="dc.publisher" value="Reuters Holdings Plc"/>
<dc element="dc.date.published" value="1997-06-11"/>
<dc element="dc.source" value="Reuters"/>
<dc element="dc.creator.location" value="LONDON"/>
<dc element="dc.creator.location.country.name" value="UK"/>
<dc element="dc.source" value="Reuters"/>
</metadata>
</newsitem>
