<?xml version="1.0" encoding="iso-8859-1" ?>
<newsitem itemid="652512" id="root" date="1997-06-11" xml:lang="en">
<title>UK: Europeans see cotton inquiry from Brazil, Turkey.</title>
<headline>Europeans see cotton inquiry from Brazil, Turkey.</headline>
<dateline>LIVERPOOL 1997-06-11</dateline>
<text>
<p>Some European traders report that the main importing enquiry continues to be found in Brazil and Turkey.</p>
<p>Customers in Europe appear to be generally disinclined to pay merchants' current asking rates for cotton for shipment during the immediate post-summer holiday period.</p>
<p>The firmness of these prices is attributed to a decline in traders' uncommitted stocks and lack of fresh sources of supply from which they might be replenished ahead of the movement of new crops.</p>
</text>
<copyright>(c) Reuters Limited 1997</copyright>
<metadata>
<codes class="bip:countries:1.0">
  <code code="UK">
    <editdetail attribution="Reuters BIP Coding Group" action="confirmed" date="1997-06-11"/>
  </code>
</codes>
<codes class="bip:topics:1.0">
  <code code="M14">
    <editdetail attribution="Reuters BIP Coding Group" action="confirmed" date="1997-06-11"/>
  </code>
  <code code="M141">
    <editdetail attribution="Reuters BIP Coding Group" action="confirmed" date="1997-06-11"/>
  </code>
  <code code="MCAT">
    <editdetail attribution="Reuters BIP Coding Group" action="confirmed" date="1997-06-11"/>
  </code>
</codes>
<dc element="dc.date.created" value="1997-06-11"/>
<dc element="dc.publisher" value="Reuters Holdings Plc"/>
<dc element="dc.date.published" value="1997-06-11"/>
<dc element="dc.source" value="Reuters"/>
<dc element="dc.creator.location" value="LIVERPOOL"/>
<dc element="dc.creator.location.country.name" value="UK"/>
<dc element="dc.source" value="Reuters"/>
</metadata>
</newsitem>
