<?xml version="1.0" encoding="iso-8859-1" ?>
<newsitem itemid="652533" id="root" date="1997-06-11" xml:lang="en">
<title>UK: CSFP to launch 5.0 bln escudo Brazil-linked FRN.</title>
<headline>CSFP to launch 5.0 bln escudo Brazil-linked FRN.</headline>
<dateline>LONDON 1997-06-11</dateline>
<text>
<p>Credit Suisse Financial Products is to launch a 5.0 billion escudo three-year FRN, Banco Santander de Negocios Portugal said on Wednesday as joint lead manager.</p>
<p>The notes, which will secured on Brazilian Debt Conversion Bonds due 2012, will pay six-month LISBOR plus 160 basis points.</p>
<p>The Luxembourg-listed deal will have a July 10 payment date.</p>
<p>Credit Suisse First Boston will be also be joint lead manager.</p>
<p>-- London newsroom +44 171 542 8863</p>
</text>
<copyright>(c) Reuters Limited 1997</copyright>
<metadata>
<codes class="bip:countries:1.0">
  <code code="SWITZ">
    <editdetail attribution="Reuters BIP Coding Group" action="confirmed" date="1997-06-11"/>
  </code>
  <code code="UK">
    <editdetail attribution="Reuters BIP Coding Group" action="confirmed" date="1997-06-11"/>
  </code>
</codes>
<codes class="bip:industries:1.0">
  <code code="I81402">
    <editdetail attribution="Reuters BIP Coding Group" action="confirmed" date="1997-06-11"/>
  </code>
</codes>
<codes class="bip:topics:1.0">
  <code code="C17">
    <editdetail attribution="Reuters BIP Coding Group" action="confirmed" date="1997-06-11"/>
  </code>
  <code code="C172">
    <editdetail attribution="Reuters BIP Coding Group" action="confirmed" date="1997-06-11"/>
  </code>
  <code code="CCAT">
    <editdetail attribution="Reuters BIP Coding Group" action="confirmed" date="1997-06-11"/>
  </code>
</codes>
<dc element="dc.date.created" value="1997-06-11"/>
<dc element="dc.publisher" value="Reuters Holdings Plc"/>
<dc element="dc.date.published" value="1997-06-11"/>
<dc element="dc.source" value="Reuters"/>
<dc element="dc.creator.location" value="LONDON"/>
<dc element="dc.creator.location.country.name" value="UK"/>
<dc element="dc.source" value="Reuters"/>
</metadata>
</newsitem>
