<?xml version="1.0" encoding="iso-8859-1" ?>
<newsitem itemid="652519" id="root" date="1997-06-11" xml:lang="en">
<title>UK: Hemp-flavoured drink hits UK stores, but not minds.</title>
<headline>Hemp-flavoured drink hits UK stores, but not minds.</headline>
<dateline>LONDON 1997-06-11</dateline>
<text>
<p>Britons with that dry taste in their mouths can now reach for a new thirst quencher -- hemp-flavoured soda.</p>
<p>But those seeking the effects of marijuana, hemp's illicit derivative, should not get their hopes too high.</p>
<p>The citrus soda is called Hemp, but all psychoactive substances have been weeded out, according to Shackleford Sales Ltd, which imports the German-owned brand.</p>
<p>&quot;We are targeting consumers who are looking for a premium energy soft drink,&quot; a spokeswoman said on Wednesday, adding that Britain's Home Office has confirmed that the drink has no illegal substances.</p>
<p>The soda contains caffeine and vitamins as well as hemp oil, which lays on a nutty flavour, the company said.</p>
<p>The product, being peddled since May at posh department store Selfridges, was previously rolled out in Germany by Designer Food International.</p>
</text>
<copyright>(c) Reuters Limited 1997</copyright>
<metadata>
<codes class="bip:countries:1.0">
  <code code="UK">
    <editdetail attribution="Reuters BIP Coding Group" action="confirmed" date="1997-06-11"/>
  </code>
</codes>
<codes class="bip:industries:1.0">
  <code code="I42800">
    <editdetail attribution="Reuters BIP Coding Group" action="confirmed" date="1997-06-11"/>
  </code>
  <code code="I61000">
    <editdetail attribution="Reuters BIP Coding Group" action="confirmed" date="1997-06-11"/>
  </code>
</codes>
<codes class="bip:topics:1.0">
  <code code="C22">
    <editdetail attribution="Reuters BIP Coding Group" action="confirmed" date="1997-06-11"/>
  </code>
  <code code="CCAT">
    <editdetail attribution="Reuters BIP Coding Group" action="confirmed" date="1997-06-11"/>
  </code>
</codes>
<dc element="dc.date.created" value="1997-06-11"/>
<dc element="dc.publisher" value="Reuters Holdings Plc"/>
<dc element="dc.date.published" value="1997-06-11"/>
<dc element="dc.source" value="Reuters"/>
<dc element="dc.creator.location" value="LONDON"/>
<dc element="dc.creator.location.country.name" value="UK"/>
<dc element="dc.source" value="Reuters"/>
</metadata>
</newsitem>
