<?xml version="1.0" encoding="iso-8859-1" ?>
<newsitem itemid="558198" id="root" date="1997-05-04" xml:lang="en">
<title>ITALY: GOLF-LEADING EUROPEAN RYDER CUP POINTS STANDINGS.</title>
<headline>GOLF-LEADING EUROPEAN RYDER CUP POINTS STANDINGS.</headline>
<dateline>BRESCIA, Italy 1997-05-04</dateline>
<text>
<p>Leading European Ryder Cup</p>
<p>points standings after Sunday's Italian Open (Britain unless</p>
<p>states):</p>
<p> 1. Colin Montgomerie		  341,947 points</p>
<p> 2. Costantino Rocca (Italy)	 282,867</p>
<p> 3. Miguel Angel Martin (Spain)    270,757</p>
<p> 4. Thomas Bjorn (Denmark)	   252,103</p>
<p> 5. Darren Clarke			230,638</p>
<p> 6. Bernhard Langer (Germany)	212,430</p>
<p> 7. Paul Broadhurst		    202,074</p>
<p> 8. Per-Ulrik Johansson (Sweden)   196,615</p>
<p> 9. Ian Woosnam			  185,656</p>
<p> 10. Jose Maria Olazabal (Spain)   179,521</p>
<p> 11. Lee Westwood			178,866</p>
<p> 12. Jean Van de Velde (France)    174,268</p>
<p> 13. Peter Mitchell		    169,965</p>
<p> 14. Sam Torrance			161,299</p>
<p> 15. Roger Chapman		     133,027</p>
<p> 16. Padraig Harrington (Ireland)  128,470</p>
<p> 17. Andrew Coltart		    126,972</p>
<p> 18. Mark James			  114,640</p>
<p> 19. Miguel Angel Jimenez (Spain)  107,478</p>
<p> 20. David Gilford		     102,570</p>
</text>
<copyright>(c) Reuters Limited 1997</copyright>
<metadata>
<codes class="bip:countries:1.0">
  <code code="ITALY">
    <editdetail attribution="Reuters BIP Coding Group" action="confirmed" date="1997-05-04"/>
  </code>
  <code code="UK">
    <editdetail attribution="Reuters BIP Coding Group" action="confirmed" date="1997-05-04"/>
  </code>
</codes>
<codes class="bip:topics:1.0">
  <code code="GCAT">
    <editdetail attribution="Reuters BIP Coding Group" action="confirmed" date="1997-05-04"/>
  </code>
  <code code="GSPO">
    <editdetail attribution="Reuters BIP Coding Group" action="confirmed" date="1997-05-04"/>
  </code>
</codes>
<dc element="dc.date.created" value="1997-05-04"/>
<dc element="dc.publisher" value="Reuters Holdings Plc"/>
<dc element="dc.date.published" value="1997-05-04"/>
<dc element="dc.source" value="Reuters"/>
<dc element="dc.creator.location" value="BRESCIA, Italy"/>
<dc element="dc.creator.location.country.name" value="ITALY"/>
<dc element="dc.source" value="Reuters"/>
</metadata>
</newsitem>
