<?xml version="1.0" encoding="iso-8859-1" ?>
<newsitem itemid="558232" id="root" date="1997-05-04" xml:lang="en">
<title>POLAND: SOCCER-POLISH FIRST DIVISION RESULTS/STANDINGS.</title>
<headline>SOCCER-POLISH FIRST DIVISION RESULTS/STANDINGS.</headline>
<dateline>WARSAW 1997-05-04</dateline>
<text>
<p>Results of Polish first division</p>
<p>soccer matches on Sunday:</p>
<p> Slask Wroclaw	3  Sokol Tychy	   0</p>
<p> LKS Lodz	     2  GKS Belchatow	 0</p>
<p> Zaglebie Lubin     3  Hutnik Krakow	 1</p>
<p> Legia Warszawa     v  Ruch Chorzow	  postponed</p>
<p>Played  Saturday:</p>
<p> Stomil Olsztyn     1  Gornik Zabrze	 1</p>
<p> Amica Wronki	 0  Odra Wodzislaw	0</p>
<p> GKS Katowice	 0  Lech Poznan	   1</p>
<p> Rakow Czestochowa  2  Polonia Warszawa    0</p>
<p> Widzew Lodz	  1  Wisla Krakow	  0</p>
<p>    Standings	     P    W    D    L    F   A    Pts</p>
<p> 1. Widzew Lodz	  27   18    6    3   50   15    60</p>
<p> 2. Legia Warszawa     26   18    4    4   45   20    58</p>
<p> 3. GKS Katowice	 27   11   11    5   34   27    44</p>
<p> 4. Odra Wodzislaw     27   12    6    9   41   34    42</p>
<p> 5. Amica Wronki	 27   11    7    9   32   33    40</p>
<p> 6. LKS Lodz	     27   10   10    7   40   33    40</p>
<p> 7. Polonia Warszawa   27   11    6   10   28   34    39</p>
<p> 8. Zaglebie Lubin     27   10    8    9   33   31    38</p>
<p> 9. Lech Poznan	  27   10    7   10   31   30    37</p>
<p>10. Stomil Olsztyn     27   10    6   11   34   33    36</p>
<p>11. Rakow Czestochowa  27    9    8   10   26   30    35</p>
<p>12. Wisla Krakow	 27    9    7   11   22   27    34</p>
<p>13. GKS Belchatow	27    9    5   13   31   36    32</p>
<p>14. Gornik Zabrze	27    8    6   13   32   39    30</p>
<p>15. Hutnik Krakow	27    6   10   11   22   30    28</p>
<p>16. Slask Wroclaw	27    6    6   15   24   38    24</p>
<p>17. Ruch Chorzow	 26    4   11   11   24   31    23</p>
<p>18. Sokol Tychy	  27    5    6   16   18   46    21</p>
</text>
<copyright>(c) Reuters Limited 1997</copyright>
<metadata>
<codes class="bip:countries:1.0">
  <code code="POL">
    <editdetail attribution="Reuters BIP Coding Group" action="confirmed" date="1997-05-04"/>
  </code>
</codes>
<codes class="bip:topics:1.0">
  <code code="GCAT">
    <editdetail attribution="Reuters BIP Coding Group" action="confirmed" date="1997-05-04"/>
  </code>
  <code code="GSPO">
    <editdetail attribution="Reuters BIP Coding Group" action="confirmed" date="1997-05-04"/>
  </code>
</codes>
<dc element="dc.date.created" value="1997-05-04"/>
<dc element="dc.publisher" value="Reuters Holdings Plc"/>
<dc element="dc.date.published" value="1997-05-04"/>
<dc element="dc.source" value="Reuters"/>
<dc element="dc.creator.location" value="WARSAW"/>
<dc element="dc.creator.location.country.name" value="POLAND"/>
<dc element="dc.source" value="Reuters"/>
</metadata>
</newsitem>
