<?xml version="1.0" encoding="iso-8859-1" ?>
<newsitem itemid="558288" id="root" date="1997-05-04" xml:lang="en">
<title>PORTUGAL: SOCCER-PORTUGUESE FIRST DIVISION RESULTS/STANDINGS.</title>
<headline>SOCCER-PORTUGUESE FIRST DIVISION RESULTS/STANDINGS.</headline>
<dateline>LISBON 1997-05-04</dateline>
<text>
<p>Results of Portuguese first</p>
<p>division soccer matches on Sunday:</p>
<p> Belenenses   0 Salgueiros	0</p>
<p> Chaves	 1 Estrela Amadora 0</p>
<p> Uniao Leiria 1 Sporting	  0</p>
<p> Setubal	2 Boavista	  2</p>
<p> Gil Vicente  1 Espinho	   0</p>
<p> Braga	  2 Farense	   1</p>
<p> Benfica	0 Rio Ave	   0</p>
<p> Porto	  2 Leca		1</p>
<p>Played on Friday:</p>
<p> Guimaraes    0 Maritimo	  1</p>
<p>    Standings	 Pl    W    D    L     F    A    Pts</p>
<p> 1. Porto	     29   23    4    2    67   20    73</p>
<p> 2. Sporting	  29   19    5    5    46   16    62</p>
<p> 3. Benfica	   29   16    7    6    47   22    55</p>
<p> 4. Braga	     29   14    7    8    37   38    49</p>
<p> 5. Salgueiros	29   13    9    7    42   37    48</p>
<p> 6. Guimaraes	 29   13    6   10    47   41    45</p>
<p> 7. Estrela Amadora 29   11    9    9    34   30    42</p>
<p> 8. Chaves	    29   11    7   11    35   40    40</p>
<p> 9. Boavista	  29    8   13    8    46   34    37</p>
<p> 10.Maritimo	  29   10    6   13    29   38    36</p>
<p> 11.Belenenses	29    9    9   11    34   44    36</p>
<p> 12.Leca		29    9    7   13    32   37    34</p>
<p> 13.Setubal	   29    8    9   12    33   40    33</p>
<p> 14.Farense	   29    7   10   12    25   31    31</p>
<p> 15.Espinho	   29    8    4   17    22   44    28</p>
<p> 16.Rio Ave	   29    6    9   14    31   39    27</p>
<p> 17.Uniao Leiria    29    7    5   17    22   42    26</p>
<p> 18.Gil Vicente     29    3    6   20    25   61    15</p>
</text>
<copyright>(c) Reuters Limited 1997</copyright>
<metadata>
<codes class="bip:countries:1.0">
  <code code="PORL">
    <editdetail attribution="Reuters BIP Coding Group" action="confirmed" date="1997-05-04"/>
  </code>
</codes>
<codes class="bip:topics:1.0">
  <code code="GCAT">
    <editdetail attribution="Reuters BIP Coding Group" action="confirmed" date="1997-05-04"/>
  </code>
  <code code="GSPO">
    <editdetail attribution="Reuters BIP Coding Group" action="confirmed" date="1997-05-04"/>
  </code>
</codes>
<dc element="dc.date.created" value="1997-05-04"/>
<dc element="dc.publisher" value="Reuters Holdings Plc"/>
<dc element="dc.date.published" value="1997-05-04"/>
<dc element="dc.source" value="Reuters"/>
<dc element="dc.creator.location" value="LISBON"/>
<dc element="dc.creator.location.country.name" value="PORTUGAL"/>
<dc element="dc.source" value="Reuters"/>
</metadata>
</newsitem>
