<?xml version="1.0" encoding="iso-8859-1" ?>
<newsitem itemid="558242" id="root" date="1997-05-04" xml:lang="en">
<title>ROMANIA: SOCCER-ROMANIAN FIRST DIVISION RESULTS/STANDINGS.</title>
<headline>SOCCER-ROMANIAN FIRST DIVISION RESULTS/STANDINGS.</headline>
<dateline>BUCHAREST 1997-05-04</dateline>
<text>
<p>Result of a Romanian first</p>
<p>division soccer match on Sunday:</p>
<p> Universitatea Craiova    2 F.C. National Bucharest 0</p>
<p>Played Saturday:</p>
<p> F.C. Arges Dacia Pitesti 1 Steaua Bucharest	  2</p>
<p> Politehnica Timisoara    4 Universitatea Cluj	1</p>
<p> Sportul Studentesc	 2 FCM Bacau		   0</p>
<p> Jiul Petrosani	     1 Ceahlaul Piatra Neamt   2</p>
<p> Otelul Galati		2 F.C. Brasov		 1</p>
<p> Gloria Bistrita	    3 F.C. Farul Constanta    2</p>
<p> F.C. Petrolul Ploiesti   1 Rapid Bucharest	   1</p>
<p>Played on Friday:</p>
<p> Dinamo Bucharest	   2 F.C. Chindia Tirgoviste 1</p>
<p>    Standings		     P   W   D   L   F  A  Pts</p>
<p> Steaua Bucharest		28  18   4   6  63  32  58</p>
<p> F.C. National Bucharest     28  17   5   6  53  29  56</p>
<p> Dinamo Bucharest		28  15   5   8  46  25  50</p>
<p> Otelul Galati		   28  13   6   9  40  36  45</p>
<p> F.C. Arges Dacia Pitesti    28  11   8   9  36  30  41</p>
<p> Ceahlaul Piatra Neamt	 28  11   7  10  41  38  40</p>
<p> FCM Bacau			 28  12   4  12  34  37  40</p>
<p> Rapid Bucharest		 28  10   7  11  38  37  37</p>
<p> Universitatea Cluj	    28  11   4  13  49  51  37</p>
<p> Gloria Bistrita		 28  11   4  13  38  42  37</p>
<p> F.C. Chindia Tirgoviste     28  11   4  13  28  37  37</p>
<p> Jiul Petrosani		  28  11   4  13  31  53  37</p>
<p> Universitatea Craiova	 28   9   8  11  30  33  35</p>
<p> F.C. Petrolul Ploiesti	28   9   7  12  39  43  34</p>
<p> Sportul Studentesc	    28  10   4  14  29  39  34</p>
<p> F.C. Farul Constanta	  28   9   6  13  35  39  33</p>
<p> Politehnica Timisoara	 28   8   5  15  37  48  29</p>
<p> F.C. Brasov		     28   6   5  17  31  49  23</p>
</text>
<copyright>(c) Reuters Limited 1997</copyright>
<metadata>
<codes class="bip:countries:1.0">
  <code code="ROM">
    <editdetail attribution="Reuters BIP Coding Group" action="confirmed" date="1997-05-04"/>
  </code>
</codes>
<codes class="bip:topics:1.0">
  <code code="GCAT">
    <editdetail attribution="Reuters BIP Coding Group" action="confirmed" date="1997-05-04"/>
  </code>
  <code code="GSPO">
    <editdetail attribution="Reuters BIP Coding Group" action="confirmed" date="1997-05-04"/>
  </code>
</codes>
<dc element="dc.date.created" value="1997-05-04"/>
<dc element="dc.publisher" value="Reuters Holdings Plc"/>
<dc element="dc.date.published" value="1997-05-04"/>
<dc element="dc.source" value="Reuters"/>
<dc element="dc.creator.location" value="BUCHAREST"/>
<dc element="dc.creator.location.country.name" value="ROMANIA"/>
<dc element="dc.source" value="Reuters"/>
</metadata>
</newsitem>
