<?xml version="1.0" encoding="iso-8859-1" ?>
<newsitem itemid="558236" id="root" date="1997-05-04" xml:lang="en">
<title>RUSSIA: BASKETBALL-CSKA VICTORIOUS IN RUSSIAN CHAMPIONSHIP.</title>
<headline>BASKETBALL-CSKA VICTORIOUS IN RUSSIAN CHAMPIONSHIP.</headline>
<dateline>MOSCOW 1997-05-04</dateline>
<text>
<p>CSKA Moscow clinched the Russian basketball championship on Sunday for the sixth consecutive season, beating Avtodor Saratov 103-93 in their fifth and final play-off.</p>
<p>Avatador, who overcame bitter CSKA objections to stage play-off games at their tiny arena in Saratov, had levelled the series to 2-2 on Friday when they beat CSKA in the fourth game.</p>
<p>CSKA has now earned a place in the Euro-League next season.</p>
<p>In a surprise result, Samara won third place by beating Dynamo Moscow in their fifth play-off 76-74.</p>
</text>
<copyright>(c) Reuters Limited 1997</copyright>
<metadata>
<codes class="bip:countries:1.0">
  <code code="RUSS">
    <editdetail attribution="Reuters BIP Coding Group" action="confirmed" date="1997-05-04"/>
  </code>
</codes>
<codes class="bip:topics:1.0">
  <code code="GCAT">
    <editdetail attribution="Reuters BIP Coding Group" action="confirmed" date="1997-05-04"/>
  </code>
  <code code="GSPO">
    <editdetail attribution="Reuters BIP Coding Group" action="confirmed" date="1997-05-04"/>
  </code>
</codes>
<dc element="dc.date.created" value="1997-05-04"/>
<dc element="dc.publisher" value="Reuters Holdings Plc"/>
<dc element="dc.date.published" value="1997-05-04"/>
<dc element="dc.source" value="Reuters"/>
<dc element="dc.creator.location" value="MOSCOW"/>
<dc element="dc.creator.location.country.name" value="RUSSIA"/>
<dc element="dc.source" value="Reuters"/>
</metadata>
</newsitem>
