<?xml version="1.0" encoding="iso-8859-1" ?>
<newsitem itemid="558212" id="root" date="1997-05-04" xml:lang="en">
<title>UK: BOXING-TIME FOR PRINCE NASEEM TO HEAD WEST.</title>
<headline>BOXING-TIME FOR PRINCE NASEEM TO HEAD WEST.</headline>
<byline>Gideon Long</byline>
<dateline>MANCHESTER, England 1997-05-04</dateline>
<text>
<p>The flamboyant &quot;Prince&quot; Naseem Hamed has comprehensively conquered the featherweight division in his native Britain. Now he must look to the Americas.</p>
<p>Hamed's 93-second demolition of compatriot Billy Hardy on Saturday night in defence of his WBO and IBF featherweight titles was his 26th straight victory in what is becoming a remarkable career.</p>
<p>Twenty-four of those triumphs have been inside the distance -- 21 of them within the first six rounds.</p>
<p>But while his punching power, fluid movement in the ring, trademark leopard-skin shorts, celebratory somersaults and outspoken self-confidence have made &quot;Naz&quot; a big hit in Britain and in Yemen, the birthplace of his parents, he has still to truly make his mark on the rest of the world.</p>
<p>His impressive eighth round victory over American Tommy &quot;Boom Boom&quot; Johnson in February raised a few eyebrows in the United States but, although he has dealt uncompromisingly with everything thrown at him in Britain, the self-styled Prince has yet to fight overseas.</p>
<p>A challenge to WBA champion Wilfredo Vasquez of Puerto Rico -- possibly in a high-profile clash in Las Vegas later this year -- appears to be his next priority.</p>
<p>&quot;I'm ready for Vasquez, to bring some more belts home to (home town) Sheffield,&quot; Hamed said after Saturday's one-sided contest in which he twice knocked Hardy to the canvas.</p>
<p>&quot;I knew it would happen in the first round. Once I hit him with this amazing power that Allah, that God, gave me, it's untrue. You're going to get knocked out. Full stop.</p>
<p>&quot;You saw it for yourselves: the power, the accuracy, the skill. You can't test a gift from God.&quot;</p>
<p>Hamed can be sure that Vasquez will test that gift to the full, as will Luisito Espinoza of the Philippines, the current holder of the WBC featherweight belt.</p>
<p>But the Prince, still only 23, is determined to fulfil his dream of unifying all four belts before perhaps moving up a grade to join the super-featherweights.</p>
<p>The hapless Hardy, who Hamed only deigned to fight because he was forced to by the World Boxing Organisation (WBO), was left in no doubt the Prince could become king of the featherweight world.</p>
<p>&quot;He's got a kick like a mule...and I feel in my heart of hearts that he's going on to be the four-time champion because he's got that knock-out punch,&quot; the 32-year-old European champion said as he came to terms with his crushing defeat.</p>
<p>&quot;I honestly feel that he's got something special in his hands. If he can hit me like that he can unify anything.&quot;</p>
</text>
<copyright>(c) Reuters Limited 1997</copyright>
<metadata>
<codes class="bip:countries:1.0">
  <code code="UK">
    <editdetail attribution="Reuters BIP Coding Group" action="confirmed" date="1997-05-04"/>
  </code>
</codes>
<codes class="bip:topics:1.0">
  <code code="GCAT">
    <editdetail attribution="Reuters BIP Coding Group" action="confirmed" date="1997-05-04"/>
  </code>
  <code code="GSPO">
    <editdetail attribution="Reuters BIP Coding Group" action="confirmed" date="1997-05-04"/>
  </code>
</codes>
<dc element="dc.date.created" value="1997-05-04"/>
<dc element="dc.publisher" value="Reuters Holdings Plc"/>
<dc element="dc.date.published" value="1997-05-04"/>
<dc element="dc.source" value="Reuters"/>
<dc element="dc.creator.location" value="MANCHESTER, England"/>
<dc element="dc.creator.location.country.name" value="UK"/>
<dc element="dc.source" value="Reuters"/>
</metadata>
</newsitem>
