<?xml version="1.0" encoding="iso-8859-1" ?>
<newsitem itemid="558279" id="root" date="1997-05-04" xml:lang="en">
<title>SPAIN: SOCCER-SUMMARIES IN THE SPANISH LEAGUE CHAMPIONSHIP.</title>
<headline>SOCCER-SUMMARIES IN THE SPANISH LEAGUE CHAMPIONSHIP.</headline>
<dateline>MADRID 1997-05-04</dateline>
<text>
<p>Summaries in the Spanish league</p>
<p>championship on Sunday:</p>
<p>Athletic Bilbao  0</p>
<p> Valladolid	 0</p>
<p>Attendance: 36,000.</p>
<p>- - - - - - - -</p>
<p> Hercules   1 - Sotero own goal 24</p>
<p> Logrones   0</p>
<p>HT: 1-0 Att: 20,000.</p>
<p>- - - - - - - -</p>
<p> Real Betis   0</p>
<p> Compostela   0</p>
<p>Att: 41,000.</p>
<p>- - - - - - - -</p>
<p>Rayo Vallecano  1 - Moreau 25</p>
<p> Tenerife	  2 - Angel Vivar Dorado 62, Antonio Pinilla 89</p>
<p>HT: 1-0 Att: 14,000.</p>
<p>- - - - - - - -</p>
<p> Oviedo     1 - Oli Alvarez 75</p>
<p> Zaragoza   0</p>
<p>HT: 0-0 Att: 19,000.</p>
<p>- - - - - - - -</p>
<p>Racing Santander  1 - Jesus Merino 15</p>
<p> Atletico Madrid   1 - Jose Luis Caminero 35</p>
<p>HT: 1-1 Att: 15,000.</p>
<p>- - - - - - - -</p>
<p> Real Madrid     3 - Davor Suker 38, 70, Roberto Carlos 62</p>
<p>Sporting Gijon  1 - Cherisev 9</p>
<p>HT: 1-1 Att: 100,000 Red cards: Igor Lediakhov (SG) 85,</p>
<p>Miguel Montes (SG coach) 86, Fernando Giner (SG substitute) 86.</p>
<p>- - - - - - - -</p>
<p> Espanyol	  3 - Nicolas Ouedec pen 43, Moises Arteaga 52,</p>
<p>68</p>
<p> Real Sociedad   0</p>
<p>HT: 1-0  Att: 22,000 Red cards: Hakan Mild (RS) 63, Xabier</p>
<p>Gracia (71).</p>
<p>- - - - - - - -</p>
<p> Celta Vigo   1 - Vladimir Gudelj 2</p>
<p> Valencia     1 - Leandro 48</p>
<p>HT: 0-1  Att: 18,000.</p>
<p>- - - - - - - - -</p>
<p>Played Saturday:</p>
<p>Deportivo Coruna  3 - Rivaldo 18, pen 77, Javier Manjarin 80</p>
<p> Sevilla	     0</p>
<p>HT: 1-0  Attendance: 20,000.</p>
</text>
<copyright>(c) Reuters Limited 1997</copyright>
<metadata>
<codes class="bip:countries:1.0">
  <code code="SPAIN">
    <editdetail attribution="Reuters BIP Coding Group" action="confirmed" date="1997-05-04"/>
  </code>
</codes>
<codes class="bip:topics:1.0">
  <code code="GCAT">
    <editdetail attribution="Reuters BIP Coding Group" action="confirmed" date="1997-05-04"/>
  </code>
  <code code="GSPO">
    <editdetail attribution="Reuters BIP Coding Group" action="confirmed" date="1997-05-04"/>
  </code>
</codes>
<dc element="dc.date.created" value="1997-05-04"/>
<dc element="dc.publisher" value="Reuters Holdings Plc"/>
<dc element="dc.date.published" value="1997-05-04"/>
<dc element="dc.source" value="Reuters"/>
<dc element="dc.creator.location" value="MADRID"/>
<dc element="dc.creator.location.country.name" value="SPAIN"/>
<dc element="dc.source" value="Reuters"/>
</metadata>
</newsitem>
