<?xml version="1.0" encoding="iso-8859-1" ?>
<newsitem itemid="558292" id="root" date="1997-05-04" xml:lang="en">
<title>GERMANY: SOCCER SHOWCASE-1860 MUNICH 3 BAYERN MUNICH 3 - RESULT.</title>
<headline>SOCCER SHOWCASE-1860 MUNICH 3 BAYERN MUNICH 3 - RESULT.</headline>
<dateline>MUNICH, Germany 1997-05-04</dateline>
<text>
<p>1860 Munich and Bayern Munich drew 3-3 (halftime 2-1) in a Bundesliga match in the Olympic Stadium on Sunday.</p>
<p>Scorers:</p>
<p>1860 - Horst Heldt 15, 18, Joerg Boehme 82</p>
<p>Bayern - Juergen Klinsmann 45, Mehmet Scholl 59, Carsten Jancker 88</p>
<p>Attendance: 69,000</p>
<p>Red Cards: Christian Ziege (B) 71, Lothar Matthaeus (B) 84</p>
<p>Teams:</p>
<p>1860 - 12-Rainer Berg; 6-Bernhard Trares; 4-Marco Walker, 7-Horst Heldt (19-Abedi Pele 65), 15-Holger Greilich, 22-Matthias Hamann; 10-Peter Nowak, 20-Miroslav Stevic (17-Daniel Borimirov 76), 33-Manfred Bender (23-Joerg Boehme 82); 13-Harald Cerny, 9-Olaf Bodden.</p>
<p>Bayern - 1-Oliver Kahn; 10-Lothar Matthaeus; 2-Markus Babbel, 5-Thomas Helmer, 17-Christian Ziege, 16-Dietmar Hamann (7-Mehmet Scholl 46); 6-Christian Nerlinger, 8-Thomas Strunz, 21-Alexander Zickler; 20-Ruggiero Rizzitelli (3-Markus Muench 74), 18-Juergen Klinsmann (19-Carsten Jancker 70)</p>
</text>
<copyright>(c) Reuters Limited 1997</copyright>
<metadata>
<codes class="bip:countries:1.0">
  <code code="GFR">
    <editdetail attribution="Reuters BIP Coding Group" action="confirmed" date="1997-05-04"/>
  </code>
</codes>
<codes class="bip:topics:1.0">
  <code code="GCAT">
    <editdetail attribution="Reuters BIP Coding Group" action="confirmed" date="1997-05-04"/>
  </code>
  <code code="GSPO">
    <editdetail attribution="Reuters BIP Coding Group" action="confirmed" date="1997-05-04"/>
  </code>
</codes>
<dc element="dc.date.created" value="1997-05-04"/>
<dc element="dc.publisher" value="Reuters Holdings Plc"/>
<dc element="dc.date.published" value="1997-05-04"/>
<dc element="dc.source" value="Reuters"/>
<dc element="dc.creator.location" value="MUNICH, Germany"/>
<dc element="dc.creator.location.country.name" value="GERMANY"/>
<dc element="dc.source" value="Reuters"/>
</metadata>
</newsitem>
