<?xml version="1.0" encoding="iso-8859-1" ?>
<newsitem itemid="558254" id="root" date="1997-05-04" xml:lang="en">
<title>JAPAN: SOCCER-JAPANESE J-LEAGUE RESULTS.</title>
<headline>SOCCER-JAPANESE J-LEAGUE RESULTS.</headline>
<text>
<p>TOKYO, May 4 (Reuter) Results of Japanese J-League soccer</p>
<p>matches on Sunday:</p>
<p> Kashima    0  Kashiwa   4</p>
<p> Osaka C    0  Osaka G   2</p>
<p> Nagoya     0  Iwata     2</p>
<p> Kobe	 0  Urawa     2</p>
<p> Shimizu    2  Ichiara   1</p>
<p> Hiroshima  1  Kyoto     0</p>
<p> Fukuoka    1  Kawasaki  2</p>
</text>
<copyright>(c) Reuters Limited 1997</copyright>
<metadata>
<codes class="bip:countries:1.0">
  <code code="JAP">
    <editdetail attribution="Reuters BIP Coding Group" action="confirmed" date="1997-05-04"/>
  </code>
</codes>
<codes class="bip:topics:1.0">
  <code code="GCAT">
    <editdetail attribution="Reuters BIP Coding Group" action="confirmed" date="1997-05-04"/>
  </code>
  <code code="GSPO">
    <editdetail attribution="Reuters BIP Coding Group" action="confirmed" date="1997-05-04"/>
  </code>
</codes>
<dc element="dc.publisher" value="Reuters Holdings Plc"/>
<dc element="dc.date.published" value="1997-05-04"/>
<dc element="dc.source" value="Reuters"/>
<dc element="dc.creator.location.country.name" value="JAPAN"/>
<dc element="dc.source" value="Reuters"/>
</metadata>
</newsitem>
