<?xml version="1.0" encoding="iso-8859-1" ?>
<newsitem itemid="558290" id="root" date="1997-05-04" xml:lang="en">
<title>SPAIN: SOCCER-SUKER DOUBLE-STRIKE HELPS REAL FORGET PROBLEMS.</title>
<headline>SOCCER-SUKER DOUBLE-STRIKE HELPS REAL FORGET PROBLEMS.</headline>
<dateline>MADRID 1997-05-04</dateline>
<text>
<p>Real Madrid shook off their internal problems and an early goal from Sporting Gijon to score a convincing 3-1 Spanish league win on Sunday.</p>
<p>Davor Suker ended his goal drought to find the net twice, and set-piece specialist Roberto Carlos thundered home another as Real took a provisional 11-point lead over Barcelona, who play on Monday.</p>
<p>Throughout the game Real fans shouted insults at coach Fabio Capello, who five days earlier had announced his decision to leave the club at the end of the season.</p>
<p>Most other games in the Spanish championship kicked off an hour later.</p>
</text>
<copyright>(c) Reuters Limited 1997</copyright>
<metadata>
<codes class="bip:countries:1.0">
  <code code="SPAIN">
    <editdetail attribution="Reuters BIP Coding Group" action="confirmed" date="1997-05-04"/>
  </code>
</codes>
<codes class="bip:topics:1.0">
  <code code="GCAT">
    <editdetail attribution="Reuters BIP Coding Group" action="confirmed" date="1997-05-04"/>
  </code>
  <code code="GSPO">
    <editdetail attribution="Reuters BIP Coding Group" action="confirmed" date="1997-05-04"/>
  </code>
</codes>
<dc element="dc.date.created" value="1997-05-04"/>
<dc element="dc.publisher" value="Reuters Holdings Plc"/>
<dc element="dc.date.published" value="1997-05-04"/>
<dc element="dc.source" value="Reuters"/>
<dc element="dc.creator.location" value="MADRID"/>
<dc element="dc.creator.location.country.name" value="SPAIN"/>
<dc element="dc.source" value="Reuters"/>
</metadata>
</newsitem>
