<?xml version="1.0" encoding="iso-8859-1" ?>
<newsitem itemid="558270" id="root" date="1997-05-04" xml:lang="en">
<title>USA: TENNIS-STOLTENBERG, FILIPPINI REACH AT&amp;T CHALLENGE FINAL.</title>
<headline>TENNIS-STOLTENBERG, FILIPPINI REACH AT&amp;T CHALLENGE FINAL.</headline>
<dateline>ATLANTA, Georgia 1997-05-03</dateline>
<text>
<p>Seventh seed Jason Stoltenberg avoided the fate of his fellow seeds by holding off upset-minded Swede Magnus Norman to reach the final of the AT&amp;T Challenge against Marcelo Filippini of Uruguay.</p>
<p>Norman had picked off the highest remaining seed in his two previous matches, but failed in his bid for a hat trick as the seventh-seeded Australian prevailed 6-4 5-7 6-3 in two hours and 13 minutes.</p>
<p>Filippini, ranked 92nd in the world, upset eighth-seeded American Chris Woodruff 7-5 3-6 6-4 in the longest match of the tournament at two hours and 22 minutes.</p>
<p>In a tournament that featured American stars Michael Chang, Jim Courier and Andre Agassi, organisers are surely shocked by a Stoltenberg-Filippini final. But the top six seeds were eliminated before the semifinals, with 81st-ranked Norman taking care of Agassi (4) and Petr Korda (5).</p>
<p>Stoltenberg took advantage of Norman's relative inexperience, using his penetrating forehand to score key breaks in winning the first set.</p>
<p>Norman, 20 and cooly confident, rebounded from a 1-3 deficit to take the second set 7-5 when Stoltenberg made a rare forehand error.</p>
<p>Stoltenberg, winner of two career clay titles in the United States, regained the edge in the third set, winning the match by breaking Norman with a backhand return up the line.</p>
<p>&quot;It was an up and down match but I'm proud of the way I hung in there,&quot; Stoltenberg said.</p>
<p>&quot;I gutsed it out and that's exactly what I needed at this stage of my comeback,&quot; added Stoltenberg, who had wrist surgery in January.</p>
<p>Woodruff's fortunes turned at 4-4 in the first set when a drop shot bounced on the netcord and fell back on his side, wiping out a break point and a chance to serve for the set.</p>
<p>Instead it was Filippini, hitting consistently from the baseline, who broke for the set at 7-5.</p>
<p>Woodruff got a quick break at the start of the second set and seemed to take charge, breaking Filippini again to level the match.</p>
<p>The American grabbed a 2-1 in the third set before suddenly losing focus in strong winds and changing light conditions as the sun appeared and disappeared beind clouds.</p>
<p>Filippini won 12 straight points to take a 4-2 lead before Woodruff recovered, but it was too late to salvage the match.</p>
<p>Woodruff saved two match points at 5-3, but Filippini made good on the third with a backhand winner up the line.</p>
<p>&quot;Between 2-1 in the third set and the end of the match I stopped complaining about the wind and started concentrating more,&quot; said Filippini, who will go for his fourth career title on clay Sunday.</p>
<p>Woodruff refused to blame his lapses on the difficult conditions. &quot;The problems were more in my head than anything else,&quot; he said.</p>
<p>&quot;It took me a while to believe I could play with a true clay courter. I got off to a bad start and I was hanging in there after that.&quot;</p>
</text>
<copyright>(c) Reuters Limited 1997</copyright>
<metadata>
<codes class="bip:countries:1.0">
  <code code="AUSTR">
    <editdetail attribution="Reuters BIP Coding Group" action="confirmed" date="1997-05-04"/>
  </code>
  <code code="SWED">
    <editdetail attribution="Reuters BIP Coding Group" action="confirmed" date="1997-05-04"/>
  </code>
  <code code="URU">
    <editdetail attribution="Reuters BIP Coding Group" action="confirmed" date="1997-05-04"/>
  </code>
  <code code="USA">
    <editdetail attribution="Reuters BIP Coding Group" action="confirmed" date="1997-05-04"/>
  </code>
</codes>
<codes class="bip:topics:1.0">
  <code code="GCAT">
    <editdetail attribution="Reuters BIP Coding Group" action="confirmed" date="1997-05-04"/>
  </code>
  <code code="GSPO">
    <editdetail attribution="Reuters BIP Coding Group" action="confirmed" date="1997-05-04"/>
  </code>
</codes>
<dc element="dc.date.created" value="1997-05-03"/>
<dc element="dc.publisher" value="Reuters Holdings Plc"/>
<dc element="dc.date.published" value="1997-05-04"/>
<dc element="dc.source" value="Reuters"/>
<dc element="dc.creator.location" value="ATLANTA, Georgia"/>
<dc element="dc.creator.location.country.name" value="USA"/>
<dc element="dc.source" value="Reuters"/>
</metadata>
</newsitem>
