<?xml version="1.0" encoding="iso-8859-1" ?>
<newsitem itemid="558250" id="root" date="1997-05-04" xml:lang="en">
<title>AUSTRALIA: RUGBY LEAGUE-AUSTRALIAN SUPER LEAGUE RESULTS/STANDINGS.</title>
<headline>RUGBY LEAGUE-AUSTRALIAN SUPER LEAGUE RESULTS/STANDINGS.</headline>
<dateline>SYDNEY 1997-05-04</dateline>
<text>
<p>Results of Australian Super</p>
<p>League rugby league matches played at the weekend:</p>
<p>Played Sunday:</p>
<p> Perth     35  Penrith	     20</p>
<p> Auckland  18  Brisbane	    34</p>
<p>Played Friday:</p>
<p>Adelaide  14  North Queensland  14</p>
<p>    Standings	 P    W    D    L    F     A    Pts</p>
<p> Brisbane	    10    9    0    1   262   137    18</p>
<p> Penrith	     10    6    0    4   253   214    12</p>
<p> Cronulla	     9    5    0    4   165   127    10</p>
<p> Canterbury	   9    5    0    4   194   191    10</p>
<p> Perth		 10    5    0    5   183   208    10</p>
<p> Adelaide	    10    4    1    5   167   192     9</p>
<p> Canberra	     9    4    0    5   198   210     8</p>
<p> North Queensland  10    3    1    6   162   233     7</p>
<p> Hunter Mariners    9    3    0    6   166   164     6</p>
<p> Auckland	    10    3    0    7   161   236     6</p>
</text>
<copyright>(c) Reuters Limited 1997</copyright>
<metadata>
<codes class="bip:countries:1.0">
  <code code="AUSTR">
    <editdetail attribution="Reuters BIP Coding Group" action="confirmed" date="1997-05-04"/>
  </code>
  <code code="NZ">
    <editdetail attribution="Reuters BIP Coding Group" action="confirmed" date="1997-05-04"/>
  </code>
</codes>
<codes class="bip:topics:1.0">
  <code code="GCAT">
    <editdetail attribution="Reuters BIP Coding Group" action="confirmed" date="1997-05-04"/>
  </code>
  <code code="GSPO">
    <editdetail attribution="Reuters BIP Coding Group" action="confirmed" date="1997-05-04"/>
  </code>
</codes>
<dc element="dc.date.created" value="1997-05-04"/>
<dc element="dc.publisher" value="Reuters Holdings Plc"/>
<dc element="dc.date.published" value="1997-05-04"/>
<dc element="dc.source" value="Reuters"/>
<dc element="dc.creator.location" value="SYDNEY"/>
<dc element="dc.creator.location.country.name" value="AUSTRALIA"/>
<dc element="dc.source" value="Reuters"/>
</metadata>
</newsitem>
