<?xml version="1.0" encoding="iso-8859-1" ?>
<newsitem itemid="558226" id="root" date="1997-05-04" xml:lang="en">
<title>UK: SOCCER-ENGLISH FIRST DIVISION RESULTS/FINAL STANDINGS.</title>
<headline>SOCCER-ENGLISH FIRST DIVISION RESULTS/FINAL STANDINGS.</headline>
<dateline>LONDON 1997-05-04</dateline>
<text>
<p>Results of English first division</p>
<p>soccer matches on Sunday:</p>
<p> Bradford		 3  Queens Park Rangers  0</p>
<p> Charlton		 0  Sheffield United     0</p>
<p> Crystal Palace	 1  Port Vale		1</p>
<p> Grimsby		  4  Southend		 0</p>
<p> Huddersfield	   0  Swindon		  0</p>
<p> Ipswich		  1  Birmingham	     1</p>
<p> Oldham		   3  Norwich		  0</p>
<p> Oxford		   5  Barnsley		 1</p>
<p> Stoke		    2  West Bromwich	  1</p>
<p> Tranmere		 2  Bolton		   2</p>
<p> Wolverhampton	  0  Portsmouth	     1</p>
<p>Played Saturday:</p>
<p> Manchester City	3 Reading		   2</p>
<p>    Final standings	   P  W  D  L   F   A   Pts</p>
<p>  1.Bolton		     46 28 14  4  100  53   98</p>
<p>  2.Barnsley		   46 22 14 10   76  55   80</p>
<p>  3.Wolverhampton	    46 22 10 14   68  51   76</p>
<p>  4.Ipswich		    46 20 14 12   68  50   74</p>
<p>  5.Sheffield United	 46 20 13 13   75  52   73</p>
<p>  6.Crystal Palace	   46 19 14 13   78  48   71</p>
<p>  7.Portsmouth		 46 20  8 18   59  53   68</p>
<p>  8.Port Vale		  46 17 16 13   58  55   67</p>
<p>  9.Queens Park Rangers    46 18 12 16   64  60   66</p>
<p> 10.Birmingham		 46 17 15 14   52  48   66</p>
<p> 11.Tranmere		   46 17 14 15   63  56   65</p>
<p> 12.Stoke			46 18 10 18   51  57   64</p>
<p> 13.Norwich		    46 17 12 17   63  68   63</p>
<p> 14.Manchester City	  46 17 10 19   59  60   61</p>
<p> 15.Charlton		   46 16 11 19   52  66   59</p>
<p> 16.West Bromwich	    46 14 15 17   68  72   57</p>
<p> 17.Oxford		     46 16  9 21   64  68   57</p>
<p> 18.Reading		    46 15 12 19   58  67   57</p>
<p> 19.Swindon		    46 15  9 22   52  71   54</p>
<p> 20.Huddersfield	     46 13 15 18   48  61   54</p>
<p> 21.Bradford		   46 12 12 22   47  72   48</p>
<p> 22.Grimsby		    46 11 13 22   60  81   46</p>
<p> 23.Oldham		     46 10 13 23   51  66   43</p>
<p> 24.Southend		   46  8 15 23   42  86   39</p>
</text>
<copyright>(c) Reuters Limited 1997</copyright>
<metadata>
<codes class="bip:countries:1.0">
  <code code="UK">
    <editdetail attribution="Reuters BIP Coding Group" action="confirmed" date="1997-05-04"/>
  </code>
</codes>
<codes class="bip:topics:1.0">
  <code code="GCAT">
    <editdetail attribution="Reuters BIP Coding Group" action="confirmed" date="1997-05-04"/>
  </code>
  <code code="GSPO">
    <editdetail attribution="Reuters BIP Coding Group" action="confirmed" date="1997-05-04"/>
  </code>
</codes>
<dc element="dc.date.created" value="1997-05-04"/>
<dc element="dc.publisher" value="Reuters Holdings Plc"/>
<dc element="dc.date.published" value="1997-05-04"/>
<dc element="dc.source" value="Reuters"/>
<dc element="dc.creator.location" value="LONDON"/>
<dc element="dc.creator.location.country.name" value="UK"/>
<dc element="dc.source" value="Reuters"/>
</metadata>
</newsitem>
