<?xml version="1.0" encoding="iso-8859-1" ?>
<newsitem itemid="558324" id="root" date="1997-05-04" xml:lang="en">
<title>UK: Labor government pledges high-skill economy.</title>
<headline>Labor government pledges high-skill economy.</headline>
<byline>Mike Peacock</byline>
<dateline>LONDON</dateline>
<text>
<p>Britain's new Labour government pledged Sunday to build a &quot;high-skill, high-investment&quot; economy and establish new partnerships with business.</p>
<p>In an open letter to thousands of firms throughout the country, Trade and Industry Secretary Margaret Beckett said she wanted her department &quot;to build a real partnership with every part of industry, so our businesses can prosper and thrive.&quot;</p>
<p>&quot;This means building a high-investment, high-skill, sustainable economy through open and competitive markets at home and abroad,&quot; she said.</p>
<p>&quot;Before we came to power, we consulted extensively with all sectors of the business community. Now that we are in government we shall build on that consultation, working closely with Britain's entrepreneurs.&quot;</p>
<p>Under reformist leader Tony Blair, Labour worked hard to win the trust of British business and the City of London financial district and convince them that it was committed to prudent economic policies. It succeeded to a remarkable extent, winning open support from some top executives.</p>
<p>London's stock and bond markets rallied on Friday after Blair's landslide election win on Thursday, reflecting the fact that markets have also largely lost their fear of the Labour Party, once known for its close ties to unions and socialists.</p>
<p>Beckett's letter promised particular help for Britain's exporters, who are struggling with a strong pound that has made their goods much more expensive abroad.</p>
<p>&quot;We are particularly keen to work in partnership with Britain's exporters and to expand the number of companies, small and large, who are exporting,&quot; she said.</p>
<p>The Labour government's policies on the European Union would also be tailored to British business needs, including a drive to complete the bloc's Single Market, giving British manufacturers open access to all corners of the EU market.</p>
<p>&quot;We need to give Britain new leadership and to drive for the early completion of the Single Market,&quot; Beckett said.</p>
<p>Turning to two key Labour policies business leaders are suspicious of, Beckett confirmed Labour's commitment to a minimum wage and signing up to the European Union Social Chapter, which guarantees minimum employment rights.</p>
<p>She said these would be positive for industry, helping to foster good labour relations.</p>
<p>&quot;In our high-skill economy, I want us to have the benefits of stable and cooperative relations between employees and employers. The Social Chapter and the national minimum wage are tools we should use to help us achieve this,&quot; she said.</p>
<p>On Friday, employer groups such as the Confederation of British Industry and British Chambers of Commerce congratulated the party on its victory but voiced concerns about the level of the minimum wage, the Social Chapter and Labour's planned windfall tax on privatised utilities.</p>
<p>Beckett's letter also promised a &quot;simple, helpful and fair&quot; regulation structure and pledged to introduce a regional support scheme to give small firms a helping hand.</p>
<p>&quot;At home, where small and growing firms are the bedrock of a successful enterprise economy, we shall improve the quality of our support in the regions,&quot; she said.</p>
<p>&quot;We have already started discussions with organisations representing small business and with some local authorities about cutting red tape and encouraging enterprise.&quot;</p>
<p>All this would create a dynamic environment in which enterpreneurs could look to the future with confidence, she said. &quot;Britain is a great place to do business and the best base from which to compete internationally.&quot;</p>
</text>
<copyright>(c) Reuters Limited 1997</copyright>
<metadata>
<codes class="bip:countries:1.0">
  <code code="UK">
    <editdetail attribution="Reuters BIP Coding Group" action="confirmed" date="1997-05-04"/>
  </code>
</codes>
<codes class="bip:topics:1.0">
  <code code="E12">
    <editdetail attribution="Reuters BIP Coding Group" action="confirmed" date="1997-05-04"/>
  </code>
  <code code="ECAT">
    <editdetail attribution="Reuters BIP Coding Group" action="confirmed" date="1997-05-04"/>
  </code>
  <code code="GCAT">
    <editdetail attribution="Reuters BIP Coding Group" action="confirmed" date="1997-05-04"/>
  </code>
  <code code="GPOL">
    <editdetail attribution="Reuters BIP Coding Group" action="confirmed" date="1997-05-04"/>
  </code>
</codes>
<dc element="dc.publisher" value="Reuters Holdings Plc"/>
<dc element="dc.date.published" value="1997-05-04"/>
<dc element="dc.source" value="Reuters"/>
<dc element="dc.creator.location" value="LONDON"/>
<dc element="dc.creator.location.country.name" value="UK"/>
<dc element="dc.source" value="Reuters"/>
</metadata>
</newsitem>
