<?xml version="1.0" encoding="iso-8859-1" ?>
<newsitem itemid="558380" id="root" date="1997-05-04" xml:lang="en">
<title>UK: GOVERNMENT LIST.</title>
<headline>GOVERNMENT LIST.</headline>
<text>
<p>UNITED KINGDOM GOVERNMENT LIST (970503)</p>
<p> Head of State...............Queen ELIZABETH II</p>
<p>				- - - - - - - -</p>
<p>LABOUR PARTY GOVERNMENT (Formed 2 May 97)</p>
<p> Prime Minister.....................................Tony BLAIR</p>
<p>(Also First Lord of the Treasury &amp; Minister for</p>
<p>the Civil Service)</p>
<p> Deputy Prime Minister...........................John PRESCOTT</p>
<p>(With extra responsibilities for Environment,</p>
<p> Transport and regional policy)</p>
<p> Lord Chancellor..........................Lord IRVINE of Lairg</p>
<p>				- - - - - - - -</p>
<p>MINISTERS (announced so far)</p>
<p> Chancellor of the Exchequer</p>
<p>    (Finance Minister)............................Gordon BROWN</p>
<p> Defence Secretary............................George ROBERTSON</p>
<p> Education &amp; Employment Secretary...............David BLUNKETT</p>
<p> Foreign &amp; Commonwealth Affairs Secretary...........Robin COOK</p>
<p> Home Secretary (Interior Minister).................Jack STRAW</p>
<p> Northern Ireland Secretary...............Marjorie &quot;Mo&quot; MOWLAM</p>
<p> Overseas Development Minister.....................Clare SHORT</p>
<p> President of the Board of Trade</p>
<p>    (Trade Secretary).........................Margaret BECKETT</p>
<p> Scottish Secretary...............................Donald DEWAR</p>
<p> Social Security Secretary......................Harriet HARMAN</p>
<p> Welsh Secretary....................................Ron DAVIES</p>
<p>				- - - - - - - -</p>
<p> Leader of the House of Commons</p>
<p>(lower house).......................................Ann TAYLOR</p>
<p> Speaker of the House of Commons...............Betty BOOTHROYD</p>
<p>				- - - - - - - -</p>
<p> Bank of England (Central Bank) Governor..........Eddie GEORGE</p>
<p>				- - - - - - - -</p>
<p>	 NOTE: Any comments/queries on the content of this</p>
<p>		 government list, please contact the Reuter</p>
<p>		 Editorial Reference Unit, London, on (171) 542</p>
<p>		 7968.</p>
<p>			   (End Government List)</p>
</text>
<copyright>(c) Reuters Limited 1997</copyright>
<metadata>
<codes class="bip:countries:1.0">
  <code code="UK">
    <editdetail attribution="Reuters BIP Coding Group" action="confirmed" date="1997-05-04"/>
  </code>
</codes>
<codes class="bip:topics:1.0">
  <code code="GCAT">
    <editdetail attribution="Reuters BIP Coding Group" action="confirmed" date="1997-05-04"/>
  </code>
  <code code="GPOL">
    <editdetail attribution="Reuters BIP Coding Group" action="confirmed" date="1997-05-04"/>
  </code>
</codes>
<dc element="dc.publisher" value="Reuters Holdings Plc"/>
<dc element="dc.date.published" value="1997-05-04"/>
<dc element="dc.source" value="Reuters"/>
<dc element="dc.creator.location.country.name" value="UK"/>
<dc element="dc.source" value="Reuters"/>
</metadata>
</newsitem>
