<?xml version="1.0" encoding="iso-8859-1" ?>
<newsitem itemid="558345" id="root" date="1997-05-04" xml:lang="en">
<title>UK: Robertson to be new British defence secretary.</title>
<headline>Robertson to be new British defence secretary.</headline>
<dateline>LONDON 1997-05-03</dateline>
<text>
<p>Scotsman George Robertson will be named as Britain's new defence secretary, official sources said on Saturday.</p>
<p>The announcement came as something of a surprise, for Robertson had been the Labour party's Scottish affairs spokesman before the May 1 election. There was no immediate news of what would happen to David Clark, who had been the party's defence spokesman.  </p>
<p>Robertson's time in charge of the Scottish portfolio was marred by abrupt policy changes.</p>
<p>But he was seen as a more impressive performer than Clark, widely regarded as being at risk when Prime Minister Tony Blair handed out cabinet posts.</p>
<p>Robertson had been tipped for a senior job and his move from Scottish affairs was inevitable after Donald Dewar, Labour's parliamentary manager up to the election, was given the Scottish office and the job of piloting laws to devolve power to Scotland through parliament.</p>
</text>
<copyright>(c) Reuters Limited 1997</copyright>
<metadata>
<codes class="bip:countries:1.0">
  <code code="UK">
    <editdetail attribution="Reuters BIP Coding Group" action="confirmed" date="1997-05-04"/>
  </code>
</codes>
<codes class="bip:topics:1.0">
  <code code="GCAT">
    <editdetail attribution="Reuters BIP Coding Group" action="confirmed" date="1997-05-04"/>
  </code>
  <code code="GPOL">
    <editdetail attribution="Reuters BIP Coding Group" action="confirmed" date="1997-05-04"/>
  </code>
</codes>
<dc element="dc.date.created" value="1997-05-03"/>
<dc element="dc.publisher" value="Reuters Holdings Plc"/>
<dc element="dc.date.published" value="1997-05-04"/>
<dc element="dc.source" value="Reuters"/>
<dc element="dc.creator.location" value="LONDON"/>
<dc element="dc.creator.location.country.name" value="UK"/>
<dc element="dc.source" value="Reuters"/>
</metadata>
</newsitem>
