<?xml version="1.0" encoding="iso-8859-1" ?>
<newsitem itemid="558397" id="root" date="1997-05-04" xml:lang="en">
<title>CONGO: New Zaire talks planned, rebels to fight on.</title>
<headline>New Zaire talks planned, rebels to fight on.</headline>
<dateline>ABOARD SAS OUTENIQUA, Congo 1997-05-04</dateline>
<text>
<p>Zaire's President Mobutu Sese Seko and rebel leader Laurent Kabila failed on Sunday to agree terms of Mobutu's departure but fresh talks were planned in up to 10 days, mediators said.</p>
<p>But Kabila told Reuters by telephone from the South African ship where the talks took place that his rebels would fight on while Mobutu considered their demand that he resign.</p>
<p>U.N. and Organisation of African Unity (OAU) special envoy Mohamed Sahnoun, reading a final communique, told a closing news conference that Mobutu had offered to hand over to an elected president.</p>
<p>Kabila, for his part, insisted that his rebel alliance should act as the transitional authority to organise elections, the communique said.</p>
<p>South African President Nelson Mandela told the news conference on the customised icebreaker SAS Outeniqua that the fresh round of talks would be to &quot;narrow the gap between the two parties&quot;.</p>
<p>Mandela, who hosted Sunday's meeting which lasted nearly an hour and a half, said Kabila had issued orders to his forces to stop advancing ahead of the talks but that this did not constitute a ceasefire.</p>
<p>&quot;The question of a ceasefire is not part of his (Kabila's) vocabulary. What he is concerned with is that negotiations will lead to the end of hostilities,&quot; he added.</p>
<p>Witnesses said Mobutu left the ship immediately after the closing news conference. Kabila aides said the rebel leader planned to return to Angola.</p>
<p>Kabila told Reuters that his forces, who took up arms in October and control three quarters of the sprawling nation at the heart of Africa, would fight on.</p>
<p>&quot;Mobutu has asked me to give him eight days while he considers our demand to resign. I have agreed to that request and we shall meet again on this same ship within the next eight days. But I have told him and the mediators that there will be no ceasefire while he considers our demands,&quot; he said.</p>
</text>
<copyright>(c) Reuters Limited 1997</copyright>
<metadata>
<codes class="bip:countries:1.0">
  <code code="CONGO">
    <editdetail attribution="Reuters BIP Coding Group" action="confirmed" date="1997-05-04"/>
  </code>
  <code code="SAFR">
    <editdetail attribution="Reuters BIP Coding Group" action="confirmed" date="1997-05-04"/>
  </code>
  <code code="ZAIRE">
    <editdetail attribution="Reuters BIP Coding Group" action="confirmed" date="1997-05-04"/>
  </code>
</codes>
<codes class="bip:topics:1.0">
  <code code="GCAT">
    <editdetail attribution="Reuters BIP Coding Group" action="confirmed" date="1997-05-04"/>
  </code>
  <code code="GDIP">
    <editdetail attribution="Reuters BIP Coding Group" action="confirmed" date="1997-05-04"/>
  </code>
  <code code="GVIO">
    <editdetail attribution="Reuters BIP Coding Group" action="confirmed" date="1997-05-04"/>
  </code>
</codes>
<dc element="dc.date.created" value="1997-05-04"/>
<dc element="dc.publisher" value="Reuters Holdings Plc"/>
<dc element="dc.date.published" value="1997-05-04"/>
<dc element="dc.source" value="Reuters"/>
<dc element="dc.creator.location" value="ABOARD SAS OUTENIQUA, Congo"/>
<dc element="dc.creator.location.country.name" value="CONGO"/>
<dc element="dc.source" value="Reuters"/>
</metadata>
</newsitem>
