<?xml version="1.0" encoding="iso-8859-1" ?>
<newsitem itemid="558378" id="root" date="1997-05-04" xml:lang="en">
<title>USA: Computer beats Kasparov in game two of re-match.</title>
<headline>Computer beats Kasparov in game two of re-match.</headline>
<dateline>NEW YORK 1997-05-04</dateline>
<text>
<p>The IBM supercomputer Deep Blue beat world chess champion Garry Kasparov on Sunday in the second game of their $1.1 million six-game re-match.</p>
<p>The Russian grandmaster resigned after Deep Blue's 45th move with the white pieces after some 3 hours and 42 minutes play. It was only the second time in history that a computer program had defeated a reigning world champion in a classical chess format in which games can last several hours.  </p>
<p>The first time was in February 1996 in Philadelphia when Deep Blue won the first game of the match, only to lose overall to Kasparov, considered by most experts to be the best player in the history of the ancient game.</p>
<p>The match is tied at one point each. One point is awarded for a win and a 1/2 point for a draw. Kasparov won with the white pieces on Saturday but was soundly defeated in the second game.</p>
<p>&quot;The computer played a terrific game,&quot; commentator and International Master Mike Valvo told hundreds of spectators who watched the game in a Manhattan office complex. &quot;It squeezed Kasparov in an annaconda type position.&quot;</p>
<p>Deep Blue, playing with the white pieces and the advantage of the first move, held its edge throughout a Ruy Lopez or Spanish opening, into a tight middle game in which it prevented the champion from manouvering out of trouble.  </p>
<p> 36. axb5		    axb5</p>
<p> 37. Be4		     Rxa2</p>
<p> 38. Qxa2		    Qd7</p>
<p> 39. Qa7		     Rc7</p>
<p> 40. Qb6		     Rb7</p>
<p> 41. Ra8+		    Kf7</p>
<p> 42. Qa6		     Qc7</p>
<p> 43. Qc6		     Qb6+</p>
<p> 44. Kf1		     Rb8</p>
<p> 45. Ra6		     Resigns</p>
</text>
<copyright>(c) Reuters Limited 1997</copyright>
<metadata>
<codes class="bip:countries:1.0">
  <code code="RUSS">
    <editdetail attribution="Reuters BIP Coding Group" action="confirmed" date="1997-05-04"/>
  </code>
  <code code="USA">
    <editdetail attribution="Reuters BIP Coding Group" action="confirmed" date="1997-05-04"/>
  </code>
</codes>
<codes class="bip:topics:1.0">
  <code code="GCAT">
    <editdetail attribution="Reuters BIP Coding Group" action="confirmed" date="1997-05-04"/>
  </code>
  <code code="GSPO">
    <editdetail attribution="Reuters BIP Coding Group" action="confirmed" date="1997-05-04"/>
  </code>
</codes>
<dc element="dc.date.created" value="1997-05-04"/>
<dc element="dc.publisher" value="Reuters Holdings Plc"/>
<dc element="dc.date.published" value="1997-05-04"/>
<dc element="dc.source" value="Reuters"/>
<dc element="dc.creator.location" value="NEW YORK"/>
<dc element="dc.creator.location.country.name" value="USA"/>
<dc element="dc.source" value="Reuters"/>
</metadata>
</newsitem>
