<?xml version="1.0" encoding="iso-8859-1" ?>
<newsitem itemid="558352" id="root" date="1997-05-04" xml:lang="en">
<title>UK: UK industry lobby group urges Blair to raise taxes.</title>
<headline>UK industry lobby group urges Blair to raise taxes.</headline>
<dateline>LONDON 1996-05-05</dateline>
<text>
<p>The head of a powerful British industry lobby group said on Monday new Prime Minister Tony Blair should prevent the country's economy from overheating by raising taxes rather than interest rates.</p>
<p>&quot;Some action will probably be needed soon to slow down the economy,&quot; Confederation of British Industry (CBI) director general Adair Turner wrote in the Financial Times.</p>
<p>&quot;The CBI prefers this to come via tax increases rather than through interest rate rises that could push sterling higher: those tax increases would also cut public borrowing, which is still too high.&quot;</p>
<p>The pound has risen almost 20 percent against the U.S. dollar since the middle of 1996 and British exporters say this is hurting them badly.</p>
<p>Before Labour's landslide election win last week Chancellor of the Exchequer Gordon Brown promised to announce an emergency budget within six weeks of victory. But a Labour source told the Financial Times that the budget could be put back until the end of July.</p>
<p>Analysts and government officials believed that a new tax rise of 10 billion pounds ($16 billion) was needed, the paper said.</p>
</text>
<copyright>(c) Reuters Limited 1997</copyright>
<metadata>
<codes class="bip:countries:1.0">
  <code code="UK">
    <editdetail attribution="Reuters BIP Coding Group" action="confirmed" date="1997-05-04"/>
  </code>
</codes>
<codes class="bip:topics:1.0">
  <code code="E12">
    <editdetail attribution="Reuters BIP Coding Group" action="confirmed" date="1997-05-04"/>
  </code>
  <code code="E21">
    <editdetail attribution="Reuters BIP Coding Group" action="confirmed" date="1997-05-04"/>
  </code>
  <code code="E211">
    <editdetail attribution="Reuters BIP Coding Group" action="confirmed" date="1997-05-04"/>
  </code>
  <code code="ECAT">
    <editdetail attribution="Reuters BIP Coding Group" action="confirmed" date="1997-05-04"/>
  </code>
  <code code="GCAT">
    <editdetail attribution="Reuters BIP Coding Group" action="confirmed" date="1997-05-04"/>
  </code>
  <code code="GPOL">
    <editdetail attribution="Reuters BIP Coding Group" action="confirmed" date="1997-05-04"/>
  </code>
</codes>
<dc element="dc.date.created" value="1996-05-05"/>
<dc element="dc.publisher" value="Reuters Holdings Plc"/>
<dc element="dc.date.published" value="1997-05-04"/>
<dc element="dc.source" value="Reuters"/>
<dc element="dc.creator.location" value="LONDON"/>
<dc element="dc.creator.location.country.name" value="UK"/>
<dc element="dc.source" value="Reuters"/>
</metadata>
</newsitem>
