<?xml version="1.0" encoding="iso-8859-1" ?>
<newsitem itemid="558385" id="root" date="1997-05-04" xml:lang="en">
<title>CANADA: Winnipeg suburb flooded but city's defense holds.</title>
<headline>Winnipeg suburb flooded but city's defense holds.</headline>
<byline>Cynthia Osterman</byline>
<dateline>WINNIPEG, Manitoba 1997-05-03</dateline>
<text>
<p>The swollen Red River flooded a village on the outskirts of Winnipeg on Saturday, destroying about 100 homes, but the water failed to breach the defenses protecting the heart of Manitoba's biggest city.</p>
<p>The upscale community of Grande Pointe, home to about 325 people on the southeast edge of Winnipeg, was the latest victim of the surging &quot;Red Sea&quot; that devastated North Dakota and southern Manitoba.</p>
<p>&quot;We spent the night shoring up the north dike. Six of us worked for the last 24 hours. We don't have enough sandbags,&quot; said exhausted Grande Pointe resident Claude Lemoine.</p>
<p>Despite the waters lapping at its flanks, Winnipeg, a city of 650,000, kept flooding at bay through a frantic campaign to strengthen dikes, erect sandbag barriers and pump water from areas where the defenses were leaking.</p>
<p>One trouble spot was a leaking dike near a sewage treatment plant on the city's south side. A city spokesman said on Saturday workers were trying to save the dike but that Canadian army engineers had given up hope. If it bursts, residents of the Fort Richmond neighborhood will be forced to evacuate.</p>
<p>The city's savior has been a massive 29-mile (47-km) ditch known as the Floodway that splits the Red River as it enters Winnipeg. It diverts the waters around the city and was built after a devastating 1950 flood forced 100,000 residents from their homes.</p>
<p>The city will not be able to claim victory until Tuesday or Wednesday when the water is forecast to begin dropping. But after weeks of anxiety, officials were optimistic.</p>
<p>&quot;It's obviously a much more positive day,&quot; Winnipeg Mayor Susan Thompson said late Friday. &quot;It's too early to say we've won because the crest will be in our city for four or five days.&quot;</p>
<p>&quot;If the weather changes, we're right back into very high anxiety,&quot; Thompson added.</p>
<p>The Red River crested at 24.5 feet (7.5 metres) above winter ice level at downtown Winnipeg at 11 p.m. EDT on Thursday and should hold at that level for about five days.</p>
<p>The flooding -- the worst in the region since 1852 -- forced about 29,000 Canadian and 50,000 Americans to flee their homes. Four Canadians died and property damage was estimated at hundreds of millions of dollars in Canada and $1 billion in North Dakota.</p>
<p>The Red River swelled to 22 times its normal flow last month as record-breaking winter snow melted, flooding an area in southern Manitoba twice the size of Hong Kong.</p>
<p>In Grande Pointe, about 50 of the village's approximately 325 residents worked through Friday night in a desperate bid to save the town. They ferried sandbags in a flotilla of small boats to shore up dikes. Most residents abandoned their homes Thursday when the government issued an evacuation order.</p>
<p>By Saturday morning officials reported that 100 of the area's 150 homes -- many new and expensive -- were lost.</p>
<p>Local residents accused government officials of callously allowing floodwater to inundate the community. The province on Friday diverted more water through the Floodway, raising the water level south of the city. Grande Pointe is just 100 yards (metres) away from the Floodway.</p>
<p>&quot;There's no doubt in my mind we're being sacrificed,&quot; said Lemoine.</p>
<p>The government countered that it had no choice but to divert more water through the Floodway or risk jeopardizing many homes inside Winnipeg itself.</p>
</text>
<copyright>(c) Reuters Limited 1997</copyright>
<metadata>
<codes class="bip:countries:1.0">
  <code code="CANA">
    <editdetail attribution="Reuters BIP Coding Group" action="confirmed" date="1997-05-04"/>
  </code>
</codes>
<codes class="bip:topics:1.0">
  <code code="GCAT">
    <editdetail attribution="Reuters BIP Coding Group" action="confirmed" date="1997-05-04"/>
  </code>
  <code code="GDIS">
    <editdetail attribution="Reuters BIP Coding Group" action="confirmed" date="1997-05-04"/>
  </code>
</codes>
<dc element="dc.date.created" value="1997-05-03"/>
<dc element="dc.publisher" value="Reuters Holdings Plc"/>
<dc element="dc.date.published" value="1997-05-04"/>
<dc element="dc.source" value="Reuters"/>
<dc element="dc.creator.location" value="WINNIPEG, Manitoba"/>
<dc element="dc.creator.location.country.name" value="CANADA"/>
<dc element="dc.source" value="Reuters"/>
</metadata>
</newsitem>
