<?xml version="1.0" encoding="iso-8859-1" ?>
<newsitem itemid="558304" id="root" date="1997-05-04" xml:lang="en">
<title>NETHERLANDS: SOCCER-DUTCH FIRST DIVISION SUMMARIES.</title>
<headline>SOCCER-DUTCH FIRST DIVISION SUMMARIES.</headline>
<dateline>AMSTERDAM 1997-05-04</dateline>
<text>
<p>Summaries of Dutch first</p>
<p>division soccer matches played on Sunday:</p>
<p> NAC Breda		    0</p>
<p> Feyenoord		    2 - Sanchez 13, 50</p>
<p>    HT: 1-1	Att: 15,217</p>
<p> Sparta Rotterdam	   2 - Dennis de Nooyer 17, Van der Laan</p>
<p>					89</p>
<p> Ajax Amsterdam	     1 - Frank de Boer 31</p>
<p>    HT: 1-1	Att: 7,500</p>
<p> Vitesse Arnhem	     2 - Makaay pen 18, Del Olmo 85</p>
<p> Willem II Tilburg	  0 -</p>
<p>    HT: 1-1	Att: 6,152</p>
<p> Volendam		     2 - Samardzic 23, 65</p>
<p> AZ Alkmaar		   2 - Den Turk pen 36, Huiberts 50</p>
<p>    HT: 1-1	Att: 5,500</p>
<p>Played on Saturday:</p>
<p> Graafschap Doetinchem    2 - Van der Haar 34, 59</p>
<p> Heerenveen		   1 - Khattabi 84</p>
<p>    HT: 1-0	Att: 8,250</p>
<p> Twente Enschede	    2 - Van Halst pen 39, Bruggink 63</p>
<p> Fortuna Sittard	    1 - Ricksen 30</p>
<p>    HT: 1-1	Att: 8,283</p>
<p>Played on Friday:</p>
<p> RKC Waalwijk		 1 - Wijnhart 71</p>
<p> Utrecht			0</p>
<p>    HT: 0-0	Att: 4,700</p>
</text>
<copyright>(c) Reuters Limited 1997</copyright>
<metadata>
<codes class="bip:countries:1.0">
  <code code="NETH">
    <editdetail attribution="Reuters BIP Coding Group" action="confirmed" date="1997-05-04"/>
  </code>
</codes>
<codes class="bip:topics:1.0">
  <code code="GCAT">
    <editdetail attribution="Reuters BIP Coding Group" action="confirmed" date="1997-05-04"/>
  </code>
  <code code="GSPO">
    <editdetail attribution="Reuters BIP Coding Group" action="confirmed" date="1997-05-04"/>
  </code>
</codes>
<dc element="dc.date.created" value="1997-05-04"/>
<dc element="dc.publisher" value="Reuters Holdings Plc"/>
<dc element="dc.date.published" value="1997-05-04"/>
<dc element="dc.source" value="Reuters"/>
<dc element="dc.creator.location" value="AMSTERDAM"/>
<dc element="dc.creator.location.country.name" value="NETHERLANDS"/>
<dc element="dc.source" value="Reuters"/>
</metadata>
</newsitem>
