<?xml version="1.0" encoding="iso-8859-1" ?>
<newsitem itemid="558438" id="root" date="1997-05-04" xml:lang="en">
<title>ZAIRE: Kabila rule out Zaire ceasefire this week.</title>
<headline>Kabila rule out Zaire ceasefire this week.</headline>
<dateline>LUBUMBASHI, Zaire 1997-05-04</dateline>
<text>
<p>Zairean rebel leader Laurent Kabila said on Sunday the rebels would fight on while President Mobutu Sese Seko considers their demand he resign.</p>
<p>&quot;Mobutu has asked me to give him eight days while he considers our demand to resign. I have agreed to that request and we shall meet again on this same ship within the next eight days. But I have told him and the mediators that there will be no ceasefire while he considers our demands,&quot; he told Reuters.  </p>
<p>Kabila, speaking to Reuters in Lubumbashi by telephone from the South African navy ship where he met Mobutu on Sunday, said his forces were now aiming at Kinshasa's international airport.</p>
<p>Mobutu wants to hand over power to a transitional authority other than the rebels. The rebels say Kabila should take power.</p>
<p>Kabila leads the Alliance of Democratic Forces for the Liberation of Congo-Zaire which has captured more than three quarters of the vast country in seven months. Mobutu's forces have hardly put up any resistance to their rapid advance.</p>
<p>A mining manager on Sunday quoted his office in Kinshasa as saying the rebels were within 40 miles (65 km) of Kinshasa airport and had taken a large town southwest of the capital.</p>
</text>
<copyright>(c) Reuters Limited 1997</copyright>
<metadata>
<codes class="bip:countries:1.0">
  <code code="ZAIRE">
    <editdetail attribution="Reuters BIP Coding Group" action="confirmed" date="1997-05-04"/>
  </code>
</codes>
<codes class="bip:topics:1.0">
  <code code="GCAT">
    <editdetail attribution="Reuters BIP Coding Group" action="confirmed" date="1997-05-04"/>
  </code>
  <code code="GVIO">
    <editdetail attribution="Reuters BIP Coding Group" action="confirmed" date="1997-05-04"/>
  </code>
</codes>
<dc element="dc.date.created" value="1997-05-04"/>
<dc element="dc.publisher" value="Reuters Holdings Plc"/>
<dc element="dc.date.published" value="1997-05-04"/>
<dc element="dc.source" value="Reuters"/>
<dc element="dc.creator.location" value="LUBUMBASHI, Zaire"/>
<dc element="dc.creator.location.country.name" value="ZAIRE"/>
<dc element="dc.source" value="Reuters"/>
</metadata>
</newsitem>
