<?xml version="1.0" encoding="iso-8859-1" ?>
<newsitem itemid="558407" id="root" date="1997-05-04" xml:lang="en">
<title>COTE D'IVOIRE: Ivorian government closes Abidjan student hostels.</title>
<headline>Ivorian government closes Abidjan student hostels.</headline>
<dateline>ABIDJAN 1997-05-03</dateline>
<text>
<p>Ivory Coast's government has closed down student hostels in the commercial capital Abidjan, after a wave of unrest in the West African nation's universities.</p>
<p>A cabinet statement, published in the government newspaper Fraternite Matin on Saturday, accused student activists of vandalism and violence and disrupting university life there.</p>
<p>&quot;In this climate of hate and insecurity, which has already led to two deaths and several injuries, it is necessary and urgent to take vigourous measures to preserve social peace in the campuses and avoid a spiral of violence,&quot; it said.</p>
<p>Ivory Coast's banned student union FESCI has called a series of strikes and stoppages this year to protest about grants and study and living conditions. Campuses around the country have been disrupted, closing for varying periods.</p>
<p>FESCI General-Secretary Guillaume Soro told the opposition Ivorian Popular Front newspaper La Voie the government order was an admission of defeat and would only make students angrier.</p>
<p>&quot;We think that the authorities want to declare the academic year null and void,&quot; he said.</p>
<p>The government statement said that the closure of the halls of residence, announced on Friday, was designed to stop students who wanted to continue studying becoming the victims of threats and attacks from student militants based in the hostels.</p>
<p>Soro rejected the charge that FESCI militants were behind the attacks.</p>
</text>
<copyright>(c) Reuters Limited 1997</copyright>
<metadata>
<codes class="bip:countries:1.0">
  <code code="ICST">
    <editdetail attribution="Reuters BIP Coding Group" action="confirmed" date="1997-05-04"/>
  </code>
</codes>
<codes class="bip:topics:1.0">
  <code code="GCAT">
    <editdetail attribution="Reuters BIP Coding Group" action="confirmed" date="1997-05-04"/>
  </code>
  <code code="GPOL">
    <editdetail attribution="Reuters BIP Coding Group" action="confirmed" date="1997-05-04"/>
  </code>
  <code code="GVIO">
    <editdetail attribution="Reuters BIP Coding Group" action="confirmed" date="1997-05-04"/>
  </code>
</codes>
<dc element="dc.date.created" value="1997-05-03"/>
<dc element="dc.publisher" value="Reuters Holdings Plc"/>
<dc element="dc.date.published" value="1997-05-04"/>
<dc element="dc.source" value="Reuters"/>
<dc element="dc.creator.location" value="ABIDJAN"/>
<dc element="dc.creator.location.country.name" value="COTE D'IVOIRE"/>
<dc element="dc.source" value="Reuters"/>
</metadata>
</newsitem>
