<?xml version="1.0" encoding="iso-8859-1" ?>
<newsitem itemid="558435" id="root" date="1997-05-04" xml:lang="en">
<title>BURUNDI: Burundi rebels battle government troops-aid agency.</title>
<headline>Burundi rebels battle government troops-aid agency.</headline>
<dateline>BUJUMBURA 1997-05-04</dateline>
<text>
<p>An aid agency evacuated its staff from southern Burundi on Sunday after heavy fighting between Hutu rebels and government troops, aid officials said.</p>
<p>Ahmed Jabri, operations co-ordinator for the International Medical Corps (IMC) told reporters six IMC staff had been evacuated to Bujumbura after two days of heavy fighting around Rutana, 175 km (110 miles) southeast of Bujumbura, on Sunday.</p>
<p>The aid workers said the rebels had attacked a secondary school, but there were no reports of casualties in the attack.</p>
<p>&quot;Their aim appears to be to cut off the south of Burundi,&quot; they said. An army spokesman confirmed the rebel attack, but had no details of any casualties.</p>
<p>Last week, Hutu rebels attacked another school in nearby Buta, killing 36 students and seven staff, and a Swiss nun and her Burundian driver were killed when their vehicle hit a landmine 20 km (12 miles) south of Bujumbura.</p>
<p>Hutus make up about 85 percent of Burundi's population, but the minority Tutsis dominate the government and the army.</p>
<p>At least 150,000 civilians have been killed in violence and civil war in the last four years. An army coup last year overthrew the civilian government and installed Pierre Buyoya as president.</p>
</text>
<copyright>(c) Reuters Limited 1997</copyright>
<metadata>
<codes class="bip:countries:1.0">
  <code code="BURUN">
    <editdetail attribution="Reuters BIP Coding Group" action="confirmed" date="1997-05-04"/>
  </code>
</codes>
<codes class="bip:topics:1.0">
  <code code="GCAT">
    <editdetail attribution="Reuters BIP Coding Group" action="confirmed" date="1997-05-04"/>
  </code>
  <code code="GVIO">
    <editdetail attribution="Reuters BIP Coding Group" action="confirmed" date="1997-05-04"/>
  </code>
</codes>
<dc element="dc.date.created" value="1997-05-04"/>
<dc element="dc.publisher" value="Reuters Holdings Plc"/>
<dc element="dc.date.published" value="1997-05-04"/>
<dc element="dc.source" value="Reuters"/>
<dc element="dc.creator.location" value="BUJUMBURA"/>
<dc element="dc.creator.location.country.name" value="BURUNDI"/>
<dc element="dc.source" value="Reuters"/>
</metadata>
</newsitem>
