<?xml version="1.0" encoding="iso-8859-1" ?>
<newsitem itemid="558474" id="root" date="1997-05-04" xml:lang="en">
<title>MEXICO: Mexico's Pajaritos port reopened - Transport Min.</title>
<headline>Mexico's Pajaritos port reopened - Transport Min.</headline>
<dateline>MEXICO CITY 1997-05-03</dateline>
<text>
<p>Mexico's key crude port Pajaritos on the Gulf of Mexico reopened on Saturday after being closed because of high winds, the Communications and Transport Ministry (SCT) said.</p>
<p>Seven ports on the gulf coast had shipping either halted completed or restricted to the only the sturdiest craft earlier on Saturday because of 40 mph (60 kph) winds, and only the port of Veracruz remained closed on Saturday afternoon, the SCT said in a report.  </p>
<p>The forceful winds remained at Veracruz with waves of up to six feet (two meters) and cloudy skies, the SCT said.</p>
<p>A warning remained in place for small boats in the northern Gulf of Mexico, the state of Tamaulipas and northern Veracruz state because of strong winds and choppy seas, the ministry said.</p>
<p>The goverment news agency Notimex reported earlier Saturday that 13 ships had been prevented from sailing out of Veracruz Bay, two others were beached on the island of Sacrificios and 20 fishing boats had taken refuge at a nearby Navy base.</p>
<p>Mexico's National Meteorological Service said a cold front coming from the north was causing inclement weather in much of northeastern and eastern Mexico.</p>
<p>((--Dan Trotta, Mexico City newsroom, +525 728-9507))</p>
</text>
<copyright>(c) Reuters Limited 1997</copyright>
<metadata>
<codes class="bip:countries:1.0">
  <code code="MEX">
    <editdetail attribution="Reuters BIP Coding Group" action="confirmed" date="1997-05-04"/>
  </code>
</codes>
<codes class="bip:industries:1.0">
  <code code="I74000">
    <editdetail attribution="Reuters BIP Coding Group" action="confirmed" date="1997-05-04"/>
  </code>
  <code code="I76300">
    <editdetail attribution="Reuters BIP Coding Group" action="confirmed" date="1997-05-04"/>
  </code>
</codes>
<codes class="bip:topics:1.0">
  <code code="C24">
    <editdetail attribution="Reuters BIP Coding Group" action="confirmed" date="1997-05-04"/>
  </code>
  <code code="CCAT">
    <editdetail attribution="Reuters BIP Coding Group" action="confirmed" date="1997-05-04"/>
  </code>
</codes>
<dc element="dc.date.created" value="1997-05-03"/>
<dc element="dc.publisher" value="Reuters Holdings Plc"/>
<dc element="dc.date.published" value="1997-05-04"/>
<dc element="dc.source" value="Reuters"/>
<dc element="dc.creator.location" value="MEXICO CITY"/>
<dc element="dc.creator.location.country.name" value="MEXICO"/>
<dc element="dc.source" value="Reuters"/>
</metadata>
</newsitem>
