<?xml version="1.0" encoding="iso-8859-1" ?>
<newsitem itemid="558413" id="root" date="1997-05-04" xml:lang="en">
<title>ZAIRE: Zaire rebels enter Kenge on road to Kinshasa.</title>
<headline>Zaire rebels enter Kenge on road to Kinshasa.</headline>
<dateline>KINSHASA 1997-05-03</dateline>
<text>
<p>Zairean rebels have entered the town of Kenge on the road to the capital Kinshasa, residents in contact with the capital said on Saturday.</p>
<p>One resident said that advanced units entered the town, 200 km (125 miles) from Kinshasa as the crow flies and a little more by road, on Friday night and some had since moved on.  </p>
<p>One source said that residents turned out to welcome the rebels, who took up arms in October vowing to toppled veteran President Mobutu Sese Seko and now control three-quarters of Zaire.</p>
<p>A senior dignitary from the region quoted other residents as saying that rebels had passed through Masi-Manimba, 350 km (220 miles) from the capital on Friday night and had arrived in Kenge on Saturday morning.</p>
<p>The condition of the metalled road between Masi-Manimba and Kenge was good, he said, adding that it deteriorated significanntly on the final stretch to Kinshasa.</p>
<p>Rebels themselves say they are massing arms and equipment in the town of Kikwit for a final drive against Kinshasa, the one major city still in government hands.</p>
</text>
<copyright>(c) Reuters Limited 1997</copyright>
<metadata>
<codes class="bip:countries:1.0">
  <code code="ZAIRE">
    <editdetail attribution="Reuters BIP Coding Group" action="confirmed" date="1997-05-04"/>
  </code>
</codes>
<codes class="bip:topics:1.0">
  <code code="GCAT">
    <editdetail attribution="Reuters BIP Coding Group" action="confirmed" date="1997-05-04"/>
  </code>
  <code code="GVIO">
    <editdetail attribution="Reuters BIP Coding Group" action="confirmed" date="1997-05-04"/>
  </code>
</codes>
<dc element="dc.date.created" value="1997-05-03"/>
<dc element="dc.publisher" value="Reuters Holdings Plc"/>
<dc element="dc.date.published" value="1997-05-04"/>
<dc element="dc.source" value="Reuters"/>
<dc element="dc.creator.location" value="KINSHASA"/>
<dc element="dc.creator.location.country.name" value="ZAIRE"/>
<dc element="dc.source" value="Reuters"/>
</metadata>
</newsitem>
