<?xml version="1.0" encoding="iso-8859-1" ?>
<newsitem itemid="558451" id="root" date="1997-05-04" xml:lang="en">
<title>TAJIKISTAN: Five Tajik gunmen die after shoot-out with police.</title>
<headline>Five Tajik gunmen die after shoot-out with police.</headline>
<dateline>DUSHANBE 1997-05-04</dateline>
<text>
<p>Five gunmen suspected of being involved in last week's assassination attempt on Tajikistan's leader were killed on Sunday in a shoot-out with police.</p>
<p>President Imomali Rakhmonov was injured last Wednesday when a hand grenade exploded near his car in the town of Khudjand in the north of the war-torn former Soviet republic.</p>
<p>Rakhmonov's spokesman Zafar Saidov told Reuters the gunmen had opened fire on the police after refusing to hand over their weapons. Three men were shot dead and a fourth, the head of the group Khorshyed Abdushukurov, killed himself, Saidov said.</p>
<p>A fifth gunman blew himself up with a hand-grenade, local television later reported.</p>
<p>Three police were badly injured in the clash, Saidov said.</p>
<p>The Tajik government has so far not blamed any one group for the assassination attempt on Rakhmonov, which it has branded a &quot;terrorist act&quot;.</p>
<p>Two people were killed and scores injured in the attack. Rakhmonov was wounded in the legs and still has to undergo an operation to remove all the shrapnel.</p>
<p>On Saturday Saidov said about 10 people had been detained by the authorities in connection with the attack but gave no details on the arrests.</p>
<p>Tajikistan, a remote mountain state which borders Afghanistan and China, is still reeling from a four-year civil war which has claimed the lives of tens of thousands. Armed bands roam the country.</p>
<p>Both Tajikistan's armed Islamic opposition, Rakhmonov's main foe in the civil war, and the National Revival of Tajikistan bloc, part of the republic's so-called third political force and based around Khudjand, have denied any involvement in the attack on the president.</p>
<p>Diplomats and opposition sources say the attack could be a reaction to the government's recent crushing of a prison riot in Khudjand, in which 20 people died.</p>
</text>
<copyright>(c) Reuters Limited 1997</copyright>
<metadata>
<codes class="bip:countries:1.0">
  <code code="TADZK">
    <editdetail attribution="Reuters BIP Coding Group" action="confirmed" date="1997-05-04"/>
  </code>
</codes>
<codes class="bip:topics:1.0">
  <code code="GCAT">
    <editdetail attribution="Reuters BIP Coding Group" action="confirmed" date="1997-05-04"/>
  </code>
  <code code="GVIO">
    <editdetail attribution="Reuters BIP Coding Group" action="confirmed" date="1997-05-04"/>
  </code>
</codes>
<dc element="dc.date.created" value="1997-05-04"/>
<dc element="dc.publisher" value="Reuters Holdings Plc"/>
<dc element="dc.date.published" value="1997-05-04"/>
<dc element="dc.source" value="Reuters"/>
<dc element="dc.creator.location" value="DUSHANBE"/>
<dc element="dc.creator.location.country.name" value="TAJIKISTAN"/>
<dc element="dc.source" value="Reuters"/>
</metadata>
</newsitem>
