<?xml version="1.0" encoding="iso-8859-1" ?>
<newsitem itemid="558484" id="root" date="1997-05-04" xml:lang="en">
<title>COLOMBIA: New hope for release of Colombian rebel captives.</title>
<headline>New hope for release of Colombian rebel captives.</headline>
<dateline>BOGOTA 1997-05-04</dateline>
<text>
<p>Hopes soared that 60 Colombian soldiers could soon be freed more than eight months after being taken prisoner by leftist rebels following the release of new video footage of the captives on Sunday.</p>
<p>The Revolutionary Armed Forces of Colombia (FARC), the country's largest guerrilla army, sent video footage of the soldiers to the NTC-TV news programme.</p>
<p>The government welcomed the film, thought to have been shot in early March, as a sign of FARC's &quot;good faith&quot; and a hint the insurgents could be preparing to release the troops they captured in the southern jungles of Colombia on Aug. 30.</p>
<p>The seven-minute video showed the soldiers in apparent good health standing at attention outside a number of tents in a jungle clearing.</p>
<p>&quot;This is an important message that shows the good intentions of the FARC and offers a new ray of hope,&quot; Defence Minister Gilberto Echeverri told reporters.</p>
<p>The soldiers were taken prisoner and some 30 others were killed when a 400-strong FARC column overran the Las Delicias military base in Putumayo province -- an attack that marked the start of one of the bloodiest guerrilla offensives in more than three decades of armed uprising.</p>
<p>Previous government attempts to win the release of the captives have failed. But after four months of deadlock speculation is high that the soldiers, many of them raw recruits from peasant families, could soon walk free.</p>
<p>Last week the government formally appointed a representative, Jose Noe Rios, to negotiate an end to the prisoner crisis while the FARC said it had named three delegates to discuss conditions for the handover.</p>
<p>Commander of the armed forces Gen. Manuel Jose Bonett said that he had ordered the suspension of all operations to search for the captives while negotiations were in progress.</p>
</text>
<copyright>(c) Reuters Limited 1997</copyright>
<metadata>
<codes class="bip:countries:1.0">
  <code code="COL">
    <editdetail attribution="Reuters BIP Coding Group" action="confirmed" date="1997-05-04"/>
  </code>
</codes>
<codes class="bip:topics:1.0">
  <code code="GCAT">
    <editdetail attribution="Reuters BIP Coding Group" action="confirmed" date="1997-05-04"/>
  </code>
  <code code="GVIO">
    <editdetail attribution="Reuters BIP Coding Group" action="confirmed" date="1997-05-04"/>
  </code>
</codes>
<dc element="dc.date.created" value="1997-05-04"/>
<dc element="dc.publisher" value="Reuters Holdings Plc"/>
<dc element="dc.date.published" value="1997-05-04"/>
<dc element="dc.source" value="Reuters"/>
<dc element="dc.creator.location" value="BOGOTA"/>
<dc element="dc.creator.location.country.name" value="COLOMBIA"/>
<dc element="dc.source" value="Reuters"/>
</metadata>
</newsitem>
