<?xml version="1.0" encoding="iso-8859-1" ?>
<newsitem itemid="558443" id="root" date="1997-05-04" xml:lang="en">
<title>SIERRA LEONE: Sierra Leone troops, hunters battle for town.</title>
<headline>Sierra Leone troops, hunters battle for town.</headline>
<dateline>FREETOWN 1997-05-04</dateline>
<text>
<p>The Sierra Leone army and a militia of local hunters fought for control of the eastern town of Kenema on Sunday and bodies littered the streets, military sources in the town said.</p>
<p>&quot;Many people, especially civilians, have been killed in the battle and their bodies are lying about in the streets of the town,&quot; one military source in the town said, adding that the known death toll was at least 10.  </p>
<p>The sources said fighting began on Saturday, but had intensified on Sunday.</p>
<p>There is traditional rivalry between the two sides who fought together against rebels of the Revolutionary United Front but the cause of the latest fighting was not clear.</p>
<p>Sources said the two sides were battling with rocket propelled grenades and had each seized a part of the town.</p>
<p>Implementation of a November deal between president Ahmad Tejan Kabbah and rebel leader Foday Sankoh has dragged and threatens to unravel.</p>
</text>
<copyright>(c) Reuters Limited 1997</copyright>
<metadata>
<codes class="bip:countries:1.0">
  <code code="SILEN">
    <editdetail attribution="Reuters BIP Coding Group" action="confirmed" date="1997-05-04"/>
  </code>
</codes>
<codes class="bip:topics:1.0">
  <code code="GCAT">
    <editdetail attribution="Reuters BIP Coding Group" action="confirmed" date="1997-05-04"/>
  </code>
  <code code="GVIO">
    <editdetail attribution="Reuters BIP Coding Group" action="confirmed" date="1997-05-04"/>
  </code>
</codes>
<dc element="dc.date.created" value="1997-05-04"/>
<dc element="dc.publisher" value="Reuters Holdings Plc"/>
<dc element="dc.date.published" value="1997-05-04"/>
<dc element="dc.source" value="Reuters"/>
<dc element="dc.creator.location" value="FREETOWN"/>
<dc element="dc.creator.location.country.name" value="SIERRA LEONE"/>
<dc element="dc.source" value="Reuters"/>
</metadata>
</newsitem>
