<?xml version="1.0" encoding="iso-8859-1" ?>
<newsitem itemid="558539" id="root" date="1997-05-04" xml:lang="en">
<title>AUSTRALIA: Wave of criticism hits Australian race row politician.</title>
<headline>Wave of criticism hits Australian race row politician.</headline>
<byline>Paul Tait</byline>
<dateline>SYDNEY 1997-05-04</dateline>
<text>
<p>Independent Australian race row politician Pauline Hanson was submerged under a tidal wave of criticism on Sunday as politicians, demonstrators and business leaders attacked her policies as divisive and ignorant.</p>
<p>The criticism followed an ugly protest in Western Australia state where tomatoes, eggs and insults were hurled at Hanson as she arrived for a fund-raising breakfast in Perth.</p>
<p>Hanson, who sparked a bitter national race debate last year, was surrounded by police and security guards and was unhurt.</p>
<p>Three protesters in a crowd of about 500 raised an Aboriginal flag. Others shouted insults such as &quot;racist scum&quot;.</p>
<p>Australian media speculated on Sunday that conservative Prime Minister John Howard would make his first formal repudiation of Hanson's policies in a speech later in the week.</p>
<p>Former Australian prime minister Malcolm Fraser joined a host of serving ministers in attacking Hanson's policy of restricted immigration as repugnant and offensive.</p>
<p>&quot;One thing is certain, her white, Anglo-Celtic caucasian Australia would become full of racial discord and bitterness,&quot; Fraser told reporters at a book launch.</p>
<p>Opinion polls last week showed Hanson is rapidly attracting an increasing number of voters disillusioned with major parties, with one poll showing about 10 percent of electors would vote for Hanson's One Nation party.</p>
<p>Treasurer Peter Costello said on Sunday Hanson's policies were divisive and notable only for their paucity of ideas.</p>
<p>&quot;She has no plan for Australia and the divisive and vicious future that she is promulgating will be repudiated,&quot; Costello told the Channel Seven television network.</p>
<p>Environment Minister Robert Hill said Hanson's One Nation party had yet to produce credible alternative policies and doubted it would ever gain a significant presence in parliament.</p>
<p>&quot;Most Australians, when they come to voting in an election, actually ask what are the positive alternatives,&quot; Hill, who is also government leader in the Senate, said in a television interview. &quot;You can run this fear campaign only for so long.&quot;</p>
<p>Deputy Prime Minister Tim Fischer said last week Hanson threatened Australia's increasing income from trade with its Asian neighbours. Foreign Minister Alexander Downer said her stand of banning foreign investment and her racist immigration policy could cost tens of thousands of Australian jobs.</p>
<p>Police estimated about 2,000 protesters surrounded a stadium in Perth on Saturday where Hanson addressed a rally of about 1,000 supporters.</p>
<p>Australian newspapers also reported on Saturday that the McDonald's fast food chain had changed its mind about asking Hanson to appear in a Perth store for a charity promotion.</p>
<p>Opposition regional development spokesman Simon Crean said cultural diversity had made Australia great.</p>
<p>&quot;What she stands for, draped in the Australian flag, is very un-Australian. It's based on bigotry, it's based on division,&quot; Crean said in a television interview.</p>
<p>Hanson sparked a divisive national race row last year when she warned Australia was in danger of being over-run by Asians and complained that Aborigines were given special treatment.</p>
</text>
<copyright>(c) Reuters Limited 1997</copyright>
<metadata>
<codes class="bip:countries:1.0">
  <code code="AUSTR">
    <editdetail attribution="Reuters BIP Coding Group" action="confirmed" date="1997-05-04"/>
  </code>
</codes>
<codes class="bip:topics:1.0">
  <code code="GCAT">
    <editdetail attribution="Reuters BIP Coding Group" action="confirmed" date="1997-05-04"/>
  </code>
  <code code="GPOL">
    <editdetail attribution="Reuters BIP Coding Group" action="confirmed" date="1997-05-04"/>
  </code>
</codes>
<dc element="dc.date.created" value="1997-05-04"/>
<dc element="dc.publisher" value="Reuters Holdings Plc"/>
<dc element="dc.date.published" value="1997-05-04"/>
<dc element="dc.source" value="Reuters"/>
<dc element="dc.creator.location" value="SYDNEY"/>
<dc element="dc.creator.location.country.name" value="AUSTRALIA"/>
<dc element="dc.source" value="Reuters"/>
</metadata>
</newsitem>
