<?xml version="1.0" encoding="iso-8859-1" ?>
<newsitem itemid="558561" id="root" date="1997-05-04" xml:lang="en">
<title>CHINA: FEATURE - China water project to tame Yellow River 'monster'.</title>
<headline>FEATURE - China water project to tame Yellow River 'monster'.</headline>
<byline>Scott Hillis</byline>
<dateline>XIAOLANGDI, China 1997-05-04</dateline>
<text>
<p>What do you do with a river that rises 10 cm (four inches) a year and already looms perilously over cities that sit under the shadow of the dikes that hold it in?</p>
<p>China believes the answer, at least for now, is its multi-billion dollar Xiaolangdi dam project, in the central province of Henan.</p>
<p>Through the centuries, deposits of silt have raised the bed of the Yellow River so high that its waters now look down upon many cities and towns along its banks.</p>
<p>&quot;In the past, hundreds of years the dikes have been raised many times so that the river is higher than the surrounding area in many places,&quot; said Wang Xianru, deputy director of the Yellow River Water and Hydropower Development Corp.</p>
<p>Beijing spends $1.2 billion each decade on shoring up the banks to keep at bay the threat that could claim tens of millions of lives should the river burst its dikes.</p>
<p>Some 4,000 villages were wiped out and untold millions of peasants drowned in 1938 when Nationalist leader Chiang Kai-shek ordered the dikes blown up to try to halt advancing Japanese invaders.</p>
<p>COMPLEX DAM TO BUY TIME</p>
<p>At the core of the $4.17 billion project near Henan's capital Zhengzhou is a 154-metre (500-ft) rock and earth-filled dam laced with a complex web of 16 tunnels that also thread through the river's left bank.</p>
<p>The tunnels are intended to regulate the river's huge silt load and erratic water flow.</p>
<p>&quot;Electricity generation is only a lesser priority of the Xiaolangdi project, with flood control being first,&quot; said Wang, whose company is in charge of the project.</p>
<p>Engineers spent 30 years designing the dam, which will be the largest of its kind in China. It is far more intricate than its much bigger, more expensive and highly publicised cousin at the Three Gorges on the Yangtze River.</p>
<p>&quot;The project has several characteristics, one of which is its complexity,&quot; Wang said, gesturing to the 14.5-metre-wide (47-ft) tunnels that burrow more than one km (3,300 ft) through a hill on the left bank of the river.</p>
<p>&quot;The rock conditions here are not very good, so it is very difficult to proceed with the job,&quot; he said.</p>
<p>A vast 12.5 billion-cubic-metre (441 billion-cubic-ft) reservoir behind the dam is to serve as a catch basin for silt and will be capable of holding 7.5 billion cubic metres (265 billion cubic ft) of sediment before it finally fills up after about 30 years.</p>
<p>What happens then?</p>
<p>Wang said he hoped the temporary halt in the flow of silt would buy time to come up with a more permanent solution. &quot;At that time, our children will think of something to do,&quot; he said.</p>
<p>PACIFYING &quot;CHINA'S SORROW&quot;</p>
<p>The reservoir would also allow dam operators to regulate the Yellow River's notoriously fitful flow, which fluctuated between a dawdling 1,500 cubic metres (53,000 cubic ft) per second and a raging 16,000 cubic metres (565,000 cubic ft) per second, Wang said.</p>
<p>Although water levels are now at record lows, the river has claimed tens of millions of lives over the centuries, earning it the moniker &quot;China's sorrow&quot;.</p>
<p>The World Bank is helping to bankroll Xiaolangdi because the project was deemed too risky to attract private investment, said Pieter Bottelier, chief of the World Bank's China mission.</p>
<p>WATER USE TO PAY FOR DAM</p>
<p>The project would use more than $1.109 billion in foreign funds, with $1 billion of that coming from a World Bank loan and the remainder from foreign commercial credits, Wang said.</p>
<p>Six 300-megawatt generators would go on line between 1999 and 2001 to help slake central China's growing demand for energy, said Wang.</p>
<p>Wang's company has already signed a $55.8 million contract with German firm J.M. Voith AG for the turbines and will issue tenders in October for more than $44 million worth of auxiliary equipment such as a computer control system.</p>
<p>Another $110 million will go towards resettling more than 200,000 people whose homes will be flooded when the river is blocked on October 31 this year, one month before the Yangtze is diverted for the Three Gorges dam.</p>
<p>The World Bank's Bottelier said irrigation fees collected from villages and cities downstream wovernment water pricing would have to be changed.</p>
<p>China has given no hint it plans to ease controls on current prices in the region, held artificially low by the state.</p>
<p>&quot;The water (price) will have to go up to a much higher level to pay for that dam,&quot; Bottelier said.</p>
</text>
<copyright>(c) Reuters Limited 1997</copyright>
<metadata>
<codes class="bip:countries:1.0">
  <code code="CHINA">
    <editdetail attribution="Reuters BIP Coding Group" action="confirmed" date="1997-05-04"/>
  </code>
</codes>
<codes class="bip:industries:1.0">
  <code code="I50200">
    <editdetail attribution="Reuters BIP Coding Group" action="confirmed" date="1997-05-04"/>
  </code>
  <code code="I5020011">
    <editdetail attribution="Reuters BIP Coding Group" action="confirmed" date="1997-05-04"/>
  </code>
</codes>
<codes class="bip:topics:1.0">
  <code code="C24">
    <editdetail attribution="Reuters BIP Coding Group" action="confirmed" date="1997-05-04"/>
  </code>
  <code code="CCAT">
    <editdetail attribution="Reuters BIP Coding Group" action="confirmed" date="1997-05-04"/>
  </code>
  <code code="GCAT">
    <editdetail attribution="Reuters BIP Coding Group" action="confirmed" date="1997-05-04"/>
  </code>
  <code code="GENV">
    <editdetail attribution="Reuters BIP Coding Group" action="confirmed" date="1997-05-04"/>
  </code>
</codes>
<dc element="dc.date.created" value="1997-05-04"/>
<dc element="dc.publisher" value="Reuters Holdings Plc"/>
<dc element="dc.date.published" value="1997-05-04"/>
<dc element="dc.source" value="Reuters"/>
<dc element="dc.creator.location" value="XIAOLANGDI, China"/>
<dc element="dc.creator.location.country.name" value="CHINA"/>
<dc element="dc.source" value="Reuters"/>
</metadata>
</newsitem>
