<?xml version="1.0" encoding="iso-8859-1" ?>
<newsitem itemid="558578" id="root" date="1997-05-04" xml:lang="en">
<title>JAPAN: Tokyo aluminium futures market closed for holiday.</title>
<headline>Tokyo aluminium futures market closed for holiday.</headline>
<dateline>TOKYO 1996-05-05</dateline>
<text>
<p>The Tokyo aluminium futures market is closed for a national holiday on Monday. Trading activity will resume on Tuesday.</p>
<p>On Friday, the market closed mixed, with prices ranging from 0.7 yen per kg higher to 3.1 yen weaker. The benchmark April 1998 contract was down 1.2 yen at 209.0 yen.</p>
</text>
<copyright>(c) Reuters Limited 1997</copyright>
<metadata>
<codes class="bip:countries:1.0">
  <code code="JAP">
    <editdetail attribution="Reuters BIP Coding Group" action="confirmed" date="1997-05-04"/>
  </code>
</codes>
<codes class="bip:topics:1.0">
  <code code="M14">
    <editdetail attribution="Reuters BIP Coding Group" action="confirmed" date="1997-05-04"/>
  </code>
  <code code="M142">
    <editdetail attribution="Reuters BIP Coding Group" action="confirmed" date="1997-05-04"/>
  </code>
  <code code="MCAT">
    <editdetail attribution="Reuters BIP Coding Group" action="confirmed" date="1997-05-04"/>
  </code>
</codes>
<dc element="dc.date.created" value="1996-05-05"/>
<dc element="dc.publisher" value="Reuters Holdings Plc"/>
<dc element="dc.date.published" value="1997-05-04"/>
<dc element="dc.source" value="Reuters"/>
<dc element="dc.creator.location" value="TOKYO"/>
<dc element="dc.creator.location.country.name" value="JAPAN"/>
<dc element="dc.source" value="Reuters"/>
</metadata>
</newsitem>
