<?xml version="1.0" encoding="iso-8859-1" ?>
<newsitem itemid="558519" id="root" date="1997-05-04" xml:lang="en">
<title>AUSTRALIA: Australian Grain-Some rain falls as planting nears.</title>
<headline>Australian Grain-Some rain falls as planting nears.</headline>
<byline>Michael Byrnes</byline>
<dateline>SYDNEY 1996-05-05</dateline>
<text>
<p>The biggest news in a quiet grains market last week was the first crack in Australia's long dry in its eastern wheatbelt, as some rain fell on the southern state of Victoria.</p>
<p>As the week ended brokers and traders began to look for a fall in Australian wheat prices, a turnaround from views a week earlier that a mid-1996-style price surge rise loomed.</p>
<p>No rain fell in New South Wales (NSW) to break that state's dry and the fall in Victoria was patchy and not fully in areas wheat farmers wanted.  </p>
<p>But any rain was good news with the 1997/98 wheat planting imminent and the autumn dry one of the most severe on record.</p>
<p>Victoria has had its driest April since 1988, while Sydney's April was the driest in 101 years. The seven months from last October have been Victoria's driest since 1878/79 and the second driest on record.</p>
<p>&quot;It will depend on how widespread this rain is and how long it takes to fall to see if we're going to get it reflected in our prices here,&quot; broker Brendan Hillary of ANZ Futures said.</p>
<p>Good rain could bring wheat futures prices back by A$5.00-A$8.00 a tonne, he said.  </p>
<p>Bill Mitchell of New England Agricultural Traders sees the prospect of an even greater price fall, with signs of a top forming in Sydney and Chicago.</p>
<p>&quot;It's still very much a weather market and can remain volatile and susceptible to rumours. But there's a feeling about that we may have put in the highs for the season,&quot; he said.</p>
<p>He believed Sydney wheat futures could come back to the mid to low A$170 a tonne region.</p>
<p>Over the past week, the nearby May wheat futures contract rose by A$5.00 a tonne to A$193.00, while July 1997 added A$3.00. Prices for more distant contracts slid about A$2.00.  </p>
<p>Hillary sees the prospect of growers now attempting to lock in current prices through options.</p>
<p>But overall it remained that Australia would have a smaller crop this season than the 1996/97 record 23 million tonnes, Hillary said. Preliminary forecasts put the new crop at about 17 million tonnes although one broker last week said that a continued dry could reduce it to as little as 14 million tonnes.</p>
<p>Rain would also pressure sorghum and barley, Hillary said.</p>
<p>Cash barley prices have risen strongly in the past two weeks weeks by A$10.00-A$15.00 to about A$155.00 a tonne ex farm in northwest NSW on end user demand.  </p>
<p>The New South Wales Grains Board (NSWGB) also revealed in the week it had shipped more than 600,000 tonnes of barley so far in 1996/97, with 500,000 tonnes of this malting barley and slightly more than 500,000 tonnes of the total bound for China.</p>
<p>This compared with average-year sales of about 150,000 tonnes to China and had boosted NSWGB's share of the China import market to about 40 percent from about 10 percent in previous years, it said.</p>
<p>In cash markets last week, old crop wheat trading remained thin, with prices moving with futures prices.  </p>
<p>Good NSW sorghum yields were pressuring the market, Mitchell said, although prices remained unchanged over the past week on about A$164.00 a tonne delivered Newcastle with limited selling opportunities in nearby months and growers storing on farm.</p>
<p>Australian wheat shipments in the latest week amounted to 316,178 tonnes, bringing cumulative shipments to date for the October/September marketing year to 12.60 million tonnes against 8.50 million tonnes a year earlier, according to preliminary figures from the AWB on Friday.</p>
<p>-- Sydney Newsroom 61-2 9373-1800</p>
</text>
<copyright>(c) Reuters Limited 1997</copyright>
<metadata>
<codes class="bip:countries:1.0">
  <code code="AUSTR">
    <editdetail attribution="Reuters BIP Coding Group" action="confirmed" date="1997-05-04"/>
  </code>
</codes>
<codes class="bip:topics:1.0">
  <code code="M14">
    <editdetail attribution="Reuters BIP Coding Group" action="confirmed" date="1997-05-04"/>
  </code>
  <code code="M141">
    <editdetail attribution="Reuters BIP Coding Group" action="confirmed" date="1997-05-04"/>
  </code>
  <code code="MCAT">
    <editdetail attribution="Reuters BIP Coding Group" action="confirmed" date="1997-05-04"/>
  </code>
</codes>
<dc element="dc.date.created" value="1996-05-05"/>
<dc element="dc.publisher" value="Reuters Holdings Plc"/>
<dc element="dc.date.published" value="1997-05-04"/>
<dc element="dc.source" value="Reuters"/>
<dc element="dc.creator.location" value="SYDNEY"/>
<dc element="dc.creator.location.country.name" value="AUSTRALIA"/>
<dc element="dc.source" value="Reuters"/>
</metadata>
</newsitem>
