<?xml version="1.0" encoding="iso-8859-1" ?>
<newsitem itemid="558500" id="root" date="1997-05-04" xml:lang="en">
<title>AUSTRALIA: INSIGHT-Australia 10-yr bond checked at 92.210/23.</title>
<headline>INSIGHT-Australia 10-yr bond checked at 92.210/23.</headline>
<dateline>SYDNEY 1996-05-05</dateline>
<text>
<p>-------------------------------------------------------------</p>
<p>FUTURES	*DAY'S RANGE *SUP/RES     *RSI    *MA-10 *MA-20</p>
<p>10-YEAR (JUN)*92.03-92.21 *92.10-92.18 *55 PCT *92.10 *92.07</p>
<p>3-YEAR  (JUN)*93.03-93.21 *93.11-93.16 *53 PCT *93.12 *93.07</p>
<p>90-DAY  (JUN)*93.97-93.18 *94.05-94.12 *57 PCT *94.05 *94.00</p>
<p>-----------------------(May 5)-------------------------------</p>
<p>*Australian bond futures contracts ended the pre-weekend after hours session firm, but once again the 92.210/92.230 resistance area put a cap on the 10-year bond's advance.</p>
<p>*U.S. Treasuries firmed on a balanced budget accord.</p>
<p>*April ANZ jobs ads series at 11.30 a.m. (0130 GMT).</p>
<p>Australian bond futures ended the pre-weekend after hours session firm but again the 92.210/92.230 resistance area put a cap on the 10-year contract's advance.</p>
<p>The contract ended SYCOM at 92.165 compared with Friday's pit close of 92.120 after briefly touching a high of 92.220.</p>
<p>The failure to breach this area yet again is expected to weigh heavily on the market and could see it drift back to first support 92.100.</p>
<p>A break here could see a further retracement to 92.030 and an eventual test of last week's 91.990 low, analysts said.  </p>
<p>The firm undertone was in response to further strength in U.S. Treasuries after a balanced budget accord was finally reached in Washington on Friday. There was a mixed reaction to the key U.S. labour force report which saw non-farm payroll rise a smaller than expected 142,000, while the unemployment rate fell to 4.9 percent, its lowest level in 23 years.</p>
<p>However, there is a growing feeling among U.S. analysts that the Federal Reserve may hold fire in tightening policy when the Federel Open Market Committee meets on May 20 based on the recent data flow.  </p>
<p>The Reserve Bank holds its monthly board meeting on Tuesday, although no policy change is expected to follow it after last week's stronger than expected first quarter average weekly earnings report.</p>
<p>The data killed off slim hopes of a further hopes monetary policy easing and economists generally expect the next move to up and possible occuring in the first quarter of next year.</p>
<p>However, further policy senstive data is due this week with Australia's own labour force report due on Thursday.</p>
<p>ANZ releases its April job advertisments series at 11.30 a.m. (0130 GMT) today.</p>
<p>-- Colin Brinsden 61-2 9373-1800</p>
</text>
<copyright>(c) Reuters Limited 1997</copyright>
<metadata>
<codes class="bip:countries:1.0">
  <code code="AUSTR">
    <editdetail attribution="Reuters BIP Coding Group" action="confirmed" date="1997-05-04"/>
  </code>
</codes>
<codes class="bip:topics:1.0">
  <code code="M12">
    <editdetail attribution="Reuters BIP Coding Group" action="confirmed" date="1997-05-04"/>
  </code>
  <code code="MCAT">
    <editdetail attribution="Reuters BIP Coding Group" action="confirmed" date="1997-05-04"/>
  </code>
</codes>
<dc element="dc.date.created" value="1996-05-05"/>
<dc element="dc.publisher" value="Reuters Holdings Plc"/>
<dc element="dc.date.published" value="1997-05-04"/>
<dc element="dc.source" value="Reuters"/>
<dc element="dc.creator.location" value="SYDNEY"/>
<dc element="dc.creator.location.country.name" value="AUSTRALIA"/>
<dc element="dc.source" value="Reuters"/>
</metadata>
</newsitem>
