<?xml version="1.0" encoding="iso-8859-1" ?>
<newsitem itemid="558524" id="root" date="1997-05-04" xml:lang="en">
<title>AUSTRALIA: Biggest gains/falls for ASX 100 index in last week.</title>
<headline>Biggest gains/falls for ASX 100 index in last week.</headline>
<dateline>SYDNEY 1996-05-05</dateline>
<text>
<p>The following is a list of the 10 largest gaining and falling stocks for Australian companies included in the Australian Stock Exchange's ASX 100 index for the week to May 2.</p>
<p>Top 10 gains in week    Price  percent</p>
<p>Rank Name		    May 2  change</p>
<p> 1   Sthn Pac Pete	  3.84    8.78</p>
<p> 2   Centaur Min&amp;Expl     1.74    7.41</p>
<p> 3   Lihir Gold	     2.42    7.08</p>
<p> 4   Westfield Hlds	24.10    6.64</p>
<p> 5   Fletcher Nz Fst	1.77    5.36</p>
<p> 6   Aust Foundation	2.20    4.76</p>
<p> 7   Howard Smith	  11.35    4.61</p>
<p> 8   Gandel Retail Tr     0.95    4.40</p>
<p> 9   Wesfarmers	    10.91    4.38</p>
<p>10   Woolworths	     3.90    4.28</p>
<p>Top 10 falls in week     Price  percent</p>
<p>Rank Name		    May 2  change</p>
<p> 1   Newcrest Mining	3.45  -13.97</p>
<p> 2   Great Central	  2.49   -9.45</p>
<p> 3   Acacia Resources     1.80   -7.22</p>
<p> 4   Comalco		  6.20   -6.63</p>
<p> 5   Village Road-Pr	3.15   -4.55</p>
<p> 6   Macquarie Bank	 9.15   -4.19</p>
<p> 7   Gen Prop Tr	    2.33   -4.12</p>
<p> 8   Orogen Minerals	2.90   -3.97</p>
<p> 9   GIO Australian	 3.74   -3.86</p>
<p>10   Coca-Cola Am	  14.65   -3.62</p>
<p>-- Sydney Newsroom 61-2 373-1800</p>
</text>
<copyright>(c) Reuters Limited 1997</copyright>
<metadata>
<codes class="bip:countries:1.0">
  <code code="AUSTR">
    <editdetail attribution="Reuters BIP Coding Group" action="confirmed" date="1997-05-04"/>
  </code>
</codes>
<codes class="bip:industries:1.0">
  <code code="I02000">
    <editdetail attribution="Reuters BIP Coding Group" action="confirmed" date="1997-05-04"/>
  </code>
  <code code="I13000">
    <editdetail attribution="Reuters BIP Coding Group" action="confirmed" date="1997-05-04"/>
  </code>
  <code code="I1300003">
    <editdetail attribution="Reuters BIP Coding Group" action="confirmed" date="1997-05-04"/>
  </code>
  <code code="I21000">
    <editdetail attribution="Reuters BIP Coding Group" action="confirmed" date="1997-05-04"/>
  </code>
  <code code="I22450">
    <editdetail attribution="Reuters BIP Coding Group" action="confirmed" date="1997-05-04"/>
  </code>
  <code code="I42800">
    <editdetail attribution="Reuters BIP Coding Group" action="confirmed" date="1997-05-04"/>
  </code>
  <code code="I64100">
    <editdetail attribution="Reuters BIP Coding Group" action="confirmed" date="1997-05-04"/>
  </code>
  <code code="I81402">
    <editdetail attribution="Reuters BIP Coding Group" action="confirmed" date="1997-05-04"/>
  </code>
  <code code="I81502">
    <editdetail attribution="Reuters BIP Coding Group" action="confirmed" date="1997-05-04"/>
  </code>
  <code code="I82000">
    <editdetail attribution="Reuters BIP Coding Group" action="confirmed" date="1997-05-04"/>
  </code>
  <code code="I83960">
    <editdetail attribution="Reuters BIP Coding Group" action="confirmed" date="1997-05-04"/>
  </code>
  <code code="I85000">
    <editdetail attribution="Reuters BIP Coding Group" action="confirmed" date="1997-05-04"/>
  </code>
  <code code="I97100">
    <editdetail attribution="Reuters BIP Coding Group" action="confirmed" date="1997-05-04"/>
  </code>
</codes>
<codes class="bip:topics:1.0">
  <code code="C15">
    <editdetail attribution="Reuters BIP Coding Group" action="confirmed" date="1997-05-04"/>
  </code>
  <code code="C152">
    <editdetail attribution="Reuters BIP Coding Group" action="confirmed" date="1997-05-04"/>
  </code>
  <code code="CCAT">
    <editdetail attribution="Reuters BIP Coding Group" action="confirmed" date="1997-05-04"/>
  </code>
</codes>
<dc element="dc.date.created" value="1996-05-05"/>
<dc element="dc.publisher" value="Reuters Holdings Plc"/>
<dc element="dc.date.published" value="1997-05-04"/>
<dc element="dc.source" value="Reuters"/>
<dc element="dc.creator.location" value="SYDNEY"/>
<dc element="dc.creator.location.country.name" value="AUSTRALIA"/>
<dc element="dc.source" value="Reuters"/>
</metadata>
</newsitem>
