<?xml version="1.0" encoding="iso-8859-1" ?>
<newsitem itemid="558551" id="root" date="1997-05-04" xml:lang="en">
<title>CHINA: China in call to fight drought, save harvests.</title>
<headline>China in call to fight drought, save harvests.</headline>
<dateline>BEIJING 1997-05-04</dateline>
<text>
<p>China has issued a battle cry to fight a worsening drought that is threatening to destroy crops and dash Beijing's hopes of another record harvest, state media said on Sunday.</p>
<p>Since mid-April, drought has struck large areas across northern China, including main grain growing regions in the northeast, and southwestern Sichuan province, the official People's Daily said.</p>
<p>&quot;The drought, which is worsening, will do harm to the late growth of summer crops and spring ploughing right now,&quot; the Xinhua news agency said.</p>
<p>The State Council, or cabinet, had issued a notice calling on local authorities to take action to prevent the dry spell from ruining crops, the People's Daily said.</p>
<p>&quot;Governments at all levels and departments concerned should should take prompt actions to combat drought in order to ensure successful spring sowing and a bumper summer harvest,&quot; the notice said.</p>
<p>Authorities should irrigate larger areas, urge residents to tighten their use of water and promote water-saving technology in order to ensure a good harvest, the People's Daily said.</p>
<p>The China Meteorological Administration said last month that drought in north China was having an unfavourable influence on spring sowing and the growth of seedlings.</p>
<p>China reaped a bumper grain harvest of 490 million tonnes in 1996, surpassing the previous year's record 466 million tonnes, official figures show.</p>
<p>Last year's record harvest was achieved despite a five-month drought in north-central China and flood damage in southern rice-growing regions.</p>
</text>
<copyright>(c) Reuters Limited 1997</copyright>
<metadata>
<codes class="bip:countries:1.0">
  <code code="CHINA">
    <editdetail attribution="Reuters BIP Coding Group" action="confirmed" date="1997-05-04"/>
  </code>
</codes>
<codes class="bip:industries:1.0">
  <code code="I01001">
    <editdetail attribution="Reuters BIP Coding Group" action="confirmed" date="1997-05-04"/>
  </code>
  <code code="I0100132">
    <editdetail attribution="Reuters BIP Coding Group" action="confirmed" date="1997-05-04"/>
  </code>
</codes>
<codes class="bip:topics:1.0">
  <code code="C21">
    <editdetail attribution="Reuters BIP Coding Group" action="confirmed" date="1997-05-04"/>
  </code>
  <code code="C24">
    <editdetail attribution="Reuters BIP Coding Group" action="confirmed" date="1997-05-04"/>
  </code>
  <code code="CCAT">
    <editdetail attribution="Reuters BIP Coding Group" action="confirmed" date="1997-05-04"/>
  </code>
  <code code="GCAT">
    <editdetail attribution="Reuters BIP Coding Group" action="confirmed" date="1997-05-04"/>
  </code>
  <code code="GWEA">
    <editdetail attribution="Reuters BIP Coding Group" action="confirmed" date="1997-05-04"/>
  </code>
</codes>
<dc element="dc.date.created" value="1997-05-04"/>
<dc element="dc.publisher" value="Reuters Holdings Plc"/>
<dc element="dc.date.published" value="1997-05-04"/>
<dc element="dc.source" value="Reuters"/>
<dc element="dc.creator.location" value="BEIJING"/>
<dc element="dc.creator.location.country.name" value="CHINA"/>
<dc element="dc.source" value="Reuters"/>
</metadata>
</newsitem>
