<?xml version="1.0" encoding="iso-8859-1" ?>
<newsitem itemid="558592" id="root" date="1997-05-04" xml:lang="en">
<title>PHILIPPINES: Manila puts blame on Beijing in Spratlys row.</title>
<headline>Manila puts blame on Beijing in Spratlys row.</headline>
<dateline>MANILA 1997-05-04</dateline>
<text>
<p>The Philippines has blamed China for their latest row over alleged trespassing by armed Chinese ships in an area Manila claims in the disputed Spratly Islands.</p>
<p>Foreign Secretary Domingo Siazon said Beijing advised Manila its ships would pass through the area but only on the same day the ships were seen there.</p>
<p>He likened Beijing to a motorist who wanted to make a turn but signalled only when he was at the kerb.</p>
<p>Manila last week protested against what it said was the incursion by four Chinese naval ships into its area in the Spratlys, a cluster of tiny islands and reefs in the South China Sea with potentially rich oil and gas reserves.</p>
<p>Beijing says the entire area belongs to China. The islands are also claimed wholly or in part by Vietnam, Taiwan, the Philippines, Malaysia and Brunei.</p>
<p>China has insisted on its right to enter the area but withdrew the ships from near two Philippine-claimed islands after Manila's protest.</p>
<p>&quot;Just like driving, if you are turning you should make a signal. Otherwise, you'll get bumped at the rear,&quot; Siazon told reporters on Saturday night.</p>
<p>&quot;It's like you flashed your signals while you were just a metre from the kerb. So an accident was possible.&quot;</p>
<p>Philippine reconnaissance planes reported sighting a hut-like structure built over a reef near one of the islands where the Chinese ships were seen. Defence officials said the hut was appparently abandoned.</p>
<p>Siazon said Chinese officials did not mention a hut when the Philippines ambassador in Beijing spoke to them about the ships.</p>
<p>&quot;Now, whose structure is that, we don't know,&quot; Siazon said.</p>
<p>The Chinese embassy on Saturday defended China's right to be in the area, saying, &quot;China has indisputable sovereignty over the Nansha Islands (Spratlys) and the adjacent waters&quot;.</p>
<p>It said the ships were conducting marine survey measurements and had returned to China after completing their work.</p>
<p>The two countries clashed over the islands in 1995 and agreed not to disturb peace in the area.</p>
</text>
<copyright>(c) Reuters Limited 1997</copyright>
<metadata>
<codes class="bip:countries:1.0">
  <code code="CHINA">
    <editdetail attribution="Reuters BIP Coding Group" action="confirmed" date="1997-05-04"/>
  </code>
  <code code="PHLNS">
    <editdetail attribution="Reuters BIP Coding Group" action="confirmed" date="1997-05-04"/>
  </code>
</codes>
<codes class="bip:topics:1.0">
  <code code="GCAT">
    <editdetail attribution="Reuters BIP Coding Group" action="confirmed" date="1997-05-04"/>
  </code>
  <code code="GDIP">
    <editdetail attribution="Reuters BIP Coding Group" action="confirmed" date="1997-05-04"/>
  </code>
</codes>
<dc element="dc.date.created" value="1997-05-04"/>
<dc element="dc.publisher" value="Reuters Holdings Plc"/>
<dc element="dc.date.published" value="1997-05-04"/>
<dc element="dc.source" value="Reuters"/>
<dc element="dc.creator.location" value="MANILA"/>
<dc element="dc.creator.location.country.name" value="PHILIPPINES"/>
<dc element="dc.source" value="Reuters"/>
</metadata>
</newsitem>
