<?xml version="1.0" encoding="iso-8859-1" ?>
<newsitem itemid="558533" id="root" date="1997-05-04" xml:lang="en">
<title>NEW ZEALAND: Ebos sees flat full-yr pre-tax profit.</title>
<headline>Ebos sees flat full-yr pre-tax profit.</headline>
<dateline>WELLINGTON 1996-05-05</dateline>
<text>
<p>Drug and medical supplies company Ebos Group Ltd said on Monday its New Zealand and Australian businesses were on track and it anticipated a full-year pre-tax result close to last year's NZ$4.3 million.</p>
<p>In a statement to the New Zealand Stock Exchange following an extraordinary meeting on Friday, Ebos said its outlook for 1997/98 was for continuing profit growth.</p>
<p>&quot;It is the directors' intention to pay a final dividend of 18 cents per share on the increased capital of the company, making a total dividend of 27 cents per share for the full year,&quot; Ebos said.  </p>
<p>--Wellington Newsroom (64 4) 4734746</p>
</text>
<copyright>(c) Reuters Limited 1997</copyright>
<metadata>
<codes class="bip:countries:1.0">
  <code code="AUSTR">
    <editdetail attribution="Reuters BIP Coding Group" action="confirmed" date="1997-05-04"/>
  </code>
  <code code="NZ">
    <editdetail attribution="Reuters BIP Coding Group" action="confirmed" date="1997-05-04"/>
  </code>
</codes>
<codes class="bip:industries:1.0">
  <code code="I37200">
    <editdetail attribution="Reuters BIP Coding Group" action="confirmed" date="1997-05-04"/>
  </code>
</codes>
<codes class="bip:topics:1.0">
  <code code="C15">
    <editdetail attribution="Reuters BIP Coding Group" action="confirmed" date="1997-05-04"/>
  </code>
  <code code="C152">
    <editdetail attribution="Reuters BIP Coding Group" action="confirmed" date="1997-05-04"/>
  </code>
  <code code="CCAT">
    <editdetail attribution="Reuters BIP Coding Group" action="confirmed" date="1997-05-04"/>
  </code>
</codes>
<dc element="dc.date.created" value="1996-05-05"/>
<dc element="dc.publisher" value="Reuters Holdings Plc"/>
<dc element="dc.date.published" value="1997-05-04"/>
<dc element="dc.source" value="Reuters"/>
<dc element="dc.creator.location" value="WELLINGTON"/>
<dc element="dc.creator.location.country.name" value="NEW ZEALAND"/>
<dc element="dc.source" value="Reuters"/>
</metadata>
</newsitem>
