<?xml version="1.0" encoding="iso-8859-1" ?>
<newsitem itemid="558517" id="root" date="1997-05-04" xml:lang="en">
<title>AUSTRALIA: Top 20 Australian Dividend Yields - May 5.</title>
<headline>Top 20 Australian Dividend Yields - May 5.</headline>
<dateline>SYDNEY 1996-05-05</dateline>
<text>
<p>Twenty highest dividend yields for Australian companies included in the 320-share All Ordinaries Index based on closing prices on Friday.</p>
<p>Dividends based on rolling 12 months.</p>
<p>Yields are not grossed up for franking credits.</p>
<p>				Dividend</p>
<p>Rank Name		     Yield    Close</p>
<p> 1   Consol Rutile	 163.64     0.99</p>
<p> 2   Centro Prop	    16.16     2.15</p>
<p> 3   MT Leyshon Gold	13.51     1.85</p>
<p> 4   Prime Credit Tr	 9.80     1.00</p>
<p> 5   Aust Tour		 9.62     0.78</p>
<p> 6   Natl Consol	     9.57     0.94</p>
<p> 7   BT Prop Trust	   9.12     1.79</p>
<p> 8   Prop Income Inv	 9.01     1.12</p>
<p> 9   Villa World	     8.93     1.12</p>
<p>10   Indu Property	   8.75     0.97</p>
<p>11   Colonial Mutual	 8.74     1.22</p>
<p>12   Gen Prop Tr	     8.63     2.33</p>
<p>13   Countrywide-PP	  8.54     1.19</p>
<p>14   Colonial Coml	   8.48     2.18</p>
<p>15   Hills Inds		8.47     2.02</p>
<p>16   Natl In Prop	    8.43     1.04</p>
<p>17   Ipoh			8.37     2.15</p>
<p>18   Equitilink		8.33     0.60</p>
<p>19   Schroder Prop	   8.30     2.23</p>
<p>20   Gandel Retail Tr	8.22     0.95</p>
<p>-- Sydney newsroom 61-2 9373-1800</p>
</text>
<copyright>(c) Reuters Limited 1997</copyright>
<metadata>
<codes class="bip:countries:1.0">
  <code code="AUSTR">
    <editdetail attribution="Reuters BIP Coding Group" action="confirmed" date="1997-05-04"/>
  </code>
</codes>
<codes class="bip:industries:1.0">
  <code code="I21000">
    <editdetail attribution="Reuters BIP Coding Group" action="confirmed" date="1997-05-04"/>
  </code>
  <code code="I66500">
    <editdetail attribution="Reuters BIP Coding Group" action="confirmed" date="1997-05-04"/>
  </code>
  <code code="I81502">
    <editdetail attribution="Reuters BIP Coding Group" action="confirmed" date="1997-05-04"/>
  </code>
  <code code="I8150206">
    <editdetail attribution="Reuters BIP Coding Group" action="confirmed" date="1997-05-04"/>
  </code>
  <code code="I83100">
    <editdetail attribution="Reuters BIP Coding Group" action="confirmed" date="1997-05-04"/>
  </code>
  <code code="I83960">
    <editdetail attribution="Reuters BIP Coding Group" action="confirmed" date="1997-05-04"/>
  </code>
  <code code="I85000">
    <editdetail attribution="Reuters BIP Coding Group" action="confirmed" date="1997-05-04"/>
  </code>
  <code code="I8500029">
    <editdetail attribution="Reuters BIP Coding Group" action="confirmed" date="1997-05-04"/>
  </code>
</codes>
<codes class="bip:topics:1.0">
  <code code="C15">
    <editdetail attribution="Reuters BIP Coding Group" action="confirmed" date="1997-05-04"/>
  </code>
  <code code="C152">
    <editdetail attribution="Reuters BIP Coding Group" action="confirmed" date="1997-05-04"/>
  </code>
  <code code="CCAT">
    <editdetail attribution="Reuters BIP Coding Group" action="confirmed" date="1997-05-04"/>
  </code>
</codes>
<dc element="dc.date.created" value="1996-05-05"/>
<dc element="dc.publisher" value="Reuters Holdings Plc"/>
<dc element="dc.date.published" value="1997-05-04"/>
<dc element="dc.source" value="Reuters"/>
<dc element="dc.creator.location" value="SYDNEY"/>
<dc element="dc.creator.location.country.name" value="AUSTRALIA"/>
<dc element="dc.source" value="Reuters"/>
</metadata>
</newsitem>
