<?xml version="1.0" encoding="iso-8859-1" ?>
<newsitem itemid="558595" id="root" date="1997-05-04" xml:lang="en">
<title>MALAYSIA: Malaysia, Singapore war of words seen sputtering on.</title>
<headline>Malaysia, Singapore war of words seen sputtering on.</headline>
<byline>Reme Ahmad</byline>
<dateline>KUALA LUMPUR 1997-05-04</dateline>
<text>
<p>Malaysia's war of words with Singapore may sputter on but Kuala Lumpur was not expected to take further action against a neighbour with whom it has intimate economic and cultural ties, analysts said.</p>
<p>But as the governments step back, the media of both countries had picked up the banner in this steam-venting exercise, they said.</p>
<p>Remarks by Malaysian Prime Minister Mahathir Mohamad last week indicated Malaysia wants to put the bitter row behind it.</p>
<p>&quot;I don't want to prolong the matter,&quot; Mahathir told reporters. &quot;It takes time to get over our feelings of hurt. I'll only go so far.&quot;</p>
<p>And Singaporean leaders, including Prime Minister Goh Chok Tong, have said they will let Malaysia set the pace in repairing the worst diplomatic tiff in years between the neighbours.</p>
<p>Goh last month quoted an old Malay saying that even a sharp knife cannot cut water in two to explain how close the ties were between tow countries who share the same Imperial legacy.</p>
<p>Singapore is one of the largest investors in Malaysia, ploughing in $1.3 billion last year, and is its biggest trading partner, with two-way trade worth $34 billion last year.</p>
<p>Malaysia provides Singapore with most of its water and ships up to half of its exports through Singapore's port.</p>
<p>&quot;It is better that the two countries move on,&quot; said an analyst at a Malaysian think-tank. &quot;There is so much at stake here... the destinies of the two are entwined,&quot; he said.</p>
<p>Singapore's founding father and former prime minister Lee Kuan Yew unleashed a torrent of anger in Malaysia when he said the southern state of Johor was &quot;notorious for shootings, muggings and car-jackings&quot;.</p>
<p>The remarks were contained in a court affidavit in his libel suit against an opposition leader and Lee said they were never meant to be public.</p>
<p>To soothe Malaysian anger, Lee in a rare move, offered an unreserved apology to Malaysians over the remarks. The Singapore High Court last week allowed him to delete the offending words from the affidavit.</p>
<p>Last Tuesday, The Straits Times fanned the fury when it published stories which said Lee was probably justified in his criticism of Johor as an unsafe place.</p>
<p>Malaysians reacted angrily, with trade minister Rafidah Aziz last week calling for a &quot;media war&quot; against Singapore.</p>
<p>Last Thursday, leading Malay daily Utusan Malaysia was sharply critical in a front page editorial, while Malaysia's New Straits Times daily carried an item about a United Nations report showing crime in Singapore to be higher than in Malaysia.</p>
<p>&quot;I was a little bit surprised the Straits Times wanted to keep at it,&quot; said analyst Bruce Gale of the Political &amp; Economic Risk Consultancy in Singapore. &quot;What we see in the New Straits Times is a bit tit for tat,&quot; he said.</p>
<p>But on Sunday Singapore's pro-government Sunday Times said Singaporeans had no wish to antagonise Malaysians needlessly and wanted constructive talks on serious issues, not a pointless media war.</p>
<p>&quot;Being pragmatic they (Singaporeans) would rather focus on more pressing concerns than engage in a pointless spat with their neighbours,&quot; the paper said in a commentary.</p>
</text>
<copyright>(c) Reuters Limited 1997</copyright>
<metadata>
<codes class="bip:countries:1.0">
  <code code="MALAY">
    <editdetail attribution="Reuters BIP Coding Group" action="confirmed" date="1997-05-04"/>
  </code>
  <code code="SINGP">
    <editdetail attribution="Reuters BIP Coding Group" action="confirmed" date="1997-05-04"/>
  </code>
</codes>
<codes class="bip:topics:1.0">
  <code code="GCAT">
    <editdetail attribution="Reuters BIP Coding Group" action="confirmed" date="1997-05-04"/>
  </code>
  <code code="GDIP">
    <editdetail attribution="Reuters BIP Coding Group" action="confirmed" date="1997-05-04"/>
  </code>
</codes>
<dc element="dc.date.created" value="1997-05-04"/>
<dc element="dc.publisher" value="Reuters Holdings Plc"/>
<dc element="dc.date.published" value="1997-05-04"/>
<dc element="dc.source" value="Reuters"/>
<dc element="dc.creator.location" value="KUALA LUMPUR"/>
<dc element="dc.creator.location.country.name" value="MALAYSIA"/>
<dc element="dc.source" value="Reuters"/>
</metadata>
</newsitem>
