<?xml version="1.0" encoding="iso-8859-1" ?>
<newsitem itemid="558550" id="root" date="1997-05-04" xml:lang="en">
<title>JAPAN: Newspaper says Japan plans change in stocks tax.</title>
<headline>Newspaper says Japan plans change in stocks tax.</headline>
<dateline>TOKYO 1997-05-04</dateline>
<text>
<p>Japan's Finance Ministry plans to overhaul the tax system for capital gains on stock trading, scrapping the option of taxation at source, a major financial newspaper reported on Sunday.</p>
<p>Under the present system a uniform 26 percent tax rate is applied to capital gains on stocks, but an investor can choose withholding tax, which is imposed at a fixed rate of 1.05 percent against revenues from stock sales, regardless of the actual amount of capital gains.</p>
<p>The system allows an investor to minimize tax payments by choosing the most advantageous system depending on investment results.</p>
<p>The Nihon Keizai Shimbun said the ministry has decided to end the option to ensure fairness in stock trading,</p>
<p>The newspaper said the ministry also plans to review the present 26 percent uniform rate, possibly introducing a progressive taxation rate system, to make taxation reflect investors' income.</p>
<p>Finance Ministry officials were not available for comment on the report and the newspaper did not say when the changes would come into effect.</p>
</text>
<copyright>(c) Reuters Limited 1997</copyright>
<metadata>
<codes class="bip:countries:1.0">
  <code code="JAP">
    <editdetail attribution="Reuters BIP Coding Group" action="confirmed" date="1997-05-04"/>
  </code>
</codes>
<codes class="bip:topics:1.0">
  <code code="E21">
    <editdetail attribution="Reuters BIP Coding Group" action="confirmed" date="1997-05-04"/>
  </code>
  <code code="E211">
    <editdetail attribution="Reuters BIP Coding Group" action="confirmed" date="1997-05-04"/>
  </code>
  <code code="ECAT">
    <editdetail attribution="Reuters BIP Coding Group" action="confirmed" date="1997-05-04"/>
  </code>
  <code code="M11">
    <editdetail attribution="Reuters BIP Coding Group" action="confirmed" date="1997-05-04"/>
  </code>
  <code code="MCAT">
    <editdetail attribution="Reuters BIP Coding Group" action="confirmed" date="1997-05-04"/>
  </code>
</codes>
<dc element="dc.date.created" value="1997-05-04"/>
<dc element="dc.publisher" value="Reuters Holdings Plc"/>
<dc element="dc.date.published" value="1997-05-04"/>
<dc element="dc.source" value="Reuters"/>
<dc element="dc.creator.location" value="TOKYO"/>
<dc element="dc.creator.location.country.name" value="JAPAN"/>
<dc element="dc.source" value="Reuters"/>
</metadata>
</newsitem>
