<?xml version="1.0" encoding="iso-8859-1" ?>
<newsitem itemid="558597" id="root" date="1997-05-04" xml:lang="en">
<title>SYRIA: Syria's Assad urges Blair to back Mideast peace.</title>
<headline>Syria's Assad urges Blair to back Mideast peace.</headline>
<dateline>DAMASCUS 1997-05-03</dateline>
<text>
<p>Syrian President Hafez al-Assad on Saturday congratulated Britain's new Prime Minister Tony Blair and expressed hope for continued British support for the Middle East peace process.</p>
<p>&quot;I hope that the government of the United Kingdom under your leadership, and within the European Union, will continue to support the cause of just and comprehensive peace in the Middle East on the basis of relevant United Nations resolutions and the principle of land for peace,&quot; Assad told blair in a cable a copy of which was obtained by Reuters.</p>
<p>&quot;I express my confidence that the relations of friendship and cooperation between our two countries will further strengthen in the years ahead,&quot; the Syrian leader added.</p>
<p>Earlier on Saturday an official Syrian newspaper said it believed Blair would give Europe a greater role in the Middle East.</p>
<p>Tishreen daily said Britain and Europe have a chance to increase their influence in the peace process from the United States, the main broker of the Arab-Israeli peace talks.</p>
<p>&quot;With the shrinking of the U.S. role due to the flagrant U.S. submission to Israel, the region and the world look for a more effective European role. Britain can contribute to the shaping of this role as Blair himself declared,&quot; Tishreen said.</p>
<p>&quot;Britain could stand firmly in support of a just and comprehensive peace and could contribute with other European states to rescue the peace proces,&quot; it said.</p>
<p>The paper criticised the policy of the outgoing British Conservative Party: &quot;Positions of the Conservatives were in fact disappointing. It was biased to Israel.&quot;</p>
<p>Syrian-British ties were strained under the Conservatives. Britain severed diplomatic ties with Syria in 1986 after accusing Damascus of involvement in a plot to bomb an Israeli plane flying from London.</p>
<p>Ties were restored in 1990 prior to the Gulf War when Syrian and British forces joined the U.S.-led multinational force that drove Iraqi troops from Kuwait after six months of occupation.</p>
</text>
<copyright>(c) Reuters Limited 1997</copyright>
<metadata>
<codes class="bip:countries:1.0">
  <code code="ISRAEL">
    <editdetail attribution="Reuters BIP Coding Group" action="confirmed" date="1997-05-04"/>
  </code>
  <code code="SYRIA">
    <editdetail attribution="Reuters BIP Coding Group" action="confirmed" date="1997-05-04"/>
  </code>
  <code code="UK">
    <editdetail attribution="Reuters BIP Coding Group" action="confirmed" date="1997-05-04"/>
  </code>
  <code code="USA">
    <editdetail attribution="Reuters BIP Coding Group" action="confirmed" date="1997-05-04"/>
  </code>
</codes>
<codes class="bip:topics:1.0">
  <code code="GCAT">
    <editdetail attribution="Reuters BIP Coding Group" action="confirmed" date="1997-05-04"/>
  </code>
  <code code="GDIP">
    <editdetail attribution="Reuters BIP Coding Group" action="confirmed" date="1997-05-04"/>
  </code>
</codes>
<dc element="dc.date.created" value="1997-05-03"/>
<dc element="dc.publisher" value="Reuters Holdings Plc"/>
<dc element="dc.date.published" value="1997-05-04"/>
<dc element="dc.source" value="Reuters"/>
<dc element="dc.creator.location" value="DAMASCUS"/>
<dc element="dc.creator.location.country.name" value="SYRIA"/>
<dc element="dc.source" value="Reuters"/>
</metadata>
</newsitem>
