<?xml version="1.0" encoding="iso-8859-1" ?>
<newsitem itemid="558625" id="root" date="1997-05-04" xml:lang="en">
<title>MOROCCO: PRESS DIGEST - Morocco - May 3.</title>
<headline>PRESS DIGEST - Morocco - May 3.</headline>
<dateline>RABAT 1997-05-03</dateline>
<text>
<p>These are the leading stories in the Moroccan press on Saturday. Reuters has not verified these stories and does not vouch for their accuracy.</p>
<p>LE MATIN</p>
<p>- Farmers sowed over only four-fifths of the 1996 crop area because of dry weather in 1997.</p>
<p>- King Hassan II's adviser Andre Azoulay says Morocco's economic priority is to create jobs.</p>
<p>- Moroccan businessmen visit Saudi Arabia and Qatar to boost exports to the two countries.</p>
<p>L'OPINION</p>
<p>- World Bank lends Morocco $85 million to upgrade its railway network.</p>
<p>ALMAGHRIB</p>
<p>- More than 62 percent of Moroccan women in rural areas are illiterate.</p>
<p>- Prime Minister Abdellatif Filali meets human rights officials to discuss the human rights situation in Morocco.</p>
</text>
<copyright>(c) Reuters Limited 1997</copyright>
<metadata>
<codes class="bip:countries:1.0">
  <code code="MOROC">
    <editdetail attribution="Reuters BIP Coding Group" action="confirmed" date="1997-05-04"/>
  </code>
</codes>
<codes class="bip:topics:1.0">
  <code code="GCAT">
    <editdetail attribution="Reuters BIP Coding Group" action="confirmed" date="1997-05-04"/>
  </code>
</codes>
<dc element="dc.date.created" value="1997-05-03"/>
<dc element="dc.publisher" value="Reuters Holdings Plc"/>
<dc element="dc.date.published" value="1997-05-04"/>
<dc element="dc.source" value="Reuters"/>
<dc element="dc.creator.location" value="RABAT"/>
<dc element="dc.creator.location.country.name" value="MOROCCO"/>
<dc element="dc.source" value="Reuters"/>
</metadata>
</newsitem>
