<?xml version="1.0" encoding="iso-8859-1" ?>
<newsitem itemid="558608" id="root" date="1997-05-04" xml:lang="en">
<title>TURKEY: Turkey's Erbakan excludes early polls in army row.</title>
<headline>Turkey's Erbakan excludes early polls in army row.</headline>
<dateline>ANKARA 1997-05-03</dateline>
<text>
<p>Turkish Prime Minister Necmettin Erbakan on Saturday ruled out early elections as a solution to his dispute with the secularist army over Islamist activism, Anatolian news agency said.</p>
<p>&quot;Going to elections would mean coming under the influence of a false agenda,&quot; the agency quoted Erbakan as telling a meeting of local heads of his Welfare Party.</p>
<p>The prime minister last weekend threatened the divided opposition with snap polls in what was seen as a tactical move. The other parties have not taken up his challenge to ask the voters to mediate his row with the generals.</p>
<p>&quot;There is no alternative to today's government and no other solution,&quot; he said on Saturday.</p>
<p>The secularist army has put Erbakan, modern Turkey's first Islamist prime minister, under heavy pressure to crack down on a Moslem religious upsurge. The generals say curtailing growing Islamist sentiment is a matter of life or death for NATO-member Turkey.</p>
<p>But Erbakan's wing of the coalition government has stalled in taking anti-Islamist action.</p>
<p>Interior Minister Meral Aksener, from the ruling alliance's secularist True Path Party faction, on Saturday vowed to close down thousands of outlawed Islamic education centres in line with army demands.</p>
<p>&quot;Not one illegal Koranic course, religious hostel or similar institution will remain,&quot; Anatolian quoted minister her as saying.</p>
<p>&quot;We will take all the necessary precautions to prevent our country's bright horizon from darkening.&quot;</p>
<p>Two True Path ministers resigned last weekend but there has been little sign of a much-vaunted anti-Islamist rebellion in the ranks of the party led by Deputy Prime Minister Tansu Ciller.</p>
<p>Ciller said on Thursday her party would not abandon its Islamist coalition partners.</p>
<p>Analysts say MPs of all political hues oppose early elections in fear of losing their seats.</p>
<p>Aksener said the dozens of underground Koranic classes closed by police in recent raids represented less than two percent of the number of illegal courses.</p>
</text>
<copyright>(c) Reuters Limited 1997</copyright>
<metadata>
<codes class="bip:countries:1.0">
  <code code="TURK">
    <editdetail attribution="Reuters BIP Coding Group" action="confirmed" date="1997-05-04"/>
  </code>
</codes>
<codes class="bip:topics:1.0">
  <code code="GCAT">
    <editdetail attribution="Reuters BIP Coding Group" action="confirmed" date="1997-05-04"/>
  </code>
  <code code="GPOL">
    <editdetail attribution="Reuters BIP Coding Group" action="confirmed" date="1997-05-04"/>
  </code>
  <code code="GREL">
    <editdetail attribution="Reuters BIP Coding Group" action="confirmed" date="1997-05-04"/>
  </code>
  <code code="GVOTE">
    <editdetail attribution="Reuters BIP Coding Group" action="confirmed" date="1997-05-04"/>
  </code>
</codes>
<dc element="dc.date.created" value="1997-05-03"/>
<dc element="dc.publisher" value="Reuters Holdings Plc"/>
<dc element="dc.date.published" value="1997-05-04"/>
<dc element="dc.source" value="Reuters"/>
<dc element="dc.creator.location" value="ANKARA"/>
<dc element="dc.creator.location.country.name" value="TURKEY"/>
<dc element="dc.source" value="Reuters"/>
</metadata>
</newsitem>
