<?xml version="1.0" encoding="iso-8859-1" ?>
<newsitem itemid="558679" id="root" date="1997-05-04" xml:lang="en">
<title>USA: Police hunt for two Texas separatists.</title>
<headline>Police hunt for two Texas separatists.</headline>
<byline>James Pierpoint</byline>
<dateline>FORT DAVIS, Texas 1997-05-04</dateline>
<text>
<p>Police scoured a remote west Texas mountain range on Sunday for two escaped, armed separatists a day after their group surrendered at the end of a week-long siege.</p>
<p>Helicopters, at least 20 bloodhounds and two teams of troopers on horseback searched throughout the night for the two men, identified as Richard Keyes and Mike Matson.</p>
<p>&quot;There's no place for them to go,&quot; Texas Department of Public Safety spokesman Mike Cox said. &quot;We have the back of the area sealed off. They are in there somewhere.&quot;</p>
<p>The two men, both in their early 20s, walked away from the Republic of Texas mountain compound when the separatist group's leader Richard McLaren, his wife and three others put down their guns and surrendered to police forces on Saturday.</p>
<p>Police saw Keyes and Matson escape into the Davis Mountains at around midday on Saturday but did not begin searching for them until four hours later, after the other Republic members had given themselves up, because they did not want to jeopardise the delicate negotiations which eventually brought the surrender of McLaren and his other followers.</p>
<p>Officials said the two men were dressed in camouflage and armed with an assault rifle, a deer-hunting rifle and a 9mm pistol, but rejected suggestions they had moved too slowly and said Keyes and Matson did not pose a serious threat.</p>
<p>Cox said the quantity of explosives and firearms inside the Republic's dilapidated compound demonstrated that ending the siege was more important than chasing the two escapees.</p>
<p>An ordnance team on Sunday exploded a makeshift bomb and police found 40 to 60 pipe bombs stored in a series of makeshift bunkers around the compound, Cox said.</p>
<p>The ragtag militia group also set up a dozen gasoline-filled cannisters rigged to rain down fire on the road leading into the embassy.</p>
<p>McLaren and his other followers, who claim Texas is an independent nation, had vowed to defend their &quot;embassy&quot; compound to the death but surrendered when scores of police surrounded them and prepared to move in.</p>
<p>They were taken to Presidio County Jail in nearby Marfa, Texas, and arraigned on Saturday night. McLaren was jailed without bond and faces state felony charges tied to the kidnapping of two neighbours at the start of the standoff last Sunday, as well as federal contempt of court charges.</p>
<p>His wife Evelyn and the three other Republic members -- Richard &quot;White Eagle&quot; Otto, Karen and Gregg Paulson and Robert Schedit -- were each held on $500,000 bond.</p>
<p>The McLarens spent Saturday night in the same jail cell, a privilege negotiated during the final hours of the siege.</p>
<p>All the prisoners and one of the two escapees could face between five years and 99 years in prison for the state felony charges. Matson faces no charges and police said they did not understand why he chose to flee.</p>
<p>McLaren had been holed up inside his compound for four months after an arrest warrant was issued against him on contempt charges, but the situation only turned dangerous when police arrested a Republic member last Sunday and McLaren retaliated by ordering the kidnapping of two neighbours. They were released 12 hours later in a prisoner exchange.</p>
<p>McLaren finally agreed to turn himself in when Texas Rangers signed off on a &quot;cease-fire agreement&quot; which included recognition of the Republic of Texas and an assurance that McLaren will be given the opportunity to argue before a federal judge in Washington D.C. that there should be a referendum on the issue of Texas independence.</p>
<p>The agreement also allowed the Republic to fly its flag -- a lone yellow star on a blue field -- over the west Texas &quot;embassy,&quot; but it was later lowered.</p>
<p>The Republic members face a battery of charges in the siege, which began on Sunday when they took two hostages in retaliation for the arrest by local police of security chief Robert Scheidt.</p>
<p>The Republic of Texas, which claims to have thousands of members and ties to anti-government militia groups, says that Texas' 1845 annexation by the United States was illegal. Texas was an independent nation for nine years after it broke from Mexico in an 1836 rebellion McLaren likened to his own.</p>
</text>
<copyright>(c) Reuters Limited 1997</copyright>
<metadata>
<codes class="bip:countries:1.0">
  <code code="USA">
    <editdetail attribution="Reuters BIP Coding Group" action="confirmed" date="1997-05-04"/>
  </code>
</codes>
<codes class="bip:topics:1.0">
  <code code="GCAT">
    <editdetail attribution="Reuters BIP Coding Group" action="confirmed" date="1997-05-04"/>
  </code>
  <code code="GCRIM">
    <editdetail attribution="Reuters BIP Coding Group" action="confirmed" date="1997-05-04"/>
  </code>
  <code code="GVIO">
    <editdetail attribution="Reuters BIP Coding Group" action="confirmed" date="1997-05-04"/>
  </code>
</codes>
<dc element="dc.date.created" value="1997-05-04"/>
<dc element="dc.publisher" value="Reuters Holdings Plc"/>
<dc element="dc.date.published" value="1997-05-04"/>
<dc element="dc.source" value="Reuters"/>
<dc element="dc.creator.location" value="FORT DAVIS, Texas"/>
<dc element="dc.creator.location.country.name" value="USA"/>
<dc element="dc.source" value="Reuters"/>
</metadata>
</newsitem>
