<?xml version="1.0" encoding="iso-8859-1" ?>
<newsitem itemid="558658" id="root" date="1997-05-04" xml:lang="en">
<title>DUBAI: Omani firms in $25 mln hydrochloric acid plant.</title>
<headline>Omani firms in $25 mln hydrochloric acid plant.</headline>
<dateline>DUBAI 1997-05-04</dateline>
<text>
<p>A group of mainly Omani companies plans to set up a $25 million plant to produce hydrochloric acid for the oil and gas industry, one of the project's founders said on Sunday.</p>
<p>National Trading Co managing director Tony Georgiou told Reuters the plant, in the Sohar industrial zone in northern Oman, would produce about 10.5 million gallons of hydrochloric acid a year when it comes on stream at end-1999.</p>
<p>&quot;We are not aiming only for the Omani market, but also for the United Arab Emirates market,&quot; he said, adding that Oman's annual requirement of around five million gallons a year was currently met by imports, mostly from India.</p>
<p>Georgiou, speaking by telephone from Muscat, said hydrochloric acid was used in the oil and gas industry to help drill wells. The raw material for the product was salt, which would be imported either from Australia, India or Iran.</p>
<p>&quot;Hal Chemicals, which have an operation at Jebel Ali in the UAE, are co-developers,&quot; he said, but added that the exact equity portion of each founder shareholder was still being finalised.</p>
<p>Once decided, the remaining portion would be floated on the Muscat stock exchange. &quot;It will be open to public subscription in June or July,&quot; Georgiou said.</p>
<p>Construction of the plant would begin in July and take about 18 months to complete, he said.</p>
<p>-- Hilary Gush +9714-626990</p>
</text>
<copyright>(c) Reuters Limited 1997</copyright>
<metadata>
<codes class="bip:countries:1.0">
  <code code="OMAN">
    <editdetail attribution="Reuters BIP Coding Group" action="confirmed" date="1997-05-04"/>
  </code>
</codes>
<codes class="bip:industries:1.0">
  <code code="I25000">
    <editdetail attribution="Reuters BIP Coding Group" action="confirmed" date="1997-05-04"/>
  </code>
</codes>
<codes class="bip:topics:1.0">
  <code code="C11">
    <editdetail attribution="Reuters BIP Coding Group" action="confirmed" date="1997-05-04"/>
  </code>
  <code code="C24">
    <editdetail attribution="Reuters BIP Coding Group" action="confirmed" date="1997-05-04"/>
  </code>
  <code code="CCAT">
    <editdetail attribution="Reuters BIP Coding Group" action="confirmed" date="1997-05-04"/>
  </code>
</codes>
<dc element="dc.date.created" value="1997-05-04"/>
<dc element="dc.publisher" value="Reuters Holdings Plc"/>
<dc element="dc.date.published" value="1997-05-04"/>
<dc element="dc.source" value="Reuters"/>
<dc element="dc.creator.location" value="DUBAI"/>
<dc element="dc.creator.location.country.name" value="DUBAI"/>
<dc element="dc.source" value="Reuters"/>
</metadata>
</newsitem>
