<?xml version="1.0" encoding="iso-8859-1" ?>
<newsitem itemid="558618" id="root" date="1997-05-04" xml:lang="en">
<title>JORDAN: Jordan Housing Bank to double its capital.</title>
<headline>Jordan Housing Bank to double its capital.</headline>
<dateline>AMMAN 1997-05-03</dateline>
<text>
<p>Shareholders of Jordan's Housing Bank have approved a doubling of its capital to 50 million dinars ($70.6 million) to help expand its financing role, bank officials said on Saturday.</p>
<p>The bank's shareholders approved at an extraordinary AGM meeting on Friday a recommendation by the board to raise its capital by a private placement from existing shareholders along with subscriptions from local and foreign investors.</p>
<p>Officials, who say Gulf investors have shown interest in participating in a new issue, do not expect a final decision on the shape of the capital hike before June, bank officials said.</p>
<p>The bank has also not ruled out a GDR (Global Depository Receipt) issue, although that option appears less likely, they said.</p>
<p>The capital increase will help raise the bank's competitiveness and its financing role both in the local market and regionally after a new law passed last month widened its scope of operations to comprehensive banking.</p>
<p>A newly elected 13-member board of the bank, which includes representatives from state shareholders Jordan, Kuwait, Qatar, and Iran, reappointed Jordanian banker Zuhair Khoury as chairman and executive president of the bank.</p>
<p>Abdul-Qader Dweik, formerly deputy general manager, was elected as general manager.</p>
<p>Bank officials say Housing Bank's strategic focus is to expand into comprehensive banking and away from its original real estate credit niche along with widening its investment and private banking business for its clients in capital markets.</p>
<p>Housing Bank's total assets stood at 1.136 billion dinars by the end of 1996 and its deposits stood at 918 million dinars.</p>
<p>The bank, which is Jordan's second largest bank, has Arab and foreign investors including Kuwait with a 20 percent stake and equal 6 percent stakes by Oman, Qatar and Iran. Jordan's government owns 18 percent.</p>
</text>
<copyright>(c) Reuters Limited 1997</copyright>
<metadata>
<codes class="bip:countries:1.0">
  <code code="JORDAN">
    <editdetail attribution="Reuters BIP Coding Group" action="confirmed" date="1997-05-04"/>
  </code>
</codes>
<codes class="bip:topics:1.0">
  <code code="C17">
    <editdetail attribution="Reuters BIP Coding Group" action="confirmed" date="1997-05-04"/>
  </code>
  <code code="C171">
    <editdetail attribution="Reuters BIP Coding Group" action="confirmed" date="1997-05-04"/>
  </code>
  <code code="CCAT">
    <editdetail attribution="Reuters BIP Coding Group" action="confirmed" date="1997-05-04"/>
  </code>
</codes>
<dc element="dc.date.created" value="1997-05-03"/>
<dc element="dc.publisher" value="Reuters Holdings Plc"/>
<dc element="dc.date.published" value="1997-05-04"/>
<dc element="dc.source" value="Reuters"/>
<dc element="dc.creator.location" value="AMMAN"/>
<dc element="dc.creator.location.country.name" value="JORDAN"/>
<dc element="dc.source" value="Reuters"/>
</metadata>
</newsitem>
