<?xml version="1.0" encoding="iso-8859-1" ?>
<newsitem itemid="558665" id="root" date="1997-05-04" xml:lang="en">
<title>TURKEY: Turkish wholesale prices rise 5.5 percent in April.</title>
<headline>Turkish wholesale prices rise 5.5 percent in April.</headline>
<dateline>ISTANBUL 1997-05-04</dateline>
<text>
<p>Turkey's wholesale prices rose 5.5 percent month-on month in April after a rise of 6.0 percent in March, the State Institute of Statistics said on Sunday.</p>
<p>It said April consumer prices rose by 6.6 percent, compared with a rise of 5.4 percent the previous month.</p>
<p>Year-on year wholesale inflation stood at 72.8 percent, versus 77.0 percent in March, it said.</p>
<p>Year-on-year consumer inflation was 77.2 percent in April, compared with 77.3 in March, the institute said.</p>
</text>
<copyright>(c) Reuters Limited 1997</copyright>
<metadata>
<codes class="bip:countries:1.0">
  <code code="TURK">
    <editdetail attribution="Reuters BIP Coding Group" action="confirmed" date="1997-05-04"/>
  </code>
</codes>
<codes class="bip:topics:1.0">
  <code code="E13">
    <editdetail attribution="Reuters BIP Coding Group" action="confirmed" date="1997-05-04"/>
  </code>
  <code code="E131">
    <editdetail attribution="Reuters BIP Coding Group" action="confirmed" date="1997-05-04"/>
  </code>
  <code code="E132">
    <editdetail attribution="Reuters BIP Coding Group" action="confirmed" date="1997-05-04"/>
  </code>
  <code code="ECAT">
    <editdetail attribution="Reuters BIP Coding Group" action="confirmed" date="1997-05-04"/>
  </code>
</codes>
<dc element="dc.date.created" value="1997-05-04"/>
<dc element="dc.publisher" value="Reuters Holdings Plc"/>
<dc element="dc.date.published" value="1997-05-04"/>
<dc element="dc.source" value="Reuters"/>
<dc element="dc.creator.location" value="ISTANBUL"/>
<dc element="dc.creator.location.country.name" value="TURKEY"/>
<dc element="dc.source" value="Reuters"/>
</metadata>
</newsitem>
