<?xml version="1.0" encoding="iso-8859-1" ?>
<newsitem itemid="558616" id="root" date="1997-05-04" xml:lang="en">
<title>TURKEY: Turkish court orders Kurd paper closed for month.</title>
<headline>Turkish court orders Kurd paper closed for month.</headline>
<dateline>ISTANBUL 1997-05-03</dateline>
<text>
<p>A Turkish court has closed a Kurdish daily newspaper for a month because of an article it published on a fatal left-wing hunger strike, the paper said on Saturday.</p>
<p>&quot;The state has chosen the option of closing our newspaper,&quot; the Demokrasi daily said in a statement.</p>
<p>It said the Istanbul state security court on Friday ordered the paper not to publish for a month because of an article &quot;After the Rebellion&quot; about a hunger strike last year in which 12 leftist militant prisoners died.</p>
<p>The article mentioned what the author said was a campaign to assimilate Turkey's estimated 10 million Kurds. Demokrasi said the court ruled the article broke a law against &quot;provoking hatred by showing differences of race, class or creed&quot;.</p>
<p>The paper frequently reports from a Kurdish perspective on the 12-year-old battle between separatist guerrillas and security forces in the mainly Kurdish southeast of the country.</p>
<p>Three other Kurdish dailies have ended publication under pressure from the courts in recent years.</p>
</text>
<copyright>(c) Reuters Limited 1997</copyright>
<metadata>
<codes class="bip:countries:1.0">
  <code code="TURK">
    <editdetail attribution="Reuters BIP Coding Group" action="confirmed" date="1997-05-04"/>
  </code>
</codes>
<codes class="bip:industries:1.0">
  <code code="I47510">
    <editdetail attribution="Reuters BIP Coding Group" action="confirmed" date="1997-05-04"/>
  </code>
</codes>
<codes class="bip:topics:1.0">
  <code code="C13">
    <editdetail attribution="Reuters BIP Coding Group" action="confirmed" date="1997-05-04"/>
  </code>
  <code code="CCAT">
    <editdetail attribution="Reuters BIP Coding Group" action="confirmed" date="1997-05-04"/>
  </code>
  <code code="GCAT">
    <editdetail attribution="Reuters BIP Coding Group" action="confirmed" date="1997-05-04"/>
  </code>
  <code code="GPOL">
    <editdetail attribution="Reuters BIP Coding Group" action="confirmed" date="1997-05-04"/>
  </code>
</codes>
<dc element="dc.date.created" value="1997-05-03"/>
<dc element="dc.publisher" value="Reuters Holdings Plc"/>
<dc element="dc.date.published" value="1997-05-04"/>
<dc element="dc.source" value="Reuters"/>
<dc element="dc.creator.location" value="ISTANBUL"/>
<dc element="dc.creator.location.country.name" value="TURKEY"/>
<dc element="dc.source" value="Reuters"/>
</metadata>
</newsitem>
