<?xml version="1.0" encoding="iso-8859-1" ?>
<newsitem itemid="558605" id="root" date="1997-05-04" xml:lang="en">
<title>ISRAEL: Israel's Weizman asks to meet Arafat-PLO.</title>
<headline>Israel's Weizman asks to meet Arafat-PLO.</headline>
<dateline>JERUSALEM 1997-05-03</dateline>
<text>
<p>Israeli President Ezer Weizman and Palestinian President Yasser Arafat have agreed to meet but a date has yet to be set, a PLO official and Israel Radio said on Saturday.</p>
<p>&quot;Weizman asked for the meeting,&quot; the PLO official, who confirmed the Israel Radio report and spoke on condition he not be identified, said. &quot;No date has been set for the meeting. We don't expect it to take place before the end of the week.&quot;</p>
<p>He could not elaborate on the purpose of the meeting.</p>
<p>Weizman's spokeswoman said she was checking the report.</p>
<p>The news came just ahead of U.S. peace envoy Dennis Ross's visit to the region which the Palestine Liberation Organisation (PLO) official said is to begin on Monday night. Ross is trying to revive peace moves between the sides.</p>
<p>The Israeli president, whose position is largely ceremonial, has tried in the past to smooth relations between Israel and the Palestinian Authority that have been rocky since Israeli Prime Minister Benjamin Netanyahu took office last June.</p>
<p>Peacemaking ground to halt between the sides after Netanyahu sent bulldozers to carve out a Jewish settlement in Arab East Jerusalem on March 18.</p>
</text>
<copyright>(c) Reuters Limited 1997</copyright>
<metadata>
<codes class="bip:countries:1.0">
  <code code="ISRAEL">
    <editdetail attribution="Reuters BIP Coding Group" action="confirmed" date="1997-05-04"/>
  </code>
</codes>
<codes class="bip:topics:1.0">
  <code code="GCAT">
    <editdetail attribution="Reuters BIP Coding Group" action="confirmed" date="1997-05-04"/>
  </code>
  <code code="GPOL">
    <editdetail attribution="Reuters BIP Coding Group" action="confirmed" date="1997-05-04"/>
  </code>
</codes>
<dc element="dc.date.created" value="1997-05-03"/>
<dc element="dc.publisher" value="Reuters Holdings Plc"/>
<dc element="dc.date.published" value="1997-05-04"/>
<dc element="dc.source" value="Reuters"/>
<dc element="dc.creator.location" value="JERUSALEM"/>
<dc element="dc.creator.location.country.name" value="ISRAEL"/>
<dc element="dc.source" value="Reuters"/>
</metadata>
</newsitem>
