<?xml version="1.0" encoding="iso-8859-1" ?>
<newsitem itemid="558672" id="root" date="1997-05-04" xml:lang="en">
<title>USA: U.S. urges all Americans to leave Zaire.</title>
<headline>U.S. urges all Americans to leave Zaire.</headline>
<dateline>NEW YORK 1997-05-03</dateline>
<text>
<p>Zairean President Mobutu Sese Seko will resign after nearly 32 years in power and has made his intentions known in a letter to President Bill Clinton, according to a report in Sunday editions of the New York Times.</p>
<p>&quot;The decision for him to leave has been made,&quot; a senior American official is quoted as saying.</p>
<p>The major issue holding up the resignation appears to be whether rebel leader Laurent Kabila will seize undivided power or whether he will share it with other political forces, the newspaper reported.</p>
<p>Diplomats travelling with U.S. envoy to the United Nations, Bill Richardson, told the Times that Mobutu said in a letter to Clinton that he would quit.</p>
<p>&quot;A bitter shouting match&quot; took place between Mobutu and American parties on Tuesday after Richardson, the president's personal envoy to Zaire, delivered a letter from Clinton to Mobutu demanding face-to-face discussions with Kabila and urging him to &quot;withdraw from the political scene immediately,&quot; the newspaper reported.</p>
<p>When Richardson returned the next day to meet with Mobutu, the Zairean president handed the American envoy a letter for Clinton saying he would resign, according to the Times.</p>
<p>Mobutu, 66, who suffers from prostate cancer, is expected to &quot;say he is going away for medical treatment, meaning in effect that he would not return&quot; to Zaire, U.S. diplomats told the newspaper.</p>
<p>In Washington on Saturday the U.S. State Department urged U.S. citizens in Zaire to leave and warned Americans not to travel to the war-torn nation, citing the &quot;deteriorating security and political situation&quot; and the &quot;potential for unrest throughout the country.&quot;</p>
<p>In a statement released by State Department spokesman Nicholas Burns, the government also said it was ordering the departure of all non-essential U.S. embassy personnel. The government earlier ordered dependents of U.S. embassy personnel to leave Zaire.</p>
<p>&quot;The Department of State warns U.S. citizens to defer all travel to Zaire due to the uncertain political and security situation and the potential for unrest throughout the country ... The Department strongly urges U.S. citizens in Zaire to depart the country,&quot; said Burns.</p>
</text>
<copyright>(c) Reuters Limited 1997</copyright>
<metadata>
<codes class="bip:countries:1.0">
  <code code="USA">
    <editdetail attribution="Reuters BIP Coding Group" action="confirmed" date="1997-05-04"/>
  </code>
  <code code="ZAIRE">
    <editdetail attribution="Reuters BIP Coding Group" action="confirmed" date="1997-05-04"/>
  </code>
</codes>
<codes class="bip:topics:1.0">
  <code code="GCAT">
    <editdetail attribution="Reuters BIP Coding Group" action="confirmed" date="1997-05-04"/>
  </code>
  <code code="GDIP">
    <editdetail attribution="Reuters BIP Coding Group" action="confirmed" date="1997-05-04"/>
  </code>
  <code code="GPOL">
    <editdetail attribution="Reuters BIP Coding Group" action="confirmed" date="1997-05-04"/>
  </code>
  <code code="GVIO">
    <editdetail attribution="Reuters BIP Coding Group" action="confirmed" date="1997-05-04"/>
  </code>
</codes>
<dc element="dc.date.created" value="1997-05-03"/>
<dc element="dc.publisher" value="Reuters Holdings Plc"/>
<dc element="dc.date.published" value="1997-05-04"/>
<dc element="dc.source" value="Reuters"/>
<dc element="dc.creator.location" value="NEW YORK"/>
<dc element="dc.creator.location.country.name" value="USA"/>
<dc element="dc.source" value="Reuters"/>
</metadata>
</newsitem>
