<?xml version="1.0" encoding="iso-8859-1" ?>
<newsitem itemid="558660" id="root" date="1997-05-04" xml:lang="en">
<title>JORDAN: Saddam Hussein goes online - almost.</title>
<headline>Saddam Hussein goes online - almost.</headline>
<dateline>AMMAN 1997-05-04</dateline>
<text>
<p>Fans of President Saddam Hussein can now send messages to the reclusive Iraqi president on the Internet via an official homepage set up to celebrate his 60th birthday, a computer firm said on Sunday.</p>
<p>But well-wishers hoping for replies to their e-mail will have to be patient.</p>
<p>There are no Internet facilities in Iraq and Saddam's electronic mail-box is 800 km (500 miles) away in neighbouring Jordan. All messages have to travel by land in and out of sanction-hit Baghdad.</p>
<p>&quot;I will print them out here and send them by driver,&quot; said Iyad Awad, Amman representative of the Iraqi company Nahj Computer Services which set up the homepage last week.</p>
<p>Awad said he had already received many messages but he was saving them up &quot;so we can send a big amount&quot;.</p>
<p>&quot;It seems all the Arabic public were waiting for this, they are very enthusiastic,&quot; he told Reuters.</p>
<p>The page, at http://196.27.0.22/iraq, shows Iraq's flag with the Arabic inscription Allahu Akbar (God is great) and a grainy picture of Saddam Hussein, described simply as &quot;The Leader&quot;.</p>
<p>There is a biography of Saddam in Arabic and a description in English of the suffering which Iraqis have endured during nearly seven years of U.N. sanctions, imposed on Baghdad for its 1990 invasion of Kuwait. Blurred pictures of barely discernable tourist landmarks are also on show.</p>
<p>Saddam rarely appears in public and skipped his own birthday parade in his hometown of Tikrit last week, but Awad said any e-mail addressed to him would be passed on to Iraqi authorities in Baghdad.</p>
<p>&quot;These messages should go to the proper places,&quot; he said.</p>
</text>
<copyright>(c) Reuters Limited 1997</copyright>
<metadata>
<codes class="bip:countries:1.0">
  <code code="IRAQ">
    <editdetail attribution="Reuters BIP Coding Group" action="confirmed" date="1997-05-04"/>
  </code>
  <code code="JORDAN">
    <editdetail attribution="Reuters BIP Coding Group" action="confirmed" date="1997-05-04"/>
  </code>
</codes>
<codes class="bip:industries:1.0">
  <code code="I33030">
    <editdetail attribution="Reuters BIP Coding Group" action="confirmed" date="1997-05-04"/>
  </code>
</codes>
<codes class="bip:topics:1.0">
  <code code="C21">
    <editdetail attribution="Reuters BIP Coding Group" action="confirmed" date="1997-05-04"/>
  </code>
  <code code="CCAT">
    <editdetail attribution="Reuters BIP Coding Group" action="confirmed" date="1997-05-04"/>
  </code>
  <code code="GCAT">
    <editdetail attribution="Reuters BIP Coding Group" action="confirmed" date="1997-05-04"/>
  </code>
  <code code="GPOL">
    <editdetail attribution="Reuters BIP Coding Group" action="confirmed" date="1997-05-04"/>
  </code>
</codes>
<dc element="dc.date.created" value="1997-05-04"/>
<dc element="dc.publisher" value="Reuters Holdings Plc"/>
<dc element="dc.date.published" value="1997-05-04"/>
<dc element="dc.source" value="Reuters"/>
<dc element="dc.creator.location" value="AMMAN"/>
<dc element="dc.creator.location.country.name" value="JORDAN"/>
<dc element="dc.source" value="Reuters"/>
</metadata>
</newsitem>
