<?xml version="1.0" encoding="iso-8859-1" ?>
<newsitem itemid="724530" id="root" date="1997-07-13" xml:lang="en">
<title>UK: Sinn Fein says IRA truce &quot;difficult&quot;.</title>
<headline>Sinn Fein says IRA truce &quot;difficult&quot;.</headline>
<byline>Andrew Hill</byline>
<dateline>BELFAST 1997-07-13</dateline>
<text>
<p>Sinn Fein president Gerry Adams held out little immediate hope on Sunday of new IRA truce demanded by Britain, Ireland and the United States to breathe new life into Northern Ireland peace talks.</p>
<p>Adams said in a statement issued after a week of tension over Protestant Orange Order parades that the surrender of arms held by his guerrilla allies &quot;still remains a major difficulty&quot;.</p>
<p>He was responding to Britain's Northern Ireland Secretary, Mo Mowlam, who told Sinn Fein on Sunday:</p>
<p>&quot;Let the IRA/Sinn Fein make their decision, the ball is in their court.&quot;</p>
<p>Adams was echoing the IRA position that &quot;decommissioning&quot; should take place at the end of talks on a settlement between pro-British Unionist and pro-Irish nationalists, not before or even during as Britain has proposed.</p>
<p>It appeared to dash hopes raised by some politicians that the IRA might declare a new ceasefire after the Protestant &quot;marching season&quot;, which reached a relatively peaceful climax on Saturday, the order's cherished &quot;Glorious 12th of July&quot;.</p>
<p>Adams' statement followed appeals by Britain's new Labour government for an end to the Irish Republican Army's (IRA) war against British rule which would earn Sinn Fein a seat at the peace talks within six weeks if it was genuine.</p>
<p>&quot;If people want us to persuade the IRA to end its campaign...then they need to be giving us the ability to do that,&quot; Adams said.</p>
<p>He said that although Britain was no longer demanding that the IRA disarm to earn Sinn Fein a seat at the talks, proposals that it surrender weapons during the talks &quot;retains the potential to block progress during negotiations&quot;.</p>
<p>The head of Northern Ireland's biggest pro-British group, the Ulster Unionist party, said on Sunday that talk of an IRA truce was &quot;wishful thinking&quot;.</p>
<p>&quot;The reality is that Sinn Fein/IRA are committed to violence in order to achieve objectives that no democrat can support,&quot; Trimble said.</p>
<p>Trimble said Britain should abandon hopes of involving Sinn Fein in the talks, which resume on Tuesday after some of the worst rioting the province has seen and a landmark climbdown by the Orange Order over its annual marches.</p>
<p>&quot;What the (British) Prime Minister and the government are trying to do only makes sense on the basis of leaving Sinn fein behind, and consequently for the democratic parties to be discussing among themselves,&quot; he said.</p>
<p>He recalled that the IRA injured five members of the security forces in a North Belfast ambush on the eve of the 12th of July when the Orange Order recalls a 1690 Protestant victory over a Catholic king with province-wide marches.</p>
<p>The order scrapped four flashpoint parades under the threat of mass counter demonstrations by Catholics who call them intimidation but went ahead with hundreds of others on Saturday.</p>
<p>Moderate Catholic nationlist leader John Hume hailed the &quot;moral courge&quot;&quot; of the Orange Order for defusing fears of sectarian strife by calling off marches.</p>
<p>Hume, leader of the Social Democratic and Labour Party (SDLP), urged all sides to seize a chance for progress.</p>
<p>&quot;Let us now move forward from the constructive decisions by the Orange Order and build upon that, and let's work to keep building that new atmosphere in order to create an agreed society for the first time,&quot; Hume said on BBC television.</p>
<p>Police said Northern Ireland was calm after tension that soared one week ago when Britain allowed an Orange Order parade along the Catholic Garvaghy Road of Portadown.</p>
<p>They reported clashes with Catholics in Londonderry overnight when youths attacked police with stones, petrol-bombs and catapults firing ball-bearings.</p>
</text>
<copyright>(c) Reuters Limited 1997</copyright>
<metadata>
<codes class="bip:countries:1.0">
  <code code="IRE">
    <editdetail attribution="Reuters BIP Coding Group" action="confirmed" date="1997-07-13"/>
  </code>
  <code code="UK">
    <editdetail attribution="Reuters BIP Coding Group" action="confirmed" date="1997-07-13"/>
  </code>
  <code code="USA">
    <editdetail attribution="Reuters BIP Coding Group" action="confirmed" date="1997-07-13"/>
  </code>
</codes>
<codes class="bip:topics:1.0">
  <code code="GCAT">
    <editdetail attribution="Reuters BIP Coding Group" action="confirmed" date="1997-07-13"/>
  </code>
  <code code="GDIP">
    <editdetail attribution="Reuters BIP Coding Group" action="confirmed" date="1997-07-13"/>
  </code>
  <code code="GPOL">
    <editdetail attribution="Reuters BIP Coding Group" action="confirmed" date="1997-07-13"/>
  </code>
  <code code="GVIO">
    <editdetail attribution="Reuters BIP Coding Group" action="confirmed" date="1997-07-13"/>
  </code>
</codes>
<dc element="dc.date.created" value="1997-07-13"/>
<dc element="dc.publisher" value="Reuters Holdings Plc"/>
<dc element="dc.date.published" value="1997-07-13"/>
<dc element="dc.source" value="Reuters"/>
<dc element="dc.creator.location" value="BELFAST"/>
<dc element="dc.creator.location.country.name" value="UK"/>
<dc element="dc.source" value="Reuters"/>
</metadata>
</newsitem>
