<?xml version="1.0" encoding="iso-8859-1" ?>
<newsitem itemid="724593" id="root" date="1997-07-13" xml:lang="en">
<title>RUSSIA: Gunmen shoot at Russian car after Chechnya deal.</title>
<headline>Gunmen shoot at Russian car after Chechnya deal.</headline>
<dateline>GROZNY, Russia 1997-07-13</dateline>
<text>
<p>Masked gunmen opened fire on a Russian government car in the capital of breakaway Chechnya on Sunday just hours after Russian and Chechen officials signed an important oil pipeline deal, a police official said.</p>
<p>Khamzat Munayev, the head of police criminal investigations, said local bodyguards in the Russian's car returned fire, but no one was injured in the morning incident.</p>
<p>The assailants fired six bullets at the car, which carried Vladimir Skobtsov, who works for a Russian commission set up to trace missing soldiers and prisoners of war, Munayev said.</p>
<p>The incident near Grozny's central Minutka Square came just hours after Russian and Chechen officials signed a deal detailing how they would repair a war-damaged oil pipeline that runs across Chechnya.</p>
<p>It was not clear whether there was any link between the pipeline deal and the shooting. A number of recent incidents have raised tensions after a period of relative calm and an apparent improvement in relations between Chechnya's separatist leaders and Moscow.</p>
<p>Nine Russian police died when their vehicle was blown up near Chechnya last Tuesday. At least three foreigners have been abducted in the area. Five Chechens were also seized on their way to Chechnya from the Caucasus region of North Ossetia.</p>
<p>Russia's two-year conflict with Chechnya ended last August.</p>
<p>The pipeline deal was one example of the improved atmosphere on a political level. It is a vital conduit for Azeri oil from Caspian Sea fields to reach world markets through Russia's Black Sea port of Novorossiisk.</p>
<p>In an interview Sunday, the Chechen culture minister, who participated in the talks, said an agreement signed on Friday in the Azeri capital Baku showed Chechnya was an independent country.</p>
<p>&quot;We signed a three-sided agreement between the Republic of Azerbaijan, the Republic of Chechnya, and the Russian Federation, with Chechnya participating as a separate country,&quot; Akhmed Zakayev told Reuters. &quot;That the Chechen Republic particated as a separate country again confirms our independence and the status of our government.&quot;</p>
<p>Chechnya has established itself as a de facto independent entity since the war but Moscow still considers it to be one of Russia's 89 regions.</p>
<p>Earlier Interfax news agency said the Russian Energy Ministry and Chechnya's YUNKO state oil company signed the detailed pipeline accord late on Saturday.</p>
<p>The agency on Saturday quoted Chechen and Russian officials as saying work would begin in the next few days to mend the 153-km (95 mile) section of pipeline, and Moscow would pay.</p>
<p>The deal, held up for months by bickering between the sides over the details, is intended to clear the way for crude output from an $8 billion Western consortium developing offshore Azeri Caspian Sea fields to reach world markets.</p>
<p>Russia and Chechnya also this weekend signed an agreement on banking which Zakayev said frees Chechnya's national bank from Moscow's Central Bank and allows it to trade hard currency and trade securities.</p>
</text>
<copyright>(c) Reuters Limited 1997</copyright>
<metadata>
<codes class="bip:countries:1.0">
  <code code="RUSS">
    <editdetail attribution="Reuters BIP Coding Group" action="confirmed" date="1997-07-13"/>
  </code>
</codes>
<codes class="bip:topics:1.0">
  <code code="GCAT">
    <editdetail attribution="Reuters BIP Coding Group" action="confirmed" date="1997-07-13"/>
  </code>
  <code code="GVIO">
    <editdetail attribution="Reuters BIP Coding Group" action="confirmed" date="1997-07-13"/>
  </code>
</codes>
<dc element="dc.date.created" value="1997-07-13"/>
<dc element="dc.publisher" value="Reuters Holdings Plc"/>
<dc element="dc.date.published" value="1997-07-13"/>
<dc element="dc.source" value="Reuters"/>
<dc element="dc.creator.location" value="GROZNY, Russia"/>
<dc element="dc.creator.location.country.name" value="RUSSIA"/>
<dc element="dc.source" value="Reuters"/>
</metadata>
</newsitem>
