<?xml version="1.0" encoding="iso-8859-1" ?>
<newsitem itemid="724589" id="root" date="1997-07-13" xml:lang="en">
<title>RUSSIA: Mir cosmonauts talk to families on new video link.</title>
<headline>Mir cosmonauts talk to families on new video link.</headline>
<byline>Viktor Anoshkin</byline>
<dateline>KOROLYOV, Russia 1997-07-13</dateline>
<text>
<p>Russian cosmonauts aboard the damaged Mir space station spoke to their families on Sunday in a new two-way video link ahead of one of the toughest weeks in the long history of Moscow's space programme.</p>
<p>Mir has been limping around the Earth with reduced power since a cargo craft collided with the station on June 25, puncturing its Spektr science module and causing a loss of about half of the power from solar panels.</p>
<p>&quot;At 8 p.m. the two Russian cosmonauts, Vasily Tsibliyev and Alexander Lazutkin, spoke with their families for half an hour in a two-way video link, and the quality of the reception was excellent,&quot; a Mission Control spokesman said.</p>
<p>He said this was due to new transmitters sent up as part of a cargo shipment last week. The equipment will also help Russian Space Agency officials on Earth coordinate repairs expected to take place very early on Thursday morning.</p>
<p>British-American NASA astronaut Michael Foale spoke to his wife by radio, he said.</p>
<p>On Monday, Mission Control plans to use the improved video link to beam up images of repair simulations engineers outside Moscow have done wearing space suits in a swimming pool inside a replica of the space station.</p>
<p>The crew will study the 20-minute film before undertaking their own dress rehearsal. The aim is for a cosmonaut to reattach 17 internal cables and restore power from some of Spektr's solar panels.</p>
<p>The accident was the worst accident in Mir's 11-year history and another blow to the prestige of the Russian Space Agency, which took responsibility for the programme after the Soviet Union collapsed in 1991 and has since come under severe financial pressure.</p>
<p>&quot;Tomorrow the state commission (tackling the crisis) will decide the final date for going into the Spektr module,&quot; a duty officer at Mission Control outside Moscow told Reuters on Sunday. &quot;At the moment we think it will take place in the night from July 17 to 18.&quot;</p>
<p>The future of Mir depends on the cosmonauts' repairs.</p>
<p>On Tuesday, the crew plan a dress rehearsal lasting up to six hours. The repair job is made more difficult by ther fact that the astronaut has to wear a bulky space suit in Mir's cramped interior.</p>
<p>A second cosmonaut will stand by in reserve nearby, while Foale sits in the Soyuz escape module.</p>
<p>During the repairs a new hatch will be installed separating Spektr from Mir's other cluttered array of modules. Unlike the old hatch, the new one can be closed without requiring the cables to the solar panels to be unplugged.</p>
</text>
<copyright>(c) Reuters Limited 1997</copyright>
<metadata>
<codes class="bip:countries:1.0">
  <code code="RUSS">
    <editdetail attribution="Reuters BIP Coding Group" action="confirmed" date="1997-07-13"/>
  </code>
</codes>
<codes class="bip:topics:1.0">
  <code code="GCAT">
    <editdetail attribution="Reuters BIP Coding Group" action="confirmed" date="1997-07-13"/>
  </code>
  <code code="GSCI">
    <editdetail attribution="Reuters BIP Coding Group" action="confirmed" date="1997-07-13"/>
  </code>
</codes>
<dc element="dc.date.created" value="1997-07-13"/>
<dc element="dc.publisher" value="Reuters Holdings Plc"/>
<dc element="dc.date.published" value="1997-07-13"/>
<dc element="dc.source" value="Reuters"/>
<dc element="dc.creator.location" value="KOROLYOV, Russia"/>
<dc element="dc.creator.location.country.name" value="RUSSIA"/>
<dc element="dc.source" value="Reuters"/>
</metadata>
</newsitem>
