<?xml version="1.0" encoding="iso-8859-1" ?>
<newsitem itemid="724563" id="root" date="1997-07-13" xml:lang="en">
<title>INDONESIA: Chess-Donetsk moves clear in World Cities Chess.</title>
<headline>Chess-Donetsk moves clear in World Cities Chess.</headline>
<byline>Ian Rogers</byline>
<dateline>JAKARTA 1997-07-13</dateline>
<text>
<p>A crushing win over Rangoon on Sunday has given the Ukrainian city of Donetsk a near decisive lead with only two rounds remaining in the World Cities Chess Championships in Jakarta.</p>
<p>The all-Grandmaster team from Donetsk had little trouble disposing of the lowly ranked Burmese.</p>
<p>Rangoon top player Zaw Win Lay managed a draw against Igor Novikov, the only game which stood between Rangoon and a 0-4 whitewash.</p>
<p>Donetsk's win increased their lead to two points as the pre-tournament favourite Moscow could only managed a narrow 2.5-1.5 victory over third-seeded Tashkent.</p>
<p>Moscow top scorer Sergei Tiviakov was the Russian's only winner on Sunday against the Uzbek.</p>
<p>The only other possible contender for the gold medal and the $10,000 first prize was Oslo, but the Norwegians wlll now have to be content with vying for a minor placing after lowering their colours to the surprising Bandung team. Bandung exploited the lack of depth in the Oslo team, winning on both boards where Oslo was forced to field non-grandmasters.</p>
<p>Sunday's round also saw Sydney move into medal contention after a remarkable 4-0 victory over a higher-ranked Jakarta team, while dark horses Ho Chi Minh City kept their hopes alive with a hard-fought victory over another local team Medan.</p>
<p>The inaugural World Cities Championships, featuring 30 teams from 14 countries, conclude on Monday.</p>
<p>Gunadarma World Cities Chess Championships, Jakarta</p>
<p>Results of Round 8:</p>
<p>Donetsk (UKR) def Rangoon (BUR) 3.5-0.5</p>
<p>Moscow (RUS) def Tashkent (UZB) 2.5-1.5</p>
<p>Bandung (INA) def Oslo (NOR) 2.5-1.5</p>
<p>Depok Margonda (INA) def Mandaluyung (PHI) 2.5-1.5</p>
<p>Ho Chi Minh (VIE) def Medan (INA) 2.5-1.5</p>
<p>Sydney (AUS) def Jakarta (INA) 4-0</p>
<p>Jakarta A def Palu Intan (INA) 2.5-1.5</p>
<p>Depok Kelapa Dua (INA) def Depok Beji 3-1</p>
<p>Yogyakarta (INA) def Ambon (INA) 2.5-1.5</p>
<p>Raffles City (SIP) def Bontang (INA) 3-1</p>
<p>Sentosa (SIP) def Kuala Lumpur (MAS) 3-1</p>
<p>Jakarta B (INA) def Bogor (INA) 4-0</p>
<p>Hongkong (CHN) drew with Jakarta Women 2-2</p>
<p>Mandalay (BUR) def Victoria (SEY) 3.5-0.5</p>
<p>Kuching (MAS) def Noumea (NCL) 3.5-0.5</p>
<p>Leading scores after eight rounds:</p>
<p>1. Donetsk 23;</p>
<p>2. Moscow 21;</p>
<p>3eq. Oslo and Bandung 20;</p>
<p>5eq. Sydney Tashkent Ho Chi Minh City and Depok Margonda 19;</p>
<p>9eq. Rangoon, Depok Kelapa Dua, 17.5;</p>
<p>11eq. Mandaluyung, Medan , Jakarta A 17;</p>
<p>14. Yogyakarta 16.5;</p>
<p>15eq. Raffles City, Sentosa, Palu Intan 16;</p>
<p>18eq. Depok Beji, Jakarta B 15.5;</p>
<p>20eq. Mandalay, Jakarta, Ambon 15;</p>
<p>23. Bontang 14 points;</p>
<p>24eq. Kuala Lumpur, Hongkong and Kuching 13;</p>
<p>27. Jakarta Women 12.5;</p>
<p>28. Bogor 12;</p>
<p>29. Victoria 6.5;</p>
<p>30. Noumea 5.5.</p>
</text>
<copyright>(c) Reuters Limited 1997</copyright>
<metadata>
<codes class="bip:countries:1.0">
  <code code="BURMA">
    <editdetail attribution="Reuters BIP Coding Group" action="confirmed" date="1997-07-13"/>
  </code>
  <code code="INDON">
    <editdetail attribution="Reuters BIP Coding Group" action="confirmed" date="1997-07-13"/>
  </code>
  <code code="UKRN">
    <editdetail attribution="Reuters BIP Coding Group" action="confirmed" date="1997-07-13"/>
  </code>
</codes>
<codes class="bip:topics:1.0">
  <code code="GCAT">
    <editdetail attribution="Reuters BIP Coding Group" action="confirmed" date="1997-07-13"/>
  </code>
  <code code="GSPO">
    <editdetail attribution="Reuters BIP Coding Group" action="confirmed" date="1997-07-13"/>
  </code>
</codes>
<dc element="dc.date.created" value="1997-07-13"/>
<dc element="dc.publisher" value="Reuters Holdings Plc"/>
<dc element="dc.date.published" value="1997-07-13"/>
<dc element="dc.source" value="Reuters"/>
<dc element="dc.creator.location" value="JAKARTA"/>
<dc element="dc.creator.location.country.name" value="INDONESIA"/>
<dc element="dc.source" value="Reuters"/>
</metadata>
</newsitem>
