<?xml version="1.0" encoding="iso-8859-1" ?>
<newsitem itemid="724529" id="root" date="1997-07-13" xml:lang="en">
<title>UK: N.Irish police find big home-made explosive cache.</title>
<headline>N.Irish police find big home-made explosive cache.</headline>
<dateline>BELFAST 1997-07-13</dateline>
<text>
<p>Police found a large amount of home-made explosive in a search of a Roman Catholic housing estate in Londonderry, Northern Ireland's second city, on Sunday, security sources said.</p>
<p>They said three containers were found at the rear of a house, close to a coal bunker, and examined by army bomb disposal experts.</p>
<p>Houses were evacuated during the operation, which began on Sunday afternoon, residents said.</p>
<p>No official comment on the find was immediately available but police were expected to make an announcement on Sunday night, the sources said.</p>
<p>Home-made explosives are a favoured weapon of the Irish Republican Army (IRA), which is fighting British rule of Northern Ireland.</p>
<p>Londonderry is a stronghold of Catholic Irish nationalists from which the IRA has drawn support in its 28-year guerrilla war against Britain.</p>
<p>The find followed a week of tension between pro-British Loyalists and Catholic nationalists over the annual Protestant marching season.</p>
<p>Widespread Catholic rioting erupted one week ago after a Protestant Orange Order parade was routed through the nationalist Garvaghy Road zone of Portadown, south of Belfast.</p>
<p>The Orange Order scrapped four other parades after threats of mass Catholic counter-demonstrations but staged hundreds more on Saturday, the high point in its annual marching season.</p>
<p>The IRA ambushed a joint police and army security patrol in Belfast on Friday night, injuring five people.</p>
<p>Two teenaged Protestants were also shot and wounded on the same evening as they attended a bonfire party on the eve of the Orange Order's &quot;Glorious 12th&quot; celebrations marking a Protestant battle victory over a Catholic king in 1690.</p>
</text>
<copyright>(c) Reuters Limited 1997</copyright>
<metadata>
<codes class="bip:countries:1.0">
  <code code="UK">
    <editdetail attribution="Reuters BIP Coding Group" action="confirmed" date="1997-07-13"/>
  </code>
</codes>
<codes class="bip:topics:1.0">
  <code code="GCAT">
    <editdetail attribution="Reuters BIP Coding Group" action="confirmed" date="1997-07-13"/>
  </code>
  <code code="GCRIM">
    <editdetail attribution="Reuters BIP Coding Group" action="confirmed" date="1997-07-13"/>
  </code>
  <code code="GREL">
    <editdetail attribution="Reuters BIP Coding Group" action="confirmed" date="1997-07-13"/>
  </code>
  <code code="GVIO">
    <editdetail attribution="Reuters BIP Coding Group" action="confirmed" date="1997-07-13"/>
  </code>
</codes>
<dc element="dc.date.created" value="1997-07-13"/>
<dc element="dc.publisher" value="Reuters Holdings Plc"/>
<dc element="dc.date.published" value="1997-07-13"/>
<dc element="dc.source" value="Reuters"/>
<dc element="dc.creator.location" value="BELFAST"/>
<dc element="dc.creator.location.country.name" value="UK"/>
<dc element="dc.source" value="Reuters"/>
</metadata>
</newsitem>
