<?xml version="1.0" encoding="iso-8859-1" ?>
<newsitem itemid="724572" id="root" date="1997-07-13" xml:lang="en">
<title>TANZANIA: U.S., Koreans buy Tanzania tobacco, cable assets.</title>
<headline>U.S., Koreans buy Tanzania tobacco, cable assets.</headline>
<byline>Mark Dodd</byline>
<dateline>DAR ES SALAAM 1997-07-13</dateline>
<text>
<p>Tanzania's privatisation agency sold state assets worth $17.6 million in tobacco and cable manufacturing companies last week.</p>
<p>Officials at the Parastatal Sector Reform Commission (PSRC) said the deals were concluded with  Universal Leaf Tobacco Co. of the United States and South Korea's  Dae Sung Cable Ltd.</p>
<p>The Virginia-based company bought assets worth $16.3 million from the state-run Tanzania Tobacco Board (TTB) while Dae Sung signed a $1.3 million agreement for a 22 percent stake in state-run Tanzania Cables Ltd.</p>
<p>The TTB sale involves the divestiture of Tanzania's sole tobacco processing facility, at Morogoro, and assorted TTB marketing assets, officials said.</p>
<p>Under the terms of the agreement, Universal Leaf Tobacco will invest an additional $8.2 million in plant and equipment to help rehabilitate Tanzania's tobacco-producing sector over the next two years.</p>
<p>The TTB plant processes locally grown tobacco for private exporters and the local cigarette industry. Universal Tobacco is required to operate the mill under the same conditions.</p>
<p>&quot;The factory will still be open to all buyers of raw tobacco, irrespective of who owns it,&quot; a PRSC official said.</p>
<p>Industry experts said the mill was a strategic purchase for Universal Leaf Tobacco, which is expected to use Tanzanian tobacco in what the industry terms &quot;American Blend&quot; cigarettes. The U.S. company also buys tobacco from Malawi and Zimbabwe.</p>
<p>Tanzania produces between 20-30 million kilos of tobacco a year in the western Iringa and southern Songea regions.</p>
<p>Under the terms of the cable sale, Dae Sung Cable Ltd becomes the majority shareholder in TCL. It acquires 22 percent of the government's 51 percent shareholding plus another 29 percent divested by a local company, Paper Products Ltd.</p>
<p>A PSRC statement said of the remaining 29 percent government stake in TCL, 14 percent would be divested to Tanzania Development Finance Ltd (TDFL) while 15 percent would be retained for future sale on the Dar es Salaam stock exchange.</p>
</text>
<copyright>(c) Reuters Limited 1997</copyright>
<metadata>
<codes class="bip:countries:1.0">
  <code code="SKOREA">
    <editdetail attribution="Reuters BIP Coding Group" action="confirmed" date="1997-07-13"/>
  </code>
  <code code="TANZA">
    <editdetail attribution="Reuters BIP Coding Group" action="confirmed" date="1997-07-13"/>
  </code>
  <code code="USA">
    <editdetail attribution="Reuters BIP Coding Group" action="confirmed" date="1997-07-13"/>
  </code>
</codes>
<codes class="bip:industries:1.0">
  <code code="I42900">
    <editdetail attribution="Reuters BIP Coding Group" action="confirmed" date="1997-07-13"/>
  </code>
  <code code="I9741109">
    <editdetail attribution="Reuters BIP Coding Group" action="confirmed" date="1997-07-13"/>
  </code>
</codes>
<codes class="bip:topics:1.0">
  <code code="C18">
    <editdetail attribution="Reuters BIP Coding Group" action="confirmed" date="1997-07-13"/>
  </code>
  <code code="C183">
    <editdetail attribution="Reuters BIP Coding Group" action="confirmed" date="1997-07-13"/>
  </code>
  <code code="CCAT">
    <editdetail attribution="Reuters BIP Coding Group" action="confirmed" date="1997-07-13"/>
  </code>
  <code code="E12">
    <editdetail attribution="Reuters BIP Coding Group" action="confirmed" date="1997-07-13"/>
  </code>
  <code code="ECAT">
    <editdetail attribution="Reuters BIP Coding Group" action="confirmed" date="1997-07-13"/>
  </code>
</codes>
<dc element="dc.date.created" value="1997-07-13"/>
<dc element="dc.publisher" value="Reuters Holdings Plc"/>
<dc element="dc.date.published" value="1997-07-13"/>
<dc element="dc.source" value="Reuters"/>
<dc element="dc.creator.location" value="DAR ES SALAAM"/>
<dc element="dc.creator.location.country.name" value="TANZANIA"/>
<dc element="dc.source" value="Reuters"/>
</metadata>
</newsitem>
