<?xml version="1.0" encoding="iso-8859-1" ?>
<newsitem itemid="724583" id="root" date="1997-07-13" xml:lang="en">
<title>ANGOLA: Signs of new war loom large in Angola.</title>
<headline>Signs of new war loom large in Angola.</headline>
<byline>John Fleming</byline>
<dateline>MBUIA, Angola 1997-07-13</dateline>
<text>
<p>Newly planted landmines, ransacked towns, thousands of refugees on the march -- in remote northeastern Angola, the signs of a return to war are ominous.</p>
<p>Angola has known war for as long as many of its citizens can remember, first the war for independence against Portugal, then civil war when that war was won.</p>
<p>In November 1994 President Jose Eduardo dos Santos agreed a peace pact with the UNITA rebels of Jonas Savimbi, holding out the hope that the country could begin the task of rebuilding.</p>
<p>But in May the balance of power in the region shifted when Mobutu Sese Seko, then president of the neighbouring country formerly known as Zaire, was ousted by Laurent Kabila's fighters.</p>
<p>Mobutu had been one of UNITA's main backers, and with his removal troops loyal to dos Santos began an offensive against UNITA positions in the diamond-rich northeast.</p>
<p>Residents of Mbuia, once a thriving market place controlled by UNITA near the border of Zaire -- now the Democratic Republic of the Congo -- said last week the Angolan Armed Forces (FAA) swept into the town late in May.</p>
<p>UNITA regrouped and recaptured the town, but the FAA launched a new assault and seized it back. The FAA was still in control last week.</p>
<p>Signs of battle are everywhere. The contents of mud huts are strewn across streets, clothes, pots, pans, buckets and empty bottles littering the town.</p>
<p>A rotting body is crumpled in the doorway of one hut, as broken as the child's doll that has been abandoned a few yards (metres) away.</p>
<p>The destruction is repeated in villages around Mbuia. About 500 of the homeless have moved to a refugee camp in the town.</p>
<p>&quot;Conditions here are horrible,&quot; said Elizabeth Rasmusson, a U.N. aid worker. &quot;We need to get these people some help in a hurry or a lot of them are going to start dying soon.&quot;</p>
<p>Rasmusson said about 8,000 refugees were housed around the town of Nzaji, 40 km (25 miles) to the north. Other aid officials said there could be tens of thousands of refugees in the region.</p>
<p>&quot;We can only count the ones we see,&quot; one official said. &quot;There are plenty of places we have not been able to get to... We have no idea how many people have fled (the area) or what condition they are in.&quot;</p>
<p>Other signs that the 1994 peace accord is in trouble include the discovery of freshly planted landmines.</p>
<p>&quot;We are extremely concerned,&quot; said David Wimhurst, spokesman for the U.N. Observer Mission in Angola. &quot;We deplore this and we call on whoever is doing it to stop immediately.&quot;</p>
<p>U.N. officials said a person was killed on Friday when his truck detonated a mine, thought to have been laid as recently as a month ago, near the northern city of Saurimo. They said this was not the first such blast in recent weeks.</p>
<p>At least two million mines are believed to have been planted in Angola during the civil war that began in 1975, and an estimated 70,000 Angolans have been killed or maimed by them.</p>
<p>Since the peace pact about 5,000 km (3,000 miles) of roads have been cleared of mines. The United Nations says it could take another five years before the worst of the problem has been dealt with.</p>
<p>Hopes for peace were fuelled in April when UNITA members joined a government of national unity. The United Nations has also begun the phased withdrawal of more than 6,000 peacekeepers.</p>
</text>
<copyright>(c) Reuters Limited 1997</copyright>
<metadata>
<codes class="bip:countries:1.0">
  <code code="ANGOL">
    <editdetail attribution="Reuters BIP Coding Group" action="confirmed" date="1997-07-13"/>
  </code>
</codes>
<codes class="bip:topics:1.0">
  <code code="GCAT">
    <editdetail attribution="Reuters BIP Coding Group" action="confirmed" date="1997-07-13"/>
  </code>
  <code code="GPOL">
    <editdetail attribution="Reuters BIP Coding Group" action="confirmed" date="1997-07-13"/>
  </code>
  <code code="GVIO">
    <editdetail attribution="Reuters BIP Coding Group" action="confirmed" date="1997-07-13"/>
  </code>
</codes>
<dc element="dc.date.created" value="1997-07-13"/>
<dc element="dc.publisher" value="Reuters Holdings Plc"/>
<dc element="dc.date.published" value="1997-07-13"/>
<dc element="dc.source" value="Reuters"/>
<dc element="dc.creator.location" value="MBUIA, Angola"/>
<dc element="dc.creator.location.country.name" value="ANGOLA"/>
<dc element="dc.source" value="Reuters"/>
</metadata>
</newsitem>
