<?xml version="1.0" encoding="iso-8859-1" ?>
<newsitem itemid="724581" id="root" date="1997-07-13" xml:lang="en">
<title>DEMOCRATIC REPUBLIC OF CONGO: Kabila's Congo targets self-reliance, farm growth.</title>
<headline>Kabila's Congo targets self-reliance, farm growth.</headline>
<byline>Arthur Malu-Malu</byline>
<dateline>KINSHASA 1997-07-13</dateline>
<text>
<p>Laurent Kabila's Congo, preaching self-reliance within a social market economy, plans to promote agriculture, fishing and cattle-breeding as the main motor of growth.</p>
<p>National Reconstruction Minister Etienne Mbaya, outlining government plans at the end of a two-week reconstruction and development conference in the capital Kinshasa, said they would resort to technology tailored to the nation's specific needs.</p>
<p>&quot;We will make agriculture, cattle breeding and fishing the main source of the country's economy growth,&quot; he told 1,200 Congolese delegates on Saturday at the closing ceremony.</p>
<p>The Democratic Republic of the Congo, the former Zaire, is Africa's third largest country and potentially one of its richest, with a wealth of minerals, rich farmland and the hydroelectric potential to light up much of the continent.</p>
<p>Over three decades of corruption and mismanagement under ousted dictator Mobutu Sese Seko left its more than 40 million people among Africa's poorest.</p>
<p>With official statistics lacking, many economist say unemployment hovers at about 70 percent of the workforce.</p>
<p>Many people scratch a living in the informal sector, trading anything from home-grown vegetables to currency and cigarettes.</p>
<p>Kabila, who proclaimed himself president in May after his Rwandan-backed forces toppled Kabila in a lightning seven-month campaign, inherited a foreign debt of around $14 billion and a crumbling and, in some places, non-existent infrastructure.</p>
<p>He pledged in his inauguration speech that the government would rehabilitate the nation's social and economic fabric.</p>
<p>&quot;The challenge of the reconstruction of transport and communications infrastructures... can be met if only we rely on ourselves but not on foreign aid,&quot; Mbaya said. &quot;We will chiefly count on our own resources and on technology adapted to our social, cultural and economic context.&quot;</p>
<p>Mining -- copper, cobalt, diamonds, gold and other minerals -- was at the heart of Zaire's economy, although much of the wealth it generated was siphoned off by Mobutu and his cronies.</p>
<p>State mining giant Gecamines, its main foreign currency earner, has seen annual production slump from 500,000 tonnes of copper in the mid-1980s to about 30,000 tonnes in 1996.</p>
<p>Kabila has been in touch with investors interested in the potentially lucrative mining sector. Some deals have been signed but caution seems to be the watch-word on both sides.</p>
<p>&quot;The terms of trade of raw materials with Western countries are unfair,&quot; Mbaya said.</p>
<p>One idea floated by ministers has been to tie potentially lucrative mining contracts into infrastructure projects such as road building -- a government target in each region.</p>
<p>Major Western donors had foresaken Zaire for human rights violations and lack of democracy under Mobutu. They say aid can resume if Kabila improves the nation's human rights record.</p>
<p>The World Bank plans to convene a meeting of donors in September. The government has said that in the meantime no foreign debt will be paid back.</p>
<p>The government is also keen to bring home what remains of the billions of dollars reputedly stashed away by Mobutu and his cronies and use the money to revive the economy.</p>
<p>In the meantime, it says it wants to get the nation back to work. &quot;What counts is to resume production,&quot; Mbaya said.</p>
<p>A repeat conference is planned before the end of the year.</p>
</text>
<copyright>(c) Reuters Limited 1997</copyright>
<metadata>
<codes class="bip:countries:1.0">
  <code code="ZAIRE">
    <editdetail attribution="Reuters BIP Coding Group" action="confirmed" date="1997-07-13"/>
  </code>
</codes>
<codes class="bip:industries:1.0">
  <code code="I01001">
    <editdetail attribution="Reuters BIP Coding Group" action="confirmed" date="1997-07-13"/>
  </code>
  <code code="I0100105">
    <editdetail attribution="Reuters BIP Coding Group" action="confirmed" date="1997-07-13"/>
  </code>
  <code code="I03000">
    <editdetail attribution="Reuters BIP Coding Group" action="confirmed" date="1997-07-13"/>
  </code>
</codes>
<codes class="bip:topics:1.0">
  <code code="C13">
    <editdetail attribution="Reuters BIP Coding Group" action="confirmed" date="1997-07-13"/>
  </code>
  <code code="C21">
    <editdetail attribution="Reuters BIP Coding Group" action="confirmed" date="1997-07-13"/>
  </code>
  <code code="CCAT">
    <editdetail attribution="Reuters BIP Coding Group" action="confirmed" date="1997-07-13"/>
  </code>
  <code code="E12">
    <editdetail attribution="Reuters BIP Coding Group" action="confirmed" date="1997-07-13"/>
  </code>
  <code code="ECAT">
    <editdetail attribution="Reuters BIP Coding Group" action="confirmed" date="1997-07-13"/>
  </code>
</codes>
<dc element="dc.date.created" value="1997-07-13"/>
<dc element="dc.publisher" value="Reuters Holdings Plc"/>
<dc element="dc.date.published" value="1997-07-13"/>
<dc element="dc.source" value="Reuters"/>
<dc element="dc.creator.location" value="KINSHASA"/>
<dc element="dc.creator.location.country.name" value="DEMOCRATIC REPUBLIC OF CONGO"/>
<dc element="dc.source" value="Reuters"/>
</metadata>
</newsitem>
