<?xml version="1.0" encoding="iso-8859-1" ?>
<newsitem itemid="724640" id="root" date="1997-07-13" xml:lang="en">
<title>MEXICO: Mancera says Mexico interest rates can fall-report.</title>
<headline>Mancera says Mexico interest rates can fall-report.</headline>
<dateline>MEXICO CITY 1997-07-13</dateline>
<text>
<p>Banco de Mexico governor Miguel Mancera said that conditions exist that will allow interest rates to continue to fall in Mexico, Notimex news agency reported late Saturday.</p>
<p>Mancera told the agency that the central bank will stick to its policy of leaving money markets in a neutral position.</p>
<p>&quot;No more (liquidity than demanded) because this would be inflationary, and not less since this would be recessionary,&quot; Mancera was quoted by agency as saying.</p>
<p>He said recent changes in the make-up of Congress since July 6 mid-term elections stripped the long-ruling Institutional Revolutionary Party (PRI) of its majority will not affect monetary policy.</p>
<p>The central bank governor was in the city of Puebla for the opening of an art exhibition when he spoke to the news agency.</p>
<p>((-- Robert Kozak, Mexico City newsroom +525 728 9559))</p>
</text>
<copyright>(c) Reuters Limited 1997</copyright>
<metadata>
<codes class="bip:countries:1.0">
  <code code="MEX">
    <editdetail attribution="Reuters BIP Coding Group" action="confirmed" date="1997-07-13"/>
  </code>
</codes>
<codes class="bip:topics:1.0">
  <code code="E12">
    <editdetail attribution="Reuters BIP Coding Group" action="confirmed" date="1997-07-13"/>
  </code>
  <code code="ECAT">
    <editdetail attribution="Reuters BIP Coding Group" action="confirmed" date="1997-07-13"/>
  </code>
</codes>
<dc element="dc.date.created" value="1997-07-13"/>
<dc element="dc.publisher" value="Reuters Holdings Plc"/>
<dc element="dc.date.published" value="1997-07-13"/>
<dc element="dc.source" value="Reuters"/>
<dc element="dc.creator.location" value="MEXICO CITY"/>
<dc element="dc.creator.location.country.name" value="MEXICO"/>
<dc element="dc.source" value="Reuters"/>
</metadata>
</newsitem>
