<?xml version="1.0" encoding="iso-8859-1" ?>
<newsitem itemid="724614" id="root" date="1997-07-13" xml:lang="en">
<title>POLAND: Citizens defend Poland's Wroclaw from flood.</title>
<headline>Citizens defend Poland's Wroclaw from flood.</headline>
<byline>Anthony Barker</byline>
<dateline>WARSAW 1997-07-13</dateline>
<text>
<p>Citizens of Wroclaw, desperately reinforcing sandbag barricades through the night, helped save the Polish city's historic centre from a deluge of flood water, a provincial government spokesman said on Sunday.</p>
<p>&quot;The (Old Town) square and the materially most precious part of Wroclaw was successfully defended thanks to the great solidarity of people and their enormous efforts,&quot; Ludwik Ryng told Reuters by telephone from Wroclaw, where many districts even in the city centre were under water.</p>
<p>Ryng said the city's low-lying island with its magnificent buildings and university library housing priceless books and archives, including a vast German-language collection, had largely been saved from damage.</p>
<p>&quot;The university library got through it. There were leaks into lower parts but nothing irreparable happened,&quot; Ryng said.</p>
<p>&quot;The island was also protected thanks to efforts by people who even ran round with buckets baling water out,&quot; he added.</p>
<p>A similar effort preserved the residential area Biskupin, while Ryng said that thanks to the water management system of Wroclaw, which until 1945 was the German city Breslau, the damage was less than in many other towns and villages.</p>
<p>Wroclaw was hit overnight by a surge of water storming north along the Odra and Wisla rivers from the heavily flooded south of the country.</p>
<p>&quot;The worst is over, instruments show the wave has passed its top point, now we are waiting to see what else happens, such as a bridge going down,&quot; said Ryng.</p>
<p>He said plans to blast a gap in flood walls south of the city to disperse water into the countryside -- which aroused furious opposition from villagers fearing for their homes -- had not been carried out.</p>
<p>But a barrier had been blasted downstream of the city, near unpopulated meadows, to hasten the flow away from Wroclaw.</p>
<p>Desperate barricade-building continued in the centre to keep access open to the city's railway station, while army helicopters were evacuating people from threatened high-rise buildings, private Radio Zet reported.</p>
<p>Other southern communities continued to suffer heavy flooding, due to downpours over the past week that caused the region's worst natural disaster in centuries, killing at least 28 people and a similar number in the hard-hit Czech Republic.</p>
<p>But as waters receded, leaving communities covered in sewage and dead farm animals, dangers of disease emerged.</p>
<p>Broadcasters conveyed official warnings to the heartbroken returning evacuees to clean everything, use only bottled water and avoid any food touched by the deluge.</p>
<p>Parliament's speaker called a meeting of its top leaders for Sunday evening to decide on calling an extraordinary sitting during the current summer recess.</p>
</text>
<copyright>(c) Reuters Limited 1997</copyright>
<metadata>
<codes class="bip:countries:1.0">
  <code code="POL">
    <editdetail attribution="Reuters BIP Coding Group" action="confirmed" date="1997-07-13"/>
  </code>
</codes>
<codes class="bip:topics:1.0">
  <code code="GCAT">
    <editdetail attribution="Reuters BIP Coding Group" action="confirmed" date="1997-07-13"/>
  </code>
  <code code="GDIS">
    <editdetail attribution="Reuters BIP Coding Group" action="confirmed" date="1997-07-13"/>
  </code>
  <code code="GENV">
    <editdetail attribution="Reuters BIP Coding Group" action="confirmed" date="1997-07-13"/>
  </code>
</codes>
<dc element="dc.date.created" value="1997-07-13"/>
<dc element="dc.publisher" value="Reuters Holdings Plc"/>
<dc element="dc.date.published" value="1997-07-13"/>
<dc element="dc.source" value="Reuters"/>
<dc element="dc.creator.location" value="WARSAW"/>
<dc element="dc.creator.location.country.name" value="POLAND"/>
<dc element="dc.source" value="Reuters"/>
</metadata>
</newsitem>
