<?xml version="1.0" encoding="iso-8859-1" ?>
<newsitem itemid="724616" id="root" date="1997-07-13" xml:lang="en">
<title>RUSSIA: Chechnya, Russia agree details on fixing pipeline.</title>
<headline>Chechnya, Russia agree details on fixing pipeline.</headline>
<dateline>MOSCOW 1997-07-13</dateline>
<text>
<p>Russia and its rebel region Chechnya have agreed a deal spelling out how they will fix a vital war-damaged pipeline to carry Azeri oil across Chechen territory to the Black Sea, Interfax news agency said on Sunday.</p>
<p>In a report from the Chechen regional capital Grozny, it said the Russian Energy Ministry and Chechnya's YUNKO state oil company signed the detailed agreement late on Saturday.</p>
<p>The pipeline, a key conduit for Azeri oil from Baku on the Caspian Sea to the Russian Black Sea port of Novorossiisk, was damaged during Russia's war with Chechen rebels.</p>
<p>The deal would allow Russian and Chechen companies to &quot;make the necessary contacts and sign agreements to carry out joint work on restoring and using the oil pipeline&quot;, Interfax quoted YUNKO president Khodzhakhmed Yarikhanov as saying.</p>
<p>The agency on Saturday quoted Chechen and Russian officials as saying work would begin in the next few days to mend the 153-km (95 mile) section of pipeline, and Moscow would pay.</p>
<p>Saturday's agreement was intended to flesh out a tripartite framework accord signed in the Azeri capital Baku on Friday. Friday's accord was signed by Russian Energy Minister Boris Nemtsov, Yarikhanov and the president of the Azeri state oil company SOCAR.</p>
<p>The deal, held up for months by bickering between the sides over the details, is intended to clear the way for crude output from an $8 billion Western consortium developing off-shore Azeri Caspian Sea fields to reach world markets.</p>
<p>It was not clear how long the work would take, nor when oil would begin to flow. The consortium, led by British Petroleum, wants to begin using the route later this year.</p>
<p>Chechnya has set itself up as a de facto independent entity since the war ended last August. The Kremlin regards Chechnya as one of 89 regions within the Russian Federation, although has adopted a pragmatic approach to several bilateral problems.</p>
<p>Interfax and Itar-Tass news agency said Chechen President Aslan Maskhadov had signed a customs agreement with Russia and met Russian Security Council deputy secretary Boris Berezovsky on Saturday to discuss the pipeline and banking cooperation.</p>
<p>&quot;The signing of these documents is an important step, although there are many more steps ahead,&quot; Berezovsky told Interfax.</p>
</text>
<copyright>(c) Reuters Limited 1997</copyright>
<metadata>
<codes class="bip:countries:1.0">
  <code code="AZERB">
    <editdetail attribution="Reuters BIP Coding Group" action="confirmed" date="1997-07-13"/>
  </code>
  <code code="RUSS">
    <editdetail attribution="Reuters BIP Coding Group" action="confirmed" date="1997-07-13"/>
  </code>
</codes>
<codes class="bip:industries:1.0">
  <code code="I13000">
    <editdetail attribution="Reuters BIP Coding Group" action="confirmed" date="1997-07-13"/>
  </code>
  <code code="I1300003">
    <editdetail attribution="Reuters BIP Coding Group" action="confirmed" date="1997-07-13"/>
  </code>
  <code code="I50200">
    <editdetail attribution="Reuters BIP Coding Group" action="confirmed" date="1997-07-13"/>
  </code>
  <code code="I5020043">
    <editdetail attribution="Reuters BIP Coding Group" action="confirmed" date="1997-07-13"/>
  </code>
</codes>
<codes class="bip:topics:1.0">
  <code code="C13">
    <editdetail attribution="Reuters BIP Coding Group" action="confirmed" date="1997-07-13"/>
  </code>
  <code code="C24">
    <editdetail attribution="Reuters BIP Coding Group" action="confirmed" date="1997-07-13"/>
  </code>
  <code code="CCAT">
    <editdetail attribution="Reuters BIP Coding Group" action="confirmed" date="1997-07-13"/>
  </code>
  <code code="GCAT">
    <editdetail attribution="Reuters BIP Coding Group" action="confirmed" date="1997-07-13"/>
  </code>
  <code code="GPOL">
    <editdetail attribution="Reuters BIP Coding Group" action="confirmed" date="1997-07-13"/>
  </code>
</codes>
<dc element="dc.date.created" value="1997-07-13"/>
<dc element="dc.publisher" value="Reuters Holdings Plc"/>
<dc element="dc.date.published" value="1997-07-13"/>
<dc element="dc.source" value="Reuters"/>
<dc element="dc.creator.location" value="MOSCOW"/>
<dc element="dc.creator.location.country.name" value="RUSSIA"/>
<dc element="dc.source" value="Reuters"/>
</metadata>
</newsitem>
