<?xml version="1.0" encoding="iso-8859-1" ?>
<newsitem itemid="724698" id="root" date="1997-07-13" xml:lang="en">
<title>PHILIPPINES: Manila assesses impact of peso depreciation.</title>
<headline>Manila assesses impact of peso depreciation.</headline>
<dateline>MANILA 1997-07-13</dateline>
<text>
<p>A one-peso depreciation of the Philippine currency is projected to increase the country's total debts, foreign and domestic, by six billion pesos, a finance department study said on Sunday.</p>
<p>A depreciation by that amount is estimated to increase by 500 million pesos the country's foreign debt amortisation for this year, according to the study.</p>
<p>Latest official available figures put Philippine foreign debt at $37.7 billion as of last December.  </p>
<p>The country's overall indebtedness, to include domestic obligations, amounts to 1.133 trillion pesos, finance officials said.</p>
<p>The peso tumbled 11.5 percent to 29.40 against the dollar on Friday after the Central Bank allowed the currency to trade within a wider band. The sharp fall forced suspension of the currency's trading and dealing is to resume on Monday.</p>
<p>The finance department study was based on the currency depreciating by one peso, or 3.8 percent, against the dollar.</p>
<p>Such a rate of depreciation, it said, would lead to lower interest rates.  </p>
<p>&quot;The (Central Bank) will now be able to bring down its overnight rate, which has increased the rate of the bellwether 91-day T-bills to 12.2 percent from an average of 10.5 percent during the first five months of the year,&quot; the study said.</p>
<p>A one-peso depreciation will push up inflation by a slight margin of about 0.5 percent, it said. Thus, inflation could rise from the average January-June level of 4.6 percent to about 5.1 percent, it added.</p>
<p>Food inflation could rise to 1.7 percent from the first quarter figure of 1.3 percent while import prices will go up by about 3.8 percent, the study said.</p>
<p>((-- Manila newsroom (632) 841 8913 Fax 817 6267))</p>
</text>
<copyright>(c) Reuters Limited 1997</copyright>
<metadata>
<codes class="bip:countries:1.0">
  <code code="PHLNS">
    <editdetail attribution="Reuters BIP Coding Group" action="confirmed" date="1997-07-13"/>
  </code>
</codes>
<codes class="bip:topics:1.0">
  <code code="E12">
    <editdetail attribution="Reuters BIP Coding Group" action="confirmed" date="1997-07-13"/>
  </code>
  <code code="E21">
    <editdetail attribution="Reuters BIP Coding Group" action="confirmed" date="1997-07-13"/>
  </code>
  <code code="E212">
    <editdetail attribution="Reuters BIP Coding Group" action="confirmed" date="1997-07-13"/>
  </code>
  <code code="ECAT">
    <editdetail attribution="Reuters BIP Coding Group" action="confirmed" date="1997-07-13"/>
  </code>
  <code code="M13">
    <editdetail attribution="Reuters BIP Coding Group" action="confirmed" date="1997-07-13"/>
  </code>
  <code code="M132">
    <editdetail attribution="Reuters BIP Coding Group" action="confirmed" date="1997-07-13"/>
  </code>
  <code code="MCAT">
    <editdetail attribution="Reuters BIP Coding Group" action="confirmed" date="1997-07-13"/>
  </code>
</codes>
<dc element="dc.date.created" value="1997-07-13"/>
<dc element="dc.publisher" value="Reuters Holdings Plc"/>
<dc element="dc.date.published" value="1997-07-13"/>
<dc element="dc.source" value="Reuters"/>
<dc element="dc.creator.location" value="MANILA"/>
<dc element="dc.creator.location.country.name" value="PHILIPPINES"/>
<dc element="dc.source" value="Reuters"/>
</metadata>
</newsitem>
