<?xml version="1.0" encoding="iso-8859-1" ?>
<newsitem itemid="724680" id="root" date="1997-07-13" xml:lang="en">
<title>AUSTRALIA: Australian killed in demolition mishap.</title>
<headline>Australian killed in demolition mishap.</headline>
<dateline>CANBERRA 1997-07-13</dateline>
<text>
<p>An 23-year-old woman was killed and several people were injured in Canberra on Sunday when a hospital demolition went wrong, hurling debris into a crowd of thousands of spectators, police said.</p>
<p>Australian Federal Police acting sergeant Darryl Webb told Reuters the woman died during the implosion of the capital's old hospital, on the shore of a lake in tty's parliamentary tourist zone.</p>
<p>He said at least five people were injured. A 14-year-old boy suffered serious chest injuries.</p>
<p>The woman and those injured were standing in a park about 400 metres (yards) across the lake from the hospital, among thousands of tourists and locals who had lined parts of the lake and surrounding parks and bridges to watch the blast..</p>
<p>The hospital was closed in 1991 and was being demolished to clear the site for a new national museum.</p>
</text>
<copyright>(c) Reuters Limited 1997</copyright>
<metadata>
<codes class="bip:countries:1.0">
  <code code="AUSTR">
    <editdetail attribution="Reuters BIP Coding Group" action="confirmed" date="1997-07-13"/>
  </code>
</codes>
<codes class="bip:topics:1.0">
  <code code="GCAT">
    <editdetail attribution="Reuters BIP Coding Group" action="confirmed" date="1997-07-13"/>
  </code>
  <code code="GDIS">
    <editdetail attribution="Reuters BIP Coding Group" action="confirmed" date="1997-07-13"/>
  </code>
</codes>
<dc element="dc.date.created" value="1997-07-13"/>
<dc element="dc.publisher" value="Reuters Holdings Plc"/>
<dc element="dc.date.published" value="1997-07-13"/>
<dc element="dc.source" value="Reuters"/>
<dc element="dc.creator.location" value="CANBERRA"/>
<dc element="dc.creator.location.country.name" value="AUSTRALIA"/>
<dc element="dc.source" value="Reuters"/>
</metadata>
</newsitem>
