<?xml version="1.0" encoding="iso-8859-1" ?>
<newsitem itemid="724673" id="root" date="1997-07-13" xml:lang="en">
<title>AUSTRALIA: Australian Commodities Roundup - July 14.</title>
<headline>Australian Commodities Roundup - July 14.</headline>
<text>
<p>SYDNEY, July 14 - Gold and oil prices were slightly stronger on Friday and wheat prices were mixed among commodities of Australian interest, while supply tightness was the focus in other metals. The CRB index was up 0.82 at 233.52.</p>
<p>METALS - During an otherwise fairly routine day in commodity markets the London Metal Exchange (LME) admitted on Friday it was keeping an eye on trading activity in its copper and zinc contracts.  </p>
<p>While pointing out that the LME monitors all its contracts Chief-Executive David King told Reuters: &quot;We are taking an interest in copper and zinc, which are sensitive at the moment.&quot;</p>
<p>The copper market is currently finely balanced and zinc stocks have fallen considerably, he said.</p>
<p>Traders said that copper activity recently has become more and more focused on a developing supply tightness for delivery dates around the middle of July and this was probably the reason for closer monitoring by the Exchange.  </p>
<p>With investors, not wanting to be caught short of metal during that period, coming in to buy or borrow material the price of nearby delivery was trading around $140 above the level of benchmark three months delivery, which was at $2,284 a tonne.</p>
<p>In zinc a similar situation was developing but for delivery dates a couple of months ahead, in September.</p>
<p>Traders reasoned that if stocks continued to fall metal may be difficult to get hold of by the end of the summer. Premiums for September delivery were running around $12 above the three months delivery which was around $1,485 a tonne.  </p>
<p>Among other metals, aluminium paid little lasting attention to a 6,900-tonne stock increase, whch was believed to reflect off-warrant consignment metal being registered. Last trade was at $1,582, up $12.</p>
<p>Nickel prices came to life during the afternoon rings and kerb, ending $115 firmer at $6,965.</p>
<p>Lead progressed higher as well, albeit slowly, helped by its sister metal zinc, and by the end of the kerb was standing $7 higher at $667. The market's target is still $675.</p>
<p>Tin business was largely subdued, before a late mark-up on the kerb. Three months concluded at $5,550, up $30.  </p>
<p>Alloy was neglected for most of the session, closing at a stable $1,420/30 a tonne.</p>
<p>GOLD</p>
<p>COMEX and NYMEX precious metals ended mostly higher Friday, on fund shortcovering in both gold and platinum group metals (PGMs), but volumes were only moderate. COMEX August gold ended up $1.40 at $322.20 an ounce, after climbing above Thursday's high at $322.20 late in the day, and edging up to a session high at $323.10.  </p>
<p>The COMEX August/December spread narrowed further to around $3.20 an ounce, from $3.50 Thursday and $4.40 last Thursday before the Independence Day holiday weekend.</p>
<p>In the bullion market, spot gold ended quoted $321.00/60, compared to the London Friday afternoon fix at $319.50 and the New York close Thursday around $319.60/10.</p>
<p>Gold fixed at a 12 year low early Wednesday this week at $315.75 in London, after news of a further central bank gold sale last week. The Reserve Bank of Australia sold 167 tonnes of gold, two-thirds of its reserves, with deliveries occurring in June, August and September this year.  </p>
<p>While further shortcovering may ensue next week, as the gold market works off its technically oversold condition, sentiment remains bearish, analysts said.</p>
<p>WHEAT</p>
<p>CBOT soft red winter wheat futures closed mixed despite perceptions that a USDA forecast for 1997 U.S. winter wheat production was bearish, traders said. Analysts at a CBOT press briefing Friday said the CBOT soft red winter wheat futures contracts may have fallen to their seasonal harvest lows in anticipation of a large U.S. winter wheat crop.  </p>
<p>CBOT September wheat dropped early to a session low of $3.23 per bushel, just above the contract low of $3.21 that was set Tuesday.</p>
<p>USDA on Friday in its July wheat production forecast, pegged 1997 U.S. winter wheat production at 1.781 billion bushels, above an average of analysts' estimates for 1.687 billion bushels. But USDA also pegged total wheat production at 2.431 billion bushels, below the average analyst expectation for 2.433 billion. CBOT wheat closed 1/4 cent a bushel lower to 3-3/4 up with July up 1/2 at $3.22. September was unchanged at $3.29-1/2.  </p>
<p>OIL</p>
<p>NYMEX gasoline futures, catching onto bullishness sweeping through spot gasoline markets Friday, settled higher and dragged a sleepy crude market along for part of the ride, traders said. The gasoline move that brought August futures to a settlement 0.66 cent higher at 59.26 cents a gallon, was tangled in a web of intrigue that involved an independent Gulf Coast trading house, a Wall Street giant and other traders. But crude trade was dampened by the waiting surrounding the restart of limited Iraqi oil sales, with traders eager to here about a key meeting on Sunday in Baghdad that should signal how quickly those sales  </p>
<p>might resume. August crude settled 11 cents higher at $19.33 a barrel after a session of traders sitting on the fence.</p>
<p>-- Sydney Newsroom 61-2 9373-1800  </p>
<p>Last trades or bids for key Australian-interest commodities. Previous close in brackets.</p>
<p>Commodities Research Bureau Index		  233.52 (  232.7)</p>
<p>U.S.</p>
<p>Copper h.grade (Comex 2nd mth USc/lb)	     104.8 ( 104.85)</p>
<p>Copper wirebars (USc/lb bid)			114.625 ( 112.63)</p>
<p>Lead Scrap (USc/lb bid)				    10 (     10)</p>
<p>Aluminium (USc/lb bid)				     75 (  75.25)</p>
<p>Platinum (JMI based US$/oz last)			415 (    397)</p>
<p>Palladium (JMI based US$/oz last)		     175 (    170)</p>
<p>Silver (H&amp;H US$/oz last)				4.355 (   4.31)</p>
<p>Gold Bullion (H&amp;H US$/oz last)			319.5 (  319.8)</p>
<p>Gold (Comex 2nd mth US$/oz)			   322.2 (  320.7)</p>
<p>Crude oil (NYMEX light 2nd mth US$/bbl)	   19.49 (  19.28)</p>
<p>Sugar Raw No.11 (average USc/lb last)	     11.13 (  11.07)</p>
<p>Cotton (NYC 2nd mth USc/50klb)			73.35 (  74.03)</p>
<p>Wheat (CBOT 2nd mth USc/5kbushel)		   329.5 (  329.5)</p>
<p>Live Cattle (CME 1st mth USc/40klbs)		65.75 ( 64.975)</p>
<p>Live Cattle (CME 2nd mth USc/40klbs)		68.95 ( 68.425)</p>
<p>LONDON</p>
<p>(LME official bid quotes)</p>
<p>Copper Grade A (LME cash official US$/tonne)     2404 (   2412)</p>
<p>Copper Grade A (LME 3-mth offiicial US$/tonne    2273 (   2281)</p>
<p>Aluminium (LME cash official US$/tonne)	  1537.5 (   1551)</p>
<p>Aluminium (LME 3-mth official US$/tonne)	 1562.5 (   1576)</p>
<p>Lead (LME cash official US$/tonne)		    644 (    644)</p>
<p>Lead (LME 3-mth official US$/tonne)		 657.5 (    658)</p>
<p>Nickel (LME cash official US$/tonne)		 6750 (   6770)</p>
<p>Nickel (LME 3-mth official US$/tonne)		6870 (   6885)</p>
<p>Zinc High Grade (LME cash official US$/tonne)    1465 ( 1470.5)</p>
<p>Zinc High Grade (LME 3-mth official US$/tonne    1474 (   1480)</p>
<p>Silver (spot fix USc/oz)				435.9 (  434.5)</p>
<p>Antimony (US$/tonne bid)				 1975 (   1975)</p>
<p>Tantalite ore (US$/lb bid)				 26 (     26)</p>
<p>Platinum (stg/oz afternoon fix)		     238.1 (  234.3)</p>
<p>Gold Bullion (US$/oz afternoon fix)		 319.5 (  319.8)</p>
<p>Raw sugar No.4 (stg/tonne last)			 157 (  159.4)</p>
<p>Wheat (LCE 2nd mth stg/tonne)			  80.5 (  81.65)</p>
<p>--Sydney newsroom 61-2 9373-1800</p>
</text>
<copyright>(c) Reuters Limited 1997</copyright>
<metadata>
<codes class="bip:countries:1.0">
  <code code="AUSTR">
    <editdetail attribution="Reuters BIP Coding Group" action="confirmed" date="1997-07-13"/>
  </code>
  <code code="UK">
    <editdetail attribution="Reuters BIP Coding Group" action="confirmed" date="1997-07-13"/>
  </code>
  <code code="USA">
    <editdetail attribution="Reuters BIP Coding Group" action="confirmed" date="1997-07-13"/>
  </code>
</codes>
<codes class="bip:topics:1.0">
  <code code="M14">
    <editdetail attribution="Reuters BIP Coding Group" action="confirmed" date="1997-07-13"/>
  </code>
  <code code="M141">
    <editdetail attribution="Reuters BIP Coding Group" action="confirmed" date="1997-07-13"/>
  </code>
  <code code="M142">
    <editdetail attribution="Reuters BIP Coding Group" action="confirmed" date="1997-07-13"/>
  </code>
  <code code="M143">
    <editdetail attribution="Reuters BIP Coding Group" action="confirmed" date="1997-07-13"/>
  </code>
  <code code="MCAT">
    <editdetail attribution="Reuters BIP Coding Group" action="confirmed" date="1997-07-13"/>
  </code>
</codes>
<dc element="dc.publisher" value="Reuters Holdings Plc"/>
<dc element="dc.date.published" value="1997-07-13"/>
<dc element="dc.source" value="Reuters"/>
<dc element="dc.creator.location.country.name" value="AUSTRALIA"/>
<dc element="dc.source" value="Reuters"/>
</metadata>
</newsitem>
