<?xml version="1.0" encoding="iso-8859-1" ?>
<newsitem itemid="724629" id="root" date="1997-07-13" xml:lang="en">
<title>BRAZIL: Malan does not see Brazil hurt by Asia forex woes.</title>
<headline>Malan does not see Brazil hurt by Asia forex woes.</headline>
<dateline>RIO DE JANEIRO 1997-07-13</dateline>
<text>
<p>Brazilian Finance Minister Pedro Malan said the recent currency devaluations in Southeast Asia could undermine investor confidence in emerging economies, but confidence in Brazil's economy would be strengthened by its specific characteristics, a newspaper said.</p>
<p>He said Brazil's current account deficit was not as high at four percent of gross domestic product (GDP) as that of the Philipines, Indonesia and Thailand whose current account deficits ranged between six to eight percent of GDP and made them vulnerable to currency speculation, Folha de Sao Paulo said.</p>
<p>Malan also cited Brazil's privatization program as a positive point, saying that the high price paid recently for B Band cellular telephone concessions showed that Brazil had huge potential for investment, Folha said. ((-- Simona de Logu, Rio de Janeiro newsroom, 5521 507 4151))</p>
</text>
<copyright>(c) Reuters Limited 1997</copyright>
<metadata>
<codes class="bip:countries:1.0">
  <code code="BRAZ">
    <editdetail attribution="Reuters BIP Coding Group" action="confirmed" date="1997-07-13"/>
  </code>
</codes>
<codes class="bip:topics:1.0">
  <code code="E11">
    <editdetail attribution="Reuters BIP Coding Group" action="confirmed" date="1997-07-13"/>
  </code>
  <code code="E51">
    <editdetail attribution="Reuters BIP Coding Group" action="confirmed" date="1997-07-13"/>
  </code>
  <code code="E511">
    <editdetail attribution="Reuters BIP Coding Group" action="confirmed" date="1997-07-13"/>
  </code>
  <code code="ECAT">
    <editdetail attribution="Reuters BIP Coding Group" action="confirmed" date="1997-07-13"/>
  </code>
  <code code="M13">
    <editdetail attribution="Reuters BIP Coding Group" action="confirmed" date="1997-07-13"/>
  </code>
  <code code="M132">
    <editdetail attribution="Reuters BIP Coding Group" action="confirmed" date="1997-07-13"/>
  </code>
  <code code="MCAT">
    <editdetail attribution="Reuters BIP Coding Group" action="confirmed" date="1997-07-13"/>
  </code>
</codes>
<dc element="dc.date.created" value="1997-07-13"/>
<dc element="dc.publisher" value="Reuters Holdings Plc"/>
<dc element="dc.date.published" value="1997-07-13"/>
<dc element="dc.source" value="Reuters"/>
<dc element="dc.creator.location" value="RIO DE JANEIRO"/>
<dc element="dc.creator.location.country.name" value="BRAZIL"/>
<dc element="dc.source" value="Reuters"/>
</metadata>
</newsitem>
