<?xml version="1.0" encoding="iso-8859-1" ?>
<newsitem itemid="724633" id="root" date="1997-07-13" xml:lang="en">
<title>MEXICO: Mexico says receives 5 bids for electricity plant.</title>
<headline>Mexico says receives 5 bids for electricity plant.</headline>
<dateline>MEXICO CITY 1997-07-13</dateline>
<text>
<p>Mexico's state-owned Federal Electricity Commmission (CFE) said in a statement on Sunday that it had received technical offers from five consortiums to construct the thermo-electrical generating plant, Cerro Prieto IV.</p>
<p>It said the plant, just south of the city of Mexicali in Baja California, will be able to generate 100 megwatts.</p>
<p>It said the offers came from Marubeni Corp, Mitsubishi Corp, Kanematsu-ICA Fluor Daniel, Ansaldo de Mexico, and Ormet International-GEC Alsthom-Turalmex.</p>
<p>It said that the decision will be made by August 10.</p>
<p>((-- Robert Kozak, Mexico City newsroom +525 728 9559))</p>
</text>
<copyright>(c) Reuters Limited 1997</copyright>
<metadata>
<codes class="bip:countries:1.0">
  <code code="MEX">
    <editdetail attribution="Reuters BIP Coding Group" action="confirmed" date="1997-07-13"/>
  </code>
  <code code="USA">
    <editdetail attribution="Reuters BIP Coding Group" action="confirmed" date="1997-07-13"/>
  </code>
</codes>
<codes class="bip:industries:1.0">
  <code code="I16100">
    <editdetail attribution="Reuters BIP Coding Group" action="confirmed" date="1997-07-13"/>
  </code>
  <code code="I32000">
    <editdetail attribution="Reuters BIP Coding Group" action="confirmed" date="1997-07-13"/>
  </code>
  <code code="I34000">
    <editdetail attribution="Reuters BIP Coding Group" action="confirmed" date="1997-07-13"/>
  </code>
  <code code="I50200">
    <editdetail attribution="Reuters BIP Coding Group" action="confirmed" date="1997-07-13"/>
  </code>
  <code code="I63000">
    <editdetail attribution="Reuters BIP Coding Group" action="confirmed" date="1997-07-13"/>
  </code>
</codes>
<codes class="bip:topics:1.0">
  <code code="C13">
    <editdetail attribution="Reuters BIP Coding Group" action="confirmed" date="1997-07-13"/>
  </code>
  <code code="C33">
    <editdetail attribution="Reuters BIP Coding Group" action="confirmed" date="1997-07-13"/>
  </code>
  <code code="CCAT">
    <editdetail attribution="Reuters BIP Coding Group" action="confirmed" date="1997-07-13"/>
  </code>
</codes>
<dc element="dc.date.created" value="1997-07-13"/>
<dc element="dc.publisher" value="Reuters Holdings Plc"/>
<dc element="dc.date.published" value="1997-07-13"/>
<dc element="dc.source" value="Reuters"/>
<dc element="dc.creator.location" value="MEXICO CITY"/>
<dc element="dc.creator.location.country.name" value="MEXICO"/>
<dc element="dc.source" value="Reuters"/>
</metadata>
</newsitem>
