<?xml version="1.0" encoding="iso-8859-1" ?>
<newsitem itemid="724610" id="root" date="1997-07-13" xml:lang="en">
<title>RUSSIA: Yeltsin calls Baltic NATO membership &quot;dangerous&quot;.</title>
<headline>Yeltsin calls Baltic NATO membership &quot;dangerous&quot;.</headline>
<dateline>SHUISKAYA CHUPA, Russia 1997-07-13</dateline>
<text>
<p>President Boris Yeltsin said on Sunday admitting former Soviet Baltic states into NATO would endanger Russian security and Moscow would strongly oppose their admission into the Western alliance.</p>
<p>Yeltsin spoke after meeting Finnish President Martti Ahtisaari just days after a NATO summit in Madrid during which members invited three former Soviet allies -- Poland, the Czech Republic and Hungary -- to join the North Atlantic Treaty Organisation.</p>
<p>&quot;I expressed, of course, our dissatisfaction with the Madrid Communique as it mentions the Baltics as new (potential) states and that's dangerous,&quot; Yeltsin told reporters. &quot;We will be categorically against this.&quot;</p>
<p>After a meeting in St Petersburg on Sunday with Russian Foreign Minister Yevgeny Primakov, U.S. Secretary of State Madeleine Albright said NATO reserved the option to invite Latvia, Lithuania and Estonia into the alliance.</p>
<p>&quot;We have said all along that NATO is open to all democratic market systems in Europe...It doesn't matter where a country is on the map, they are eligible for membership in NATO,&quot; she told Russian television.</p>
</text>
<copyright>(c) Reuters Limited 1997</copyright>
<metadata>
<codes class="bip:countries:1.0">
  <code code="BALTST">
    <editdetail attribution="Reuters BIP Coding Group" action="confirmed" date="1997-07-13"/>
  </code>
  <code code="CZREP">
    <editdetail attribution="Reuters BIP Coding Group" action="confirmed" date="1997-07-13"/>
  </code>
  <code code="ESTNIA">
    <editdetail attribution="Reuters BIP Coding Group" action="confirmed" date="1997-07-13"/>
  </code>
  <code code="HUNG">
    <editdetail attribution="Reuters BIP Coding Group" action="confirmed" date="1997-07-13"/>
  </code>
  <code code="LATV">
    <editdetail attribution="Reuters BIP Coding Group" action="confirmed" date="1997-07-13"/>
  </code>
  <code code="LITH">
    <editdetail attribution="Reuters BIP Coding Group" action="confirmed" date="1997-07-13"/>
  </code>
  <code code="NATO">
    <editdetail attribution="Reuters BIP Coding Group" action="confirmed" date="1997-07-13"/>
  </code>
  <code code="POL">
    <editdetail attribution="Reuters BIP Coding Group" action="confirmed" date="1997-07-13"/>
  </code>
  <code code="RUSS">
    <editdetail attribution="Reuters BIP Coding Group" action="confirmed" date="1997-07-13"/>
  </code>
</codes>
<codes class="bip:topics:1.0">
  <code code="GCAT">
    <editdetail attribution="Reuters BIP Coding Group" action="confirmed" date="1997-07-13"/>
  </code>
  <code code="GDEF">
    <editdetail attribution="Reuters BIP Coding Group" action="confirmed" date="1997-07-13"/>
  </code>
  <code code="GDIP">
    <editdetail attribution="Reuters BIP Coding Group" action="confirmed" date="1997-07-13"/>
  </code>
</codes>
<dc element="dc.date.created" value="1997-07-13"/>
<dc element="dc.publisher" value="Reuters Holdings Plc"/>
<dc element="dc.date.published" value="1997-07-13"/>
<dc element="dc.source" value="Reuters"/>
<dc element="dc.creator.location" value="SHUISKAYA CHUPA, Russia"/>
<dc element="dc.creator.location.country.name" value="RUSSIA"/>
<dc element="dc.source" value="Reuters"/>
</metadata>
</newsitem>
