<?xml version="1.0" encoding="iso-8859-1" ?>
<newsitem itemid="724675" id="root" date="1997-07-13" xml:lang="en">
<title>AUSTRALIA: Australian companies ex-div to July 25.</title>
<headline>Australian companies ex-div to July 25.</headline>
<dateline>SYDNEY 1996-07-14</dateline>
<text>
<p>The following is a list of companies going ex-dividend to July 25, compiled from information supplied by the Australian Stock Exchange.</p>
<p>Monday</p>
<p>nil</p>
<p>Tuesday</p>
<p>nil</p>
<p>Wednesday  </p>
<p>IAMA ltd				6.0 cents</p>
<p>Thursday</p>
<p>nil</p>
<p>Friday</p>
<p>nil</p>
<p>Monday</p>
<p>nil  </p>
<p>Tuesday</p>
<p>nil</p>
<p>Wednesday</p>
<p>Resource and Industry	     1.8 cents</p>
<p>Skansen Holdings		    2.0 cents</p>
<p>Thursday</p>
<p>National Mutual		     4.0 cents</p>
<p>Friday  </p>
<p>nil</p>
<p>-- Sydney newsroom 61-2 9373-1800</p>
</text>
<copyright>(c) Reuters Limited 1997</copyright>
<metadata>
<codes class="bip:countries:1.0">
  <code code="AUSTR">
    <editdetail attribution="Reuters BIP Coding Group" action="confirmed" date="1997-07-13"/>
  </code>
</codes>
<codes class="bip:industries:1.0">
  <code code="I61000">
    <editdetail attribution="Reuters BIP Coding Group" action="confirmed" date="1997-07-13"/>
  </code>
  <code code="I82002">
    <editdetail attribution="Reuters BIP Coding Group" action="confirmed" date="1997-07-13"/>
  </code>
</codes>
<codes class="bip:topics:1.0">
  <code code="C15">
    <editdetail attribution="Reuters BIP Coding Group" action="confirmed" date="1997-07-13"/>
  </code>
  <code code="C151">
    <editdetail attribution="Reuters BIP Coding Group" action="confirmed" date="1997-07-13"/>
  </code>
  <code code="CCAT">
    <editdetail attribution="Reuters BIP Coding Group" action="confirmed" date="1997-07-13"/>
  </code>
</codes>
<dc element="dc.date.created" value="1996-07-14"/>
<dc element="dc.publisher" value="Reuters Holdings Plc"/>
<dc element="dc.date.published" value="1997-07-13"/>
<dc element="dc.source" value="Reuters"/>
<dc element="dc.creator.location" value="SYDNEY"/>
<dc element="dc.creator.location.country.name" value="AUSTRALIA"/>
<dc element="dc.source" value="Reuters"/>
</metadata>
</newsitem>
