<?xml version="1.0" encoding="iso-8859-1" ?>
<newsitem itemid="724641" id="root" date="1997-07-13" xml:lang="en">
<title>CUBA: Cuban parliamentary president heads for U.S. talks.</title>
<headline>Cuban parliamentary president heads for U.S. talks.</headline>
<dateline>HAVANA 1997-07-13</dateline>
<text>
<p>Cuban parliamentary president Ricardo Alarcon left on Sunday for New York, where he will head Cuba's side at talks with the United States on migration issues, Cuban state media said.</p>
<p>The talks, to be held this Wednesday and Thursday, are the latest in periodic discussions the United States and Cuba hold to review progress implementing their migration accords of May 1995 and September 1994. The last such round of talks was held in December in Havana.</p>
<p>Under the May 1995 agreement, Washington undertook to repatriate Cuban boat people intercepted trying to reach the United States, while at the same time boosting the number of visas it grants Cubans to 20,000 a year.</p>
<p>The aim, which has been largely achieved, was to halt a flow of Cuban boat people over the Florida Straits that reached crisis point in August 1994 when more than 30,000 Cubans left the communist-ruled island on flimsy rafts.</p>
<p>The migration talks are one of the very few areas in which Washington and Havana cooperate. The two countries, which have no diplomatic relations, have been political enemies since the 1959 revolution that brought Cuban President Fidel Castro to power.</p>
</text>
<copyright>(c) Reuters Limited 1997</copyright>
<metadata>
<codes class="bip:countries:1.0">
  <code code="CUBA">
    <editdetail attribution="Reuters BIP Coding Group" action="confirmed" date="1997-07-13"/>
  </code>
  <code code="USA">
    <editdetail attribution="Reuters BIP Coding Group" action="confirmed" date="1997-07-13"/>
  </code>
</codes>
<codes class="bip:topics:1.0">
  <code code="GCAT">
    <editdetail attribution="Reuters BIP Coding Group" action="confirmed" date="1997-07-13"/>
  </code>
  <code code="GDIP">
    <editdetail attribution="Reuters BIP Coding Group" action="confirmed" date="1997-07-13"/>
  </code>
</codes>
<dc element="dc.date.created" value="1997-07-13"/>
<dc element="dc.publisher" value="Reuters Holdings Plc"/>
<dc element="dc.date.published" value="1997-07-13"/>
<dc element="dc.source" value="Reuters"/>
<dc element="dc.creator.location" value="HAVANA"/>
<dc element="dc.creator.location.country.name" value="CUBA"/>
<dc element="dc.source" value="Reuters"/>
</metadata>
</newsitem>
