<?xml version="1.0" encoding="iso-8859-1" ?>
<newsitem itemid="724787" id="root" date="1997-07-13" xml:lang="en">
<title>DUBAI: Oil spill threatens UAE water supplies.</title>
<headline>Oil spill threatens UAE water supplies.</headline>
<byline>Steven Swindells</byline>
<dateline>DUBAI 1997-07-13</dateline>
<text>
<p>A barge suspected of carrying more than 5,000 tonnes of Iraqi diesel has run aground off the United Arab Emirates causing a slick that threatens part of the oil state's drinking water supplies and beaches, Gulf shipping sources said on Sunday.</p>
<p>The 75 metre-long barge Safa 255 had spilled some 2,500 tonnes of its diesel cargo into Gulf waters by Sunday as a salvage operation got under way to close the manhole covers to the barge's 18 tanks and refloat the stranded vessel, they said.</p>
<p>&quot;Fortunately the barge is still intact...We suspect she's OK. The gas oil leaked because water came in over the deck and through the manhole covers which replaced the gas oil in the tanks,&quot; said Seraj Alali, managing director of salvage contractor Whitesea Shipping Company.</p>
<p>Whitesea Shipping will lighter the vessel late on Sunday or Monday before attempting to lift it from the shallow sea floor.</p>
<p>UAE-registered Safa 255 lost control and was beached off the coast of the emirate of Sharjah after its tow-rope to a tug hauling the barge snapped on Friday in heavy winds.</p>
<p>A shipping source said the barge had not been designed for transporting petroleum products but was a general cargo vessel that had been adapted.</p>
<p>&quot;It basically sank because it was carrying too much diesel and it couldn't power or direct itself when the tow-rope was lost,&quot; another shipper said.</p>
<p>Barges and other small vessels regularly transport Iraqi diesel and other petroleum products in violation of United Nations sanctions in the shallow waters of the Gulf.</p>
<p>Iraq has only been permitted to resume sales of its crude oil since December under a strictly enforced U.N. oil-for-food deal under which it exports only crude oil rather than products such as gas oil. Iraq has not officially exported oil since June because of an argument over aid distribution.</p>
<p>UAE government agencies were reported to have taken samples of the spilt diesel for analysis and it was too early to confirm the source of the diesel.</p>
<p>The spill had forced the shutdown of a 20 million gallons-a-day water desalination plant in Sharjah which is the main source of drinking water for the emirate's 500,000 people.</p>
<p>&quot;We have had no water since yesterday. We cannot even brush our teeth,&quot; said one Sharjah resident.</p>
<p>Beaches across the UAE's northern Gulf coast, already suffering from oil dumped by ships travelling in the strategic waterway, were also said by residents to be affected by the diesel which remained on the sea surface in patches of yellow.</p>
<p>But environmental damage and the threat to the Gulf's diverse marine life, which includes green turtles and dolphins, had been limited because temperatures of more than 38 degrees Celsius had caused a large part of the diesel to evaporate.</p>
<p>Diesel, unlike crude oil or heavy fuel oil, is a light petroleum product which remains close to the water surface and forms a light film capable of being broken down and evaporated by the sun, rough seas and ocean winds, shippers said.</p>
<p>The UAE's largest oil spill was in 1994 when 16,000 tonnes of Iranian crude oil caused serious damage to the country's eastern coastline and its important fishing industry.</p>
</text>
<copyright>(c) Reuters Limited 1997</copyright>
<metadata>
<codes class="bip:countries:1.0">
  <code code="IRAQ">
    <editdetail attribution="Reuters BIP Coding Group" action="confirmed" date="1997-07-13"/>
  </code>
  <code code="UAE">
    <editdetail attribution="Reuters BIP Coding Group" action="confirmed" date="1997-07-13"/>
  </code>
</codes>
<codes class="bip:industries:1.0">
  <code code="I74000">
    <editdetail attribution="Reuters BIP Coding Group" action="confirmed" date="1997-07-13"/>
  </code>
</codes>
<codes class="bip:topics:1.0">
  <code code="C24">
    <editdetail attribution="Reuters BIP Coding Group" action="confirmed" date="1997-07-13"/>
  </code>
  <code code="CCAT">
    <editdetail attribution="Reuters BIP Coding Group" action="confirmed" date="1997-07-13"/>
  </code>
  <code code="GCAT">
    <editdetail attribution="Reuters BIP Coding Group" action="confirmed" date="1997-07-13"/>
  </code>
  <code code="GDIS">
    <editdetail attribution="Reuters BIP Coding Group" action="confirmed" date="1997-07-13"/>
  </code>
  <code code="GENV">
    <editdetail attribution="Reuters BIP Coding Group" action="confirmed" date="1997-07-13"/>
  </code>
</codes>
<dc element="dc.date.created" value="1997-07-13"/>
<dc element="dc.publisher" value="Reuters Holdings Plc"/>
<dc element="dc.date.published" value="1997-07-13"/>
<dc element="dc.source" value="Reuters"/>
<dc element="dc.creator.location" value="DUBAI"/>
<dc element="dc.creator.location.country.name" value="DUBAI"/>
<dc element="dc.source" value="Reuters"/>
</metadata>
</newsitem>
