<?xml version="1.0" encoding="iso-8859-1" ?>
<newsitem itemid="724798" id="root" date="1997-07-13" xml:lang="en">
<title>KUWAIT: PRESS DIGEST - Kuwait - July 13.</title>
<headline>PRESS DIGEST - Kuwait - July 13.</headline>
<dateline>KUWAIT 1997-07-13</dateline>
<text>
<p>These are some of the leading stories in Kuwait's press on Sunday. Reuters has not verified these stories and does not vouch for their accuracy.</p>
<p>AL-QABAS</p>
<p>- Foreign Ministry denies any official link to delegation of Kuwaiti academics who last week visited Yemen, one of several Arab states which it accused of sympathising with former occupier Iraq during the 1990-91 Gulf crisis.</p>
<p>- Iranian arrested with eight kg (17.6 lb) of illicit drugs.</p>
<p>AL-RAI AL-AAM</p>
<p>- Washington recently asked Tehran to hold a &quot;serious and deep dialogue&quot;, a political source in Iran said. The United States and Iran, once close, have been at odds since Iran's 1979 Islamic revolution.</p>
<p>- Saudi Arabian and French businessmen to hold seminars in France in November.</p>
<p>- Qatar might cancel the fourth Middle East and North Africa (MENA) economic summit due to convene in Doha in November if Israel fails to change its policies, an Arab League official says. Qatar has said it would host the annual summit on time despite opposition by some Arab states who say Israel must first break a deadlock in the Middle East peace process.</p>
<p>AL-ANBA</p>
<p>- GCC delegation on Sunday to visit the European parliament and later the European Union headquarters as part of efforts to boost trade and investment between the two economic blocks.</p>
<p>AL-SEYASSAH</p>
<p>- Coast Guard foil attempt by 23 Iranians to enter the country illegaly.</p>
<p>- Thirty firms to participate in Kuwait's gifts exhibition in September.</p>
</text>
<copyright>(c) Reuters Limited 1997</copyright>
<metadata>
<codes class="bip:countries:1.0">
  <code code="KUWAIT">
    <editdetail attribution="Reuters BIP Coding Group" action="confirmed" date="1997-07-13"/>
  </code>
</codes>
<codes class="bip:topics:1.0">
  <code code="GCAT">
    <editdetail attribution="Reuters BIP Coding Group" action="confirmed" date="1997-07-13"/>
  </code>
</codes>
<dc element="dc.date.created" value="1997-07-13"/>
<dc element="dc.publisher" value="Reuters Holdings Plc"/>
<dc element="dc.date.published" value="1997-07-13"/>
<dc element="dc.source" value="Reuters"/>
<dc element="dc.creator.location" value="KUWAIT"/>
<dc element="dc.creator.location.country.name" value="KUWAIT"/>
<dc element="dc.source" value="Reuters"/>
</metadata>
</newsitem>
