<?xml version="1.0" encoding="iso-8859-1" ?>
<newsitem itemid="724725" id="root" date="1997-07-13" xml:lang="en">
<title>CHINA: China floods cut Shanghai, Fujian railway links.</title>
<headline>China floods cut Shanghai, Fujian railway links.</headline>
<dateline>SHANGHAI 1997-07-13</dateline>
<text>
<p>Flooding in eastern China due to heavy rains over the past week has severed some railway links between the city of Shanghai and Fujian province, the official Xinhua news agency said on Sunday.</p>
<p>The flooding inundated stretches of railway beginning early on Friday, Xinhua said.</p>
<p>Train journeys from Shanghai to Fujian's major cities of Xiamen and Fuzhou were cancelled on Saturday, but workers had managed to repair damage to some of the flooded sections later that day, it said, quoting railway officials.</p>
<p>Workers have repaired damage to two of the three sections most seriously hit by flooding and services would resume on all lines within three to five days, the agency said.</p>
<p>Xinhua did not say how much freight and passenger traffic had been disrupted by the flooding.</p>
<p>Devastating floods caused by torrential rain across much of southern and eastern China have killed at least 85 people this month, state media and officials said on Friday.</p>
</text>
<copyright>(c) Reuters Limited 1997</copyright>
<metadata>
<codes class="bip:countries:1.0">
  <code code="CHINA">
    <editdetail attribution="Reuters BIP Coding Group" action="confirmed" date="1997-07-13"/>
  </code>
</codes>
<codes class="bip:topics:1.0">
  <code code="GCAT">
    <editdetail attribution="Reuters BIP Coding Group" action="confirmed" date="1997-07-13"/>
  </code>
  <code code="GDIS">
    <editdetail attribution="Reuters BIP Coding Group" action="confirmed" date="1997-07-13"/>
  </code>
  <code code="GWEA">
    <editdetail attribution="Reuters BIP Coding Group" action="confirmed" date="1997-07-13"/>
  </code>
</codes>
<dc element="dc.date.created" value="1997-07-13"/>
<dc element="dc.publisher" value="Reuters Holdings Plc"/>
<dc element="dc.date.published" value="1997-07-13"/>
<dc element="dc.source" value="Reuters"/>
<dc element="dc.creator.location" value="SHANGHAI"/>
<dc element="dc.creator.location.country.name" value="CHINA"/>
<dc element="dc.source" value="Reuters"/>
</metadata>
</newsitem>
