<?xml version="1.0" encoding="iso-8859-1" ?>
<newsitem itemid="724715" id="root" date="1997-07-13" xml:lang="en">
<title>CAMBODIA: Cambodia's Hun Sen calls for free and fair election.</title>
<headline>Cambodia's Hun Sen calls for free and fair election.</headline>
<dateline>PHNOM PENH 1997-07-13</dateline>
<text>
<p>Cambodia's Second Prime Minister Hun Sen said on Sunday, a week after ousting his senior rival, that the country must have a free and fair election.</p>
<p>&quot;It is necessary...to ensure a free and fair general election, which is the aim of all of us,&quot; he said in statement read by an announcer on national radio. He gave no date for the election.  </p>
<p>Last month Hun Sen agreed with First Prime Minister Prince Norodom Ranariddh, the man he later ousted in two days of bloody fighting in Phnom Penh, that a general election should be held next May 23, exactly five years after U.N.-organised polls that led to their coalition.</p>
<p>Hun Sen also called on all Cambodian newspapers, including those critical of him, to resume publication. &quot;As for the press, including newspapers that used to be critical, please hurry and publish,&quot; his statement said.</p>
<p>Some Cambodian newspapers, including many that supported Ranariddh, ceased publication during the two days of fighting and subsequent chaos. Many members of Ranariddh's party as well as foreign business people and aid workers fled the country in the aftermath of the prince's ouster.</p>
<p>Major foreign governments have condemned the violence and some have suspended or are reconsidering their aid programmes.</p>
</text>
<copyright>(c) Reuters Limited 1997</copyright>
<metadata>
<codes class="bip:countries:1.0">
  <code code="KAMPA">
    <editdetail attribution="Reuters BIP Coding Group" action="confirmed" date="1997-07-13"/>
  </code>
</codes>
<codes class="bip:topics:1.0">
  <code code="GCAT">
    <editdetail attribution="Reuters BIP Coding Group" action="confirmed" date="1997-07-13"/>
  </code>
  <code code="GPOL">
    <editdetail attribution="Reuters BIP Coding Group" action="confirmed" date="1997-07-13"/>
  </code>
  <code code="GVOTE">
    <editdetail attribution="Reuters BIP Coding Group" action="confirmed" date="1997-07-13"/>
  </code>
</codes>
<dc element="dc.date.created" value="1997-07-13"/>
<dc element="dc.publisher" value="Reuters Holdings Plc"/>
<dc element="dc.date.published" value="1997-07-13"/>
<dc element="dc.source" value="Reuters"/>
<dc element="dc.creator.location" value="PHNOM PENH"/>
<dc element="dc.creator.location.country.name" value="CAMBODIA"/>
<dc element="dc.source" value="Reuters"/>
</metadata>
</newsitem>
