<?xml version="1.0" encoding="iso-8859-1" ?>
<newsitem itemid="724710" id="root" date="1997-07-13" xml:lang="en">
<title>CAMBODIA: Hun Sen calls for poll in battle for legitimacy.</title>
<headline>Hun Sen calls for poll in battle for legitimacy.</headline>
<byline>Robert Birsel</byline>
<dateline>PHNOM PENH 1997-07-13</dateline>
<text>
<p>A week after battle rocked the Cambodian capital and Second Prime Minister Hun Sen ousted his co-premier, the Cambodian strongman is facing a new type of battle -- one for legitimacy, political analysts said on Sunday.</p>
<p>Hun Sen's call on Sunday for a free and fair election was part of a carefully planned strategy to secure political legitimacy, and political power, the analysts said.</p>
<p>&quot;I'm sure he wants to become a legitimate prime minister, that's why he has always pushed for the election,&quot; said a foreign Cambodia scholar who declined to be identified.</p>
<p>Hun Sen did not give a date for the poll.</p>
<p>He served as prime minister in the Hanoi-backed government which ruled Cambodia through the 1980s. Only a handful of countries, most of them allied to the then Soviet Union recognised that government.</p>
<p>Hun Sen has been second prime minister since a U.N.-organised election in 1993 and analysts said he wanted to become Cambodia's sole and legitimate prime minister.</p>
<p>&quot;He cares about recognition and legitimacy,&quot; said a Cambodian political analyst. &quot;He does not want a repeat of the isolation of the 1980s.&quot;</p>
<p>But while his call for a free and fair election would help him in his struggle for legitimacy, Hun Sen still had a lot to do in the aftermath of bloody battles in Phnom Penh and the ouster of First Prime Minster Prince Norodom Ranariddh, analysts said.</p>
<p>The violence sparked an exodus of thousands of foreigners, including many business people and aid workers.</p>
<p>Germany cut its aid programme and the United States suspended its aid for 30 days in response to Ranariddh's overthrow. France made no pledge of aid at a recent donor meeting in Paris.</p>
<p>Australia also said it was considering suspending its aid, although Sunday's Sydney-based Sun-Herald newspaper reported that Australia's ambassador in Phnom Penh had urged Canberra in a leaked diplomatic cable to back Hun Sen.</p>
<p>Another blow to Hun Sen was the decision of the seven-member Association of Southeast Asian Nations (ASEAN) to postpone indefinitely Cambodia's membership of the grouping, which had been scheduled for the end of this month.</p>
<p>&quot;He's fighting two battles, the battle for sole power and a second battle for recognition and legitimacy,&quot; said the Cambodian analyst.</p>
<p>&quot;At first he was concerned only about the battle for power. Now he has to gain legitimacy but that's not going to be so easy. Legitimacy means aid, continuing foreign assistance&quot;.</p>
<p>About half of Cambodia's annual budget comes from foreign aid. If that lifeline were to be cut, Hun Sen would face serious problems, including possible dissent within his own party.</p>
<p>&quot;If Cambodia is back to a kind of isolation, if he's unable to prevent that, he'll have to face problems with his party,&quot; said the foreign Cambodia scholar. &quot;That's why he's trying to deal with the international community.&quot;</p>
<p>&quot;If the IMF and the World Bank come under pressure from the big countries to cut off loans,&quot; said the Cambodian source, &quot;how is he going to pay the civil service, the police and military? How is he going to keep his own people happy?&quot;</p>
<p>&quot;It's very clear Hun Sen miscalculated the extent of the international fallout, which is monumental,&quot; a diplomat said. &quot;There are people in his party who are not very happy with that.&quot;</p>
<p>The second prime minister has gone to great lengths to try to justify his action against Ranariddh and has also preserved the structure of the coalition government set up after the 1993 election. He said Ranariddh's FUNCINPEC party must choose a new first prime minister, and that King Norodom Sihanouk was still head of state.</p>
<p>Analysts said if he is to win his battle for legitimacy he must be seen to be playing by the rules, in particular in the legislative process.</p>
<p>&quot;The only source of legitimacy is the elected assembly,&quot; the foreign Cambodia scholar said.</p>
<p>Hun Sen will also need at least a qualified blessing from King Sihanouk. Sihanouk indicated on Sunday he would not personally endorse the new administration.</p>
<p>&quot;I don't see the international community trusting a FUNCINPEC first prime minister without the support of the king,&quot; the foreign analyst said.</p>
</text>
<copyright>(c) Reuters Limited 1997</copyright>
<metadata>
<codes class="bip:countries:1.0">
  <code code="KAMPA">
    <editdetail attribution="Reuters BIP Coding Group" action="confirmed" date="1997-07-13"/>
  </code>
</codes>
<codes class="bip:topics:1.0">
  <code code="GCAT">
    <editdetail attribution="Reuters BIP Coding Group" action="confirmed" date="1997-07-13"/>
  </code>
  <code code="GPOL">
    <editdetail attribution="Reuters BIP Coding Group" action="confirmed" date="1997-07-13"/>
  </code>
  <code code="GVOTE">
    <editdetail attribution="Reuters BIP Coding Group" action="confirmed" date="1997-07-13"/>
  </code>
</codes>
<dc element="dc.date.created" value="1997-07-13"/>
<dc element="dc.publisher" value="Reuters Holdings Plc"/>
<dc element="dc.date.published" value="1997-07-13"/>
<dc element="dc.source" value="Reuters"/>
<dc element="dc.creator.location" value="PHNOM PENH"/>
<dc element="dc.creator.location.country.name" value="CAMBODIA"/>
<dc element="dc.source" value="Reuters"/>
</metadata>
</newsitem>
