<?xml version="1.0" encoding="iso-8859-1" ?>
<newsitem itemid="724700" id="root" date="1997-07-13" xml:lang="en">
<title>PHILIPPINES: Manila bankers told to drop peso volatility band.</title>
<headline>Manila bankers told to drop peso volatility band.</headline>
<dateline>MANILA 1997-07-13</dateline>
<text>
<p>The Philippine Central Bank on Sunday told the country's bankers to drop the volatility band rule when currency trading resumes on Monday, but said it was ready to step in if the peso suffered another steep fall.</p>
<p>Central Bank Governor Gabriel Singson said the Bankers Association of the Philippines (BAP), which controls currency trading among local banks, was discussing his proposal at a meeting late on Sunday.</p>
<p>&quot;I will still be in the market,&quot; Singson told Reuters by telephone. &quot;It doesn't mean that I will be completely out of the market...We will come in to calm down the market.&quot;  </p>
<p>The volatility rule allows the BAP to temporarily halt trades if the peso moves above or below a 1.5 percent reference rate, which is the average rate of deals before trades were suspended.</p>
<p>Under the rule, the peso would open at 26.40 to the dollar at the resumption of trading on Monday despite plunging 11.5 percent to 29.40 pesos on Friday after the Central Bank allowed the currency to trade in a wider band in an effective devaluation.  </p>
<p>&quot;I suggested to them (the BAP) to take away the volatility band to give way to a whole and free interplay of market forces,&quot; Singson said, adding, &quot;I suppose they will agree.&quot;</p>
<p>The Philippines was the second Asian country in two weeks to succumb to currency speculators, following in the footsteps of Thailand, which was forced into a de facto devaluation of the baht.</p>
<p>Before caving in, Manila's Central Bank spent an estimated $2 billion, or about 17 percent of the reserves it has left, and sent interest rates up to levels which analysts said would hurt the economy in a failed attempt to defend the peso.</p>
<p>Some bankers have said they believe keeping the volatility band rule will just sow confusion in the currency market, saying it is inconsistent with the Central Bank's new policy.</p>
<p>((-- Manila newsroom (632) 841 8913 Fax 8176267))</p>
</text>
<copyright>(c) Reuters Limited 1997</copyright>
<metadata>
<codes class="bip:countries:1.0">
  <code code="PHLNS">
    <editdetail attribution="Reuters BIP Coding Group" action="confirmed" date="1997-07-13"/>
  </code>
</codes>
<codes class="bip:topics:1.0">
  <code code="E12">
    <editdetail attribution="Reuters BIP Coding Group" action="confirmed" date="1997-07-13"/>
  </code>
  <code code="ECAT">
    <editdetail attribution="Reuters BIP Coding Group" action="confirmed" date="1997-07-13"/>
  </code>
  <code code="M13">
    <editdetail attribution="Reuters BIP Coding Group" action="confirmed" date="1997-07-13"/>
  </code>
  <code code="M132">
    <editdetail attribution="Reuters BIP Coding Group" action="confirmed" date="1997-07-13"/>
  </code>
  <code code="MCAT">
    <editdetail attribution="Reuters BIP Coding Group" action="confirmed" date="1997-07-13"/>
  </code>
</codes>
<dc element="dc.date.created" value="1997-07-13"/>
<dc element="dc.publisher" value="Reuters Holdings Plc"/>
<dc element="dc.date.published" value="1997-07-13"/>
<dc element="dc.source" value="Reuters"/>
<dc element="dc.creator.location" value="MANILA"/>
<dc element="dc.creator.location.country.name" value="PHILIPPINES"/>
<dc element="dc.source" value="Reuters"/>
</metadata>
</newsitem>
