<?xml version="1.0" encoding="iso-8859-1" ?>
<newsitem itemid="724755" id="root" date="1997-07-13" xml:lang="en">
<title>ISRAEL: Israel, Arabs lock horns over Israeli flag burning.</title>
<headline>Israel, Arabs lock horns over Israeli flag burning.</headline>
<dateline>JERUSALEM 1997-07-13</dateline>
<text>
<p>Palestinian Legislative Council Speaker Ahmed Korei on Sunday brushed aside Israeli criticism of his presence at the burning of an Israeli flag during a West Bank protest.</p>
<p>But Korei, who helped negotiate the PLO's breakthrough 1993 peace deal with Israel, denied trampling on the flag.</p>
<p>&quot;I did not step on the flag. The burning of the flag during the demonstration was not planned. It was a surprise for me,&quot; said Korei, who led a 1,000-strong protest march on Saturday in Ramallah against expanding Jewish settlements.</p>
<p>&quot;Yet if I thought that the burning of the flag would solve the problem, I would have burnt it with my own hands. But it doesn't. Our problem with Israel is the land, not the flag,&quot; Korei, known as Abu Ala, told Reuters.</p>
<p>&quot;They want to divert the issue from one of occupation to that of a flag,&quot; he said.</p>
<p>Israeli Cabinet Secretary Danny Naveh told Israel Radio that for peace talks to resume, the Palestinian leadership would have to distance itself from acts of violence.</p>
<p>&quot;Abu Ala marched at the head of a procession of demonstrators opposite whom an Israeli flag was burned. He didn't try to protest, he didn't try to stop it,&quot; Naveh said.</p>
<p>&quot;He says he didn't walk on it. He walked 20 cms (8 inches) from the flag,&quot; Naveh said.</p>
<p>Israeli-Palestinian talks on the handover of more West Bank land to self-rule have been in crisis since Prime Minister Benjamin Netanyahu broke ground on a Jewish settlement in Arab East Jerusalem four months ago.</p>
<p>The climate has given rise to accusations by both sides of hateful acts.</p>
<p>The West Bank town of Hebron has been a scene of almost daily unrest for more than two weeks since a Jewish woman put up posters depicting Islam's Prophet Mohammad as a pig. Israel apologised for the incident and the woman has been charged.</p>
<p>Police said five far-rightwing Israelis were detained for questioning on Sunday when they tried to set fire to a Palestinian flag near Orient House, the PLO's headquarters in Arab East Jerusalem.</p>
<p>Palestinians have been burning the Israeli flag in protest demonstrations throughout the West Bank as an expression of rage against Israel's settlements expansion policy in occupied areas.</p>
</text>
<copyright>(c) Reuters Limited 1997</copyright>
<metadata>
<codes class="bip:countries:1.0">
  <code code="ISRAEL">
    <editdetail attribution="Reuters BIP Coding Group" action="confirmed" date="1997-07-13"/>
  </code>
</codes>
<codes class="bip:topics:1.0">
  <code code="GCAT">
    <editdetail attribution="Reuters BIP Coding Group" action="confirmed" date="1997-07-13"/>
  </code>
  <code code="GPOL">
    <editdetail attribution="Reuters BIP Coding Group" action="confirmed" date="1997-07-13"/>
  </code>
</codes>
<dc element="dc.date.created" value="1997-07-13"/>
<dc element="dc.publisher" value="Reuters Holdings Plc"/>
<dc element="dc.date.published" value="1997-07-13"/>
<dc element="dc.source" value="Reuters"/>
<dc element="dc.creator.location" value="JERUSALEM"/>
<dc element="dc.creator.location.country.name" value="ISRAEL"/>
<dc element="dc.source" value="Reuters"/>
</metadata>
</newsitem>
