<?xml version="1.0" encoding="iso-8859-1" ?>
<newsitem itemid="724750" id="root" date="1997-07-13" xml:lang="en">
<title>INDONESIA: FEATURE-Indonesian director soldiers on despite rejection.</title>
<headline>FEATURE-Indonesian director soldiers on despite rejection.</headline>
<byline>Lewa Pardomuan</byline>
<dateline>JAKARTA 1997-07-13</dateline>
<text>
<p>He does well on the international movie scene. But at home in Indonesia, Garin Nugroho's films are constantly rejected by film distributors.</p>
<p>Instead of regular movie theatres, Nugroho's films are screened at university auditoriums or foreign cultural centres.</p>
<p>&quot;Deep in my heart, there is an anger. But despite being angry, a creator has to keep creating things. A painter has to keep painting even though he does not sell anything,&quot; the 36-year-old Nugroho told Reuters in an interview.</p>
<p>Nugroho's movies blend art and sophisticated technique and are rich in improvisation. They also feature the ethnic richness of Indonesia's diverse cultures and the settings that take place in Indonesia's exotic settings.</p>
<p>Most viewers say they are impressed by the technique and details featured in his movies, but the plots can be hard to digest because of their complexity.</p>
<p>FILMS GRAB INTERNATIONAL AWARDS</p>
<p>Nugroho, clad in a dark purple shirt and grey jacket at his south Jakarta office, said his movies had been ignored by the national monopoly cinema chain owned by a relative of President Suharto on the grounds they were not popular.</p>
<p>&quot;They think that my movies are not commercially popular, boring and so on. But they are invited by various universities for screening and discussions. There has not been any proof that my films are not popular,&quot; he said. Nugroho's &quot;Bulan Tertusuk Ilalang&quot; (&quot;And the Moon Dances&quot;), which tells of a love triangle involving two students and their teacher, won the top prize at Cambodia's first intern ational film festival in April. The movie, released in 1995, grabbed five awards at the International Berlin Festival, the Nantes Film Festival in France as well as the Singapore and Japan film festivals -- all in 1996.</p>
<p>Earlier in 1991, his &quot;Cinta Dalam Sepotong Roti&quot; (&quot;Love on a Slice of Bread&quot;) won him a Citra, the local version of the Oscar, for best film and best director at the Indonesia Film Festival.</p>
<p>The year 1991 also marked the end of the festival because, organisers said, the Indonesian movie industry had stopped producing films good enough to participate in a festival.</p>
<p>&quot;We have to make a difference between a commercial product and an art product. Like we differentiate between lovers of hand-crafted batik (decorated cloth) and those who only like the printed ones. I think there has been a wrong perception about my films,&quot; Nugroho said.</p>
<p>Nugroho's feature film &quot;Surat Untuk Bidadari&quot; (A Letter to an Angel&quot;) won him the Carridi D'Oro Award for best film at the 1994 Italian Film Festival in Taormina, Italy. His documentary on the island resort of Bali earned him a special award as the best tourism documentary at the Fotokino Film Festival in Cologne, Germany.</p>
<p>INDONESIA'S FILM INDUSTRY DYING</p>
<p>In line with the decline in the country's film industry, Indonesian cinemas are flooded with Hollywood and Hong Kong blockbusters.</p>
<p>Locally-made films available on the cinemas mostly feature soft-pornography while slapstick comedies are widespread on television screens.</p>
<p>A $1.24 million film &quot;Fatahillah&quot; which tells the story of a national hero who crushed a Portuguese attempt to establish a trading post in Java was launched last month in an attempt to revive interest in local films.</p>
<p>Indonesian movie observers, however, say the film was unlikely to resurrect the dying industry.</p>
<p>&quot;The problem is the propaganda (of Fatahillah). A film should have the essence that is to entertain and not to serve as propaganda. If you want to make a thriller movie, please make a good thriller movie and so on,&quot; Nugroho said.</p>
<p>He said a market-oriented approach contributed to the decline in the movie industry in which professionalism, ethics and skills were neglected for the sake of the market.</p>
<p>TELEVISION SERIES ARE JUST 'EXHIBITIONS OF WEALTH'</p>
<p>Nugroho criticised the country's booming television industry. &quot;Those television series are the exhibition of wealth of the newly rich people. It is an exhibition and not an entertainment. Nugroho has made some headway with Indonesian audiences with his 74-minute &quot;Angin Rumput Savana&quot; (&quot;The Wind in the Savanna Grass&quot;), which was aired in April at the TPI television network. The movie, jointly funded by John Hopkins University of the United States, the National Family Planning Board and the TPI, tells of friendship, love and revenge of people in the eastern island of Sumba.</p>
<p>    When asked about his future, Nugroho said:   &quot;I am 36 years</p>
<p>old now and I have received many awards. I want to make better creation. I don't have the obsession to conquer those Hollywood movies...instead we have to learn from them.&quot;</p>
</text>
<copyright>(c) Reuters Limited 1997</copyright>
<metadata>
<codes class="bip:countries:1.0">
  <code code="INDON">
    <editdetail attribution="Reuters BIP Coding Group" action="confirmed" date="1997-07-13"/>
  </code>
</codes>
<codes class="bip:topics:1.0">
  <code code="GCAT">
    <editdetail attribution="Reuters BIP Coding Group" action="confirmed" date="1997-07-13"/>
  </code>
  <code code="GENT">
    <editdetail attribution="Reuters BIP Coding Group" action="confirmed" date="1997-07-13"/>
  </code>
</codes>
<dc element="dc.date.created" value="1997-07-13"/>
<dc element="dc.publisher" value="Reuters Holdings Plc"/>
<dc element="dc.date.published" value="1997-07-13"/>
<dc element="dc.source" value="Reuters"/>
<dc element="dc.creator.location" value="JAKARTA"/>
<dc element="dc.creator.location.country.name" value="INDONESIA"/>
<dc element="dc.source" value="Reuters"/>
</metadata>
</newsitem>
