<?xml version="1.0" encoding="iso-8859-1" ?>
<newsitem itemid="724732" id="root" date="1997-07-13" xml:lang="en">
<title>SOUTH KOREA: South Koreans doubt Pyongyang's prophet of doom.</title>
<headline>South Koreans doubt Pyongyang's prophet of doom.</headline>
<byline>Andrew Browne</byline>
<dateline>SEOUL 1997-07-13</dateline>
<text>
<p>He arrived in Seoul as a prophet of doom, a voice from Stalinist North Korea warning of missile attacks, chemical warfare and a nuclear &quot;sea of fire&quot;.</p>
<p>But if defector Hwang Jang-yop -- the most senior North Korean ever to betray his homeland -- expected his cousins in the South would tremble at his predictions that the North was preparing war, he was mistaken.</p>
<p>Many people in South Korea, their suspicions honed by decades of Cold War propaganda, are wondering whether Hwang is really who he claims to be.</p>
<p>Some say he is a fake, a creation of the country's intelligence agencies playing a well-known political game of scare-mongering in an election year. Presidential polls are scheduled for December.</p>
<p>&quot;There's something fishy about him,&quot; said Dae Suk, a buddhist monk.</p>
<p>&quot;This seems to be another tactic used by the government during an election year to scare the public into voting for a ruling party candidate.&quot;</p>
<p>Jung Man-sung, 28, a computer programmer, was equally sceptical. &quot;I don't believe Hwang's words,&quot; he said.</p>
<p>Since he arrived in April after fleeing via China and the Philippines, Hwang has been in the care of South Korea's Agency for National Security Planning. The U.S. Central Intelligence Agency has also had access to him.</p>
<p>Last week, at his first major news conference, he speculated about the origins of a war that he said was coming &quot;sooner or later&quot; on the instructions of Pyongyang leader Kim Jong-il.</p>
<p>Perhaps the North would catch South Korea off-guard at a time of social turmoil, Hwang mused. His suggestion: no more demonstrations or labour strikes.</p>
<p>Such advice echoes precisely the line taken over the years by hawks in the security services and the ruling camp, who have frequently invoked the North Korean threat as an excuse to crack down on students and the opposition.</p>
<p>&quot;Hwang might be conveying a war mood created for political purposes. His comments lacked specifics and evidence,&quot; said Lee Jong-seok, a fellow at the Sejong Institute, a private think-tank.</p>
<p>Lee dismissed Hwang's arguments that the North would launch a war out of desperation, bravely flying the &quot;red flag of revolution&quot; to the dying end.</p>
<p>&quot;You are talking about a you-die-and-I-die war. There is no such war in the history of mankind,&quot; he said.</p>
<p>Hwang conceded at his news conference he had no proof to back up his earlier assertion that North Korea could &quot;scorch&quot; South Korea, and even Japan, with nuclear arms.</p>
<p>Although U.S. officials have not said so openly, they privately concede that Hwang was not the prize catch they had hoped for.</p>
<p>As a Workers' Party theorist -- the architect of Pyongyang's &quot;juche&quot; ideology -- they point out that Hwang has limited credentials as a commentator on military affairs. Besides, since the 1950-53 Korean War ended in a truce, South Korea and its U.S. ally have been prepared for war at a moment's notice.</p>
<p>&quot;No enlightening information emerged from his news conference,&quot; said Park Sung-hoon, a director-general at Seoul's National Unification Ministry. &quot;North Korea's goal in the past 50 years has been taking the South by force.&quot;</p>
<p>&quot;We have been trying to bring the North to a dialogue table. I see no shift in our policy.&quot;</p>
<p>Officials from the two Koreas, the United States and China are due to meet in New York on August 5 to prepare for four-way peace talks.</p>
<p>Hwang said North Korea had no intention of suing for peace, and was only interested in using its participation in the talks as leverage for more food aid.</p>
<p>Kim Hak-joon, politics professor at Inchon University, said Kim Jong-il's game was blackmail, not war.</p>
<p>&quot;Kim Jong-il has displayed a tendency of sealing deals after securing benefits for his country by using blackmail as a major weapon in diplomacy and negotiations,&quot; he said.</p>
<p>Earlier threats to turn the South into a &quot;sea of flames&quot; resulted in a deal with Washington in 1994 under which North Korea is to receive safe nuclear reactors and interim fuel supplies worth $4.5 billion.</p>
</text>
<copyright>(c) Reuters Limited 1997</copyright>
<metadata>
<codes class="bip:countries:1.0">
  <code code="NKOREA">
    <editdetail attribution="Reuters BIP Coding Group" action="confirmed" date="1997-07-13"/>
  </code>
  <code code="SKOREA">
    <editdetail attribution="Reuters BIP Coding Group" action="confirmed" date="1997-07-13"/>
  </code>
</codes>
<codes class="bip:topics:1.0">
  <code code="GCAT">
    <editdetail attribution="Reuters BIP Coding Group" action="confirmed" date="1997-07-13"/>
  </code>
  <code code="GDIP">
    <editdetail attribution="Reuters BIP Coding Group" action="confirmed" date="1997-07-13"/>
  </code>
</codes>
<dc element="dc.date.created" value="1997-07-13"/>
<dc element="dc.publisher" value="Reuters Holdings Plc"/>
<dc element="dc.date.published" value="1997-07-13"/>
<dc element="dc.source" value="Reuters"/>
<dc element="dc.creator.location" value="SEOUL"/>
<dc element="dc.creator.location.country.name" value="SOUTH KOREA"/>
<dc element="dc.source" value="Reuters"/>
</metadata>
</newsitem>
