<?xml version="1.0" encoding="iso-8859-1" ?>
<newsitem itemid="724704" id="root" date="1997-07-13" xml:lang="en">
<title>CHINA: China Overseas in US$50 mln bridges deal.</title>
<headline>China Overseas in US$50 mln bridges deal.</headline>
<dateline>HONG KONG 1997-07-13</dateline>
<text>
<p>China Overseas Land &amp; Investment Ltd said it signed an agreement on Sunday to acquire 85 percent of the operation rights of six toll bridges and a road in southwestern China's Liuzhou for US$50 million.</p>
<p>The firm will take an 85 percent stake in a joint venture to be formed with a local authority and the new firm will operate the bridges and the road, China Overseas said in a statement.</p>
<p>The total investment of the project is US$59 million, of which China Overseas will invest US$50 million, or 85 percent.</p>
<p>The Chinese partner, Liuzhou Economic Development Corp, will contribute the remaining US$9 million by means of granting the joint venture operating rights for the bridges and road for 15 years.</p>
<p>The project is guaranteed an internal rate of return of 15 percent, the statement said.</p>
<p>Four of the six bridges are already in operation while the other two are under construction and expected to be in full operation by early and the end of 1998 respectively.</p>
<p>The company has invested a total US$125 million in Nanning and Liuzhou in southwestern China's Guangxi region, the statement said.</p>
</text>
<copyright>(c) Reuters Limited 1997</copyright>
<metadata>
<codes class="bip:countries:1.0">
  <code code="CHINA">
    <editdetail attribution="Reuters BIP Coding Group" action="confirmed" date="1997-07-13"/>
  </code>
</codes>
<codes class="bip:industries:1.0">
  <code code="I85000">
    <editdetail attribution="Reuters BIP Coding Group" action="confirmed" date="1997-07-13"/>
  </code>
</codes>
<codes class="bip:topics:1.0">
  <code code="C11">
    <editdetail attribution="Reuters BIP Coding Group" action="confirmed" date="1997-07-13"/>
  </code>
  <code code="C13">
    <editdetail attribution="Reuters BIP Coding Group" action="confirmed" date="1997-07-13"/>
  </code>
  <code code="C33">
    <editdetail attribution="Reuters BIP Coding Group" action="confirmed" date="1997-07-13"/>
  </code>
  <code code="CCAT">
    <editdetail attribution="Reuters BIP Coding Group" action="confirmed" date="1997-07-13"/>
  </code>
</codes>
<dc element="dc.date.created" value="1997-07-13"/>
<dc element="dc.publisher" value="Reuters Holdings Plc"/>
<dc element="dc.date.published" value="1997-07-13"/>
<dc element="dc.source" value="Reuters"/>
<dc element="dc.creator.location" value="HONG KONG"/>
<dc element="dc.creator.location.country.name" value="CHINA"/>
<dc element="dc.source" value="Reuters"/>
</metadata>
</newsitem>
