<?xml version="1.0" encoding="iso-8859-1" ?>
<newsitem itemid="724873" id="root" date="1997-07-13" xml:lang="en">
<title>BELGIUM: EU's Bonino slams new &quot;African assertiveness&quot;.</title>
<headline>EU's Bonino slams new &quot;African assertiveness&quot;.</headline>
<byline>David Fox</byline>
<dateline>BRUSSELS 1997-07-12</dateline>
<text>
<p>The European Commissioner for Humanitarian Affairs on Sunday launched a scathing attack on political developments in Central Africa, describing recent events as &quot;the unattractive side of African assertiveness&quot;.</p>
<p>Emma Bonino, who has overseen EU efforts to coordinate aid and relief in the region, told Reuters her outburst was fired by comments last week by Rwandan vice-president Paul Kagame.</p>
<p>In an interview with the Washington Post, Kagame -- who is also Rwanda's defence minister -- admitted his country's role in toppling former Zairean President Mobutu Sese Seko and installing Laurent Kabila as ruler of a renamed Democratic Republic of the Congo.</p>
<p>&quot;I am not surprised by the content of his revelations or even intrigued by his motives,&quot; Bonino said by telephone from Italy. &quot;He has displayed remarkable intellectual honesty in breaking the cover of one of the biggest lies of our time.&quot;</p>
<p>But Bonino said dozens of questions remained unanswered over poltical developments in the region, particularly Kagame's claim that the rebellion took place with U.S. approval.</p>
<p>In the Post interview, Kagame commended Washington for &quot;taking the right decisions to let it proceed&quot;.</p>
<p>&quot;Frankly I am surprised that this has been allowed to pass without comment,&quot; Bonino said. &quot;Someone in Washington might like to explain further as there were many people -- myself included -- who were never party to such a decision.</p>
<p>&quot;We were very few who claimed international laws were being broken. This was in actuality a foreign invasion ... armed agression against a sovereign United Nations member.&quot;</p>
<p>Kagame told the Post that Rwandan &quot;mid-level commanders&quot; led the rebellion, adding &quot;it would have been more suitable ... but riskier&quot; if Congolese rebels had done more fighting.</p>
<p>Bonino said similar action was now taking place in Sudan, where &quot;the same pattern of silent aggression is unfolding&quot;.</p>
<p>&quot;There has been a great deal of (international) enthusiasm for some of the political change in Africa,&quot; Bonino said. &quot;But there is really much less enthusiasm for this unattractive side of African assertiveness&quot;.</p>
<p>A great political wind has blown through the region since Yoweri Museveni became president of Uganda over a decade ago on the back of a rebellion partially masterminded by the-then exiled Kagame.</p>
<p>Museveni paid back his Tutsi allies with interest when the Rwandan Patriotic Front swept to power in 1994 to put an end to a bloody genocide of Tutsis and moderate Hutus by hardcore Hutu extremists.</p>
<p>Hundreds of thousands of Hutus fled Rwanda that year to escape blame for the genocide. Most returned when Kabila's rebellion started in eastern Zaire last October, but hundreds of thousands instead fled further west.</p>
<p>Since then there have been dozens of reports of massacres of refugees by the rebels. Kinshasha and Kigali have denied atrocities have taken place, but until Kagame's revelations last week they had also denied any Rwandan role in the rebellion.</p>
<p>Uganda, which along with Angola was also charged by many observers as having supplied troops and weapons to the Zaire rebellion, is also accused by Khartoum of openely backing an insurgency in south Sudan.</p>
<p>Bonino called on the international community to step-up pressure on Kabila to cooperate more fully with a U.N. probe of human rights abuses, but said she doubted the political will existed for such action.</p>
<p>&quot;The fact that those accused of the violations are allowed to dictate terms of inquiry is ridiculous,&quot; she said. &quot;Should we ask (indicted former Serbian leader Radovan) Karadzic how we should proceed against him?</p>
</text>
<copyright>(c) Reuters Limited 1997</copyright>
<metadata>
<codes class="bip:countries:1.0">
  <code code="EEC">
    <editdetail attribution="Reuters BIP Coding Group" action="confirmed" date="1997-07-13"/>
  </code>
  <code code="RWANDA">
    <editdetail attribution="Reuters BIP Coding Group" action="confirmed" date="1997-07-13"/>
  </code>
  <code code="UGANDA">
    <editdetail attribution="Reuters BIP Coding Group" action="confirmed" date="1997-07-13"/>
  </code>
  <code code="ZAIRE">
    <editdetail attribution="Reuters BIP Coding Group" action="confirmed" date="1997-07-13"/>
  </code>
</codes>
<codes class="bip:topics:1.0">
  <code code="G15">
    <editdetail attribution="Reuters BIP Coding Group" action="confirmed" date="1997-07-13"/>
  </code>
  <code code="G158">
    <editdetail attribution="Reuters BIP Coding Group" action="confirmed" date="1997-07-13"/>
  </code>
  <code code="GCAT">
    <editdetail attribution="Reuters BIP Coding Group" action="confirmed" date="1997-07-13"/>
  </code>
  <code code="GDIP">
    <editdetail attribution="Reuters BIP Coding Group" action="confirmed" date="1997-07-13"/>
  </code>
</codes>
<dc element="dc.date.created" value="1997-07-12"/>
<dc element="dc.publisher" value="Reuters Holdings Plc"/>
<dc element="dc.date.published" value="1997-07-13"/>
<dc element="dc.source" value="Reuters"/>
<dc element="dc.creator.location" value="BRUSSELS"/>
<dc element="dc.creator.location.country.name" value="BELGIUM"/>
<dc element="dc.source" value="Reuters"/>
</metadata>
</newsitem>
