<?xml version="1.0" encoding="iso-8859-1" ?>
<newsitem itemid="724821" id="root" date="1997-07-13" xml:lang="en">
<title>USA: Japanese climber rescued after fall in Yosemite.</title>
<headline>Japanese climber rescued after fall in Yosemite.</headline>
<dateline>SAN FRANCISCO 1997-07-13</dateline>
<text>
<p>A Japanese mountaineer was rescued by helicopter on Sunday after falling 30 feet (10 metres) during a solo climb in California's Yosemite National Park, park officials said.</p>
<p>Hideki Inaba, 33, fell on Friday while climbing the face of &quot;El Capitan.&quot; He smashed his head into the granite rock face before coming to rest on a ledge, the officials said.</p>
<p>Members of his climbing party found his bloodstained helmet on Saturday and alerted park rangers, who flew to the top of El Capitan to rescue Inaba.</p>
<p>Rescuers hauled the injured man more than 600 feet (200 metres) up the rock face to the top of the cliff late on Saturday.</p>
<p>Because it was too dark to fly, Inaba and the 15-member rescue team spent Saturday night on the top of El Capitan. He was flown off the summit and taken to the park clinic for treatment on Sunday morning.</p>
<p>Inaba suffered a large cut behind his right ear and complained of back pain, but was reported in stable condition, said officials at Yosemite, 150 miles (240 km) southeast of San Francisco.</p>
</text>
<copyright>(c) Reuters Limited 1997</copyright>
<metadata>
<codes class="bip:countries:1.0">
  <code code="JAP">
    <editdetail attribution="Reuters BIP Coding Group" action="confirmed" date="1997-07-13"/>
  </code>
  <code code="USA">
    <editdetail attribution="Reuters BIP Coding Group" action="confirmed" date="1997-07-13"/>
  </code>
</codes>
<codes class="bip:topics:1.0">
  <code code="GCAT">
    <editdetail attribution="Reuters BIP Coding Group" action="confirmed" date="1997-07-13"/>
  </code>
  <code code="GDIS">
    <editdetail attribution="Reuters BIP Coding Group" action="confirmed" date="1997-07-13"/>
  </code>
</codes>
<dc element="dc.date.created" value="1997-07-13"/>
<dc element="dc.publisher" value="Reuters Holdings Plc"/>
<dc element="dc.date.published" value="1997-07-13"/>
<dc element="dc.source" value="Reuters"/>
<dc element="dc.creator.location" value="SAN FRANCISCO"/>
<dc element="dc.creator.location.country.name" value="USA"/>
<dc element="dc.source" value="Reuters"/>
</metadata>
</newsitem>
