<?xml version="1.0" encoding="iso-8859-1" ?>
<newsitem itemid="724843" id="root" date="1997-07-13" xml:lang="en">
<title>FRANCE: Chirac says will ensure French army gets resources.</title>
<headline>Chirac says will ensure French army gets resources.</headline>
<byline>Marie-Benedicte Allaire</byline>
<dateline>PARIS 1997-07-13</dateline>
<text>
<p>French President Jacques Chirac said on Sunday he would make sure that the armed forces, fearful of possible budget cuts by a new left-wing government, received the resources they needed.</p>
<p>The conservative president told a Defence Ministry reception on the eve of the Bastille Day military parade: &quot;As head of the armed forces, I will take care that our forces continue to have the necessary resources both for their renovation and to maintain their capabilities and their training.&quot;</p>
<p>Chirac, who launched a landmark shift from conscription to all-professional armed forces last year, said he would review with the Socialist-led government what objectives had been met after the first year of a 1996 six-year military planning law.</p>
<p>&quot;Today, we have made a good start...With the government, we are going to draw up a balance sheet of objectives achieved in this first year of implementation and the defence minister will send you the conclusions,&quot; he told senior commanders.</p>
<p>His comment appeared to be a warning shot across the bows of Socialist Prime Minister Lionel Jospin, who is looking for cost savings on defence.</p>
<p>Under the constitution, the president is commander-in-chief but has no control over the defence budget, which is adopted by the government and enacted by parliament.</p>
<p>Defence spending could become a source of friction in the current &quot;cohabitation&quot; between a president and government of opposite political parties.</p>
<p>Chirac made no mention of the government's decision to halt the privatisation of defence electronics giant Thomson-CSF, which he had launched. However he is expected to be asked about it in a television interview on Monday.</p>
<p>The previous centre-right government defeated in last month's parliamentary election had pledged to hold defence spending level for five years. But it froze 1.8 billion francs of the 1997 defence budget earlier this year as a precaution.</p>
<p>Senior army officers were worried by the appointment of a tough budget expert, Socialist Alain Richard, with no military expertise, as defence minister last month.</p>
<p>Richard confirmed that freeze this month and said he intended &quot;to make progress in the relationship between public spending and efficiency&quot;.</p>
<p>Jospin has not yet set 1998 spending targets for the defence ministry, although he has sent written instructions to all other ministers, fuelling speculation he may seek substantial cuts, perhaps by delaying or scrapping costly weapons programmes.</p>
<p>He referred in a television interview on July 3 to a state Court of Auditors report which criticised the spiralling cost of armaments programmes.</p>
<p>Chirac said the modernisation of the armed forces was fully under way, citing as a symbol the fact that new Leclerc main battle tanks would take part for the first time in Monday's parade on the Champs-Elysees avenue.</p>
<p>The president paid tribute to the work of French troops both in the Vigipirate anti-terrorism security operation at home and on peacekeeping missions in Bosnia, Albania, Lebanon and Africa. Seventeen French soldiers have been killed on duty in the last year and about 180 wounded.</p>
</text>
<copyright>(c) Reuters Limited 1997</copyright>
<metadata>
<codes class="bip:countries:1.0">
  <code code="FRA">
    <editdetail attribution="Reuters BIP Coding Group" action="confirmed" date="1997-07-13"/>
  </code>
</codes>
<codes class="bip:topics:1.0">
  <code code="E21">
    <editdetail attribution="Reuters BIP Coding Group" action="confirmed" date="1997-07-13"/>
  </code>
  <code code="E211">
    <editdetail attribution="Reuters BIP Coding Group" action="confirmed" date="1997-07-13"/>
  </code>
  <code code="ECAT">
    <editdetail attribution="Reuters BIP Coding Group" action="confirmed" date="1997-07-13"/>
  </code>
  <code code="GCAT">
    <editdetail attribution="Reuters BIP Coding Group" action="confirmed" date="1997-07-13"/>
  </code>
  <code code="GDEF">
    <editdetail attribution="Reuters BIP Coding Group" action="confirmed" date="1997-07-13"/>
  </code>
</codes>
<dc element="dc.date.created" value="1997-07-13"/>
<dc element="dc.publisher" value="Reuters Holdings Plc"/>
<dc element="dc.date.published" value="1997-07-13"/>
<dc element="dc.source" value="Reuters"/>
<dc element="dc.creator.location" value="PARIS"/>
<dc element="dc.creator.location.country.name" value="FRANCE"/>
<dc element="dc.source" value="Reuters"/>
</metadata>
</newsitem>
