<?xml version="1.0" encoding="iso-8859-1" ?>
<newsitem itemid="724899" id="root" date="1997-07-13" xml:lang="en">
<title>BANGLADESH: Bangladesh names new securities &amp; exchange chief.</title>
<headline>Bangladesh names new securities &amp; exchange chief.</headline>
<dateline>DHAKA 1997-07-13</dateline>
<text>
<p>Bangladesh on Sunday appointed Mohammad Abu Sayeed, a retired civil servant, as the new chief of the Securities and Exchange Commission (SEC), the official BSS news agency said, quoting a government announcement.</p>
<p>Sayeed's appointment followed the resignation of Harunur Rashid as head of the capital market watchdog late last month.</p>
<p>Rashid, also a retired bureaucrat, resigned on June 29 complaining of a lack of cooperation and support from the government in his efforts to reform the troubled capital market.</p>
<p>The stock market reacted adversely to the resignation of Rashid who drew praise by initiating tough legal action against some issuers and brokers found to have been involved in price manipulation by a recent inquiry.</p>
<p>The Dhaka Stock Exchange all share price index dropped 1.49 percent to 1,032.36 on Sunday, a working day in Bangladesh.</p>
<p>The government on Sunday also appointed Mohammad Sekender Ali, a career banker, as an advisor of the SEC.</p>
</text>
<copyright>(c) Reuters Limited 1997</copyright>
<metadata>
<codes class="bip:countries:1.0">
  <code code="BANDH">
    <editdetail attribution="Reuters BIP Coding Group" action="confirmed" date="1997-07-13"/>
  </code>
</codes>
<codes class="bip:industries:1.0">
  <code code="I83100">
    <editdetail attribution="Reuters BIP Coding Group" action="confirmed" date="1997-07-13"/>
  </code>
</codes>
<codes class="bip:topics:1.0">
  <code code="C13">
    <editdetail attribution="Reuters BIP Coding Group" action="confirmed" date="1997-07-13"/>
  </code>
  <code code="C41">
    <editdetail attribution="Reuters BIP Coding Group" action="confirmed" date="1997-07-13"/>
  </code>
  <code code="CCAT">
    <editdetail attribution="Reuters BIP Coding Group" action="confirmed" date="1997-07-13"/>
  </code>
  <code code="M11">
    <editdetail attribution="Reuters BIP Coding Group" action="confirmed" date="1997-07-13"/>
  </code>
  <code code="MCAT">
    <editdetail attribution="Reuters BIP Coding Group" action="confirmed" date="1997-07-13"/>
  </code>
</codes>
<dc element="dc.date.created" value="1997-07-13"/>
<dc element="dc.publisher" value="Reuters Holdings Plc"/>
<dc element="dc.date.published" value="1997-07-13"/>
<dc element="dc.source" value="Reuters"/>
<dc element="dc.creator.location" value="DHAKA"/>
<dc element="dc.creator.location.country.name" value="BANGLADESH"/>
<dc element="dc.source" value="Reuters"/>
</metadata>
</newsitem>
