<?xml version="1.0" encoding="iso-8859-1" ?>
<newsitem itemid="724881" id="root" date="1997-07-13" xml:lang="en">
<title>ITALY: Pope prays for death-row man after letter plea.</title>
<headline>Pope prays for death-row man after letter plea.</headline>
<dateline>ROME 1997-07-13</dateline>
<text>
<p>The Vatican said in a letter published on Sunday that Pope John Paul was praying for U.S. death-row prisoner Joseph O'Dell after he wrote an impassioned plea to the Pontiff care of an Italian newspaper.</p>
<p>&quot;If I could make one more wish, it would be to feel the presence of his Holiness the Pope spiritually at my bedside at the moment when the executioner pushes the plunger of poison into my arm,&quot; O'Dell said in an undated letter sent to Italian daily La Repubblica.</p>
<p>&quot;I pray that the Pope will pray for me, that he will find in his heart the forgiveness to pray for a wretched sinner like myself, like Jesus prayed for the robber on the cross.&quot;</p>
<p>The newspaper printed a response from the Vatican's Chief Spokesman, Joaquin Navarro-Valls, which noted the Pope had previously appealed for clemency on a humanitarian basis, and had seen O'Dell's letter. The Pope is on holiday in the Alps.</p>
<p>&quot;The Pope would like to assure Mr O'Dell that he is always in his prayers, especially at this time,&quot; Navarro-Valls said.</p>
<p>&quot;And he reminds everyone, once more, that only the Lord is master of life and death.&quot; Navarro-Valls confirmed the contents of the letter to reporters in the Alpine town of Les Combes.</p>
<p>O'Dell is sentenced to die on July 23 following a decision last month by the U.S. Supreme Court to uphold a death sentence imposed in 1986, when he was found guilty of killing a woman.</p>
<p>The state of Virginia had scheduled his execution for last December but the Court blocked the sentence at the last minute after a storm of protest, especially from Italy, where the Pope and Prime Minister Romano Prodi led pleas for clemency.</p>
<p>Italy, which has no death penalty in civilian criminal cases, is among the most vociferous advocates of a worldwide abolition of capital punishment and Italians have staged street protests to call for a reprieve for O'Dell.</p>
<p>&quot;My execution is but a few days away,&quot; O'Dell said. &quot;An unjust death is upon me...if I die by lethal injection on Wednesday July 23, I will die an innocent man.&quot;</p>
<p>O'Dell thanked the Italian people and the &quot;extraordinary kindness and mercifulness&quot; of the Pope.</p>
<p>&quot;I've committed awful acts in my wretched life,&quot; he said. &quot;I've done things for which I had to do just time behind bars. But one thing I have not done: I have not killed the poor woman whose blood is on the hands of someone walking free in America.&quot;</p>
<p>O'Dell slammed his trial, saying the evidence was &quot;botched, misread and mishandled&quot; and saying the star witness against him had recanted his testimony and admitted he lied. He said he had been prevented from having a new trial on &quot;a technicality&quot;.</p>
<p>The Supreme Court, by a 5-4 vote, rejected claims that the sentence should be overturned, although O'Dell can appeal to the governor of Virginia.</p>
<p>La Repubblica published a statement from Prodi reaffirming Italy's opposition to the death penalty and describing O'Dell's case as &quot;particularly harrowing&quot;.</p>
</text>
<copyright>(c) Reuters Limited 1997</copyright>
<metadata>
<codes class="bip:countries:1.0">
  <code code="ITALY">
    <editdetail attribution="Reuters BIP Coding Group" action="confirmed" date="1997-07-13"/>
  </code>
  <code code="USA">
    <editdetail attribution="Reuters BIP Coding Group" action="confirmed" date="1997-07-13"/>
  </code>
  <code code="VCAN">
    <editdetail attribution="Reuters BIP Coding Group" action="confirmed" date="1997-07-13"/>
  </code>
</codes>
<codes class="bip:topics:1.0">
  <code code="GCAT">
    <editdetail attribution="Reuters BIP Coding Group" action="confirmed" date="1997-07-13"/>
  </code>
  <code code="GCRIM">
    <editdetail attribution="Reuters BIP Coding Group" action="confirmed" date="1997-07-13"/>
  </code>
  <code code="GREL">
    <editdetail attribution="Reuters BIP Coding Group" action="confirmed" date="1997-07-13"/>
  </code>
</codes>
<dc element="dc.date.created" value="1997-07-13"/>
<dc element="dc.publisher" value="Reuters Holdings Plc"/>
<dc element="dc.date.published" value="1997-07-13"/>
<dc element="dc.source" value="Reuters"/>
<dc element="dc.creator.location" value="ROME"/>
<dc element="dc.creator.location.country.name" value="ITALY"/>
<dc element="dc.source" value="Reuters"/>
</metadata>
</newsitem>
