<?xml version="1.0" encoding="iso-8859-1" ?>
<newsitem itemid="724820" id="root" date="1997-07-13" xml:lang="en">
<title>USA: US CREDIT OUTLOOK -- Focus on June retail sales.</title>
<headline>US CREDIT OUTLOOK -- Focus on June retail sales.</headline>
<byline>Ellen Freilich</byline>
<dateline>NEW YORK 1997-07-12</dateline>
<text>
<p>The June retail sales report next Tuesday is likely to be the item of most interest to the U.S. credit markets in the coming week, analysts said.</p>
<p>On a calendar crowded with fresh economic news, the retail sales report will be &quot;the main event,&quot; said Chris Rupkey, vice president and financial economist at Bank of Tokyo Mitsubishi.</p>
<p>&quot;Retail sales has come to be known as our premier number for estimating how the economy is proceeding,&quot; Rupkey said. &quot;So next week the focus will be on that.&quot;</p>
</text>
<copyright>(c) Reuters Limited 1997</copyright>
<metadata>
<codes class="bip:countries:1.0">
  <code code="USA">
    <editdetail attribution="Reuters BIP Coding Group" action="confirmed" date="1997-07-13"/>
  </code>
</codes>
<codes class="bip:topics:1.0">
  <code code="E14">
    <editdetail attribution="Reuters BIP Coding Group" action="confirmed" date="1997-07-13"/>
  </code>
  <code code="E143">
    <editdetail attribution="Reuters BIP Coding Group" action="confirmed" date="1997-07-13"/>
  </code>
  <code code="ECAT">
    <editdetail attribution="Reuters BIP Coding Group" action="confirmed" date="1997-07-13"/>
  </code>
</codes>
<dc element="dc.date.created" value="1997-07-12"/>
<dc element="dc.publisher" value="Reuters Holdings Plc"/>
<dc element="dc.date.published" value="1997-07-13"/>
<dc element="dc.source" value="Reuters"/>
<dc element="dc.creator.location" value="NEW YORK"/>
<dc element="dc.creator.location.country.name" value="USA"/>
<dc element="dc.source" value="Reuters"/>
</metadata>
</newsitem>
