<?xml version="1.0" encoding="iso-8859-1" ?>
<newsitem itemid="724890" id="root" date="1997-07-13" xml:lang="en">
<title>SPAIN: ETA supporters and opponents clash in Spain.</title>
<headline>ETA supporters and opponents clash in Spain.</headline>
<dateline>PAMPLONA, Spain 1997-07-13</dateline>
<text>
<p>Fierce clashes between supporters and opponents of the Basque guerrilla group ETA erupted in Pamplona on Sunday, hours after a young politician kidnapped and shot by the rebels died of his wounds.</p>
<p>Witnesses said hundreds of angry Spanish youths attacked a small group of ETA supporters and tried to burn the headquarters of the separatist group's political wing Herri Batasuna. Police intervened, firing rubber bullets to disperse the protesters. There were no immediate reports of injuries.  </p>
<p>Police in riot gear with their faces masked tried to break up clashes between hundreds of anti-ETA demonstrators and a few Herri Batasuna members who threw bottles and rocks at each other.</p>
<p>When the demonstrators tried to storm Herri Batasuna's headquarters, police opened fire with rubber bullets. They also kicked protesters and used batons to beat them back. A number of people were bleeding and bruised in the clashes, witnesses said.</p>
<p>The violent backlash against ETA came hours after Miguel Angel Blanco, a young Basque politician kidnapped by the rebels and shot twice in the head, died of his wounds. ETA abducted Blanco on Thursday and said he would be killed on Saturday unless the government changed its policy on prisoners.</p>
<p>When the clashes erupted in Pamplona, the city was packed with tens of thousands of visitors participating in the world-famous running of the bulls festival that began one week ago. The annual festival was suspended on Saturday night for the first time in 19 years and has not yet resumed.</p>
</text>
<copyright>(c) Reuters Limited 1997</copyright>
<metadata>
<codes class="bip:countries:1.0">
  <code code="SPAIN">
    <editdetail attribution="Reuters BIP Coding Group" action="confirmed" date="1997-07-13"/>
  </code>
</codes>
<codes class="bip:topics:1.0">
  <code code="GCAT">
    <editdetail attribution="Reuters BIP Coding Group" action="confirmed" date="1997-07-13"/>
  </code>
  <code code="GVIO">
    <editdetail attribution="Reuters BIP Coding Group" action="confirmed" date="1997-07-13"/>
  </code>
</codes>
<dc element="dc.date.created" value="1997-07-13"/>
<dc element="dc.publisher" value="Reuters Holdings Plc"/>
<dc element="dc.date.published" value="1997-07-13"/>
<dc element="dc.source" value="Reuters"/>
<dc element="dc.creator.location" value="PAMPLONA, Spain"/>
<dc element="dc.creator.location.country.name" value="SPAIN"/>
<dc element="dc.source" value="Reuters"/>
</metadata>
</newsitem>
