<?xml version="1.0" encoding="iso-8859-1" ?>
<newsitem itemid="724882" id="root" date="1997-07-13" xml:lang="en">
<title>AUSTRIA: Austrian president sees risk staying out of NATO.</title>
<headline>Austrian president sees risk staying out of NATO.</headline>
<dateline>VIENNA 1997-07-13</dateline>
<text>
<p>President Thomas Klestil said on Sunday it could be risky for neutral Austria to stay out of international security structures and called for frank discussion on the issue of NATO entry.</p>
<p>Speaking on state television, Klestil said it was in Austria's interest to extend the zone of security and peace rather than remain on the edge of it.</p>
<p>&quot;Staying out of the security community could have fatal consequences for us in the future.&quot;</p>
<p>The coalition government of Social Democrats and the conservative People's Party remain split over the issue, with the former traditionally in favour of remaining neutral and the latter openly backing NATO entry.</p>
<p>The conservatives are opposed to the idea of a referendum while Chancellor Viktor Klima's Social Democrats insist the Austrian people must decide on whether to abandon neutrality.</p>
<p>Conservative Klestil said Austria's long cherished neutral status could be abolished by simply amending the constitution. But if the government decided to hold a referendum, he said he would certainly decree one.</p>
<p>The government is preparing a report on options for possible NATO membership. Klestil said the issue must be represented &quot;with openness, transparency and without taboos&quot;, but that it was inextricably linked with neutrality.</p>
<p>The Alpine nation enshrined neutrality in its constitution in 1955 at the insistence of Russia, whose troops, together with those of France, Britain and the United States, occupied Austria after World War Two.</p>
<p>Klestil also spoke out strongly against any delay or toning down of the introduction of the European common currency, saying this would be a big setback for Austria.</p>
<p>A small country like Austria would be better able to meet the challenges &quot;if we are part of a community with ... the euro in a market which is bigger than all other markets,&quot; he said.</p>
</text>
<copyright>(c) Reuters Limited 1997</copyright>
<metadata>
<codes class="bip:countries:1.0">
  <code code="AUST">
    <editdetail attribution="Reuters BIP Coding Group" action="confirmed" date="1997-07-13"/>
  </code>
  <code code="NATO">
    <editdetail attribution="Reuters BIP Coding Group" action="confirmed" date="1997-07-13"/>
  </code>
</codes>
<codes class="bip:topics:1.0">
  <code code="GCAT">
    <editdetail attribution="Reuters BIP Coding Group" action="confirmed" date="1997-07-13"/>
  </code>
  <code code="GDEF">
    <editdetail attribution="Reuters BIP Coding Group" action="confirmed" date="1997-07-13"/>
  </code>
  <code code="GDIP">
    <editdetail attribution="Reuters BIP Coding Group" action="confirmed" date="1997-07-13"/>
  </code>
  <code code="GPOL">
    <editdetail attribution="Reuters BIP Coding Group" action="confirmed" date="1997-07-13"/>
  </code>
</codes>
<dc element="dc.date.created" value="1997-07-13"/>
<dc element="dc.publisher" value="Reuters Holdings Plc"/>
<dc element="dc.date.published" value="1997-07-13"/>
<dc element="dc.source" value="Reuters"/>
<dc element="dc.creator.location" value="VIENNA"/>
<dc element="dc.creator.location.country.name" value="AUSTRIA"/>
<dc element="dc.source" value="Reuters"/>
</metadata>
</newsitem>
