<?xml version="1.0" encoding="iso-8859-1" ?>
<newsitem itemid="724822" id="root" date="1997-07-13" xml:lang="en">
<title>USA: Orange County regulatory troubles take new form.</title>
<headline>Orange County regulatory troubles take new form.</headline>
<byline>Adam Entous</byline>
<dateline>SAN FRANCISCO 1997-07-13</dateline>
<text>
<p>Orange County's regulatory troubles may be far from over.</p>
<p>The Securities and Exchange Commission (SEC) has subpoenaed municipal bond documents from the southern California county as part of its so-called &quot;yield-burning&quot; investigation, according to county records and officials.</p>
<p>Yield burning refers to allegations that bond underwriters overcharged states and other local governments in recent years for U.S. Treasury securities purchased in the open market to help refinance outstanding bonds.</p>
<p>The agency has over 20 yield-burning probes under way across the country, SEC officials have said.</p>
<p>Orange County, one of the wealthiest in the nation, filed for bankruptcy protection in December 1994 after sustaining losses estimated at more than $1.6 billion on risky investments.</p>
<p>The bankruptcy shocked Wall Street, and prompted both the SEC and the Internal Revenue Service to launch investigations into the crisis. The SEC settled with Orange County in January 1996. The IRS investigation continues.</p>
<p>The county has been trying to repair its image since emerging from bankruptcy one year ago. In June, top county officials met with Wall Street bankers and credit analysts in New York in hope of boosting confidence in the county.</p>
<p>The SEC's yield-burning investigation has, however, put the regulatory spotlight once again on Orange County.</p>
<p>Newly released county documents show that SEC investigators in Washington subpoenaed information from the county about a 1994 bond deal by the South Orange County Public Financing Authority.</p>
<p>The authority's $239 million bond deal, which refunded eight outstanding issues, was underwritten in August 1994 by PaineWebber Inc. and Stone &amp; Youngberg LLC. Officials at both firms declined to comment.</p>
<p>The SEC subpoena was dated April 17 and, according to county documents, was issued as part of the agency's broad investigation of yield burning. County officials said they believe the yield-burning probe was in no way related to the county's bankruptcy crisis.</p>
<p>The county said it was cooperating fully with the SEC, and has sent the requested documents to the commission for review.</p>
<p>&quot;We have yet to hear anything further from the SEC,&quot; county public finance manager Tom Beckett said.</p>
<p>Orange County officials said it was not clear what impact the commission's investigation would have on the 1994 bonds. If the SEC were to find that yield burning took place, the IRS could be drawn into the probe to determine whether the interest on the bonds should be taxable.</p>
<p>SEC officials were not immediately available to comment on the yield-burning probe. As a general rule, the SEC will neither confirm nor deny its investigations.</p>
</text>
<copyright>(c) Reuters Limited 1997</copyright>
<metadata>
<codes class="bip:countries:1.0">
  <code code="USA">
    <editdetail attribution="Reuters BIP Coding Group" action="confirmed" date="1997-07-13"/>
  </code>
</codes>
<codes class="bip:topics:1.0">
  <code code="E21">
    <editdetail attribution="Reuters BIP Coding Group" action="confirmed" date="1997-07-13"/>
  </code>
  <code code="E211">
    <editdetail attribution="Reuters BIP Coding Group" action="confirmed" date="1997-07-13"/>
  </code>
  <code code="E212">
    <editdetail attribution="Reuters BIP Coding Group" action="confirmed" date="1997-07-13"/>
  </code>
  <code code="ECAT">
    <editdetail attribution="Reuters BIP Coding Group" action="confirmed" date="1997-07-13"/>
  </code>
</codes>
<dc element="dc.date.created" value="1997-07-13"/>
<dc element="dc.publisher" value="Reuters Holdings Plc"/>
<dc element="dc.date.published" value="1997-07-13"/>
<dc element="dc.source" value="Reuters"/>
<dc element="dc.creator.location" value="SAN FRANCISCO"/>
<dc element="dc.creator.location.country.name" value="USA"/>
<dc element="dc.source" value="Reuters"/>
</metadata>
</newsitem>
