<?xml version="1.0" encoding="iso-8859-1" ?>
<newsitem itemid="724874" id="root" date="1997-07-13" xml:lang="en">
<title>REPUBLIC OF IRELAND: Irish ex-PM Haughey to testify on mystery cash.</title>
<headline>Irish ex-PM Haughey to testify on mystery cash.</headline>
<dateline>DUBLIN 1997-07-13</dateline>
<text>
<p>Former Irish Prime Minister Charles Haughey, bon-viveur, kingmaker and accountant, is expected to tell an official tribunal this week how he forgot about the million pounds he was given by a chain store tycoon.</p>
<p>Haughey is set to testify at a payments-to-politicians tribunal investigating why Ben Dunne, whose family owns Ireland's premier department store chain, gave vast sums in a scandal that has forced one government minister to resign.</p>
<p>The ex-premier's appearance will climax a drama that has kept the nation on the edge of its seat since newspapers reported last year that a mysterious former member of the powerful Fianna Fail party had received 1.3 million Irish pounds ($2 million).</p>
<p>Last week Haughey,  issued a statement through his legal team admitting for the first time that he was the recipient of the cash, reversing a string of denials. He also admitted misleading his lawyers.</p>
<p>The statement said that legal papers submitted to the tribunal had jogged his memory and Haughey, who has not appeared before the tribunal, is expected to take the stand some time this week, probably on Tuesday, according to its officials.</p>
<p>The affair has caught the public imagination because of its revelations about links between Ireland's rich and powerful, and raised calls for investigations into links between politics and business and new laws to govern party fund-raising.</p>
<p>Haughey's star part has also rekindled interest in how a chartered accountant whose career earnings from politics totalled little more than half a million pounds came to own a mansion, stud farm, a private island and enjoy a jet-set lifestyle.</p>
<p>The affair claimed its first political scalp last year when former Transport Minister Michael Lowry resigned after acknowledging media reports that Dunne had paid for the quarter-million pound renovations and extension of his private family home.</p>
<p>The tribunal began its work when a coalition of Fine Gael, led by then-prime minister John Bruton, the Labour party and Democratic Left were in power and Fianna Fail in opposition.</p>
<p>But Fianna Fail, led by Prime Minister Bertie Ahern, came to power after June 6 elections and is facing opposition calls for another tribunal to be set up to investigate Haughey alone.</p>
<p>Ahern said last week that the current tribunal would have to run its course but said he was keeping an &quot;open mind&quot; about any new investigation into one of the most powerful political figures in Irish politics since self-rule seven decades ago.</p>
<p>Haughey was prime minister three times between 1979 and 1992. His friends included the late French President Francois Mitterrand. His tastes, chronicled in Ireland's tabloid press, were lavish and included fine art, fine wine and fine clothes.</p>
<p>All major political parties have testified that they received funds from Dunne for campaigning and other purposes. There has been no suggestion that political favours were either asked for or received by anyone.</p>
<p>The affair came to light in a feud within the the Dunne family, whose green-fronted department stores are a familiar sight in every Irish town.</p>
<p>Dunne was dropped from the family business five years ago in a scandal over his arrest by Florida police in the company of a call girl and a quantity of cocaine. He was acquitted of drug trafficking and went for substance abuse treatment.</p>
<p>Members of the Dunne family have since been at loggerheads over a joint trust fund and what was paid out of it.</p>
<p>Dunne said he gave Haughey the money because the former prime minister was in financial difficulties. The money was channelled through Des Traynor, a partner in an accountants' firm with Haughey who has since died.</p>
</text>
<copyright>(c) Reuters Limited 1997</copyright>
<metadata>
<codes class="bip:countries:1.0">
  <code code="IRE">
    <editdetail attribution="Reuters BIP Coding Group" action="confirmed" date="1997-07-13"/>
  </code>
</codes>
<codes class="bip:topics:1.0">
  <code code="GCAT">
    <editdetail attribution="Reuters BIP Coding Group" action="confirmed" date="1997-07-13"/>
  </code>
  <code code="GCRIM">
    <editdetail attribution="Reuters BIP Coding Group" action="confirmed" date="1997-07-13"/>
  </code>
</codes>
<dc element="dc.date.created" value="1997-07-13"/>
<dc element="dc.publisher" value="Reuters Holdings Plc"/>
<dc element="dc.date.published" value="1997-07-13"/>
<dc element="dc.source" value="Reuters"/>
<dc element="dc.creator.location" value="DUBLIN"/>
<dc element="dc.creator.location.country.name" value="REPUBLIC OF IRELAND"/>
<dc element="dc.source" value="Reuters"/>
</metadata>
</newsitem>
