<?xml version="1.0" encoding="iso-8859-1" ?>
<newsitem itemid="724807" id="root" date="1997-07-13" xml:lang="en">
<title>DUBAI: PRESS DIGEST - United Arab Emirates - July 13.</title>
<headline>PRESS DIGEST - United Arab Emirates - July 13.</headline>
<dateline>DUBAI 1997-07-13</dateline>
<text>
<p>These are some of the leading stories in the United Arab Emirates (UAE) press on Sunday. Reuters has not verified these stories and does not vouch for their accuracy.</p>
<p>GULF NEWS</p>
<p>- South African President Nelson Mandela made a brief stopover in Dubai on Saturday on his way to Indonesia and met with the UAE's Minister of State for Foreign Affairs Hamdan bin Zaid al-Nahayan.</p>
<p>- The ministry of health is urging baby food manufacturers to stop distributing samples at child care centres and hospitals in the UAE saying such promotions could impede the ministry's efforts to encourage breastfeeding, a ministry official said.</p>
<p>- Dubai on Saturday announced it was banning smoking at children's playgrounds in shopping centres and called for the allocation of smoking sections in restaurants and food courts.</p>
<p>- Share ownership in Abu Dhabi's $3 billion trade zone to be built on the Gulf island of Saadiyat will be open to local and foreign investors within two months, the project's hgeneral manager said.</p>
<p>THE GULF TODAY</p>
<p>- Water supply in some parts of the UAE emirate of Sharjah was cut off on Saturday due to an diesel spill on Friday, Sharjah municipality officials said.</p>
<p>EMIRATES NEWS</p>
<p>- The value of Dubai's non-oil foreign trade reached around 82 billion dirhams in 1996, up 13.4 percent from 1995, the Dubai Economic Department said.</p>
<p>AL KHALEEJ</p>
<p>- The subscription of Abu Dhabi Islamic Bank attracted investments of 12.5 billion dirhams.</p>
</text>
<copyright>(c) Reuters Limited 1997</copyright>
<metadata>
<codes class="bip:countries:1.0">
  <code code="UAE">
    <editdetail attribution="Reuters BIP Coding Group" action="confirmed" date="1997-07-13"/>
  </code>
</codes>
<codes class="bip:topics:1.0">
  <code code="GCAT">
    <editdetail attribution="Reuters BIP Coding Group" action="confirmed" date="1997-07-13"/>
  </code>
</codes>
<dc element="dc.date.created" value="1997-07-13"/>
<dc element="dc.publisher" value="Reuters Holdings Plc"/>
<dc element="dc.date.published" value="1997-07-13"/>
<dc element="dc.source" value="Reuters"/>
<dc element="dc.creator.location" value="DUBAI"/>
<dc element="dc.creator.location.country.name" value="DUBAI"/>
<dc element="dc.source" value="Reuters"/>
</metadata>
</newsitem>
