<?xml version="1.0" encoding="iso-8859-1" ?>
<newsitem itemid="724935" id="root" date="1997-07-13" xml:lang="en">
<title>AUSTRIA: TENNIS-AUSTRIA BEAT SOUTH AFRICA 3-2 IN FED CUP.</title>
<headline>TENNIS-AUSTRIA BEAT SOUTH AFRICA 3-2 IN FED CUP.</headline>
<dateline>POERTSCHACH, Austria 1997-07-13</dateline>
<text>
<p>Austria beat South</p>
<p>Africa 3-2 after the reserved singles and double matches on the</p>
<p>second day of their Fed Cup Group two play-off tie on Sunday.</p>
<p>Results:  Amanda Coetzer (South Africa) beat Barbara Paulus</p>
<p>(Austria) 6-2 6-0</p>
<p>Barbara Schett (Austria) beat Joannette Kruger (South Africa)</p>
<p>4-6 6-4 6-2</p>
<p>Barbara Schett/Judith Wiesner (Austria) beat Amanda</p>
<p>Coetzer/Jessica Steck 6-1 6-1</p>
</text>
<copyright>(c) Reuters Limited 1997</copyright>
<metadata>
<codes class="bip:countries:1.0">
  <code code="AUST">
    <editdetail attribution="Reuters BIP Coding Group" action="confirmed" date="1997-07-13"/>
  </code>
  <code code="SAFR">
    <editdetail attribution="Reuters BIP Coding Group" action="confirmed" date="1997-07-13"/>
  </code>
</codes>
<codes class="bip:topics:1.0">
  <code code="GCAT">
    <editdetail attribution="Reuters BIP Coding Group" action="confirmed" date="1997-07-13"/>
  </code>
  <code code="GSPO">
    <editdetail attribution="Reuters BIP Coding Group" action="confirmed" date="1997-07-13"/>
  </code>
</codes>
<dc element="dc.date.created" value="1997-07-13"/>
<dc element="dc.publisher" value="Reuters Holdings Plc"/>
<dc element="dc.date.published" value="1997-07-13"/>
<dc element="dc.source" value="Reuters"/>
<dc element="dc.creator.location" value="POERTSCHACH, Austria"/>
<dc element="dc.creator.location.country.name" value="AUSTRIA"/>
<dc element="dc.source" value="Reuters"/>
</metadata>
</newsitem>
