<?xml version="1.0" encoding="iso-8859-1" ?>
<newsitem itemid="724901" id="root" date="1997-07-13" xml:lang="en">
<title>PAKISTAN: Pakistan breaks &quot;fresh ground&quot; in Afghan peace bid.</title>
<headline>Pakistan breaks &quot;fresh ground&quot; in Afghan peace bid.</headline>
<byline>Raja Asghar</byline>
<dateline>ISLAMABAD 1997-07-13</dateline>
<text>
<p>A Pakistani emissary said on Sunday he had broken fresh ground in his efforts to mediate peace in war-torn Afghanistan by holding a rare meeting with an opposition commander, Ahmad Shah Masood.</p>
<p>&quot;This is a step forward as everyone seems to be willing to begin a political dialogue and this is the idea we are trying to pursue,&quot; senior Pakistan Foreign Ministry official Iftikhar Murshed told reporters after his latest talks with Afghan factions fighting the Taleban Islamic movement.</p>
<p>The official went to north Afghanistan on Saturday after a similar peace mission by special U.N. envoy Norbert Holl, and met Masood in the remote Farkhar valley in the northeastern province of Takhar, the official APP news agency said.</p>
<p>&quot;We have broken fresh ground inasmuch as contact was established with Ahmad Shah Masood,&quot; APP quoted Murshed as telling Pakistani reporters accompanying him. &quot;We had a good meeting with him in Takhar.&quot;</p>
<p>He said he also held extensive meetings with ousted president Burhanuddin Rabbani and northern opposition leader General Abdul Malik in the northern town of Mazar-i-Sharif and all of them expressed confidence in Pakistan's peace efforts.</p>
<p>&quot;We noted that all of them without fail have now expressed confidence in Pakistan, and what I found particularly gratifying is that they said they have great hopes in Pakistan, specially in view of the strong government we have...at the moment.&quot;</p>
<p>The opposition factions accuse Pakistan of helping the purist Taleban Islamic militia, which controls more than two-thirds of Afghanistan, including the capital Kabul.</p>
<p>Pakistan denies the charge and says it has no favourites among the warring factions, whom it helped during the guerrilla war against Soviet occupation of Afghanistan in the 1980s.</p>
<p>Murshed, who met Afghan opposition leaders for the second time in 10 days, described as &quot;totally positive&quot; Pakistan's first contact with Masood, the main commander of Rabbani's ousted government, after a hiatus of about two years.</p>
<p>APP quoted Masood as expressing his readiness to enter into talks with other Afghan groups for the establishment of a broad-based government.</p>
<p>&quot;We appreciate (Pakistani) Prime Minister Nawaz Sharif's initiative for peace in our country and the Pakistan delegation has come to us with sincerity,&quot; he said.</p>
<p>The opposition alliance wants demilitarisation of Kabul and formation of a political commission to chart the outlines of a broad-based government.</p>
<p>The Taleban refuses to demilitarise Kabul, which it captured in September, and has set a ceasefire and release of its prisoners as preconditions for peace talks, which Pakistan has offered to host in Islamabad with Afghanistan's immediate neighbours as well as the United States and Russia attending.</p>
<p>APP quoted Masood as saying that a ceasefire was possible before the establishment of a political commission but adding: &quot;The exchange of prisoners can only take place after an agreement is reached on basic issues.&quot;</p>
<p>Pakistan recognised the Taleban government in late May after the militia briefly captured Mazar-i-Sharif with Malik's help and was followed by Saudi Arabia and the United Arab Emirates.</p>
<p>Malik turned on the Taleban at the end of May, linking up with a Shi'ite Moslem Hezb-i-Wahdat faction to drive them from Mazar-i-Sharif after 15 hours of street fighting.</p>
</text>
<copyright>(c) Reuters Limited 1997</copyright>
<metadata>
<codes class="bip:countries:1.0">
  <code code="AFGH">
    <editdetail attribution="Reuters BIP Coding Group" action="confirmed" date="1997-07-13"/>
  </code>
  <code code="PAKIS">
    <editdetail attribution="Reuters BIP Coding Group" action="confirmed" date="1997-07-13"/>
  </code>
</codes>
<codes class="bip:topics:1.0">
  <code code="GCAT">
    <editdetail attribution="Reuters BIP Coding Group" action="confirmed" date="1997-07-13"/>
  </code>
  <code code="GVIO">
    <editdetail attribution="Reuters BIP Coding Group" action="confirmed" date="1997-07-13"/>
  </code>
</codes>
<dc element="dc.date.created" value="1997-07-13"/>
<dc element="dc.publisher" value="Reuters Holdings Plc"/>
<dc element="dc.date.published" value="1997-07-13"/>
<dc element="dc.source" value="Reuters"/>
<dc element="dc.creator.location" value="ISLAMABAD"/>
<dc element="dc.creator.location.country.name" value="PAKISTAN"/>
<dc element="dc.source" value="Reuters"/>
</metadata>
</newsitem>
