<?xml version="1.0" encoding="iso-8859-1" ?>
<newsitem itemid="724931" id="root" date="1997-07-13" xml:lang="en">
<title>UK: MOTOR RACING-BRITISH GRAND PRIX RESULT.</title>
<headline>MOTOR RACING-BRITISH GRAND PRIX RESULT.</headline>
<dateline>SILVERSTONE, England 1997-07-13</dateline>
<text>
<p>British Grand Prix result on Sunday:</p>
<p>Race distance: 59 laps (303.26 km)</p>
<p>1. Jacques Villeneuve (Canada) Williams 1 hour 28 minutes</p>
<p>01.665 seconds (average speed 206.703 kph)</p>
<p> 2. Jean Alesi (France) Benetton		 1:28:11.870</p>
<p> 3. Alexander Wurz (Austria) Benetton	  1:28:12.961</p>
<p> 4. David Coulthard (Britain) McLaren	  1:28:32.894</p>
<p> 5. Ralf Schumacher (Germany) Jordan	   1:28:33.545</p>
<p> 6. Damon Hill (Britain) Arrows		  1:29:15.217</p>
<p> 7. Giancarlo Fisichella (Italy) Jordan	1 lap behind</p>
<p> 8. Jarno Trulli (Italy) Prost		   1 lap</p>
<p> 9. Norberto Fontana (Argentina) Sauber	1 lap</p>
<p> 10. Tarso Marques (Brazil) Minardi	    1 lap</p>
<p>Did not finish</p>
<p> 11. Shinji Nakano (Japan) Prost		 57 laps completed</p>
<p> 12. Mika Hakkinen (Finland) McLaren	   52 laps</p>
<p> 13. Jan Magnussen (Denmark) Stewart	   50</p>
<p> 14. Jos Verstappen (Netherlands) Tyrrell    45</p>
<p> 15. Eddie Irvine (Britain) Ferrari	    44</p>
<p> 16. Mika Salo (Finland) Tyrrell		 44</p>
<p> 17. Johnny Herbert (Britain) Sauber	   42</p>
<p> 18. Michael Schumacher (Germany) Ferrari    38</p>
<p> 19. Rubens Barrichello (Brazil) Stewart     37</p>
<p> 20. Pedro Diniz (Brazil) Arrows		 29</p>
<p> 21. Heinz-Harald Frentzen (Germany) Williams 0</p>
<p> 22. Ukyo Katayama (Japan) Minardi		0</p>
<p>Fastest lap: Michael Schumacher one minute 24.475 seconds (219.047 kph).</p>
</text>
<copyright>(c) Reuters Limited 1997</copyright>
<metadata>
<codes class="bip:countries:1.0">
  <code code="CANA">
    <editdetail attribution="Reuters BIP Coding Group" action="confirmed" date="1997-07-13"/>
  </code>
  <code code="UK">
    <editdetail attribution="Reuters BIP Coding Group" action="confirmed" date="1997-07-13"/>
  </code>
</codes>
<codes class="bip:topics:1.0">
  <code code="GCAT">
    <editdetail attribution="Reuters BIP Coding Group" action="confirmed" date="1997-07-13"/>
  </code>
  <code code="GSPO">
    <editdetail attribution="Reuters BIP Coding Group" action="confirmed" date="1997-07-13"/>
  </code>
</codes>
<dc element="dc.date.created" value="1997-07-13"/>
<dc element="dc.publisher" value="Reuters Holdings Plc"/>
<dc element="dc.date.published" value="1997-07-13"/>
<dc element="dc.source" value="Reuters"/>
<dc element="dc.creator.location" value="SILVERSTONE, England"/>
<dc element="dc.creator.location.country.name" value="UK"/>
<dc element="dc.source" value="Reuters"/>
</metadata>
</newsitem>
