<?xml version="1.0" encoding="iso-8859-1" ?>
<newsitem itemid="724963" id="root" date="1997-07-13" xml:lang="en">
<title>UK: SOCCER-KEEGAN WOULD RETURN TO BE ENGLAND COACH.</title>
<headline>SOCCER-KEEGAN WOULD RETURN TO BE ENGLAND COACH.</headline>
<dateline>LONDON 1997-07-13</dateline>
<text>
<p>Kevin Keegan, who quit as manager of Newcastle United in dramatic style in January, has hinted he may be interested in returning to soccer one day if he was offered the top job of England coach.</p>
<p>After resigning at Newcastle, the former England international midfielder said he was not planning a return to the game.</p>
<p>But in an interview in the British newspaper The People on Sunday, the 46-year-old Keegan said: &quot;The only thing I would enjoy -- if it could happen -- would be to handle big name players for England.</p>
<p>&quot;Anyone who played for England wonders about that job. Maybe managing England next...who knows?&quot;</p>
<p>The former Liverpool, Hamburg and Southampton midfielder, who won 63 caps for his country, was linked with the job when England were looking for a replacement for Terry Venables after last year's European championship.</p>
<p>But, having signed a long-term deal with Newcastle, Keegan ruled himself out of the running and Glenn Hoddle was eventually appointed.</p>
</text>
<copyright>(c) Reuters Limited 1997</copyright>
<metadata>
<codes class="bip:countries:1.0">
  <code code="UK">
    <editdetail attribution="Reuters BIP Coding Group" action="confirmed" date="1997-07-13"/>
  </code>
</codes>
<codes class="bip:topics:1.0">
  <code code="GCAT">
    <editdetail attribution="Reuters BIP Coding Group" action="confirmed" date="1997-07-13"/>
  </code>
  <code code="GSPO">
    <editdetail attribution="Reuters BIP Coding Group" action="confirmed" date="1997-07-13"/>
  </code>
</codes>
<dc element="dc.date.created" value="1997-07-13"/>
<dc element="dc.publisher" value="Reuters Holdings Plc"/>
<dc element="dc.date.published" value="1997-07-13"/>
<dc element="dc.source" value="Reuters"/>
<dc element="dc.creator.location" value="LONDON"/>
<dc element="dc.creator.location.country.name" value="UK"/>
<dc element="dc.source" value="Reuters"/>
</metadata>
</newsitem>
