<?xml version="1.0" encoding="iso-8859-1" ?>
<newsitem itemid="724993" id="root" date="1997-07-13" xml:lang="en">
<title>IRAQ: IRAQ ATTACKS LEBANON OVER ARAB GAMES' EXCLUSION.</title>
<headline>IRAQ ATTACKS LEBANON OVER ARAB GAMES' EXCLUSION.</headline>
<dateline>BAGHDAD 1997-07-13</dateline>
<text>
<p>Iraqi newspapers on Sunday harshly attacked Lebanon for its refusal to allowi Iraqi athletes to attend the Pan Arab Games in Beirut after pressure from Kuwait and Saudi Arabia.</p>
<p>Iraq's most influential newspaper Babel said in a front-page editorial that Lebanon had prevented the athletes from entering Lebanon &quot;for silly financial profits...&quot;</p>
<p>Kuwait and Saudi Arabia, Gulf War foes of Iraq, are among the most generous Arab financiers of Lebanon's postwar reconstruction and the main contributors to the $50 million cost of the new sports stadium where the games opened on Saturday.</p>
<p>They threatened to boycott the games if Iraq competed, a Lebanese official said on Wednesday.</p>
<p>The 97 Iraqi athletes, stranded for two days at the Lebanese border, headed home on Saturday after Beirut refused to grant them visas to take part in the games.</p>
<p>Babel, owned by President Saddam Hussein's eldest son Uday, said, ... &quot;such a decision will not effect Iraq's prestige but it contains (implicit) condemnation of the rulers of Kuwait and Saudi Arabia.&quot;</p>
<p>Iraq is blaming the Lebanese decision excluding Iraq from the games on Kuwait and Saudi Arabia.</p>
<p>Al-Thawra, newspaper of the ruling Baath party, said: &quot;Our expectation has come true...We are living in a bad time governed by illgotten finance.&quot;</p>
<p>&quot;It is dishonourable for us to attend such a sports gathering full of hatred and hostility,&quot; the paper added.</p>
<p>The paper also criticised the Arab League Secretary-General Esmat Abdel-Meguid, saying he had done nothing to allow Iraqis attend the games. It accused him of not &quot;shouldering his esponsibility.&quot;</p>
<p>The Pan Arab Games, which are held every four years, are the first major international event staged in the Lebanese capital since the end of the 1975-90 civil war.</p>
</text>
<copyright>(c) Reuters Limited 1997</copyright>
<metadata>
<codes class="bip:countries:1.0">
  <code code="IRAQ">
    <editdetail attribution="Reuters BIP Coding Group" action="confirmed" date="1997-07-13"/>
  </code>
  <code code="KUWAIT">
    <editdetail attribution="Reuters BIP Coding Group" action="confirmed" date="1997-07-13"/>
  </code>
  <code code="LEBAN">
    <editdetail attribution="Reuters BIP Coding Group" action="confirmed" date="1997-07-13"/>
  </code>
  <code code="SAARAB">
    <editdetail attribution="Reuters BIP Coding Group" action="confirmed" date="1997-07-13"/>
  </code>
</codes>
<codes class="bip:topics:1.0">
  <code code="GCAT">
    <editdetail attribution="Reuters BIP Coding Group" action="confirmed" date="1997-07-13"/>
  </code>
  <code code="GSPO">
    <editdetail attribution="Reuters BIP Coding Group" action="confirmed" date="1997-07-13"/>
  </code>
</codes>
<dc element="dc.date.created" value="1997-07-13"/>
<dc element="dc.publisher" value="Reuters Holdings Plc"/>
<dc element="dc.date.published" value="1997-07-13"/>
<dc element="dc.source" value="Reuters"/>
<dc element="dc.creator.location" value="BAGHDAD"/>
<dc element="dc.creator.location.country.name" value="IRAQ"/>
<dc element="dc.source" value="Reuters"/>
</metadata>
</newsitem>
