<?xml version="1.0" encoding="iso-8859-1" ?>
<newsitem itemid="724961" id="root" date="1997-07-13" xml:lang="en">
<title>UK: CRICKET-ENGLISH SUNDAY LEAGUE RESULTS.</title>
<headline>CRICKET-ENGLISH SUNDAY LEAGUE RESULTS.</headline>
<dateline>LONDON 1997-07-13</dateline>
<text>
<p>Results of English Sunday League</p>
<p>cricket matches:</p>
<p>At Derby: Derbyshire beat Yorkshire by 114 runs. Derbyshire</p>
<p>259-2 innings closed (C.Adams 109 not out, V.Clarke 77 not out).</p>
<p>Yorkshire 145 (A.Harris 4-22)</p>
<p>At Chester-le-Street: Warwickshire beat Durham by five</p>
<p>wickets. Durham 174-2 innings closed (M.Speight 64 not out,</p>
<p>S.Hutton 57). Warwickshire 137-5 (D .Hemp 50)</p>
<p>At Southampton: Hampshire beat Worcestershire by 87 runs.</p>
<p>Hampshire 232-4 innings closed (M.Keech 53 not out, S.Udal 52</p>
<p>not out). Worcestershire 145 (J. Stephenson 6-33).</p>
<p>At Trent Bridge: Somerset beat Nottinghamshire by 30 runs.</p>
<p>Somerset 227-6 innings closed (M.Burns 60, K. Parsons 52 not</p>
<p>out; C.Tolley 4-24). Nottinghamshire 197-7 innings closed</p>
<p>(P.Pollard 87).</p>
<p>At Hove: Sussex beat Gloucestershire by one wicket.</p>
<p>Gloucestershire 141-9 innings closed. Sussex 142-9 (K.</p>
<p>Greenfield 62).</p>
</text>
<copyright>(c) Reuters Limited 1997</copyright>
<metadata>
<codes class="bip:countries:1.0">
  <code code="UK">
    <editdetail attribution="Reuters BIP Coding Group" action="confirmed" date="1997-07-13"/>
  </code>
</codes>
<codes class="bip:topics:1.0">
  <code code="GCAT">
    <editdetail attribution="Reuters BIP Coding Group" action="confirmed" date="1997-07-13"/>
  </code>
  <code code="GSPO">
    <editdetail attribution="Reuters BIP Coding Group" action="confirmed" date="1997-07-13"/>
  </code>
</codes>
<dc element="dc.date.created" value="1997-07-13"/>
<dc element="dc.publisher" value="Reuters Holdings Plc"/>
<dc element="dc.date.published" value="1997-07-13"/>
<dc element="dc.source" value="Reuters"/>
<dc element="dc.creator.location" value="LONDON"/>
<dc element="dc.creator.location.country.name" value="UK"/>
<dc element="dc.source" value="Reuters"/>
</metadata>
</newsitem>
