<?xml version="1.0" encoding="iso-8859-1" ?>
<newsitem itemid="724968" id="root" date="1997-07-13" xml:lang="en">
<title>SOUTH AFRICA: SOCCER-TOGO LEAD WAY INTO NATIONS CUP FINALS.</title>
<headline>SOCCER-TOGO LEAD WAY INTO NATIONS CUP FINALS.</headline>
<byline>Mark Gleeson</byline>
<dateline>JOHANNESBURG 1997-07-10</dateline>
<text>
<p>Togo led the charge of qualifiers for next year's African Nations Cup finals with a one-sided 4-0 win over Liberia on Sunday as four other countries also booked their places in Burkina Faso.</p>
<p>Togo qualfied for the biennial tournament for the first time since 1984 and will be joined by Cameroon, Ghana, Morocco and Zambia who all won their matches at the weekend.</p>
<p>Tadjou Salou, who plays club soccer in Switzerland, set the Togolese on their way at the Municipal stadium in Lome with a 52nd minute strike and a barrage of three goals in the last four minutes sealed a famous win.</p>
<p>Kossi Noutsoudje, Komlan Assignon and fittingly Bachirou Salou, the German-based king-pin of their qualifying campaign, all grabbed late goals to secure top place in group six.</p>
<p>Cameroon's qualification was finalised on Sunday afternoon, 24 hours after they had won 1-0 in Namibia with a 69th minute goal by Joseph Tchango.</p>
<p>Gabon's 1-0 win over Kenya in Libreville means that Cameroon will fill one of the two qualifying places in group five, even if they are beaten in their final match at home to Kenya in two weeks.</p>
<p>Salaheddine Bassir scored a second successive winning goal for Morocco to put them through from group three. His 21st-minute strike against Ethiopia in Addis Ababa saw Morocco qualify for the first time since the 1992 tournament.</p>
<p>Three-time African Footballer of the Year Abedi Pele set up Ghana's progress to the finals with the opening goal against Zimbabwe in Accra on Sunday.</p>
<p>Although his goal was quickly cancelled out by Zimbabwean midfielder Shephard Muradzikwa, Ghana secured a 2-1 victory with Osei Kuffour's 39th minute winner.</p>
<p>Zimbabwe can still take second place in group one if they avoid defeat against Angola in Luanda on July 27.</p>
<p>Zambia became the first side to qualify on Saturday with an effortless 3-1 win over neigbours Malawi, set up with a first-half penalty by Hector Chilombo and second-half goals from Frazer Kamwandi and Freddie Mwila junior.</p>
<p>Zambia were playing without all but one of their foreign-based professionals, who ignored a call-up for the game from coach George Mungwa.</p>
<p>Malawi needed only a draw to qualify but coach Ruben Malola blamed a sloppy midfield for the defeat. &quot;We lost concentration,&quot; he said.</p>
<p>Former Nations Cup winners Algeria and Egypt kept up their late bids to go through with home wins against teams who need just a point to qualify.</p>
<p>Egypt beat Senegal 2-0 in Cairo on Sunday night, inspired by the return to action of Hazem Imam, while Algeria laboured to a 1-0 win over Mali on Friday. Both can qualify with home wins in their final matches on July 27.</p>
<p>But 1992 winners Ivory Coast wasted an opportunity to secure their place, drawing 0-0 away against minnows Benin when a win would have seen them through.</p>
<p>The nine outstanding places will be decided on the weekend of July 26-27 when the final round of qualifiers are played.</p>
</text>
<copyright>(c) Reuters Limited 1997</copyright>
<metadata>
<codes class="bip:countries:1.0">
  <code code="CAMER">
    <editdetail attribution="Reuters BIP Coding Group" action="confirmed" date="1997-07-13"/>
  </code>
  <code code="GHANA">
    <editdetail attribution="Reuters BIP Coding Group" action="confirmed" date="1997-07-13"/>
  </code>
  <code code="LIBER">
    <editdetail attribution="Reuters BIP Coding Group" action="confirmed" date="1997-07-13"/>
  </code>
  <code code="MOROC">
    <editdetail attribution="Reuters BIP Coding Group" action="confirmed" date="1997-07-13"/>
  </code>
  <code code="SAFR">
    <editdetail attribution="Reuters BIP Coding Group" action="confirmed" date="1997-07-13"/>
  </code>
  <code code="TOGO">
    <editdetail attribution="Reuters BIP Coding Group" action="confirmed" date="1997-07-13"/>
  </code>
  <code code="UPVOLA">
    <editdetail attribution="Reuters BIP Coding Group" action="confirmed" date="1997-07-13"/>
  </code>
  <code code="ZAMBIA">
    <editdetail attribution="Reuters BIP Coding Group" action="confirmed" date="1997-07-13"/>
  </code>
</codes>
<codes class="bip:topics:1.0">
  <code code="GCAT">
    <editdetail attribution="Reuters BIP Coding Group" action="confirmed" date="1997-07-13"/>
  </code>
  <code code="GSPO">
    <editdetail attribution="Reuters BIP Coding Group" action="confirmed" date="1997-07-13"/>
  </code>
</codes>
<dc element="dc.date.created" value="1997-07-10"/>
<dc element="dc.publisher" value="Reuters Holdings Plc"/>
<dc element="dc.date.published" value="1997-07-13"/>
<dc element="dc.source" value="Reuters"/>
<dc element="dc.creator.location" value="JOHANNESBURG"/>
<dc element="dc.creator.location.country.name" value="SOUTH AFRICA"/>
<dc element="dc.source" value="Reuters"/>
</metadata>
</newsitem>
