<?xml version="1.0" encoding="iso-8859-1" ?>
<newsitem itemid="724903" id="root" date="1997-07-13" xml:lang="en">
<title>INDIA: India's Bombay prepares for funeral of riot dead.</title>
<headline>India's Bombay prepares for funeral of riot dead.</headline>
<byline>Dev Varam</byline>
<dateline>BOMBAY 1997-07-13</dateline>
<text>
<p>India's commercial capital was tense on Sunday but slowly limping back to normal after a day's strike as authorities prepared for the funeral of 10 people shot dead during a riot, police said.</p>
<p>&quot;We have the situation under control,&quot; a police spokesman told Reuters. &quot;But there are some pockets which are tense.&quot;</p>
<p>Angry mobs forced shops and businesses in Bombay to shut down on Saturday, a day after police fired on a crowd in a suburb of the city, killing 10. Friday's riot had erupted after a garland of shoes was placed on the statue of a revered leader of the lower social classes. Protesters, reacting to what they said was a serious insult, blocked roads and railway tracks on Saturday and threw stones at vehicles defying the protest strike. Life in the bustling metropolis of 13 million people ground to a halt.</p>
<p>The suburban trains which form Bombay's lifeline were stopped after rioting crowds threw stones at them. Buses and private vehicles were badly damaged. The agitation also threw airline schedules out of gear.</p>
<p>On Sunday, transport services paralysed by the strike were gradually returning to normal, officials said. Shops and markets opened briefly for people to stock up on essential commodities.</p>
<p>Paramilitary troops in riot gear lined the streets of the northeastern suburb of Ghatkopar, 15 km (9 miles) from the city, as huge crowds gathered for a funeral march for the 10 people who died there.</p>
<p>The mob was protesting against the desecration of the statue of Bhimrao Ambedkar, a lawyer who helped draft India's constitution and was a dynamic leader of India's lower castes, police said.</p>
<p>Police dispersed some protesters who tried to erect road blocks at Akola, about 500 km (313 miles) northeast of Bombay.</p>
<p>&quot;Police were able to disperse the crowd without force,&quot; the spokesman said.</p>
<p>Opposition parties who called Saturday's strike in the city have called another one on Monday in the rest of the western state of Maharashtra, where Bombay is located.</p>
<p>But Bombay, where one person was killed in police firing on Saturday, would be exempted from Monday's strike, police said.</p>
<p>The Maharashtra government has ordered a judicial probe into the cause of the shooting.</p>
</text>
<copyright>(c) Reuters Limited 1997</copyright>
<metadata>
<codes class="bip:countries:1.0">
  <code code="INDIA">
    <editdetail attribution="Reuters BIP Coding Group" action="confirmed" date="1997-07-13"/>
  </code>
</codes>
<codes class="bip:topics:1.0">
  <code code="GCAT">
    <editdetail attribution="Reuters BIP Coding Group" action="confirmed" date="1997-07-13"/>
  </code>
  <code code="GVIO">
    <editdetail attribution="Reuters BIP Coding Group" action="confirmed" date="1997-07-13"/>
  </code>
</codes>
<dc element="dc.date.created" value="1997-07-13"/>
<dc element="dc.publisher" value="Reuters Holdings Plc"/>
<dc element="dc.date.published" value="1997-07-13"/>
<dc element="dc.source" value="Reuters"/>
<dc element="dc.creator.location" value="BOMBAY"/>
<dc element="dc.creator.location.country.name" value="INDIA"/>
<dc element="dc.source" value="Reuters"/>
</metadata>
</newsitem>
