<?xml version="1.0" encoding="iso-8859-1" ?>
<newsitem itemid="724977" id="root" date="1997-07-13" xml:lang="en">
<title>SOUTH AFRICA: RUGBY UNION-CURRIE CUP RESULTS/STANDINGS.</title>
<headline>RUGBY UNION-CURRIE CUP RESULTS/STANDINGS.</headline>
<dateline>JOHANNESBURG 1997-07-13</dateline>
<text>
<p>Results of Currie Cup rugby</p>
<p>union matches played in South Africa at the weekend:</p>
<p>Friday</p>
<p>In Bloemfontein: Free State beat Eastern Province 75-19</p>
<p>(half-time 39-9).</p>
<p>Scorers:</p>
<p>Free State - Tries: Stephen Brink (2), Werner Swanepoel (2),</p>
<p>Braam Els, MJ Smith, Naka Drotske, Johan Erasmus, Charl Marais,</p>
<p>Brendan Venter, Christo Potgieter. Conversions: MJ Smith (7).</p>
<p>Penalties: Smith (2).</p>
<p>Eastern Province - Tries: Deon Kayser, Barry Pinnock.</p>
<p>Penalties: Theo van Rensburg (3).</p>
<p>Saturday</p>
<p>In Kimberley: Natal beat Griqualand West 24-13 (half-time</p>
<p>10-10)</p>
<p>Scorers:</p>
<p>Natal - Tries: Shaun Payne, Dieter Kriese. Conversion: Gavin</p>
<p>Lawless. Penalties: Lawless (4).</p>
<p>Griqualand West - Try: Hakkies Husselman. Conversion: Franco</p>
<p>Smith. Penalties: Smith (2)</p>
<p>In Brakpan: Gauteng Falcons beat Northern Transvaal 26-23</p>
<p>(half-time 9-18).</p>
<p>Scorers:</p>
<p>Gauteng Falcons - Tries: Jaco Viljoen, Gert Peens.</p>
<p>Conversions: Peens (2). Penalties: Peens (4)</p>
<p>Northern Transvaal - Tries: Conrad Breytenbach, Johan</p>
<p>Schutte (2). Conversion: Casper Steyn. Penalties: Steyn (2)</p>
<p>In Welkom: Western Province beat Northern Free State 43-24</p>
<p>(half-time 12-10).</p>
<p>Scorers:</p>
<p>Western Province - Tries: James Small (2), Dick Muir,</p>
<p>Christian Stewart, Andy Marinos, Louis Koen. Conversions: Louis</p>
<p>Koen (5). Penalty: Koen.</p>
<p>Northern Free State - Tries: Eric Herbert, Banai Britz (2).</p>
<p>Conversions: Eric Herbert (3). Penalty: Herbert.</p>
<p>In Wellington: Boland beat North West 54-23 (half-time</p>
<p>26-16)</p>
<p>Scorers:</p>
<p>Boland - Tries: Stefan Terblanche (3), Martin Stander (2),</p>
<p>Johan van der Merwe, McNeil Hendricks, Harold Karele.</p>
<p>Conversions: Pieter O'Neill (7).</p>
<p>North West - Tries: Andrew Duckitt, AC Prinsloo.</p>
<p>Conversions: Bertus Kruger (2). Penalties: Kruger (3).</p>
<p>In East London: South Western Districts beat Border 20-16</p>
<p>(half-time 3-10).</p>
<p>Scorers:</p>
<p>South Western Districts - Tries: Charles Nel, Freddie</p>
<p>Roberts. Conversions: Braam van Straaten (2). Penalties: Van</p>
<p>Straaten (2).</p>
<p>Border - Try: David Maidza. Conversion: John Bradbrook.</p>
<p>Penalties: Greg Miller, Bradbrook (2).</p>
<p>Sunday</p>
<p>In Johannesburg: Gauteng Lions beat Mpumalanga 27-26</p>
<p>(half-time 7-26)</p>
<p>Scorers:</p>
<p>Gauteng Lions - Tries: Johan Roux (2), Louis van Rensburg.</p>
<p>Conversions: Dawie du Toit, Johan Roux (2). Penalties: Johan</p>
<p>Roux (2).</p>
<p>Mpumalanga - Tries: Polla Nel, Piet Joubert, Henry Kemp.</p>
<p>Conversion: Andries Fourie. Penalties: Eben von Gericke (2).</p>
<p>Drop goal: Dan van Zyl.</p>
<p>Standings (tabulate under played, won, drawn, lost, points</p>
<p>for, points against, bonus points, total points)</p>
<p>    Griqualand West	   4   3   0   1   132    64   2   14</p>
<p>    Natal			 3   3   0   0    84    57   0   12</p>
<p>    Boland			3   2   0   1   116    81   3   11</p>
<p>    Free State		  2   2   0   0   131    38   2   10</p>
<p>    Western Province	  3   2   0   1   140    90   2   10</p>
<p>    Gauteng Falcons	   3   2   0   1    97   129   2   10</p>
<p>    Gauteng Lions	     2   2   0   0    62    59   1    9</p>
<p>    South Western Districts 4   2   0   2    89   103   1    9</p>
<p>    Border			4   1   0   3    77   122   2    6</p>
<p>    North West		  3   1   0   2   120   108   1    5</p>
<p>    Northern Free State     3   1   0   2    73   124   1    5</p>
<p>    Northern Transvaal	2   0   0   2    41    56   1    1</p>
<p>    Mpumalanga		  3   0   0   3    68   124   1    1</p>
<p>    Eastern Province	  3   0   0   3    60   135   0    0</p>
</text>
<copyright>(c) Reuters Limited 1997</copyright>
<metadata>
<codes class="bip:countries:1.0">
  <code code="SAFR">
    <editdetail attribution="Reuters BIP Coding Group" action="confirmed" date="1997-07-13"/>
  </code>
</codes>
<codes class="bip:topics:1.0">
  <code code="GCAT">
    <editdetail attribution="Reuters BIP Coding Group" action="confirmed" date="1997-07-13"/>
  </code>
  <code code="GSPO">
    <editdetail attribution="Reuters BIP Coding Group" action="confirmed" date="1997-07-13"/>
  </code>
</codes>
<dc element="dc.date.created" value="1997-07-13"/>
<dc element="dc.publisher" value="Reuters Holdings Plc"/>
<dc element="dc.date.published" value="1997-07-13"/>
<dc element="dc.source" value="Reuters"/>
<dc element="dc.creator.location" value="JOHANNESBURG"/>
<dc element="dc.creator.location.country.name" value="SOUTH AFRICA"/>
<dc element="dc.source" value="Reuters"/>
</metadata>
</newsitem>
