<?xml version="1.0" encoding="iso-8859-1" ?>
<newsitem itemid="724989" id="root" date="1997-07-13" xml:lang="en">
<title>JAPAN: SOCCER-JAPANESE J.LEAGUE RESULTS/STANDINGS.</title>
<headline>SOCCER-JAPANESE J.LEAGUE RESULTS/STANDINGS.</headline>
<dateline>TOKYO 1997-07-13</dateline>
<text>
<p>Results of Japan's professional J.</p>
<p>League soccer matches played on Saturday:</p>
<p>    Bellmare Hiratsuka  2    Jubilo Iwata	   1</p>
<p>    Hiroshima	     2    Kashima Antlers	3</p>
<p>    JEF Ichihara	  1    Kashiwa		  0</p>
<p>    Verdy Kawasaki	0    Gamba Osaka	    1</p>
<p>    Yokohama Marinos    1    Yokohama Flugels     0</p>
<p>    Shimizu S-Pulse     3    Nagoya Grampus Eight 1</p>
<p>    Fukuoka		 0    Kobe		     1</p>
<p>    Kyoto		   1    Urawa Reds	     1</p>
<p>Standings (tabulate under won, lost, goals for, goals</p>
<p>against, points):</p>
<p>		 W  L  GF  GA   Pts</p>
<p> Kashima    11  3  29  15   31</p>
<p> Yokohama F 10  4  28  11   30</p>
<p> Kashiwa    9   5  29  18   26</p>
<p> Yokohama M 10  4  27  25   26</p>
<p> Hiratsuka  9   5  22  16   25</p>
<p> Shimizu    9   5  21  18   25</p>
<p> Iwata	8   6  27  16   23</p>
<p> Osaka G    7   7  25  19   21</p>
<p> Hiroshima  8   6  20  19   21</p>
<p> Urawa	7   7  20  21   18</p>
<p> Kobe	 6   9  23  32   17</p>
<p> Osaka C    6   8  19  24   16</p>
<p> Nagoya     5   9  15  21   15</p>
<p> Ichihara   5   9  20  28   13</p>
<p> Kyoto	4  10  14  31   12</p>
<p> Kawasaki   4  11  15  25   10</p>
<p> Fukuoka    2  12   8  23    6</p>
<p>(Note: No draws in J.League. Standings are determined by</p>
<p>number of wins)</p>
</text>
<copyright>(c) Reuters Limited 1997</copyright>
<metadata>
<codes class="bip:countries:1.0">
  <code code="JAP">
    <editdetail attribution="Reuters BIP Coding Group" action="confirmed" date="1997-07-13"/>
  </code>
</codes>
<codes class="bip:topics:1.0">
  <code code="GCAT">
    <editdetail attribution="Reuters BIP Coding Group" action="confirmed" date="1997-07-13"/>
  </code>
  <code code="GSPO">
    <editdetail attribution="Reuters BIP Coding Group" action="confirmed" date="1997-07-13"/>
  </code>
</codes>
<dc element="dc.date.created" value="1997-07-13"/>
<dc element="dc.publisher" value="Reuters Holdings Plc"/>
<dc element="dc.date.published" value="1997-07-13"/>
<dc element="dc.source" value="Reuters"/>
<dc element="dc.creator.location" value="TOKYO"/>
<dc element="dc.creator.location.country.name" value="JAPAN"/>
<dc element="dc.source" value="Reuters"/>
</metadata>
</newsitem>
