<?xml version="1.0" encoding="iso-8859-1" ?>
<newsitem itemid="725015" id="root" date="1997-07-13" xml:lang="en">
<title>SWITZERLAND: SOCCER-SWISS FIRST DIVISION RESULTS/STANDINGS.</title>
<headline>SOCCER-SWISS FIRST DIVISION RESULTS/STANDINGS.</headline>
<dateline>GENEVA 1997-07-12</dateline>
<text>
<p>Results and standings in the Swiss</p>
<p>first division on Saturday:</p>
<p>    Kriens     2  Lucerne	    0</p>
<p>    St Gallen  3  Neuchatel Xamax  0</p>
<p>    Basle	0  Etoile Carouge   0</p>
<p>    Sion	 1  Grasshoppers     1</p>
<p>    FC Zurich  1  Aarau		1</p>
<p>Playing August 14: Servette v Lausanne</p>
<p>			   P  W  D  L  F  A  Pts</p>
<p> 1. FC Zurich	  3  2  1  0  5  2   7</p>
<p> 2. St Gallen	  3  1  2  0  7  4   5</p>
<p> 3. Sion		 3  1  2  0  4  3   5</p>
<p> 4. Lausanne Sports  2  1  1  0  5  2   4</p>
<p> 5. Aarau		2  1  1  0  4  1   4</p>
<p> 6. Kriens	     2  1  0  1  2  4   4</p>
<p> 7. Grasshoppers     2  0  2  0  3  3   2</p>
<p> 8. Etoile Cariuge   3  0  2  1  3  5   2</p>
<p> 9. Servette	   1  0  1  0  2  2   1</p>
<p>10. Basle		2  0  1  1  0  3   1</p>
<p>11. Lucerne	    3  0  1  2  2  5   1</p>
<p>12. Neuchatal Xamax  2  0  0  2  0  4   0</p>
</text>
<copyright>(c) Reuters Limited 1997</copyright>
<metadata>
<codes class="bip:countries:1.0">
  <code code="SWITZ">
    <editdetail attribution="Reuters BIP Coding Group" action="confirmed" date="1997-07-13"/>
  </code>
</codes>
<codes class="bip:topics:1.0">
  <code code="GCAT">
    <editdetail attribution="Reuters BIP Coding Group" action="confirmed" date="1997-07-13"/>
  </code>
  <code code="GSPO">
    <editdetail attribution="Reuters BIP Coding Group" action="confirmed" date="1997-07-13"/>
  </code>
</codes>
<dc element="dc.date.created" value="1997-07-12"/>
<dc element="dc.publisher" value="Reuters Holdings Plc"/>
<dc element="dc.date.published" value="1997-07-13"/>
<dc element="dc.source" value="Reuters"/>
<dc element="dc.creator.location" value="GENEVA"/>
<dc element="dc.creator.location.country.name" value="SWITZERLAND"/>
<dc element="dc.source" value="Reuters"/>
</metadata>
</newsitem>
