<?xml version="1.0" encoding="iso-8859-1" ?>
<newsitem itemid="725007" id="root" date="1997-07-13" xml:lang="en">
<title>FRANCE: TENNIS-NOAH LEADS FRANCE INTO FIRST FED CUP FINAL.</title>
<headline>TENNIS-NOAH LEADS FRANCE INTO FIRST FED CUP FINAL.</headline>
<dateline>NICE, France 1997-07-13</dateline>
<text>
<p>Successful Davis Cup coach Yannick Noah carried his winning formula into women's tennis on Sunday, guiding France to their first Fed Cup final at the expense of Belgium.</p>
<p>With their semifinal tie level at 2-2, Nathalie Tauziat and Alexandra Fusai clinched the victory with a 3-6 6-2 7-5 doubles victory over Els Callens and Laurence Courtois.</p>
<p>France had taken part in seven Fed Cup semifinals but had never made it to the final.</p>
<p>Noah led France's men's team to Davis Cup titles in 1991 and last year.</p>
<p>The two Davis Cup victories prompted French women players to ask Noah to captain them.</p>
<p>&quot;I'm ever so happy to be in the final. I've already lived the same emotion with the boys and it's unforgettable,&quot; Noah said.</p>
<p>&quot;It'll be fantastic with the girls too. It's to experience moments like this that I've accepted to captain them. But I didn't expect us to go this far in my first season with them.&quot;</p>
<p>France's victory was all the more spectacular as they were without injured Mary Pierce, who pulled out because of a sore right arm.</p>
<p>Noah also took risks ahead of the tie played at the French Riviera resort of Nice, picking Fusai rather than veteran Tauziat to play the singles.</p>
<p>But the gamble paid off against the Belgians, who beat favourites Spain in the previous round, as Fusai is more of a claycourt specialist than Tauziat.</p>
<p>Fusai beat Belgian number one Sabine Appelmans, but lost to Dominique van Roost in the singles. Sandrine Testud also beat Appelmans and fell to van Roost.</p>
<p>France will meet either the Czech Republic or the Netherlands in the final.</p>
</text>
<copyright>(c) Reuters Limited 1997</copyright>
<metadata>
<codes class="bip:countries:1.0">
  <code code="BELG">
    <editdetail attribution="Reuters BIP Coding Group" action="confirmed" date="1997-07-13"/>
  </code>
  <code code="FRA">
    <editdetail attribution="Reuters BIP Coding Group" action="confirmed" date="1997-07-13"/>
  </code>
</codes>
<codes class="bip:topics:1.0">
  <code code="GCAT">
    <editdetail attribution="Reuters BIP Coding Group" action="confirmed" date="1997-07-13"/>
  </code>
  <code code="GSPO">
    <editdetail attribution="Reuters BIP Coding Group" action="confirmed" date="1997-07-13"/>
  </code>
</codes>
<dc element="dc.date.created" value="1997-07-13"/>
<dc element="dc.publisher" value="Reuters Holdings Plc"/>
<dc element="dc.date.published" value="1997-07-13"/>
<dc element="dc.source" value="Reuters"/>
<dc element="dc.creator.location" value="NICE, France"/>
<dc element="dc.creator.location.country.name" value="FRANCE"/>
<dc element="dc.source" value="Reuters"/>
</metadata>
</newsitem>
