<?xml version="1.0" encoding="iso-8859-1" ?>
<newsitem itemid="725017" id="root" date="1997-07-13" xml:lang="en">
<title>SRI LANKA: CRICKET-SRI LANKA START FAVOURITES IN ASIA CUP.</title>
<headline>CRICKET-SRI LANKA START FAVOURITES IN ASIA CUP.</headline>
<dateline>COLOMBO 1997-07-13</dateline>
<text>
<p>World champions Sri Lanka start as favourites in the sixth edition of Asia's largest cricket event, the Asia Cup, when they take on Pakistan in the first match at Colombo's R. Premadasa Stadium on Monday.</p>
<p>Left-hander Hashan Tillekeratne will be the only player missing from the strong batting line-up which won the Sharjah Cup for Sri Lanka in April and the Independence Cup in India a month later.</p>
<p>Tillekeratne broke his right arm in the West Indies last month and was forced to return home early.</p>
<p>His place is taken by batsman Lanka de Silva in the 14 named for the tournament.</p>
<p>The return of left-arm fast bowler Chaminda Vaas after recovering from a back injury will strengthen Sri Lanka's bowling considerably.</p>
<p>Whether the absence of coach Bruce Yardley will have any adverse effects on the team remains to be seen.</p>
<p>Yardley, who is contracted to Sri Lanka until the 1999 World Cup in England, has had to leave for Australia for treatment for a recurring eye problem.</p>
<p>Manager Duleep Mendis will take over as coach until Yardley returns before the start of the short test series against India next month.</p>
<p>Pakistan captain Rameez Raja once again finds himself saddled with the responsibility of leading a below-strength side.</p>
<p>But the absence of five key players -- Wasim Akram, Waqar Younis, Mushtaq Ahmed, Ijaz Ahmed and Mohammad Akram who are playing for English counties -- does not seem to have hit Pakistan badly.</p>
<p>They reached the finals of the Cup in India, where they were beaten by Sri Lanka.</p>
<p>Aamir Sohail returns after his dispute with the Pakistan Cricket Board to forge a formidable opening partnership with world record holder Saeed Anwar, giving the Pakistan batting line-up a healthy look.</p>
<p>All eyes will be on Anwar in the 10-day tournament, after he made a memorable 194 against India at Madras in an Independence Cup game in May.</p>
<p>Pakistan have not won the Asia Cup since its inauguration in 1984 and their chances of making the grade this time depend largely on how well they can contain the opposition.</p>
<p>India, the defending champions and four times winners of the Cup, and Bangladesh are the other participants.</p>
<p>Teams (from):</p>
<p>Sri Lanka - Arjuna Ranatunga (captain), Sanath Jayasuriya, Marvan Atapattu, Aravinda de Silva, Roshan Mahanama, Romesh Kaluwitharana, Kumara Dharmasena, Ruwan Kalpage, Upul Chandana, Muthiah Muralitharan, Chaminda Vaas, Sajeeva de Silva, Lanka de Silva, Duleep Liyanage.</p>
<p>Pakistan - Rameez Raja (captain), Aamir Sohail, Saeed Anwar, Shahid Afridi, Inzamam-ul-Haq, Salim Malik, Hasan Raza, Moin Khan, Saqlain Mushtaq, Aaqib Javed, Kabir Khan, Shahid Nazir, Arshad Khan, Mohammad Hussain.</p>
</text>
<copyright>(c) Reuters Limited 1997</copyright>
<metadata>
<codes class="bip:countries:1.0">
  <code code="PAKIS">
    <editdetail attribution="Reuters BIP Coding Group" action="confirmed" date="1997-07-13"/>
  </code>
  <code code="SRILAN">
    <editdetail attribution="Reuters BIP Coding Group" action="confirmed" date="1997-07-13"/>
  </code>
</codes>
<codes class="bip:topics:1.0">
  <code code="GCAT">
    <editdetail attribution="Reuters BIP Coding Group" action="confirmed" date="1997-07-13"/>
  </code>
  <code code="GSPO">
    <editdetail attribution="Reuters BIP Coding Group" action="confirmed" date="1997-07-13"/>
  </code>
</codes>
<dc element="dc.date.created" value="1997-07-13"/>
<dc element="dc.publisher" value="Reuters Holdings Plc"/>
<dc element="dc.date.published" value="1997-07-13"/>
<dc element="dc.source" value="Reuters"/>
<dc element="dc.creator.location" value="COLOMBO"/>
<dc element="dc.creator.location.country.name" value="SRI LANKA"/>
<dc element="dc.source" value="Reuters"/>
</metadata>
</newsitem>
