<?xml version="1.0" encoding="iso-8859-1" ?>
<newsitem itemid="638894" id="root" date="1997-06-05" xml:lang="en">
<title>USA: Temple-Inland, Caraustar to build new plant.</title>
<headline>Temple-Inland, Caraustar to build new plant.</headline>
<dateline>DIBOLL 1997-06-05</dateline>
<text>
<p>Temple-Inland Forest Products Corp, a unit of Temple-Inland Inc, said Thursday that it and Caraustar Industries Inc plan to construct and operate a gypsum wallboard plant in the Clarksville, Tennessee area with an annual capacity of about 700 million square feet of gypsum wallboard.</p>
<p>The plant will operate under the Standard Gypsum LLC joint venture, of which Temple-Inland and Caraustar are equal partners and employ 120 workers.</p>
<p>The company did not disclose the cost of the project.</p>
<p>Temple-Inland said it will manage plant operations for the joint venture and market the product through its existing sales network, while Caraustar provides wallboard facing paper for the product.</p>
<p>Caraustar is a producer of recycled paperboard and converted paperboard products.  Temple-Inland Inc is a holding company with major interests in paper, packaging, building materials and financial services.</p>
</text>
<copyright>(c) Reuters Limited 1997</copyright>
<metadata>
<codes class="bip:countries:1.0">
  <code code="USA">
    <editdetail attribution="Reuters BIP Coding Group" action="confirmed" date="1997-06-05"/>
  </code>
</codes>
<codes class="bip:industries:1.0">
  <code code="I47100">
    <editdetail attribution="Reuters BIP Coding Group" action="confirmed" date="1997-06-05"/>
  </code>
  <code code="I47200">
    <editdetail attribution="Reuters BIP Coding Group" action="confirmed" date="1997-06-05"/>
  </code>
</codes>
<codes class="bip:topics:1.0">
  <code code="C11">
    <editdetail attribution="Reuters BIP Coding Group" action="confirmed" date="1997-06-05"/>
  </code>
  <code code="C24">
    <editdetail attribution="Reuters BIP Coding Group" action="confirmed" date="1997-06-05"/>
  </code>
  <code code="CCAT">
    <editdetail attribution="Reuters BIP Coding Group" action="confirmed" date="1997-06-05"/>
  </code>
</codes>
<dc element="dc.date.created" value="1997-06-05"/>
<dc element="dc.publisher" value="Reuters Holdings Plc"/>
<dc element="dc.date.published" value="1997-06-05"/>
<dc element="dc.source" value="Reuters"/>
<dc element="dc.creator.location" value="DIBOLL"/>
<dc element="dc.creator.location.country.name" value="USA"/>
<dc element="dc.source" value="Reuters"/>
</metadata>
</newsitem>
