<?xml version="1.0" encoding="iso-8859-1" ?>
<newsitem itemid="638898" id="root" date="1997-06-05" xml:lang="en">
<title>USA: Federal Reserve report 2 (H.3/H.4.1)- June 5.</title>
<headline>Federal Reserve report 2 (H.3/H.4.1)- June 5.</headline>
<text>
<p>Two Weeks Ended June 4 - daily avgs-millions</p>
<p> Total Vault Cash.............40,934 vs........40,879</p>
<p> Inc Cash Equal to Req Res....34,954 vs........34,744</p>
<p> One Week Ended June 4 (H.4.1)</p>
<p> Bank Borrowings.................445 up...........227</p>
<p> Seasonal Loans..................211 up.............2</p>
<p> Extended Loans..................nil ............unch</p>
<p> Float...........................340 up. .........277</p>
<p> Balances/Adjustments..........7,208 up............37</p>
<p> Currency....................451,703 up...........841</p>
<p> Treasury Deposits.............4,993 down .........60</p>
</text>
<copyright>(c) Reuters Limited 1997</copyright>
<metadata>
<codes class="bip:countries:1.0">
  <code code="USA">
    <editdetail attribution="Reuters BIP Coding Group" action="confirmed" date="1997-06-05"/>
  </code>
</codes>
<codes class="bip:topics:1.0">
  <code code="E12">
    <editdetail attribution="Reuters BIP Coding Group" action="confirmed" date="1997-06-05"/>
  </code>
  <code code="E121">
    <editdetail attribution="Reuters BIP Coding Group" action="confirmed" date="1997-06-05"/>
  </code>
  <code code="ECAT">
    <editdetail attribution="Reuters BIP Coding Group" action="confirmed" date="1997-06-05"/>
  </code>
</codes>
<dc element="dc.publisher" value="Reuters Holdings Plc"/>
<dc element="dc.date.published" value="1997-06-05"/>
<dc element="dc.source" value="Reuters"/>
<dc element="dc.creator.location.country.name" value="USA"/>
<dc element="dc.source" value="Reuters"/>
</metadata>
</newsitem>
