<?xml version="1.0" encoding="iso-8859-1" ?>
<newsitem itemid="638891" id="root" date="1997-06-05" xml:lang="en">
<title>USA: U.S. Cattle/Beef Daily Summary.</title>
<headline>U.S. Cattle/Beef Daily Summary.</headline>
<text>
<p>Midwest and High Plains Direct Slaughter Cattle: Thu, June 5, 1997</p>
<p>==========================================================================</p>
<p>	   : Tex-OK: KS    : NE    : IA    : CO    5 Area  Lst Wk :Lst Yr</p>
<p>-------------------------------(Movement)---------------------------------</p>
<p>Thursday :    400:    100:  3,200:  1,100:   None  4,800  8,400:113,400</p>
<p>Wk-Date  :131,100:142,300:108,700: 29,800: 26,800620,700	 :</p>
<p>Lst Wk   : 28,200: 29,700: 91,300: 19,300: 17,400185,900	 :</p>
<p>Lst Yr   : 96,300: 80,700: 82,700: 40,000: 22,600322,300	 :</p>
<p>--------------------------------(Prices)----------------------------------</p>
<p>Thu Lv   : 63.00 : ----- : 64.00 : 62.50-: -----  62.50-  65.00-: 60.00-</p>
<p> Str     :	 :	 :	 : 65.50 :	  65.50   67.00 : 62.00</p>
<p>Thu Lv   : 63.00 : 63.00 : 63.50-: 63.50-: -----  63.00-  65.00 : 60.00-</p>
<p> Hfr     :	 :	 : 63.75 : 65.25 :	  65.25	   : 62.00</p>
<p>Thu Dr   :	 :	 :102.00-:103.00-:------ 102.00- 105.00-: 96.00-</p>
<p> Str     :	 :	 :103.50 :105.00 :	 105.00  106.00 : 98.00</p>
<p>Thu Dr   :	 :	 :102.00-:103.00 :------ 102.00- 104.00-: 96.00-</p>
<p> Hfr     :	 :	 :103.50 :	 :	 103.50  106.00 : 98.00</p>
<p>==========================================================================</p>
<p>Live Strs: (Wted Averages for Wed, Jun 04, 1997)		    :</p>
<p>No. Hd   :  4,896:  1,352:  1,714:    878:    ---  8,840   8,612:  3,099</p>
<p>Av. Wt   :   1149:   1169:   1224:   1243:   ----   1176    1193:   1237</p>
<p>Av. Pr   :  63.90:  63.86:  64.00:  64.68:  -----  63.99   65.15:  59.85</p>
<p>--------------------------------------------------------------------------</p>
<p>Live Hfrs: (Wted Averages for Wed, Jun 04, 1997)		    :</p>
<p>No. Hd   :  1,591:  1,112:  2,042:    516:    ---  5,261   5,735:  1,897</p>
<p>Av. Wt   :   1043:   1068:   1119:   1120:   ----   1085    1077:   1117</p>
<p>Av. Pr   :  63.32:  63.46:  64.41:  64.53:  -----  63.89   65.24:  59.95</p>
<p>--------------------------------------------------------------------------</p>
<p>Drsd Strs: (Wted Averages for Wed, Jun 04, 1997)		    :</p>
<p>No. Hd   :    ---:    ---:  6,208:  1,674:    244  8,126  37,349:  9,057</p>
<p>Av. Wt   :   ----:   ----:   1218:   1224:   1225   1219    1210:   1237</p>
<p>Av. Pr   : ------: ------: 103.63: 103.91: 103.00 103.67  105.50:  95.92</p>
<p>--------------------------------------------------------------------------</p>
<p>Drsd Hfrs: (Wted Averages for Wed, Jun 04, 1997)		    :</p>
<p>No. Hd   :    ---:    ---:  3,478:  1,603:    264  5,345  29,209:  5,071</p>
<p>Av. Wt   :   ----:   ----:   1120:   1116:   1075   1116    1118:   1113</p>
<p>Av. Pr   : ------: ------: 103.51: 103.73: 103.00 103.71  105.39:  95.77</p>
<p>--------------------------------------------------------------------------</p>
<p>Wed   Wtd:  6,487:  2,464: 13,442:  4,671:    508 27,572  80,905: 19,124</p>
<p>Ttl other:  4,611:  5,759:  4,044:    829:  8,962  24,205  29,327: 17,260</p>
<p>==========================================================================</p>
<p>(06-05-97) Boxed Beef	     Choice	  Select	329 Fab lds</p>
<p> Cutout Value:   550-700 lbs  102.76 -0.22   96.36 -0.16   41 50's lds</p>
<p>		     700-850 lbs  102.00 -0.28   95.65 -0.27   24 Grd lds</p>
<p>==========================================================================</p>
<p>						  (06-05-97) (--------) Week to date</p>
<p>Est'd Fed Inspected Cattle Slaughter:   131,000		  529,000</p>
<p>=========================================================================</p>
<p>** Notice to all Market News offices and subscribers - the two columns on the right side of report (Lst Wk; Lst Yr) are comparisons to last week and last year for the various areas and the weighted averages for the 5 Area report. This will be a permanent part of the report **</p>
</text>
<copyright>(c) Reuters Limited 1997</copyright>
<metadata>
<codes class="bip:countries:1.0">
  <code code="USA">
    <editdetail attribution="Reuters BIP Coding Group" action="confirmed" date="1997-06-05"/>
  </code>
</codes>
<codes class="bip:topics:1.0">
  <code code="M14">
    <editdetail attribution="Reuters BIP Coding Group" action="confirmed" date="1997-06-05"/>
  </code>
  <code code="M141">
    <editdetail attribution="Reuters BIP Coding Group" action="confirmed" date="1997-06-05"/>
  </code>
  <code code="MCAT">
    <editdetail attribution="Reuters BIP Coding Group" action="confirmed" date="1997-06-05"/>
  </code>
</codes>
<dc element="dc.publisher" value="Reuters Holdings Plc"/>
<dc element="dc.date.published" value="1997-06-05"/>
<dc element="dc.source" value="Reuters"/>
<dc element="dc.creator.location.country.name" value="USA"/>
<dc element="dc.source" value="Reuters"/>
</metadata>
</newsitem>
