<?xml version="1.0" encoding="iso-8859-1" ?>
<newsitem itemid="638998" id="root" date="1997-06-05" xml:lang="en">
<title>USA: Meadow Valley gets $17.9 mln contract.</title>
<headline>Meadow Valley gets $17.9 mln contract.</headline>
<dateline>PHOENIX 1997-06-05</dateline>
<text>
<p>Meadow Valley Corp said it received a $17.9 million contract from the Utah Department of Transportation for the construction of a new section of the Bangerter Highway in the Salt Lake City area.</p>
<p>Meadow Valley said since January 1, 1997, it has won bids and been awarded contracts on eight other projects in Nevada and Arizona totaling $23.6 million.  These projects range in size from $700,000 to $7.5 million and involve asphalt overlays, new roadways, drainage channels and site work.</p>
<p>These new contracts bring Meadow Valley's June 5, 1997, backlog to approximately $116 million, compared with backlog of $107 million at March 31, 1997.</p>
</text>
<copyright>(c) Reuters Limited 1997</copyright>
<metadata>
<codes class="bip:countries:1.0">
  <code code="USA">
    <editdetail attribution="Reuters BIP Coding Group" action="confirmed" date="1997-06-05"/>
  </code>
</codes>
<codes class="bip:industries:1.0">
  <code code="I50100">
    <editdetail attribution="Reuters BIP Coding Group" action="confirmed" date="1997-06-05"/>
  </code>
</codes>
<codes class="bip:topics:1.0">
  <code code="C33">
    <editdetail attribution="Reuters BIP Coding Group" action="confirmed" date="1997-06-05"/>
  </code>
  <code code="CCAT">
    <editdetail attribution="Reuters BIP Coding Group" action="confirmed" date="1997-06-05"/>
  </code>
</codes>
<dc element="dc.date.created" value="1997-06-05"/>
<dc element="dc.publisher" value="Reuters Holdings Plc"/>
<dc element="dc.date.published" value="1997-06-05"/>
<dc element="dc.source" value="Reuters"/>
<dc element="dc.creator.location" value="PHOENIX"/>
<dc element="dc.creator.location.country.name" value="USA"/>
<dc element="dc.source" value="Reuters"/>
</metadata>
</newsitem>
