<?xml version="1.0" encoding="iso-8859-1" ?>
<newsitem itemid="638938" id="root" date="1997-06-05" xml:lang="en">
<title>USA: Bev-Tyme Q1 net loss widens.</title>
<headline>Bev-Tyme Q1 net loss widens.</headline>
<dateline>NEW YORK 1997-06-05</dateline>
<text>
<p>1997			1996</p>
<p> Shr loss		   $0.32     loss	 $0.08</p>
<p> Revs			 2,323		    2,398</p>
<p> Avg shrs		   4,202		    8,117</p>
<p>(All data above 000s except per share numbers)</p>
<p>NOTES: Q1 1997 operating loss $1.5 million vs a loss of $678,000 for Q1 1996. Most of the decline was due to $787,000 for deferred compensation, the company said.</p>
</text>
<copyright>(c) Reuters Limited 1997</copyright>
<metadata>
<codes class="bip:countries:1.0">
  <code code="USA">
    <editdetail attribution="Reuters BIP Coding Group" action="confirmed" date="1997-06-05"/>
  </code>
</codes>
<codes class="bip:industries:1.0">
  <code code="I42700">
    <editdetail attribution="Reuters BIP Coding Group" action="confirmed" date="1997-06-05"/>
  </code>
</codes>
<codes class="bip:topics:1.0">
  <code code="C15">
    <editdetail attribution="Reuters BIP Coding Group" action="confirmed" date="1997-06-05"/>
  </code>
  <code code="C151">
    <editdetail attribution="Reuters BIP Coding Group" action="confirmed" date="1997-06-05"/>
  </code>
  <code code="CCAT">
    <editdetail attribution="Reuters BIP Coding Group" action="confirmed" date="1997-06-05"/>
  </code>
</codes>
<dc element="dc.date.created" value="1997-06-05"/>
<dc element="dc.publisher" value="Reuters Holdings Plc"/>
<dc element="dc.date.published" value="1997-06-05"/>
<dc element="dc.source" value="Reuters"/>
<dc element="dc.creator.location" value="NEW YORK"/>
<dc element="dc.creator.location.country.name" value="USA"/>
<dc element="dc.source" value="Reuters"/>
</metadata>
</newsitem>
