<?xml version="1.0" encoding="iso-8859-1" ?>
<newsitem itemid="638996" id="root" date="1997-06-05" xml:lang="en">
<title>USA: NYMEX Hub natgas opens down, then pares losses.</title>
<headline>NYMEX Hub natgas opens down, then pares losses.</headline>
<dateline>NEW YORK 1997-06-05</dateline>
<text>
<p>NYMEX Henry Hub natgas futures opened lower, then pared losses Thursday morning in moderate trade, as some follow-through selling after Wednesday's bearish weekly stock data gave way to buying at support.</p>
<p>At 1220 EDT, July was 1.2 cents lower at $2.145 per million British thermal units after dipping to $2.105 early. August slipped 1.3 cents to $2.155. Most other deferreds were unchanged to down slightly.</p>
<p>&quot;We held $2.10 support (basis July), then triggered some technical buying and short covering,&quot; said one Midwest trader, noting cash continued to hold a slight premium to the screen.  </p>
<p>Traders said rumors of a problem at Henry Hub, the NYMEX delivery point, helped stir some early buying, but a spokesman from Sabine, the Hub operator, said he was unaware of any problem.</p>
<p>Most agreed Wednesday's AGA data showing a 93 bcf weekly stock build was slightly bearish. Overall inventories are 217 bcf, or 22 percent, over year-ago. Eastern storage gained 62 bcf and was still 107 bcf, or 23 percent, above last year.</p>
<p>And revised 6-10 day forcasts calling for more normal to below-normal weather for most of the nation also disappointed the bulls.</p>
<p>But sources said more attractive summer-to-winter spreads this week should mean a brisk pace of injections, a factor likely to temper any bearish sentiment.</p>
<p>Technical traders pegged support first at $2.10, then at $2.08, $2.05 and $2.00. Resistance was seen at $2.17, $2.21, $2.25, $2.37-2.38 and the contract high of $2.44.</p>
<p>In the cash, Henry Hub started the morning in the low-teens, then recovered to near the $2.20 area, little changed from Wednesday. Midcon pipes were steady to down slightly in the low-$2s. New York city gate prices slipped a few cents to the high-$2.30s.</p>
<p>NYMEX said 16,166 contracts traded at 1155 EDT. Hub open interest on June 4 fell eight contracts to 193,993.</p>
<p>On the KCBT, July climbed 1.2 cents to $2.02, while deferreds were mixed. The East/West spread narrowed by 2.4 cents to 12.5 cents (NYMEX premium). KCBT open interest on June 4 rose 276 lots to 2,230.</p>
<p>((--J Silha, New York Power Desk 212-859-1624))</p>
</text>
<copyright>(c) Reuters Limited 1997</copyright>
<metadata>
<codes class="bip:countries:1.0">
  <code code="USA">
    <editdetail attribution="Reuters BIP Coding Group" action="confirmed" date="1997-06-05"/>
  </code>
</codes>
<codes class="bip:topics:1.0">
  <code code="M14">
    <editdetail attribution="Reuters BIP Coding Group" action="confirmed" date="1997-06-05"/>
  </code>
  <code code="M143">
    <editdetail attribution="Reuters BIP Coding Group" action="confirmed" date="1997-06-05"/>
  </code>
  <code code="MCAT">
    <editdetail attribution="Reuters BIP Coding Group" action="confirmed" date="1997-06-05"/>
  </code>
</codes>
<dc element="dc.date.created" value="1997-06-05"/>
<dc element="dc.publisher" value="Reuters Holdings Plc"/>
<dc element="dc.date.published" value="1997-06-05"/>
<dc element="dc.source" value="Reuters"/>
<dc element="dc.creator.location" value="NEW YORK"/>
<dc element="dc.creator.location.country.name" value="USA"/>
<dc element="dc.source" value="Reuters"/>
</metadata>
</newsitem>
