<?xml version="1.0" encoding="iso-8859-1" ?>
<newsitem itemid="638914" id="root" date="1997-06-05" xml:lang="en">
<title>USA: Littelfuse Inc to change warrant rights.</title>
<headline>Littelfuse Inc to change warrant rights.</headline>
<dateline>DES PLAINES, Ill. 1997-06-05</dateline>
<text>
<p>Littelfuse Inc said on Thursday that its outstanding warrants would be converted into the right to purchase twice the number of shares of common stock as they currently represent.</p>
<p>The conversion follows a two-for-one stock split of Littelfuse common stock paid on June 10 to holders of record on May 20, the company said in a statement.</p>
<p>Littelfuse currently has outstanding publicly traded warrants to purchase 1,979,9000 shares of common stock at an exercise price of $8.36 per share. After June 10, the company said, its outstanding warrants will represent the right to purchase twice the number of shares currently represented by the certificates at an exercise price of $4.18 per share.</p>
<p>Littelfuse produces electronic, power and automotive fuses.</p>
</text>
<copyright>(c) Reuters Limited 1997</copyright>
<metadata>
<codes class="bip:countries:1.0">
  <code code="USA">
    <editdetail attribution="Reuters BIP Coding Group" action="confirmed" date="1997-06-05"/>
  </code>
</codes>
<codes class="bip:industries:1.0">
  <code code="I34200">
    <editdetail attribution="Reuters BIP Coding Group" action="confirmed" date="1997-06-05"/>
  </code>
</codes>
<codes class="bip:topics:1.0">
  <code code="C17">
    <editdetail attribution="Reuters BIP Coding Group" action="confirmed" date="1997-06-05"/>
  </code>
  <code code="C171">
    <editdetail attribution="Reuters BIP Coding Group" action="confirmed" date="1997-06-05"/>
  </code>
  <code code="C172">
    <editdetail attribution="Reuters BIP Coding Group" action="confirmed" date="1997-06-05"/>
  </code>
  <code code="CCAT">
    <editdetail attribution="Reuters BIP Coding Group" action="confirmed" date="1997-06-05"/>
  </code>
</codes>
<dc element="dc.date.created" value="1997-06-05"/>
<dc element="dc.publisher" value="Reuters Holdings Plc"/>
<dc element="dc.date.published" value="1997-06-05"/>
<dc element="dc.source" value="Reuters"/>
<dc element="dc.creator.location" value="DES PLAINES, Ill."/>
<dc element="dc.creator.location.country.name" value="USA"/>
<dc element="dc.source" value="Reuters"/>
</metadata>
</newsitem>
