<?xml version="1.0" encoding="iso-8859-1" ?>
<newsitem itemid="638960" id="root" date="1997-06-05" xml:lang="en">
<title>USA: First Aviation Q1 net shr $0.13 vs $0.18.</title>
<headline>First Aviation Q1 net shr $0.13 vs $0.18.</headline>
<dateline>WESTPORT, Conn. 1997-06-05</dateline>
<text>
<p>Quarter ended April 30,</p>
<p>				    1997		  1996</p>
<p> Net Sales		    $35,848	     $24,582</p>
<p> Cost of Sales		 30,554		20,575</p>
<p> Gross Profit		   5,294		 4,007</p>
<p>Selling, general and</p>
<p>administrative</p>
<p>   expenses		     3,098		 2,087</p>
<p> Income from operations     2,196		 1,920</p>
<p> Interest expense		 590		   868</p>
<p>Income before provision</p>
<p>for income taxes and</p>
<p>extraordinary item and</p>
<p>   preferred dividends	1,606		 1,052</p>
<p> Provision for income taxes   401		    --</p>
<p>Income before extraordinary</p>
<p>   item			   1,205		 1,052</p>
<p>Extraordinary item:</p>
<p>Loss on early</p>
<p>extinguishment of</p>
<p>     debt (net of inc. tax) (193)		    --</p>
<p>Net income		     1,012		 1,052</p>
<p> Preferred stock dividends     18		    33</p>
<p>Net income applicable to</p>
<p>   common stock		   994		 1,019</p>
<p>Net income per common share:</p>
<p>Income before</p>
<p>extraordinary item</p>
<p>applicable to common</p>
<p>     stock			 0.16		  0.18</p>
<p>   Extraordinary item	(0.03)		    --</p>
<p>Net income applicable</p>
<p>   to common stock	     0.13		  0.18</p>
<p>Shares used in computation</p>
<p>of net income applicable</p>
<p>   to common stock	7,707,512	   5,529,579</p>
<p>-- New York Newsdesk 212 859-1610</p>
</text>
<copyright>(c) Reuters Limited 1997</copyright>
<metadata>
<codes class="bip:countries:1.0">
  <code code="USA">
    <editdetail attribution="Reuters BIP Coding Group" action="confirmed" date="1997-06-05"/>
  </code>
</codes>
<codes class="bip:industries:1.0">
  <code code="I76400">
    <editdetail attribution="Reuters BIP Coding Group" action="confirmed" date="1997-06-05"/>
  </code>
</codes>
<codes class="bip:topics:1.0">
  <code code="C15">
    <editdetail attribution="Reuters BIP Coding Group" action="confirmed" date="1997-06-05"/>
  </code>
  <code code="C151">
    <editdetail attribution="Reuters BIP Coding Group" action="confirmed" date="1997-06-05"/>
  </code>
  <code code="CCAT">
    <editdetail attribution="Reuters BIP Coding Group" action="confirmed" date="1997-06-05"/>
  </code>
</codes>
<dc element="dc.date.created" value="1997-06-05"/>
<dc element="dc.publisher" value="Reuters Holdings Plc"/>
<dc element="dc.date.published" value="1997-06-05"/>
<dc element="dc.source" value="Reuters"/>
<dc element="dc.creator.location" value="WESTPORT, Conn."/>
<dc element="dc.creator.location.country.name" value="USA"/>
<dc element="dc.source" value="Reuters"/>
</metadata>
</newsitem>
