<?xml version="1.0" encoding="iso-8859-1" ?>
<newsitem itemid="638909" id="root" date="1997-06-05" xml:lang="en">
<title>USA: Guaranty Financial to trade on Nasdaq NMS.</title>
<headline>Guaranty Financial to trade on Nasdaq NMS.</headline>
<dateline>CHARLOTTESVILLE, Va. 1997-06-05</dateline>
<text>
<p>Guaranty Financial Corp said Thursday its common stock will begin trading on the Nasdaq National Market on June 6.</p>
<p>The stock currently trades on the Nasdaq SmallCap Market and will continue to trade under the symbol &quot;GSLC.&quot;</p>
<p>Guaranty also said the Federal Reserve has has included Guaranty's stock on the list of Marginable OTC Stocks which will allow brokers and dealers to make margin loans using the security as collateral and further improve the liquidity of the stock.</p>
<p>Guaranty is a unitary bank holding company which operates four offices in Charlottesville, Virginia and one office in Harrisonburg, Virginia.</p>
</text>
<copyright>(c) Reuters Limited 1997</copyright>
<metadata>
<codes class="bip:countries:1.0">
  <code code="USA">
    <editdetail attribution="Reuters BIP Coding Group" action="confirmed" date="1997-06-05"/>
  </code>
</codes>
<codes class="bip:topics:1.0">
  <code code="C14">
    <editdetail attribution="Reuters BIP Coding Group" action="confirmed" date="1997-06-05"/>
  </code>
  <code code="CCAT">
    <editdetail attribution="Reuters BIP Coding Group" action="confirmed" date="1997-06-05"/>
  </code>
</codes>
<dc element="dc.date.created" value="1997-06-05"/>
<dc element="dc.publisher" value="Reuters Holdings Plc"/>
<dc element="dc.date.published" value="1997-06-05"/>
<dc element="dc.source" value="Reuters"/>
<dc element="dc.creator.location" value="CHARLOTTESVILLE, Va."/>
<dc element="dc.creator.location.country.name" value="USA"/>
<dc element="dc.source" value="Reuters"/>
</metadata>
</newsitem>
