<?xml version="1.0" encoding="iso-8859-1" ?>
<newsitem itemid="638977" id="root" date="1997-06-05" xml:lang="en">
<title>USA: CMG Information Q3 April 30 loss vs profit.</title>
<headline>CMG Information Q3 April 30 loss vs profit.</headline>
<dateline>ANDOVER, Mass. 1997-06-05</dateline>
<text>
<p>CMG Information Services, Inc. And Subsidiaries</p>
<p>	    Report of Third Quarter Operating Results</p>
<p>		     (In thousands except per share amounts)</p>
<p>							Three months ended</p>
<p>								 April 30,</p>
<p>						1997		     1996</p>
<p> Net sales			    $  19,010	$	  7,484</p>
<p>Operating Expenses:</p>
<p>    Cost of sales			12,523		   5,266</p>
<p>    Research and development	  6,466		   1,751</p>
<p>    Selling				 7,401		   2,685</p>
<p>    General and administrative	4,376		   2,585</p>
<p>	 Total operating expenses    30,766		  12,287</p>
<p> Operating loss			(11,756)		 (4,803)</p>
<p>Other income (expense):</p>
<p>Gain on sale of stock by subsidiary</p>
<p>						    -		  19,575</p>
<p>    Minority interest		     492		     517</p>
<p>Equity in losses of affiliates</p>
<p>					    (1,924)		   (931)</p>
<p>    Interest income, net		  328		     474</p>
<p>	Total			    (1,104)		  19,635</p>
<p>Income (loss) before income taxes</p>
<p>					   (12,860)		  14,832</p>
<p> Income tax  benefit (expense)	2,584		 (7,418)</p>
<p>    Net income (loss)		(10,276)		   7,414</p>
<p> Primary earnings (loss) per share (1.07)		    0.74</p>
<p>Weighted average shares outstanding</p>
<p>						9,622		   9,969</p>
<p>((-- New York Newsdesk 212 859-1610))</p>
</text>
<copyright>(c) Reuters Limited 1997</copyright>
<metadata>
<codes class="bip:countries:1.0">
  <code code="USA">
    <editdetail attribution="Reuters BIP Coding Group" action="confirmed" date="1997-06-05"/>
  </code>
</codes>
<codes class="bip:topics:1.0">
  <code code="C15">
    <editdetail attribution="Reuters BIP Coding Group" action="confirmed" date="1997-06-05"/>
  </code>
  <code code="C151">
    <editdetail attribution="Reuters BIP Coding Group" action="confirmed" date="1997-06-05"/>
  </code>
  <code code="CCAT">
    <editdetail attribution="Reuters BIP Coding Group" action="confirmed" date="1997-06-05"/>
  </code>
</codes>
<dc element="dc.date.created" value="1997-06-05"/>
<dc element="dc.publisher" value="Reuters Holdings Plc"/>
<dc element="dc.date.published" value="1997-06-05"/>
<dc element="dc.source" value="Reuters"/>
<dc element="dc.creator.location" value="ANDOVER, Mass."/>
<dc element="dc.creator.location.country.name" value="USA"/>
<dc element="dc.source" value="Reuters"/>
</metadata>
</newsitem>
