<?xml version="1.0" encoding="iso-8859-1" ?>
<newsitem itemid="639051" id="root" date="1997-06-05" xml:lang="en">
<title>USA: Chaparral Resources names CFO.</title>
<headline>Chaparral Resources names CFO.</headline>
<dateline>HOUSTON 1997-06-05</dateline>
<text>
<p>Chaparral Resources Inc said Thursday that Arlo Sorenson, a director and treasurer of the company, had assumed the additional duties of chief financial officer, a newly created position.</p>
<p>Chaparral also said that it expects to be producing oil at the rate of about 3,000 barrels per day by the end of the year.</p>
<p>The company said it has begun acquiring equipment for the installation of an early production system to connect a field to an export pipeline.</p>
</text>
<copyright>(c) Reuters Limited 1997</copyright>
<metadata>
<codes class="bip:countries:1.0">
  <code code="USA">
    <editdetail attribution="Reuters BIP Coding Group" action="confirmed" date="1997-06-05"/>
  </code>
</codes>
<codes class="bip:industries:1.0">
  <code code="I13000">
    <editdetail attribution="Reuters BIP Coding Group" action="confirmed" date="1997-06-05"/>
  </code>
  <code code="I1300003">
    <editdetail attribution="Reuters BIP Coding Group" action="confirmed" date="1997-06-05"/>
  </code>
</codes>
<codes class="bip:topics:1.0">
  <code code="C41">
    <editdetail attribution="Reuters BIP Coding Group" action="confirmed" date="1997-06-05"/>
  </code>
  <code code="C411">
    <editdetail attribution="Reuters BIP Coding Group" action="confirmed" date="1997-06-05"/>
  </code>
  <code code="CCAT">
    <editdetail attribution="Reuters BIP Coding Group" action="confirmed" date="1997-06-05"/>
  </code>
</codes>
<dc element="dc.date.created" value="1997-06-05"/>
<dc element="dc.publisher" value="Reuters Holdings Plc"/>
<dc element="dc.date.published" value="1997-06-05"/>
<dc element="dc.source" value="Reuters"/>
<dc element="dc.creator.location" value="HOUSTON"/>
<dc element="dc.creator.location.country.name" value="USA"/>
<dc element="dc.source" value="Reuters"/>
</metadata>
</newsitem>
