<?xml version="1.0" encoding="iso-8859-1" ?>
<newsitem itemid="639057" id="root" date="1997-06-05" xml:lang="en">
<title>USA: RESEARCH ALERT - Health Management Associates.</title>
<headline>RESEARCH ALERT - Health Management Associates.</headline>
<dateline>NEW YORK 1997-06-05</dateline>
<text>
<p>Dillon, Read &amp; Co Inc said on Thursday it was initiating coverage of Health Management Associates Inc with a buy rating and a 12-month price target of $35 per share.</p>
<p>-- The health-care provider's high valuation is well-deserved because of its strong growth rate, profitability and financial condition, and because of the competitive position of its hospitals, analyst Thomas McGinnis Jr said in a research note.  </p>
<p>-- McGinnis said the company's strategy was to operate hospitals in non-urban communities, an area that offered significant business opportunities.</p>
<p>-- &quot;Hospitals in small cities are much less affected by competition, managed care and unions than hospitals in major metropolitan areas,&quot; he said. Patient migration to urban areas had fallen amid advances in lower-cost technology, a physician surplus and more professional management of non-urban hospitals, he said.</p>
<p>-- Health Management shares were off 1-1/2 at 29-7/8 early Thursday afternoon.</p>
<p>((Wall Street desk, 212-859-1730))</p>
</text>
<copyright>(c) Reuters Limited 1997</copyright>
<metadata>
<codes class="bip:countries:1.0">
  <code code="USA">
    <editdetail attribution="Reuters BIP Coding Group" action="confirmed" date="1997-06-05"/>
  </code>
</codes>
<codes class="bip:industries:1.0">
  <code code="I95100">
    <editdetail attribution="Reuters BIP Coding Group" action="confirmed" date="1997-06-05"/>
  </code>
</codes>
<codes class="bip:topics:1.0">
  <code code="C15">
    <editdetail attribution="Reuters BIP Coding Group" action="confirmed" date="1997-06-05"/>
  </code>
  <code code="C152">
    <editdetail attribution="Reuters BIP Coding Group" action="confirmed" date="1997-06-05"/>
  </code>
  <code code="CCAT">
    <editdetail attribution="Reuters BIP Coding Group" action="confirmed" date="1997-06-05"/>
  </code>
</codes>
<dc element="dc.date.created" value="1997-06-05"/>
<dc element="dc.publisher" value="Reuters Holdings Plc"/>
<dc element="dc.date.published" value="1997-06-05"/>
<dc element="dc.source" value="Reuters"/>
<dc element="dc.creator.location" value="NEW YORK"/>
<dc element="dc.creator.location.country.name" value="USA"/>
<dc element="dc.source" value="Reuters"/>
</metadata>
</newsitem>
