<?xml version="1.0" encoding="iso-8859-1" ?>
<newsitem itemid="639055" id="root" date="1997-06-05" xml:lang="en">
<title>USA: Parker &amp; Parsley sets War Wink West effort.</title>
<headline>Parker &amp; Parsley sets War Wink West effort.</headline>
<dateline>MIDLAND, Texas 1997-06-05</dateline>
<text>
<p>Parker &amp; Parsley Petroleum Co said it has started a development program of up to 40 wells in the War Wink West field area in the Delaware Basin of West Texas following successful completion of the confirmation program.</p>
<p>Based on confirmation results, Parker &amp; Parsley said it anticipates the size of the War Wink West Field to be in excess of 12 million barrel oil equivalents. The company is operator of the field, which is owned equally with Enserch Exploration Inc.  </p>
<p>Currently, the field is producing at its allowable of 842 barrels of oil and 894,000 cubic feet of natural gas per day.</p>
<p>Parker &amp; Parsley said its University 18-37A-2 and University 18-33B-1 wells, together, had initial production rates which tested over 1,500 barrels of oil per day along with associated casinghead gas of 1.3 million cubic feet per day on a 16/64 inch choke.</p>
<p>Both wells were drilled to a total depth of 11,660 feet and oil was discovered in the third Bone Spring sand formation below 11,400 feet. Production tests were conducted over a gross interval of about 150 feet on each well.</p>
<p>Parker &amp; Parsley said it and Enserch also control about 30,000 additional acres in this Delaware Basin play of southeastern New Mexico and West Texas, on which they have identified 11 additional exploration prospects where they intend to drill six exploratory wells in 1997.</p>
<p>Parker &amp; Parsley said it has started a drilling program of some 40 development wells which should be completed by the end of 1998.  &quot;The addition of these wells will be significantly additive to the company's oil and gas production volumes and cash flow,&quot; it said.</p>
<p>((-- New York Newsdesk 212-859-1610.))</p>
</text>
<copyright>(c) Reuters Limited 1997</copyright>
<metadata>
<codes class="bip:countries:1.0">
  <code code="USA">
    <editdetail attribution="Reuters BIP Coding Group" action="confirmed" date="1997-06-05"/>
  </code>
</codes>
<codes class="bip:industries:1.0">
  <code code="I13000">
    <editdetail attribution="Reuters BIP Coding Group" action="confirmed" date="1997-06-05"/>
  </code>
  <code code="I1300003">
    <editdetail attribution="Reuters BIP Coding Group" action="confirmed" date="1997-06-05"/>
  </code>
</codes>
<codes class="bip:topics:1.0">
  <code code="C24">
    <editdetail attribution="Reuters BIP Coding Group" action="confirmed" date="1997-06-05"/>
  </code>
  <code code="CCAT">
    <editdetail attribution="Reuters BIP Coding Group" action="confirmed" date="1997-06-05"/>
  </code>
</codes>
<dc element="dc.date.created" value="1997-06-05"/>
<dc element="dc.publisher" value="Reuters Holdings Plc"/>
<dc element="dc.date.published" value="1997-06-05"/>
<dc element="dc.source" value="Reuters"/>
<dc element="dc.creator.location" value="MIDLAND, Texas"/>
<dc element="dc.creator.location.country.name" value="USA"/>
<dc element="dc.source" value="Reuters"/>
</metadata>
</newsitem>
