<?xml version="1.0" encoding="iso-8859-1" ?>
<newsitem itemid="639073" id="root" date="1997-06-05" xml:lang="en">
<title>USA: RESEARCH ALERT - Schering EPS view raised.</title>
<headline>RESEARCH ALERT - Schering EPS view raised.</headline>
<dateline>NEW YORK 1997-06-05</dateline>
<text>
<p>Gruntal &amp; Co on Thursday raised its 1997 and 1998 earnings estimates for Schering-Plough Corp and reiterated its strong buy rating for the company.</p>
<p>-- said raised its earnings estimate to $1.90 per share from $1.88 for 1997, and to $2.20 from $2.18 for 1998, with numbers adjusted for a recent 2-for-1 stock split.</p>
<p>-- said introduced a 1999 earnings estimate of $2.52 per share.</p>
<p>-- said raised one-year target price to $54 from $47 due to new higher earnings estimates and a stronger product flow.</p>
<p>-- said expects company to sustain a 15 percent growth rate in earnings per share over the next two years, compared with Gruntal's projection of 13 percent industry growth rate.</p>
<p>-- said shares remain one of best values in the drug group, with its 1998 estimated price-to-earnings ratio of 20.3 representing a five percent discount to its global peers.</p>
<p>(( New York Newsdesk 212 859-1610))</p>
</text>
<copyright>(c) Reuters Limited 1997</copyright>
<metadata>
<codes class="bip:countries:1.0">
  <code code="USA">
    <editdetail attribution="Reuters BIP Coding Group" action="confirmed" date="1997-06-05"/>
  </code>
</codes>
<codes class="bip:industries:1.0">
  <code code="I25700">
    <editdetail attribution="Reuters BIP Coding Group" action="confirmed" date="1997-06-05"/>
  </code>
</codes>
<codes class="bip:topics:1.0">
  <code code="C15">
    <editdetail attribution="Reuters BIP Coding Group" action="confirmed" date="1997-06-05"/>
  </code>
  <code code="C152">
    <editdetail attribution="Reuters BIP Coding Group" action="confirmed" date="1997-06-05"/>
  </code>
  <code code="CCAT">
    <editdetail attribution="Reuters BIP Coding Group" action="confirmed" date="1997-06-05"/>
  </code>
</codes>
<dc element="dc.date.created" value="1997-06-05"/>
<dc element="dc.publisher" value="Reuters Holdings Plc"/>
<dc element="dc.date.published" value="1997-06-05"/>
<dc element="dc.source" value="Reuters"/>
<dc element="dc.creator.location" value="NEW YORK"/>
<dc element="dc.creator.location.country.name" value="USA"/>
<dc element="dc.source" value="Reuters"/>
</metadata>
</newsitem>
