<?xml version="1.0" encoding="iso-8859-1" ?>
<newsitem itemid="639099" id="root" date="1997-06-05" xml:lang="en">
<title>UK: CRICKET-ENGLAND 200-3 V AUSTRALIA (118) - CLOSE.</title>
<headline>CRICKET-ENGLAND 200-3 V AUSTRALIA (118) - CLOSE.</headline>
<dateline>BIRMINGHAM, England 1997-06-05</dateline>
<text>
<p>England were 200-3 in reply to Australia's first innings of 118 at the close on the first day of the first test at Edgbaston on Thursday.</p>
</text>
<copyright>(c) Reuters Limited 1997</copyright>
<metadata>
<codes class="bip:countries:1.0">
  <code code="AUSTR">
    <editdetail attribution="Reuters BIP Coding Group" action="confirmed" date="1997-06-05"/>
  </code>
  <code code="UK">
    <editdetail attribution="Reuters BIP Coding Group" action="confirmed" date="1997-06-05"/>
  </code>
</codes>
<codes class="bip:topics:1.0">
  <code code="GCAT">
    <editdetail attribution="Reuters BIP Coding Group" action="confirmed" date="1997-06-05"/>
  </code>
  <code code="GSPO">
    <editdetail attribution="Reuters BIP Coding Group" action="confirmed" date="1997-06-05"/>
  </code>
</codes>
<dc element="dc.date.created" value="1997-06-05"/>
<dc element="dc.publisher" value="Reuters Holdings Plc"/>
<dc element="dc.date.published" value="1997-06-05"/>
<dc element="dc.source" value="Reuters"/>
<dc element="dc.creator.location" value="BIRMINGHAM, England"/>
<dc element="dc.creator.location.country.name" value="UK"/>
<dc element="dc.source" value="Reuters"/>
</metadata>
</newsitem>
