<?xml version="1.0" encoding="iso-8859-1" ?>
<newsitem itemid="639041" id="root" date="1997-06-05" xml:lang="en">
<title>USA: Factory Card slammed by earnings warning.</title>
<headline>Factory Card slammed by earnings warning.</headline>
<dateline>NEW YORK 1997-06-05</dateline>
<text>
<p>Shares of Factory Card Outlet Corp dropped about 35 percent Thursday after the party supplies and greeting card retailer said its fourth quarter and fiscal year earnings will fall short of Wall Street expectations.</p>
<p>Factory Card dropped 3-1/8 to 5-3/4 with about 2.3 million shares traded by mid-afternoon, compared with an average daily trading volume of only 33,070 shares.  </p>
<p>After the market closed on Wednesday, Factory Card said it expects its fourth quarter earnings to be in the range of $0.22 to $0.25 a share, which is below analysts' consensus expectations of $0.34 a share.</p>
<p>The company said its fourth quarter results were hurt by some stores opening later than planned, some merchandise issues and an attempt to spur earlier Mother's Day business by mailing advertising a week earlier than it had last year.</p>
<p>For the full fiscal year, Factory Card said it expects its earnings to be in the range of $0.18 to $0.22 a share, compared with analysts' estimates of $0.33.  In the prior fiscal year, the company reported earnings of $0.01 a share.</p>
<p>Alex. Brown, which served as the lead underwriter of Factory Card's initial public offering in December, downgraded the stock to buy from strong buy.</p>
</text>
<copyright>(c) Reuters Limited 1997</copyright>
<metadata>
<codes class="bip:countries:1.0">
  <code code="USA">
    <editdetail attribution="Reuters BIP Coding Group" action="confirmed" date="1997-06-05"/>
  </code>
</codes>
<codes class="bip:industries:1.0">
  <code code="I65400">
    <editdetail attribution="Reuters BIP Coding Group" action="confirmed" date="1997-06-05"/>
  </code>
</codes>
<codes class="bip:topics:1.0">
  <code code="C15">
    <editdetail attribution="Reuters BIP Coding Group" action="confirmed" date="1997-06-05"/>
  </code>
  <code code="C152">
    <editdetail attribution="Reuters BIP Coding Group" action="confirmed" date="1997-06-05"/>
  </code>
  <code code="CCAT">
    <editdetail attribution="Reuters BIP Coding Group" action="confirmed" date="1997-06-05"/>
  </code>
</codes>
<dc element="dc.date.created" value="1997-06-05"/>
<dc element="dc.publisher" value="Reuters Holdings Plc"/>
<dc element="dc.date.published" value="1997-06-05"/>
<dc element="dc.source" value="Reuters"/>
<dc element="dc.creator.location" value="NEW YORK"/>
<dc element="dc.creator.location.country.name" value="USA"/>
<dc element="dc.source" value="Reuters"/>
</metadata>
</newsitem>
