<?xml version="1.0" encoding="iso-8859-1" ?>
<newsitem itemid="639008" id="root" date="1997-06-05" xml:lang="en">
<title>USA: HealthRite to sell unit to Intl Vitamin.</title>
<headline>HealthRite to sell unit to Intl Vitamin.</headline>
<dateline>OWINGS MILLS, Md. 1997-06-05</dateline>
<text>
<p>HealthRite Inc said on Thursday that it has agreed to sell its Vitamin Specialties division to IVC Industries Inc for $3.0 million.</p>
<p>Vitamin Specialties is a 15 store retail chain in New Jersey and Philadelphia and has a vitamin mail order catalog service, HealthRite said.</p>
<p>The deal is $1.9 million of cash, plus Vitamin Specialties's inventory value, HealthRite said. The value of the inventory is still being determined, HealthRite President and Chief Executive Brad MacDonald said.</p>
<p>MacDonald said in a phone interview that the company has not determined whether the company would post a gain on the sale.</p>
<p>However, MacDonald said that a &quot;worst case&quot; scenario was that HealthRite would break even on the sale and that a best case was that it would post a gain based on the book value of Vitamin Specialties.</p>
</text>
<copyright>(c) Reuters Limited 1997</copyright>
<metadata>
<codes class="bip:countries:1.0">
  <code code="USA">
    <editdetail attribution="Reuters BIP Coding Group" action="confirmed" date="1997-06-05"/>
  </code>
</codes>
<codes class="bip:industries:1.0">
  <code code="I25700">
    <editdetail attribution="Reuters BIP Coding Group" action="confirmed" date="1997-06-05"/>
  </code>
  <code code="I64300">
    <editdetail attribution="Reuters BIP Coding Group" action="confirmed" date="1997-06-05"/>
  </code>
</codes>
<codes class="bip:topics:1.0">
  <code code="C18">
    <editdetail attribution="Reuters BIP Coding Group" action="confirmed" date="1997-06-05"/>
  </code>
  <code code="C181">
    <editdetail attribution="Reuters BIP Coding Group" action="confirmed" date="1997-06-05"/>
  </code>
  <code code="CCAT">
    <editdetail attribution="Reuters BIP Coding Group" action="confirmed" date="1997-06-05"/>
  </code>
</codes>
<dc element="dc.date.created" value="1997-06-05"/>
<dc element="dc.publisher" value="Reuters Holdings Plc"/>
<dc element="dc.date.published" value="1997-06-05"/>
<dc element="dc.source" value="Reuters"/>
<dc element="dc.creator.location" value="OWINGS MILLS, Md."/>
<dc element="dc.creator.location.country.name" value="USA"/>
<dc element="dc.source" value="Reuters"/>
</metadata>
</newsitem>
