<?xml version="1.0" encoding="iso-8859-1" ?>
<newsitem itemid="639056" id="root" date="1997-06-05" xml:lang="en">
<title>USA: RESEARCH ALERT - Sybase raised to buy.</title>
<headline>RESEARCH ALERT - Sybase raised to buy.</headline>
<dateline>NEW YORK 1997-06-05</dateline>
<text>
<p>FAC Equities said it upgraded Sybase Inc to buy from neutral.</p>
<p>-- Cited four reasons for move: new product line; improved income statement and balance sheet; company's opportunities to make accretive acquisitions and the significant downside protection to share price.</p>
<p>-- Raised 1997 earnings estimate to $0.36 per share from $0.30.</p>
<p>-- Target price is $20 per share.</p>
<p>-- Shares rose 6/16 to 15-5/16.</p>
</text>
<copyright>(c) Reuters Limited 1997</copyright>
<metadata>
<codes class="bip:countries:1.0">
  <code code="USA">
    <editdetail attribution="Reuters BIP Coding Group" action="confirmed" date="1997-06-05"/>
  </code>
</codes>
<codes class="bip:industries:1.0">
  <code code="I33020">
    <editdetail attribution="Reuters BIP Coding Group" action="confirmed" date="1997-06-05"/>
  </code>
  <code code="I3302021">
    <editdetail attribution="Reuters BIP Coding Group" action="confirmed" date="1997-06-05"/>
  </code>
</codes>
<codes class="bip:topics:1.0">
  <code code="C15">
    <editdetail attribution="Reuters BIP Coding Group" action="confirmed" date="1997-06-05"/>
  </code>
  <code code="C152">
    <editdetail attribution="Reuters BIP Coding Group" action="confirmed" date="1997-06-05"/>
  </code>
  <code code="CCAT">
    <editdetail attribution="Reuters BIP Coding Group" action="confirmed" date="1997-06-05"/>
  </code>
</codes>
<dc element="dc.date.created" value="1997-06-05"/>
<dc element="dc.publisher" value="Reuters Holdings Plc"/>
<dc element="dc.date.published" value="1997-06-05"/>
<dc element="dc.source" value="Reuters"/>
<dc element="dc.creator.location" value="NEW YORK"/>
<dc element="dc.creator.location.country.name" value="USA"/>
<dc element="dc.source" value="Reuters"/>
</metadata>
</newsitem>
