<?xml version="1.0" encoding="iso-8859-1" ?>
<newsitem itemid="639151" id="root" date="1997-06-05" xml:lang="en">
<title>USA: BASEBALL-STANDINGS AFTER WEDNESDAY'S MAJOR LEAGUE GAMES.</title>
<headline>BASEBALL-STANDINGS AFTER WEDNESDAY'S MAJOR LEAGUE GAMES.</headline>
<dateline>NEW YORK 1997-06-05</dateline>
<text>
<p>Major League Baseball</p>
<p>standings after games played on Wednesday (tabulate under</p>
<p>wins, losses, winning percentage and games behind first):</p>
<p>		  AMERICAN LEAGUE</p>
<p>		   EAST DIVISION</p>
<p>			 W    L   PCT  GB</p>
<p> BALTIMORE	  38   15  .717   -</p>
<p> NY YANKEES	 31   27  .534   9 1/2</p>
<p> TORONTO	    26   28  .481  12 1/2</p>
<p> DETROIT	    26   29  .473  13</p>
<p> BOSTON	     22   33  .400  17</p>
<p>		   CENTRAL DIVISION</p>
<p>			 W    L   PCT  GB</p>
<p> MILWAUKEE	  28   26  .519   -</p>
<p> CLEVELAND	  27   26  .509     1/2</p>
<p> CHI WHITE SOX    26   29  .473   2 1/2</p>
<p> KANSAS CITY	25   29  .463   3</p>
<p> MINNESOTA	  25   32  .439   4 1/2</p>
<p>		   WEST DIVISION</p>
<p>			 W    L   PCT  GB</p>
<p> TEXAS		30   25  .545   -</p>
<p> ANAHEIM	    29   26  .527   1</p>
<p> SEATTLE	    30   27  .526   1</p>
<p> OAKLAND	    24   35  .407   8</p>
<p>THURSDAY, JUNE 5 SCHEDULE</p>
<p>BOSTON AT MILWAUKEE  </p>
<p>CHI WHITE SOX AT CLEVELAND</p>
<p> SEATTLE AT DETROIT	  </p>
<p> OAKLAND AT TORONTO	  </p>
<p> TEXAS AT KANSAS CITY	</p>
<p> ANAHEIM AT MINNESOTA	</p>
<p>		 NATIONAL LEAGUE</p>
<p>		  EAST DIVISION</p>
<p>			 W    L   PCT  GB</p>
<p> ATLANTA	    38   19  .667   -</p>
<p> FLORIDA	    33   23  .589   4 1/2</p>
<p> NY METS	    32   25  .561   6</p>
<p> MONTREAL	   29   27  .518   8 1/2</p>
<p> PHILADELPHIA     19   37  .339  18 1/2</p>
<p>		  CENTRAL DIVISION</p>
<p>			 W    L   PCT  GB</p>
<p> HOUSTON	    29   29  .500   -</p>
<p> PITTSBURGH	 28   29  .491     1/2</p>
<p> ST LOUIS	   26   30  .464   2</p>
<p> CHICAGO CUBS     24   33  .421   4 1/2</p>
<p> CINCINNATI	 21   36  .368   7 1/2</p>
<p>		  WEST DIVISION</p>
<p>			 W    L   PCT  GB</p>
<p> SAN FRANCISCO    32   24  .571   -</p>
<p> COLORADO	   31   26  .544   1 1/2</p>
<p> LOS ANGELES	28   28  .500   4</p>
<p> SAN DIEGO	  26   30  .464   6</p>
<p>THURSDAY, JUNE 5 SCHEDULE</p>
<p>HOUSTON AT CINCINNATI</p>
<p>ATLANTA AT MONTREAL  </p>
<p>ST LOUIS AT PITTSBURGH</p>
<p> FLORIDA AT NY METS   </p>
<p>SAN DIEGO AT COLORADO</p>
<p>CHICAGO CUBS AT PHILADELPHIA</p>
<p>SAN FRANCISCO AT LOS ANGELES</p>
</text>
<copyright>(c) Reuters Limited 1997</copyright>
<metadata>
<codes class="bip:countries:1.0">
  <code code="USA">
    <editdetail attribution="Reuters BIP Coding Group" action="confirmed" date="1997-06-05"/>
  </code>
</codes>
<codes class="bip:topics:1.0">
  <code code="GCAT">
    <editdetail attribution="Reuters BIP Coding Group" action="confirmed" date="1997-06-05"/>
  </code>
  <code code="GSPO">
    <editdetail attribution="Reuters BIP Coding Group" action="confirmed" date="1997-06-05"/>
  </code>
</codes>
<dc element="dc.date.created" value="1997-06-05"/>
<dc element="dc.publisher" value="Reuters Holdings Plc"/>
<dc element="dc.date.published" value="1997-06-05"/>
<dc element="dc.source" value="Reuters"/>
<dc element="dc.creator.location" value="NEW YORK"/>
<dc element="dc.creator.location.country.name" value="USA"/>
<dc element="dc.source" value="Reuters"/>
</metadata>
</newsitem>
