<?xml version="1.0" encoding="iso-8859-1" ?>
<newsitem itemid="639172" id="root" date="1997-06-05" xml:lang="en">
<title>ITALY: SOCCER-INTER SAYS HAS VERBAL AGREEMENT WITH RONALDO.</title>
<headline>SOCCER-INTER SAYS HAS VERBAL AGREEMENT WITH RONALDO.</headline>
<dateline>MILAN, Italy</dateline>
<text>
<p>Internazionale Milan president Massimo Moratti said on Thursday he had Ronaldo's word that the Brazilian striker would join the Italian club, but said a formal signing would have to wait.</p>
<p>&quot;With Ronaldo and those who represent him there is the substantial agreement, but not a formal one,&quot; Moratti told reporters on returning to Milan from Rome.</p>
<p>&quot;For the signature we will have to wait until the end of June or early July, when the player no longer has commitments with the Brazilian national team.&quot;</p>
<p>Moratti said he was convinced the long-running saga of Ronaldo's future was ending, despite the fact the current world player of the year had not signed anything.</p>
<p>&quot;Both he and his agents have given me assurances. For the first time in football I think that it is right to trust in an agreement that has not yet been completed,&quot; said Moratti.</p>
<p>Moratti ruled out a trip to France to ensure Ronaldo's signature, saying the Barcelona player had enough on his mind with the four-nation Tournoi de France.</p>
<p>&quot;Obviously everything must be wrapped up in his presence, but there are no more problems,&quot; Moratti said.</p>
<p>The deal would make the Brazilian the world's most costly soccer star.</p>
<p>The Ansa news agency said Ronaldo was set to reap $3 million net a year plus a one-off $14 million from the deal. There would also be a payment of 45 billion lire ($27 million) to Barcelona.</p>
<p>Ronaldo was earlier quoted as saying he hoped to make an announcement on Thursday evening and confirmed he would be leaving Barcelona.</p>
<p>Inter, who splashed out on a host of foreign stars last year including England midfielder Paul Ince and France's Youri Djorkaeff, finished third in the league last season and will play in the UEFA Cup competition in 1997-98.</p>
<p>Barcelona are in the European Cup Champions' League.</p>
</text>
<copyright>(c) Reuters Limited 1997</copyright>
<metadata>
<codes class="bip:countries:1.0">
  <code code="BRAZ">
    <editdetail attribution="Reuters BIP Coding Group" action="confirmed" date="1997-06-05"/>
  </code>
  <code code="FRA">
    <editdetail attribution="Reuters BIP Coding Group" action="confirmed" date="1997-06-05"/>
  </code>
  <code code="ITALY">
    <editdetail attribution="Reuters BIP Coding Group" action="confirmed" date="1997-06-05"/>
  </code>
  <code code="SPAIN">
    <editdetail attribution="Reuters BIP Coding Group" action="confirmed" date="1997-06-05"/>
  </code>
</codes>
<codes class="bip:topics:1.0">
  <code code="GCAT">
    <editdetail attribution="Reuters BIP Coding Group" action="confirmed" date="1997-06-05"/>
  </code>
  <code code="GSPO">
    <editdetail attribution="Reuters BIP Coding Group" action="confirmed" date="1997-06-05"/>
  </code>
</codes>
<dc element="dc.publisher" value="Reuters Holdings Plc"/>
<dc element="dc.date.published" value="1997-06-05"/>
<dc element="dc.source" value="Reuters"/>
<dc element="dc.creator.location" value="MILAN, Italy"/>
<dc element="dc.creator.location.country.name" value="ITALY"/>
<dc element="dc.source" value="Reuters"/>
</metadata>
</newsitem>
