<?xml version="1.0" encoding="iso-8859-1" ?>
<newsitem itemid="639114" id="root" date="1997-06-05" xml:lang="en">
<title>ITALY: CYCLING-LEBLANC AND SHEFER QUIT GIRO.</title>
<headline>CYCLING-LEBLANC AND SHEFER QUIT GIRO.</headline>
<dateline>FALZES, Italy 1997-06-05</dateline>
<text>
<p>Former world champion Luc Leblanc quit the Giro d'Italia on Thursday as a result of injuries suffered in Wednesday's time trial.</p>
<p>The Frenchman, third overnight four minutes six seconds behind race leader Ivan Gotti of Italy, started the 222 kms from Predazzo with his right thigh heavily bandaged.</p>
<p>After falling behind the main field Leblanc, world number one three years ago, pulled out some 130 kms from the finish.</p>
<p>Alexandre Shefer, who also fell on Wednesday, also retired because of his injuries. The Kazakhstan rider was fourth overnight, but managed only 22 kms on Thursday.</p>
</text>
<copyright>(c) Reuters Limited 1997</copyright>
<metadata>
<codes class="bip:countries:1.0">
  <code code="ITALY">
    <editdetail attribution="Reuters BIP Coding Group" action="confirmed" date="1997-06-05"/>
  </code>
</codes>
<codes class="bip:topics:1.0">
  <code code="GCAT">
    <editdetail attribution="Reuters BIP Coding Group" action="confirmed" date="1997-06-05"/>
  </code>
  <code code="GSPO">
    <editdetail attribution="Reuters BIP Coding Group" action="confirmed" date="1997-06-05"/>
  </code>
</codes>
<dc element="dc.date.created" value="1997-06-05"/>
<dc element="dc.publisher" value="Reuters Holdings Plc"/>
<dc element="dc.date.published" value="1997-06-05"/>
<dc element="dc.source" value="Reuters"/>
<dc element="dc.creator.location" value="FALZES, Italy"/>
<dc element="dc.creator.location.country.name" value="ITALY"/>
<dc element="dc.source" value="Reuters"/>
</metadata>
</newsitem>
