<?xml version="1.0" encoding="iso-8859-1" ?>
<newsitem itemid="639102" id="root" date="1997-06-05" xml:lang="en">
<title>ITALY: CYCLING-GOTTI BOOSTS LEAD AFTER TONKOV FALLS.</title>
<headline>CYCLING-GOTTI BOOSTS LEAD AFTER TONKOV FALLS.</headline>
<dateline>FALZES, Italy 1997-06-05</dateline>
<text>
<p>Italian Ivan Gotti extended his race lead in the Giro d'Italia to one minute 32 seconds on Thursday as his chief rival, Russian Pavel Tonkov, fought back from a crash.</p>
<p>Gotti finished 3:08 behind Spain's Jose Rubiera, who won the mountainous 222 kms leg from Predazzo, and 55 seconds ahead of Tonkov who fell on a rain-slicked mountain descent some 90 kms from the finish.</p>
<p>In the last 20 kms and after six mountain climbs Tonkov was 1:23 behind his Italian rival whose overnight advantage was just 37 seconds.</p>
<p>Roberto Conti was second and his fellow Italian Giuseppe Guerini third with Gotti chasing them home. Guerini moves to third overall, six minutes in arrears, replacing his team mate Luc Leblanc of France.</p>
<p>Leblanc quit during this 19th stage, suffering after his crash in Wednesday's time trial.</p>
</text>
<copyright>(c) Reuters Limited 1997</copyright>
<metadata>
<codes class="bip:countries:1.0">
  <code code="ITALY">
    <editdetail attribution="Reuters BIP Coding Group" action="confirmed" date="1997-06-05"/>
  </code>
  <code code="RUSS">
    <editdetail attribution="Reuters BIP Coding Group" action="confirmed" date="1997-06-05"/>
  </code>
  <code code="SPAIN">
    <editdetail attribution="Reuters BIP Coding Group" action="confirmed" date="1997-06-05"/>
  </code>
</codes>
<codes class="bip:topics:1.0">
  <code code="GCAT">
    <editdetail attribution="Reuters BIP Coding Group" action="confirmed" date="1997-06-05"/>
  </code>
  <code code="GSPO">
    <editdetail attribution="Reuters BIP Coding Group" action="confirmed" date="1997-06-05"/>
  </code>
</codes>
<dc element="dc.date.created" value="1997-06-05"/>
<dc element="dc.publisher" value="Reuters Holdings Plc"/>
<dc element="dc.date.published" value="1997-06-05"/>
<dc element="dc.source" value="Reuters"/>
<dc element="dc.creator.location" value="FALZES, Italy"/>
<dc element="dc.creator.location.country.name" value="ITALY"/>
<dc element="dc.source" value="Reuters"/>
</metadata>
</newsitem>
