<?xml version="1.0" encoding="iso-8859-1" ?>
<newsitem itemid="639123" id="root" date="1997-06-05" xml:lang="en">
<title>UK: CRICKET-ENGLISH COUNTY CHAMPIONSHIP SCORES.</title>
<headline>CRICKET-ENGLISH COUNTY CHAMPIONSHIP SCORES.</headline>
<dateline>LONDON 1997-06-05</dateline>
<text>
<p>Close of play scores on the second day of four-day English County Championship cricket matches on Thursday:</p>
<p>At Chesterfield: Derbyshire 523 (A.Rollins 210, P.Aldred 83, C.Adams 79) v Hampshire 166-2 (J.Laney 61).</p>
<p>At Chester-le-Street: Sussex 373 (N.Lenham 93, P. Moores 60) v Durham 309-9 (J. Lewis 89, M. Foster 56; V. Drakes 4-77).</p>
<p>At Tunbridge Wells: Warwickshire 314 (T.Penney 84; J.Thompson 5-89) v Kent 319-8 (D. Fulton 73 A.Wells 70).</p>
<p>At Lord's: Leicestershire 280 (J. Whitaker 110; A.Fraser 6-77) v Middlesex 298-4 (M. Ramprakash 97, M. Gatting 94).</p>
<p>At Northampton: Northamptonshire 235 (D.Ripley 77; M.Bowen 5-57) v Nottinghamshire 259-9 (W. Moon 83; K. Curran 4-59).</p>
<p>At Taunton: Lancashire 88 (K.Shine 7-43) and 164 (K. Shine 4-54) v Somerset 189 (P.Bowler 53; P.Martin 4-29, G Chapple 4-80) and 66-3 (Somerset beat Lancashire by 7 wickets.</p>
<p>At The Oval: Essex 347 (D.Robinson 98, R.Rollins 56) and 40-0 v Surrey 280 (A. Brown 109; A. Cowan 5-58).</p>
<p>At Headingley: Gloucestershire 205 (M.Lynch 60) and 281-5 (A. Wright 79 M. Lynch 64) v Yorkshire 183 (R. Blakey 51 not out; A. Smith 6-58).</p>
</text>
<copyright>(c) Reuters Limited 1997</copyright>
<metadata>
<codes class="bip:countries:1.0">
  <code code="UK">
    <editdetail attribution="Reuters BIP Coding Group" action="confirmed" date="1997-06-05"/>
  </code>
</codes>
<codes class="bip:topics:1.0">
  <code code="GCAT">
    <editdetail attribution="Reuters BIP Coding Group" action="confirmed" date="1997-06-05"/>
  </code>
  <code code="GSPO">
    <editdetail attribution="Reuters BIP Coding Group" action="confirmed" date="1997-06-05"/>
  </code>
</codes>
<dc element="dc.date.created" value="1997-06-05"/>
<dc element="dc.publisher" value="Reuters Holdings Plc"/>
<dc element="dc.date.published" value="1997-06-05"/>
<dc element="dc.source" value="Reuters"/>
<dc element="dc.creator.location" value="LONDON"/>
<dc element="dc.creator.location.country.name" value="UK"/>
<dc element="dc.source" value="Reuters"/>
</metadata>
</newsitem>
