<?xml version="1.0" encoding="iso-8859-1" ?>
<newsitem itemid="639196" id="root" date="1997-06-05" xml:lang="en">
<title>SOUTH AFRICA: FOREIGN INFLOWS SEEN AIDING S.AFRICA FOREX EASING.</title>
<headline>FOREIGN INFLOWS SEEN AIDING S.AFRICA FOREX EASING.</headline>
<dateline>JOHANNESBURG 1997-06-05</dateline>
<text>
<p>The recent inflow of foreign capital into the country bodes well for the impact of the imminent easing of exchange controls on individuals on July 1, the South African Chamber of Business (Sacob) said on Thursday.</p>
<p>&quot;Recent foreign inflows have helped to provide a buffer of reserves that is likely to contribute to bullntiment towards the rand and the economy,&quot; Sacob director for economic policy Ben van Rensburg said.</p>
<p>&quot;Markets have had time to adjust and the business mood is rather phlegmatic as to the possible influence (of the exchange control easing) on the economy,&quot; he said.</p>
<p>Presenting the chamber's monthly business confidence index, van Rensburg said foreign capital continued to flow into the country from the partial privatisation of telecommunications utility Telkom in March.</p>
<p>South African bonds and equities also continued to be attractive to foreign investors.</p>
<p>Van Rensburg said that while the business mood remained stable, it was adjusting to new economic realities which pointed towards a soft landing for the economy rather than a recession.</p>
<p>Sacob's business confidence index fell by 0.2 percentage points to 113.8 points in May from 114.0 points the previous month and 116.9 a year ago.</p>
<p>The Reserve Bank's contractionary monetary policy continued to put a dampener on the economy, he said.</p>
<p>But the Bank was unlikely to cut currently high interest rates soon in view of the imminent easing of exchange controls on individuals and the continued high level of money supply and private sector credit growth.</p>
<p>&quot;With the relaxation of exchange controls coming up, (Reserve Bank governor) Stals cannot afford to be lax in monetary policy,&quot; van Rensburg said.</p>
<p>On the recent confrontation between business and labour over controversial new labour legislation which this week sparked a one-day national strike, he said business had been negligent in not explaining choices to workers as clearly as possible:</p>
<p>&quot;The choice is not between four months or six months maternity leave but between more jobs or less jobs...and having a job or not having a job,&quot; he said.</p>
<p>-- Vera von Lieres, Johannesburg newsroom 27 11 482 1003</p>
</text>
<copyright>(c) Reuters Limited 1997</copyright>
<metadata>
<codes class="bip:countries:1.0">
  <code code="SAFR">
    <editdetail attribution="Reuters BIP Coding Group" action="confirmed" date="1997-06-05"/>
  </code>
</codes>
<codes class="bip:topics:1.0">
  <code code="M13">
    <editdetail attribution="Reuters BIP Coding Group" action="confirmed" date="1997-06-05"/>
  </code>
  <code code="M132">
    <editdetail attribution="Reuters BIP Coding Group" action="confirmed" date="1997-06-05"/>
  </code>
  <code code="MCAT">
    <editdetail attribution="Reuters BIP Coding Group" action="confirmed" date="1997-06-05"/>
  </code>
</codes>
<dc element="dc.date.created" value="1997-06-05"/>
<dc element="dc.publisher" value="Reuters Holdings Plc"/>
<dc element="dc.date.published" value="1997-06-05"/>
<dc element="dc.source" value="Reuters"/>
<dc element="dc.creator.location" value="JOHANNESBURG"/>
<dc element="dc.creator.location.country.name" value="SOUTH AFRICA"/>
<dc element="dc.source" value="Reuters"/>
</metadata>
</newsitem>
