<?xml version="1.0" encoding="iso-8859-1" ?>
<newsitem itemid="639155" id="root" date="1997-06-05" xml:lang="en">
<title>USA: NBA BASKETBALL-DR J JOINS MAGIC FRONT OFFICE.</title>
<headline>NBA BASKETBALL-DR J JOINS MAGIC FRONT OFFICE.</headline>
<dateline>ORLANDO, Florida 1997-06-04</dateline>
<text>
<p>A day after wooing Hall of Fame coach Chuck Daly out of retirement, the Orlando Magic added a marquee name to the front office by naming Julius Erving the team's executive vice president.</p>
<p>Erving, known for soaring, creative and acrobatic play when Michael Jordan was still in grade school, also was given the title of vice president of RDV Sports, the company that owns the Magic.</p>
<p>&quot;It is with great excitement and anticipation that we add a true living legend to our organisation as we continue in our pursuit of being the professional sports model of the 21st century,&quot; said Magic vice president and general manager John Gabriel.</p>
<p>&quot;Dr. J brings a wide variety of experience and expertise -- both in the sport and the business of basketball -- to our club,&quot; Gabriel said. &quot;From his playing days, which included championships, MVP honours and All-Star selections, to his various business involvements and community projects, Dr. J is synonymous with excellence.&quot;</p>
<p>Erving has been working as a television analyst for NBC's NBA coverage since 1993 and has done extensive community service work since his retirement in 1987.</p>
<p>He was inducted into the Hall of Fame in 1993 after a 16-year career, including the first five as the premier player in the now defunct American Basketball Association.</p>
<p>He won championships in both leagues, averaged 24 points per game and scored 30,026 points -- the third-highest total in NBA history behind only Kareem Abdul-Jabbar and Wilt Chamberlain.</p>
</text>
<copyright>(c) Reuters Limited 1997</copyright>
<metadata>
<codes class="bip:countries:1.0">
  <code code="USA">
    <editdetail attribution="Reuters BIP Coding Group" action="confirmed" date="1997-06-05"/>
  </code>
</codes>
<codes class="bip:topics:1.0">
  <code code="GCAT">
    <editdetail attribution="Reuters BIP Coding Group" action="confirmed" date="1997-06-05"/>
  </code>
  <code code="GSPO">
    <editdetail attribution="Reuters BIP Coding Group" action="confirmed" date="1997-06-05"/>
  </code>
</codes>
<dc element="dc.date.created" value="1997-06-04"/>
<dc element="dc.publisher" value="Reuters Holdings Plc"/>
<dc element="dc.date.published" value="1997-06-05"/>
<dc element="dc.source" value="Reuters"/>
<dc element="dc.creator.location" value="ORLANDO, Florida"/>
<dc element="dc.creator.location.country.name" value="USA"/>
<dc element="dc.source" value="Reuters"/>
</metadata>
</newsitem>
