<?xml version="1.0" encoding="iso-8859-1" ?>
<newsitem itemid="639142" id="root" date="1997-06-05" xml:lang="en">
<title>THAILAND: ASIAN GAMES SLOGAN DRAWS CRITICISM.</title>
<headline>ASIAN GAMES SLOGAN DRAWS CRITICISM.</headline>
<dateline>BANGKOK 1997-06-05</dateline>
<text>
<p>Organisers of next year's Asian Games in Thailand have upset Olympic officials with their slogan publicising the event.</p>
<p>Sheikh Ahmad Al-Fahad Al-Sabah, chairman of the Olympic Council of Asia (OCA), has asked Games organisers to stop using the slogan &quot;Asian Victory&quot; because it carried implications of racial superiority, a Thai Olympic official said on Thursday.</p>
</text>
<copyright>(c) Reuters Limited 1997</copyright>
<metadata>
<codes class="bip:countries:1.0">
  <code code="THAIL">
    <editdetail attribution="Reuters BIP Coding Group" action="confirmed" date="1997-06-05"/>
  </code>
</codes>
<codes class="bip:topics:1.0">
  <code code="GCAT">
    <editdetail attribution="Reuters BIP Coding Group" action="confirmed" date="1997-06-05"/>
  </code>
  <code code="GSPO">
    <editdetail attribution="Reuters BIP Coding Group" action="confirmed" date="1997-06-05"/>
  </code>
</codes>
<dc element="dc.date.created" value="1997-06-05"/>
<dc element="dc.publisher" value="Reuters Holdings Plc"/>
<dc element="dc.date.published" value="1997-06-05"/>
<dc element="dc.source" value="Reuters"/>
<dc element="dc.creator.location" value="BANGKOK"/>
<dc element="dc.creator.location.country.name" value="THAILAND"/>
<dc element="dc.source" value="Reuters"/>
</metadata>
</newsitem>
