<?xml version="1.0" encoding="iso-8859-1" ?>
<newsitem itemid="639295" id="root" date="1997-06-05" xml:lang="en">
<title>UK: LME copper creeps higher in late trading.</title>
<headline>LME copper creeps higher in late trading.</headline>
<dateline>LONDON 1997-06-05</dateline>
<text>
<p>LME copper edged higher in late inter-office trading on Thursday evening, but analysts said the market still looked weak.</p>
<p>At 1800 GMT, three months copper was quoted at $2,486/89, up from an afternoon kerb close of $2,481.</p>
<p>Over the past three days, the market has seen lower highs each day, failing to surmount the psychological $2,500 mark.</p>
<p>The market may be moving back into surplus as the slow summer period approaches, analysts said.</p>
<p>Zinc was a touch higher after a day of strong gains, indicated at $1,379/84 after a $1,375 kerb close.</p>
<p>The other metals were little changed.</p>
<p>--London Newsroom +44 171 542-8065</p>
</text>
<copyright>(c) Reuters Limited 1997</copyright>
<metadata>
<codes class="bip:countries:1.0">
  <code code="UK">
    <editdetail attribution="Reuters BIP Coding Group" action="confirmed" date="1997-06-05"/>
  </code>
</codes>
<codes class="bip:topics:1.0">
  <code code="M14">
    <editdetail attribution="Reuters BIP Coding Group" action="confirmed" date="1997-06-05"/>
  </code>
  <code code="M142">
    <editdetail attribution="Reuters BIP Coding Group" action="confirmed" date="1997-06-05"/>
  </code>
  <code code="MCAT">
    <editdetail attribution="Reuters BIP Coding Group" action="confirmed" date="1997-06-05"/>
  </code>
</codes>
<dc element="dc.date.created" value="1997-06-05"/>
<dc element="dc.publisher" value="Reuters Holdings Plc"/>
<dc element="dc.date.published" value="1997-06-05"/>
<dc element="dc.source" value="Reuters"/>
<dc element="dc.creator.location" value="LONDON"/>
<dc element="dc.creator.location.country.name" value="UK"/>
<dc element="dc.source" value="Reuters"/>
</metadata>
</newsitem>
