<?xml version="1.0" encoding="iso-8859-1" ?>
<newsitem itemid="639218" id="root" date="1997-06-05" xml:lang="en">
<title>ESTONIA: ESTONIA - AFTERNOON RADIO HEADLINES - JUNE 5.</title>
<headline>ESTONIA - AFTERNOON RADIO HEADLINES - JUNE 5.</headline>
<dateline>TALZLINN 1997-06-05</dateline>
<text>
<p>These were the main headlines reported by Kuku Radio on Thursday in the earlt afternoon. Reuters has not verified these reports and cannot vouch for their accuracy.</p>
<p>- The employees of insolvent Oru peat plant have received their wages and other claims.</p>
<p>- Estonian schools will start teaching the basics of state defence.</p>
<p>-- Tallinn newsroom, +372 620 9202/1, reuters@reuters.ee</p>
</text>
<copyright>(c) Reuters Limited 1997</copyright>
<metadata>
<codes class="bip:countries:1.0">
  <code code="ESTNIA">
    <editdetail attribution="Reuters BIP Coding Group" action="confirmed" date="1997-06-05"/>
  </code>
</codes>
<codes class="bip:topics:1.0">
  <code code="GCAT">
    <editdetail attribution="Reuters BIP Coding Group" action="confirmed" date="1997-06-05"/>
  </code>
</codes>
<dc element="dc.date.created" value="1997-06-05"/>
<dc element="dc.publisher" value="Reuters Holdings Plc"/>
<dc element="dc.date.published" value="1997-06-05"/>
<dc element="dc.source" value="Reuters"/>
<dc element="dc.creator.location" value="TALZLINN"/>
<dc element="dc.creator.location.country.name" value="ESTONIA"/>
<dc element="dc.source" value="Reuters"/>
</metadata>
</newsitem>
