<?xml version="1.0" encoding="iso-8859-1" ?>
<newsitem itemid="639212" id="root" date="1997-06-05" xml:lang="en">
<title>CZECH REPUBLIC: INDICATORS - CZECH REPUBLIC -UPDATED JUNE 5.</title>
<headline>INDICATORS - CZECH REPUBLIC -UPDATED JUNE 5.</headline>
<text>
<p>KEY INTEREST RATES	   DISCOUNT		 LOMBARD</p>
<p> rate				13.0 pct		50.0 pct</p>
<p> last changed		    May 26, 1997	  May 16, 1997</p>
<p> former rate		     10.5 pct		 14.0 pct</p>
<p> CZECH GDP (in pct)		Q4 96   Q3 96  FY 96    FY 95</p>
<p>  real change yr/yr		+4.7     3.6    +4.4     +4.8</p>
<p>  household demand		 +7.6     5.2    +6.0     +6.4</p>
<p>  public-sector demand	   +4.2     2.9    +1.9     -4.3</p>
<p>gross creation/</p>
<p>   fixed capital		   +2.8    17.8   +12.4    +16.1</p>
<p>  chg stock/reserves		n/a    n/a     n/a	n/a</p>
<p>  exports goods/services	 +6.8    +6.1    +5.3     +7.9</p>
<p>  imports goods/services	 +9.7   +21.8   +13.3    +19.2</p>
<p> CZECH GDP (in CZK bln)	   Q4 96	  Q1-Q4 96</p>
<p>  real amount			 298.0	 1,186.6</p>
<p>  household demand		  198.5	   695.2</p>
<p>  public-sector demand	     64.1	   221.6</p>
<p>  gross creation/ fixed capital 146.0	   402.2</p>
<p>  chg stock/reserves		-74.5	    -6.3</p>
<p>  exports goods/services	  197.0	   725.1</p>
<p>  imports goods/services	  233.1	   851.2</p>
<p>Note. All figures are subject to revision. All results</p>
<p>measure percentage change for period, year-on-year, except</p>
<p>where listed as being in crowns. All percentage changes, and</p>
<p>total amount listed in real, inflation adjusted terms.</p>
<p>The CSU said in a statement that it had revised upwards it</p>
<p>second quarter 1996 figure to 4.6 percent from 4.0 percent</p>
<p>growth.</p>
<p>  REVISED 1995 CZECH GDP	 Q1    Q2	Q3     Q4     1995</p>
<p>  NOMINAL (in CZK bln)	288.9  310.8   327.1  325.3 1,252.1</p>
<p>  REAL			    272.2  283.6   296.6  284.6 1,137.0</p>
<p>Note. Above inflation adjusted figures use new methodology</p>
<p>with 1994 prices as the base. Deflator used for 1995 real GDP</p>
<p>results was 10.1 percent, compared with 7.9 percent for the</p>
<p>first quarter and 9.1 percent for the second quarter 1996.</p>
<p>				    FY 1996    Q1-Q3/96     FY 1995</p>
<p> CURRENT ACCOUNT ($ mln)   -4,475.8    -3,082.7    -1,588.5</p>
<p>   Trade Balance	     -5,971.8    -4,118.4    -3,955.6</p>
<p>     -exports		  21,702.5    16,061.9    14,916.5</p>
<p>     -imports		  27,674.3    20,180.3    18,872.1</p>
<p>   Balance of Services	1,785.0     1,129.1     1,852.2</p>
<p>     revenues		   7,951.5     5,540.3     6,180.0</p>
<p>	transport		 1,320.7	 951.6     1,445.8</p>
<p>	tourism		   4,075.2     2,796.9     2,875.0</p>
<p>	other services	  2,555.6     1,791.8     1,859.2</p>
<p>     expenditure		6,166.5     4,411.2     4,327.8</p>
<p>	transport		   696.5	 506.8	 773.8</p>
<p>	tourism		   2,953.4     2,025.3     1,630.0</p>
<p>	other services	  2,516.6     1,879.1     1,924.0</p>
<p>   Balance of income	   -679.9	-483.1	 -94.5</p>
<p>	credit		    1,198.2	 895.0     1,145.3</p>
<p>	debit		     1,878.1     1,378.1     1,239.8</p>
<p>   Unrequitted transfers	390.0	 389.7	 609.4</p>
<p> CAPITAL ACCOUNT		4,071.7     2,023.2     7,686.8</p>
<p>   Direct investment	  1,387.9	 946.6     2,526.1</p>
<p>    Czech invest. abroad	-40.5	 -25.8	 -32.4</p>
<p>    Foreign invest in CR    1,428.4	 972.4     2,558.5</p>
<p>   Portfolio investment	 725.5	 413.4     1,619.1</p>
<p>   Other Capital		1,958.3	 663.2     3,545.6</p>
<p>	 long-term		2,500.5     1,565.1     3,312.7</p>
<p>	  assets		   -523.6	 -64.5	   0.7</p>
<p>	  liabilities	   3,248.8     1,629.6     3,313.4</p>
<p>	 short-term		-757.9	-901.9	 232.9</p>
<p>Errors, ommissions and</p>
<p> exchange rate differences   -423.9	 261.6     1,359.8</p>
<p>Change in foreign exchange</p>
<p> reserves			   828.0	 797.9    -7,458.1</p>
<p>Note. All results are preliminary and subject to revision.</p>
<p> CZECH FOREIGN EXCHANGE RESERVES  MARCH 97   FEB  97  MARCH 96</p>
<p>  Czech National Bank ($ bln)	11.718    11.715    13.200</p>
<p>  commercial banks			3.513     3.429     3.100</p>
<p>  total forex reserves		 15.231    15.144    16.300</p>
<p>Note. Measures through end of period listed.</p>
<p>  CZECH CONSUMER INFLATION	 April 97  March 97 April 96</p>
<p>  pct change month/month	    +0.6     +0.1	+0.6</p>
<p>  pct change year/year		+6.7     +6.8	+8.5</p>
<p> APRIL CPI BASKET COMPONENTS	CHANGE MO/MO     CHANGE YR/YR</p>
<p> food, tobacco, beverages	     0.3  (-0.1)	3.6 (4.2)</p>
<p> clothing				   1.0  (0.5)	 8.9  (8.8)</p>
<p> housing				    0.4  (0.2)	13.5 (13.3)</p>
<p> furnishing/household operations    0.4  (0.6)	 3.8  (3.9)</p>
<p> healthcare				 1.4  (0.1)	 3.8  (2.4)</p>
<p> transport				  0.3  (0.0)	 8.6  (8.9)</p>
<p> leisure				    0.5 (-0.1)	 4.7 (4.0)</p>
<p> education				  0.1  (0.1)	 9.8 (10.0)</p>
<p> public subsistence/housing	   0.5  (0.3)	 6.2  (5.8)</p>
<p> other goods and services	     3.5  (0.5)	 8.2  (7.4)</p>
<p>Note. March basket component changes in brackets. All</p>
<p>changes are rises except where stated. Prices have risen 24.9</p>
<p>percent from the average level for 1994 while the sliding</p>
<p>average in March using a 1993 base was 8.2 percent. Basket of</p>
<p>goods and services is unchanged from 1995.</p>
<p>The CSU said in a statement that core inflation in April</p>
<p>accounted for +0.424 percent of total inflation, while the</p>
<p>influence of price deregulation was +0.201 percent.</p>
<p>CZECH PRODUCER PRICES  APRIL 1997  MARCH 1997  APRIL 1996</p>
<p>Industrial</p>
<p>  pct change month/month   +0.3	  +0.2	  +0.3</p>
<p>  pct change year/year     +4.3	  +4.3	  +5.3</p>
<p>Construction prices</p>
<p>  pct change month/month   +1.0	  +1.2	  +0.4</p>
<p>  pct change year/year    +11.1	 +10.9	 +10.3</p>
<p>Agricultural prices</p>
<p>  pct change month/month    n/a	   n/a	   n/a</p>
<p>  pct change year/year	0.0	  +1.9	  +5.8</p>
<p>Note. Construction figures are based on estimates. All</p>
<p>figures are in real, inflation-adjusted terms.</p>
<p> CZECH UNEMPLOYMENT	 MAY 1997    APRIL 1997  MAY 1996</p>
<p>  total jobless		193,442     195,023     141,236</p>
<p>  percentage of workforce    3.8	   3.8	   2.7</p>
<p>NOTE. Measures through end of period listed.</p>
<p> CZECH FOREIGN TRADE  JAN-APRIL 97  JAN-MARCH 97   JAN-APRIL 96</p>
<p>  imports (CZK bln)     261.652    186.618 (188.199)  235.348</p>
<p>  exports		   208.000    148.299 (148.018)  195.704</p>
<p>  balance		   -53.652    -38.319 (-40.181)  -39.644</p>
<p>Note. All figures in billions of crowns on customs-cleared</p>
<p>basis and subject to revision. Previously reported first</p>
<p>quarter figures in brackets.</p>
<p> CZECH M2 MONEY	MARCH 1997    FEB 1997     MARCH 1996</p>
<p>pct change yr/yr</p>
<p>    excluding SPT	 +7.3	  +7.4	    +18.4</p>
<p>    including SPT*	+6.3	  +6.2	     N/A</p>
<p>* Includes domestic deposits connected to the $1.32 billion</p>
<p>equity expansion of SPT Telecom a.s. in the summer of 1995.</p>
<p>				APRIL/97   MARCH/97   APRIL/96</p>
<p>INDUSTRIAL SALES</p>
<p> real pct chg yr/yr	10.1	 -0.8	  n/a</p>
<p>NOMINAL INDUSTRIAL MONTHLY WAGES</p>
<p> pct change yr/yr	  14.7	 14.6	  20.0</p>
<p>NOTE: The CSU said that the main impetus behind April's growth</p>
<p>in industrial sales was the transport sector. It added that</p>
<p>there was one extra working day in April 1997 compared with</p>
<p>April last year.</p>
<p>Final figures will be released on June 9.</p>
<p>				MARCH/97   FEB/97   MARCH/96</p>
<p>CONSTRUCTION OUTPUT</p>
<p>   real pct chg yr/yr	2.0	 -1.6	-2.6</p>
<p>avg nominal monthly</p>
<p>   wages chg yr/yr	  12.9	 10.6	 n/a</p>
<p> CZECH STATE BUDGET    JAN-MAY   JAN-APRIL   JAN-MAY 96</p>
<p>  expenditures	    203.20     165.88	182.6</p>
<p>  revenues		  191.00     153.90	187.4</p>
<p>  balance		   -12.20     -12.00	 -4.8</p>
<p>Note. All figures in billions of crowns, measuring through</p>
<p>end of period listed.</p>
<p>CZECH REAL RETAIL SALES  MARCH 97  FEB 97 JAN-MARCH  MARCH 96</p>
<p>  pct change yr/yr		 4.5    -0.6	1.1     5.2</p>
<p>-- Prague Newsroom, 42-2-2423-0003</p>
</text>
<copyright>(c) Reuters Limited 1997</copyright>
<metadata>
<codes class="bip:countries:1.0">
  <code code="CZREP">
    <editdetail attribution="Reuters BIP Coding Group" action="confirmed" date="1997-06-05"/>
  </code>
</codes>
<codes class="bip:topics:1.0">
  <code code="E71">
    <editdetail attribution="Reuters BIP Coding Group" action="confirmed" date="1997-06-05"/>
  </code>
  <code code="ECAT">
    <editdetail attribution="Reuters BIP Coding Group" action="confirmed" date="1997-06-05"/>
  </code>
</codes>
<dc element="dc.publisher" value="Reuters Holdings Plc"/>
<dc element="dc.date.published" value="1997-06-05"/>
<dc element="dc.source" value="Reuters"/>
<dc element="dc.creator.location.country.name" value="CZECH REPUBLIC"/>
<dc element="dc.source" value="Reuters"/>
</metadata>
</newsitem>
