<?xml version="1.0" encoding="iso-8859-1" ?>
<newsitem itemid="639259" id="root" date="1997-06-05" xml:lang="en">
<title>ALBANIA: GRENADE THROWN AT ALBANIAN PRESIDENT, TV SHOWS.</title>
<headline>GRENADE THROWN AT ALBANIAN PRESIDENT, TV SHOWS.</headline>
<dateline>TIRANA 1997-06-05</dateline>
<text>
<p>A hand grenade was thrown at Albanian President Sali Berisha on Wednesday during an election campaign rally but failed to explode, state television showed.</p>
<p>The television said an assassination attempt was made at 18:20 p.m. (1620 GMT) while Berisha was speaking in the village of Shkallnuer, about 40 km (25 miles) west of Tirana near the port of Durres.</p>
<p>A statement from Berisha's Democratic Party said the device thrown at Berisha as he spoke to a crowd of several hundred people was a grenade.</p>
<p>There was no independent confirmation.</p>
<p>A suspect, identified as Ilir Ceta, 26, from a village near Durres, was captured and was being treated in hospital, the television said. It showed him with severe bruises on his face.</p>
<p>Berisha denounced the attempt as &quot;an ugly act with which the terrorists aimed to take the lives of as many people as possible&quot;.</p>
<p>The incident came just two days after 20 people were wounded in a powerful blast at a Tirana cafe frequented by followers of the Socialist Party, which represents the biggest challenge to Berisha's party in June 29 elections.</p>
<p>The early elections were called after Albania was swept by riots last March sparked by the collapse of shady pyramid investment schemes. Armouries were looted and it is estimated up to 1,000 people have been killed since in the Balkan state.</p>
</text>
<copyright>(c) Reuters Limited 1997</copyright>
<metadata>
<codes class="bip:countries:1.0">
  <code code="ALB">
    <editdetail attribution="Reuters BIP Coding Group" action="confirmed" date="1997-06-05"/>
  </code>
</codes>
<codes class="bip:topics:1.0">
  <code code="GCAT">
    <editdetail attribution="Reuters BIP Coding Group" action="confirmed" date="1997-06-05"/>
  </code>
  <code code="GPOL">
    <editdetail attribution="Reuters BIP Coding Group" action="confirmed" date="1997-06-05"/>
  </code>
  <code code="GVIO">
    <editdetail attribution="Reuters BIP Coding Group" action="confirmed" date="1997-06-05"/>
  </code>
  <code code="GVOTE">
    <editdetail attribution="Reuters BIP Coding Group" action="confirmed" date="1997-06-05"/>
  </code>
</codes>
<dc element="dc.date.created" value="1997-06-05"/>
<dc element="dc.publisher" value="Reuters Holdings Plc"/>
<dc element="dc.date.published" value="1997-06-05"/>
<dc element="dc.source" value="Reuters"/>
<dc element="dc.creator.location" value="TIRANA"/>
<dc element="dc.creator.location.country.name" value="ALBANIA"/>
<dc element="dc.source" value="Reuters"/>
</metadata>
</newsitem>
