<?xml version="1.0" encoding="iso-8859-1" ?>
<newsitem itemid="639242" id="root" date="1997-06-05" xml:lang="en">
<title>LITHUANIA: GOVERNMENT APPROVES NEW PROFIT TAX RULES.</title>
<headline>GOVERNMENT APPROVES NEW PROFIT TAX RULES.</headline>
<dateline>VILNIUS 1997-06-05</dateline>
<text>
<p>The government has approved new profit tax rules to exempt companies from profit tax for three years until they have covered their losses, Prime Minister Gediminas Vagnorius said on Thursday.</p>
<p>&quot;The amendment will allow the company to transfer its losses to the next fiscal year for up to three years,&quot; Vagnorius told a news conference.</p>
<p>The government also approved the levy of a profit tax on payments to foreign companies registered in countries and regions where there is no tax or low tax rates.</p>
<p>&quot;All companies operating in Lithuania will have to pay taxes even those who could avoid it by transferring the profit to low tax zones,&quot; Vagnorius said.</p>
<p>The tax will be the difference between the 29 percent profit tax in Lithuania and the profit tax in the low-tax state.</p>
<p>The government also approved cutting the profit tax to 10 percent from 15 percent for foreign companies if they give Lithuanian firms the right to use their trademarks and licences.</p>
<p>-- Andrius Vilkancas, Vilnius newsroom +370 2 22 35 17</p>
</text>
<copyright>(c) Reuters Limited 1997</copyright>
<metadata>
<codes class="bip:countries:1.0">
  <code code="LITH">
    <editdetail attribution="Reuters BIP Coding Group" action="confirmed" date="1997-06-05"/>
  </code>
</codes>
<codes class="bip:topics:1.0">
  <code code="C15">
    <editdetail attribution="Reuters BIP Coding Group" action="confirmed" date="1997-06-05"/>
  </code>
  <code code="C151">
    <editdetail attribution="Reuters BIP Coding Group" action="confirmed" date="1997-06-05"/>
  </code>
  <code code="CCAT">
    <editdetail attribution="Reuters BIP Coding Group" action="confirmed" date="1997-06-05"/>
  </code>
  <code code="E21">
    <editdetail attribution="Reuters BIP Coding Group" action="confirmed" date="1997-06-05"/>
  </code>
  <code code="E211">
    <editdetail attribution="Reuters BIP Coding Group" action="confirmed" date="1997-06-05"/>
  </code>
  <code code="ECAT">
    <editdetail attribution="Reuters BIP Coding Group" action="confirmed" date="1997-06-05"/>
  </code>
</codes>
<dc element="dc.date.created" value="1997-06-05"/>
<dc element="dc.publisher" value="Reuters Holdings Plc"/>
<dc element="dc.date.published" value="1997-06-05"/>
<dc element="dc.source" value="Reuters"/>
<dc element="dc.creator.location" value="VILNIUS"/>
<dc element="dc.creator.location.country.name" value="LITHUANIA"/>
<dc element="dc.source" value="Reuters"/>
</metadata>
</newsitem>
