<?xml version="1.0" encoding="iso-8859-1" ?>
<newsitem itemid="639313" id="root" date="1997-06-05" xml:lang="en">
<title>UK: Wet Brent holds steady in otherwise weak North Sea.</title>
<headline>Wet Brent holds steady in otherwise weak North Sea.</headline>
<dateline>LONDON 1997-06-05</dateline>
<text>
<p>Dated Brent paused for breath on Thursday, steadying after a two-week slide in which the benchmark grade has shed over 60 cents.</p>
<p>But other grades weakened with availabilities plentiful, traders said.</p>
<p>A Brent loading June 12-14 changed hands at July Brent -48 cents, the same price that a 10-12 loader fetched on Wednesday.</p>
<p>The lone Brent date, loading June 20-22, was kept ahead of the five o'clock deadline by Stasco.</p>
<p>A cross-month Forties traded at Dated Brent +18 cents, seven cents down on the last deal done, while a Draugen loading June 16-18 also traded weaker at Dated Brent +18 cents.</p>
<p>&quot;(Refining) margins aren't as good as they have been, and avails are good. The grades are going to be weaker,&quot; said one trader.</p>
<p>A closed transatlantic arbitrage meant that supply pressure was building up within the region.</p>
<p>&quot;The water level is rising but there's no outlet for it,&quot; one dealer said.</p>
<p>The Brent cash market was also easier with the June/July intermonth spread traded at -33 cents, and July/August at a low of -23 cents, five cents down on Wednesday's levels.</p>
<p>CFDs also sank about five cents lower with next week's dates (June 9-13) talked at July Brent -50/-47 late in the day.</p>
<p>Outright prices fell with July Brent trading 27 cents down at $18.45 a barrel on the IPE screen at 1725 GMT.</p>
<p>The West African market was pressured by several  unsold June cargoes, which added up to some 15 million barrels, traders said.</p>
<p>The overhang was stifling marketing efforts for July barrels, they said.</p>
<p>&quot;The market seems quite bearish, there's plenty of North African and some North Sea (grades) and I don't know what is going to happen to the July (West African) barrels with still a lot of June around,&quot; one trader said.</p>
<p>Traders said that FOB buyers had all but disappeared, and sellers would have to offload barrels into the U.S. on a delivered basis.</p>
<p>A trading house holding a third decade Brass River was heard to have sold some of the cargo into the U.S.</p>
<p>June Bonny Light was being assessed in the Dated Brent plus mid forties while Forcados around the 20 mark.</p>
<p>But traders said pressure has partially lifted off Qua Iboe after a seller was reported to have found a home for part of a VLCC of the Nigerian grade.</p>
<p>There was unconfirmed talk of a Swiss-based trader selling a second decade July of Oso condensate recently but no further details were available.</p>
<p>A June 22-24 Escravos was heard sold at Dated Brent +32 cents earlier in the week.</p>
<p>--Rosalind Russell, Haitham Haddadin, London +44171 542 5387</p>
</text>
<copyright>(c) Reuters Limited 1997</copyright>
<metadata>
<codes class="bip:countries:1.0">
  <code code="UK">
    <editdetail attribution="Reuters BIP Coding Group" action="confirmed" date="1997-06-05"/>
  </code>
</codes>
<codes class="bip:topics:1.0">
  <code code="M14">
    <editdetail attribution="Reuters BIP Coding Group" action="confirmed" date="1997-06-05"/>
  </code>
  <code code="M143">
    <editdetail attribution="Reuters BIP Coding Group" action="confirmed" date="1997-06-05"/>
  </code>
  <code code="MCAT">
    <editdetail attribution="Reuters BIP Coding Group" action="confirmed" date="1997-06-05"/>
  </code>
</codes>
<dc element="dc.date.created" value="1997-06-05"/>
<dc element="dc.publisher" value="Reuters Holdings Plc"/>
<dc element="dc.date.published" value="1997-06-05"/>
<dc element="dc.source" value="Reuters"/>
<dc element="dc.creator.location" value="LONDON"/>
<dc element="dc.creator.location.country.name" value="UK"/>
<dc element="dc.source" value="Reuters"/>
</metadata>
</newsitem>
