<?xml version="1.0" encoding="iso-8859-1" ?>
<newsitem itemid="639327" id="root" date="1997-06-05" xml:lang="en">
<title>UK: London coal/ore fixtures.</title>
<headline>London coal/ore fixtures.</headline>
<dateline>LONDON 1997-06-05</dateline>
<text>
<p>Rd Ivy (1982) 60000/10 Maracaibo/Terneuzen 22 June/6 July $9.10 fio 20000c/15000x - Premuda.</p>
<p>Lowlands Sunrise (1988) 120000/10 Sepetiba/Kaoshing 15/30 July $10.70 fio 40000c/38000c China Steel.</p>
<p>China Prosperity (1986) 120000/10 Tubarao/Kaohsing 15/30 July $10.50 fio 40000c/38000c - China Steel.</p>
<p>Polmar (1976) 50000/10 Pto Ordaz + Boca Grande/Bourgas 20/30 June $12.55 fio 60 hours 40000c8500c - D'Amato</p>
</text>
<copyright>(c) Reuters Limited 1997</copyright>
<metadata>
<codes class="bip:countries:1.0">
  <code code="UK">
    <editdetail attribution="Reuters BIP Coding Group" action="confirmed" date="1997-06-05"/>
  </code>
</codes>
<codes class="bip:topics:1.0">
  <code code="M14">
    <editdetail attribution="Reuters BIP Coding Group" action="confirmed" date="1997-06-05"/>
  </code>
  <code code="MCAT">
    <editdetail attribution="Reuters BIP Coding Group" action="confirmed" date="1997-06-05"/>
  </code>
</codes>
<dc element="dc.date.created" value="1997-06-05"/>
<dc element="dc.publisher" value="Reuters Holdings Plc"/>
<dc element="dc.date.published" value="1997-06-05"/>
<dc element="dc.source" value="Reuters"/>
<dc element="dc.creator.location" value="LONDON"/>
<dc element="dc.creator.location.country.name" value="UK"/>
<dc element="dc.source" value="Reuters"/>
</metadata>
</newsitem>
