<?xml version="1.0" encoding="iso-8859-1" ?>
<newsitem itemid="639373" id="root" date="1997-06-05" xml:lang="en">
<title>UK: Japan hopes to sign up to Boca Raton accord.</title>
<headline>Japan hopes to sign up to Boca Raton accord.</headline>
<dateline>LONDON 1997-06-05</dateline>
<text>
<p>Japan is looking to become a signatory to the Boca Raton regulatory accord, if some of the rules on participation are eased, Hidehiro Konno, director-general of Japan's Ministry of International Trade and Industry (MITI) said.</p>
<p>&quot;Japan plans to become a signatory to Boca Raton if qualification conditions are eased,&quot; Konno said at the International Derivatives Conference.</p>
<p>At present two Japanese ministries, as well as an agency in Singapore, are unable to sign up to the accord reached some two years ago in Boca Raton.</p>
<p>Under pacts reached there, some 55 exchanges share confidential information on large market positions, while umbrella agreements cover around 15 different regulator bodies.</p>
<p>Britain's Securities and Investments Board (SIB) and the U.S. Commodity Futures Trading Commission (CFTC) are looking at ways to ease participation in the Boca Raton accord, he said.</p>
<p>Konno was speaking on progress made since last November, when regulators and representatives from 17 countries responsible for regulating leading commodity markets met in London and agreed to strengthen supervision.</p>
<p>Konno, SIB Chairman Sir Andrew Large and CFTC Chairperson Brooksley Born, were the co-chairs of the London Commodity Futures Market Conference.</p>
<p>&quot;We have started to update rules on commodities and now established a viable frame-work for information-sharing,&quot; he said.</p>
<p>Each country now has a contact person, who are already communicating and are ready to take action if needed, he said.</p>
<p>--London Newsroom 44 171 542 8080</p>
</text>
<copyright>(c) Reuters Limited 1997</copyright>
<metadata>
<codes class="bip:countries:1.0">
  <code code="JAP">
    <editdetail attribution="Reuters BIP Coding Group" action="confirmed" date="1997-06-05"/>
  </code>
  <code code="UK">
    <editdetail attribution="Reuters BIP Coding Group" action="confirmed" date="1997-06-05"/>
  </code>
  <code code="USA">
    <editdetail attribution="Reuters BIP Coding Group" action="confirmed" date="1997-06-05"/>
  </code>
</codes>
<codes class="bip:topics:1.0">
  <code code="E51">
    <editdetail attribution="Reuters BIP Coding Group" action="confirmed" date="1997-06-05"/>
  </code>
  <code code="E512">
    <editdetail attribution="Reuters BIP Coding Group" action="confirmed" date="1997-06-05"/>
  </code>
  <code code="ECAT">
    <editdetail attribution="Reuters BIP Coding Group" action="confirmed" date="1997-06-05"/>
  </code>
</codes>
<dc element="dc.date.created" value="1997-06-05"/>
<dc element="dc.publisher" value="Reuters Holdings Plc"/>
<dc element="dc.date.published" value="1997-06-05"/>
<dc element="dc.source" value="Reuters"/>
<dc element="dc.creator.location" value="LONDON"/>
<dc element="dc.creator.location.country.name" value="UK"/>
<dc element="dc.source" value="Reuters"/>
</metadata>
</newsitem>
