<?xml version="1.0" encoding="iso-8859-1" ?>
<newsitem itemid="639369" id="root" date="1997-06-05" xml:lang="en">
<title>UK: Market manipulation difficult to detect - SIB.</title>
<headline>Market manipulation difficult to detect - SIB.</headline>
<dateline>LONDON 1997-06-05</dateline>
<text>
<p>Market manipulation is difficult to detect in the first instance and also problematical when taking subsequent action, Sir Andrew Large, Chairman of British regulator the Securities and Investments Board (SIB) said.</p>
<p>&quot;How do you decide if it is manipulation or whether it is the enthusiasm of the market to make money,&quot; Large said at the International Derivatives Conference.</p>
<p>Large was adressing issues that followed last November's meeting in London when regulators and representatives from 17 countries responsible for regulating leading commodity markets agreed to strengthen supervision.</p>
<p>There are some sanctions that can be taken by exchanges on their members, but it differs in various countries whether activity deemed to be manipulation falls under civil or criminal law.</p>
<p>Also, it is difficult to look at cases where the parties possibly involved in manipulation are not members of an exchange.</p>
<p>However, this is an area that is likely to be legislated for in the U.K. in the next 18 months, Large said.</p>
<p>&quot;In countries where regulation has been established longer, regulation goes beyond authorised firms to their customers,&quot; he said.</p>
<p>CFTC Chairperson Brooksley Born, one of the three  co-chairs of November's London Commodity Futures Market Conference, said that every country had difficulty in deciding what is manipulation and how to act if it occurs.</p>
<p>&quot;Manipulation is best prevented, rather than dealt with afterwards,&quot; she said.</p>
<p>--London Newsroom 44 171 542 8080</p>
</text>
<copyright>(c) Reuters Limited 1997</copyright>
<metadata>
<codes class="bip:countries:1.0">
  <code code="UK">
    <editdetail attribution="Reuters BIP Coding Group" action="confirmed" date="1997-06-05"/>
  </code>
</codes>
<codes class="bip:industries:1.0">
  <code code="I83100">
    <editdetail attribution="Reuters BIP Coding Group" action="confirmed" date="1997-06-05"/>
  </code>
</codes>
<codes class="bip:topics:1.0">
  <code code="C13">
    <editdetail attribution="Reuters BIP Coding Group" action="confirmed" date="1997-06-05"/>
  </code>
  <code code="CCAT">
    <editdetail attribution="Reuters BIP Coding Group" action="confirmed" date="1997-06-05"/>
  </code>
  <code code="MCAT">
    <editdetail attribution="Reuters BIP Coding Group" action="confirmed" date="1997-06-05"/>
  </code>
</codes>
<dc element="dc.date.created" value="1997-06-05"/>
<dc element="dc.publisher" value="Reuters Holdings Plc"/>
<dc element="dc.date.published" value="1997-06-05"/>
<dc element="dc.source" value="Reuters"/>
<dc element="dc.creator.location" value="LONDON"/>
<dc element="dc.creator.location.country.name" value="UK"/>
<dc element="dc.source" value="Reuters"/>
</metadata>
</newsitem>
