<?xml version="1.0" encoding="iso-8859-1" ?>
<newsitem itemid="639350" id="root" date="1997-06-05" xml:lang="en">
<title>UK: Britain to relax immigration marriage rule.</title>
<headline>Britain to relax immigration marriage rule.</headline>
<dateline>LONDON 1997-06-05</dateline>
<text>
<p>A controversial immigration rule requiring applicants who marry British citizens to prove they did not wed just to enter Britain will be scrapped, Home Secretary Jack Straw said on Thursday.</p>
<p>In a written reply to the House of Commons, Straw said the &quot;Primary Purpose Rule&quot; is to be lifted immediately.</p>
<p>Under the rule, foreigners applying for entry into Britain were refused if they could not satisfy immigration officials about their motives for marriage.</p>
<p>&quot;Following our manifesto commitment, we are acting to end the primary purpose rule because it is arbitrary, unfair and ineffective and has penalised genuine, divided families and unnecessarily increased the administrative burden on the immigration system,&quot; Straw said.</p>
<p>Critics have called it the &quot;Catch 22&quot; of the immigration system, with applicants having to prove a negative -- that they were not getting married simply to come to Britain.</p>
<p>The interior minister said the rule placed a burden on the partners of Britons that was not placed on other European Union nationals.</p>
<p>&quot;It is also very doubtful that this inherently ineffective and unfair rule has worked to filter out those who sought to cheat the system. The question is not therefore about numbers, but about fairness,&quot; he said.</p>
<p>But Straw said other rules on married partners applying to enter Britain -- that the marriage was not one of convenience and would not place a financial burden on the state -- would remain.</p>
</text>
<copyright>(c) Reuters Limited 1997</copyright>
<metadata>
<codes class="bip:countries:1.0">
  <code code="UK">
    <editdetail attribution="Reuters BIP Coding Group" action="confirmed" date="1997-06-05"/>
  </code>
</codes>
<codes class="bip:topics:1.0">
  <code code="GCAT">
    <editdetail attribution="Reuters BIP Coding Group" action="confirmed" date="1997-06-05"/>
  </code>
  <code code="GCRIM">
    <editdetail attribution="Reuters BIP Coding Group" action="confirmed" date="1997-06-05"/>
  </code>
  <code code="GDIP">
    <editdetail attribution="Reuters BIP Coding Group" action="confirmed" date="1997-06-05"/>
  </code>
</codes>
<dc element="dc.date.created" value="1997-06-05"/>
<dc element="dc.publisher" value="Reuters Holdings Plc"/>
<dc element="dc.date.published" value="1997-06-05"/>
<dc element="dc.source" value="Reuters"/>
<dc element="dc.creator.location" value="LONDON"/>
<dc element="dc.creator.location.country.name" value="UK"/>
<dc element="dc.source" value="Reuters"/>
</metadata>
</newsitem>
