<?xml version="1.0" encoding="iso-8859-1" ?>
<newsitem itemid="639303" id="root" date="1997-06-05" xml:lang="en">
<title>UK: CAP failure likely, Europe agriculture must change.</title>
<headline>CAP failure likely, Europe agriculture must change.</headline>
<dateline>LONDON 1997-06-05</dateline>
<text>
<p>The European Union Common Agricultural Policy risked ending in failure like commodity pacts of the past, Clive Furness, director of commodity products at the London International Financial Futures Exchange (LIFFE), said on Thursday.</p>
<p>Ultimately, CAP was like other market intervention measures, which were not supportable, and would will fail like the tin support pacts and the international coffee agreement, Furness said at the International Derivatives Conference.</p>
<p>The reasons behind the CAP were worthy, but while the world had moved on it had not.</p>
<p>&quot;What is needed is to bring European agriculture into the modern world...what is needed is to put money into risk management,&quot; Furness said.</p>
<p>This was essential, or Europe's agriculture markets would suffer the same fate as coffee, tin, and other commodities in the past.</p>
<p>&quot;Europe has the chance to remove artificially supported markets - when the CAP collapses it will be too late,&quot; he said.</p>
<p>Furness said the industry needed to explore areas such as futures and forward markets, as well as the over-the-counter (OTC) sector.</p>
<p>He said that LIFFE was prepared therefore to work with the European Union (EU) and the farm commissioners to a develop the necessary training and education programme.</p>
<p>--London Newsroom 44 171 542 8080</p>
</text>
<copyright>(c) Reuters Limited 1997</copyright>
<metadata>
<codes class="bip:countries:1.0">
  <code code="EEC">
    <editdetail attribution="Reuters BIP Coding Group" action="confirmed" date="1997-06-05"/>
  </code>
  <code code="UK">
    <editdetail attribution="Reuters BIP Coding Group" action="confirmed" date="1997-06-05"/>
  </code>
</codes>
<codes class="bip:topics:1.0">
  <code code="C13">
    <editdetail attribution="Reuters BIP Coding Group" action="confirmed" date="1997-06-05"/>
  </code>
  <code code="CCAT">
    <editdetail attribution="Reuters BIP Coding Group" action="confirmed" date="1997-06-05"/>
  </code>
  <code code="G15">
    <editdetail attribution="Reuters BIP Coding Group" action="confirmed" date="1997-06-05"/>
  </code>
  <code code="G153">
    <editdetail attribution="Reuters BIP Coding Group" action="confirmed" date="1997-06-05"/>
  </code>
  <code code="GCAT">
    <editdetail attribution="Reuters BIP Coding Group" action="confirmed" date="1997-06-05"/>
  </code>
  <code code="M14">
    <editdetail attribution="Reuters BIP Coding Group" action="confirmed" date="1997-06-05"/>
  </code>
  <code code="MCAT">
    <editdetail attribution="Reuters BIP Coding Group" action="confirmed" date="1997-06-05"/>
  </code>
</codes>
<dc element="dc.date.created" value="1997-06-05"/>
<dc element="dc.publisher" value="Reuters Holdings Plc"/>
<dc element="dc.date.published" value="1997-06-05"/>
<dc element="dc.source" value="Reuters"/>
<dc element="dc.creator.location" value="LONDON"/>
<dc element="dc.creator.location.country.name" value="UK"/>
<dc element="dc.source" value="Reuters"/>
</metadata>
</newsitem>
