<?xml version="1.0" encoding="iso-8859-1" ?>
<newsitem itemid="639340" id="root" date="1997-06-05" xml:lang="en">
<title>UK: RBA's Macfarlane looking for pickup in 1997/8.</title>
<headline>RBA's Macfarlane looking for pickup in 1997/8.</headline>
<dateline>LONDON 1997-06-05</dateline>
<text>
<p>Reserve Bank of Australia (RBA) governor Ian Macfarlane said on Thursday the Australian economy looked set for a pickup in growth in 1997-98.</p>
<p>But Macfarlane, speaking at a banking seminar in London, also said there was considerable spare capacity in the economy and that the central bank's aim was for a sustained period of low inflation growth.  </p>
<p>&quot;We are looking for some pickup in growth in 1997/1998,&quot; he said.</p>
<p>He said that unlike in the U.S., Australia still had considerable spare capacity in its economy.</p>
<p>He said the aim of the RBA was to have a prolonged period of sustained low inflation growth, and the way a central bank can do this was to keep inflation under control.</p>
<p>Macfarlane said that was the logic behind the government's inflation target which formally says inflation should be kept between two and three percent, and informally meant the reserve bank wanted it to average &quot;two point something&quot;.</p>
<p>He said that this system was working well, and combined with an independent central bank would allow inflation to be maintained.  </p>
<p>Macfarlane also said the RBA wanted to keep the current expansion going longer than in previous periods of growth, which were around six and a half years.</p>
<p>-- Jacqueline Thorpe, +44 171 542 6784</p>
</text>
<copyright>(c) Reuters Limited 1997</copyright>
<metadata>
<codes class="bip:countries:1.0">
  <code code="AUSTR">
    <editdetail attribution="Reuters BIP Coding Group" action="confirmed" date="1997-06-05"/>
  </code>
  <code code="UK">
    <editdetail attribution="Reuters BIP Coding Group" action="confirmed" date="1997-06-05"/>
  </code>
</codes>
<codes class="bip:industries:1.0">
  <code code="I81401">
    <editdetail attribution="Reuters BIP Coding Group" action="confirmed" date="1997-06-05"/>
  </code>
</codes>
<codes class="bip:topics:1.0">
  <code code="E11">
    <editdetail attribution="Reuters BIP Coding Group" action="confirmed" date="1997-06-05"/>
  </code>
  <code code="E12">
    <editdetail attribution="Reuters BIP Coding Group" action="confirmed" date="1997-06-05"/>
  </code>
  <code code="E13">
    <editdetail attribution="Reuters BIP Coding Group" action="confirmed" date="1997-06-05"/>
  </code>
  <code code="ECAT">
    <editdetail attribution="Reuters BIP Coding Group" action="confirmed" date="1997-06-05"/>
  </code>
</codes>
<dc element="dc.date.created" value="1997-06-05"/>
<dc element="dc.publisher" value="Reuters Holdings Plc"/>
<dc element="dc.date.published" value="1997-06-05"/>
<dc element="dc.source" value="Reuters"/>
<dc element="dc.creator.location" value="LONDON"/>
<dc element="dc.creator.location.country.name" value="UK"/>
<dc element="dc.source" value="Reuters"/>
</metadata>
</newsitem>
