<?xml version="1.0" encoding="iso-8859-1" ?>
<newsitem itemid="795370" id="root" date="1997-08-13" xml:lang="en">
<title>EU: Official Journal contents - OJ L 222 of August 12, 1997.</title>
<headline>Official Journal contents - OJ L 222 of August 12, 1997.</headline>
<text>
<p>*</p>
<p>(Note - this is an additional item to the OJ L 222 transmitted on August 12)</p>
<p>*</p>
<p>COMMISSION DECISION No 1613/97/ECSC of 8 August 1997 amending Annex V to Decision No 3/96/ECSC on administering certain restrictions on imports of certain steel products from Russia and Ukraine END OF DOCUMENT.</p>
</text>
<copyright>(c) Reuters Limited 1997</copyright>
<metadata>
<codes class="bip:countries:1.0">
  <code code="EEC">
    <editdetail attribution="Reuters BIP Coding Group" action="confirmed" date="1997-08-13"/>
  </code>
</codes>
<codes class="bip:topics:1.0">
  <code code="G15">
    <editdetail attribution="Reuters BIP Coding Group" action="confirmed" date="1997-08-13"/>
  </code>
  <code code="GCAT">
    <editdetail attribution="Reuters BIP Coding Group" action="confirmed" date="1997-08-13"/>
  </code>
</codes>
<dc element="dc.publisher" value="Reuters Holdings Plc"/>
<dc element="dc.date.published" value="1997-08-13"/>
<dc element="dc.source" value="Reuters"/>
<dc element="dc.creator.location.country.name" value="EU"/>
<dc element="dc.source" value="Reuters"/>
</metadata>
</newsitem>
