<?xml version="1.0" encoding="iso-8859-1" ?>
<newsitem itemid="795395" id="root" date="1997-08-13" xml:lang="en">
<title>USA: Chrysler cuts 1998 model year prices 0.6 percent.</title>
<headline>Chrysler cuts 1998 model year prices 0.6 percent.</headline>
<dateline>AUBURN HILLS, Mich.</dateline>
<text>
<p>Chrysler Corp. announced Wednesday its average 1998 model year price will be down 0.6 percent, making it the only member of the U.S. Big Three automakers to slash prices amid an industry-wide price war.</p>
<p>Passenger car prices at Chrysler will be down 1.3 percent, while pickup trucks, minivans and sport/utilities will cost 0.4 percent less, the company said. All changes are based on comparably equipped models.</p>
<p>Ford Motor Co. said earlier this month its average 1998 model year price will be unchanged from a year ago. General Motors Corp.'s prices are going up 1.3 percent on average, the lowest in 10 years.</p>
<p>&quot;This pricing reflects the realities of a competitive marketplace,&quot; said James Holden, executive vice president of sales and marketing at Chrysler.</p>
<p>Chrysler spokesman Mike McKesson said it is the first time in recent history the U.S. No. 3 automaker has cut its average starting model year prices. Both foreign and domestic automakers have been holding the line on prices this year in reaction to a fiercely competitive new vehicle market.</p>
<p>Prices disclosed Wednesday did not include how much Chrysler will charge for its redesigned 1998 Dodge Intrepid and Chrysler Concorde sedans, which are due out this fall. Also not included was the new Dodge Durango sport/utility vehicle.</p>
<p>In addition to cutting some base prices, Holden said Chrysler has raised other base prices to reflect option items that were added as standard equipment. Some option packages were also changed to better reflect what consumers are buying.</p>
<p>Chrysler said the Highline trim level for its 1998 Dodge and Plymouth Neon small car is now the base model. A Neon with air conditioning and automatic transmission, as well as more standard equipment, will cost $13,455, down from $13,770 for a comparably equipped 1997 model.</p>
<p>Chrysler lowered the prices on many of its Jeep Cherokee and Grand Cherokee sport/utility vehicles, and kept minivan prices mostly flat, McKesson said.</p>
<p>A four-wheel-drive Cherokee Sport with automatic transmission and the most popular option package will cost $22,070, including destination charge, a decrease of $805, or 3.5 percent, from the same 1997 model.</p>
<p>But Chrysler boosted the price on its popular line of Jeep Wranglers. A Wrangler Sport with a soft top and six-cylinder engine went up 1.9 percent to $20,145.</p>
<p>Chrysler also hiked the price of many of its full-size pickup trucks. A two-wheel-drive Dodge Ram pickup with a V-8 engine and short wheel base went up 3 percent, or $645, to $21,585.</p>
<p>Last year several automakers tried to keep price hikes modest and cut back on incentives. But incentives and other marketing programs have continued to rise. McKesson would not reveal Chrysler's incentive spending plans, but said they will continue to play a role in vehicle sales.</p>
<p>&quot;It appears to us that incentives are something that seem to be part of the mix that make it possible for people to feel like they have received a value when they buy a car,&quot; he said.</p>
</text>
<copyright>(c) Reuters Limited 1997</copyright>
<metadata>
<codes class="bip:countries:1.0">
  <code code="USA">
    <editdetail attribution="Reuters BIP Coding Group" action="confirmed" date="1997-08-13"/>
  </code>
</codes>
<codes class="bip:industries:1.0">
  <code code="I35101">
    <editdetail attribution="Reuters BIP Coding Group" action="confirmed" date="1997-08-13"/>
  </code>
</codes>
<codes class="bip:topics:1.0">
  <code code="C32">
    <editdetail attribution="Reuters BIP Coding Group" action="confirmed" date="1997-08-13"/>
  </code>
  <code code="CCAT">
    <editdetail attribution="Reuters BIP Coding Group" action="confirmed" date="1997-08-13"/>
  </code>
</codes>
<dc element="dc.publisher" value="Reuters Holdings Plc"/>
<dc element="dc.date.published" value="1997-08-13"/>
<dc element="dc.source" value="Reuters"/>
<dc element="dc.creator.location" value="AUBURN HILLS, Mich."/>
<dc element="dc.creator.location.country.name" value="USA"/>
<dc element="dc.source" value="Reuters"/>
</metadata>
</newsitem>
