<?xml version="1.0" encoding="iso-8859-1" ?>
<newsitem itemid="795437" id="root" date="1997-08-13" xml:lang="en">
<title>USA: Featherlite drops plan to acquire Camp.</title>
<headline>Featherlite drops plan to acquire Camp.</headline>
<dateline>CRESCO, Iowa 1997-08-13</dateline>
<text>
<p>Featherlite Mfg Inc said Wednesday it has dropped its plan to acquire Camp &amp; Associates Inc, a privately held sports marketing company based in Concord, North Carolina, after conducting a due diligence review.</p>
<p>&quot;As the result of the due diligence process, we arrived at the conclusion that this acquisition would not be in the best interests of both companies and mutually agreed to terminate negotiations,&quot; Conrad Clement, chief executive of Featherlite, a trailer manufacturer, said in a news release.</p>
<p>Clement also said that Featherlite will continue to develop diversification strategies to capitalize on the opportunities that exist in the leisure and entertainment categories.</p>
<p>Featherlite had signed a letter of intent to acquire Camp in June.</p>
<p>Featherlite shares fell 1/8 to 7-1/8 Wednesday.</p>
<p>((--Chicago newsdesk, 312-408-8787))</p>
</text>
<copyright>(c) Reuters Limited 1997</copyright>
<metadata>
<codes class="bip:countries:1.0">
  <code code="USA">
    <editdetail attribution="Reuters BIP Coding Group" action="confirmed" date="1997-08-13"/>
  </code>
</codes>
<codes class="bip:industries:1.0">
  <code code="I35200">
    <editdetail attribution="Reuters BIP Coding Group" action="confirmed" date="1997-08-13"/>
  </code>
</codes>
<codes class="bip:topics:1.0">
  <code code="C18">
    <editdetail attribution="Reuters BIP Coding Group" action="confirmed" date="1997-08-13"/>
  </code>
  <code code="C181">
    <editdetail attribution="Reuters BIP Coding Group" action="confirmed" date="1997-08-13"/>
  </code>
  <code code="CCAT">
    <editdetail attribution="Reuters BIP Coding Group" action="confirmed" date="1997-08-13"/>
  </code>
</codes>
<dc element="dc.date.created" value="1997-08-13"/>
<dc element="dc.publisher" value="Reuters Holdings Plc"/>
<dc element="dc.date.published" value="1997-08-13"/>
<dc element="dc.source" value="Reuters"/>
<dc element="dc.creator.location" value="CRESCO, Iowa"/>
<dc element="dc.creator.location.country.name" value="USA"/>
<dc element="dc.source" value="Reuters"/>
</metadata>
</newsitem>
