<?xml version="1.0" encoding="iso-8859-1" ?>
<newsitem itemid="795454" id="root" date="1997-08-13" xml:lang="en">
<title>USA: TABLE - CRW Financial cuts Q2 oper loss.</title>
<headline>TABLE - CRW Financial cuts Q2 oper loss.</headline>
<dateline>KING OF PRUSSIA, Pa. 1997-08-13</dateline>
<text>
<p>1997			1996</p>
<p> Oper Shr loss	    $0.09     loss	 $0.31</p>
<p> Oper Net loss		566     loss	 1,117</p>
<p> Revs			 1,280			908</p>
<p>	   6 MONTHS</p>
<p> Oper Shr loss	    $0.05     loss	 $0.38</p>
<p> Oper Net loss		391     loss	 1,383</p>
<p> Revs			 2,546		    1,754</p>
<p>(All data above 000s except per share numbers)</p>
<p>NOTE: 1997 six-month period excludes a gain of $0.19  a share from disposal of discontinued operations.</p>
<p>The company's full name is CRW Financial Inc.</p>
</text>
<copyright>(c) Reuters Limited 1997</copyright>
<metadata>
<codes class="bip:countries:1.0">
  <code code="USA">
    <editdetail attribution="Reuters BIP Coding Group" action="confirmed" date="1997-08-13"/>
  </code>
</codes>
<codes class="bip:industries:1.0">
  <code code="I83954">
    <editdetail attribution="Reuters BIP Coding Group" action="confirmed" date="1997-08-13"/>
  </code>
</codes>
<codes class="bip:topics:1.0">
  <code code="C15">
    <editdetail attribution="Reuters BIP Coding Group" action="confirmed" date="1997-08-13"/>
  </code>
  <code code="C151">
    <editdetail attribution="Reuters BIP Coding Group" action="confirmed" date="1997-08-13"/>
  </code>
  <code code="CCAT">
    <editdetail attribution="Reuters BIP Coding Group" action="confirmed" date="1997-08-13"/>
  </code>
</codes>
<dc element="dc.date.created" value="1997-08-13"/>
<dc element="dc.publisher" value="Reuters Holdings Plc"/>
<dc element="dc.date.published" value="1997-08-13"/>
<dc element="dc.source" value="Reuters"/>
<dc element="dc.creator.location" value="KING OF PRUSSIA, Pa."/>
<dc element="dc.creator.location.country.name" value="USA"/>
<dc element="dc.source" value="Reuters"/>
</metadata>
</newsitem>
