<?xml version="1.0" encoding="iso-8859-1" ?>
<newsitem itemid="795483" id="root" date="1997-08-13" xml:lang="en">
<title>USA: TABLE - PPT Vision Inc Q3 earnings fall.</title>
<headline>TABLE - PPT Vision Inc Q3 earnings fall.</headline>
<dateline>MINNEAPOLIS 1997-08-13</dateline>
<text>
<p>Three Months Ended  Nine Months Ended</p>
<p>				     July 31,	   July 31,</p>
<p>				   (Unaudited)	 (Unaudited)</p>
<p> Income Statements     1997	1996	 1997	  1996</p>
<p> Net revenue     $3,305,000 $3,163,000 $8,345,000  $9,511,000</p>
<p> Cost of sales    1,350,000  1,183,000  3,347,000   3,754,000</p>
<p> Gross profit     1,955,000  1,980,000  4,998,000   5,757,000</p>
<p>Expenses</p>
<p>   Selling	    895,000    738,000  2,661,000   1,969,000</p>
<p>General and admin.</p>
<p>			  316,000    230,000    916,000     761,000</p>
<p>Research and</p>
<p>    development     580,000    425,000  1,704,000   1,313,000</p>
<p> Total expenses   1,791,000  1,393,000  5,281,000   4,043,000</p>
<p>Income (loss) from</p>
<p>   operations	 164,000    587,000  (283,000)   1,714,000</p>
<p> Interest income    287,000    124,000    830,000     167,000</p>
<p> Other income	   9,000	3,000     13,000	11,000</p>
<p>Earnings before taxes</p>
<p>			  460,000    714,000    560,000   1,892,000</p>
<p>Income tax (expense)</p>
<p>			 175,000)	   --  (213,000)	    --</p>
<p> Net income	   285,000    714,000    347,000   1,892,000</p>
<p>Net income per share*</p>
<p>			     0.05	 0.16	 0.06	  0.46</p>
<p>Common and common</p>
<p>equivalent shares*</p>
<p>			5,509,000  4,569,000  5,482,000   4,073,000</p>
<p>NOTE: 1996 earnings per share and common equivalent shares have been adjusted to reflect the March 1996 stock split.</p>
<p>The company began reporting results on fully taxed basis in fiscal year 1997. Last year's results were reported on an untaxed basis.</p>
<p>	     -- ((Reuters Chicago Newsdesk 312-408-8787))</p>
</text>
<copyright>(c) Reuters Limited 1997</copyright>
<metadata>
<codes class="bip:countries:1.0">
  <code code="USA">
    <editdetail attribution="Reuters BIP Coding Group" action="confirmed" date="1997-08-13"/>
  </code>
</codes>
<codes class="bip:industries:1.0">
  <code code="I34420">
    <editdetail attribution="Reuters BIP Coding Group" action="confirmed" date="1997-08-13"/>
  </code>
</codes>
<codes class="bip:topics:1.0">
  <code code="C15">
    <editdetail attribution="Reuters BIP Coding Group" action="confirmed" date="1997-08-13"/>
  </code>
  <code code="C151">
    <editdetail attribution="Reuters BIP Coding Group" action="confirmed" date="1997-08-13"/>
  </code>
  <code code="CCAT">
    <editdetail attribution="Reuters BIP Coding Group" action="confirmed" date="1997-08-13"/>
  </code>
</codes>
<dc element="dc.date.created" value="1997-08-13"/>
<dc element="dc.publisher" value="Reuters Holdings Plc"/>
<dc element="dc.date.published" value="1997-08-13"/>
<dc element="dc.source" value="Reuters"/>
<dc element="dc.creator.location" value="MINNEAPOLIS"/>
<dc element="dc.creator.location.country.name" value="USA"/>
<dc element="dc.source" value="Reuters"/>
</metadata>
</newsitem>
