<?xml version="1.0" encoding="iso-8859-1" ?>
<newsitem itemid="795505" id="root" date="1997-08-13" xml:lang="en">
<title>USA: Phoenix International prices offering.</title>
<headline>Phoenix International prices offering.</headline>
<dateline>ORLANDO, Fla. 1997-08-13</dateline>
<text>
<p>Phoenix International Ltd said Wednesday its offering of 1.52 million shares of common stock has been priced at $23.50 per share.</p>
<p>The company said it intends to use the proceeds to fund product development, to expand its sales and marketing resources and for general corporate purposes, including possible acquisitions.</p>
<p>The underwriters have an over-allotment option to purchase an additional 228,000 shares.</p>
<p>Phoenix is a provider of client/server application software to the financial services industry.</p>
<p>((-- New York Newsdesk 212-859-1610))</p>
</text>
<copyright>(c) Reuters Limited 1997</copyright>
<metadata>
<codes class="bip:countries:1.0">
  <code code="USA">
    <editdetail attribution="Reuters BIP Coding Group" action="confirmed" date="1997-08-13"/>
  </code>
</codes>
<codes class="bip:industries:1.0">
  <code code="I33020">
    <editdetail attribution="Reuters BIP Coding Group" action="confirmed" date="1997-08-13"/>
  </code>
  <code code="I3302021">
    <editdetail attribution="Reuters BIP Coding Group" action="confirmed" date="1997-08-13"/>
  </code>
</codes>
<codes class="bip:topics:1.0">
  <code code="C17">
    <editdetail attribution="Reuters BIP Coding Group" action="confirmed" date="1997-08-13"/>
  </code>
  <code code="C171">
    <editdetail attribution="Reuters BIP Coding Group" action="confirmed" date="1997-08-13"/>
  </code>
  <code code="CCAT">
    <editdetail attribution="Reuters BIP Coding Group" action="confirmed" date="1997-08-13"/>
  </code>
</codes>
<dc element="dc.date.created" value="1997-08-13"/>
<dc element="dc.publisher" value="Reuters Holdings Plc"/>
<dc element="dc.date.published" value="1997-08-13"/>
<dc element="dc.source" value="Reuters"/>
<dc element="dc.creator.location" value="ORLANDO, Fla."/>
<dc element="dc.creator.location.country.name" value="USA"/>
<dc element="dc.source" value="Reuters"/>
</metadata>
</newsitem>
