<?xml version="1.0" encoding="iso-8859-1" ?>
<newsitem itemid="795594" id="root" date="1997-08-13" xml:lang="en">
<title>USA: U.S. spot natgas prices retreat with futures.</title>
<headline>U.S. spot natgas prices retreat with futures.</headline>
<dateline>NEW YORK 1997-08-13</dateline>
<text>
<p>U.S. spot natural gas prices were on the retreat Wednesday, mirroring the declining futures market, traders said.</p>
<p>NYMEX's September contract extended its losses to reach a low of $2.405, down from the contract high of $2.605 set earlier this week. At 1342 EDT, however, September recovered to $2.485, up one cent from Tuesday's settlement.</p>
<p>On the Louisiana Gulf Coast, swing prices at the Henry Hub were down an average of 11 cents to the high-$2.30s early and the high-$2.40s shortly before nomination deadlines. Most deals were reported done at $2.43-2.45.</p>
<p>In the Midwest, swing prices dropped about 10 cents to the mid-$2.30s. Chicago city-gate gas prices were also quoted sharply lower in the high-$2.40s to mid-$2.50s.</p>
<p>In the Permian Basin market, prices lost 13 cents to the mid-to-high $2.30s.</p>
<p>El Paso's Keystone Mainline Station, in Winkler County, Texas, will be down through Thursday for maintenance, affecting about 400 million cubic feet per day (mmcfd) at the receipt points in the Permian Basin and about 185 mmcfd of supply at Waha.</p>
<p>Southern California border prices retreated by 13 cents to the low-$2.40s.</p>
<p>In the East, prices at the New York city gate also fell at least 10 cents to the low-$2.60s.</p>
<p>According to a Reuter poll, injection estimates for today's American Gas Association storage report have ranged from 70 to 80 bcf.</p>
<p>((--H McCulloch, New York Power Desk +212-859-1628))</p>
</text>
<copyright>(c) Reuters Limited 1997</copyright>
<metadata>
<codes class="bip:countries:1.0">
  <code code="USA">
    <editdetail attribution="Reuters BIP Coding Group" action="confirmed" date="1997-08-13"/>
  </code>
</codes>
<codes class="bip:topics:1.0">
  <code code="M14">
    <editdetail attribution="Reuters BIP Coding Group" action="confirmed" date="1997-08-13"/>
  </code>
  <code code="M143">
    <editdetail attribution="Reuters BIP Coding Group" action="confirmed" date="1997-08-13"/>
  </code>
  <code code="MCAT">
    <editdetail attribution="Reuters BIP Coding Group" action="confirmed" date="1997-08-13"/>
  </code>
</codes>
<dc element="dc.date.created" value="1997-08-13"/>
<dc element="dc.publisher" value="Reuters Holdings Plc"/>
<dc element="dc.date.published" value="1997-08-13"/>
<dc element="dc.source" value="Reuters"/>
<dc element="dc.creator.location" value="NEW YORK"/>
<dc element="dc.creator.location.country.name" value="USA"/>
<dc element="dc.source" value="Reuters"/>
</metadata>
</newsitem>
