<?xml version="1.0" encoding="iso-8859-1" ?>
<newsitem itemid="795596" id="root" date="1997-08-13" xml:lang="en">
<title>USA: Greenpeace vessel blocks ARCO oil rig.</title>
<headline>Greenpeace vessel blocks ARCO oil rig.</headline>
<dateline>LOS ANGELES 1997-08-13</dateline>
<text>
<p>The environmental group Greenpeace said Wednesday it filed suit here against Atlantic Richfield Co. (ARCO) and placed a ship of protesters in Alaska to block an offshore drill from reaching an oil field.</p>
<p>As part of a stepped-up campaign to curb global warming, Greenpeace is protesting worldwide oil exploration and is currently staging a similar blockade against British Petroleum Co Plc's mobile oil platform in the North Atlantic.  </p>
<p>At 1200 PDT/1700 GMT Wednesday, the group's vessel &quot;MV Arctic Sunrise&quot; blocked ARCO tugs from linking tow chains to the mobile rig. The rig, dubbed the &quot;Death Star&quot; by Greenpeace because of its 300 foot-squared concrete base, is moored about three miles off the northern Alaska coast.</p>
<p>ARCO hopes to move the rig 75 miles east this month to a drilling site where exploration is due to begin in November.</p>
<p>&quot;We're not going to be able to move (the rig) unless the Arctic Sunrise moves,&quot; an ARCO spokesman in Alaska said.  </p>
<p>Meanwhile, teams from the U.S. Coast Guard arrived around noon local Alaska time to establish a 500-yard &quot;safety zone&quot; around the rig.</p>
<p>A protester onboard Arctic Sunrise told Reuters by phone that his ship and the rig were in a standoff.</p>
<p>&quot;We're going to wait to see what they do,&quot; said Greenpeace member Steve Sawyer. He said three smaller Greenpeace rafts were moored near the rig's towing chains.</p>
<p>In Los Angeles, a federal judge set a 1330 PDT/2030 GMT hearing to discuss Greenpeace's request for a temporary restaining order against the rig.</p>
<p>Greenpeace early Wednesday asked the court to halt the rig's journey, claiming ARCO had failed to obtain a permit to move it through Alaska waters. ARCO claims, that to the contrary, no permit is required.</p>
<p>((--David Brinkerhoff, Los Angeles Bureau +1 213 380 2014))</p>
</text>
<copyright>(c) Reuters Limited 1997</copyright>
<metadata>
<codes class="bip:countries:1.0">
  <code code="USA">
    <editdetail attribution="Reuters BIP Coding Group" action="confirmed" date="1997-08-13"/>
  </code>
</codes>
<codes class="bip:industries:1.0">
  <code code="I14000">
    <editdetail attribution="Reuters BIP Coding Group" action="confirmed" date="1997-08-13"/>
  </code>
</codes>
<codes class="bip:topics:1.0">
  <code code="C24">
    <editdetail attribution="Reuters BIP Coding Group" action="confirmed" date="1997-08-13"/>
  </code>
  <code code="CCAT">
    <editdetail attribution="Reuters BIP Coding Group" action="confirmed" date="1997-08-13"/>
  </code>
  <code code="GCAT">
    <editdetail attribution="Reuters BIP Coding Group" action="confirmed" date="1997-08-13"/>
  </code>
  <code code="GENV">
    <editdetail attribution="Reuters BIP Coding Group" action="confirmed" date="1997-08-13"/>
  </code>
</codes>
<dc element="dc.date.created" value="1997-08-13"/>
<dc element="dc.publisher" value="Reuters Holdings Plc"/>
<dc element="dc.date.published" value="1997-08-13"/>
<dc element="dc.source" value="Reuters"/>
<dc element="dc.creator.location" value="LOS ANGELES"/>
<dc element="dc.creator.location.country.name" value="USA"/>
<dc element="dc.source" value="Reuters"/>
</metadata>
</newsitem>
