<?xml version="1.0" encoding="iso-8859-1" ?>
<newsitem itemid="795558" id="root" date="1997-08-13" xml:lang="en">
<title>USA: US aluminum shipments to grow 4.1 pct in '97 - Alcoa.</title>
<headline>US aluminum shipments to grow 4.1 pct in '97 - Alcoa.</headline>
<dateline>NEW YORK 1997-08-13</dateline>
<text>
<p>U.S. shipments of aluminum mill products stocked by distributors are expected to grow 4.1 percent this year to 13.85 billion pounds, according to projections prepared by Alcoa for the National Association of Aluminum Distributors.</p>
<p>In 1998, shipments are expected to grow 3 percent to 14.265 billion pounds, and 1.7 percent in 1999 to 14.5 billion pounds, the report said.</p>
<p>Sheet shipments are expected to grow 3.1 percent to 9.5 billion pounds and up 2.1 percent to 9.7 billion pounds next year, while plate shipments are projected to grow 4 percent this year to 390 million pounds and 1.5 percent to 396 million pounds next year.</p>
<p>&quot;The outlook for aluminum plate and sheet is very positive,&quot; the report said. &quot;Orders for aerospace heat treatable plate remain brisk due to strong demand from commercial airframers. Current worldwide rolling and heat-treated capacity is being fully utilized.</p>
<p>&quot;Good economic conditions coupled with an upturn in the electronics industry have increased the demand for non-aerospace heat treated plate. As a result, global heat-treating capacity is being taxed to its limits in order to meet demand. New capacity in the industry has been added during 1997 with additional capacity scheduled in 1998 and 1999.&quot;</p>
<p>The report called for 12 percent annual sheet growth in automotive applications, with average aluminum content in cars growing to 252 pounds from 141 pounds in 1986.</p>
<p>Extruded shapes are expected to grow 8.2 percent in 1997 to 2.956 billion pounds, and 5.3 perecent to 3.1 billion pounds in 1998.</p>
<p>The passanger automotive and aerospace industries are expected to fuel growth, the report said. &quot;Domestic build rates are expected to remain at or near their existing highs in the next few years,&quot; it said.</p>
<p>The report said double digit growth in the aerospace industry is expected to continue into 1998. &quot;Aluminum extrusions - especially in hard alloys - will ride that wave so long as it lasts.&quot;</p>
<p>Wire, rod and bar shipments are expected to grow 3.1 percent to 593 million pounds in 1997 and 4.5 percent to 620 million pounds and 1998.</p>
<p>Pipe and tube shipments are expected to grow 2 percent to 412 million pounds in 1997 and 5.6 percent to 435 million pounds in 1998.</p>
<p>((Derek J. Caney, New York Commodity Desk, 212-859-1646))</p>
</text>
<copyright>(c) Reuters Limited 1997</copyright>
<metadata>
<codes class="bip:countries:1.0">
  <code code="USA">
    <editdetail attribution="Reuters BIP Coding Group" action="confirmed" date="1997-08-13"/>
  </code>
</codes>
<codes class="bip:industries:1.0">
  <code code="I22450">
    <editdetail attribution="Reuters BIP Coding Group" action="confirmed" date="1997-08-13"/>
  </code>
</codes>
<codes class="bip:topics:1.0">
  <code code="C31">
    <editdetail attribution="Reuters BIP Coding Group" action="confirmed" date="1997-08-13"/>
  </code>
  <code code="CCAT">
    <editdetail attribution="Reuters BIP Coding Group" action="confirmed" date="1997-08-13"/>
  </code>
  <code code="M14">
    <editdetail attribution="Reuters BIP Coding Group" action="confirmed" date="1997-08-13"/>
  </code>
  <code code="M142">
    <editdetail attribution="Reuters BIP Coding Group" action="confirmed" date="1997-08-13"/>
  </code>
  <code code="MCAT">
    <editdetail attribution="Reuters BIP Coding Group" action="confirmed" date="1997-08-13"/>
  </code>
</codes>
<dc element="dc.date.created" value="1997-08-13"/>
<dc element="dc.publisher" value="Reuters Holdings Plc"/>
<dc element="dc.date.published" value="1997-08-13"/>
<dc element="dc.source" value="Reuters"/>
<dc element="dc.creator.location" value="NEW YORK"/>
<dc element="dc.creator.location.country.name" value="USA"/>
<dc element="dc.source" value="Reuters"/>
</metadata>
</newsitem>
