<?xml version="1.0" encoding="iso-8859-1" ?>
<newsitem itemid="795516" id="root" date="1997-08-13" xml:lang="en">
<title>USA: Tescorp files for 12 mln shr offering.</title>
<headline>Tescorp files for 12 mln shr offering.</headline>
<dateline>AUSTIN, Texas 1997-08-13</dateline>
<text>
<p>Tescorp Inc said on Wednesday that it has filed a registration statement with the Securities and Exchange Commission for a public offering of 12 million shares.</p>
<p>Selling shareholders are offering two million shares of that total, Tescorp said in a statement.</p>
<p>Proceeds to the company will be used to acquire Latin American cable television systems and for repayment of indebtedness.</p>
<p>Prudential Securities will be lead manager of the offering.</p>
</text>
<copyright>(c) Reuters Limited 1997</copyright>
<metadata>
<codes class="bip:countries:1.0">
  <code code="USA">
    <editdetail attribution="Reuters BIP Coding Group" action="confirmed" date="1997-08-13"/>
  </code>
</codes>
<codes class="bip:industries:1.0">
  <code code="I83100">
    <editdetail attribution="Reuters BIP Coding Group" action="confirmed" date="1997-08-13"/>
  </code>
</codes>
<codes class="bip:topics:1.0">
  <code code="C17">
    <editdetail attribution="Reuters BIP Coding Group" action="confirmed" date="1997-08-13"/>
  </code>
  <code code="C171">
    <editdetail attribution="Reuters BIP Coding Group" action="confirmed" date="1997-08-13"/>
  </code>
  <code code="CCAT">
    <editdetail attribution="Reuters BIP Coding Group" action="confirmed" date="1997-08-13"/>
  </code>
</codes>
<dc element="dc.date.created" value="1997-08-13"/>
<dc element="dc.publisher" value="Reuters Holdings Plc"/>
<dc element="dc.date.published" value="1997-08-13"/>
<dc element="dc.source" value="Reuters"/>
<dc element="dc.creator.location" value="AUSTIN, Texas"/>
<dc element="dc.creator.location.country.name" value="USA"/>
<dc element="dc.source" value="Reuters"/>
</metadata>
</newsitem>
