<?xml version="1.0" encoding="iso-8859-1" ?>
<newsitem itemid="795535" id="root" date="1997-08-13" xml:lang="en">
<title>USA: TABLE - CheckFree Corp Q4 loss shrinks.</title>
<headline>TABLE - CheckFree Corp Q4 loss shrinks.</headline>
<dateline>ATLANTA 1997-08-13</dateline>
<text>
<p>(In thousands, except per share data)</p>
<p>					    Three months ended June 30,</p>
<p>							    1997	1996</p>
<p>REVENUES</p>
<p>Processing, servicing and merchant discount</p>
<p>							 $31,864    $19,495</p>
<p> License fees					 11,413	6,351</p>
<p> Maintenance fees				    6,913	1,640</p>
<p> Other						   4,899	1,865</p>
<p> Total Revenues				     55,089     29,351</p>
<p>Expenses:</p>
<p> Cost of processing, servicing and support  26,937     23,087</p>
<p> Research and development			 10,342	5,188</p>
<p> Sales, marketing and royalties		 11,392     10,273</p>
<p> General and administrative			5,783	3,986</p>
<p> Depreciation and amortization		   6,906	5,078</p>
<p>In process research and development,</p>
<p>  exclusivity amortization and other	   2,964     28,600</p>
<p> Total expenses				     64,324     76,212</p>
<p> Loss from operations			    (9,235)   (46,861)</p>
<p> Net loss					    (5,905)   (41,090)</p>
<p> Net loss Per Share				 (0.11)     (1.02)</p>
<p>Weighted average common shares</p>
<p>  outstanding					 54,447     40,166</p>
<p>Supplemental reconciliation of net</p>
<p>loss and loss per share:</p>
<p>Loss before income taxes and</p>
<p>  extraordinary item			     (9,048)   (46,400)</p>
<p>In process research and development,</p>
<p>  exclusivity amortization and other	   2,964     28,600</p>
<p> Gain on sale of business			    ---	  ---</p>
<p>Adjusted loss before income taxes and</p>
<p>  extraordinary item			     (6,084)   (17,800)</p>
<p> Income tax benefit				(2,129)    (4,210)</p>
<p>Net loss excluding in process research</p>
<p>and development, exclusivity amortization,</p>
<p>  other and gain on sale of business	 (3,955)   (13,590)</p>
<p>Net loss per common share, excluding in</p>
<p>process research and development, exclusivity</p>
<p>amortization, other and gain on sale of</p>
<p>  business					    (0.07)     (0.34)</p>
<p>					   Twelve months ended June 30,</p>
<p>							    1997	1996</p>
<p>REVENUES</p>
<p>Processing, servicing and merchant discount</p>
<p>						     $ 104,522  $  59,053</p>
<p> License fees					 33,088     10,970</p>
<p> Maintenance fees				   22,566	1,978</p>
<p> Other						  16,268	4,788</p>
<p> Total Revenues				    176,444     76,789</p>
<p>Expenses:</p>
<p>Cost of processing, servicing and support</p>
<p>							 102,721     51,236</p>
<p> Research and development			 32,869     13,765</p>
<p> Sales, marketing and royalties		 32,670     21,349</p>
<p> General and administrative		     18,707	9,598</p>
<p> Depreciation and amortization		  24,919	8,246</p>
<p>In process research and development,</p>
<p>  exclusivity amortization and other	 145,958    122,358</p>
<p> Total expenses				    357,844    226,552</p>
<p> Gain on sale of business			  6,250	  ---</p>
<p> Loss from operations			  (175,150)  (149,763)</p>
<p> Net loss before extraordinary item	(161,813)  (138,493)</p>
<p> Extraordinary item, net of tax		    ---	(364)</p>
<p> Net loss					  (161,813)  (138,857)</p>
<p>Net loss per common share:</p>
<p> Net loss before extraordinary item	   (3.44)     (4.14)</p>
<p> Extraordinary item				    ---     (0.01)</p>
<p> Net loss					     (3.44)     (4.15)</p>
<p>Weighted average common shares</p>
<p>  outstanding					 46,988     33,435</p>
<p>Supplemental reconciliation of net</p>
<p>loss and loss per share:</p>
<p>Loss before income taxes and</p>
<p>  extraordinary item			   (173,830)  (147,143)</p>
<p>In process research and development,</p>
<p>  exclusivity amortization and other	 145,958    122,358</p>
<p> Gain on sale of business			(6,250)	  ---</p>
<p>Adjusted loss before income taxes and</p>
<p>  extraordinary item			    (34,122)   (24,785)</p>
<p> Income tax benefit			     (11,943)    (7,931)</p>
<p>Net loss excluding in process research</p>
<p>and development, exclusivity amortization,</p>
<p>  other and gain on sale of business	(22,179)   (16,854)</p>
<p>Net loss per common share, excluding in</p>
<p>process research and development, exclusivity</p>
<p>amortization, other and gain on sale of</p>
<p>  business					    (0.47)     (0.50)</p>
<p>((-- New York Newsdesk 212-859-1610))</p>
</text>
<copyright>(c) Reuters Limited 1997</copyright>
<metadata>
<codes class="bip:countries:1.0">
  <code code="USA">
    <editdetail attribution="Reuters BIP Coding Group" action="confirmed" date="1997-08-13"/>
  </code>
</codes>
<codes class="bip:industries:1.0">
  <code code="I33030">
    <editdetail attribution="Reuters BIP Coding Group" action="confirmed" date="1997-08-13"/>
  </code>
</codes>
<codes class="bip:topics:1.0">
  <code code="C15">
    <editdetail attribution="Reuters BIP Coding Group" action="confirmed" date="1997-08-13"/>
  </code>
  <code code="C151">
    <editdetail attribution="Reuters BIP Coding Group" action="confirmed" date="1997-08-13"/>
  </code>
  <code code="C1511">
    <editdetail attribution="Reuters BIP Coding Group" action="confirmed" date="1997-08-13"/>
  </code>
  <code code="CCAT">
    <editdetail attribution="Reuters BIP Coding Group" action="confirmed" date="1997-08-13"/>
  </code>
</codes>
<dc element="dc.date.created" value="1997-08-13"/>
<dc element="dc.publisher" value="Reuters Holdings Plc"/>
<dc element="dc.date.published" value="1997-08-13"/>
<dc element="dc.source" value="Reuters"/>
<dc element="dc.creator.location" value="ATLANTA"/>
<dc element="dc.creator.location.country.name" value="USA"/>
<dc element="dc.source" value="Reuters"/>
</metadata>
</newsitem>
