<?xml version="1.0" encoding="iso-8859-1" ?>
<newsitem itemid="795567" id="root" date="1997-08-13" xml:lang="en">
<title>USA: TABLE - National Media Corp Q1 loss vs net.</title>
<headline>TABLE - National Media Corp Q1 loss vs net.</headline>
<dateline>PHILADELPHIA 1997-08-13</dateline>
<text>
<p>NATIONAL MEDIA CORPORATION</p>
<p>			    FIRST FISCAL QUARTER RESULTS</p>
<p> (In Thousands Except				  First Quarter</p>
<p> Per Share Amounts)				    Ended June 30</p>
<p>							 1997	    1996</p>
<p> Net Revenues				    $67,155     $109,300</p>
<p> Net (Loss) Income			   ( 12,989)	  4,550</p>
<p>(Loss) Earnings Before Interest, Taxes,</p>
<p>Depreciation and Amortization</p>
<p>   (EBITDA)				    ( 10,446)	  8,130</p>
<p>Net (Loss) Income Per Share:</p>
<p>   Primary					  ( .54)	    .18</p>
<p>   Fully Diluted				  ( .54)	    .18</p>
<p>Weighted average number of common</p>
<p>and common equivalent shares</p>
<p>outstanding:</p>
<p>     Primary					24,141	 25,345</p>
<p>     Fully Diluted				24,141	 25,345</p>
<p>((-- New York Newsdesk 212 859-1610))</p>
</text>
<copyright>(c) Reuters Limited 1997</copyright>
<metadata>
<codes class="bip:countries:1.0">
  <code code="USA">
    <editdetail attribution="Reuters BIP Coding Group" action="confirmed" date="1997-08-13"/>
  </code>
</codes>
<codes class="bip:industries:1.0">
  <code code="I65600">
    <editdetail attribution="Reuters BIP Coding Group" action="confirmed" date="1997-08-13"/>
  </code>
  <code code="I6560003">
    <editdetail attribution="Reuters BIP Coding Group" action="confirmed" date="1997-08-13"/>
  </code>
</codes>
<codes class="bip:topics:1.0">
  <code code="C15">
    <editdetail attribution="Reuters BIP Coding Group" action="confirmed" date="1997-08-13"/>
  </code>
  <code code="C151">
    <editdetail attribution="Reuters BIP Coding Group" action="confirmed" date="1997-08-13"/>
  </code>
  <code code="CCAT">
    <editdetail attribution="Reuters BIP Coding Group" action="confirmed" date="1997-08-13"/>
  </code>
</codes>
<dc element="dc.date.created" value="1997-08-13"/>
<dc element="dc.publisher" value="Reuters Holdings Plc"/>
<dc element="dc.date.published" value="1997-08-13"/>
<dc element="dc.source" value="Reuters"/>
<dc element="dc.creator.location" value="PHILADELPHIA"/>
<dc element="dc.creator.location.country.name" value="USA"/>
<dc element="dc.source" value="Reuters"/>
</metadata>
</newsitem>
