<?xml version="1.0" encoding="iso-8859-1" ?>
<newsitem itemid="795508" id="root" date="1997-08-13" xml:lang="en">
<title>USA: OPTIONS - U.S. debt vols off highs but well bid.</title>
<headline>OPTIONS - U.S. debt vols off highs but well bid.</headline>
<dateline>CHICAGO 1997-08-13</dateline>
<text>
<p>Implied volatilities for U.S. debt options were off highs but stayed well bid as the underlying markets whipsawed, turning down sharply after an early rally and then clawing back up, traders said.</p>
<p>&quot;The market moved around a lot, obviously,&quot; a Treasury bond options trader at the Chicago Board of Trade said. &quot;There were a lot of things trading, but generally volatilities were pumped up.&quot;</p>
<p>Implied volatility for December T-bond futures options rose about 0.2 point to 8.8 percent.  </p>
<p>Volatility for September options, which expire in just over a week and tend to swing around a lot, stood at 9.6 percent, slightly off on the day as futures recovered losses in the afternoon.</p>
<p>But traders noted that the volatility curve was still inverted due to demand for gamma, reflecting the wild gyrations in the underlying market and nervousness over inflation. Shorter-dated options are rich in gamma, which provides them with quicker premium acceleration and bigger delta changes.  </p>
<p>The August 19 Federal Open Market Committee meeting added to the risk premium on the September contracts, which expire on August 22.</p>
<p>T-bond futures ended slightly firmer after a hectic, wide-ranging session. They dived through support levels to a low of 111-31/32 in mid-morning after an early spike up to a high of 113-19/32 triggered by favorable economic data.</p>
<p>The July U.S. producer price index fell 0.1 percent in both the overall and the core rates, against average estimates of a 0.1 point rise in both. July retail sales gained 0.6 percent overall versus forecasts for a 0.7 percent gain.  </p>
<p>At the shorter end of the curve, Eurodollar volatilities were also bid up during the mid-morning selloff in futures before drifting back lower as futures recovered.</p>
<p>Implied volatilities for December and March Eurodollar futures options stood at around 8.8 and 10.8 percent respectively, little changed on the day.</p>
<p>A brokerage firm trader said mid-curve options, which are priced off of 1998 futures but expire in the coming months, continued to attract strong interest because of their relatively high gamma.</p>
<p>-- Chicago Derivatives Desk ((312-408-8750))</p>
<p>E-mail: chicago.derivatives.newsroom@reuters.com</p>
</text>
<copyright>(c) Reuters Limited 1997</copyright>
<metadata>
<codes class="bip:countries:1.0">
  <code code="USA">
    <editdetail attribution="Reuters BIP Coding Group" action="confirmed" date="1997-08-13"/>
  </code>
</codes>
<codes class="bip:topics:1.0">
  <code code="M12">
    <editdetail attribution="Reuters BIP Coding Group" action="confirmed" date="1997-08-13"/>
  </code>
  <code code="MCAT">
    <editdetail attribution="Reuters BIP Coding Group" action="confirmed" date="1997-08-13"/>
  </code>
</codes>
<dc element="dc.date.created" value="1997-08-13"/>
<dc element="dc.publisher" value="Reuters Holdings Plc"/>
<dc element="dc.date.published" value="1997-08-13"/>
<dc element="dc.source" value="Reuters"/>
<dc element="dc.creator.location" value="CHICAGO"/>
<dc element="dc.creator.location.country.name" value="USA"/>
<dc element="dc.source" value="Reuters"/>
</metadata>
</newsitem>
