<?xml version="1.0" encoding="iso-8859-1" ?>
<newsitem itemid="795538" id="root" date="1997-08-13" xml:lang="en">
<title>USA: TABLE - MIM Corp Q2 profit vs loss.</title>
<headline>TABLE - MIM Corp Q2 profit vs loss.</headline>
<dateline>PEARL RIVER, N.Y.,</dateline>
<text>
<p>IN THOUSANDS</p>
<p>			     (EXCEPT PER SHARE AMOUNTS)</p>
<p>			     FOR THE THREE MONTHS ENDED</p>
<p>				    JUNE 30,</p>
<p>					 1997			   1996</p>
<p> Net Sales			 $45,833			$68,731</p>
<p> Gross Profit			3,861			  3,303</p>
<p> Non-Cash Stock Option Charge	-		     (26,640)</p>
<p>Income (Loss) from Operations</p>
<p>					 (133)		     (25,729)</p>
<p> Net Income (Loss)		   418		     (25,606)</p>
<p> Net Income (Loss) per Share    0.03			 (3.19)</p>
<p>				IN THOUSANDS</p>
<p>			     (EXCEPT PER SHARE AMOUNTS)</p>
<p>			     FOR THE SIX MONTHS ENDED</p>
<p>					JUNE 30,</p>
<p>						  1997		  1996</p>
<p> Net Sales				 $116,644	    $135,320</p>
<p> Gross Profit				 7,843		 5,102</p>
<p> Non-Cash Stock Option Charge		 -	    (26,640)</p>
<p> Income (Loss) from Operations	   (60)	    (26,165)</p>
<p> Net Income (Loss)			  1,116	    (25,896)</p>
<p> Net Income (Loss) per Share	     0.07		(3.23)</p>
<p>((-- New York Newsdesk 212 859-1610))</p>
</text>
<copyright>(c) Reuters Limited 1997</copyright>
<metadata>
<codes class="bip:countries:1.0">
  <code code="USA">
    <editdetail attribution="Reuters BIP Coding Group" action="confirmed" date="1997-08-13"/>
  </code>
</codes>
<codes class="bip:industries:1.0">
  <code code="I64300">
    <editdetail attribution="Reuters BIP Coding Group" action="confirmed" date="1997-08-13"/>
  </code>
</codes>
<codes class="bip:topics:1.0">
  <code code="C15">
    <editdetail attribution="Reuters BIP Coding Group" action="confirmed" date="1997-08-13"/>
  </code>
  <code code="C151">
    <editdetail attribution="Reuters BIP Coding Group" action="confirmed" date="1997-08-13"/>
  </code>
  <code code="CCAT">
    <editdetail attribution="Reuters BIP Coding Group" action="confirmed" date="1997-08-13"/>
  </code>
</codes>
<dc element="dc.publisher" value="Reuters Holdings Plc"/>
<dc element="dc.date.published" value="1997-08-13"/>
<dc element="dc.source" value="Reuters"/>
<dc element="dc.creator.location" value="PEARL RIVER, N.Y., )"/>
<dc element="dc.creator.location.country.name" value="USA"/>
<dc element="dc.source" value="Reuters"/>
</metadata>
</newsitem>
