<?xml version="1.0" encoding="iso-8859-1" ?>
<newsitem itemid="795580" id="root" date="1997-08-13" xml:lang="en">
<title>USA: TABLE - Florida East Coast Industries Q2.</title>
<headline>TABLE - Florida East Coast Industries Q2.</headline>
<dateline>ST. AUGUSTINE, Fla. 1997-08-13</dateline>
<text>
<p>1997			1996</p>
<p> Shr			  $0.98		    $0.71</p>
<p> Net			  8,863		    6,469</p>
<p> Revs			74,020		   53,503</p>
<p> Avg shrs		   9,052		    9,052</p>
<p>	   6 MONTHS</p>
<p> Shr			  $1.90		    $1.53</p>
<p> Net			 17,228		   13,892</p>
<p> Revs		     135,754		  108,029</p>
<p> Avg shrs		   9,052		    9,052</p>
<p>(All data above 000s except per share numbers)</p>
<p>NOTE: 1997 revs includes $15.8 million in Q2 and $21.8 million in six month period for disposition of property.</p>
<p>1997 Q2 and six month periods include $2.9 million charge for expenses prior to disposition of Florida East Coast Railway Co.</p>
<p>-- New York Newsdesk  212-859-1610</p>
</text>
<copyright>(c) Reuters Limited 1997</copyright>
<metadata>
<codes class="bip:countries:1.0">
  <code code="USA">
    <editdetail attribution="Reuters BIP Coding Group" action="confirmed" date="1997-08-13"/>
  </code>
</codes>
<codes class="bip:industries:1.0">
  <code code="I77002">
    <editdetail attribution="Reuters BIP Coding Group" action="confirmed" date="1997-08-13"/>
  </code>
</codes>
<codes class="bip:topics:1.0">
  <code code="C15">
    <editdetail attribution="Reuters BIP Coding Group" action="confirmed" date="1997-08-13"/>
  </code>
  <code code="C151">
    <editdetail attribution="Reuters BIP Coding Group" action="confirmed" date="1997-08-13"/>
  </code>
  <code code="CCAT">
    <editdetail attribution="Reuters BIP Coding Group" action="confirmed" date="1997-08-13"/>
  </code>
</codes>
<dc element="dc.date.created" value="1997-08-13"/>
<dc element="dc.publisher" value="Reuters Holdings Plc"/>
<dc element="dc.date.published" value="1997-08-13"/>
<dc element="dc.source" value="Reuters"/>
<dc element="dc.creator.location" value="ST. AUGUSTINE, Fla."/>
<dc element="dc.creator.location.country.name" value="USA"/>
<dc element="dc.source" value="Reuters"/>
</metadata>
</newsitem>
