<?xml version="1.0" encoding="iso-8859-1" ?>
<newsitem itemid="795557" id="root" date="1997-08-13" xml:lang="en">
<title>USA: TABLE - Bank of Oklahoma sells $150 mln notes.</title>
<headline>TABLE - Bank of Oklahoma sells $150 mln notes.</headline>
<dateline>NEW YORK 1997-08-13</dateline>
<text>
<p>The following debt issue from Bank of Oklahoma was priced on Wednesday, according to joint-lead manager Bear Stearns &amp; Co Inc.</p>
<p>Chase Securities was the other manager on the deal.</p>
<p>BORROWER BANK OF OKLAHOMA</p>
<p>AMT $150 MLN	 COUPON 7.125 PCT  MATURITY 8/15/2007</p>
<p>TYPE SUB NOTES     ISS PRICE 99.478  FIRST PAY DATE 2/15/1998</p>
<p>LAST MOODY'S BAA3  YIELD  7.199 PCT  PAY FREQ  SEMI-ANNUAL LAST S&amp;P BBB	 SPREAD +83 BPS    CALLABLE  NO</p>
<p>((Caryn Trokie, U.S. Corporate Bond Unit, 212-859-1678))</p>
</text>
<copyright>(c) Reuters Limited 1997</copyright>
<metadata>
<codes class="bip:countries:1.0">
  <code code="USA">
    <editdetail attribution="Reuters BIP Coding Group" action="confirmed" date="1997-08-13"/>
  </code>
</codes>
<codes class="bip:industries:1.0">
  <code code="I81402">
    <editdetail attribution="Reuters BIP Coding Group" action="confirmed" date="1997-08-13"/>
  </code>
</codes>
<codes class="bip:topics:1.0">
  <code code="C17">
    <editdetail attribution="Reuters BIP Coding Group" action="confirmed" date="1997-08-13"/>
  </code>
  <code code="C172">
    <editdetail attribution="Reuters BIP Coding Group" action="confirmed" date="1997-08-13"/>
  </code>
  <code code="CCAT">
    <editdetail attribution="Reuters BIP Coding Group" action="confirmed" date="1997-08-13"/>
  </code>
</codes>
<dc element="dc.date.created" value="1997-08-13"/>
<dc element="dc.publisher" value="Reuters Holdings Plc"/>
<dc element="dc.date.published" value="1997-08-13"/>
<dc element="dc.source" value="Reuters"/>
<dc element="dc.creator.location" value="NEW YORK"/>
<dc element="dc.creator.location.country.name" value="USA"/>
<dc element="dc.source" value="Reuters"/>
</metadata>
</newsitem>
