<?xml version="1.0" encoding="iso-8859-1" ?>
<newsitem itemid="795517" id="root" date="1997-08-13" xml:lang="en">
<title>USA: Alex. Brown holders approve Bankers Trust merger.</title>
<headline>Alex. Brown holders approve Bankers Trust merger.</headline>
<dateline>NEW YORK 1997-08-13</dateline>
<text>
<p>Bankers Trust New York Corp said Wednesday that shareholders of Alex. Brown Inc approved the planned merger of the two firms.</p>
<p>Earlier Wednesday, Bankers Trust shareholders by a wide margin approved the issuance of 25.96 million shares pursuant to the merger.</p>
<p>The merger, valued at $1.7 billion when announced in April, is expected to close on September 1, Bankers Trust said.</p>
</text>
<copyright>(c) Reuters Limited 1997</copyright>
<metadata>
<codes class="bip:countries:1.0">
  <code code="USA">
    <editdetail attribution="Reuters BIP Coding Group" action="confirmed" date="1997-08-13"/>
  </code>
</codes>
<codes class="bip:industries:1.0">
  <code code="I81402">
    <editdetail attribution="Reuters BIP Coding Group" action="confirmed" date="1997-08-13"/>
  </code>
  <code code="I83100">
    <editdetail attribution="Reuters BIP Coding Group" action="confirmed" date="1997-08-13"/>
  </code>
</codes>
<codes class="bip:topics:1.0">
  <code code="C18">
    <editdetail attribution="Reuters BIP Coding Group" action="confirmed" date="1997-08-13"/>
  </code>
  <code code="C181">
    <editdetail attribution="Reuters BIP Coding Group" action="confirmed" date="1997-08-13"/>
  </code>
  <code code="CCAT">
    <editdetail attribution="Reuters BIP Coding Group" action="confirmed" date="1997-08-13"/>
  </code>
</codes>
<dc element="dc.date.created" value="1997-08-13"/>
<dc element="dc.publisher" value="Reuters Holdings Plc"/>
<dc element="dc.date.published" value="1997-08-13"/>
<dc element="dc.source" value="Reuters"/>
<dc element="dc.creator.location" value="NEW YORK"/>
<dc element="dc.creator.location.country.name" value="USA"/>
<dc element="dc.source" value="Reuters"/>
</metadata>
</newsitem>
