<?xml version="1.0" encoding="iso-8859-1" ?>
<newsitem itemid="795555" id="root" date="1997-08-13" xml:lang="en">
<title>USA: Norland Medical settles acquisition suits.</title>
<headline>Norland Medical settles acquisition suits.</headline>
<dateline>WHITE PLAINS, N.Y. 1997-08-13</dateline>
<text>
<p>Norland Medical Systems Inc said Wednesday that is has reached an agreement in principle to settle the class and derivative action seeking to block its proposed acquisition of Norland Corp, the exclusive worldwide supplier to Norland Medical.</p>
<p>Subject to approval by a Delaware court, the plaintiff has withdrawn his application for a preliminary injunction against the acquisition, and the company is preparing supplemental proxy material for a stockholders' meeting to vote on the acquisition.</p>
<p>That meeting, originally scheduled for August 20, will be delayed until the new material is ready, said the company.</p>
<p>Norland Medical Systems markets, sells and services a wide range of bone densitometers used to assess bone mineral content and density.</p>
</text>
<copyright>(c) Reuters Limited 1997</copyright>
<metadata>
<codes class="bip:countries:1.0">
  <code code="USA">
    <editdetail attribution="Reuters BIP Coding Group" action="confirmed" date="1997-08-13"/>
  </code>
</codes>
<codes class="bip:industries:1.0">
  <code code="I25700">
    <editdetail attribution="Reuters BIP Coding Group" action="confirmed" date="1997-08-13"/>
  </code>
  <code code="I37200">
    <editdetail attribution="Reuters BIP Coding Group" action="confirmed" date="1997-08-13"/>
  </code>
</codes>
<codes class="bip:topics:1.0">
  <code code="C12">
    <editdetail attribution="Reuters BIP Coding Group" action="confirmed" date="1997-08-13"/>
  </code>
  <code code="C18">
    <editdetail attribution="Reuters BIP Coding Group" action="confirmed" date="1997-08-13"/>
  </code>
  <code code="C181">
    <editdetail attribution="Reuters BIP Coding Group" action="confirmed" date="1997-08-13"/>
  </code>
  <code code="CCAT">
    <editdetail attribution="Reuters BIP Coding Group" action="confirmed" date="1997-08-13"/>
  </code>
  <code code="GCAT">
    <editdetail attribution="Reuters BIP Coding Group" action="confirmed" date="1997-08-13"/>
  </code>
  <code code="GCRIM">
    <editdetail attribution="Reuters BIP Coding Group" action="confirmed" date="1997-08-13"/>
  </code>
</codes>
<dc element="dc.date.created" value="1997-08-13"/>
<dc element="dc.publisher" value="Reuters Holdings Plc"/>
<dc element="dc.date.published" value="1997-08-13"/>
<dc element="dc.source" value="Reuters"/>
<dc element="dc.creator.location" value="WHITE PLAINS, N.Y."/>
<dc element="dc.creator.location.country.name" value="USA"/>
<dc element="dc.source" value="Reuters"/>
</metadata>
</newsitem>
