<?xml version="1.0" encoding="iso-8859-1" ?>
<newsitem itemid="795616" id="root" date="1997-08-13" xml:lang="en">
<title>USA: Competition for Serono drug continues.</title>
<headline>Competition for Serono drug continues.</headline>
<dateline>NORWELL, Mass. 1997-08-13</dateline>
<text>
<p>Serono Laboratories Inc said Wednesday that the U.S. Court of Appeals has stayed an injunction blocking the sale of Ferring Pharmaceuticals' Repronex, a generic version of Serono's Pergonal.</p>
<p>The appeals court decision Tuesday allows Repronex to remain on the market while the full legal process moves forward, Serono said.  The Ares-Serono SA subsidiary pointed out the Court of Appeals has not yet decided whether U.S. Food and Drug Administration properly approved Repronex.</p>
<p>A preliminary injunction barring Repronex was issued July 26 by the U.S. District Court for the District of Columbia.  </p>
<p>The injunction was issued on the basis of &quot;certain questions related to the safety of Repronex&quot; and other issues. The drug was approved by the FDA in January 1997.</p>
<p>Serono alleged Ferring asked for the stay, in part, because of its fragile financial situation.  The appeals court granted an emergency stay pending appeal and expedited hearing.</p>
<p>The court established an expedited briefing schedule for the appeals process, beginning September 19, with concluding briefs due on November 3.  </p>
<p>Responding to the appeals court, Serono said it &quot;is confident that the original district court decision barring the marketing of Repronex is correct and appropriate.&quot;</p>
<p>It described the District Court ruling in July as the first step in challenging the FDA decision to allow the marketing of Repronex as a generic product.</p>
<p>For a product to be approved as a generic in the U.S., it must demonstrate that it is &quot;the same as&quot; or &quot;identical to&quot; the pioneer product, its statement noted.</p>
<p>It said &quot;the record in this case clearly shows that two chemistry reviews by FDA's own scientists concluded Pergonal and Repronex are not 'the same' or 'identical' drugs.  In addition, Serono has submitted its own data demonstrating how the two products differ in both active and inactive ingredients.  Despite these differences, which prevent approval as a generic, the record shows that Ferring has not submitted any clinical trial data for the approval of its menotropins product.&quot;</p>
<p>((-- New York Newsdesk 212 859-1610))</p>
</text>
<copyright>(c) Reuters Limited 1997</copyright>
<metadata>
<codes class="bip:countries:1.0">
  <code code="USA">
    <editdetail attribution="Reuters BIP Coding Group" action="confirmed" date="1997-08-13"/>
  </code>
</codes>
<codes class="bip:industries:1.0">
  <code code="I25700">
    <editdetail attribution="Reuters BIP Coding Group" action="confirmed" date="1997-08-13"/>
  </code>
</codes>
<codes class="bip:topics:1.0">
  <code code="C12">
    <editdetail attribution="Reuters BIP Coding Group" action="confirmed" date="1997-08-13"/>
  </code>
  <code code="C31">
    <editdetail attribution="Reuters BIP Coding Group" action="confirmed" date="1997-08-13"/>
  </code>
  <code code="CCAT">
    <editdetail attribution="Reuters BIP Coding Group" action="confirmed" date="1997-08-13"/>
  </code>
  <code code="GCAT">
    <editdetail attribution="Reuters BIP Coding Group" action="confirmed" date="1997-08-13"/>
  </code>
  <code code="GCRIM">
    <editdetail attribution="Reuters BIP Coding Group" action="confirmed" date="1997-08-13"/>
  </code>
</codes>
<dc element="dc.date.created" value="1997-08-13"/>
<dc element="dc.publisher" value="Reuters Holdings Plc"/>
<dc element="dc.date.published" value="1997-08-13"/>
<dc element="dc.source" value="Reuters"/>
<dc element="dc.creator.location" value="NORWELL, Mass."/>
<dc element="dc.creator.location.country.name" value="USA"/>
<dc element="dc.source" value="Reuters"/>
</metadata>
</newsitem>
