<?xml version="1.0" encoding="iso-8859-1" ?>
<newsitem itemid="795610" id="root" date="1997-08-13" xml:lang="en">
<title>USA: Alpine Group unit names North American head.</title>
<headline>Alpine Group unit names North American head.</headline>
<dateline>NEW YORK 1997-08-13</dateline>
<text>
<p>The Alpine Group Inc said Wednesday it named Norman Taylor to the newly-created position of president of the North American operations of its refractories unit, Refraco Inc.</p>
<p>Taylor was vice president of Premier Refractories Canada during 1997 and from 1994 to 1996 was president of Didier-North American Refractories, Alpine said.</p>
</text>
<copyright>(c) Reuters Limited 1997</copyright>
<metadata>
<codes class="bip:countries:1.0">
  <code code="USA">
    <editdetail attribution="Reuters BIP Coding Group" action="confirmed" date="1997-08-13"/>
  </code>
</codes>
<codes class="bip:industries:1.0">
  <code code="I34531">
    <editdetail attribution="Reuters BIP Coding Group" action="confirmed" date="1997-08-13"/>
  </code>
</codes>
<codes class="bip:topics:1.0">
  <code code="C41">
    <editdetail attribution="Reuters BIP Coding Group" action="confirmed" date="1997-08-13"/>
  </code>
  <code code="C411">
    <editdetail attribution="Reuters BIP Coding Group" action="confirmed" date="1997-08-13"/>
  </code>
  <code code="CCAT">
    <editdetail attribution="Reuters BIP Coding Group" action="confirmed" date="1997-08-13"/>
  </code>
</codes>
<dc element="dc.date.created" value="1997-08-13"/>
<dc element="dc.publisher" value="Reuters Holdings Plc"/>
<dc element="dc.date.published" value="1997-08-13"/>
<dc element="dc.source" value="Reuters"/>
<dc element="dc.creator.location" value="NEW YORK"/>
<dc element="dc.creator.location.country.name" value="USA"/>
<dc element="dc.source" value="Reuters"/>
</metadata>
</newsitem>
