<?xml version="1.0" encoding="iso-8859-1" ?>
<newsitem itemid="795656" id="root" date="1997-08-13" xml:lang="en">
<title>USA: TABLE - General Automation Inc Q3 results.</title>
<headline>TABLE - General Automation Inc Q3 results.</headline>
<dateline>IRVINE, Calif. 1997-08-13</dateline>
<text>
<p>General Automation, Inc.</p>
<p>				    Financial Report</p>
<p> 3rd Quarter				  FY 1997	   FY 1996</p>
<p> REVENUES				   $9,409,000     $7,291,000</p>
<p> NET INCOME (After Taxes)		  214,000	  631,000</p>
<p> Average Shares Outstanding	    9,016,711	7,741,860</p>
<p> Earnings Per Share (After Taxes)	   0.02	     0.08</p>
<p>Nine Months</p>
<p> REVENUES				   29,180,000     19,129,000</p>
<p> NET INCOME (After Taxes)		  484,000	1,342,000</p>
<p> Average Shares Outstanding	    8,945,704	7,508,136</p>
<p> Earnings Per Share (After Taxes)	   0.05	     0.18</p>
</text>
<copyright>(c) Reuters Limited 1997</copyright>
<metadata>
<codes class="bip:countries:1.0">
  <code code="USA">
    <editdetail attribution="Reuters BIP Coding Group" action="confirmed" date="1997-08-13"/>
  </code>
</codes>
<codes class="bip:industries:1.0">
  <code code="I33020">
    <editdetail attribution="Reuters BIP Coding Group" action="confirmed" date="1997-08-13"/>
  </code>
</codes>
<codes class="bip:topics:1.0">
  <code code="C15">
    <editdetail attribution="Reuters BIP Coding Group" action="confirmed" date="1997-08-13"/>
  </code>
  <code code="C151">
    <editdetail attribution="Reuters BIP Coding Group" action="confirmed" date="1997-08-13"/>
  </code>
  <code code="CCAT">
    <editdetail attribution="Reuters BIP Coding Group" action="confirmed" date="1997-08-13"/>
  </code>
</codes>
<dc element="dc.date.created" value="1997-08-13"/>
<dc element="dc.publisher" value="Reuters Holdings Plc"/>
<dc element="dc.date.published" value="1997-08-13"/>
<dc element="dc.source" value="Reuters"/>
<dc element="dc.creator.location" value="IRVINE, Calif."/>
<dc element="dc.creator.location.country.name" value="USA"/>
<dc element="dc.source" value="Reuters"/>
</metadata>
</newsitem>
