<?xml version="1.0" encoding="iso-8859-1" ?>
<newsitem itemid="795671" id="root" date="1997-08-13" xml:lang="en">
<title>USA: Texas Biotechnology to offer 5 mln shares.</title>
<headline>Texas Biotechnology to offer 5 mln shares.</headline>
<dateline>WASHINGTON 1997-08-13</dateline>
<text>
<p>Texas Biotechnology Corp filed Wednesday with the U.S. Securities and Exchange Commission to register an offering of up to five million common shares.</p>
<p>Underwriters for the offering, Lehman Brothers Inc and PaineWebber Inc, have an over-allotment option of up to 750,000 shares.</p>
<p>Proceeds from the sale will be used by the biopharamaceutical company to fund preclinical and clinical testing of its products used to treat cardiovascular and other diseases.</p>
<p>After the offering, the Houston, Texas, company will have 31,003,000 shares outstanding.</p>
</text>
<copyright>(c) Reuters Limited 1997</copyright>
<metadata>
<codes class="bip:countries:1.0">
  <code code="USA">
    <editdetail attribution="Reuters BIP Coding Group" action="confirmed" date="1997-08-13"/>
  </code>
</codes>
<codes class="bip:industries:1.0">
  <code code="I25700">
    <editdetail attribution="Reuters BIP Coding Group" action="confirmed" date="1997-08-13"/>
  </code>
</codes>
<codes class="bip:topics:1.0">
  <code code="C13">
    <editdetail attribution="Reuters BIP Coding Group" action="confirmed" date="1997-08-13"/>
  </code>
  <code code="C17">
    <editdetail attribution="Reuters BIP Coding Group" action="confirmed" date="1997-08-13"/>
  </code>
  <code code="C171">
    <editdetail attribution="Reuters BIP Coding Group" action="confirmed" date="1997-08-13"/>
  </code>
  <code code="CCAT">
    <editdetail attribution="Reuters BIP Coding Group" action="confirmed" date="1997-08-13"/>
  </code>
</codes>
<dc element="dc.date.created" value="1997-08-13"/>
<dc element="dc.publisher" value="Reuters Holdings Plc"/>
<dc element="dc.date.published" value="1997-08-13"/>
<dc element="dc.source" value="Reuters"/>
<dc element="dc.creator.location" value="WASHINGTON"/>
<dc element="dc.creator.location.country.name" value="USA"/>
<dc element="dc.source" value="Reuters"/>
</metadata>
</newsitem>
