<?xml version="1.0" encoding="iso-8859-1" ?>
<newsitem itemid="795797" id="root" date="1997-08-13" xml:lang="en">
<title>USA: GOLF-ELS EYES A LONG-RUNNING RIVALRY WITH WOODS.</title>
<headline>GOLF-ELS EYES A LONG-RUNNING RIVALRY WITH WOODS.</headline>
<byline>Larry Fine</byline>
<dateline>MAMARONECK, New York 1997-08-13</dateline>
<text>
<p>Ernie Els is eager to get on with what he reckons will be a long-running rivalry with young Tiger Woods when the PGA Championship starts up on Thursday.</p>
<p>A tantalizing threesome of Masters champion Woods, U.S. Open champion Els and British Open winner Justin Leonard has been arranged for the first two rounds of the PGA, bringing together a leading trio of golf's &quot;now&quot; generation.</p>
<p>&quot;If you look into the future, Tiger's going to be around for a very long time and hopefully myself. And hopefully we'll be playing together a lot in the future,&quot; Els, 27, said on the eve of the opening round.</p>
<p>Woods, 21, said Tuesday he was also looking forward to the threesome.</p>
<p>&quot;It's going to be neat to see because we're going to be playing against each other for about 20 years and that's going to be really neat,&quot; Woods said.</p>
<p>The 25-year-old Leonard admitted there would be &quot;a little bit more tension on our group than I have been used to in the past. You know there's going to be a lot of people out there.&quot;</p>
<p>Still, the steely Texan said he expected a good time.</p>
<p>&quot;They're two good guys. They've got two great caddies. And the six of us should have a lot of fun.&quot;</p>
<p>Els, who considers himself the elder of the emerging group of stars that also includes Phil Mickelson, 27, took pains to point out that a 'rivalry' does not get personal in golf.</p>
<p>&quot;I personally want to go out there and play as best as I can and if on that day I beat Tiger or Justin, whoever it might be, so be it,&quot; he said. &quot;This is not like tennis where you play directly against the guy on the other side of the net.</p>
<p>&quot;We've got 156 players (actually 150) here this week and you have to beat those players and you have to beat the golf course. And the golf course comes first, in my mind. If I feel I played a good round on the golf course, I will feel really happy about it. And if somebody does better than me, what can you do?</p>
<p>&quot;I'm just going to try and play as good as I can and the same probably goes for Tiger and Justin and Phil Mickelson and the rest of the gang.&quot;</p>
<p>Els expects a gruelling test at Winged Foot, a course he says is tougher than both Oakmont and Congressional, the scenes of his U.S. Open triumphs.</p>
<p>Softened conditions from occasional showers on Wednesday may provide the players with a chance to go well under par in the first round, but par should be considered a very good score otherwise, agreed Els, Woods and Leonard.</p>
<p>Els differs with Woods on one subject, however. The runaway Masters winner said the old guard of golf stars was on the way out, falling victim to Father Time. Els thinks not.</p>
<p>&quot;How do you define 'older players'? Do you define Greg Norman as an older player?&quot; Els said for starters, using as an example the 42-year-old Australian, a two-time British Open champion ranked third in the world behind Els and No. 1 Woods.</p>
<p>&quot;I don't believe that. I think Greg's got a lot of years ahead of him. If you look at the guys that just turned 40 now, if you call them older players, I don't want to insult them.</p>
<p>&quot;I played a practice round this morning with Nick Price (40) and he's hitting the ball as good as ever.&quot;</p>
<p>Els said the success of the younger players may be motivating the established stars. &quot;I don't think the older guys are through. They're working out in gyms and they're working on their bodies and on their physiques and everything, so they've got a couple of years ahead of them.&quot;</p>
<p>The South African took his thesis one step further.</p>
<p>&quot;These guys have got experience. And I believe a great experienced player will win this week.&quot;</p>
</text>
<copyright>(c) Reuters Limited 1997</copyright>
<metadata>
<codes class="bip:countries:1.0">
  <code code="USA">
    <editdetail attribution="Reuters BIP Coding Group" action="confirmed" date="1997-08-13"/>
  </code>
</codes>
<codes class="bip:topics:1.0">
  <code code="GCAT">
    <editdetail attribution="Reuters BIP Coding Group" action="confirmed" date="1997-08-13"/>
  </code>
  <code code="GSPO">
    <editdetail attribution="Reuters BIP Coding Group" action="confirmed" date="1997-08-13"/>
  </code>
</codes>
<dc element="dc.date.created" value="1997-08-13"/>
<dc element="dc.publisher" value="Reuters Holdings Plc"/>
<dc element="dc.date.published" value="1997-08-13"/>
<dc element="dc.source" value="Reuters"/>
<dc element="dc.creator.location" value="MAMARONECK, New York"/>
<dc element="dc.creator.location.country.name" value="USA"/>
<dc element="dc.source" value="Reuters"/>
</metadata>
</newsitem>
