<?xml version="1.0" encoding="iso-8859-1" ?>
<newsitem itemid="795702" id="root" date="1997-08-13" xml:lang="en">
<title>USA: TABLE-Public Storage Q2 FFO shr $0.49.</title>
<headline>TABLE-Public Storage Q2 FFO shr $0.49.</headline>
<dateline>GLENDALE, Calif. 1997-08-13</dateline>
<text>
<p>PUBLIC STORAGE INC.</p>
<p>				    For the Three	 For the Six</p>
<p>				     Months Ended	Months Ended</p>
<p>					 June 30,	    June 30,</p>
<p>					1997     1996     1997     1996</p>
<p>		    (Amounts in thousands, except per-share data)</p>
<p> Revenues			110,686   83,110  211,928  158,053</p>
<p> Net income		     44,251   37,739   86,569   70,080</p>
<p>Net income allocation:  </p>
<p>Allocable to preferred</p>
<p>     shareholders	     30,668   17,896   49,818   33,062</p>
<p>Allocable to common</p>
<p>    shareholders		13,583   19,843   36,751   37,018</p>
<p>				    44,251   37,739   86,569   70,080</p>
<p>Per common share:</p>
<p> Net income			 0.14     0.27     0.39     0.51</p>
<p>Distributions</p>
<p>    per common share	    0.22     0.22     0.44     0.44</p>
<p>Weighted average common</p>
<p>     shares outstanding     98,046   73,537   93,883   72,749</p>
<p>NOTE: Fully diluted Q2 FFO shr $0.49 vs $0.50.</p>
<p>Fully diluted FFO shr for the six month period $0.98 vs $0.96.</p>
<p>The 1997 three- and six-month earnings per common share have been negatively impacted by a non-recurring special dividend on preferred stock totaling $13,412,000 (or $0.14 per common share).</p>
</text>
<copyright>(c) Reuters Limited 1997</copyright>
<metadata>
<codes class="bip:countries:1.0">
  <code code="USA">
    <editdetail attribution="Reuters BIP Coding Group" action="confirmed" date="1997-08-13"/>
  </code>
</codes>
<codes class="bip:industries:1.0">
  <code code="I81502">
    <editdetail attribution="Reuters BIP Coding Group" action="confirmed" date="1997-08-13"/>
  </code>
  <code code="I8150206">
    <editdetail attribution="Reuters BIP Coding Group" action="confirmed" date="1997-08-13"/>
  </code>
</codes>
<codes class="bip:topics:1.0">
  <code code="C15">
    <editdetail attribution="Reuters BIP Coding Group" action="confirmed" date="1997-08-13"/>
  </code>
  <code code="C151">
    <editdetail attribution="Reuters BIP Coding Group" action="confirmed" date="1997-08-13"/>
  </code>
  <code code="CCAT">
    <editdetail attribution="Reuters BIP Coding Group" action="confirmed" date="1997-08-13"/>
  </code>
</codes>
<dc element="dc.date.created" value="1997-08-13"/>
<dc element="dc.publisher" value="Reuters Holdings Plc"/>
<dc element="dc.date.published" value="1997-08-13"/>
<dc element="dc.source" value="Reuters"/>
<dc element="dc.creator.location" value="GLENDALE, Calif."/>
<dc element="dc.creator.location.country.name" value="USA"/>
<dc element="dc.source" value="Reuters"/>
</metadata>
</newsitem>
