<?xml version="1.0" encoding="iso-8859-1" ?>
<newsitem itemid="795752" id="root" date="1997-08-13" xml:lang="en">
<title>USA: One Price sees weaker Q2 EPS, cites sales.</title>
<headline>One Price sees weaker Q2 EPS, cites sales.</headline>
<dateline>DUNCAN, S.C. 1997-08-13</dateline>
<text>
<p>One Price Clothing Stores Inc, citing a &quot;disappointing&quot; two percent drop in fiscal second-quarter sales, said it expects earnings for the quarter to be $0.05 to $0.07 less than the year ago's $0.28 per share.</p>
<p>The First Call consensus for One Price for the quarter ended August 2 was $0.25.  </p>
<p>The company reported second-quarter sales of $86.1 million, down two percent from $87.4 million a year ago. Same-store sales also fell two percent.</p>
<p>&quot;We are disappointed with these sales results. We may have overreacted to the cool spring weather in April and May.  We did not aggressively pursue the opportunistic purchases of summer merchandise which could have fueled June and July's business,&quot; said Larry Kelley, president and chief executive officer.</p>
<p>The company expects to announce its quarterly earnings during the week ending August 23, 1997.</p>
</text>
<copyright>(c) Reuters Limited 1997</copyright>
<metadata>
<codes class="bip:countries:1.0">
  <code code="USA">
    <editdetail attribution="Reuters BIP Coding Group" action="confirmed" date="1997-08-13"/>
  </code>
</codes>
<codes class="bip:industries:1.0">
  <code code="I64500">
    <editdetail attribution="Reuters BIP Coding Group" action="confirmed" date="1997-08-13"/>
  </code>
</codes>
<codes class="bip:topics:1.0">
  <code code="C15">
    <editdetail attribution="Reuters BIP Coding Group" action="confirmed" date="1997-08-13"/>
  </code>
  <code code="C152">
    <editdetail attribution="Reuters BIP Coding Group" action="confirmed" date="1997-08-13"/>
  </code>
  <code code="CCAT">
    <editdetail attribution="Reuters BIP Coding Group" action="confirmed" date="1997-08-13"/>
  </code>
</codes>
<dc element="dc.date.created" value="1997-08-13"/>
<dc element="dc.publisher" value="Reuters Holdings Plc"/>
<dc element="dc.date.published" value="1997-08-13"/>
<dc element="dc.source" value="Reuters"/>
<dc element="dc.creator.location" value="DUNCAN, S.C."/>
<dc element="dc.creator.location.country.name" value="USA"/>
<dc element="dc.source" value="Reuters"/>
</metadata>
</newsitem>
