<?xml version="1.0" encoding="iso-8859-1" ?>
<newsitem itemid="795735" id="root" date="1997-08-13" xml:lang="en">
<title>USA: Informix gets $40 mln equity investment.</title>
<headline>Informix gets $40 mln equity investment.</headline>
<dateline>MENLO PARK, Calif. 1997-08-13</dateline>
<text>
<p>Informix Corp said Wednesday it received a $40 million equity investment from Fletcher International Ltd.</p>
<p>Informix said it plans to use the proceeds in its operations as it works to get the company &quot;back on track towards profitability.&quot;</p>
<p>The company said it sold 160,000 shares of newly issued series A convertible preferred stock for $40 million, and issued a warrant to acquire up to an additional 140,000 shares of series A convertible preferred stock for up to $35 million.</p>
<p>The series A convertible preferred stock is convertible into common stock any time after issuance and will automatically convert into common stock 18 months following the date of its issuance by Informix.</p>
<p>The number of shares of common stock to be issued upon conversion will vary based on future stock price movements.</p>
<p>The exercise price for the series A convertible preferred stock related to the warrant is $250 per share of series A convertible preferred stock.</p>
<p>Informix said Hambrecht &amp; Quist LLC served as placement agent on this transaction.</p>
</text>
<copyright>(c) Reuters Limited 1997</copyright>
<metadata>
<codes class="bip:countries:1.0">
  <code code="USA">
    <editdetail attribution="Reuters BIP Coding Group" action="confirmed" date="1997-08-13"/>
  </code>
</codes>
<codes class="bip:industries:1.0">
  <code code="I33020">
    <editdetail attribution="Reuters BIP Coding Group" action="confirmed" date="1997-08-13"/>
  </code>
  <code code="I3302021">
    <editdetail attribution="Reuters BIP Coding Group" action="confirmed" date="1997-08-13"/>
  </code>
</codes>
<codes class="bip:topics:1.0">
  <code code="C17">
    <editdetail attribution="Reuters BIP Coding Group" action="confirmed" date="1997-08-13"/>
  </code>
  <code code="C171">
    <editdetail attribution="Reuters BIP Coding Group" action="confirmed" date="1997-08-13"/>
  </code>
  <code code="C18">
    <editdetail attribution="Reuters BIP Coding Group" action="confirmed" date="1997-08-13"/>
  </code>
  <code code="C181">
    <editdetail attribution="Reuters BIP Coding Group" action="confirmed" date="1997-08-13"/>
  </code>
  <code code="CCAT">
    <editdetail attribution="Reuters BIP Coding Group" action="confirmed" date="1997-08-13"/>
  </code>
</codes>
<dc element="dc.date.created" value="1997-08-13"/>
<dc element="dc.publisher" value="Reuters Holdings Plc"/>
<dc element="dc.date.published" value="1997-08-13"/>
<dc element="dc.source" value="Reuters"/>
<dc element="dc.creator.location" value="MENLO PARK, Calif."/>
<dc element="dc.creator.location.country.name" value="USA"/>
<dc element="dc.source" value="Reuters"/>
</metadata>
</newsitem>
