<?xml version="1.0" encoding="iso-8859-1" ?>
<newsitem itemid="795717" id="root" date="1997-08-13" xml:lang="en">
<title>USA: N.Y. Suffolk lawmakers OK LILCO referendum - paper.</title>
<headline>N.Y. Suffolk lawmakers OK LILCO referendum - paper.</headline>
<dateline>NEW YORK 1997-08-13</dateline>
<text>
<p>Lawmakers in Suffolk County, N.Y., unamimously voted to hold a November referendum on Gov. George Pataki's plan to partly take over the Long Island Lighting Co, the New York Times reported Wednesday.</p>
<p>Passage of the referendum would require Suffolk officials to oppose the plan by all means available, including legal action, according to the Times.</p>
<p>That would be a major embarrassment to the Republican governor, who got critical support from Suffolk in the 1994 gubernatorial race.</p>
<p>Pataki, who proposed the partial takeover partly at the request of Suffolk Republicans, has promised it will cut by 17 percent electricity rates for residents in Suffolk County and neighboring Nassau County. Suffolk also would get another boon -- a 50 percent reduction in a $1.2 billion debt it owes LILCO for overtaxing its shuttered Shoreham nuclear plant.</p>
<p>The New York Times said Nassau officials were baffled by the Suffolk County legislature's decision to put the referendum on the ballot.</p>
<p>The Suffolk County Executive, Robert Gaffney, is a long-time critic of LILCO and a strong support of Pataki's plan. While Gaffney cleared the way to put the measure on the ballot in November, the paper said he predicted Suffolk County's voters would support Pataki's plan to sell nearly $7.3 billion of bonds to finance the transaction.</p>
<p>Under the governor's proposal, a state agency, Long Island Power Authority, would buy assets from LILCO and Brooklyn Union Gas. Shareholders of the two companies in early August approved a merger plan, as well as the partial state takeover of LILCO.</p>
<p>((--U.S. Municipal Desk, 212-859-1650))</p>
</text>
<copyright>(c) Reuters Limited 1997</copyright>
<metadata>
<codes class="bip:countries:1.0">
  <code code="USA">
    <editdetail attribution="Reuters BIP Coding Group" action="confirmed" date="1997-08-13"/>
  </code>
</codes>
<codes class="bip:industries:1.0">
  <code code="I16100">
    <editdetail attribution="Reuters BIP Coding Group" action="confirmed" date="1997-08-13"/>
  </code>
  <code code="I16200">
    <editdetail attribution="Reuters BIP Coding Group" action="confirmed" date="1997-08-13"/>
  </code>
</codes>
<codes class="bip:topics:1.0">
  <code code="C13">
    <editdetail attribution="Reuters BIP Coding Group" action="confirmed" date="1997-08-13"/>
  </code>
  <code code="C18">
    <editdetail attribution="Reuters BIP Coding Group" action="confirmed" date="1997-08-13"/>
  </code>
  <code code="C181">
    <editdetail attribution="Reuters BIP Coding Group" action="confirmed" date="1997-08-13"/>
  </code>
  <code code="CCAT">
    <editdetail attribution="Reuters BIP Coding Group" action="confirmed" date="1997-08-13"/>
  </code>
</codes>
<dc element="dc.date.created" value="1997-08-13"/>
<dc element="dc.publisher" value="Reuters Holdings Plc"/>
<dc element="dc.date.published" value="1997-08-13"/>
<dc element="dc.source" value="Reuters"/>
<dc element="dc.creator.location" value="NEW YORK"/>
<dc element="dc.creator.location.country.name" value="USA"/>
<dc element="dc.source" value="Reuters"/>
</metadata>
</newsitem>
