<?xml version="1.0" encoding="iso-8859-1" ?>
<newsitem itemid="795726" id="root" date="1997-08-13" xml:lang="en">
<title>USA: Gymboree says inventory well positioned.</title>
<headline>Gymboree says inventory well positioned.</headline>
<dateline>BURLINGAME, Calif. 1997-08-13</dateline>
<text>
<p>Gymboree Corp, a maker of children's clothing and accesories, said Wednesday its inventory levels are &quot;well positioned&quot; as it enters the fall selling season.</p>
<p>Gary White, president and chief executive officer, said the company opened 47 new stores through the first half of the year and is on track with its goal of 75 to 80 new stores for the full year.</p>
<p>The company issued the statement as it reported that for the second quarter ended August 2, 1997 it posted net income of $4.6 million, as compared with $4.3 million for the same period last year.  Net income per share increased 12 percent to $0.19 per share compared with $0.17 per share last year.</p>
<p>Net sales for the latest quarter 1997 were $71.7 million, an increase of 24 percent from sales of $57.9 million for the same period last year.</p>
</text>
<copyright>(c) Reuters Limited 1997</copyright>
<metadata>
<codes class="bip:countries:1.0">
  <code code="USA">
    <editdetail attribution="Reuters BIP Coding Group" action="confirmed" date="1997-08-13"/>
  </code>
</codes>
<codes class="bip:industries:1.0">
  <code code="I64500">
    <editdetail attribution="Reuters BIP Coding Group" action="confirmed" date="1997-08-13"/>
  </code>
</codes>
<codes class="bip:topics:1.0">
  <code code="C15">
    <editdetail attribution="Reuters BIP Coding Group" action="confirmed" date="1997-08-13"/>
  </code>
  <code code="C152">
    <editdetail attribution="Reuters BIP Coding Group" action="confirmed" date="1997-08-13"/>
  </code>
  <code code="CCAT">
    <editdetail attribution="Reuters BIP Coding Group" action="confirmed" date="1997-08-13"/>
  </code>
</codes>
<dc element="dc.date.created" value="1997-08-13"/>
<dc element="dc.publisher" value="Reuters Holdings Plc"/>
<dc element="dc.date.published" value="1997-08-13"/>
<dc element="dc.source" value="Reuters"/>
<dc element="dc.creator.location" value="BURLINGAME, Calif."/>
<dc element="dc.creator.location.country.name" value="USA"/>
<dc element="dc.source" value="Reuters"/>
</metadata>
</newsitem>
