<?xml version="1.0" encoding="iso-8859-1" ?>
<newsitem itemid="795761" id="root" date="1997-08-13" xml:lang="en">
<title>USA: Network Computing sets rights plan.</title>
<headline>Network Computing sets rights plan.</headline>
<dateline>MOUNTAIN VIEW, Calif. 1997-08-13</dateline>
<text>
<p>Network Computing Devices Inc said Wednesday it has adopted a shareholder rights plan to protect holders against acquisitions which do not offer a fair premium.</p>
<p>To implement the plan, NCD's board declared a dividend of one preferred stock purchase right for each of the company's approximately 16.3 million common shares outstanding for stockholders of record Tuesday, September 2.  </p>
<p>The rights would become exercisable, and trade independently from NCD's common stock, upon the public announcement of the acquisition by a person or group of 15 percent or more of NCD's common stock, or 10 days after commencement of a tender or exchange offer for NCD common stock that would result in the acquisition of 15 percent or more of that stock.</p>
<p>The rights expire August 12, 2007, unless redeemed earlier by NCD's board, and can be redeemed by the board at a price of $0.01 per right any time before the rights become exercisable, but only in limited circumstances after that time. NCD said it had been advised by counsel that the rights distribution would not be taxable to shareholders.</p>
<p>A letter containing details of the plan will be mailed to shareholders early next month.</p>
<p>NCD said that the plan is also designed to protect against coercive tender offers or other inadequate offers, but the company added that the plan is not intended to prevent an offer that its board concludes is in the best interests of NCD and its shareholders.</p>
</text>
<copyright>(c) Reuters Limited 1997</copyright>
<metadata>
<codes class="bip:countries:1.0">
  <code code="USA">
    <editdetail attribution="Reuters BIP Coding Group" action="confirmed" date="1997-08-13"/>
  </code>
</codes>
<codes class="bip:industries:1.0">
  <code code="I33020">
    <editdetail attribution="Reuters BIP Coding Group" action="confirmed" date="1997-08-13"/>
  </code>
</codes>
<codes class="bip:topics:1.0">
  <code code="C11">
    <editdetail attribution="Reuters BIP Coding Group" action="confirmed" date="1997-08-13"/>
  </code>
  <code code="C17">
    <editdetail attribution="Reuters BIP Coding Group" action="confirmed" date="1997-08-13"/>
  </code>
  <code code="C171">
    <editdetail attribution="Reuters BIP Coding Group" action="confirmed" date="1997-08-13"/>
  </code>
  <code code="CCAT">
    <editdetail attribution="Reuters BIP Coding Group" action="confirmed" date="1997-08-13"/>
  </code>
</codes>
<dc element="dc.date.created" value="1997-08-13"/>
<dc element="dc.publisher" value="Reuters Holdings Plc"/>
<dc element="dc.date.published" value="1997-08-13"/>
<dc element="dc.source" value="Reuters"/>
<dc element="dc.creator.location" value="MOUNTAIN VIEW, Calif."/>
<dc element="dc.creator.location.country.name" value="USA"/>
<dc element="dc.source" value="Reuters"/>
</metadata>
</newsitem>
