<?xml version="1.0" encoding="iso-8859-1" ?>
<newsitem itemid="795795" id="root" date="1997-08-13" xml:lang="en">
<title>USA: Clinton to propose rules for children's drug labels.</title>
<headline>Clinton to propose rules for children's drug labels.</headline>
<dateline>WASHINGTON 1997-08-12</dateline>
<text>
<p>President Clinton plans to propose Wednesday that drug companies be required to put dosage information on labels for children's drugs, a senior White House official said Tuesday.</p>
<p>The official, who spoke on condition of anonymity, said Clinton planned to stage a White House event to announce the proposed regulations, which would allow the Health and Human Services Department to require dosage information to be given for children's drugs in both prescription and over-the-counter varieties.</p>
<p>Many drug labels offer no dosage information for children, saying simply that parents should consult their physicians. Adult medicines offer precise dosage information.</p>
<p>HHS Secretary Donna Shalala, talking to reporters aboard Air Force One on Clinton's flight to Washington from a day trip to St. Louis, said Clinton's wife, Hillary, has been particularly concerned about the absence of dosage information on children's drug containers.</p>
<p>&quot;Children are not little adults&quot; when it comes to determining the dose of medicine they should take for an illness, she said.</p>
<p>Without commenting on the details of the initiative, she said Clinton's announcement would be &quot;something all parents will be able to relate to.&quot;</p>
<p>Shalala said the initiative would probably require drug companies to conduct tests of medicines to determine proper dosages for children.</p>
</text>
<copyright>(c) Reuters Limited 1997</copyright>
<metadata>
<codes class="bip:countries:1.0">
  <code code="USA">
    <editdetail attribution="Reuters BIP Coding Group" action="confirmed" date="1997-08-13"/>
  </code>
</codes>
<codes class="bip:industries:1.0">
  <code code="I25700">
    <editdetail attribution="Reuters BIP Coding Group" action="confirmed" date="1997-08-13"/>
  </code>
</codes>
<codes class="bip:topics:1.0">
  <code code="C13">
    <editdetail attribution="Reuters BIP Coding Group" action="confirmed" date="1997-08-13"/>
  </code>
  <code code="CCAT">
    <editdetail attribution="Reuters BIP Coding Group" action="confirmed" date="1997-08-13"/>
  </code>
  <code code="GCAT">
    <editdetail attribution="Reuters BIP Coding Group" action="confirmed" date="1997-08-13"/>
  </code>
  <code code="GHEA">
    <editdetail attribution="Reuters BIP Coding Group" action="confirmed" date="1997-08-13"/>
  </code>
</codes>
<dc element="dc.date.created" value="1997-08-12"/>
<dc element="dc.publisher" value="Reuters Holdings Plc"/>
<dc element="dc.date.published" value="1997-08-13"/>
<dc element="dc.source" value="Reuters"/>
<dc element="dc.creator.location" value="WASHINGTON"/>
<dc element="dc.creator.location.country.name" value="USA"/>
<dc element="dc.source" value="Reuters"/>
</metadata>
</newsitem>
