<?xml version="1.0" encoding="iso-8859-1" ?>
<newsitem itemid="795792" id="root" date="1997-08-13" xml:lang="en">
<title>USA: Alaska board resigns from Yukon Quest race.</title>
<headline>Alaska board resigns from Yukon Quest race.</headline>
<byline>Yereth Rosen</byline>
<dateline>ANCHORAGE, Alaska 1997-08-12</dateline>
<text>
<p>The entire Alaska board of the Yukon Quest International resigned on Tuesday, citing a widening rift between their organization and the Canadian board that co-manages the 1,000-mile (1,609 km) sled dog race between Fairbanks, Alaska, and Whitehorse in the Yukon.</p>
<p>&quot;The Yukon Quest Alaska Board has decided that turmoil and uncertainty is harmful to dog mushing,&quot; said a letter signed by all six Alaska board members and the race's Fairbanks-based executive director.</p>
<p>The resignations were announced four days after the Alaska board declared plans to cut Whitehorse out of the race route and the Yukon board out of the event's management.</p>
<p>But on Tuesday, Alaska executive director Phil Cole said an altered sled-dog race route -- a proposal that drew bitter opposition from mushers and Yukon Quest fans -- was never really a serious proposal.</p>
<p>Instead, it was a move &quot;like dropping the bomb&quot; that was intended to draw attention to a dispute over terms of a sponsorship contract negotiated by the Whitehorse-based Yukon board, Cole said.</p>
<p>The disputed contract is from Fulda, a German tire maker, he said.</p>
<p>&quot;This contract was negotiated and then signed without any knowledge from the Alaska board, although the Alaska portion was obligated to the terms and conditions of that contract,&quot; he said.</p>
<p>Sixteen mushers are signed up to compete in the 1998 Yukon Quest, Cole said. If the race is held as planned, it will be the 15th running of the event.</p>
<p>&quot;I would definitely hope that the race is on as planned,&quot; Cole said.</p>
<p>However, the Yukon Quest is $45,000 to $49,000 in debt, he said.</p>
<p>Confusion over the fate of the Yukon Quest -- an event often overshadowed by the more famous Iditarod Trail Sled Dog Race -- appeared to be widespread Tuesday.</p>
<p>Members of the race's Yukon board were in Fairbanks holding public meetings on the race's future.</p>
<p>Telephone calls to the local daily newspaper, the Fairbanks Daily News-Miner, ran 6-1 against changing the race route, according to reports by the Alaska Public Radio Network.</p>
</text>
<copyright>(c) Reuters Limited 1997</copyright>
<metadata>
<codes class="bip:countries:1.0">
  <code code="CANA">
    <editdetail attribution="Reuters BIP Coding Group" action="confirmed" date="1997-08-13"/>
  </code>
  <code code="USA">
    <editdetail attribution="Reuters BIP Coding Group" action="confirmed" date="1997-08-13"/>
  </code>
</codes>
<codes class="bip:topics:1.0">
  <code code="GCAT">
    <editdetail attribution="Reuters BIP Coding Group" action="confirmed" date="1997-08-13"/>
  </code>
</codes>
<dc element="dc.date.created" value="1997-08-12"/>
<dc element="dc.publisher" value="Reuters Holdings Plc"/>
<dc element="dc.date.published" value="1997-08-13"/>
<dc element="dc.source" value="Reuters"/>
<dc element="dc.creator.location" value="ANCHORAGE, Alaska"/>
<dc element="dc.creator.location.country.name" value="USA"/>
<dc element="dc.source" value="Reuters"/>
</metadata>
</newsitem>
