<?xml version="1.0" encoding="iso-8859-1" ?>
<newsitem itemid="795736" id="root" date="1997-08-13" xml:lang="en">
<title>USA: TABLE - Allou Health Q1 June 30 $0.16.</title>
<headline>TABLE - Allou Health Q1 June 30 $0.16.</headline>
<dateline>BRENTWOOD, N.Y. 1997-08-13</dateline>
<text>
<p>For the quarter ended June 30,</p>
<p>				  1997		  1996</p>
<p> Shr		     $	0.16	 $	0.14</p>
<p> Net			   987,967	     802,667</p>
<p> Revs		     64,900,000	  68,900,000</p>
<p>Full company name is Allou Health &amp; Beauty Care Inc. --((New York Newsdesk 212 859-1610))</p>
</text>
<copyright>(c) Reuters Limited 1997</copyright>
<metadata>
<codes class="bip:countries:1.0">
  <code code="USA">
    <editdetail attribution="Reuters BIP Coding Group" action="confirmed" date="1997-08-13"/>
  </code>
</codes>
<codes class="bip:industries:1.0">
  <code code="I25800">
    <editdetail attribution="Reuters BIP Coding Group" action="confirmed" date="1997-08-13"/>
  </code>
</codes>
<codes class="bip:topics:1.0">
  <code code="C15">
    <editdetail attribution="Reuters BIP Coding Group" action="confirmed" date="1997-08-13"/>
  </code>
  <code code="C151">
    <editdetail attribution="Reuters BIP Coding Group" action="confirmed" date="1997-08-13"/>
  </code>
  <code code="CCAT">
    <editdetail attribution="Reuters BIP Coding Group" action="confirmed" date="1997-08-13"/>
  </code>
</codes>
<dc element="dc.date.created" value="1997-08-13"/>
<dc element="dc.publisher" value="Reuters Holdings Plc"/>
<dc element="dc.date.published" value="1997-08-13"/>
<dc element="dc.source" value="Reuters"/>
<dc element="dc.creator.location" value="BRENTWOOD, N.Y."/>
<dc element="dc.creator.location.country.name" value="USA"/>
<dc element="dc.source" value="Reuters"/>
</metadata>
</newsitem>
