<?xml version="1.0" encoding="iso-8859-1" ?>
<newsitem itemid="795710" id="root" date="1997-08-13" xml:lang="en">
<title>USA: TABLE-Glasgal year oper shr profit $0.03.</title>
<headline>TABLE-Glasgal year oper shr profit $0.03.</headline>
<dateline>TOTOWA, N.J. 1997-08-13</dateline>
<text>
<p>GLASGAL COMMUNICATIONS INC</p>
<p>							For the Years Ended</p>
<p>							   April 30,</p>
<p>						    1997		1996</p>
<p> Net Sales				$59,481,000     $59,169,000</p>
<p> Operating Income			 1,538,000     (4,248,000)</p>
<p> Income from Continuing Operations    702,000     (5,149,000)</p>
<p> Discontinued Operations	    (5,662,000)     (8,046,000)</p>
<p> Net Loss				 (4,960,000)    (13,418,000)</p>
<p>Income (Loss) Per Share:</p>
<p>Income (loss) from Continuing Operations</p>
<p>						     0.03	    (0.28)</p>
<p>Discontinued Operations &amp; Extraordinary</p>
<p>						   (0.24)	    (0.45)</p>
<p> Net Loss Per Share			  (0.21)	    (0.73)</p>
<p>Weighted Average Common and</p>
<p> Common Equivalent Shares	    23,557,000	18,354,000</p>
<p>((-- New York Newsdesk 212 859-1610))</p>
</text>
<copyright>(c) Reuters Limited 1997</copyright>
<metadata>
<codes class="bip:countries:1.0">
  <code code="USA">
    <editdetail attribution="Reuters BIP Coding Group" action="confirmed" date="1997-08-13"/>
  </code>
</codes>
<codes class="bip:industries:1.0">
  <code code="I33030">
    <editdetail attribution="Reuters BIP Coding Group" action="confirmed" date="1997-08-13"/>
  </code>
</codes>
<codes class="bip:topics:1.0">
  <code code="C15">
    <editdetail attribution="Reuters BIP Coding Group" action="confirmed" date="1997-08-13"/>
  </code>
  <code code="C151">
    <editdetail attribution="Reuters BIP Coding Group" action="confirmed" date="1997-08-13"/>
  </code>
  <code code="C1511">
    <editdetail attribution="Reuters BIP Coding Group" action="confirmed" date="1997-08-13"/>
  </code>
  <code code="CCAT">
    <editdetail attribution="Reuters BIP Coding Group" action="confirmed" date="1997-08-13"/>
  </code>
</codes>
<dc element="dc.date.created" value="1997-08-13"/>
<dc element="dc.publisher" value="Reuters Holdings Plc"/>
<dc element="dc.date.published" value="1997-08-13"/>
<dc element="dc.source" value="Reuters"/>
<dc element="dc.creator.location" value="TOTOWA, N.J."/>
<dc element="dc.creator.location.country.name" value="USA"/>
<dc element="dc.source" value="Reuters"/>
</metadata>
</newsitem>
