<?xml version="1.0" encoding="iso-8859-1" ?>
<newsitem itemid="795745" id="root" date="1997-08-13" xml:lang="en">
<title>USA: TABLE-Phoenix Network q2 shr loss.</title>
<headline>TABLE-Phoenix Network q2 shr loss.</headline>
<dateline>GOLDEN, Colo. 1997-08-13</dateline>
<text>
<p>Phoenix Network, Inc.</p>
<p>				Selected Financial Data</p>
<p>			Three Months Ended  Six Months Ended</p>
<p>				June 30		   June 30</p>
<p>			1997	  1996	   1997	   1996</p>
<p>Revenues   $19,922,350  $26,268,640  $41,280,046  $53,604,952</p>
<p>Cost of</p>
<p>revenues</p>
<p>		14,959,624   19,084,456   30,391,313   38,903,404</p>
<p>Gross profit</p>
<p>		 4,962,726    7,184,184   10,888,733   14,701,548</p>
<p>Selling, general &amp;</p>
<p>administrative</p>
<p>   expenses  7,045,659    7,335,241   14,115,231   14,953,192</p>
<p>Depreciation and</p>
<p>amortization</p>
<p>		   954,898    1,095,011    1,933,864    2,199,189</p>
<p>Relocation expenses</p>
<p>			  --	607,429	     --	809,174</p>
<p>Income (loss) from</p>
<p>operations</p>
<p>	     (3,037,831)  (1,853,497)  (5,160,362)  (3,260,007)</p>
<p>Net interest</p>
<p>   expense   (349,469)    (128,109)    (544,178)    (175,998)</p>
<p>Net income   (loss)   (3,387,300)  (1,981,606)  (5,704,540)  (3,436,005)</p>
<p>Preferred stock</p>
<p>   dividends  (69,285)    (312,270)    (116,510)    (625,073)</p>
<p>Net income (loss)</p>
<p>attributable to</p>
<p>common shares</p>
<p>	     (3,456,585)  (2,293,876)  (5,821,050)  (4,061,078)</p>
<p>Net income (loss) per</p>
<p>   common share (0.13)	 (0.11)	   0.22	 (0.20)</p>
<p>Weighted average</p>
<p>number of shares</p>
<p>outstanding</p>
<p>		27,061,922   20,248,434   26,427,671   20,l35,298</p>
<p>SOURCE  Phoenix Network Inc.</p>
<p>-- New York Newsdesk 212 859-1610</p>
</text>
<copyright>(c) Reuters Limited 1997</copyright>
<metadata>
<codes class="bip:countries:1.0">
  <code code="USA">
    <editdetail attribution="Reuters BIP Coding Group" action="confirmed" date="1997-08-13"/>
  </code>
</codes>
<codes class="bip:industries:1.0">
  <code code="I79020">
    <editdetail attribution="Reuters BIP Coding Group" action="confirmed" date="1997-08-13"/>
  </code>
</codes>
<codes class="bip:topics:1.0">
  <code code="C15">
    <editdetail attribution="Reuters BIP Coding Group" action="confirmed" date="1997-08-13"/>
  </code>
  <code code="C151">
    <editdetail attribution="Reuters BIP Coding Group" action="confirmed" date="1997-08-13"/>
  </code>
  <code code="CCAT">
    <editdetail attribution="Reuters BIP Coding Group" action="confirmed" date="1997-08-13"/>
  </code>
</codes>
<dc element="dc.date.created" value="1997-08-13"/>
<dc element="dc.publisher" value="Reuters Holdings Plc"/>
<dc element="dc.date.published" value="1997-08-13"/>
<dc element="dc.source" value="Reuters"/>
<dc element="dc.creator.location" value="GOLDEN, Colo."/>
<dc element="dc.creator.location.country.name" value="USA"/>
<dc element="dc.source" value="Reuters"/>
</metadata>
</newsitem>
