<?xml version="1.0" encoding="iso-8859-1" ?>
<newsitem itemid="795780" id="root" date="1997-08-13" xml:lang="en">
<title>USA: TABLE - CompUSA Q4 shr $0.24 vs $0.13.</title>
<headline>TABLE - CompUSA Q4 shr $0.24 vs $0.13.</headline>
<dateline>DALLAS 1997-08-13</dateline>
<text>
<p>CompUSA Inc.</p>
<p>			     CONSOLIDATED STATEMENTS OF INCOME</p>
<p>			   (in thousands, except per share data)</p>
<p>				13 wks   14 wks     52 wks     53 wks</p>
<p>				 ended    ended     ended	ended</p>
<p>			     Jun 28,  Jun 29,    Jun 28,    Jun 29,</p>
<p>				 1997	1996	1997	 1996</p>
<p> Net sales	    $1,148,508 $998,849 $4,610,523 $3,829,786</p>
<p>Cost of sales</p>
<p>and occupancy  costs   978,019  858,578  3,953,407  3,311,682</p>
<p> Gross profit	    170,489  140,271    657,116    518,104</p>
<p>Store  operating</p>
<p>   expenses		103,505   90,545    401,722    328,344</p>
<p> Pre-opening expenses    1,494    2,318	6,220	5,466</p>
<p>General and administrative</p>
<p>   expenses		 27,112   22,021     92,183     75,488</p>
<p>PCs Compleat transaction</p>
<p>   costs			  --    3,453	   --	3,453</p>
<p> Operating income	 38,378   21,934    156,991    105,353</p>
<p>Other expense (income):</p>
<p> Interest expense	  3,093    3,111     12,229     12,487</p>
<p> Other income, net     (1,946)  (2,646)    (7,900)    (6,983)</p>
<p>	Total		  1,147	465	4,329	5,504</p>
<p>Income before income</p>
<p>  taxes		     37,231   21,469    152,662     99,849</p>
<p> Income tax expense     14,334    9,692     58,776     40,184</p>
<p> Net income		 22,897   11,777     93,886     59,665</p>
<p>Income per  common and</p>
<p>common equivalent share</p>
<p>				  0.24     0.13	 0.99	 0.65</p>
<p>Weighted average common and</p>
<p>common equivalent shares</p>
<p>				94,630   94,218     94,589     91,220</p>
<p>CompUSA Inc.</p>
<p>CONSOLIDATED BALANCE SHEETS</p>
<p>(in thousands)</p>
<p>				 Jun 28, 1997		Jun 29, 1996</p>
<p>					 ASSETS</p>
<p>Current assets:</p>
<p> Cash and cash equivalents   $209,929		    $207,614</p>
<p> Accounts receivable, net     214,568		     148,109</p>
<p> Merchandise inventories	501,426		     398,841</p>
<p> Prepaid expenses and other    18,521			15,669</p>
<p> Total current assets	   944,444		     770,233</p>
<p> Property and equipment, net  170,801		     131,184</p>
<p> Other assets			 9,347			 7,920</p>
<p> Total			    1,124,592		     909,337</p>
<p>LIABILITIES AND STOCKHOLDERS' EQUITY</p>
<p>Current liabilities:</p>
<p> Accounts payable		 483,548		     377,774</p>
<p> Accrued liabilities	     96,933			86,560</p>
<p> Total current liabilities    580,481		     464,334</p>
<p> Long-term debt		   116,144		     119,098</p>
<p> Total stockholders' equity   427,967		     325,905</p>
<p> Total			    1,124,592		     909,337</p>
<p>SOURCE  CompUSA Inc.</p>
<p>-- New York Newsdesk 212 859-1610</p>
</text>
<copyright>(c) Reuters Limited 1997</copyright>
<metadata>
<codes class="bip:countries:1.0">
  <code code="USA">
    <editdetail attribution="Reuters BIP Coding Group" action="confirmed" date="1997-08-13"/>
  </code>
</codes>
<codes class="bip:industries:1.0">
  <code code="I65400">
    <editdetail attribution="Reuters BIP Coding Group" action="confirmed" date="1997-08-13"/>
  </code>
</codes>
<codes class="bip:topics:1.0">
  <code code="C15">
    <editdetail attribution="Reuters BIP Coding Group" action="confirmed" date="1997-08-13"/>
  </code>
  <code code="C151">
    <editdetail attribution="Reuters BIP Coding Group" action="confirmed" date="1997-08-13"/>
  </code>
  <code code="C1511">
    <editdetail attribution="Reuters BIP Coding Group" action="confirmed" date="1997-08-13"/>
  </code>
  <code code="CCAT">
    <editdetail attribution="Reuters BIP Coding Group" action="confirmed" date="1997-08-13"/>
  </code>
</codes>
<dc element="dc.date.created" value="1997-08-13"/>
<dc element="dc.publisher" value="Reuters Holdings Plc"/>
<dc element="dc.date.published" value="1997-08-13"/>
<dc element="dc.source" value="Reuters"/>
<dc element="dc.creator.location" value="DALLAS"/>
<dc element="dc.creator.location.country.name" value="USA"/>
<dc element="dc.source" value="Reuters"/>
</metadata>
</newsitem>
