<?xml version="1.0" encoding="iso-8859-1" ?>
<newsitem itemid="795732" id="root" date="1997-08-13" xml:lang="en">
<title>USA: TABLE - Gymboree Q2 shr $0.19 rises.</title>
<headline>TABLE - Gymboree Q2 shr $0.19 rises.</headline>
<dateline>BURLINGAME, Calif. 1997-08-13</dateline>
<text>
<p>(In thousands, except per share and store data)</p>
<p>							13 Weeks Ended</p>
<p>						 Aug 2.     Aug. 4    %</p>
<p>						   1997	1996   Change</p>
<p> Net Sales				   $71,684   $57,898    24%</p>
<p> Cost of Goods Sold, Buying	   (41,232)  (32,750)    26%</p>
<p>&amp; Occupancy Expenses</p>
<p>   Gross Profit			     30,452    25,148    21%</p>
<p> S, G &amp; A				   (24,011)  (19,188)    25%</p>
<p> Play Program Income-net		     103	(11)     NM</p>
<p>  Operating Income			   6,544     5,949    10%</p>
<p> Interest Income				 722	 962  (25%)</p>
<p>  Income Before Taxes			7,266     6,911     5%</p>
<p> Income Taxes				(2,688)   (2,626)     2%</p>
<p>  Net Income				   4,578     4,285     7%</p>
<p> Net Income Per Share			 0.19	0.17    12%</p>
<p> Average Shares Outstanding	     24,621    25,716</p>
<p>Number of Stores at end</p>
<p>  of Period					401	 326</p>
<p>						     26 Weeks Ended</p>
<p>						 Aug 2.    Aug. 4     %</p>
<p>						  1997     1996     Change</p>
<p> Net Sales				  $156,924  $127,000    24%</p>
<p> Cost of Goods Sold, Buying	   (87,526)  (68,196)    28%</p>
<p>&amp; Occupancy Expenses</p>
<p>   Gross Profit			     69,398    58,804    18%</p>
<p> S, G &amp; A				   (50,316)  (40,003)    26%</p>
<p> Play Program Income-net		     102	 116  (12%)</p>
<p>  Operating Income			  19,184    18,917     1%</p>
<p> Interest Income			     1,732     1,852   (6%)</p>
<p>  Income Before Taxes		     20,916    20,769     1%</p>
<p> Income Taxes				(7,739)   (7,892)   (2%)</p>
<p>  Net Income				  13,177    12,877     2%</p>
<p> Net Income Per Share			 0.53	0.50     6%</p>
<p> Average Shares Outstanding	     25,023    25,593</p>
<p>Number of Stores at end</p>
<p>  of Period					401	 326</p>
<p>Full company name is Gymboree Corp.</p>
<p>--((New York Newsdesk 212 859-1610))</p>
</text>
<copyright>(c) Reuters Limited 1997</copyright>
<metadata>
<codes class="bip:countries:1.0">
  <code code="USA">
    <editdetail attribution="Reuters BIP Coding Group" action="confirmed" date="1997-08-13"/>
  </code>
</codes>
<codes class="bip:industries:1.0">
  <code code="I64500">
    <editdetail attribution="Reuters BIP Coding Group" action="confirmed" date="1997-08-13"/>
  </code>
</codes>
<codes class="bip:topics:1.0">
  <code code="C15">
    <editdetail attribution="Reuters BIP Coding Group" action="confirmed" date="1997-08-13"/>
  </code>
  <code code="C151">
    <editdetail attribution="Reuters BIP Coding Group" action="confirmed" date="1997-08-13"/>
  </code>
  <code code="CCAT">
    <editdetail attribution="Reuters BIP Coding Group" action="confirmed" date="1997-08-13"/>
  </code>
</codes>
<dc element="dc.date.created" value="1997-08-13"/>
<dc element="dc.publisher" value="Reuters Holdings Plc"/>
<dc element="dc.date.published" value="1997-08-13"/>
<dc element="dc.source" value="Reuters"/>
<dc element="dc.creator.location" value="BURLINGAME, Calif."/>
<dc element="dc.creator.location.country.name" value="USA"/>
<dc element="dc.source" value="Reuters"/>
</metadata>
</newsitem>
