<?xml version="1.0" encoding="iso-8859-1" ?>
<newsitem itemid="795829" id="root" date="1997-08-13" xml:lang="en">
<title>JAPAN: SWIMMING-NOW PAN PACIFIC CHAMPIONS LOOK TO EUROPE.</title>
<headline>SWIMMING-NOW PAN PACIFIC CHAMPIONS LOOK TO EUROPE.</headline>
<byline>Scott McDonald</byline>
<dateline>FUKUOKA, Japan 1997-08-13</dateline>
<text>
<p>American Jenny Thompson, gold medal swim star of the Pan Pacific championships, is now looking to Europe for a form guide for next year's world showdown in Australia.</p>
<p>Thompson is among competitors and coaches at the Pan Pacific meeting that ended on Wednesday who will follow with keen interest the European championships starting next week in Seville, Spain.</p>
<p>Thompson's five golds here included the women's 100 metres freestyle title in 54.82, better than the 54.88 German Sandra Volker swam to take the silver medal at last year's Atlanta Olympics.</p>
<p>The American said how well Volker performed in Spain would tell her how much work she had to do to prepare for the world championships in Perth next January.</p>
<p>&quot;Volker has been swimming very well, so it will be interesting to see her times,&quot; said Thompson, who has won five Olympic golds.</p>
<p>&quot;The (European) results will certainly let us know where we stand,&quot; head U.S. women's coach John Collins said.</p>
<p>&quot;There are some big holes in some of the events and we want to see how they are filled.&quot;</p>
<p>The coach of Costa Rica's Claudia Poll said he was hoping to see some fast times out of Seville, especially from Ireland's Michelle Smith, who won three golds in Atlanta.</p>
<p>&quot;We want someone in Europe to have times close to Claudia,&quot; said coach Francisco Rivas. &quot;We need Michelle Smith and other swimmers to push Claudia.&quot;</p>
<p>Poll took both the 200 and 400 freestyle races in Fukuoka, with her 200 time of 1:57.48 the third-best ever, and her 400 time of 4:06.56 was the best since Janet Evans of the United States swam a 4:05.85 in 1993.</p>
<p>Smith's Atlanta golds included the 400 freestyle, while Poll took the 200 event.</p>
<p>Others will be watching to see the times of Russian sprint star Alexander Popov, even though his coach said on Wednesday that Popov was not concerned about other swimmers.</p>
<p>&quot;Nobody pushes Alex, he swims as fast as he needs to win,&quot; said Gennadi Touretski, who was in Fukuoka because he is now based in Australia where, in addition to training Popov, he coaches rising Australian talent Michael Klim.</p>
<p>The times of another Russian, Denis Pankratov, who holds the world record of 52.27 in the 100 butterfly, will be watched by Neil Walker of the United States.</p>
<p>&quot;There are a lot of great swimmers in Europe and Pankratov is one of them,&quot; Walker said. &quot;I just hope I can stay close to him.&quot;</p>
</text>
<copyright>(c) Reuters Limited 1997</copyright>
<metadata>
<codes class="bip:countries:1.0">
  <code code="AUSTR">
    <editdetail attribution="Reuters BIP Coding Group" action="confirmed" date="1997-08-13"/>
  </code>
  <code code="JAP">
    <editdetail attribution="Reuters BIP Coding Group" action="confirmed" date="1997-08-13"/>
  </code>
  <code code="SPAIN">
    <editdetail attribution="Reuters BIP Coding Group" action="confirmed" date="1997-08-13"/>
  </code>
  <code code="USA">
    <editdetail attribution="Reuters BIP Coding Group" action="confirmed" date="1997-08-13"/>
  </code>
</codes>
<codes class="bip:topics:1.0">
  <code code="GCAT">
    <editdetail attribution="Reuters BIP Coding Group" action="confirmed" date="1997-08-13"/>
  </code>
  <code code="GSPO">
    <editdetail attribution="Reuters BIP Coding Group" action="confirmed" date="1997-08-13"/>
  </code>
</codes>
<dc element="dc.date.created" value="1997-08-13"/>
<dc element="dc.publisher" value="Reuters Holdings Plc"/>
<dc element="dc.date.published" value="1997-08-13"/>
<dc element="dc.source" value="Reuters"/>
<dc element="dc.creator.location" value="FUKUOKA, Japan"/>
<dc element="dc.creator.location.country.name" value="JAPAN"/>
<dc element="dc.source" value="Reuters"/>
</metadata>
</newsitem>
