<?xml version="1.0" encoding="iso-8859-1" ?>
<newsitem itemid="795832" id="root" date="1997-08-13" xml:lang="en">
<title>JAPAN: SWIMMING-RESULTS FOR THE PAN PACIFIC CHAMPIONSHIPS.</title>
<headline>SWIMMING-RESULTS FOR THE PAN PACIFIC CHAMPIONSHIPS.</headline>
<dateline>FUKUOKA, Japan 1997-08-13</dateline>
<text>
<p>Results from the final day</p>
<p>of the Pan Pacific Swimming Championships on Wednesday:</p>
<p>Women's 800 freestyle</p>
<p>1. Brooke Bennett (U.S.)  eight minutes 26.36 seconds</p>
<p>2. Claudia Poll (Costa Rica)  8:29.05</p>
<p> 3. Diana Munz (U.S.)	    8:29.06</p>
<p> 4. Ashley Whitney (U.S.)	8:38.45</p>
<p> 5. Erica Rose (U.S.)	    8:39.92</p>
<p>6. Nadine Neumann (Australia) 8:40.56</p>
<p> 7. Jamie Cail (U.S.)	    8:46.41</p>
<p> 8. Brook Townsend (U.S.)	8:48.32</p>
<p>Women's 200 individual medley</p>
<p> 1. Kristine Quance (U.S.)     2:13.79</p>
<p>2. Marianne Limpert (Canada)  2:14.91</p>
<p> 3. Joanne Malar (Canada)	2:16.17</p>
<p>4. Jennifer Parmenter (U.S.)  2:16.37</p>
<p> 5. Chen Yan (China)	     2:17.78</p>
<p> 6. Yasuko Tajima (Japan)	2:18.08</p>
<p> 7. Fumie Kurotori (Japan)     2:18.31</p>
<p>8. Jacinta van Lint (Australia) 2:22.09</p>
<p>Men's 200 individual medley</p>
<p> 1. Matthew Dunn (Australia)   2:01.14</p>
<p> 2. Curtis Myden (Canada)	2:01.83</p>
<p> 3. Ron Karnaugh (U.S.)	  2:02.25</p>
<p> 4. Josh Davis (U.S.)	    2:02.90</p>
<p> 5. Wang Wei (China)	     2:03.02</p>
<p> 6. Tatsuya Kinugasa (Japan)   2:04.58</p>
<p> 7. Mark Versfeld (Canada)     2:04.91</p>
<p>8. Theo Verster (South Africa) 2:04.94</p>
<p>Women's 50 freestyle</p>
<p> 1. Le Jingyi (China)		25.24</p>
<p> 2. Jenny Thompson (U.S.)	  25.42</p>
<p> 3. Nicole De Man (U.S.)	   25.66</p>
<p> 4. Sumika Minamoto (Japan)	25.98</p>
<p>5 equal. Sarah Ryan (Australia) 26.06</p>
<p>5 equal. Charlene Wittstock (South Africa) 26.06</p>
<p> 7. Laura Nicholls (Canada)	26.14</p>
<p>8. Christine Cech (South Africa) 26.40</p>
<p>Men's 50 freestyle</p>
<p>1 equal. Ricardo Busquests (Puerto Rico) 22.42</p>
<p> 1 equal. William Pilczuk (U.S.)	    22.42</p>
<p> 3. David Fox (U.S.)			    22.69</p>
<p> 4. Brendon Dedekind (South Africa)	 22.79</p>
<p> 5. Scott Logan (Australia)		   22.91</p>
<p> 6. Michael Klim (Australia)		  22.93</p>
<p> 7. Tomohiro Yamanoi (Japan)		  22.98</p>
<p> 8. Craig Hutchison (Canada)		  23.18</p>
<p>Women's 200 breaststroke</p>
<p> 1. Samantha Riley (Australia)	    2:25.34</p>
<p> 2. Masami Tanaka (Japan)		   2:28.66</p>
<p> 3. Lauren van Oosten (Canada)	    2:29.83</p>
<p> 4. Kristine Quance (U.S.)		  2:30.14</p>
<p> 5. Kristy Ellem (Australia)		2:30.55</p>
<p> 6. Penny Heyns (South Africa)	    2:30.72</p>
<p> 7. Kristy Kowal (U.S.)		     2:31.17</p>
<p> 8. Sarah Poewe (South Africa)	    2:36.08</p>
<p>Men's 200 breaststroke</p>
<p> 1. Kurt Grote (U.S.)			 2:14.05</p>
<p> 2. Yoshiaki Okita (Japan)		  2:14.59</p>
<p> 3. Tom Wilkens (U.S.)			2:14.80</p>
<p> 4. Philip Rogers  (Australia)	    2:14.81</p>
<p> 5. Chikara Nakashita (Japan)	     2:14.97</p>
<p> 6. Simon Cowley (Australia)		2:15.36</p>
<p> 7. Morgan Knabe (Canada)		   2:16.36</p>
<p> 8. Andrew Chan (Canada)		    2:17.59</p>
<p>Men's 1,500 freestyle</p>
<p> 1. Grant Hackett (Australia)	    15:13.25</p>
<p> 2. Tyler Painter (U.S.)		   15:17.01</p>
<p> 3. Chad Carvin (U.S.)		     15:17.18</p>
<p> 4. Hisato Yasui (Japan)		   15:34.93</p>
<p> 5. Sethsothorn Torlap (Thailand)	15:38.45</p>
<p> 6. Michael Mcwha (Canada)		 15:40.20</p>
<p> 7. Masato Hirano (Japan)		  15:40.88</p>
<p> 8. Brent Sallee (Canada)		  15:42.20</p>
<p>Women's 4x100 medley relay</p>
<p>1. United States (Lea Loveless-Maurer, Kristy Kowal, Richelle</p>
<p>Fox, Jenny Thompson) 4:04.27</p>
<p> 2. Australia				   4:05.72</p>
<p> 3. Japan					 4:07.83</p>
<p> 4. Canada					4:10.76</p>
<p> 5. South Africa				4:14.78</p>
<p> 6. New Zealand				 4:22.82</p>
<p>Men's 4x100 medley relay</p>
<p>1. United States (Lenny Krayzelburg, Kurt Grote, Nathaniel</p>
<p>Dusing, Neil Walker) 3:36.93</p>
<p> 2. Australia				   3:39.73</p>
<p> 3. Canada					3:43.98</p>
<p> 4. New Zealand				 3:52.93</p>
<p> 5. Uzbekistan				  4:00.54</p>
<p> 6. Hong Kong				   4:01.22</p>
<p>Disqualified: Japan</p>
</text>
<copyright>(c) Reuters Limited 1997</copyright>
<metadata>
<codes class="bip:countries:1.0">
  <code code="JAP">
    <editdetail attribution="Reuters BIP Coding Group" action="confirmed" date="1997-08-13"/>
  </code>
</codes>
<codes class="bip:topics:1.0">
  <code code="GCAT">
    <editdetail attribution="Reuters BIP Coding Group" action="confirmed" date="1997-08-13"/>
  </code>
  <code code="GSPO">
    <editdetail attribution="Reuters BIP Coding Group" action="confirmed" date="1997-08-13"/>
  </code>
</codes>
<dc element="dc.date.created" value="1997-08-13"/>
<dc element="dc.publisher" value="Reuters Holdings Plc"/>
<dc element="dc.date.published" value="1997-08-13"/>
<dc element="dc.source" value="Reuters"/>
<dc element="dc.creator.location" value="FUKUOKA, Japan"/>
<dc element="dc.creator.location.country.name" value="JAPAN"/>
<dc element="dc.source" value="Reuters"/>
</metadata>
</newsitem>
