<?xml version="1.0" encoding="iso-8859-1" ?>
<newsitem itemid="795861" id="root" date="1997-08-13" xml:lang="en">
<title>SPAIN: SOCCER-KARANKA SET TO JOIN REAL MADRID.</title>
<headline>SOCCER-KARANKA SET TO JOIN REAL MADRID.</headline>
<dateline>MADRID 1997-08-13</dateline>
<text>
<p>Aitor Karanka, one of Spain's most promising defenders, is expected to join Real Madrid, Spanish newspapers reported on Wednesday.</p>
<p>Karanka, 23, has played for Athletic Bilbao since he was a teenager, working his way through their youth system. He has made one appearance for Spain -- against Armenia in April 1995.</p>
<p>The move will fill the hole in Real Madrid's central defence that has existed since international defender Rafael Alkorta moved to Athletic Bilbao in June.</p>
</text>
<copyright>(c) Reuters Limited 1997</copyright>
<metadata>
<codes class="bip:countries:1.0">
  <code code="SPAIN">
    <editdetail attribution="Reuters BIP Coding Group" action="confirmed" date="1997-08-13"/>
  </code>
</codes>
<codes class="bip:topics:1.0">
  <code code="GCAT">
    <editdetail attribution="Reuters BIP Coding Group" action="confirmed" date="1997-08-13"/>
  </code>
  <code code="GSPO">
    <editdetail attribution="Reuters BIP Coding Group" action="confirmed" date="1997-08-13"/>
  </code>
</codes>
<dc element="dc.date.created" value="1997-08-13"/>
<dc element="dc.publisher" value="Reuters Holdings Plc"/>
<dc element="dc.date.published" value="1997-08-13"/>
<dc element="dc.source" value="Reuters"/>
<dc element="dc.creator.location" value="MADRID"/>
<dc element="dc.creator.location.country.name" value="SPAIN"/>
<dc element="dc.source" value="Reuters"/>
</metadata>
</newsitem>
