<?xml version="1.0" encoding="iso-8859-1" ?>
<newsitem itemid="795807" id="root" date="1997-08-13" xml:lang="en">
<title>USA: GOLF-BRAVE MONTGOMERIE SET FOR ANOTHER ASSAULT ON A MAJOR.</title>
<headline>GOLF-BRAVE MONTGOMERIE SET FOR ANOTHER ASSAULT ON A MAJOR.</headline>
<byline>Larry Fine</byline>
<dateline>MAMARONECK, New York 1997-08-13</dateline>
<text>
<p>If at first you don't succeed try, try again.</p>
<p>That's the suddenly boyish-looking Colin Montgomerie's mantra as he faces another opportunity to shed his status as the world's best player yet to win a major.</p>
<p>Montgomerie, who in the last six weeks has shed 17 pounds (8 kg) and about 10 years of age in his appearance, hopes to bounce back from yet another Grand Slam disappointment at the PGA Championship starting Thursday at Winged Foot.</p>
<p>The Briton, fifth in world rankings, was runner-up by one shot at this year's U.S. Open to Ernie Els, who also beat Montgomerie in a playoff at the 1994 U.S. Open at Oakmont.</p>
<p>Two years ago in the PGA Championship at Riviera, Montgomerie also lost a playoff to Steve Elkington.</p>
<p>&quot;It gets tougher as they go on,&quot; Montgomerie said Wednesday. &quot;Every time I finish second is tougher than the last. But you just keep going.&quot;</p>
<p>Montgomerie rededicated himself to fitness and reestablished his confidence in a double-boost at the Irish Open in Dublin, three weeks after the Open at Congressional.</p>
<p>&quot;Coming back to win in Ireland was important for me,&quot; said Montgomerie, who added that he has corrected a weight shift flaw that marred his game off the tee at the British Open.</p>
<p>Montgomerie said he does not dwell on the disappointment of his near-misses.</p>
<p>&quot;Each close call just makes me more determined than I was before,&quot; he said, mentioning that he draws inspiration from the example set by Greg Norman, who has had eight runner-up finishes in majors, including two after opponents holed-out from off the green.</p>
<p>&quot;You've got to get fortunate as well as play at the top of your game. I've been in a position a number of times now when people have done something particularly good,&quot; he said. &quot;I've been in one position when I've let it go myself.</p>
<p>&quot;And I know how Greg Norman feels about people doing stuff on him, and I think he's taken it very, very well. You just have to come back and come back and come back and try. And that's what I'm doing here again. I'm trying to win.&quot;</p>
<p>Despite his newly gained youthful appearance, Montgomerie admits he does not qualify as a member of the emerging group of golf's young lions -- led by Masters champion Tiger Woods (21), Els (27) and British Open winner Justin Leonard (25). Nor does he consider himself one of the old guard in golf.</p>
<p>&quot;I'm in the middle, really,&quot; said Montgomerie. &quot;Hopefully I'm not the old guard. I'm 34. I'm in the middle. I'm not in the 40s, you know, the Langer, Faldo and Norman crew.</p>
<p>&quot;And I'm certainly not in the 20s. So I'm in the middle. I think (Jose Maria) Olazabal and I are sort of in that middle bit. He's 32, I'm 34. So we're in that sort of middle gray area. We can still perform and yet have not had our best golf behind us.</p>
<p>&quot;I feel I'm still improving. Every year I've felt I've improved as a pro. This is my 10th year and I feel I'm still improving this year.&quot;</p>
<p>Montgomerie is sure his best is to come, and hopefully, a major will come along with it.</p>
</text>
<copyright>(c) Reuters Limited 1997</copyright>
<metadata>
<codes class="bip:countries:1.0">
  <code code="UK">
    <editdetail attribution="Reuters BIP Coding Group" action="confirmed" date="1997-08-13"/>
  </code>
  <code code="USA">
    <editdetail attribution="Reuters BIP Coding Group" action="confirmed" date="1997-08-13"/>
  </code>
</codes>
<codes class="bip:topics:1.0">
  <code code="GCAT">
    <editdetail attribution="Reuters BIP Coding Group" action="confirmed" date="1997-08-13"/>
  </code>
  <code code="GSPO">
    <editdetail attribution="Reuters BIP Coding Group" action="confirmed" date="1997-08-13"/>
  </code>
</codes>
<dc element="dc.date.created" value="1997-08-13"/>
<dc element="dc.publisher" value="Reuters Holdings Plc"/>
<dc element="dc.date.published" value="1997-08-13"/>
<dc element="dc.source" value="Reuters"/>
<dc element="dc.creator.location" value="MAMARONECK, New York"/>
<dc element="dc.creator.location.country.name" value="USA"/>
<dc element="dc.source" value="Reuters"/>
</metadata>
</newsitem>
