<?xml version="1.0" encoding="iso-8859-1" ?>
<newsitem itemid="795805" id="root" date="1997-08-13" xml:lang="en">
<title>USA: GOLF-PAVIN PULLS OUT OF PGA AFTER DEATH OF HIS FATHER.</title>
<headline>GOLF-PAVIN PULLS OUT OF PGA AFTER DEATH OF HIS FATHER.</headline>
<dateline>MAMARONECK, New York 1997-08-13</dateline>
<text>
<p>Corey Pavin pulled out of the 79th PGA Championship on the eve of the opening round after learning Wednesday that his father had died.</p>
<p>Pavin learned of the death of his father, Jack, from his brother Fletcher, who reached the 1995 U.S. Open champion at Winged Foot golf club by telephone on Wednesday morning.</p>
<p>Jack Pavin, who had a history of heart trouble, died in his sleep at home, aged 70, PGA officials said.</p>
<p>The withdrawal of Pavin from the 150-man field seemed to end his chances at selection onto the Ryder Cup team.</p>
<p>Pavin, a star on recent U.S. teams, has struggled with his game in recent months since making a change in his clubs.</p>
<p>It was believed that only an impressive performance at the PGA would make him a viable candidate for one of U.S. captain Tom Kite's two captain's picks, to be announced on Monday.</p>
<p>Pavin, who stands 43rd on the Ryder Cup points list, was replaced in the PGA field by Taylor Smith.</p>
<p>Australian Peter Senior also withdrew from the tournament on Wednesday. His place was taken by Glen Day.</p>
</text>
<copyright>(c) Reuters Limited 1997</copyright>
<metadata>
<codes class="bip:countries:1.0">
  <code code="USA">
    <editdetail attribution="Reuters BIP Coding Group" action="confirmed" date="1997-08-13"/>
  </code>
</codes>
<codes class="bip:topics:1.0">
  <code code="GCAT">
    <editdetail attribution="Reuters BIP Coding Group" action="confirmed" date="1997-08-13"/>
  </code>
  <code code="GSPO">
    <editdetail attribution="Reuters BIP Coding Group" action="confirmed" date="1997-08-13"/>
  </code>
</codes>
<dc element="dc.date.created" value="1997-08-13"/>
<dc element="dc.publisher" value="Reuters Holdings Plc"/>
<dc element="dc.date.published" value="1997-08-13"/>
<dc element="dc.source" value="Reuters"/>
<dc element="dc.creator.location" value="MAMARONECK, New York"/>
<dc element="dc.creator.location.country.name" value="USA"/>
<dc element="dc.source" value="Reuters"/>
</metadata>
</newsitem>
