<?xml version="1.0" encoding="iso-8859-1" ?>
<newsitem itemid="795815" id="root" date="1997-08-13" xml:lang="en">
<title>UK: SOCCER-MAN UTD TRIUMPH, LIVERPOOL LOSE TO LEICESTER.</title>
<headline>SOCCER-MAN UTD TRIUMPH, LIVERPOOL LOSE TO LEICESTER.</headline>
<dateline>LONDON 1997-08-13</dateline>
<text>
<p>Manchester United maintained their 100 percent record in the premier league on Wednesday on a bad night for Liverpool.</p>
<p>United, 2-0 winners at Tottenham last Sunday, beat Southampton 1-0 at Old Trafford with a David Beckham goal 12 minutes from the end but were overtaken in the standings by a rampant Blackburn who ripped apart Aston Villa 4-0 away thanks to a Chris Sutton hat-trick.</p>
<p>Paul Ince scored on his home league debut for Liverpool but it was not enough for the championship hopefuls.</p>
<p>They went down 2-1 to League Cup holders Leicester at Anfield after conceding the first goal after just 72 seconds and have now taken only one point from their two matches to date.</p>
<p>Les Ferdinand scored his first goal for Tottenham since joining from Newcastle but was a 2-1 loser at West Ham, leaving his club at the bottom of the table with two defeats while West Ham remained unbeaten.</p>
<p>Derby's first home match at their new Pride Park ground was far from proud. It was called off in the second half because of floodlight failure with the home team 2-1 up against Wimbledon.</p>
</text>
<copyright>(c) Reuters Limited 1997</copyright>
<metadata>
<codes class="bip:countries:1.0">
  <code code="UK">
    <editdetail attribution="Reuters BIP Coding Group" action="confirmed" date="1997-08-13"/>
  </code>
</codes>
<codes class="bip:topics:1.0">
  <code code="GCAT">
    <editdetail attribution="Reuters BIP Coding Group" action="confirmed" date="1997-08-13"/>
  </code>
  <code code="GSPO">
    <editdetail attribution="Reuters BIP Coding Group" action="confirmed" date="1997-08-13"/>
  </code>
</codes>
<dc element="dc.date.created" value="1997-08-13"/>
<dc element="dc.publisher" value="Reuters Holdings Plc"/>
<dc element="dc.date.published" value="1997-08-13"/>
<dc element="dc.source" value="Reuters"/>
<dc element="dc.creator.location" value="LONDON"/>
<dc element="dc.creator.location.country.name" value="UK"/>
<dc element="dc.source" value="Reuters"/>
</metadata>
</newsitem>
