<?xml version="1.0" encoding="iso-8859-1" ?>
<newsitem itemid="795849" id="root" date="1997-08-13" xml:lang="en">
<title>SWEDEN: SOCCER-RANGERS' CUP HOPES HIT BY THREE-GOAL BURST.</title>
<headline>SOCCER-RANGERS' CUP HOPES HIT BY THREE-GOAL BURST.</headline>
<dateline>GOTHENBURG, Sweden 1997-08-13</dateline>
<text>
<p>Sweden's Gothenburg fired three second-half goals past a bungling Glasgow Rangers defence on Wednesday to leave the Scottish champions facing an early exit from the European Cup.</p>
<p>Rangers lost 3-0 in their preliminary round first-leg match and now face a virtually impossible task at home in two weeks' time.</p>
<p>After a sleepy first half, with Rangers apparently looking for a draw, the Scots conceded two goals in three minutes.</p>
<p>Rangers goalkeeper Andy Goram was helpless against a 20-metre scorcher from Stefan Pettersson, and three minutes later palmed out a Per Karlsson shot but it had already crossed the line.</p>
<p>A minute from the end Rangers' disastrous night was sealed when substitute Peter Eriksson latched onto a through pass, beat the stumbling defence and drove past a stranded Goram.</p>
<p>Goram stood little chance with any of the goals, blame for which could be laid squarely at the feet of the hapless back four, who appeared lethargic and uncommitted.</p>
<p>There were bookings for Rangers' pair Alex Cleland, for a trip on Robert Andersson, and England midfielder Paul Gascoigne, for a crude, lunging tackle.</p>
<p>Gascoigne, with only 45 minutes play behind him this season, only rarely showed any flashes of inspiration.</p>
<p>Teams:</p>
<p>IFK Gothenburg: 1-Thomas Ravelli; 3-Magnus Johansson, 19-Magnus Erlingmark, 6-Teddy Lucic, 5-Olof Magnusson; 9-Niclas Alexandersson, 10-Stefan Pettersson, 11-Stefan Lindqvist, 28-Per Karlsson; 14-Andreas Andersson (8-Peter Eriksson, 87th) 20-Robert Andersson.</p>
<p>Rangers: 1-Andy Goram; 4-Sergio Porrini, 6-Joachim Bjorklund, 2-Alex Cleland, 17-Tony Vidmar; 8-Paul Gascoigne, 7-Jonas Thern, 3-Stale Stensas, 10-Jorg Albertz (12-Ian Ferguson, 69th); 9-Marco Negri (14-Ally McCoist, 69th) 15-Gordon Durie.</p>
</text>
<copyright>(c) Reuters Limited 1997</copyright>
<metadata>
<codes class="bip:countries:1.0">
  <code code="SWED">
    <editdetail attribution="Reuters BIP Coding Group" action="confirmed" date="1997-08-13"/>
  </code>
  <code code="UK">
    <editdetail attribution="Reuters BIP Coding Group" action="confirmed" date="1997-08-13"/>
  </code>
</codes>
<codes class="bip:topics:1.0">
  <code code="GCAT">
    <editdetail attribution="Reuters BIP Coding Group" action="confirmed" date="1997-08-13"/>
  </code>
  <code code="GSPO">
    <editdetail attribution="Reuters BIP Coding Group" action="confirmed" date="1997-08-13"/>
  </code>
</codes>
<dc element="dc.date.created" value="1997-08-13"/>
<dc element="dc.publisher" value="Reuters Holdings Plc"/>
<dc element="dc.date.published" value="1997-08-13"/>
<dc element="dc.source" value="Reuters"/>
<dc element="dc.creator.location" value="GOTHENBURG, Sweden"/>
<dc element="dc.creator.location.country.name" value="SWEDEN"/>
<dc element="dc.source" value="Reuters"/>
</metadata>
</newsitem>
