<?xml version="1.0" encoding="iso-8859-1" ?>
<newsitem itemid="795804" id="root" date="1997-08-13" xml:lang="en">
<title>UK: CYCLING-COMEBACK EARNS OBREE WORLD SPOT.</title>
<headline>CYCLING-COMEBACK EARNS OBREE WORLD SPOT.</headline>
<dateline>LONDON 1996-08-14</dateline>
<text>
<p>Graeme Obree, who announced his retirement from cycling three months ago, will compete in the world track championships in Perth, Western Australia.</p>
<p>But he will not compete in the individual 4,000 metres pursuit, where he won golds in 1993 and 1995, during the five-day championships which begin on August 27.</p>
<p>Instead Obree will team up with four others to contest the 4,000 metres team pursuit.</p>
<p>Obree said: &quot;My retirement was genuine, but most people said that I should not have retired so soon. I did nothing until July 15 when I was persuaded to start training.</p>
<p>&quot;My form came back so quickly I was surprised, and I am getting stronger week by week. When the world championships were mentioned I was keen to do it.&quot;</p>
<p>Obree has not ridden a pursuit race since the Atlanta Olympics when, weakened by a virus, he failed to qualify, clocking 13 seconds slower than his 1993 world 4,000 metre record of four minutes 20.894 seconds.</p>
<p>Later, Obree withdrew from the defence of his world title at Manchester, three years after he first stormed into the sport by breaking the world hour record on a home-made bike.</p>
<p>After two world pursuit titles, three world records and a lot of technical hassle with the world governing body, the Union Cycliste Internationale (UCI), the 31-year-old Scot quit racing to concentrate on a business venture.</p>
<p>His innovative bike designs were twice outlawed by the UCI in their quest to bring the racing bike &quot;back to basics&quot; so that no-one had an advantage because of special equipment.</p>
</text>
<copyright>(c) Reuters Limited 1997</copyright>
<metadata>
<codes class="bip:countries:1.0">
  <code code="AUSTR">
    <editdetail attribution="Reuters BIP Coding Group" action="confirmed" date="1997-08-13"/>
  </code>
  <code code="UK">
    <editdetail attribution="Reuters BIP Coding Group" action="confirmed" date="1997-08-13"/>
  </code>
</codes>
<codes class="bip:topics:1.0">
  <code code="GCAT">
    <editdetail attribution="Reuters BIP Coding Group" action="confirmed" date="1997-08-13"/>
  </code>
  <code code="GSPO">
    <editdetail attribution="Reuters BIP Coding Group" action="confirmed" date="1997-08-13"/>
  </code>
</codes>
<dc element="dc.date.created" value="1996-08-14"/>
<dc element="dc.publisher" value="Reuters Holdings Plc"/>
<dc element="dc.date.published" value="1997-08-13"/>
<dc element="dc.source" value="Reuters"/>
<dc element="dc.creator.location" value="LONDON"/>
<dc element="dc.creator.location.country.name" value="UK"/>
<dc element="dc.source" value="Reuters"/>
</metadata>
</newsitem>
