<?xml version="1.0" encoding="iso-8859-1" ?>
<newsitem itemid="721418" id="root" date="1997-07-11" xml:lang="en">
<title>USA: Horizon Pharmacies completes initial offer.</title>
<headline>Horizon Pharmacies completes initial offer.</headline>
<dateline>PRINCETON, Texas 1997-07-11</dateline>
<text>
<p>Horizon Pharmacies Inc Friday completed an initial public offering of 180,000 shares at $5.00 a share, according to Capital West Securities.</p>
<p>The net proceeds from the initial public offering and exercise of an over-allotment will be used for acquisitions, for repayment of debt, and for working capital and general corporate purposes.</p>
<p>Horizon Pharmacies acquires free-standing full-service retail pharmacies primarily located in communities having populations of fewer than 50,000 persons. The company owns and operates 14 retail pharmacies and plans to acquire between eight and 12 pharmacies this year.</p>
<p>		   ((Chicago newsdesk 312 408 8787))</p>
</text>
<copyright>(c) Reuters Limited 1997</copyright>
<metadata>
<codes class="bip:countries:1.0">
  <code code="USA">
    <editdetail attribution="Reuters BIP Coding Group" action="confirmed" date="1997-07-11"/>
  </code>
</codes>
<codes class="bip:topics:1.0">
  <code code="C14">
    <editdetail attribution="Reuters BIP Coding Group" action="confirmed" date="1997-07-11"/>
  </code>
  <code code="C17">
    <editdetail attribution="Reuters BIP Coding Group" action="confirmed" date="1997-07-11"/>
  </code>
  <code code="C171">
    <editdetail attribution="Reuters BIP Coding Group" action="confirmed" date="1997-07-11"/>
  </code>
  <code code="CCAT">
    <editdetail attribution="Reuters BIP Coding Group" action="confirmed" date="1997-07-11"/>
  </code>
</codes>
<dc element="dc.date.created" value="1997-07-11"/>
<dc element="dc.publisher" value="Reuters Holdings Plc"/>
<dc element="dc.date.published" value="1997-07-11"/>
<dc element="dc.source" value="Reuters"/>
<dc element="dc.creator.location" value="PRINCETON, Texas"/>
<dc element="dc.creator.location.country.name" value="USA"/>
<dc element="dc.source" value="Reuters"/>
</metadata>
</newsitem>
