<?xml version="1.0" encoding="iso-8859-1" ?>
<newsitem itemid="721423" id="root" date="1997-07-11" xml:lang="en">
<title>USA: MCI loss warning seen as political salvo.</title>
<headline>MCI loss warning seen as political salvo.</headline>
<byline>Eric Auchard</byline>
<dateline>NEW YORK 1997-07-11</dateline>
<text>
<p>MCI Communications Corp.'s call for speedy regulatory action to open local phone markets -- backed by a profit warning to prove its point -- escalates a long-running war of words between long-distance carriers and local service providers.</p>
<p>Analysts said MCI's comments were mostly a political move designed to pressure regulators to take action to speed the entry of new competitors into the local phone business.</p>
<p>The company said late Thursday that heavy spending to enter local phone markets would hurt earnings for the rest of 1997 and 1998. The news sent the stocks of MCI and merger partner British Telecommunications Plc tumbling Friday.</p>
<p>MCI fell $7.125 to $35.25 in heavy trading on Nasdaq. BT's American shares fell $5.25 to $76.31 in New York.</p>
<p>&quot;This is such a dramatic announcement,&quot; SBC Warburg analyst Barry Sine said. &quot;It got Wall Street's attention and it certainly has to be heard by (Federal Communications Commission) Chairman Reed Hundt.&quot;</p>
<p>Sine said MCI's warning may even be a prelude to an antitrust case against the regional Bell companies that continue to dominate U.S. local phone markets.</p>
<p>The tactic could lead to a replay of the court action MCI brought against AT&amp;T Corp. in the 1970s that led to the breakup of the Bell system in 1984, he said.</p>
<p>But other analysts said the heavy investments MCI is making to enter the local phone business, with its resulting tug on profits, are nothing new and that the announcement was merely the latest political volley aimed at regulators.</p>
<p>&quot;MCI is looking for federal regulators to rescue it from the predicaments of the 1996 Telecom Act, but there's only so much the FCC can do,&quot; said Scott Cleland, regulatory analyst at broker Legg Mason's Precursor Group, referring to the law that opened up competition in local markets to long-distance companies and allowed local phone companies to offer long-distance service.</p>
<p>MCI said its investments in local service could mean losses of more than $800 million, or double previous estimates -- and 1998 losses could be even greater.</p>
<p>In its request for regulatory action, MCI blamed what it called the &quot;anti-competitve&quot; practices of the Baby Bells that dominate local phone markets, including foot-dragging on talks to open up local phone networks and computer systems.</p>
<p>The company asked the Federal Communications Commission to take action to end the logjam. Eighteen months after the telecommunications reform law was passed, the vast majority of Americans still have no choice when it comes to picking a local phone company, consultants Yankee Group said recently.</p>
<p>&quot;What they may be trying is to stiffen the back of the FCC on Bell entry into long-distance requests,&quot; Cleland said of pressures from Baby Bells on allowing them into the long-distance business. &quot;The big thing the FCC can do is to keep the Bells out of long distance until the Baby Bells do more to open their local phone markets,&quot; he said.</p>
<p>&quot;The RBOCs have to be careful here,&quot; Sine agreed, referring to the regional Bell, or Baby Bell, local operating companies. &quot;They need MCI to be successful here if they are ever are going to get into the long-distance business.&quot;</p>
<p>Sine said MCI may try to use the threat of an antitrust lawsuit as a sledgehammer to increase its bargaining power with Baby Bells in negotiations aimed at allowing MCI to interconnect with existing local networks.</p>
<p>&quot;There would be no shortage of co-plaintiffs if MCI filed an antitrust suit against the Baby Bells,&quot; Sine said.</p>
<p>MCI's woes echo those of long-time adversary AT&amp;T Corp., which said in March that heavy investments required to enter local service and other new markets would hurt earnings.</p>
<p>The burden of financing MCI's entry into local phone markets also figured heavily in arguments MCI has used to win approval for its pending merger with British Telecom.</p>
<p>But BellSouth Corp., a regional Bell company that faces competition from MCI and other new entrants in its nine-state local service market, said MCI is figuring out that it is expensive to operate a local phone network.</p>
<p>&quot;Any start-up business tends to lose money at the beginning,&quot; BellSouth Chief Financial Officer Ron Dykes said.</p>
<p>&quot;The remarkable part of this saga is MCI's brazen attempt to turn this fact of business life into something more than it is in order to gain political advantage. Regulators shouldn't be fooled by this ploy,&quot; he said.</p>
</text>
<copyright>(c) Reuters Limited 1997</copyright>
<metadata>
<codes class="bip:countries:1.0">
  <code code="USA">
    <editdetail attribution="Reuters BIP Coding Group" action="confirmed" date="1997-07-11"/>
  </code>
</codes>
<codes class="bip:industries:1.0">
  <code code="I79020">
    <editdetail attribution="Reuters BIP Coding Group" action="confirmed" date="1997-07-11"/>
  </code>
</codes>
<codes class="bip:topics:1.0">
  <code code="C13">
    <editdetail attribution="Reuters BIP Coding Group" action="confirmed" date="1997-07-11"/>
  </code>
  <code code="C15">
    <editdetail attribution="Reuters BIP Coding Group" action="confirmed" date="1997-07-11"/>
  </code>
  <code code="C152">
    <editdetail attribution="Reuters BIP Coding Group" action="confirmed" date="1997-07-11"/>
  </code>
  <code code="C21">
    <editdetail attribution="Reuters BIP Coding Group" action="confirmed" date="1997-07-11"/>
  </code>
  <code code="CCAT">
    <editdetail attribution="Reuters BIP Coding Group" action="confirmed" date="1997-07-11"/>
  </code>
</codes>
<dc element="dc.date.created" value="1997-07-11"/>
<dc element="dc.publisher" value="Reuters Holdings Plc"/>
<dc element="dc.date.published" value="1997-07-11"/>
<dc element="dc.source" value="Reuters"/>
<dc element="dc.creator.location" value="NEW YORK"/>
<dc element="dc.creator.location.country.name" value="USA"/>
<dc element="dc.source" value="Reuters"/>
</metadata>
</newsitem>
