<?xml version="1.0" encoding="iso-8859-1" ?>
<newsitem itemid="721464" id="root" date="1997-07-11" xml:lang="en">
<title>USA: USDA gross cutout hide and offal value.</title>
<headline>USDA gross cutout hide and offal value.</headline>
<dateline>DES MOINES 1997-07-11</dateline>
<text>
<p>The hide and offal value from a typical slaughter steer for today was estimated at $8.09 per cwt live, up 0.02 when compared to Thursday's value. - USDA</p>
<p>FOB CENTRAL U.S. TODAY'S CALCULATIONS FOR BY-PRODUCT VALUE</p>
<p>(STEER) -			   Lbs   Price  Change   Value</p>
<p>Steer hide, butt brand	 4.92   75.00    1.00    4.73</p>
<p>Tallow, edible		   1.20   19.75    -	 0.24</p>
<p>Tallow, packer bleachable    4.50   18.50   -0.50    0.83</p>
<p>Tongues, Swiss #1 Wht 0-3%   0.26  125.00    -	 0.33</p>
<p>Cheek meat, trmd		 0.32   75.00    1.50    0.24</p>
<p>Head meat			  0.13   52.25    -	 0.07</p>
<p>Oxtail, selected		 0.16  139.00    -	 0.22</p>
<p>Hearts, reg, bone out	  0.38   26.25    0.25    0.10</p>
<p>Lips, unscalded		  0.11   56.00    -	 0.06</p>
<p>Livers, slcted, gall off     0.96   34.00    -	 0.33</p>
<p>Tripe, scalded edible	  0.65   24.00    -	 0.16</p>
<p>Tripe, honeycomb bleached    0.15   49.00   -8.00    0.07</p>
<p>Lungs, inedible		  0.47    4.60    -	 0.02</p>
<p>Melts				0.14    6.25    -	 0.01</p>
<p>Meat bone ml, 50% blk/ton    3.70  275.00    2.50    0.51</p>
<p>Blood meal, 85% blk/ton	0.60  570.00    -	 0.17</p>
<p>TOTAL :			   18.65			  8.09</p>
<p>The average value of hide and offal for the five days ending Friday, July 11, 1997 was estimated at 8.09 per cwt., down -0.05 from last week and down -0.74 from last year. ((Chicago newsdesk 312-408-8720))</p>
</text>
<copyright>(c) Reuters Limited 1997</copyright>
<metadata>
<codes class="bip:countries:1.0">
  <code code="USA">
    <editdetail attribution="Reuters BIP Coding Group" action="confirmed" date="1997-07-11"/>
  </code>
</codes>
<codes class="bip:topics:1.0">
  <code code="M14">
    <editdetail attribution="Reuters BIP Coding Group" action="confirmed" date="1997-07-11"/>
  </code>
  <code code="M141">
    <editdetail attribution="Reuters BIP Coding Group" action="confirmed" date="1997-07-11"/>
  </code>
  <code code="MCAT">
    <editdetail attribution="Reuters BIP Coding Group" action="confirmed" date="1997-07-11"/>
  </code>
</codes>
<dc element="dc.date.created" value="1997-07-11"/>
<dc element="dc.publisher" value="Reuters Holdings Plc"/>
<dc element="dc.date.published" value="1997-07-11"/>
<dc element="dc.source" value="Reuters"/>
<dc element="dc.creator.location" value="DES MOINES"/>
<dc element="dc.creator.location.country.name" value="USA"/>
<dc element="dc.source" value="Reuters"/>
</metadata>
</newsitem>
