<?xml version="1.0" encoding="iso-8859-1" ?>
<newsitem itemid="721459" id="root" date="1997-07-11" xml:lang="en">
<title>USA: Northern Technologies Int'l Corp Q3 net up.</title>
<headline>Northern Technologies Int'l Corp Q3 net up.</headline>
<dateline>LINO LAKES, Minn. 1997-07-11</dateline>
<text>
<p>Third Quarter Ended May 31		   1997	    1996</p>
<p> Sales					 $2,518,582    $1,751,478</p>
<p> Net Income				     733,260	 507,039</p>
<p> Earnings per common share			.17	     .12</p>
<p> Nine Months Ended May 31		     1997	    1996</p>
<p> Sales					  6,532,957     4,977,396</p>
<p> Net Income				   1,796,371     1,384,098</p>
<p> Earnings per common share			.42	     .32</p>
<p>NOTE: Higher 1997 Q3 and nine months net reflects increased sales, higher technical assistance fees and equity in earnings of corporate joint ventures.</p>
<p>Northern Technologies International Corp is full company name.</p>
<p>		   ((Chicago newsdesk 312 408 8787))</p>
</text>
<copyright>(c) Reuters Limited 1997</copyright>
<metadata>
<codes class="bip:countries:1.0">
  <code code="USA">
    <editdetail attribution="Reuters BIP Coding Group" action="confirmed" date="1997-07-11"/>
  </code>
</codes>
<codes class="bip:industries:1.0">
  <code code="I34420">
    <editdetail attribution="Reuters BIP Coding Group" action="confirmed" date="1997-07-11"/>
  </code>
</codes>
<codes class="bip:topics:1.0">
  <code code="C15">
    <editdetail attribution="Reuters BIP Coding Group" action="confirmed" date="1997-07-11"/>
  </code>
  <code code="C151">
    <editdetail attribution="Reuters BIP Coding Group" action="confirmed" date="1997-07-11"/>
  </code>
  <code code="CCAT">
    <editdetail attribution="Reuters BIP Coding Group" action="confirmed" date="1997-07-11"/>
  </code>
</codes>
<dc element="dc.date.created" value="1997-07-11"/>
<dc element="dc.publisher" value="Reuters Holdings Plc"/>
<dc element="dc.date.published" value="1997-07-11"/>
<dc element="dc.source" value="Reuters"/>
<dc element="dc.creator.location" value="LINO LAKES, Minn."/>
<dc element="dc.creator.location.country.name" value="USA"/>
<dc element="dc.source" value="Reuters"/>
</metadata>
</newsitem>
