<?xml version="1.0" encoding="iso-8859-1" ?>
<newsitem itemid="721486" id="root" date="1997-07-11" xml:lang="en">
<title>USA: CSP Inc Q3 May 30 shr loss $0.16.</title>
<headline>CSP Inc Q3 May 30 shr loss $0.16.</headline>
<dateline>BILLERICA, Mass. 1997-07-11</dateline>
<text>
<p>For The Three Months Ended For The Nine Months Ended</p>
<p>			     May 30,    May 31,    May 30,  May 31,</p>
<p>				   1997     1996	  1997     1996</p>
<p> Sales			 $2,145    $4,007     $9,919  $12,392</p>
<p>Costs and Expenses, net:</p>
<p> Cost of sales		  852     1,802	4,132    5,186</p>
<p>Engineering and development</p>
<p>				    755	 983	2,592    2,443</p>
<p> Marketing and sales	  837     1,410	3,012    4,083</p>
<p>General and administrative</p>
<p>				    394	 349	1,309    1,450</p>
<p> Restructuring Costs	  105	 ---	   85	---</p>
<p>Total costs and expenses, net</p>
<p>				  2,943     4,544     11,130   13,162</p>
<p> Operating loss	     (798)     (537)    (1,211)    (770)</p>
<p> Other Income		   223	 222	  637	636</p>
<p>Loss before income taxes</p>
<p>				  (575)     (315)	(574)    (134)</p>
<p> Income tax benefit	 (148)     (147)	(156)     (52)</p>
<p> Net income		  ( 427)    ( 168)     ( 418)    ( 82)</p>
<p>Primary earnings per share</p>
<p>				( 0.16)   ( 0.06)    ( 0.16)  ( 0.03)</p>
<p>Weighted Average Shares Outstanding</p>
<p>  Primary		     2,684     2,706	2,682    2,716</p>
<p>(In Thousands, Except For Per Share Data)</p>
<p>(( --New York Newsdesk 212-859-1610.))</p>
</text>
<copyright>(c) Reuters Limited 1997</copyright>
<metadata>
<codes class="bip:countries:1.0">
  <code code="USA">
    <editdetail attribution="Reuters BIP Coding Group" action="confirmed" date="1997-07-11"/>
  </code>
</codes>
<codes class="bip:industries:1.0">
  <code code="I33020">
    <editdetail attribution="Reuters BIP Coding Group" action="confirmed" date="1997-07-11"/>
  </code>
</codes>
<codes class="bip:topics:1.0">
  <code code="C15">
    <editdetail attribution="Reuters BIP Coding Group" action="confirmed" date="1997-07-11"/>
  </code>
  <code code="C151">
    <editdetail attribution="Reuters BIP Coding Group" action="confirmed" date="1997-07-11"/>
  </code>
  <code code="CCAT">
    <editdetail attribution="Reuters BIP Coding Group" action="confirmed" date="1997-07-11"/>
  </code>
</codes>
<dc element="dc.date.created" value="1997-07-11"/>
<dc element="dc.publisher" value="Reuters Holdings Plc"/>
<dc element="dc.date.published" value="1997-07-11"/>
<dc element="dc.source" value="Reuters"/>
<dc element="dc.creator.location" value="BILLERICA, Mass."/>
<dc element="dc.creator.location.country.name" value="USA"/>
<dc element="dc.source" value="Reuters"/>
</metadata>
</newsitem>
