<?xml version="1.0" encoding="iso-8859-1" ?>
<newsitem itemid="721447" id="root" date="1997-07-11" xml:lang="en">
<title>USA: Q-Zar Inc buys shareholder block.</title>
<headline>Q-Zar Inc buys shareholder block.</headline>
<dateline>DALLAS 1997-07-11</dateline>
<text>
<p>The management of Q-Zar, a leisure and entertainment company, said Friday that it bought 7.3 million shares of Q-Zar stock from McCarthy Corp, a venture capital firm.</p>
<p>Q-Zar told Reuters the purchase was made on the open market totaling C$45 million or $32 million.  In a statement, the company said the McCarthy stake represented the largest single shareholding block in Q-Zar.</p>
<p>Michael Boyle, the chief financial officer of Q-Zar said, &quot;they (McCarthy) were one of the founders of the company, putting up seed money, but as we went public, their stake was diluted and they wanted to move on.  That's how venture capitalists usually work.&quot;</p>
<p>The payment will be made over three years, and the management shares will not be put back into the company treasury, Boyle said.</p>
</text>
<copyright>(c) Reuters Limited 1997</copyright>
<metadata>
<codes class="bip:countries:1.0">
  <code code="USA">
    <editdetail attribution="Reuters BIP Coding Group" action="confirmed" date="1997-07-11"/>
  </code>
</codes>
<codes class="bip:industries:1.0">
  <code code="I97412">
    <editdetail attribution="Reuters BIP Coding Group" action="confirmed" date="1997-07-11"/>
  </code>
</codes>
<codes class="bip:topics:1.0">
  <code code="C18">
    <editdetail attribution="Reuters BIP Coding Group" action="confirmed" date="1997-07-11"/>
  </code>
  <code code="C181">
    <editdetail attribution="Reuters BIP Coding Group" action="confirmed" date="1997-07-11"/>
  </code>
  <code code="CCAT">
    <editdetail attribution="Reuters BIP Coding Group" action="confirmed" date="1997-07-11"/>
  </code>
</codes>
<dc element="dc.date.created" value="1997-07-11"/>
<dc element="dc.publisher" value="Reuters Holdings Plc"/>
<dc element="dc.date.published" value="1997-07-11"/>
<dc element="dc.source" value="Reuters"/>
<dc element="dc.creator.location" value="DALLAS"/>
<dc element="dc.creator.location.country.name" value="USA"/>
<dc element="dc.source" value="Reuters"/>
</metadata>
</newsitem>
