<?xml version="1.0" encoding="iso-8859-1" ?>
<newsitem itemid="721408" id="root" date="1997-07-11" xml:lang="en">
<title>USA: CNET sells E! Online stake to E!.</title>
<headline>CNET sells E! Online stake to E!.</headline>
<dateline>LOS ANGELES 1997-07-11</dateline>
<text>
<p>E! Entertainment Television said it purchased the 50 percent interest in E! Online from CNET Inc.</p>
<p>CNET also agreed to license certain technology to E! Entertainment and to provide technological and marketing consulting services to E! Online.</p>
<p>Terms of the transaction were not disclosed.</p>
</text>
<copyright>(c) Reuters Limited 1997</copyright>
<metadata>
<codes class="bip:countries:1.0">
  <code code="USA">
    <editdetail attribution="Reuters BIP Coding Group" action="confirmed" date="1997-07-11"/>
  </code>
</codes>
<codes class="bip:industries:1.0">
  <code code="I33030">
    <editdetail attribution="Reuters BIP Coding Group" action="confirmed" date="1997-07-11"/>
  </code>
  <code code="I9741109">
    <editdetail attribution="Reuters BIP Coding Group" action="confirmed" date="1997-07-11"/>
  </code>
</codes>
<codes class="bip:topics:1.0">
  <code code="C18">
    <editdetail attribution="Reuters BIP Coding Group" action="confirmed" date="1997-07-11"/>
  </code>
  <code code="C181">
    <editdetail attribution="Reuters BIP Coding Group" action="confirmed" date="1997-07-11"/>
  </code>
  <code code="C33">
    <editdetail attribution="Reuters BIP Coding Group" action="confirmed" date="1997-07-11"/>
  </code>
  <code code="CCAT">
    <editdetail attribution="Reuters BIP Coding Group" action="confirmed" date="1997-07-11"/>
  </code>
</codes>
<dc element="dc.date.created" value="1997-07-11"/>
<dc element="dc.publisher" value="Reuters Holdings Plc"/>
<dc element="dc.date.published" value="1997-07-11"/>
<dc element="dc.source" value="Reuters"/>
<dc element="dc.creator.location" value="LOS ANGELES"/>
<dc element="dc.creator.location.country.name" value="USA"/>
<dc element="dc.source" value="Reuters"/>
</metadata>
</newsitem>
