<?xml version="1.0" encoding="iso-8859-1" ?>
<newsitem itemid="721521" id="root" date="1997-07-11" xml:lang="en">
<title>USA: American Wagering signs 3 MegaSports deals.</title>
<headline>American Wagering signs 3 MegaSports deals.</headline>
<dateline>LAS VEGAS 1997-07-11</dateline>
<text>
<p>American Wagering Inc Thursday said three casinos signed contracts to join the MegaSports network following approval from the Nevada Gaming Commission.</p>
<p>The three casinos are The Aladdin Hotel and Casino, Arizona Charlie's Casino and the Fiesta Casino.  Financial terms were undisclosed.</p>
<p>MegaSports, a pari-mutuel system for betting on sports events, is being sold by American Wagering Inc and International Game Technology.</p>
<p>&quot;There's a feeling of momentum; we are optimistic that the MegaSports network will continue to grow,&quot; Vic Salerno, chief executive officer of American Wagering, said in a statement.</p>
</text>
<copyright>(c) Reuters Limited 1997</copyright>
<metadata>
<codes class="bip:countries:1.0">
  <code code="USA">
    <editdetail attribution="Reuters BIP Coding Group" action="confirmed" date="1997-07-11"/>
  </code>
</codes>
<codes class="bip:industries:1.0">
  <code code="I49410">
    <editdetail attribution="Reuters BIP Coding Group" action="confirmed" date="1997-07-11"/>
  </code>
</codes>
<codes class="bip:topics:1.0">
  <code code="C33">
    <editdetail attribution="Reuters BIP Coding Group" action="confirmed" date="1997-07-11"/>
  </code>
  <code code="CCAT">
    <editdetail attribution="Reuters BIP Coding Group" action="confirmed" date="1997-07-11"/>
  </code>
</codes>
<dc element="dc.date.created" value="1997-07-11"/>
<dc element="dc.publisher" value="Reuters Holdings Plc"/>
<dc element="dc.date.published" value="1997-07-11"/>
<dc element="dc.source" value="Reuters"/>
<dc element="dc.creator.location" value="LAS VEGAS"/>
<dc element="dc.creator.location.country.name" value="USA"/>
<dc element="dc.source" value="Reuters"/>
</metadata>
</newsitem>
