<?xml version="1.0" encoding="iso-8859-1" ?>
<newsitem itemid="721592" id="root" date="1997-07-11" xml:lang="en">
<title>USA: Walden to buy back up to 1 mln shares.</title>
<headline>Walden to buy back up to 1 mln shares.</headline>
<dateline>DALLAS 1997-07-11</dateline>
<text>
<p>Walden Residential Properties Inc  said Friday that it has authorized the repurchase up to 1,000,000 shares of its common stock.</p>
<p>The company said the repurchase program will continue until it acquires the 1,000,000 shares or until December 31, 1998. Purchases will be made in the open market and through private transactions.</p>
<p>Under its previous 500,000 share repurchase program, Walden acquired 422,100 shares before the program's expiration on December 31, 1996.</p>
<p>Walden is a self-administered and self-managed real estate investment trust which owns and manages 75 properties with 23,188 apartment units, principally located in Texas, Florida, Oklahoma, Arizona and Tennessee.</p>
</text>
<copyright>(c) Reuters Limited 1997</copyright>
<metadata>
<codes class="bip:countries:1.0">
  <code code="USA">
    <editdetail attribution="Reuters BIP Coding Group" action="confirmed" date="1997-07-11"/>
  </code>
</codes>
<codes class="bip:industries:1.0">
  <code code="I81502">
    <editdetail attribution="Reuters BIP Coding Group" action="confirmed" date="1997-07-11"/>
  </code>
  <code code="I8150206">
    <editdetail attribution="Reuters BIP Coding Group" action="confirmed" date="1997-07-11"/>
  </code>
</codes>
<codes class="bip:topics:1.0">
  <code code="C17">
    <editdetail attribution="Reuters BIP Coding Group" action="confirmed" date="1997-07-11"/>
  </code>
  <code code="C171">
    <editdetail attribution="Reuters BIP Coding Group" action="confirmed" date="1997-07-11"/>
  </code>
  <code code="C18">
    <editdetail attribution="Reuters BIP Coding Group" action="confirmed" date="1997-07-11"/>
  </code>
  <code code="C181">
    <editdetail attribution="Reuters BIP Coding Group" action="confirmed" date="1997-07-11"/>
  </code>
  <code code="CCAT">
    <editdetail attribution="Reuters BIP Coding Group" action="confirmed" date="1997-07-11"/>
  </code>
</codes>
<dc element="dc.date.created" value="1997-07-11"/>
<dc element="dc.publisher" value="Reuters Holdings Plc"/>
<dc element="dc.date.published" value="1997-07-11"/>
<dc element="dc.source" value="Reuters"/>
<dc element="dc.creator.location" value="DALLAS"/>
<dc element="dc.creator.location.country.name" value="USA"/>
<dc element="dc.source" value="Reuters"/>
</metadata>
</newsitem>
