<?xml version="1.0" encoding="iso-8859-1" ?>
<newsitem itemid="721562" id="root" date="1997-07-11" xml:lang="en">
<title>USA: J.P. Morgan unit files $2 bln shelf offer.</title>
<headline>J.P. Morgan unit files $2 bln shelf offer.</headline>
<dateline>WASHINGTON 1997-07-11</dateline>
<text>
<p>J.P. Morgan Commercial Mortgage Finance Corp, a unit of J.P. Morgan &amp; Co Inc, filed Friday with the U.S. Securities and Exchange Commission to register a shelf offering of up to $2 billion in mortgage-pass-through-certificates.</p>
<p>The shelf offering includes previously registered securities.</p>
<p>The certificates will represent an owernship interest in a trust consisting of fixed- and floating rate mortgages.</p>
<p>J.P. Morgan Securities Inc will underwrite the offering, according to the SEC filing.</p>
</text>
<copyright>(c) Reuters Limited 1997</copyright>
<metadata>
<codes class="bip:countries:1.0">
  <code code="USA">
    <editdetail attribution="Reuters BIP Coding Group" action="confirmed" date="1997-07-11"/>
  </code>
</codes>
<codes class="bip:industries:1.0">
  <code code="I83100">
    <editdetail attribution="Reuters BIP Coding Group" action="confirmed" date="1997-07-11"/>
  </code>
</codes>
<codes class="bip:topics:1.0">
  <code code="C17">
    <editdetail attribution="Reuters BIP Coding Group" action="confirmed" date="1997-07-11"/>
  </code>
  <code code="C172">
    <editdetail attribution="Reuters BIP Coding Group" action="confirmed" date="1997-07-11"/>
  </code>
  <code code="CCAT">
    <editdetail attribution="Reuters BIP Coding Group" action="confirmed" date="1997-07-11"/>
  </code>
</codes>
<dc element="dc.date.created" value="1997-07-11"/>
<dc element="dc.publisher" value="Reuters Holdings Plc"/>
<dc element="dc.date.published" value="1997-07-11"/>
<dc element="dc.source" value="Reuters"/>
<dc element="dc.creator.location" value="WASHINGTON"/>
<dc element="dc.creator.location.country.name" value="USA"/>
<dc element="dc.source" value="Reuters"/>
</metadata>
</newsitem>
