<?xml version="1.0" encoding="iso-8859-1" ?>
<newsitem itemid="721570" id="root" date="1997-07-11" xml:lang="en">
<title>USA: RESEARCH ALERT - DeKalb EPS view cut.</title>
<headline>RESEARCH ALERT - DeKalb EPS view cut.</headline>
<dateline>MINNEAPOLIS 1997-07-11</dateline>
<text>
<p>Dain Bosworth analyst Bonnie Wittenburg said Friday she had cut her fiscal 1997 earnings estimate for DeKalb Genetics Corp to $1.70 a share from $1.75.</p>
<p>-- DeKalb today reported earnings for the fiscal third quarter of $0.73 a share, up from $0.51 a year ago. DeKalb beat the consensus estimate of $0.68 a share but did not reach Wittenburg's estimate of $0.80.</p>
<p>-- &quot;This company has good short- and long-term earnings fundamentals,&quot; Wittenburg said, adding she continues to have a buy rating on the stock.</p>
<p>-- She estimated that DeKalb's share of the North American seed corn market rose to 11.5 percent this year from 11 percent a year ago.</p>
<p>-- DeKalb shares were up four points at 77-3/4.</p>
<p>((--Chicago Newsdesk (312) 408-8787))</p>
</text>
<copyright>(c) Reuters Limited 1997</copyright>
<metadata>
<codes class="bip:countries:1.0">
  <code code="USA">
    <editdetail attribution="Reuters BIP Coding Group" action="confirmed" date="1997-07-11"/>
  </code>
</codes>
<codes class="bip:industries:1.0">
  <code code="I01001">
    <editdetail attribution="Reuters BIP Coding Group" action="confirmed" date="1997-07-11"/>
  </code>
</codes>
<codes class="bip:topics:1.0">
  <code code="C15">
    <editdetail attribution="Reuters BIP Coding Group" action="confirmed" date="1997-07-11"/>
  </code>
  <code code="C152">
    <editdetail attribution="Reuters BIP Coding Group" action="confirmed" date="1997-07-11"/>
  </code>
  <code code="CCAT">
    <editdetail attribution="Reuters BIP Coding Group" action="confirmed" date="1997-07-11"/>
  </code>
</codes>
<dc element="dc.date.created" value="1997-07-11"/>
<dc element="dc.publisher" value="Reuters Holdings Plc"/>
<dc element="dc.date.published" value="1997-07-11"/>
<dc element="dc.source" value="Reuters"/>
<dc element="dc.creator.location" value="MINNEAPOLIS"/>
<dc element="dc.creator.location.country.name" value="USA"/>
<dc element="dc.source" value="Reuters"/>
</metadata>
</newsitem>
