<?xml version="1.0" encoding="iso-8859-1" ?>
<newsitem itemid="721588" id="root" date="1997-07-11" xml:lang="en">
<title>USA: At Home rockets more than 100 pct after IPO.</title>
<headline>At Home rockets more than 100 pct after IPO.</headline>
<dateline>NEW YORK 1997-07-11</dateline>
<text>
<p>Strong demand for shares of high-speed Internet access company At Home Corp more than doubled the stock's price when it opened for trading on Friday.</p>
<p>The stock, which opened near midday, was up 13-1/4 at 23-3/4. Its IPO price was 10-1/2.  </p>
<p>Nine million shares of At Home were sold by the Redwood City, Calif., company. Its service allows customers to hook up their PCs to the Internet over existing cable television coaxial cables via cable modems.</p>
<p>The service is more than 300 times faster than typical dial-up modems, the company said in its prospectus.</p>
<p>At a stock price of $22, the company has a market capitalization of $2.61 billion. It said it would have rougly 118.6 million shares outstanding after the IPO.  </p>
<p>The stock was one of the most active issues on the Nasdaq, with over 3.6 million shares changing hands.</p>
<p>Morgan Stanley &amp; Co and Merrill Lynch were co-lead underwriters of the initial public offering.</p>
<p>((--J. Westhoven, Wall Street Desk 212 859-1881))</p>
</text>
<copyright>(c) Reuters Limited 1997</copyright>
<metadata>
<codes class="bip:countries:1.0">
  <code code="USA">
    <editdetail attribution="Reuters BIP Coding Group" action="confirmed" date="1997-07-11"/>
  </code>
</codes>
<codes class="bip:industries:1.0">
  <code code="I33030">
    <editdetail attribution="Reuters BIP Coding Group" action="confirmed" date="1997-07-11"/>
  </code>
</codes>
<codes class="bip:topics:1.0">
  <code code="C15">
    <editdetail attribution="Reuters BIP Coding Group" action="confirmed" date="1997-07-11"/>
  </code>
  <code code="C152">
    <editdetail attribution="Reuters BIP Coding Group" action="confirmed" date="1997-07-11"/>
  </code>
  <code code="C17">
    <editdetail attribution="Reuters BIP Coding Group" action="confirmed" date="1997-07-11"/>
  </code>
  <code code="C171">
    <editdetail attribution="Reuters BIP Coding Group" action="confirmed" date="1997-07-11"/>
  </code>
  <code code="CCAT">
    <editdetail attribution="Reuters BIP Coding Group" action="confirmed" date="1997-07-11"/>
  </code>
</codes>
<dc element="dc.date.created" value="1997-07-11"/>
<dc element="dc.publisher" value="Reuters Holdings Plc"/>
<dc element="dc.date.published" value="1997-07-11"/>
<dc element="dc.source" value="Reuters"/>
<dc element="dc.creator.location" value="NEW YORK"/>
<dc element="dc.creator.location.country.name" value="USA"/>
<dc element="dc.source" value="Reuters"/>
</metadata>
</newsitem>
