<?xml version="1.0" encoding="iso-8859-1" ?>
<newsitem itemid="721526" id="root" date="1997-07-11" xml:lang="en">
<title>USA: US hotel stock offerings fell in H1 1997 -- study.</title>
<headline>US hotel stock offerings fell in H1 1997 -- study.</headline>
<dateline>NEW YORK 1997-07-11</dateline>
<text>
<p>U.S. hotel companies raised fewer dollars in public stock offerings in the first half of 1997 than last year, but hotel real estate investment trusts used the public stock markets to raise more funds, according to a study by Coopers &amp; Lybrand LLC.</p>
<p>Lodging firms raised $1.2 billion in public stock offerings in the first half of 1997, down from $2 billion last year, the study said. But hotel real estate investment trusts (REITs) raised about a billion dollars, up from last year's $732 million.  </p>
<p>Bjorn Hanson, the chairman of Coopers &amp; Lybrand's lodging practice noted that the IPO market in general was slower in the first half of 1997 than it was in the first half of 1996, when demand for new stock was at &quot;tremendous&quot; levels.</p>
<p>He also said many lodging firms went public between 1994 and 1996, leaving few to raise money through IPOs this year.</p>
<p>In the second quarter, lodging corporations raised $300 million, sharply below the $1.5 billion raised last year. Lodging REITs raised $534 million, down from the $732 million raised in the year-ago period, but more than the $488.5 million generated in the first quarter of 1997.  </p>
<p>In the second quarter, three hotel companies raised money in stock offerings with secondary offerings by Servico Inc and Bristol Hotel Co and a $56 million IPO by Silverleaf Resorts Inc.</p>
<p>Three hotel REITs held secondary offerings, FelCor Suite Hotels Inc, Equity Inns Inc, and Sunstone Hotel Investors Inc.</p>
<p>The study was compiled by the Lodging Research Network, (www.lodgingresearch.com), created by Hanson.</p>
<p>((J. Westhoven, Wall Street Desk, 212-859-1881))</p>
</text>
<copyright>(c) Reuters Limited 1997</copyright>
<metadata>
<codes class="bip:countries:1.0">
  <code code="USA">
    <editdetail attribution="Reuters BIP Coding Group" action="confirmed" date="1997-07-11"/>
  </code>
</codes>
<codes class="bip:industries:1.0">
  <code code="I66500">
    <editdetail attribution="Reuters BIP Coding Group" action="confirmed" date="1997-07-11"/>
  </code>
  <code code="I81502">
    <editdetail attribution="Reuters BIP Coding Group" action="confirmed" date="1997-07-11"/>
  </code>
  <code code="I8150206">
    <editdetail attribution="Reuters BIP Coding Group" action="confirmed" date="1997-07-11"/>
  </code>
  <code code="I85000">
    <editdetail attribution="Reuters BIP Coding Group" action="confirmed" date="1997-07-11"/>
  </code>
</codes>
<codes class="bip:topics:1.0">
  <code code="C15">
    <editdetail attribution="Reuters BIP Coding Group" action="confirmed" date="1997-07-11"/>
  </code>
  <code code="C152">
    <editdetail attribution="Reuters BIP Coding Group" action="confirmed" date="1997-07-11"/>
  </code>
  <code code="C17">
    <editdetail attribution="Reuters BIP Coding Group" action="confirmed" date="1997-07-11"/>
  </code>
  <code code="C171">
    <editdetail attribution="Reuters BIP Coding Group" action="confirmed" date="1997-07-11"/>
  </code>
  <code code="CCAT">
    <editdetail attribution="Reuters BIP Coding Group" action="confirmed" date="1997-07-11"/>
  </code>
</codes>
<dc element="dc.date.created" value="1997-07-11"/>
<dc element="dc.publisher" value="Reuters Holdings Plc"/>
<dc element="dc.date.published" value="1997-07-11"/>
<dc element="dc.source" value="Reuters"/>
<dc element="dc.creator.location" value="NEW YORK"/>
<dc element="dc.creator.location.country.name" value="USA"/>
<dc element="dc.source" value="Reuters"/>
</metadata>
</newsitem>
