<?xml version="1.0" encoding="iso-8859-1" ?>
<newsitem itemid="721591" id="root" date="1997-07-11" xml:lang="en">
<title>USA: RESEARCH ALERT-Compaq EPS upped-PaineWebber.</title>
<headline>RESEARCH ALERT-Compaq EPS upped-PaineWebber.</headline>
<dateline>NEW YORK 1997-07-11</dateline>
<text>
<p>PaineWebber Inc analyst Walter Winnitzki said that he raised his 1997 and 1998 earnings estimates and price target on Compaq Computer Corp, after its solid second quarter and unveiling of its new manufacturing and distribution model.</p>
<p>-- Winnitzki said he raised his 1997 estimate to $6.50 from $6.15 and 1998 estimate to $7.65 from $7.25.</p>
<p>-- He also said he raised his price target on Compaq to $150-$155, based on 20 times his new 1998 estimate.</p>
<p>-- &quot;Compaq remains our favorite investment vehicle in the PC hardware sector,&quot; Winnitzki said in a note to clients.</p>
</text>
<copyright>(c) Reuters Limited 1997</copyright>
<metadata>
<codes class="bip:countries:1.0">
  <code code="USA">
    <editdetail attribution="Reuters BIP Coding Group" action="confirmed" date="1997-07-11"/>
  </code>
</codes>
<codes class="bip:industries:1.0">
  <code code="I33020">
    <editdetail attribution="Reuters BIP Coding Group" action="confirmed" date="1997-07-11"/>
  </code>
  <code code="I3302003">
    <editdetail attribution="Reuters BIP Coding Group" action="confirmed" date="1997-07-11"/>
  </code>
</codes>
<codes class="bip:topics:1.0">
  <code code="C15">
    <editdetail attribution="Reuters BIP Coding Group" action="confirmed" date="1997-07-11"/>
  </code>
  <code code="C152">
    <editdetail attribution="Reuters BIP Coding Group" action="confirmed" date="1997-07-11"/>
  </code>
  <code code="CCAT">
    <editdetail attribution="Reuters BIP Coding Group" action="confirmed" date="1997-07-11"/>
  </code>
</codes>
<dc element="dc.date.created" value="1997-07-11"/>
<dc element="dc.publisher" value="Reuters Holdings Plc"/>
<dc element="dc.date.published" value="1997-07-11"/>
<dc element="dc.source" value="Reuters"/>
<dc element="dc.creator.location" value="NEW YORK"/>
<dc element="dc.creator.location.country.name" value="USA"/>
<dc element="dc.source" value="Reuters"/>
</metadata>
</newsitem>
