<?xml version="1.0" encoding="iso-8859-1" ?>
<newsitem itemid="721577" id="root" date="1997-07-11" xml:lang="en">
<title>USA: RESEARCH ALERT - Salomon cuts MCI EPS view.</title>
<headline>RESEARCH ALERT - Salomon cuts MCI EPS view.</headline>
<dateline>NEW YORK 1997-07-11</dateline>
<text>
<p>Salomon Brothers analyst Jack Grubman slashed his earnings estimates on MCI Communications Corp for 1997 and 1998 but kept his buy rating on the stock.</p>
<p>The analyst said he cut his 1997 earnings estimate to $1.15 from $1.60 per share and his 1998 estimate to $1.30 from $2.15 per share after the company said late Thursday that heavy investments in local service would depress earnings.</p>
<p>Grubman said he would have dropped his buy rating on MCI stock if it was a standalone company but that he was preserving it because MCI trades as a function of British Telecommunications Plc's share price.  </p>
<p>Grubman dismissed the prospect that the BT-MCI merger was at risk of not being completed.</p>
<p>&quot;We can 100 percent state that the BT Board of Directors knew about MCI's plans and more importantly were 100 percent behind MCI's efforts,&quot; the analyst said in a research note.</p>
<p>&quot;One could argue the industrial logic behind the BT-MCI merger was to allow MCI to do what they are doing, namely more aggressively attack Bell local markets.&quot;</p>
<p>&quot;There is no deal risk whatsoever,&quot; he said.</p>
<p>He argued that the MCI earnings announcement was motivated in part by a desire to put pressure on U.S. regulators to open local markets to more competition.</p>
<p>-- Wall Street Bureau, 212-859-1712</p>
</text>
<copyright>(c) Reuters Limited 1997</copyright>
<metadata>
<codes class="bip:countries:1.0">
  <code code="UK">
    <editdetail attribution="Reuters BIP Coding Group" action="confirmed" date="1997-07-11"/>
  </code>
  <code code="USA">
    <editdetail attribution="Reuters BIP Coding Group" action="confirmed" date="1997-07-11"/>
  </code>
</codes>
<codes class="bip:industries:1.0">
  <code code="I79020">
    <editdetail attribution="Reuters BIP Coding Group" action="confirmed" date="1997-07-11"/>
  </code>
</codes>
<codes class="bip:topics:1.0">
  <code code="C15">
    <editdetail attribution="Reuters BIP Coding Group" action="confirmed" date="1997-07-11"/>
  </code>
  <code code="C152">
    <editdetail attribution="Reuters BIP Coding Group" action="confirmed" date="1997-07-11"/>
  </code>
  <code code="C18">
    <editdetail attribution="Reuters BIP Coding Group" action="confirmed" date="1997-07-11"/>
  </code>
  <code code="C181">
    <editdetail attribution="Reuters BIP Coding Group" action="confirmed" date="1997-07-11"/>
  </code>
  <code code="CCAT">
    <editdetail attribution="Reuters BIP Coding Group" action="confirmed" date="1997-07-11"/>
  </code>
</codes>
<dc element="dc.date.created" value="1997-07-11"/>
<dc element="dc.publisher" value="Reuters Holdings Plc"/>
<dc element="dc.date.published" value="1997-07-11"/>
<dc element="dc.source" value="Reuters"/>
<dc element="dc.creator.location" value="NEW YORK"/>
<dc element="dc.creator.location.country.name" value="USA"/>
<dc element="dc.source" value="Reuters"/>
</metadata>
</newsitem>
