<?xml version="1.0" encoding="iso-8859-1" ?>
<newsitem itemid="721524" id="root" date="1997-07-11" xml:lang="en">
<title>USA: NUKO raises $3 mln in private stock sale.</title>
<headline>NUKO raises $3 mln in private stock sale.</headline>
<dateline>SAN JOSE, Calif. 1997-07-11</dateline>
<text>
<p>NUKO Information Systems Inc said Friday it had completed a private placement of 1.3 million shares and warrants to acquire another 300,000 shares, raising net proceeds of about $3.0 million.</p>
<p>In a statement, NUKO said it will use the proceeds for general corporate purposes.</p>
<p>The stock and warrants were sold to two unnamed institutional investors.</p>
</text>
<copyright>(c) Reuters Limited 1997</copyright>
<metadata>
<codes class="bip:countries:1.0">
  <code code="USA">
    <editdetail attribution="Reuters BIP Coding Group" action="confirmed" date="1997-07-11"/>
  </code>
</codes>
<codes class="bip:industries:1.0">
  <code code="I33030">
    <editdetail attribution="Reuters BIP Coding Group" action="confirmed" date="1997-07-11"/>
  </code>
</codes>
<codes class="bip:topics:1.0">
  <code code="C17">
    <editdetail attribution="Reuters BIP Coding Group" action="confirmed" date="1997-07-11"/>
  </code>
  <code code="C171">
    <editdetail attribution="Reuters BIP Coding Group" action="confirmed" date="1997-07-11"/>
  </code>
  <code code="CCAT">
    <editdetail attribution="Reuters BIP Coding Group" action="confirmed" date="1997-07-11"/>
  </code>
</codes>
<dc element="dc.date.created" value="1997-07-11"/>
<dc element="dc.publisher" value="Reuters Holdings Plc"/>
<dc element="dc.date.published" value="1997-07-11"/>
<dc element="dc.source" value="Reuters"/>
<dc element="dc.creator.location" value="SAN JOSE, Calif."/>
<dc element="dc.creator.location.country.name" value="USA"/>
<dc element="dc.source" value="Reuters"/>
</metadata>
</newsitem>
