<?xml version="1.0" encoding="iso-8859-1" ?>
<newsitem itemid="721511" id="root" date="1997-07-11" xml:lang="en">
<title>USA: TABLE-Pinnacle Bachshares Q2 net EPS rises.</title>
<headline>TABLE-Pinnacle Bachshares Q2 net EPS rises.</headline>
<dateline>JASPER, Ala. 1997-07-11</dateline>
<text>
<p>THREE MONTHS ENDING JUNE 30, 1997</p>
<p>			1997			1996</p>
<p> Shr		  $0.59		    $0.49</p>
<p> Net		  $524,897		 $437,435</p>
<p> Avg shrs	   889,823		  889,824</p>
<p>	  6 MONTHS ENDING JUNE 30, 1997</p>
<p> Shr		 $1.15		    $0.90</p>
<p> Net		 $1,027,226	     $797,758</p>
<p> Avg shrs	  889,823		  889,824</p>
<p> Total Assets     $199,810,000		 $195,502,000</p>
<p> Total Deposits   $176,933,000		 $173,407,000</p>
<p> Loans recievable $135,768,000		 $129,858,000</p>
</text>
<copyright>(c) Reuters Limited 1997</copyright>
<metadata>
<codes class="bip:countries:1.0">
  <code code="USA">
    <editdetail attribution="Reuters BIP Coding Group" action="confirmed" date="1997-07-11"/>
  </code>
</codes>
<codes class="bip:industries:1.0">
  <code code="I81403">
    <editdetail attribution="Reuters BIP Coding Group" action="confirmed" date="1997-07-11"/>
  </code>
</codes>
<codes class="bip:topics:1.0">
  <code code="C15">
    <editdetail attribution="Reuters BIP Coding Group" action="confirmed" date="1997-07-11"/>
  </code>
  <code code="C151">
    <editdetail attribution="Reuters BIP Coding Group" action="confirmed" date="1997-07-11"/>
  </code>
  <code code="CCAT">
    <editdetail attribution="Reuters BIP Coding Group" action="confirmed" date="1997-07-11"/>
  </code>
</codes>
<dc element="dc.date.created" value="1997-07-11"/>
<dc element="dc.publisher" value="Reuters Holdings Plc"/>
<dc element="dc.date.published" value="1997-07-11"/>
<dc element="dc.source" value="Reuters"/>
<dc element="dc.creator.location" value="JASPER, Ala."/>
<dc element="dc.creator.location.country.name" value="USA"/>
<dc element="dc.source" value="Reuters"/>
</metadata>
</newsitem>
