<?xml version="1.0" encoding="iso-8859-1" ?>
<newsitem itemid="721597" id="root" date="1997-07-11" xml:lang="en">
<title>USA: Fuisz does CEFORM tests, to seek FDA OK.</title>
<headline>Fuisz does CEFORM tests, to seek FDA OK.</headline>
<dateline>CHANTILLY, Va. 1997-07-11</dateline>
<text>
<p>Fuisz Technologies Ltd said Friday it successfully concluded its human clinical studies of its ibuprofen formulation called CEFORM, and it will seek U.S. Food and Drug Administration approval for it.</p>
<p>The company said the studies, which focused on CEFORM ibuprofen and involved human volunteers, demonstrated &quot;significantly&quot; faster onset of absorption than the reference product Nuprin.</p>
<p>As a result, the company said it is now finalizing documents for the FDA in order to generate the required data for approval of this new product.</p>
<p>The company said it is also applying the same CEFORM technology to additional products that would benefit from improvements in how quickly they work, such as anti-allergy compounds and anti-nausea treatments.</p>
</text>
<copyright>(c) Reuters Limited 1997</copyright>
<metadata>
<codes class="bip:countries:1.0">
  <code code="USA">
    <editdetail attribution="Reuters BIP Coding Group" action="confirmed" date="1997-07-11"/>
  </code>
</codes>
<codes class="bip:industries:1.0">
  <code code="I25670">
    <editdetail attribution="Reuters BIP Coding Group" action="confirmed" date="1997-07-11"/>
  </code>
</codes>
<codes class="bip:topics:1.0">
  <code code="C13">
    <editdetail attribution="Reuters BIP Coding Group" action="confirmed" date="1997-07-11"/>
  </code>
  <code code="C23">
    <editdetail attribution="Reuters BIP Coding Group" action="confirmed" date="1997-07-11"/>
  </code>
  <code code="CCAT">
    <editdetail attribution="Reuters BIP Coding Group" action="confirmed" date="1997-07-11"/>
  </code>
</codes>
<dc element="dc.date.created" value="1997-07-11"/>
<dc element="dc.publisher" value="Reuters Holdings Plc"/>
<dc element="dc.date.published" value="1997-07-11"/>
<dc element="dc.source" value="Reuters"/>
<dc element="dc.creator.location" value="CHANTILLY, Va."/>
<dc element="dc.creator.location.country.name" value="USA"/>
<dc element="dc.source" value="Reuters"/>
</metadata>
</newsitem>
