<?xml version="1.0" encoding="iso-8859-1" ?>
<newsitem itemid="721578" id="root" date="1997-07-11" xml:lang="en">
<title>USA: RESEARCH ALERT - Scientific Games downgraded.</title>
<headline>RESEARCH ALERT - Scientific Games downgraded.</headline>
<dateline>NEW YORK 1997-07-11</dateline>
<text>
<p>Salomon Brothers analysts Bruce Turner and Beth Roberts lowered their rating on Scientific Games Holding Corp's stock to hold from buy, the firm said.</p>
<p>-- The analysts cut their 1997 earnings estimate to $1.68 a share from $1.80 and their 1998 view to $1.70 from $2.15.</p>
<p>-- They said the downgrade was related to the company's statement Thursday that it had been awarded a five-year extension of its cooperative services contract with the Georgia Lottery Corp.  </p>
<p>-- The company said its rate of compensation for the remainder of the contract term and the extension is about 2.4 percent of instant lottery sales, reduced from the current 3.2 percent of sales.</p>
<p>-- The Salomon analysts said the change led them to reduce their 1997 earnings forecast by $0.11 a share and the 1988 estimate by $0.25.</p>
<p>-- They made further reductions to estimates to reflect slower-than-expected roll-out for the company's SciScan keyless validation systems.</p>
<p>-- &quot;Scientific Games continues to be hindered by pricing pressures in the heightened competitive environment,&quot; they said in a research report issued Friday.</p>
<p>-- The stock was off 5/8 to 19-3/4 early Friday afternoon.</p>
</text>
<copyright>(c) Reuters Limited 1997</copyright>
<metadata>
<codes class="bip:countries:1.0">
  <code code="USA">
    <editdetail attribution="Reuters BIP Coding Group" action="confirmed" date="1997-07-11"/>
  </code>
</codes>
<codes class="bip:industries:1.0">
  <code code="I97912">
    <editdetail attribution="Reuters BIP Coding Group" action="confirmed" date="1997-07-11"/>
  </code>
</codes>
<codes class="bip:topics:1.0">
  <code code="C15">
    <editdetail attribution="Reuters BIP Coding Group" action="confirmed" date="1997-07-11"/>
  </code>
  <code code="C152">
    <editdetail attribution="Reuters BIP Coding Group" action="confirmed" date="1997-07-11"/>
  </code>
  <code code="CCAT">
    <editdetail attribution="Reuters BIP Coding Group" action="confirmed" date="1997-07-11"/>
  </code>
</codes>
<dc element="dc.date.created" value="1997-07-11"/>
<dc element="dc.publisher" value="Reuters Holdings Plc"/>
<dc element="dc.date.published" value="1997-07-11"/>
<dc element="dc.source" value="Reuters"/>
<dc element="dc.creator.location" value="NEW YORK"/>
<dc element="dc.creator.location.country.name" value="USA"/>
<dc element="dc.source" value="Reuters"/>
</metadata>
</newsitem>
