<?xml version="1.0" encoding="iso-8859-1" ?>
<newsitem itemid="721538" id="root" date="1997-07-11" xml:lang="en">
<title>USA: TABLE - Bangor Q2 shr loss $0.19 vs profit.</title>
<headline>TABLE - Bangor Q2 shr loss $0.19 vs profit.</headline>
<dateline>BANGOR, Maine 1997-07-11</dateline>
<text>
<p>Financial results of Bangor Hydro-Electric Co</p>
<p> Three months ended June 30:	     1997		1996</p>
<p> Revenues				$42,235,949    $ 43,152,483</p>
<p> Net Income (Loss)		   (1,037,208)	 2,758,168</p>
<p>Earnings (Loss) per</p>
<p>   Common Share				(.19)		 .32</p>
<p>Weighted Average Number</p>
<p>   of Shares			     7,363,661	 7,328,084</p>
<p> Six months ended June 30:		  1997		1996</p>
<p> Revenues				  90,411,700	91,313,203</p>
<p> Net Income(Loss)			 (321,087)	 6,853,498</p>
<p> Earnings (Loss) Per Common Share	 (.14)		 .83</p>
<p>Weighted Average Number</p>
<p>   of Shares				7,363,424	 7,320,183</p>
<p> Twelve months ended June 30:	     1997		1996</p>
<p> Revenues				$182,884,828    $184,269,989</p>
<p> Net Income				 4,108,082	 9,593,046</p>
<p> Earnings per Common Share		    .36		1.09</p>
<p>Weighted Average Number</p>
<p>	of Shares			   7,363,424	 7,304,746</p>
</text>
<copyright>(c) Reuters Limited 1997</copyright>
<metadata>
<codes class="bip:countries:1.0">
  <code code="USA">
    <editdetail attribution="Reuters BIP Coding Group" action="confirmed" date="1997-07-11"/>
  </code>
</codes>
<codes class="bip:industries:1.0">
  <code code="I1610107">
    <editdetail attribution="Reuters BIP Coding Group" action="confirmed" date="1997-07-11"/>
  </code>
</codes>
<codes class="bip:topics:1.0">
  <code code="C15">
    <editdetail attribution="Reuters BIP Coding Group" action="confirmed" date="1997-07-11"/>
  </code>
  <code code="C151">
    <editdetail attribution="Reuters BIP Coding Group" action="confirmed" date="1997-07-11"/>
  </code>
  <code code="CCAT">
    <editdetail attribution="Reuters BIP Coding Group" action="confirmed" date="1997-07-11"/>
  </code>
</codes>
<dc element="dc.date.created" value="1997-07-11"/>
<dc element="dc.publisher" value="Reuters Holdings Plc"/>
<dc element="dc.date.published" value="1997-07-11"/>
<dc element="dc.source" value="Reuters"/>
<dc element="dc.creator.location" value="BANGOR, Maine"/>
<dc element="dc.creator.location.country.name" value="USA"/>
<dc element="dc.source" value="Reuters"/>
</metadata>
</newsitem>
