<?xml version="1.0" encoding="iso-8859-1" ?>
<newsitem itemid="721605" id="root" date="1997-07-11" xml:lang="en">
<title>USA: Casino Resource says Q3 revs were $4.6 mln. [CORRECTED 09:15 GMT 12/7]</title>
<headline>Casino Resource says Q3 revs were $4.6 mln. [CORRECTED 09:15 GMT 12/7]</headline>
<dateline>OCEAN SPRINGS, Miss. 1997-07-11</dateline>
<text>
<p>Casino Resource Corp said Friday its third quarter revenues were $4.6 million compared to $3.7 million for the same period a year ago, and it also expects to report a profit for the quarter.</p>
<p>(Corrects third quarter revenues from $4.0 million to $4.6 million, headline and text.)</p>
<p>The company said the quarter ended June 30.</p>
<p>The company also said it &quot;should now accelerate&quot; its growth with the opening of its casino and 500-seat theatre in Tunisia, North Africa scheduled for September 12.</p>
</text>
<copyright>(c) Reuters Limited 1997</copyright>
<metadata>
<codes class="bip:countries:1.0">
  <code code="USA">
    <editdetail attribution="Reuters BIP Coding Group" action="confirmed" date="1997-07-11"/>
  </code>
</codes>
<codes class="bip:industries:1.0">
  <code code="I97912">
    <editdetail attribution="Reuters BIP Coding Group" action="confirmed" date="1997-07-11"/>
  </code>
</codes>
<codes class="bip:topics:1.0">
  <code code="C15">
    <editdetail attribution="Reuters BIP Coding Group" action="confirmed" date="1997-07-11"/>
  </code>
  <code code="C151">
    <editdetail attribution="Reuters BIP Coding Group" action="confirmed" date="1997-07-11"/>
  </code>
  <code code="CCAT">
    <editdetail attribution="Reuters BIP Coding Group" action="confirmed" date="1997-07-11"/>
  </code>
</codes>
<dc element="dc.date.created" value="1997-07-11"/>
<dc element="dc.publisher" value="Reuters Holdings Plc"/>
<dc element="dc.date.published" value="1997-07-11"/>
<dc element="dc.source" value="Reuters"/>
<dc element="dc.creator.location" value="OCEAN SPRINGS, Miss."/>
<dc element="dc.creator.location.country.name" value="USA"/>
<dc element="dc.source" value="Reuters"/>
</metadata>
</newsitem>
