<?xml version="1.0" encoding="iso-8859-1" ?>
<newsitem itemid="721630" id="root" date="1997-07-11" xml:lang="en">
<title>UK: MOTOR RACING-HAKKINEN COOL AFTER CLOCKING FASTEST PRACTICE TIME.</title>
<headline>MOTOR RACING-HAKKINEN COOL AFTER CLOCKING FASTEST PRACTICE TIME.</headline>
<byline>Timothy Collings</byline>
<dateline>SILVERSTONE, Britain 1997-07-11</dateline>
<text>
<p>Mika Hakkinen stayed cool and played down his prospects of claiming the first Formula One victory of his career on Friday after topping the practice times in his McLaren for Sunday's British Grand Prix.</p>
<p>The 28-year-old Finn clocked a best time of one minute 22.935 seconds, but less than a second separated him from sixth-placed Italian Giancarlo Fisichella in a Jordan -- with world championship-leading German Michael Schumacher seventh in his Ferrari.</p>
<p>&quot;It is very competitive and, naturally, I am very pleased with my time,&quot; he said. &quot;The performance of the car was fantastic, but I have reminded myself that it is only free practice and it does not really matter. So, I intend to stay cool.&quot;</p>
<p>This weekend, Hakkinen is taking part in his 88th Grand Prix and recognises he is under pressure following the escalation of paddock rumours that either he, or his British McLaren team-mate David Coulthard, will be replaced in the team next year.</p>
<p>Hakkinen is not worried. &quot;I don't feel I have to win a race in order to keep my place in the team, but it would be very nice if I could. But you can never count on anything in Formula One. You just never know what is going to happen.</p>
<p>&quot;At the moment, I feel very comfortable in my car and very confident. I am enjoying racing this car and I am hoping to do well. I feel I know it well now. To drive a Grand Prix car these days is very complicated and not at all easy.</p>
<p>&quot;It is not a case of sitting down and using the brakes and the accelerator and sometimes changing gear while you are steering. It is much more than that. There are so many instruments and so many things to think about all the time.&quot;</p>
<p>Hakkinen acknowledged that Mercedes-Benz would expect success after spending a great deal of money on engine development. But, he said, that did not mean that they had to change the team or the drivers.</p>
<p>&quot;We feel good and confident, so we will carry on doing our best -- and I like to think we can win here.&quot;</p>
<p>For Hakkinen, and McLaren, his strong practice showing was a welcome indication that the Mercedes-Benz powered team could be a force in Sunday's 60-lap race.</p>
<p>Since their season-opening victory in Australia, where Coulthard secured the second win of his career and Hakkinen finished</p>
<p>On a cool day with a slight breeze, Hakkinen was just three- tenths of a second ahead of Canadian Jacques Villeneuve in the leading Williams, but the Renault-powered British team are expected to improve in response as they seek to score their 100th victory.</p>
<p>Villeneuve's Williams team-mate Heinz-Harald Frentzen of Germany was third-fastest ahead of Briton Johnny Herbert in a Sauber and Frenchman Jean Alesi in a Benetton.</p>
<p>World champion Damon Hill of Britain languished in 20th place in his Arrows on the the day after his team chief Tom Walkinshaw had warned him to improve his performance and show the talent that took him to the title last year.</p>
</text>
<copyright>(c) Reuters Limited 1997</copyright>
<metadata>
<codes class="bip:countries:1.0">
  <code code="FIN">
    <editdetail attribution="Reuters BIP Coding Group" action="confirmed" date="1997-07-11"/>
  </code>
  <code code="UK">
    <editdetail attribution="Reuters BIP Coding Group" action="confirmed" date="1997-07-11"/>
  </code>
</codes>
<codes class="bip:topics:1.0">
  <code code="GCAT">
    <editdetail attribution="Reuters BIP Coding Group" action="confirmed" date="1997-07-11"/>
  </code>
  <code code="GSPO">
    <editdetail attribution="Reuters BIP Coding Group" action="confirmed" date="1997-07-11"/>
  </code>
</codes>
<dc element="dc.date.created" value="1997-07-11"/>
<dc element="dc.publisher" value="Reuters Holdings Plc"/>
<dc element="dc.date.published" value="1997-07-11"/>
<dc element="dc.source" value="Reuters"/>
<dc element="dc.creator.location" value="SILVERSTONE, Britain"/>
<dc element="dc.creator.location.country.name" value="UK"/>
<dc element="dc.source" value="Reuters"/>
</metadata>
</newsitem>
