<?xml version="1.0" encoding="iso-8859-1" ?>
<newsitem itemid="721655" id="root" date="1997-07-11" xml:lang="en">
<title>AUSTRALIA: RUGBY UNION-UNDERWOOD PULLS OUT OF ENGLAND TEAM.</title>
<headline>RUGBY UNION-UNDERWOOD PULLS OUT OF ENGLAND TEAM.</headline>
<dateline>SYDNEY 1997-07-11</dateline>
<text>
<p>British Lions' winger Tony Underwood has withdrawn from the England side to play Australia on Saturday because of a hip injury.</p>
<p>Underwood joins three other Lions -- centre Jeremy Guscott, prop Jason Leonard and lock Martin Johnson -- who are unavailable for the one-off test. He will be replaced by Nick Beal.</p>
<p>&quot;It's a pity their top players aren't here,&quot; said Wallaby coach Greg Smith. &quot;But I tend to think the England team is very good.</p>
<p>&quot;Their back row is very attacking. They're fast, big powerful men and they're very damaging. Given a good platform from the tight five they are people to fear.&quot;</p>
<p>England coach Jack Rowell said jet-lag could prove a factor in the match.</p>
<p>&quot;It's not an overnight thing, it's still a threat,&quot; Rowell said.</p>
<p>Teams:</p>
<p>England - 15-Tim Stimpson; 14-John Bentley, 13-Phil de Glanville (captain), 12-Nick Greenstock, 11-Tony Underwood; 10-Mike Catt, 9-Matthew Dawson; 8-Tim Rodber, 7-Richard Hill, 6-Lawrence Dallaglio, 5-Simon Shaw, 4-Nigel Redman, 3-Darren Garforth, 2-Mark Regan, 1-Graham Rowntree.</p>
<p>Australia - 15-Matthew Burke; 14-Joe Roff, 13-Jason Little, 12-James Holbeck, 11-Ben Tune; 10-Tim Horan, 9-George Gregan; 8-Troy Coker, 7-Brett Robinson, 6-Daniel Manu, 5-John Eales (captain), 4-Garrick Morgan, 3-Cameron Blades, 2-Michael Foley, 1-Ewen McKenzie.</p>
</text>
<copyright>(c) Reuters Limited 1997</copyright>
<metadata>
<codes class="bip:countries:1.0">
  <code code="AUSTR">
    <editdetail attribution="Reuters BIP Coding Group" action="confirmed" date="1997-07-11"/>
  </code>
  <code code="UK">
    <editdetail attribution="Reuters BIP Coding Group" action="confirmed" date="1997-07-11"/>
  </code>
</codes>
<codes class="bip:topics:1.0">
  <code code="GCAT">
    <editdetail attribution="Reuters BIP Coding Group" action="confirmed" date="1997-07-11"/>
  </code>
  <code code="GSPO">
    <editdetail attribution="Reuters BIP Coding Group" action="confirmed" date="1997-07-11"/>
  </code>
</codes>
<dc element="dc.date.created" value="1997-07-11"/>
<dc element="dc.publisher" value="Reuters Holdings Plc"/>
<dc element="dc.date.published" value="1997-07-11"/>
<dc element="dc.source" value="Reuters"/>
<dc element="dc.creator.location" value="SYDNEY"/>
<dc element="dc.creator.location.country.name" value="AUSTRALIA"/>
<dc element="dc.source" value="Reuters"/>
</metadata>
</newsitem>
