<?xml version="1.0" encoding="iso-8859-1" ?>
<newsitem itemid="721604" id="root" date="1997-07-11" xml:lang="en">
<title>USA: Sallie Mae says $2.10 oper EPS sustainable.</title>
<headline>Sallie Mae says $2.10 oper EPS sustainable.</headline>
<dateline>NEW YORK 1997-07-11</dateline>
<text>
<p>Denise McGlone, chief financial officer of Student Loan Marketing Association (Sallie Mae) said Friday that the $2.10 in operating earnings per share recorded for the second quarter of 1997 can be achieved in the third and fourth quarters.</p>
<p>&quot;We expect to sustain that for the rest of the year,&quot; McGlone said in a telephone interview from Washington.</p>
<p>Earlier, Sallie Mae reported net income of $2.20 per share for the second quarter of 1997, versus $1.79 a year ago. Core earnings, which adjust for the positive effect of a low interest rate environment, were $2.10 per share versus $1.63.  </p>
<p>McGlone said the 29 percent year-over-year increase in operating earnings per share &quot;reflect the power of the strategy that this management team has put in place.&quot;</p>
<p>The Sallie Mae management is asking shareholders to approve a slate or candidates for the board of directors and a plan to privatize the government-sponsored stockholder-owned company. An opposition group, the Committee to Restore Value (CRV), is running a rival slate.  The CRV also seeks privatization but favors a business plan that would have Sallie Mae originate student loans intead of purchasing loans from banks.  </p>
<p>Sallie Mae said in its earnings release that it purchased $2.1 billion of student loans in the second quarter.  It said an additional $1.1 billion in purchases and future purchase commitments were postponed by sellers following statements by the CRV that it would begin origination of student loans if it gained control of the company.</p>
<p>The Sallie Mae management has argued that banks would back away from dealing with Sallie Mae if they believed it would be a competitor to their own lending programs.</p>
<p>&quot;We would have had an exceptional quarter except for the damage created by the debate,&quot; McGlone said.  </p>
<p>McGlone said of the $1.1 billion in postponed business, $250 million represented purchases on the &quot;spot market.&quot;  The remainder represented forward purchase commitments.</p>
<p>She said the main impact of the postponements was on &quot;future earnings growth potential&quot; and not current results.</p>
<p>McGlone said some banks have asked that contracts include clauses that Sallie Mae will not become a competitor.  She said Sallie Mae has not agreed to that condition because &quot;we don't want to box ourselves in.&quot;</p>
<p>&quot;We're hoping that July 31 we win this battle,&quot; she added. The shareholder vote is set for that date.  </p>
<p>Overall, McGlone said, Salle Mae is &quot;hitting on all cylinders&quot; of its business plan.</p>
<p>She noted that operating costs as a percentage of managed loans were 102 basis points in the second quarter, down from 111 basis points a year ago.  &quot;Our intention is to take that number from the low 100's to the low 80's.&quot;  She said that could be achieved if the portfolio grew while costs were kept steady.</p>
<p>She said Sallie Mae is increasing its market share in the student loan business while that of the U.S. government, which has become a direct lender over the last several years, is declining.</p>
</text>
<copyright>(c) Reuters Limited 1997</copyright>
<metadata>
<codes class="bip:countries:1.0">
  <code code="USA">
    <editdetail attribution="Reuters BIP Coding Group" action="confirmed" date="1997-07-11"/>
  </code>
</codes>
<codes class="bip:industries:1.0">
  <code code="I81501">
    <editdetail attribution="Reuters BIP Coding Group" action="confirmed" date="1997-07-11"/>
  </code>
</codes>
<codes class="bip:topics:1.0">
  <code code="C15">
    <editdetail attribution="Reuters BIP Coding Group" action="confirmed" date="1997-07-11"/>
  </code>
  <code code="C151">
    <editdetail attribution="Reuters BIP Coding Group" action="confirmed" date="1997-07-11"/>
  </code>
  <code code="C152">
    <editdetail attribution="Reuters BIP Coding Group" action="confirmed" date="1997-07-11"/>
  </code>
  <code code="CCAT">
    <editdetail attribution="Reuters BIP Coding Group" action="confirmed" date="1997-07-11"/>
  </code>
</codes>
<dc element="dc.date.created" value="1997-07-11"/>
<dc element="dc.publisher" value="Reuters Holdings Plc"/>
<dc element="dc.date.published" value="1997-07-11"/>
<dc element="dc.source" value="Reuters"/>
<dc element="dc.creator.location" value="NEW YORK"/>
<dc element="dc.creator.location.country.name" value="USA"/>
<dc element="dc.source" value="Reuters"/>
</metadata>
</newsitem>
