<?xml version="1.0" encoding="iso-8859-1" ?>
<newsitem itemid="721673" id="root" date="1997-07-11" xml:lang="en">
<title>FRANCE: TENNIS-FRANCE WITHOUT PIERCE AGAINST BELGIUM.</title>
<headline>TENNIS-FRANCE WITHOUT PIERCE AGAINST BELGIUM.</headline>
<dateline>NICE, France 1997-07-11</dateline>
<text>
<p>France will do without two leading players in the singles of their Fed Cup semifinal against Belgium over the weekend.</p>
<p>Team captain Yannick Noah confirmed on Friday that French number one Mary Pierce had not sufficiently recovered from an arm injury to play.</p>
<p>But the former French Open winner, who also skippers France's Davis Cup team, made a far more surprising decision by dropping Wimbledon quarter-finalist Nathalie Tauziat from both singles.</p>
<p>Tauziat, ranked 21st in the world, will only take part in the doubles.</p>
<p>Instead, Noah picked hopefuls Sandrine Testud and Alexandra Fusai for the singles, which will be played on clay.</p>
<p>Testud, 20th in the WTA rankings, caused a sensation at Wimbledon by beating former world number one Monica Seles. Fusai is a modest 57th in the world but is arguably better on clay than Tauziat.</p>
<p>Belgium announced a far less surprising squad with Sabine Appelmans and Dominique van Roost their singles players, Els Callens and Laurence Courtois their doubles pair.</p>
<p>Noah gave his team an even chance of beating the Belgians, who sprung a surprise with their 5-0 rout of Spain in the first round in March.</p>
<p>&quot;Between the two teams I think it's 50-50. And that's not just a way of handling the pressure to say that. I really think it will be a balanced match,&quot; he said.</p>
</text>
<copyright>(c) Reuters Limited 1997</copyright>
<metadata>
<codes class="bip:countries:1.0">
  <code code="BELG">
    <editdetail attribution="Reuters BIP Coding Group" action="confirmed" date="1997-07-11"/>
  </code>
  <code code="FRA">
    <editdetail attribution="Reuters BIP Coding Group" action="confirmed" date="1997-07-11"/>
  </code>
</codes>
<codes class="bip:topics:1.0">
  <code code="GCAT">
    <editdetail attribution="Reuters BIP Coding Group" action="confirmed" date="1997-07-11"/>
  </code>
  <code code="GSPO">
    <editdetail attribution="Reuters BIP Coding Group" action="confirmed" date="1997-07-11"/>
  </code>
</codes>
<dc element="dc.date.created" value="1997-07-11"/>
<dc element="dc.publisher" value="Reuters Holdings Plc"/>
<dc element="dc.date.published" value="1997-07-11"/>
<dc element="dc.source" value="Reuters"/>
<dc element="dc.creator.location" value="NICE, France"/>
<dc element="dc.creator.location.country.name" value="FRANCE"/>
<dc element="dc.source" value="Reuters"/>
</metadata>
</newsitem>
