<?xml version="1.0" encoding="iso-8859-1" ?>
<newsitem itemid="721638" id="root" date="1997-07-11" xml:lang="en">
<title>USA: GOLF-NEUMANN LEADS U.S. WOMEN'S OPEN AS SORENSTAM SLIPS.</title>
<headline>GOLF-NEUMANN LEADS U.S. WOMEN'S OPEN AS SORENSTAM SLIPS.</headline>
<dateline>CORNELIUS, Oregon 1997-07-10</dateline>
<text>
<p>A Swede led after the first round of the U.S. Women's Open, but it was not two-time defending champion Annika Sorenstam, as Liselotte Neumann took charge Thursday on the Pumpkin Ridge course.</p>
<p>Sorenstam, the hot pre-championship favourite, was upstaged by compatriot Neumann, who compiled four birdies in a flawless four-under-par 67 in cool afternoon conditions following intermittent rain earlier in the day.</p>
<p>Neumann, the 1988 Open champion, was the only player in the 150-woman field not to make a bogey or worse as she matched her lowest round ever in a U.S. Open.</p>
<p>She led by one stroke over Americans Susie Redman, Kelly Robbins and Deb Richard, and 19-year-old South Korean Se Ri Pak.</p>
<p>Redman was helped by the first hole-in-one of her career, which came at the 15th, where her six-iron bounced three times and jumped into the cup.</p>
<p>Sorenstam found no such joy in her round as she shot six-over 77 in a dreadful start to her quest to win the event an unprecedented three consecutive years.</p>
<p>&quot;I just had a bad day,&quot; said Sorenstam, who took triple-bogey at the ninth hole after burying a stray shot into some heavy hay. &quot;But I never give up.&quot;</p>
<p>Neumann won three times on the LPGA Tour last year but languishes 51st on this year's money list.</p>
<p>&quot;It's been a struggle, even though I've been working hard to prepare for this week,&quot; Neumann, 31, said. &quot;I was a little nervous this morning but I made an incredible (par) save on number three, where I got up-and-down from 70 yards. That made me a little more comfortable.</p>
<p>&quot;I started hitting the ball pretty good and overall my putting was great. I'm extremely happy with the score.</p>
<p>&quot;If you're going to win the Open, you need everything to go your way, and you need a good putting week. It always seems to come down to putting.&quot;</p>
<p>All four of Neumann's birdies came from beyond 10 feet, including a 40-footer at the par-3 10th.</p>
<p>Another big name player to struggle in the first round was Briton Laura Davies, the 1987 champion.</p>
<p>Davies, who opened a big gash in her left index finger while slicing some bread Tuesday morning, shot a 75 to stand eight strokes off the pace.</p>
<p>Among those tied for second place, Robbins has the best credentials, after winning last week's Jamie Farr Classic with an all-time LPGA record low score.</p>
<p>She made just one bogey Thursday, at the 15th hole, which ended an incredible streak of 76 successive holes without a dropped shot, stretching back to the first round last week.</p>
<p>&quot;It didn't really faze me,&quot; the easy-going Robbins said of her bogey. &quot;You know it's going to happen every once in a while.</p>
<p>&quot;I've been playing so well, hitting the ball close and giving myself a lot of opportunites. I'm kind of riding this train out.&quot;</p>
</text>
<copyright>(c) Reuters Limited 1997</copyright>
<metadata>
<codes class="bip:countries:1.0">
  <code code="USA">
    <editdetail attribution="Reuters BIP Coding Group" action="confirmed" date="1997-07-11"/>
  </code>
</codes>
<codes class="bip:topics:1.0">
  <code code="GCAT">
    <editdetail attribution="Reuters BIP Coding Group" action="confirmed" date="1997-07-11"/>
  </code>
  <code code="GSPO">
    <editdetail attribution="Reuters BIP Coding Group" action="confirmed" date="1997-07-11"/>
  </code>
</codes>
<dc element="dc.date.created" value="1997-07-10"/>
<dc element="dc.publisher" value="Reuters Holdings Plc"/>
<dc element="dc.date.published" value="1997-07-11"/>
<dc element="dc.source" value="Reuters"/>
<dc element="dc.creator.location" value="CORNELIUS, Oregon"/>
<dc element="dc.creator.location.country.name" value="USA"/>
<dc element="dc.source" value="Reuters"/>
</metadata>
</newsitem>
