<?xml version="1.0" encoding="iso-8859-1" ?>
<newsitem itemid="721622" id="root" date="1997-07-11" xml:lang="en">
<title>FRANCE: CYCLING-TOUR DE FRANCE SIXTH STAGE RESULTS/STANDINGS.</title>
<headline>CYCLING-TOUR DE FRANCE SIXTH STAGE RESULTS/STANDINGS.</headline>
<dateline>MARENNES, France 1997-07-11</dateline>
<text>
<p>Leading results  after</p>
<p>the sixth stage of the Tour de France over 217.5 kms from Le</p>
<p>Blanc on Friday:</p>
<p>1. Jeroen Blijlevens (Netherlands) TVM  five hours 58 minutes</p>
<p>and nine seconds</p>
<p>2. Djamolidine Abdoujaparov (Uzbekistan) Lotto</p>
<p>3. Mario Traversoni (Italy) Mercatone Uno</p>
<p>4. Nicola Minali (Italy) Batik</p>
<p>5. Frederic Moncassin (France) GAN</p>
<p>6. Robbie McEwen (Australia) Rabobank</p>
<p>7. Fabio Baldato (Italy) MG Technogym</p>
<p>8. Damien Nazon (Italy) La Francaise des Jeux</p>
<p>9. Massimo Strazzer (Italy) Roslotto</p>
<p>10. Francois Simon (France) GAN</p>
<p>11. Laurent Genty (France) Big Mat</p>
<p>12. Mario Cipollini (Italy) Saeco</p>
<p>13. Christophe Moreau (France) Festina</p>
<p>14. Pascal Chanteur (France) Casino</p>
<p>15. Christophe Mengin (France) La Francaise des Jeux</p>
<p>16. Mirco Gualdi (Italy) Polti</p>
<p>17. Henk Vogels (Australia) GAN</p>
<p>18. Claude Lamour (France) La Mutuelle</p>
<p>19. Laurent Pillon (France) La Mutuelle</p>
<p> 20. Ludovic Auger (France) Big Mat    all same time</p>
<p>Overall standings after six stages:</p>
<p>1. Cedric Vasseur (France) GAN  34 hours 12 minutes and 44</p>
<p>seconds</p>
<p>  2. Erik Zabel (Germany) Telecom		 2:09 behind</p>
<p>  3. Cipollini						 2:15</p>
<p>  4. Chris Boardman (Britain) GAN			2:54</p>
<p>  5. Jan Ullrich (Germany) Telekom		     2:56</p>
<p>  6. Franck Vandenbroucke (Belgium) Mapei	    3:00</p>
<p>  7. Stuart O'Grady (Australia) GAN		    3:03</p>
<p>  8. Moncassin						 3:04</p>
<p>  9. Abraham Olano (Spain) Banesto		  same time</p>
<p> 10. Laurent Jalabert (France) ONCE		    3:06</p>
<p> 11. Pascal Lino (France) Big Mat			3:19</p>
<p> 12. Oscar Camenzind (Switzerland) Mapei	     3:22</p>
<p> 13. Peter Luttenberger (Austria) Rabobank	   3:23</p>
<p>14. Davide Rebellin (Italy) La Francaise des Jeux 3:24</p>
<p> 15. Daniele Nardello (Italy) Mapei		    3:32</p>
<p> 16. Jean-Cyril Robin (France) U.S. Postal	   3:35</p>
<p> 17. Frankie Andreu (U.S.) Cofidis		     3:38</p>
<p> 18. Richard Virenque (France) Festina	    same time</p>
<p> 19. David Etxebarria (Spain) ONCE		     3:42</p>
<p> 20. Laurent Madouas (France) Lotto		    3:48</p>
<p>	 Leading placings in the points category (green jersey):</p>
<p>Erik Zabel (Germany) Telekom 158 points. Mario Cipollini (Italy)</p>
<p>Saeco 151. Frederic Moncassin (France) GAN 127. Jeroen</p>
<p>Blijlevens (Netherlands) TVM 107. Nicola Minali (Italy), Batik</p>
<p>77. Robbie McEwen (Australia) Rabobank 76. Francois Simon</p>
<p>(France) GAN 72. Djamolidine Abdoujaparov (Uzbekistan) Lotto 64.</p>
<p>Fabio Baldato (Italy) MG Technogym 60.</p>
<p>	 Leading placings in the best climbers category (polka dot</p>
<p>jersey): Laurent Brochard (France) Festina 41 points. Cyril</p>
<p>Saugrain (France) Cofidis 11. Arturas Kasputis (Lithuania)</p>
<p>Casino 10. Simon; Pascal Herve (France) Festina 6. Cedric</p>
<p>Vasseur (France) GAN; Thierry Gouvenou (France) Big Mat 5. Luca</p>
<p>Colombo (Italy) Batik; Servais Knaven (Netherlands) TVM 4.</p>
<p>Richard Virenque (France) Festina 3.</p>
<p>Other stage placings included: 27. Chris Boardman (Britain) GAN. 31. Max Sciandri (Britain) La Francaise des Jeux, both same time as the winner.</p>
<p>Other stage placings (U.S. unless stated): 24. Gordon Fraser (Canada), La Mutuelle. 34. George Hincapie, U.S. Postal. 36. Frankie Andreu, Cofidis. 56. Tyler Hamilton, U.S. Postal. 57. Bobby Julich, Cofidis. 96. Marty Jemison, U.S. Postal, all same time as the winner. 125. Kevin Livingston, Cofidis, 48 seconds behind.</p>
<p>Other stage placings (Australian unless stated): 26. Stuart O'Grady, GAN. 98. Neil Stephens, Festina. 106. Pat Jonker, Rabobank, all same time as the winner.</p>
<p>Other stage placings (Colombian unless stated): 151. Hernan Buenahora, Kelme, 48 secs behind. 155. Jaime Gonzalez, Kelme, same time. 180. Miguel Arroyo (Mexico) Big Mat, 1:31.</p>
<p>Other overall standings included: 50. Sciandri 5:39 behind.</p>
<p>Other overall standings (U.S. unless stated) included: 53. Julich 5:54 behind. 65. Jemison 6:34. 76. Hamilton 7:24. 133. Livingston 10:37. 135. Hincapie 11:09. 174. Fraser (Canada) 18:50.</p>
<p>Other overall standings included: 30. Vhind. 62. Jonker 6:23. 119. McEwen 9:46. 156. Stephens 13:50.</p>
<p>Other overall standings (Colombian unless stated) included: 77. Buenahora 7:24 behind. 93. Gonzalez 8:24. 158. Arroyo (Mexico) 13:52. (c) Reuters Limited 1997</p>
</text>
<copyright>(c) Reuters Limited 1997</copyright>
<metadata>
<codes class="bip:countries:1.0">
  <code code="FRA">
    <editdetail attribution="Reuters BIP Coding Group" action="confirmed" date="1997-07-11"/>
  </code>
  <code code="NETH">
    <editdetail attribution="Reuters BIP Coding Group" action="confirmed" date="1997-07-11"/>
  </code>
</codes>
<codes class="bip:topics:1.0">
  <code code="GCAT">
    <editdetail attribution="Reuters BIP Coding Group" action="confirmed" date="1997-07-11"/>
  </code>
  <code code="GSPO">
    <editdetail attribution="Reuters BIP Coding Group" action="confirmed" date="1997-07-11"/>
  </code>
</codes>
<dc element="dc.date.created" value="1997-07-11"/>
<dc element="dc.publisher" value="Reuters Holdings Plc"/>
<dc element="dc.date.published" value="1997-07-11"/>
<dc element="dc.source" value="Reuters"/>
<dc element="dc.creator.location" value="MARENNES, France"/>
<dc element="dc.creator.location.country.name" value="FRANCE"/>
<dc element="dc.source" value="Reuters"/>
</metadata>
</newsitem>
