<?xml version="1.0" encoding="iso-8859-1" ?>
<newsitem itemid="721676" id="root" date="1997-07-11" xml:lang="en">
<title>ZIMBABWE: ZIMBABWE DOLLAR ENDS WEEK STRONGER ON CURRENCIES.</title>
<headline>ZIMBABWE DOLLAR ENDS WEEK STRONGER ON CURRENCIES.</headline>
<dateline>HARARE 1997-07-11</dateline>
<text>
<p>The Zimbabwe dollar was quoted firmer on most key units at the close of a rather dull Friday interbank session, dealers said.</p>
<p>&quot;The market was a bit quiet...a bit boring really. There wasn't much trade today,&quot; one dealer commented.</p>
<p>&quot;But there was quite a bit of activity in the early morning with some banks off-loading (foreign currency) and the dollar appreciated up to 11.3800 with some even quoting 11.3700,&quot; she added.</p>
<p>Dealers said the local dollar however weakened slightly on the back of some last-minute buying towards the end of the day to finally close at 11.3825/3925 against the U.S. dollar; still firmer compared to Thursday's 11.3900/4000.</p>
<p>Against the crosses, the local unit was also stronger on the mark at 6.4555/4565 from 6.5100/5140 and at 2.5000/5010 from 2.5030/5040 versus the rand but was quoted softer on sterling at 19.3000/3280 compared to 19.2260/2550.</p>
<p>--Stella Mapenzauswa, Harare Newsroom: +263-4 72 52 27/8/9--</p>
</text>
<copyright>(c) Reuters Limited 1997</copyright>
<metadata>
<codes class="bip:countries:1.0">
  <code code="ZIMBAB">
    <editdetail attribution="Reuters BIP Coding Group" action="confirmed" date="1997-07-11"/>
  </code>
</codes>
<codes class="bip:topics:1.0">
  <code code="M13">
    <editdetail attribution="Reuters BIP Coding Group" action="confirmed" date="1997-07-11"/>
  </code>
  <code code="M132">
    <editdetail attribution="Reuters BIP Coding Group" action="confirmed" date="1997-07-11"/>
  </code>
  <code code="MCAT">
    <editdetail attribution="Reuters BIP Coding Group" action="confirmed" date="1997-07-11"/>
  </code>
</codes>
<dc element="dc.date.created" value="1997-07-11"/>
<dc element="dc.publisher" value="Reuters Holdings Plc"/>
<dc element="dc.date.published" value="1997-07-11"/>
<dc element="dc.source" value="Reuters"/>
<dc element="dc.creator.location" value="HARARE"/>
<dc element="dc.creator.location.country.name" value="ZIMBABWE"/>
<dc element="dc.source" value="Reuters"/>
</metadata>
</newsitem>
