<?xml version="1.0" encoding="iso-8859-1" ?>
<newsitem itemid="721616" id="root" date="1997-07-11" xml:lang="en">
<title>FRANCE: CYCLING-ABDOUJAPAROV OUT OF TOUR AFTER FAILING DOPE TEST.</title>
<headline>CYCLING-ABDOUJAPAROV OUT OF TOUR AFTER FAILING DOPE TEST.</headline>
<dateline>MARENNES, France 1997-07-11</dateline>
<text>
<p>Uzbekistan's Djamolidine Abdoujaparov was expelled from the Tour de France on Friday after failing a dope test, organisers said.</p>
<p>Abdoujaparov, former winner of the Tour points standings, failed a test at the end of the second stage between St Valery-en-Caux and Vire last Monday.</p>
<p>Organisers did not immediately say what substance was found in the rider's urine but his Lotto team director Jean-Luc Vandenbroucke said two banned products had been detected.</p>
<p>Vandenbroucke added that a member of his staff had given Abdoujaparov the banned substance and had been sacked.</p>
<p>&quot;It's my first doping case in nine years as a team director. This is very annoying especially as two products have been found,&quot; he said.</p>
<p>&quot;We don't know where the first one comes from but the second was given by a member of my staff whom I sacked immediately.</p>
<p>&quot;I cannot accept people acting behind my back.&quot;</p>
<p>Abdoujaparov finished second in Friday's sixth stage, at the end of which another rider, Belgian Tom Steels, was also expelled for &quot;violent behaviour&quot;.</p>
</text>
<copyright>(c) Reuters Limited 1997</copyright>
<metadata>
<codes class="bip:countries:1.0">
  <code code="FRA">
    <editdetail attribution="Reuters BIP Coding Group" action="confirmed" date="1997-07-11"/>
  </code>
  <code code="UZBK">
    <editdetail attribution="Reuters BIP Coding Group" action="confirmed" date="1997-07-11"/>
  </code>
</codes>
<codes class="bip:topics:1.0">
  <code code="GCAT">
    <editdetail attribution="Reuters BIP Coding Group" action="confirmed" date="1997-07-11"/>
  </code>
  <code code="GSPO">
    <editdetail attribution="Reuters BIP Coding Group" action="confirmed" date="1997-07-11"/>
  </code>
</codes>
<dc element="dc.date.created" value="1997-07-11"/>
<dc element="dc.publisher" value="Reuters Holdings Plc"/>
<dc element="dc.date.published" value="1997-07-11"/>
<dc element="dc.source" value="Reuters"/>
<dc element="dc.creator.location" value="MARENNES, France"/>
<dc element="dc.creator.location.country.name" value="FRANCE"/>
<dc element="dc.source" value="Reuters"/>
</metadata>
</newsitem>
