<?xml version="1.0" encoding="iso-8859-1" ?>
<newsitem itemid="721667" id="root" date="1997-07-11" xml:lang="en">
<title>SPAIN: SOCCER-GUARDIOLA STAYS WITH BARCELONA..</title>
<headline>SOCCER-GUARDIOLA STAYS WITH BARCELONA..</headline>
<dateline>MADRID 1997-07-11</dateline>
<text>
<p>Spanish international midfielder Josep Guardiola said on Friday that he would stay with Barcelona, ending speculation that he might move to Italian club Parma.</p>
<p>Guardiola, captain of the Catalan club last season, has agreed to a four-year contract, which includes a buy-out clause worth 15 billion pesetas ($100 million).</p>
<p>The 26-year-old player had said he could earn twice as much playing in Italy.</p>
<p>But Guardiola has always been reluctant to leave the club he has been with since he was 13. He was born locally and played in Barcelona's youth and junior system before making his first team debut in 1990.</p>
</text>
<copyright>(c) Reuters Limited 1997</copyright>
<metadata>
<codes class="bip:countries:1.0">
  <code code="ITALY">
    <editdetail attribution="Reuters BIP Coding Group" action="confirmed" date="1997-07-11"/>
  </code>
  <code code="SPAIN">
    <editdetail attribution="Reuters BIP Coding Group" action="confirmed" date="1997-07-11"/>
  </code>
</codes>
<codes class="bip:topics:1.0">
  <code code="GCAT">
    <editdetail attribution="Reuters BIP Coding Group" action="confirmed" date="1997-07-11"/>
  </code>
  <code code="GSPO">
    <editdetail attribution="Reuters BIP Coding Group" action="confirmed" date="1997-07-11"/>
  </code>
</codes>
<dc element="dc.date.created" value="1997-07-11"/>
<dc element="dc.publisher" value="Reuters Holdings Plc"/>
<dc element="dc.date.published" value="1997-07-11"/>
<dc element="dc.source" value="Reuters"/>
<dc element="dc.creator.location" value="MADRID"/>
<dc element="dc.creator.location.country.name" value="SPAIN"/>
<dc element="dc.source" value="Reuters"/>
</metadata>
</newsitem>
