<?xml version="1.0" encoding="iso-8859-1" ?>
<newsitem itemid="721626" id="root" date="1997-07-11" xml:lang="en">
<title>MALAYSIA: BADMINTON-DEFENDING CHAMPION GOES OUT IN MALAYSIA.</title>
<headline>BADMINTON-DEFENDING CHAMPION GOES OUT IN MALAYSIA.</headline>
<dateline>KOTA KINABALU, Malaysia 1997-07-11</dateline>
<text>
<p>Defending champion Ong Ewe Hock of Malaysia crashed out of the Malaysian Open badminton championships on Friday after a 10-15 15-6 15-11 quarter-final defeat by Indonesian Santoso Budi.</p>
<p>On a poor day for the big names, compatriot and three-times champion Rashid Sidek also went out when he was beaten 15-5 15-6 by Indonesia's Hermawan Susanto at the Likas arena in Malaysia's eastern Sabah state.</p>
<p>Tournament top seed Joko Suprianto of Indonesia, however, lived up to his billing when he beat Lou Yigang of China 15-10, 11-15, 18-14 in a gruelling 105-minute battle to reach the semifinals.</p>
<p>Denmark's Peter Gate Christiansen, the sole European survivor in the tournament, stopped Alan Budi Kusuma of Indonesia, 18-17, 15-11 in the other quarter-final.</p>
</text>
<copyright>(c) Reuters Limited 1997</copyright>
<metadata>
<codes class="bip:countries:1.0">
  <code code="MALAY">
    <editdetail attribution="Reuters BIP Coding Group" action="confirmed" date="1997-07-11"/>
  </code>
</codes>
<codes class="bip:topics:1.0">
  <code code="GCAT">
    <editdetail attribution="Reuters BIP Coding Group" action="confirmed" date="1997-07-11"/>
  </code>
  <code code="GSPO">
    <editdetail attribution="Reuters BIP Coding Group" action="confirmed" date="1997-07-11"/>
  </code>
</codes>
<dc element="dc.date.created" value="1997-07-11"/>
<dc element="dc.publisher" value="Reuters Holdings Plc"/>
<dc element="dc.date.published" value="1997-07-11"/>
<dc element="dc.source" value="Reuters"/>
<dc element="dc.creator.location" value="KOTA KINABALU, Malaysia"/>
<dc element="dc.creator.location.country.name" value="MALAYSIA"/>
<dc element="dc.source" value="Reuters"/>
</metadata>
</newsitem>
