<?xml version="1.0" encoding="iso-8859-1" ?>
<newsitem itemid="721669" id="root" date="1997-07-11" xml:lang="en">
<title>GERMANY: SOCCER-FIFA, KIRCH DENY WORLD CUP DEAL IN DANGER.</title>
<headline>SOCCER-FIFA, KIRCH DENY WORLD CUP DEAL IN DANGER.</headline>
<dateline>MUNICH 1997-07-11</dateline>
<text>
<p>Soccer's governing body FIFA and the Kirch Group of Germany on Friday denied press reports that the media giant was in danger of losing broadcasting rights to the 2002 and 2006 World Cups.</p>
<p>Several newspapers had reported that Kirch risked losing the television rights by signing a distribution contract with Prisma Sport &amp; Media, a Swiss marketing agency, on the grounds that FIFA prohibits third-party deals.</p>
<p>Swiss company Sporis and Kirch unit TaurusFilm share the television rights to the two soccer championships, which have an estimated value of 3.4 billion marks ($1.9 billion).</p>
<p>&quot;The fact is that Kirch has brought in a third firm without discussing it with its partners (FIFA and Sporis) which FIFA objects to,&quot; FIFA spokesman Keith Cooper told Reuters. &quot;But it is not correct to say the contract is in danger.&quot;</p>
<p>Under an agreement sealed last year, Sporis and Kirch have worldwide broadcasting rights to the two tournaments, excluding the United States.</p>
<p>The Sueddeutsche Zeitung newspaper on Friday quoted a FIFA spokesman as saying that if Kirch and Sporis could not agree to a marketing scheme for the World Cup, &quot;the whole agreement may need to be reexamined&quot;.</p>
<p>A Kirch Group spokesman said that it had hired Prisma to design its World Cup distribution strategy, coordinate plans with Sporis and arrange FIFA's approval, and said the deal did not violate its contract with FIFA and Sporis.</p>
<p>But Sporis's wholly-owned agency ISL said they backed FIFA's view that bringing in a third company needed the approval of both partners.</p>
<p>Cooper told Reuters that the partners planned to meet in the next few days to discuss the disagreement. ($ = 1.753 German Marks)</p>
</text>
<copyright>(c) Reuters Limited 1997</copyright>
<metadata>
<codes class="bip:countries:1.0">
  <code code="GFR">
    <editdetail attribution="Reuters BIP Coding Group" action="confirmed" date="1997-07-11"/>
  </code>
</codes>
<codes class="bip:topics:1.0">
  <code code="GCAT">
    <editdetail attribution="Reuters BIP Coding Group" action="confirmed" date="1997-07-11"/>
  </code>
  <code code="GSPO">
    <editdetail attribution="Reuters BIP Coding Group" action="confirmed" date="1997-07-11"/>
  </code>
</codes>
<dc element="dc.date.created" value="1997-07-11"/>
<dc element="dc.publisher" value="Reuters Holdings Plc"/>
<dc element="dc.date.published" value="1997-07-11"/>
<dc element="dc.source" value="Reuters"/>
<dc element="dc.creator.location" value="MUNICH"/>
<dc element="dc.creator.location.country.name" value="GERMANY"/>
<dc element="dc.source" value="Reuters"/>
</metadata>
</newsitem>
