<?xml version="1.0" encoding="iso-8859-1" ?>
<newsitem itemid="721653" id="root" date="1997-07-11" xml:lang="en">
<title>CZECH REPUBLIC: TENNIS-NOVOTNA MAY NOT HAVE THE STOMACH FOR FED CUP TIE.</title>
<headline>TENNIS-NOVOTNA MAY NOT HAVE THE STOMACH FOR FED CUP TIE.</headline>
<dateline>PRAGUE 1997-07-11</dateline>
<text>
<p>Wimbledon runner-up Jana Novtona aims to lead the Czech Republic to victory against the Netherlands in their Fed Cup semifinal this weekend, but she may have to rely heavily on an inexperienced supporting cast because of a nagging stomach injury.</p>
<p>Novotna, who reached a career high ranking of number two following Wimbledon has been hampered recently by a pulled stomach muscle, a problem exacerbated by a tense, three-set Wimbledon final against Martina Hingis.</p>
<p>On Thursday she attempted to serve for the first time since her loss at the All England Club last Saturday, but non-playing team captain Hana Mandlikova said she would wait until Saturday to name her opening singles lineup.</p>
<p>&quot;I will do everything to prepare for the weekend and believe that I will be ready,&quot; Novotna said.</p>
<p>If not, Mandlikova will be forced to rely upon Adriana Gersi, Sandra Kleinova and Eva Martincova, just as she did against an injury-hit German team in the previous round last March when Novotna was also out of action due to illness.</p>
<p>&quot;We are prepared to do whatever we can to get Jana on the court. If she can't, then the three others will have to pick up the lead,&quot; Mandlikova, winner of four Grand Slam titles, said.</p>
<p>Either way, Dutch captain Fred Hemmes, who watched his squad upset the American defending champions in March, is taking no chances in preparing his players to face a tough home team challenge.</p>
<p>Hemmes has chosen Brenda Schultz-McCarthy, Miriam Oremans, Kristie Boogert and Manon Bollegraf to lead the Netherlands on the clay courts of Prague's Stvanice Stadium, and said he expected Novotna to play.</p>
<p>&quot;I saw Jana and how she looked when she came here, and to me she looked healthy overall,&quot; he said.</p>
</text>
<copyright>(c) Reuters Limited 1997</copyright>
<metadata>
<codes class="bip:countries:1.0">
  <code code="CZREP">
    <editdetail attribution="Reuters BIP Coding Group" action="confirmed" date="1997-07-11"/>
  </code>
  <code code="NETH">
    <editdetail attribution="Reuters BIP Coding Group" action="confirmed" date="1997-07-11"/>
  </code>
</codes>
<codes class="bip:topics:1.0">
  <code code="GCAT">
    <editdetail attribution="Reuters BIP Coding Group" action="confirmed" date="1997-07-11"/>
  </code>
  <code code="GSPO">
    <editdetail attribution="Reuters BIP Coding Group" action="confirmed" date="1997-07-11"/>
  </code>
</codes>
<dc element="dc.date.created" value="1997-07-11"/>
<dc element="dc.publisher" value="Reuters Holdings Plc"/>
<dc element="dc.date.published" value="1997-07-11"/>
<dc element="dc.source" value="Reuters"/>
<dc element="dc.creator.location" value="PRAGUE"/>
<dc element="dc.creator.location.country.name" value="CZECH REPUBLIC"/>
<dc element="dc.source" value="Reuters"/>
</metadata>
</newsitem>
