<?xml version="1.0" encoding="iso-8859-1" ?>
<newsitem itemid="721690" id="root" date="1997-07-11" xml:lang="en">
<title>ROMANIA: TABLE - ROMANIAN OFFICIAL FORECASTS OVER 1997-2000.</title>
<headline>TABLE - ROMANIAN OFFICIAL FORECASTS OVER 1997-2000.</headline>
<text>
<p>Following are forecasts for Romania's main macro-economic</p>
<p>indicators, as released by the government's Economic Reform</p>
<p>Council in June:</p>
<p>						1997    1998   1999   2000</p>
<p> GROSS DOMESTIC PRODUCT (pct change)-3.0    +2.3   +3.4   +4.0</p>
<p>    Industry....................... -5.0    +2.1   +2.6   +3.2</p>
<p>    Agriculture.................... +2.0    +3.3   +4.0   +4.8</p>
<p>    Construction................... +0.8    +2.1   +2.5   +2.9</p>
<p>    Trade and tourism.............. -4.2    +2.6   +3.6   +4.1</p>
<p>    Transport...................... -5.9    +0.3   +1.9   +2.2</p>
<p>    Financial activities........... +0.4    +2.6   +4.2   +5.1</p>
<p>    Other services................. -5.7    +3.2   +5.3   +6.2</p>
<p> YR/YR INFLATION RATE		   97.0*)  30.0   20.0   15.0</p>
<p> TRADE BALANCE (bln USD)........... 1.95    1.79   1.75   1.76</p>
<p>    Exports (pct change)........... +2.5    +4.1   +5.0   +5.0</p>
<p>    Imports (pct change)........... -1.9    +1.5   +3.5   +4.1</p>
<p> UNEMPLOYMENT RATE (pct)........... 10.3    10.0    9.6    8.7</p>
<p> PUBLIC DEBT (pct of GDP).......... 36.1    41.4   44.1   43.5</p>
<p> PRIVATE SECTOR (pct of GDP)....... 65.8    72.9   77.3   80.6</p>
<p>NOTE: *) Prime Minister Victor Ciorbea recently revised up the</p>
<p>estimate for 1997 year-on-year inflation to about 110 percent</p>
<p>following rises in consummer prices higher than expected in the</p>
<p>first quarter of this year, when government liberalised fuel,</p>
<p>electricity and food prices.</p>
<p>-- Bucharest Newsroom 40-1 3120264</p>
</text>
<copyright>(c) Reuters Limited 1997</copyright>
<metadata>
<codes class="bip:countries:1.0">
  <code code="ROM">
    <editdetail attribution="Reuters BIP Coding Group" action="confirmed" date="1997-07-11"/>
  </code>
</codes>
<codes class="bip:topics:1.0">
  <code code="E71">
    <editdetail attribution="Reuters BIP Coding Group" action="confirmed" date="1997-07-11"/>
  </code>
  <code code="ECAT">
    <editdetail attribution="Reuters BIP Coding Group" action="confirmed" date="1997-07-11"/>
  </code>
</codes>
<dc element="dc.publisher" value="Reuters Holdings Plc"/>
<dc element="dc.date.published" value="1997-07-11"/>
<dc element="dc.source" value="Reuters"/>
<dc element="dc.creator.location.country.name" value="ROMANIA"/>
<dc element="dc.source" value="Reuters"/>
</metadata>
</newsitem>
