<?xml version="1.0" encoding="iso-8859-1" ?>
<newsitem itemid="721661" id="root" date="1997-07-11" xml:lang="en">
<title>USA: BASEBALL-THURSDAY'S MAJOR LEAGUE RESULTS.</title>
<headline>BASEBALL-THURSDAY'S MAJOR LEAGUE RESULTS.</headline>
<dateline>NEW YORK 1997-07-11</dateline>
<text>
<p>Results of Major League</p>
<p>Baseball games on Thursday (home team in CAPS):</p>
<p>		 American League</p>
<p> Anaheim	     8  OAKLAND	     4</p>
<p> BOSTON		8  Toronto	     7 (11 innings)</p>
<p> NY YANKEES	 10  Detroit	     3</p>
<p> CHI WHITE SOX     6  Kansas City	 3</p>
<p> MINNESOTA	   8  Cleveland	   2</p>
<p> SEATTLE	    12  Texas		 9</p>
<p>		 National League</p>
<p> St Louis	    3  CHICAGO CUBS	2</p>
<p> FLORIDA	     8  Philadelphia	7</p>
<p> Houston	     7  PITTSBURGH	  0</p>
<p> Ny Mets	    10  ATLANTA	     7</p>
<p> San Diego	  11  COLORADO	    5</p>
<p> LOS ANGELES	11  San Francisco     0</p>
</text>
<copyright>(c) Reuters Limited 1997</copyright>
<metadata>
<codes class="bip:countries:1.0">
  <code code="CANA">
    <editdetail attribution="Reuters BIP Coding Group" action="confirmed" date="1997-07-11"/>
  </code>
  <code code="USA">
    <editdetail attribution="Reuters BIP Coding Group" action="confirmed" date="1997-07-11"/>
  </code>
</codes>
<codes class="bip:topics:1.0">
  <code code="GCAT">
    <editdetail attribution="Reuters BIP Coding Group" action="confirmed" date="1997-07-11"/>
  </code>
  <code code="GSPO">
    <editdetail attribution="Reuters BIP Coding Group" action="confirmed" date="1997-07-11"/>
  </code>
</codes>
<dc element="dc.date.created" value="1997-07-11"/>
<dc element="dc.publisher" value="Reuters Holdings Plc"/>
<dc element="dc.date.published" value="1997-07-11"/>
<dc element="dc.source" value="Reuters"/>
<dc element="dc.creator.location" value="NEW YORK"/>
<dc element="dc.creator.location.country.name" value="USA"/>
<dc element="dc.source" value="Reuters"/>
</metadata>
</newsitem>
