<?xml version="1.0" encoding="iso-8859-1" ?>
<newsitem itemid="721768" id="root" date="1997-07-11" xml:lang="en">
<title>UK: LIFFE coffee still down by close, Sept bucks trend.</title>
<headline>LIFFE coffee still down by close, Sept bucks trend.</headline>
<dateline>LONDON 1997-07-11</dateline>
<text>
<p>LIFFE robusta coffee futures stayed broadly lower by the close on Friday with the exception of September which bucked the trend to finish up as origin selling subsided.</p>
<p>September steadied up $5 late in the day with the  contract moving back into the plus column at the close.</p>
<p>At the closing bell, it stood $4 higher on the day at $1,775. Other positions maintained a weaker trend but off their lows.</p>
<p>Traders said September was earlier slated for fund sell-stops at $1,755. &quot;It went to a low of $1,745 but nothing happened,&quot; said one trader.</p>
<p>The bulk of the origin offers were from Africa, encouraged by the higher prices and firm French francs.</p>
<p>&quot;The Africans were very happy with robusta at $1,200. Now prices are $500 above that,&quot; said one.</p>
<p>September and November again led actives, accounting for the bulk of the total's volume of 4,235 lots.</p>
<p>But the overall fundamental picture for the market remained weak with roasters generally well covered.</p>
<p>Easing concerns over Brazilian frost, USDA's restatement of a crop of 28 million bags for Brazil in 1997/98, and a build in New York exchange-certified stocks were the main underlying bearish factors.</p>
<p>&quot;It's all coming to an end, slowly but surely,&quot; said one trader. The market had seen an unprecedented five-month rally that peaked in late May on aggressive fund and roaster buying, tight arabica supplies and frost fears in Brazil.</p>
<p>June and July are the frost-danger months in Brazil but so far there has been no crop-damaging freeze in the country's coffee-growing areas. Chances of a frost in the coming weeks are also slim, according to weathermen.</p>
<p>On the charts, coffee faces a major support at $1,695, the lower end of the June trading range. A break lower could see a swift move down to $1,600.</p>
<p>On the upside, a breakthrough at above $1,850 would pave the way for the market to regain a foothold at $2,040, a level last seen in May.</p>
<p>In its commentary on Friday, broker GNI said the odds of a frost from hereon were around 20:1, rising to 63:1 by the end of the month and 100:1 just five days after that.</p>
<p>&quot;Clearly the frost premium should be eroding rapidly, and the current warm conditions are allowing this year's harvest to continue apace,&quot; it said.</p>
<p>-- Jalil Hamid, London newsroom +44 171 542 4985</p>
</text>
<copyright>(c) Reuters Limited 1997</copyright>
<metadata>
<codes class="bip:countries:1.0">
  <code code="UK">
    <editdetail attribution="Reuters BIP Coding Group" action="confirmed" date="1997-07-11"/>
  </code>
</codes>
<codes class="bip:topics:1.0">
  <code code="M14">
    <editdetail attribution="Reuters BIP Coding Group" action="confirmed" date="1997-07-11"/>
  </code>
  <code code="M143">
    <editdetail attribution="Reuters BIP Coding Group" action="confirmed" date="1997-07-11"/>
  </code>
  <code code="MCAT">
    <editdetail attribution="Reuters BIP Coding Group" action="confirmed" date="1997-07-11"/>
  </code>
</codes>
<dc element="dc.date.created" value="1997-07-11"/>
<dc element="dc.publisher" value="Reuters Holdings Plc"/>
<dc element="dc.date.published" value="1997-07-11"/>
<dc element="dc.source" value="Reuters"/>
<dc element="dc.creator.location" value="LONDON"/>
<dc element="dc.creator.location.country.name" value="UK"/>
<dc element="dc.source" value="Reuters"/>
</metadata>
</newsitem>
