<?xml version="1.0" encoding="iso-8859-1" ?>
<newsitem itemid="721703" id="root" date="1997-07-11" xml:lang="en">
<title>LITHUANIA: LITHUANIA-TRANSPORT FIRM ADVISOR TENDER GETS 40 BIDS.</title>
<headline>LITHUANIA-TRANSPORT FIRM ADVISOR TENDER GETS 40 BIDS.</headline>
<dateline>VILNIUS 1997-07-11</dateline>
<text>
<p>Lithuania's European Affairs ministry said on Friday that 21 companies submitted applications to advise the government on the privatisation of the Lithuanian Sea Shipping company (LISCO).</p>
<p>It also said in a statement that 19 firms said they wanted to advise the government on the privatisation of the country's biggest stevedoring firm KLASCO.</p>
<p>Nomura International, KPMG London, Union Bank of Switzerland, Barents Group, D. Carnegie, Tufton Oceanic  were mentioned among the contenders.</p>
<p>The ministry said in a statement that the tender commission will decide on the short list of companies to bid to be lead advisors in the two privatisations next week.</p>
<p>KLASCO is the biggest stevedoring company in Klaipeda port, handling over seven million cargoes per year. The ferry terminal is an integral part of the firm.</p>
<p>LISCO is 80 percent state-controlled. Its share capital stands at around 471 million litas. The company owns 38 vessels and together with German partners operates two vessels on the carrying ro-ro cargos.</p>
<p>-- Andrius Vilkancas, Vilnius newsroom +370 2 22 35 17</p>
</text>
<copyright>(c) Reuters Limited 1997</copyright>
<metadata>
<codes class="bip:countries:1.0">
  <code code="LITH">
    <editdetail attribution="Reuters BIP Coding Group" action="confirmed" date="1997-07-11"/>
  </code>
</codes>
<codes class="bip:industries:1.0">
  <code code="I74000">
    <editdetail attribution="Reuters BIP Coding Group" action="confirmed" date="1997-07-11"/>
  </code>
</codes>
<codes class="bip:topics:1.0">
  <code code="C18">
    <editdetail attribution="Reuters BIP Coding Group" action="confirmed" date="1997-07-11"/>
  </code>
  <code code="C183">
    <editdetail attribution="Reuters BIP Coding Group" action="confirmed" date="1997-07-11"/>
  </code>
  <code code="CCAT">
    <editdetail attribution="Reuters BIP Coding Group" action="confirmed" date="1997-07-11"/>
  </code>
</codes>
<dc element="dc.date.created" value="1997-07-11"/>
<dc element="dc.publisher" value="Reuters Holdings Plc"/>
<dc element="dc.date.published" value="1997-07-11"/>
<dc element="dc.source" value="Reuters"/>
<dc element="dc.creator.location" value="VILNIUS"/>
<dc element="dc.creator.location.country.name" value="LITHUANIA"/>
<dc element="dc.source" value="Reuters"/>
</metadata>
</newsitem>
