<?xml version="1.0" encoding="iso-8859-1" ?>
<newsitem itemid="721751" id="root" date="1997-07-11" xml:lang="en">
<title>UK: LME zinc, copper keep gains, resistance holds.</title>
<headline>LME zinc, copper keep gains, resistance holds.</headline>
<dateline>LONDON 1997-07-11</dateline>
<text>
<p>Zinc prices on the London Metal Exchange on Friday evening held earlier gains but showed no inclination to break through resistance levels.</p>
<p>Traders said the market had risen earlier on the possibility of a squeeze in September but the momentum began to stall at $1,495 just short of the $1,500 target which would have signalled a continuing rally.</p>
<p>At 1800 GMT zinc was indicated at $1,486/$1,489 around the kerb close.</p>
<p>Copper was also around kerb levels at $2,284/$2,288 and aluminium was barely changed at $1,580/$1,583.</p>
<p>--London Newsroom +44 171 543 8058</p>
</text>
<copyright>(c) Reuters Limited 1997</copyright>
<metadata>
<codes class="bip:countries:1.0">
  <code code="UK">
    <editdetail attribution="Reuters BIP Coding Group" action="confirmed" date="1997-07-11"/>
  </code>
</codes>
<codes class="bip:topics:1.0">
  <code code="M14">
    <editdetail attribution="Reuters BIP Coding Group" action="confirmed" date="1997-07-11"/>
  </code>
  <code code="M142">
    <editdetail attribution="Reuters BIP Coding Group" action="confirmed" date="1997-07-11"/>
  </code>
  <code code="MCAT">
    <editdetail attribution="Reuters BIP Coding Group" action="confirmed" date="1997-07-11"/>
  </code>
</codes>
<dc element="dc.date.created" value="1997-07-11"/>
<dc element="dc.publisher" value="Reuters Holdings Plc"/>
<dc element="dc.date.published" value="1997-07-11"/>
<dc element="dc.source" value="Reuters"/>
<dc element="dc.creator.location" value="LONDON"/>
<dc element="dc.creator.location.country.name" value="UK"/>
<dc element="dc.source" value="Reuters"/>
</metadata>
</newsitem>
