<?xml version="1.0" encoding="iso-8859-1" ?>
<newsitem itemid="721733" id="root" date="1997-07-11" xml:lang="en">
<title>UK: Closing overseas stock market indices.</title>
<headline>Closing overseas stock market indices.</headline>
<dateline>LONDON</dateline>
<text>
<p>Here is how major stock markets outside the United States ended Friday.</p>
<p>LONDON - Stocks closed higher for a third straight session, as a continuing robust performance on Wall Street helped drag the FTSE 100 index of blue-chip stocks within striking distance of its record high. The FTSE 100 closed at 4,799.5, up 31.7 points, or 0.66 percent. That was a fall of 13.3 points from last week.</p>
<p>FRANKFURT - Germany's IBIS DAX ended computer dealings at a fresh record high of 4,074.30 points, up 73.65 points, or 1.84 percent, as the market found renewed hope from Wall Street gains and the dollar trading at 71-month highs against the mark. In earlier trade, the DAX-30 index closed at 4,040.97, up 48.59 points, or 1.22 percent, for a rise of 98.44 on the week.</p>
<p>PARIS - Stocks ended firmer, benefiting from dollar strength, traders said. Volume was fairly thin ahead the long weekend with markets closed Monday for the national July 14 holiday. The CAC-40 index closed at 2,941.59, up 12.50 points, or 0.43 percent and rising 7.11 points from last week.</p>
<p>ZURICH - Stocks ended more than 1 percent lower, extending the correction which started Thursday after a string of record highs, dealers said. The Swiss market index closed at 5,801.5, down 83.9 points, or 1.43 percent on the day, and down 45 points on the week.</p>
<p>TOKYO - Stocks closed moderately higher as lingering worries over the financial health of some companies prompted investors to actively seek high-technology issues backed by strong earnings, brokers said. The 225-stock Nikkei average closed at 19,875.49, up 120.71 points, or 0.61 percent. This was down 92.51 from last Friday.</p>
<p>HONG KONG - Stocks closed stronger as a technical rebound pushed up the blue-chip Hang Seng Index by 386.06 points, or 2.60 percent, to 15,225.29, for a rise of 402.32 points on the week. &quot;This is a technical rebound since the market has been oversold on the daily chart,&quot; said Calvin Chan, technical analyst at J&amp;A securities.</p>
<p>SYDNEY - Stocks closed slightly firmer, with gold stocks rebounding after this week's heavy selloff. But the market finished the week weaker due to the precious metal's continuing woes. The All Ordinaries index closed at 2,699.1, up 4.7 points, or 0.17 percent but showed a fall of 34.30 from the previous Friday's close.</p>
<p>JOHANNESBURG - Stocks put a quiet end to a topsy-turvy week as they finished a healthy trading session with their heads just above opening levels, dealers said. The All-Stock index closed at 7,348.0, up 10.1 points, or 0.14 percent, down 20 points from a week ago. The All-Gold index closed at 964.8, up 17.4 points, or 1.84 percent, for a rise of 12.7 points since last week. While the Industrial index closed at 8,806.6, up 8.1 points, or 0.09 percent. This was up 4.7 points from last Friday.</p>
</text>
<copyright>(c) Reuters Limited 1997</copyright>
<metadata>
<codes class="bip:countries:1.0">
  <code code="AUSTR">
    <editdetail attribution="Reuters BIP Coding Group" action="confirmed" date="1997-07-11"/>
  </code>
  <code code="FRA">
    <editdetail attribution="Reuters BIP Coding Group" action="confirmed" date="1997-07-11"/>
  </code>
  <code code="GFR">
    <editdetail attribution="Reuters BIP Coding Group" action="confirmed" date="1997-07-11"/>
  </code>
  <code code="HKONG">
    <editdetail attribution="Reuters BIP Coding Group" action="confirmed" date="1997-07-11"/>
  </code>
  <code code="JAP">
    <editdetail attribution="Reuters BIP Coding Group" action="confirmed" date="1997-07-11"/>
  </code>
  <code code="SAFR">
    <editdetail attribution="Reuters BIP Coding Group" action="confirmed" date="1997-07-11"/>
  </code>
  <code code="SWITZ">
    <editdetail attribution="Reuters BIP Coding Group" action="confirmed" date="1997-07-11"/>
  </code>
  <code code="UK">
    <editdetail attribution="Reuters BIP Coding Group" action="confirmed" date="1997-07-11"/>
  </code>
</codes>
<codes class="bip:topics:1.0">
  <code code="M11">
    <editdetail attribution="Reuters BIP Coding Group" action="confirmed" date="1997-07-11"/>
  </code>
  <code code="MCAT">
    <editdetail attribution="Reuters BIP Coding Group" action="confirmed" date="1997-07-11"/>
  </code>
</codes>
<dc element="dc.publisher" value="Reuters Holdings Plc"/>
<dc element="dc.date.published" value="1997-07-11"/>
<dc element="dc.source" value="Reuters"/>
<dc element="dc.creator.location" value="LONDON"/>
<dc element="dc.creator.location.country.name" value="UK"/>
<dc element="dc.source" value="Reuters"/>
</metadata>
</newsitem>
