<?xml version="1.0" encoding="iso-8859-1" ?>
<newsitem itemid="721790" id="root" date="1997-07-11" xml:lang="en">
<title>UK: Johnson Matthey to pay final div as FID.</title>
<headline>Johnson Matthey to pay final div as FID.</headline>
<dateline>LONDON 1997-07-11</dateline>
<text>
<p>British metals and electronic materials group Johnson Matthey Plc said on Friday it was to pay its final dividend of 10.8 pence a share for the year to March 31, 1997 in the form of a foreign income dividend (FID).</p>
<p>The decision follows changes to taxation on dividends made in the UK budget last week.  </p>
<p>The company said in a statement that by paying the final dividend in the form of a FID it would be able to obtain a refund of the 5.8 million stg of advance corporation tax (ACT) paid on the FID.</p>
<p>It said for the majority of shareholders, payment of the dividend in this way would have no adverse financial effect. The dividend will be paid on August 4.</p>
<p>-- London newsroom +44 171 542 4365</p>
</text>
<copyright>(c) Reuters Limited 1997</copyright>
<metadata>
<codes class="bip:countries:1.0">
  <code code="UK">
    <editdetail attribution="Reuters BIP Coding Group" action="confirmed" date="1997-07-11"/>
  </code>
</codes>
<codes class="bip:industries:1.0">
  <code code="I22472">
    <editdetail attribution="Reuters BIP Coding Group" action="confirmed" date="1997-07-11"/>
  </code>
</codes>
<codes class="bip:topics:1.0">
  <code code="C15">
    <editdetail attribution="Reuters BIP Coding Group" action="confirmed" date="1997-07-11"/>
  </code>
  <code code="C151">
    <editdetail attribution="Reuters BIP Coding Group" action="confirmed" date="1997-07-11"/>
  </code>
  <code code="CCAT">
    <editdetail attribution="Reuters BIP Coding Group" action="confirmed" date="1997-07-11"/>
  </code>
</codes>
<dc element="dc.date.created" value="1997-07-11"/>
<dc element="dc.publisher" value="Reuters Holdings Plc"/>
<dc element="dc.date.published" value="1997-07-11"/>
<dc element="dc.source" value="Reuters"/>
<dc element="dc.creator.location" value="LONDON"/>
<dc element="dc.creator.location.country.name" value="UK"/>
<dc element="dc.source" value="Reuters"/>
</metadata>
</newsitem>
