<?xml version="1.0" encoding="iso-8859-1" ?>
<newsitem itemid="721745" id="root" date="1997-07-11" xml:lang="en">
<title>UK: Shooting in Belfast, security casualites - sources.</title>
<headline>Shooting in Belfast, security casualites - sources.</headline>
<dateline>BELFAST 1997-07-11</dateline>
<text>
<p>Ambulances were rushed to north Belfast on Friday night after security forces came under attack and first reports said there were some casualties.</p>
<p>Details were sketchy but security sources said it appeared that members of the province's police and British troops had been injured.  </p>
<p>The sources said the incident happened at Hillview Street in a borderline area between Protestant and Catholic zones.</p>
<p>One resident said he heard about 20 shots and there was an unconfirmed report of an explosion.</p>
<p>Security forces have come under sniper attack in the past week during violence triggered by a Protestant march along the Catholic Garvaghy road area of Portadown, south of Belfast.</p>
</text>
<copyright>(c) Reuters Limited 1997</copyright>
<metadata>
<codes class="bip:countries:1.0">
  <code code="UK">
    <editdetail attribution="Reuters BIP Coding Group" action="confirmed" date="1997-07-11"/>
  </code>
</codes>
<codes class="bip:topics:1.0">
  <code code="GCAT">
    <editdetail attribution="Reuters BIP Coding Group" action="confirmed" date="1997-07-11"/>
  </code>
  <code code="GVIO">
    <editdetail attribution="Reuters BIP Coding Group" action="confirmed" date="1997-07-11"/>
  </code>
</codes>
<dc element="dc.date.created" value="1997-07-11"/>
<dc element="dc.publisher" value="Reuters Holdings Plc"/>
<dc element="dc.date.published" value="1997-07-11"/>
<dc element="dc.source" value="Reuters"/>
<dc element="dc.creator.location" value="BELFAST"/>
<dc element="dc.creator.location.country.name" value="UK"/>
<dc element="dc.source" value="Reuters"/>
</metadata>
</newsitem>
