<?xml version="1.0" encoding="iso-8859-1" ?>
<newsitem itemid="721707" id="root" date="1997-07-11" xml:lang="en">
<title>LATVIA: LATVIA-O/N RATES UP AHEAD OF WEEKEND, LAT SEEN EASING.</title>
<headline>LATVIA-O/N RATES UP AHEAD OF WEEKEND, LAT SEEN EASING.</headline>
<dateline>RIGA 1997-07-11</dateline>
<text>
<p>Overnight rates rose ahead of the weekend and the lat/dollar rate came close to the Bank of Latvia's intervention rate on Friday.</p>
<p>But dealers said that the lat was expected to ease slightly in response to local market demand for dollars.</p>
<p>Volumes on both markets were relatively low because of the summer holiday, dealer said.</p>
<p>Overnight rates climbed to a bid/ask of 4.00/4.50 percent on Friday from 3.20/4.20 percent on Thursday.</p>
<p>Dealers said rates usually rise ahead of the weekend as banks have three days to meet their reserve requirements and expected them to fall next week.</p>
<p>In foreign exchange markets, the interbank lat/dollar rate was steady at 0.5699/704, near the central bank's intervention rate of 0.5696/811.</p>
<p>&quot;This situation won't last as we don't expect banks to sell dollars to the central bank...There is a big order for dollars from a couple of sources right now,&quot; said one dealer.</p>
<p>Dealers declined to name the source.</p>
<p>-- Ed Stoddard, Riga newsroom +371 721 52 40</p>
</text>
<copyright>(c) Reuters Limited 1997</copyright>
<metadata>
<codes class="bip:countries:1.0">
  <code code="LATV">
    <editdetail attribution="Reuters BIP Coding Group" action="confirmed" date="1997-07-11"/>
  </code>
</codes>
<codes class="bip:topics:1.0">
  <code code="M13">
    <editdetail attribution="Reuters BIP Coding Group" action="confirmed" date="1997-07-11"/>
  </code>
  <code code="M131">
    <editdetail attribution="Reuters BIP Coding Group" action="confirmed" date="1997-07-11"/>
  </code>
  <code code="MCAT">
    <editdetail attribution="Reuters BIP Coding Group" action="confirmed" date="1997-07-11"/>
  </code>
</codes>
<dc element="dc.date.created" value="1997-07-11"/>
<dc element="dc.publisher" value="Reuters Holdings Plc"/>
<dc element="dc.date.published" value="1997-07-11"/>
<dc element="dc.source" value="Reuters"/>
<dc element="dc.creator.location" value="RIGA"/>
<dc element="dc.creator.location.country.name" value="LATVIA"/>
<dc element="dc.source" value="Reuters"/>
</metadata>
</newsitem>
