<?xml version="1.0" encoding="iso-8859-1" ?>
<newsitem itemid="721704" id="root" date="1997-07-11" xml:lang="en">
<title>POLAND: DOMPLAST JUNE NET FALLS TO PLN 0.3 MLN.</title>
<headline>DOMPLAST JUNE NET FALLS TO PLN 0.3 MLN.</headline>
<dateline>WARSAW 1997-07-11</dateline>
<text>
<p>Preliminary results June</p>
<p>(in million zlotys unless stated)</p>
<p> JUNE		     1997     1996</p>
<p> Net profit	     0.30 vs   3.71</p>
<p> Pre-tax profit	 0.84 vs   8.53</p>
<p> Operating profit     2.87 vs   6.71</p>
<p> Sales		   65.91 vs  46.31</p>
<p> JANUARY-JUNE	   1997     1996</p>
<p> Net profit	    25.31 vs  44.25</p>
<p> Pre-tax profit	42.99 vs  84.88</p>
<p> Operating profit    51.18 vs  81.25</p>
<p> Sales		  414.25 vs 338.13</p>
<p>Note. Full name of the Polish household plastic products maker</p>
<p>is DomPlast.</p>
<p>-- Warsaw Newsroom +48 22 653 9700</p>
</text>
<copyright>(c) Reuters Limited 1997</copyright>
<metadata>
<codes class="bip:countries:1.0">
  <code code="POL">
    <editdetail attribution="Reuters BIP Coding Group" action="confirmed" date="1997-07-11"/>
  </code>
</codes>
<codes class="bip:industries:1.0">
  <code code="I48300">
    <editdetail attribution="Reuters BIP Coding Group" action="confirmed" date="1997-07-11"/>
  </code>
</codes>
<codes class="bip:topics:1.0">
  <code code="C15">
    <editdetail attribution="Reuters BIP Coding Group" action="confirmed" date="1997-07-11"/>
  </code>
  <code code="C151">
    <editdetail attribution="Reuters BIP Coding Group" action="confirmed" date="1997-07-11"/>
  </code>
  <code code="CCAT">
    <editdetail attribution="Reuters BIP Coding Group" action="confirmed" date="1997-07-11"/>
  </code>
</codes>
<dc element="dc.date.created" value="1997-07-11"/>
<dc element="dc.publisher" value="Reuters Holdings Plc"/>
<dc element="dc.date.published" value="1997-07-11"/>
<dc element="dc.source" value="Reuters"/>
<dc element="dc.creator.location" value="WARSAW"/>
<dc element="dc.creator.location.country.name" value="POLAND"/>
<dc element="dc.source" value="Reuters"/>
</metadata>
</newsitem>
