<?xml version="1.0" encoding="iso-8859-1" ?>
<newsitem itemid="721744" id="root" date="1997-07-11" xml:lang="en">
<title>UK: Protestant parade pride in N.Irish-British links.</title>
<headline>Protestant parade pride in N.Irish-British links.</headline>
<byline>Martin Cowley</byline>
<dateline>BELFAST 1996-07-12</dateline>
<text>
<p>Bonfires blazed across Northern Ireland on Saturday ushering in Protestant festivities marking a victory that still riles Catholic Irish after 300 years.</p>
<p>Tens of thousands in the staunchly pro-British Orange Order backed by blaring brass, flute and bagpipe bands, bring the province to a standstill each &quot;Twelfth of July&quot; in processions that touch a raw nerve among the Catholic minority.</p>
<p>Wearing traditional regalia of orange shoulder-sashes and London-style bowler hats, their chief officers strut city highways and country lanes bearing silver swords and pikes.</p>
<p>Massive silken banners swaying in the light summer breeze are emblazoned with Christian biblical scenes and images of Protestant King William defeating Catholic King James in 1690.</p>
<p>They parade a pride in Protestantism and three centuries of British sovereignty in a province where the 40 percent nationalist population want an all-Ireland state freed of British influence.</p>
<p>Scarred by guerrilla war by pro-Irish and pro-British militias, the region has been on a tightrope of fear ahead of Saturday's climax of a Protestant &quot;marching season&quot; that always revives simmering sectarianism.</p>
<p>Late on Thursday, in what was widely hailed as a momentous decision, the Order tilted the province away from the prospect of open conflict and tried to build a new peace.</p>
<p>The Order called off plans for four parades that had sparked threats of mass mobilisation by nationalists.</p>
<p>All sides in the beleaguered region had feared confrontations would erupt in communal blood-letting.</p>
<p>It was an about-turn that took everyone by surprise. It won the Order plaudits from Protestant and Catholic groups but also provoked rumblings of discontent from Orange Order factions who said that rebellious Catholics were being appeased.</p>
<p>Five people were injured when security forces came under fire in Belfast on Friday night in a grim reminder that Northern Ireland's troubles were far from over, despite the Orange gesture.</p>
<p>Relations between the Catholics and Britain's Labour government nose-dived last Sunday when a massive police and military operation was launched to ensure the Orange Order could hold its most controversial parade, which went through a Catholic neighbourhood of the town of Portadown.</p>
<p>Catholics accused London of betraying their hopes that the &quot;Orangemen&quot; would not be prevented from going through their zone.</p>
<p>Last year the Northern Ireland police blocked Orangemen for four days but reversed their decision in the face of an eruption of Protestant violence across the province.</p>
<p>Last Sunday the chief of police said that the march had to go ahead because he feared pro-British &quot;loyalist&quot; extremists would otherwise have killed Catholics.</p>
<p>Northern Ireland's Orangemen proclaim themselves as &quot;true born Britons&quot; and their mottos of &quot;not an inch&quot; and &quot;no surrender&quot; are timeless testimony to a determination not to be dragooned into a &quot;United Ireland&quot;.</p>
<p>Catholics living in enclaves say swaggering Orange parades and the noisy drums and bands fill them with apprehension.</p>
<p>The Orangemen, whose organisation is strong in rural Northern Ireland and has countless &quot;lodges&quot; or branches in towns and cities, insist that they mean no offence.</p>
<p>They regard the ability &quot;to walk the queen's highway&quot; as an inalienable right won by forefrathers who defeated Catholic King James and helped secure a Protestant monarchy in Britain.</p>
<p>Catholics retort that the Order's attitudes have been frozen for 300 years but they say the calling-off of four marches on Friday is a welcome sign of a thaw.</p>
</text>
<copyright>(c) Reuters Limited 1997</copyright>
<metadata>
<codes class="bip:countries:1.0">
  <code code="UK">
    <editdetail attribution="Reuters BIP Coding Group" action="confirmed" date="1997-07-11"/>
  </code>
</codes>
<codes class="bip:topics:1.0">
  <code code="GCAT">
    <editdetail attribution="Reuters BIP Coding Group" action="confirmed" date="1997-07-11"/>
  </code>
  <code code="GPOL">
    <editdetail attribution="Reuters BIP Coding Group" action="confirmed" date="1997-07-11"/>
  </code>
  <code code="GVIO">
    <editdetail attribution="Reuters BIP Coding Group" action="confirmed" date="1997-07-11"/>
  </code>
</codes>
<dc element="dc.date.created" value="1996-07-12"/>
<dc element="dc.publisher" value="Reuters Holdings Plc"/>
<dc element="dc.date.published" value="1997-07-11"/>
<dc element="dc.source" value="Reuters"/>
<dc element="dc.creator.location" value="BELFAST"/>
<dc element="dc.creator.location.country.name" value="UK"/>
<dc element="dc.source" value="Reuters"/>
</metadata>
</newsitem>
