<?xml version="1.0" encoding="iso-8859-1" ?>
<newsitem itemid="721786" id="root" date="1997-07-11" xml:lang="en">
<title>UK: Royal mistress Camilla escapes car crash charges.</title>
<headline>Royal mistress Camilla escapes car crash charges.</headline>
<dateline>LONDON 1997-07-11</dateline>
<text>
<p>Camilla Parker Bowles, mistress to Britain's Prince Charles, will not be prosecuted over a car crash last month which left both drivers with minor injuries, police said on Friday.</p>
<p>Parker Bowles, 49, whose earthy style marks a stark contrast to Charles's ex-wife Diana, hurt her head and wrist in a head-on collision as she drove through twisting country lanes on her way to dinner at Charles's Highgrove home in Wiltshire, west England.</p>
<p>A spokeswoman for Wiltshire Police told Reuters they did not have sufficient evidence to bring charges against either driver.</p>
<p>Parker Bowles and 53-year-old interior designer Carolyn Melville-Smith passed alcohol tests at the time of the accident, which occurred on the evening of June 12 between the villages of Norton and Easton Grey.</p>
<p>Parker Bowles had telephoned police and ambulance services from her Ford Mondeo estate car.</p>
<p>Parker Bowles, who divorced cavalry officer Andrew Parker Bowles last year, owns a house about 20 miles (32 km) from the 48-year-old prince. She is a frequent guest at Highgrove, where she stables her horses.</p>
<p>Tall with wiry blond hair, she has graced television screens and the front pages of tabloid newspapers recently, as speculation mounts she may one day marry Charles, heir to the British throne.</p>
<p>Although their love affair has lasted some 20 years, some sections of the British public have been unwilling to accept Parker Bowles, portrayed as the woman who broke up the fairytale royal marriage.</p>
<p>Charles was divorced from Princess Diana, 36, in February 1996 and has ruled out remarrying.</p>
</text>
<copyright>(c) Reuters Limited 1997</copyright>
<metadata>
<codes class="bip:countries:1.0">
  <code code="UK">
    <editdetail attribution="Reuters BIP Coding Group" action="confirmed" date="1997-07-11"/>
  </code>
</codes>
<codes class="bip:topics:1.0">
  <code code="GCAT">
    <editdetail attribution="Reuters BIP Coding Group" action="confirmed" date="1997-07-11"/>
  </code>
  <code code="GODD">
    <editdetail attribution="Reuters BIP Coding Group" action="confirmed" date="1997-07-11"/>
  </code>
  <code code="GPRO">
    <editdetail attribution="Reuters BIP Coding Group" action="confirmed" date="1997-07-11"/>
  </code>
</codes>
<dc element="dc.date.created" value="1997-07-11"/>
<dc element="dc.publisher" value="Reuters Holdings Plc"/>
<dc element="dc.date.published" value="1997-07-11"/>
<dc element="dc.source" value="Reuters"/>
<dc element="dc.creator.location" value="LONDON"/>
<dc element="dc.creator.location.country.name" value="UK"/>
<dc element="dc.source" value="Reuters"/>
</metadata>
</newsitem>
