<?xml version="1.0" encoding="iso-8859-1" ?>
<newsitem itemid="721799" id="root" date="1997-07-11" xml:lang="en">
<title>UK: Tinsley Robor plans 11.4 mln stg Dutch buy.</title>
<headline>Tinsley Robor plans 11.4 mln stg Dutch buy.</headline>
<dateline>LONDON 1997-07-11</dateline>
<text>
<p>Tinsley Robor Plc, a supplier of packaging to the music and multimedia publishing industries, said on Friday one of its subsidiaries had conditionally agreed to buy Lenteweg BV for an initial 11.4 million stg.</p>
<p>The group said the purchase of Netherlands-based Lenteweg, a supplier of specialist printed packaging, would be financed with borrowings from committed bank facilities.</p>
<p>-- London newsroom +44 171 542 4365</p>
</text>
<copyright>(c) Reuters Limited 1997</copyright>
<metadata>
<codes class="bip:countries:1.0">
  <code code="NETH">
    <editdetail attribution="Reuters BIP Coding Group" action="confirmed" date="1997-07-11"/>
  </code>
  <code code="UK">
    <editdetail attribution="Reuters BIP Coding Group" action="confirmed" date="1997-07-11"/>
  </code>
</codes>
<codes class="bip:industries:1.0">
  <code code="I47500">
    <editdetail attribution="Reuters BIP Coding Group" action="confirmed" date="1997-07-11"/>
  </code>
</codes>
<codes class="bip:topics:1.0">
  <code code="C18">
    <editdetail attribution="Reuters BIP Coding Group" action="confirmed" date="1997-07-11"/>
  </code>
  <code code="C181">
    <editdetail attribution="Reuters BIP Coding Group" action="confirmed" date="1997-07-11"/>
  </code>
  <code code="CCAT">
    <editdetail attribution="Reuters BIP Coding Group" action="confirmed" date="1997-07-11"/>
  </code>
</codes>
<dc element="dc.date.created" value="1997-07-11"/>
<dc element="dc.publisher" value="Reuters Holdings Plc"/>
<dc element="dc.date.published" value="1997-07-11"/>
<dc element="dc.source" value="Reuters"/>
<dc element="dc.creator.location" value="LONDON"/>
<dc element="dc.creator.location.country.name" value="UK"/>
<dc element="dc.source" value="Reuters"/>
</metadata>
</newsitem>
