<?xml version="1.0" encoding="iso-8859-1" ?>
<newsitem itemid="721769" id="root" date="1997-07-11" xml:lang="en">
<title>UK: NWE naphtha edges up on supplies, strong Asia.</title>
<headline>NWE naphtha edges up on supplies, strong Asia.</headline>
<dateline>LONDON 1997-07-11</dateline>
<text>
<p>NWE naphtha was a touch firmer on Friday as firmer gasoline, tightish local supplies and support from strong Asian buying impacted.</p>
<p>Dealers said naphtha was around $175 cif NWE, about $1 a tonne higher than Thursday. July swaps were also better bid touching $180.00 on the offer side.</p>
<p>But, activity on both the physical and wet markets was fairly sparse.</p>
<p>&quot;There is not alot of physical around for a start and there is some concern the swaps are being played up,&quot; said one trader.</p>
<p>-- London Newsroom +44 171 542 8980</p>
</text>
<copyright>(c) Reuters Limited 1997</copyright>
<metadata>
<codes class="bip:countries:1.0">
  <code code="UK">
    <editdetail attribution="Reuters BIP Coding Group" action="confirmed" date="1997-07-11"/>
  </code>
</codes>
<codes class="bip:topics:1.0">
  <code code="M14">
    <editdetail attribution="Reuters BIP Coding Group" action="confirmed" date="1997-07-11"/>
  </code>
  <code code="M143">
    <editdetail attribution="Reuters BIP Coding Group" action="confirmed" date="1997-07-11"/>
  </code>
  <code code="MCAT">
    <editdetail attribution="Reuters BIP Coding Group" action="confirmed" date="1997-07-11"/>
  </code>
</codes>
<dc element="dc.date.created" value="1997-07-11"/>
<dc element="dc.publisher" value="Reuters Holdings Plc"/>
<dc element="dc.date.published" value="1997-07-11"/>
<dc element="dc.source" value="Reuters"/>
<dc element="dc.creator.location" value="LONDON"/>
<dc element="dc.creator.location.country.name" value="UK"/>
<dc element="dc.source" value="Reuters"/>
</metadata>
</newsitem>
