<?xml version="1.0" encoding="iso-8859-1" ?>
<newsitem itemid="721877" id="root" date="1997-07-11" xml:lang="en">
<title>ETHIOPIA: Somali factions demand compensation from U.N..</title>
<headline>Somali factions demand compensation from U.N..</headline>
<dateline>ADDIS ABABA 1997-07-11</dateline>
<text>
<p>Somali faction leaders demanded on Friday the United Nations pay compensation and apologize for atrocities committed in Somalia by U.N. troops between 1992 and 1994.</p>
<p>Twenty-six leaders appealed to U.N. Secretary-General Kofi Annan to establish a fact-finding mission under the Security Council to determine the &quot;depth and scope&quot; of abuses of authority and mandate by U.N. troops.</p>
<p>&quot;U.N. troops which went to Somalia...indulged in acts of violence and human degredation such as killing, rape, torture, humiliation and imprisonments,&quot; the leaders said in a statement issued in Addis Ababa. They did not specify the amount of compensation demanded.</p>
<p>Revelations by Canada, Belgium and Italy, which contributed troops to the U.N. mission, were the tip of the iceberg, the statement said.</p>
<p>A Belgian military court acquitted two ex-paratroopers last week for insufficient evidence after they were accused of threatening behaviour and physical violence towards a Somali boy during their mission in 1993.</p>
<p>The two were charged after a newspaper published a photograph that appeared to show them swinging a Somali boy over a fire.</p>
<p>Thousands of troops served with Operation Restore Hope the U.N. military mission in Somalia set up to ensure the distribution of food aid. Somalia has been without central government since dicator Siad Barre was ousted in 1991.</p>
</text>
<copyright>(c) Reuters Limited 1997</copyright>
<metadata>
<codes class="bip:countries:1.0">
  <code code="ETHPA">
    <editdetail attribution="Reuters BIP Coding Group" action="confirmed" date="1997-07-11"/>
  </code>
  <code code="SOMAL">
    <editdetail attribution="Reuters BIP Coding Group" action="confirmed" date="1997-07-11"/>
  </code>
  <code code="UN">
    <editdetail attribution="Reuters BIP Coding Group" action="confirmed" date="1997-07-11"/>
  </code>
</codes>
<codes class="bip:topics:1.0">
  <code code="GCAT">
    <editdetail attribution="Reuters BIP Coding Group" action="confirmed" date="1997-07-11"/>
  </code>
  <code code="GDEF">
    <editdetail attribution="Reuters BIP Coding Group" action="confirmed" date="1997-07-11"/>
  </code>
  <code code="GDIP">
    <editdetail attribution="Reuters BIP Coding Group" action="confirmed" date="1997-07-11"/>
  </code>
  <code code="GVIO">
    <editdetail attribution="Reuters BIP Coding Group" action="confirmed" date="1997-07-11"/>
  </code>
</codes>
<dc element="dc.date.created" value="1997-07-11"/>
<dc element="dc.publisher" value="Reuters Holdings Plc"/>
<dc element="dc.date.published" value="1997-07-11"/>
<dc element="dc.source" value="Reuters"/>
<dc element="dc.creator.location" value="ADDIS ABABA"/>
<dc element="dc.creator.location.country.name" value="ETHIOPIA"/>
<dc element="dc.source" value="Reuters"/>
</metadata>
</newsitem>
