<?xml version="1.0" encoding="iso-8859-1" ?>
<newsitem itemid="721848" id="root" date="1997-07-11" xml:lang="en">
<title>LIBERIA: U.S. donates ballot boxes for Liberian poll.</title>
<headline>U.S. donates ballot boxes for Liberian poll.</headline>
<dateline>MONROVIA 1997-07-11</dateline>
<text>
<p>The United States donated 2,000 transparent ballot boxes on Friday for Liberia's July 19 elections wrapping up a transition from years of civil war.</p>
<p>U.S. Ambassdor William Milam handed the boxes and ballot papers to Independent Elections Commission chairman Henry Andrews. He said the gift showed Washington's interest in seeing free, fair and democratic elections in the West African nation.</p>
<p>Liberia was founded by freed American slaves in 1847 and the United States remains the most influential Western power there.</p>
<p>Andrews said the ballot papers were printed in the Ghanaian capital Accra &quot;under strict security&quot;.</p>
<p>The boxes and other ballot supplies were flown in from Denmark under the sponsorhip of U.S.-based International Foundation for Electoral Systems.</p>
<p>The elections commission this week overruled calls for a postponement by 12 of 13 parties contesting the presidential and general elections on grounds of alleged irregularities in voter registration.</p>
<p>Andrews said such a delay would be a recipe for further trouble in the country that has been torn by civil war and being without efective government for seven years.</p>
<p>Regional power Nigeria which leads a West African force policing Liberia since 1990 also ruled out a delay. Western donors led by the United States cautioned aid to Liberia could dry up if the faltering poll programme went off course again.</p>
</text>
<copyright>(c) Reuters Limited 1997</copyright>
<metadata>
<codes class="bip:countries:1.0">
  <code code="LIBER">
    <editdetail attribution="Reuters BIP Coding Group" action="confirmed" date="1997-07-11"/>
  </code>
  <code code="USA">
    <editdetail attribution="Reuters BIP Coding Group" action="confirmed" date="1997-07-11"/>
  </code>
</codes>
<codes class="bip:topics:1.0">
  <code code="GCAT">
    <editdetail attribution="Reuters BIP Coding Group" action="confirmed" date="1997-07-11"/>
  </code>
  <code code="GDIP">
    <editdetail attribution="Reuters BIP Coding Group" action="confirmed" date="1997-07-11"/>
  </code>
  <code code="GPOL">
    <editdetail attribution="Reuters BIP Coding Group" action="confirmed" date="1997-07-11"/>
  </code>
  <code code="GVOTE">
    <editdetail attribution="Reuters BIP Coding Group" action="confirmed" date="1997-07-11"/>
  </code>
</codes>
<dc element="dc.date.created" value="1997-07-11"/>
<dc element="dc.publisher" value="Reuters Holdings Plc"/>
<dc element="dc.date.published" value="1997-07-11"/>
<dc element="dc.source" value="Reuters"/>
<dc element="dc.creator.location" value="MONROVIA"/>
<dc element="dc.creator.location.country.name" value="LIBERIA"/>
<dc element="dc.source" value="Reuters"/>
</metadata>
</newsitem>
