<?xml version="1.0" encoding="iso-8859-1" ?>
<newsitem itemid="721837" id="root" date="1997-07-11" xml:lang="en">
<title>CANADA: Canadian bond shortage imminent, brokerage says.</title>
<headline>Canadian bond shortage imminent, brokerage says.</headline>
<byline>Paul Simao</byline>
<dateline>TORONTO 1997-07-11</dateline>
<text>
<p>Dramatic improvements in Canada's fiscal balance sheet will translate into a shortage of Canadian bonds and a sustained long-term bullish trend in fixed-income markets, said a report released on Friday by one of Canada's largest investment dealers.</p>
<p>The Nesbitt Burns Inc report said the Canadian government had stopped new borrowing for the first time since 1974 and would issue no new bonds a year earlier than expected.</p>
<p>The report, based on a review of weekly data from the Bank of Canada, indicated Canada had been running a financial requirements surplus since May.</p>
<p>Nesbitt Burns called the impending shift in supply of new bonds a &quot;watershed event&quot; that would have a significant impact on Canada's financial landscape.</p>
<p>&quot;You're going to see new issuance of Canadian bonds basically dry up over the course of the next year,&quot; said Doug Porter, senior economist with Nesbitt Burns.</p>
<p>&quot;They're shutting off the taps on supply suddenly, yet the demand for fixed-income products is not going to change radically. The adjusting factor will be lower interest rates,&quot; Porter said.</p>
<p>A lower federal deficit, which Nesbitt predicted would be about C$5 billion for fiscal 1997/98, was the main catalyst for the shifting supply in fixed-income markets.</p>
<p>Since 1993, Canada has embarked on a sustained budget-cutting project including sharp cuts to program spending, reductions in transfer payments to the 10 provinces and across-the-board tax increases.</p>
<p>Canada's Finance Minister Paul Martin had forecast a C$17 billion deficit for the current fiscal year, but most economists said Martin was at least C$10 billion ahead of his target.</p>
<p>The prospect of government surpluses as early as next year and stable long-term interest rates is good news for Canada's bond market.</p>
<p>&quot;It should make the kinds of gains we've seen in bonds the last couple of years a permanent feature,&quot; Porter said.</p>
<p>Porter added that the gaps in supply of new government issues would be absorbed by a higher degree of corporate debt issues in the future.</p>
<p>Canada's benchmark 30-year long bond rose C$0.34 to C$118.63 to yield 6.568 percent in trading on Friday.</p>
<p>The U.S. 30-year bond gained 13/32 to yield 6.53 percent.</p>
<p>The spread between the two benchmark bonds moved to a spread of four basis points.</p>
<p>((Reuters Toronto Bureau 416-941-8100))</p>
</text>
<copyright>(c) Reuters Limited 1997</copyright>
<metadata>
<codes class="bip:countries:1.0">
  <code code="CANA">
    <editdetail attribution="Reuters BIP Coding Group" action="confirmed" date="1997-07-11"/>
  </code>
</codes>
<codes class="bip:topics:1.0">
  <code code="M12">
    <editdetail attribution="Reuters BIP Coding Group" action="confirmed" date="1997-07-11"/>
  </code>
  <code code="MCAT">
    <editdetail attribution="Reuters BIP Coding Group" action="confirmed" date="1997-07-11"/>
  </code>
</codes>
<dc element="dc.date.created" value="1997-07-11"/>
<dc element="dc.publisher" value="Reuters Holdings Plc"/>
<dc element="dc.date.published" value="1997-07-11"/>
<dc element="dc.source" value="Reuters"/>
<dc element="dc.creator.location" value="TORONTO"/>
<dc element="dc.creator.location.country.name" value="CANADA"/>
<dc element="dc.source" value="Reuters"/>
</metadata>
</newsitem>
