<?xml version="1.0" encoding="iso-8859-1" ?>
<newsitem itemid="721853" id="root" date="1997-07-11" xml:lang="en">
<title>COTE D'IVOIRE: Abidjan bourse edges higher again on week.</title>
<headline>Abidjan bourse edges higher again on week.</headline>
<dateline>ABIDJAN 1997-07-11</dateline>
<text>
<p>Share prices on the Abidjan stock exchange edged higher over the past week and volume was boosted by a big transaction in textiles and sack maker Filtisac, according to the weekly bourse report on Friday.</p>
<p>The BVA all-share index added 0.46 percent to 495.08, leaving it 38.37 percent up since the start of the year.</p>
<p>The 260 million CFA francs ($437,000) of stock in Filtisac that changed hands accounted for 58 percent of the total 451 million francs volume. The price fell 1,000 CFA francs to 52,000.</p>
<p>The price of shares in bank BICICI were adjusted after a one-for-two scrip issue and ended the week at 36,890 CFA francs, down 18,410.</p>
<p>Among the risers, bitumen manufacturer SMB rose 2,200 to 24,800 and rubber company SOGB added 1,840 to 19,840. Another rubber company, SAPH ended down 160 at 13,000 ex-dividend, after a 1,000 CFA franc per share payout.</p>
<p>-- Alan Raybould, Abidjan newsroom +225 21 90 90</p>
</text>
<copyright>(c) Reuters Limited 1997</copyright>
<metadata>
<codes class="bip:countries:1.0">
  <code code="ICST">
    <editdetail attribution="Reuters BIP Coding Group" action="confirmed" date="1997-07-11"/>
  </code>
</codes>
<codes class="bip:topics:1.0">
  <code code="M11">
    <editdetail attribution="Reuters BIP Coding Group" action="confirmed" date="1997-07-11"/>
  </code>
  <code code="MCAT">
    <editdetail attribution="Reuters BIP Coding Group" action="confirmed" date="1997-07-11"/>
  </code>
</codes>
<dc element="dc.date.created" value="1997-07-11"/>
<dc element="dc.publisher" value="Reuters Holdings Plc"/>
<dc element="dc.date.published" value="1997-07-11"/>
<dc element="dc.source" value="Reuters"/>
<dc element="dc.creator.location" value="ABIDJAN"/>
<dc element="dc.creator.location.country.name" value="COTE D'IVOIRE"/>
<dc element="dc.source" value="Reuters"/>
</metadata>
</newsitem>
