<?xml version="1.0" encoding="iso-8859-1" ?>
<newsitem itemid="721857" id="root" date="1997-07-11" xml:lang="en">
<title>ZIMBABWE: Zimbabwe shares end week firmer, seen continuing.</title>
<headline>Zimbabwe shares end week firmer, seen continuing.</headline>
<dateline>HARARE 1997-07-11</dateline>
<text>
<p>Zimbabwe's key industrial index closed firmer on Friday reflecting continued investor appetite for equities in the face of stagnant rates on the local money market, brokers said.</p>
<p>&quot;There's a lot of liquidity around. People have money (to invest) and rates on the money market haven't gone anywhere of late,&quot; one broker commented.</p>
<p>The key index put on 31.95 points on Friday to close at 10,929.92, gaining 104.9 points on the week.</p>
<p>The day's advances were in cement firm Porthold which surged 100 cents to 2,100 while financial group Finhold climbed 50 cents to 850 and seed producer Seedco put on 25 cents to 450. Horticultural investors Ariston were up 15 cents to 225.</p>
<p>Minings contined lifeless with gold companies Falgold and Rio Tinto and coal miners Wankie trading at previous levels. The seven share mining index was unchanged at Thursday's 870.77 but inched up 3.58 points during the week.</p>
<p>--Stella Mapenzauswa, Harare Newsroom: +263-4 72 52 27/8/9</p>
</text>
<copyright>(c) Reuters Limited 1997</copyright>
<metadata>
<codes class="bip:countries:1.0">
  <code code="ZIMBAB">
    <editdetail attribution="Reuters BIP Coding Group" action="confirmed" date="1997-07-11"/>
  </code>
</codes>
<codes class="bip:topics:1.0">
  <code code="M11">
    <editdetail attribution="Reuters BIP Coding Group" action="confirmed" date="1997-07-11"/>
  </code>
  <code code="MCAT">
    <editdetail attribution="Reuters BIP Coding Group" action="confirmed" date="1997-07-11"/>
  </code>
</codes>
<dc element="dc.date.created" value="1997-07-11"/>
<dc element="dc.publisher" value="Reuters Holdings Plc"/>
<dc element="dc.date.published" value="1997-07-11"/>
<dc element="dc.source" value="Reuters"/>
<dc element="dc.creator.location" value="HARARE"/>
<dc element="dc.creator.location.country.name" value="ZIMBABWE"/>
<dc element="dc.source" value="Reuters"/>
</metadata>
</newsitem>
