<?xml version="1.0" encoding="iso-8859-1" ?>
<newsitem itemid="721802" id="root" date="1997-07-11" xml:lang="en">
<title>UK: IPE Brent firms with stronger NYMEX gasoline.</title>
<headline>IPE Brent firms with stronger NYMEX gasoline.</headline>
<dateline>LONDON 1997-07-11</dateline>
<text>
<p>IPE Brent crude futures gained on Friday in sympathy with firmer U.S. markets pulled higher by stronger gasoline futures, traders said.</p>
<p>August Brent was 15 cents firmer at $18.11 a barrel at 1505 GMT after touching a high of $18.15.</p>
<p>Front month August gasoline was at 59.65 cents a gallon in New York, 0.25 cents off the high. Brokers said there had been talk that a trader was short of east coast product and buyers piled into the market to try and squeeze him out.</p>
<p>Further support came from a report that Venezuela shortly plans to announce a 25 percent rise in domestic gasoline prices.</p>
<p>The gasoline strength boosted NYMEX crude, which was at $19.38 a barrel after touching a high of $19.44.</p>
<p>Brokers saw resistance at $18.15/$18.18 on Brent and at $19.45 on crude.</p>
<p>Volume in London remained very thin as dealers awaited a meeting on Sunday between the U.N. Iraq coordinator and Iraqi officials for more talks on Baghdad's aid distribution plan.</p>
<p>Prices fell sharply on Thursday when the German government said it planned to sell oil from its reserves in order to qualify for Europe's single currency.</p>
<p>Bonn said on Friday it would sell 2.8 million barrels of oil in the next few weeks and dispose of its entire strategic reserves of 7.3 million tonnes of crude oil.</p>
</text>
<copyright>(c) Reuters Limited 1997</copyright>
<metadata>
<codes class="bip:countries:1.0">
  <code code="UK">
    <editdetail attribution="Reuters BIP Coding Group" action="confirmed" date="1997-07-11"/>
  </code>
</codes>
<codes class="bip:topics:1.0">
  <code code="M14">
    <editdetail attribution="Reuters BIP Coding Group" action="confirmed" date="1997-07-11"/>
  </code>
  <code code="M143">
    <editdetail attribution="Reuters BIP Coding Group" action="confirmed" date="1997-07-11"/>
  </code>
  <code code="MCAT">
    <editdetail attribution="Reuters BIP Coding Group" action="confirmed" date="1997-07-11"/>
  </code>
</codes>
<dc element="dc.date.created" value="1997-07-11"/>
<dc element="dc.publisher" value="Reuters Holdings Plc"/>
<dc element="dc.date.published" value="1997-07-11"/>
<dc element="dc.source" value="Reuters"/>
<dc element="dc.creator.location" value="LONDON"/>
<dc element="dc.creator.location.country.name" value="UK"/>
<dc element="dc.source" value="Reuters"/>
</metadata>
</newsitem>
