<?xml version="1.0" encoding="iso-8859-1" ?>
<newsitem itemid="721884" id="root" date="1997-07-11" xml:lang="en">
<title>SOUTH AFRICA: S.Africa faces crisis as weak gold hits miners.</title>
<headline>S.Africa faces crisis as weak gold hits miners.</headline>
<byline>Melanie Cheary</byline>
<dateline>JOHANNESBURG 1997-07-11</dateline>
<text>
<p>South Africa is facing its worst social crisis with sliding gold prices threatening a surge in unemployment, analysts said.</p>
<p>More than 50,000 miners could lose their jobs if gold prices fail below its current 12-year low.</p>
<p>&quot;It could be the worst thing the country has ever seen. This gold crisis is the last thing the country needs right now,&quot; an analyst said.</p>
<p>But it is not just miners, mostly black and earning around 2,000 rand a month ($444), who are threatened by poverty.</p>
<p>Many of South Africa's gold mines are the only source of income for many small towns, which could become ghost towns.</p>
<p>&quot;It will have a catastrophic effect. All these towns would become sleepy pension villages,&quot; said Grahame Graham-Parker, general manager of Infinity Asset Management.</p>
<p>Gold prices have fallen to the lowest since 1985, pinching an already squeezed industry.</p>
<p>Among the producers with the highest costs in the world due to the nature of the deep, labour-intensive mines, South African gold mines have suffered falling output since the 1970s.</p>
<p>Production in 1970 was just more than 1,000 tonnes. Last year, 496 tonnes were produced. This year looks little brighter with 500 tonnes expected.</p>
<p>The gold industry has already cut mine jobs from around 530,000 in 1987 to around 350,000 in 1996.</p>
<p>With a gold price around $320 an ounce, more mines are flung into the marginal camp and more jobs are on the line as producers seek to cut costs further to guarantee profitability.</p>
<p>Roger Baxter, chief economist at the employer body Chamber of Mines, said that in the first three months of 1997 nine gold mines employing 63,000 people were classified as marginal and seven of those were operating at a loss.</p>
<p>Newspaper reports put the number of mine jobs currently under threat at 100,000. Baxter declined to give a number while analysts say the number is likely to be more than 50,000.</p>
<p>With a third of the country's population of around 38 million out of work, any job cuts would severely burden President Nelson Mandela's government, which has been struggling to deliver jobs since it was elected in April 1994.</p>
<p>The National Union of Mineworkers (NUM), seeking to soften the blow through talks with mine management, says the crisis might have been avoided if employers had met labour half-way years ago.</p>
<p>&quot;But...the industry didn't have a social responsibility in terms of downsizing,&quot; said Ben Molapo, NUM spokesman.&quot;For years, we have been negotiating with them. But from both the government and the industry we never got a concrete response.&quot;</p>
<p>Some analysts said the crisis has been compounded by the industry's &quot;apartheid mentality.&quot;</p>
<p>&quot;It's no secret South African mines are the largest employer in this country. The miners have been very, very badly treated. The NUM has often come to the party (annual wage negotiations) with increase demands well below inflation,&quot; said Graham-Parker.&quot;They (the NUM) came as brokers and did not hold a gun to the industry's head. On many occasions, they took less than inflationary increases and were rewarded by job cuts.&quot;</p>
<p>But producers and other analysts said labour action like strikes have hit already falling productivity.</p>
<p>The chamber and the NUM are embroiled in annual wage talks. The NUM is seeking a minimum wage of 1,800 rand ($400) a month for underground workers. The industry is finding ways of increasing productivity by working more shifts.</p>
<p>-- Johannesburg newsroom +27 11 482-1003</p>
</text>
<copyright>(c) Reuters Limited 1997</copyright>
<metadata>
<codes class="bip:countries:1.0">
  <code code="SAFR">
    <editdetail attribution="Reuters BIP Coding Group" action="confirmed" date="1997-07-11"/>
  </code>
</codes>
<codes class="bip:industries:1.0">
  <code code="I21000">
    <editdetail attribution="Reuters BIP Coding Group" action="confirmed" date="1997-07-11"/>
  </code>
  <code code="I22472">
    <editdetail attribution="Reuters BIP Coding Group" action="confirmed" date="1997-07-11"/>
  </code>
</codes>
<codes class="bip:topics:1.0">
  <code code="C31">
    <editdetail attribution="Reuters BIP Coding Group" action="confirmed" date="1997-07-11"/>
  </code>
  <code code="C42">
    <editdetail attribution="Reuters BIP Coding Group" action="confirmed" date="1997-07-11"/>
  </code>
  <code code="CCAT">
    <editdetail attribution="Reuters BIP Coding Group" action="confirmed" date="1997-07-11"/>
  </code>
  <code code="E41">
    <editdetail attribution="Reuters BIP Coding Group" action="confirmed" date="1997-07-11"/>
  </code>
  <code code="ECAT">
    <editdetail attribution="Reuters BIP Coding Group" action="confirmed" date="1997-07-11"/>
  </code>
  <code code="GCAT">
    <editdetail attribution="Reuters BIP Coding Group" action="confirmed" date="1997-07-11"/>
  </code>
  <code code="GJOB">
    <editdetail attribution="Reuters BIP Coding Group" action="confirmed" date="1997-07-11"/>
  </code>
  <code code="M14">
    <editdetail attribution="Reuters BIP Coding Group" action="confirmed" date="1997-07-11"/>
  </code>
  <code code="M142">
    <editdetail attribution="Reuters BIP Coding Group" action="confirmed" date="1997-07-11"/>
  </code>
  <code code="MCAT">
    <editdetail attribution="Reuters BIP Coding Group" action="confirmed" date="1997-07-11"/>
  </code>
</codes>
<dc element="dc.date.created" value="1997-07-11"/>
<dc element="dc.publisher" value="Reuters Holdings Plc"/>
<dc element="dc.date.published" value="1997-07-11"/>
<dc element="dc.source" value="Reuters"/>
<dc element="dc.creator.location" value="JOHANNESBURG"/>
<dc element="dc.creator.location.country.name" value="SOUTH AFRICA"/>
<dc element="dc.source" value="Reuters"/>
</metadata>
</newsitem>
