<?xml version="1.0" encoding="iso-8859-1" ?>
<newsitem itemid="798353" id="root" date="1997-08-14" xml:lang="en">
<title>USA: GOLF-FIRST-ROUND SCORES IN FIRST ROUND OF PGA CHAMPIONSHIP.</title>
<headline>GOLF-FIRST-ROUND SCORES IN FIRST ROUND OF PGA CHAMPIONSHIP.</headline>
<dateline>MAMARONECK, New York 1997-08-14</dateline>
<text>
<p>First-round scores</p>
<p>in the PGA Championship at Winged Foot Golf Club on Thursday (</p>
<p>players U.S. unless noted):</p>
<p>69 Doug Martin</p>
<p>70 Ignacio Garrido</p>
<p>72 Ron Philo</p>
<p>76 John Hickson, Mike Standly, Ronnie Black, Peter Jordan</p>
<p>77 Brandel Chamblee</p>
<p>78 Rob Wilkin</p>
<p>66 John Daly</p>
<p>68 Bob Tway, Paul Azinger</p>
<p>69 Phil Mickelson</p>
<p>72 Len Mattiace, Craig Stadler</p>
<p>73 Kevin Sutherland, Per-Ulrik Johansson (Swedan)</p>
<p>75 Steve Brisky, Darren Clarke (Britain), Nick Faldo (Britain)</p>
<p>77 Ben Crenshaw</p>
<p>78 Hal Sutton, John Mahaffey</p>
<p>79 Wayne Grady (Australia) </p>
<p>70 Paul Goydos, Payne Stewart</p>
<p>71 Andrew Magee, Fred Couples</p>
<p>72 Frank Nobilo (New Zealand), Nick Price (Zimbabwe), Steve</p>
<p>Elkington (Australia)</p>
<p>74 Duffy Waldorf, Clarence Rose, Dudley Hart</p>
<p>76 Jesper Parnevik (Swedan), Ed Fiori</p>
<p>68 Justin Leonard</p>
<p>70 Tiger Woods, Ernie Els (South Africa)</p>
<p>71 Tom Watson, Larry Mize, Jay Haas</p>
<p>72 Tom Herron</p>
<p>73 Brad Faxon</p>
<p>74 Lee westwood (Britain)</p>
<p>75 Stuart Appleby (Australia), Joe Ozaki (Japan)</p>
<p>76 Curtis Strange</p>
<p>68 Tom Kite</p>
<p>69 Lee Janzen</p>
<p>70 David Duval</p>
<p>72 Lanny Wadkins, Russ Cochran</p>
<p>73 Kirk Triplett, Vijay Singh (Fiji)</p>
<p>74 Jeff Sluman</p>
<p>75 Tommy Tolles</p>
<p>76 Robert Damron</p>
<p>77 Ian Woosnam (Britain)</p>
<p>80 Darrell Kestner</p>
<p>68 Chris Perry</p>
<p>69 Tom Byrum</p>
<p>71 John Mazza</p>
<p>72 Don Pooley, Billy Andrade</p>
<p>73 Jim Carter, Jay Don Blake</p>
<p>74 Brian Henning</p>
<p>75 Mike Hulbert, Steve Schneiter</p>
<p>76 Kelly Gibson</p>
<p>77 Michael Burke, Jr., Jay Overton</p>
<p>80 Frank Dobbs</p>
<p>82 Bret Taylor</p>
<p>69 Mark O'Meara, Costantino Rocca (Italy), Jim Furyk</p>
<p>70 Olin Browne</p>
<p>71 Bob Boyd</p>
<p>74 Sam Torrance (Britain)</p>
<p>75 Christopher Toulson, John Stone</p>
<p>76 Glen Day</p>
<p>78 James Mason, Pete Oakley</p>
<p>79 Mark Fuller</p>
<p>68 Paul Stankowski</p>
<p>69 Jeff Maggert</p>
<p>70 Lee Rinker, Phil Blackmar</p>
<p>71 Fred Funk, Yoshinori Kaneko (Japan)</p>
<p>72 Scott Hoch, John Cook</p>
<p>73 Michael Bradley</p>
<p>74 Guy Boros, Craig Parry (Australia), Peter Jacobsen</p>
<p>75 Billy Mayfair</p>
<p>77 Mark Wiebe</p>
<p>79 Jose-Maria Olazabal (Spain)</p>
<p>68 Greg Norman (Australia), Shigeki Maruyama (Japan)</p>
<p>69 Steve Jones, Tom Lehman</p>
<p>70 Mark Brooks</p>
<p>72 Joey Sindelar, Rick Fehr</p>
<p>73 Hal Irwin, Fuzzy Zoeller, Bernhard Langer (Germany), Steve</p>
<p>Stricker</p>
<p>74 Jack Nicklaus, Scott McCarron, Colin Montgomerie (Britain)</p>
<p>75 Peter Lonard (Australia)</p>
<p>76 Bruce Zabriski, Larry Nelson</p>
<p>78 Brian Watts</p>
<p>66 Davis Love</p>
<p>71 Eduardo Romero (Argentina)</p>
<p>72 Steve Lowery</p>
<p>73 David Toms, Kenny Perry</p>
<p>74 Paul Broadhurst (Britain), David Ogrin</p>
<p>76 Loren Roberts, Billy Ray Brown</p>
<p>67 Robert Allenby (Australia)</p>
<p>69 Carlos Franco (Paraguay)</p>
<p>71 Mark Calcavecchia, Taylor Smith</p>
<p>72 Retief Goosen (South Africa), Thomas Bjorn (Denmark)</p>
<p>74 Robert Gamez</p>
<p>76 David Frost (South Africa), Padraig Harrington (Britain),</p>
<p>Stewart Cink</p>
<p>79 Frankie Minoza (Philippines)</p>
<p>80 Jerry Kelly</p>
<p>72 Jeffrey Lankford</p>
<p>73 John Lee, Bob Sowards</p>
<p>74 Bob Ford</p>
<p>76 Shawn Kelly, Chris Tucker</p>
<p>79 John Paesani, Bob Makoski</p>
<p>82 Jim White</p>
</text>
<copyright>(c) Reuters Limited 1997</copyright>
<metadata>
<codes class="bip:countries:1.0">
  <code code="USA">
    <editdetail attribution="Reuters BIP Coding Group" action="confirmed" date="1997-08-14"/>
  </code>
</codes>
<codes class="bip:topics:1.0">
  <code code="GCAT">
    <editdetail attribution="Reuters BIP Coding Group" action="confirmed" date="1997-08-14"/>
  </code>
  <code code="GSPO">
    <editdetail attribution="Reuters BIP Coding Group" action="confirmed" date="1997-08-14"/>
  </code>
</codes>
<dc element="dc.date.created" value="1997-08-14"/>
<dc element="dc.publisher" value="Reuters Holdings Plc"/>
<dc element="dc.date.published" value="1997-08-14"/>
<dc element="dc.source" value="Reuters"/>
<dc element="dc.creator.location" value="MAMARONECK, New York"/>
<dc element="dc.creator.location.country.name" value="USA"/>
<dc element="dc.source" value="Reuters"/>
</metadata>
</newsitem>
