<?xml version="1.0" encoding="iso-8859-1" ?>
<newsitem itemid="798393" id="root" date="1997-08-14" xml:lang="en">
<title>USA: BASEBALL-STANDINGS AFTER WEDNESDAY'S MAJOR LEAGUE GAMES.</title>
<headline>BASEBALL-STANDINGS AFTER WEDNESDAY'S MAJOR LEAGUE GAMES.</headline>
<dateline>NEW YORK 1997-08-13</dateline>
<text>
<p>Major League Baseball</p>
<p>standings after games on Wednesday (tabulate under wins,</p>
<p>losses, winning percentage and games behind first):</p>
<p>		    AMERICAN LEAGUE</p>
<p>		    EAST DIVISION</p>
<p>			 W    L   PCT  GB</p>
<p> BALTIMORE	  73   42  .635   -</p>
<p> NY YANKEES	 70   48  .593   4 1/2</p>
<p> TORONTO	    58   60  .492  16 1/2</p>
<p> BOSTON	     58   63  .479  18</p>
<p> DETROIT	    56   63  .471  19</p>
<p>		    CENTRAL DIVISION</p>
<p>			 W    L   PCT  GB</p>
<p> CLEVELAND	  60   56  .517   -</p>
<p> CHI WHITE SOX    58   59  .496   2 1/2</p>
<p> MILWAUKEE	  57   60  .487   3 1/2</p>
<p> MINNESOTA	  51   68  .429  10 1/2</p>
<p> KANSAS CITY	49   67  .422  11</p>
<p>		    WEST DIVISION</p>
<p>			 W    L   PCT  GB</p>
<p> SEATTLE	    66   52  .559   -</p>
<p> ANAHEIM	    66   53  .555     1/2</p>
<p> TEXAS		58   62  .483   9</p>
<p> OAKLAND	    48   73  .397  19 1/2</p>
<p>THURSDAY, AUGUST 14 SCHEDULE</p>
<p>ANAHEIM AT MILWAUKEE	   </p>
<p>MINNESOTA AT BOSTON	    </p>
<p>DETROIT AT CLEVELAND	   </p>
<p>SEATTLE AT BALTIMORE	   </p>
<p>KANSAS CITY AT NY YANKEES    </p>
<p>OAKLAND AT CHI WHITE SOX     </p>
<p>		    NATIONAL LEAGUE</p>
<p>		    EAST DIVISION</p>
<p>			 W    L   PCT  GB</p>
<p> ATLANTA	    75   47  .615   -</p>
<p> FLORIDA	    69   50  .580   4 1/2</p>
<p> NY METS	    66   53  .555   7 1/2</p>
<p> MONTREAL	   60   58  .508  13</p>
<p> PHILADELPHIA     42   75  .359  30 1/2</p>
<p>		    CENTRAL DIVISION</p>
<p>			 W    L   PCT  GB</p>
<p> HOUSTON	    65   56  .537   -</p>
<p> PITTSBURGH	 59   61  .492   5 1/2</p>
<p> ST LOUIS	   54   65  .454  10</p>
<p> CINCINNATI	 52   66  .441  11 1/2</p>
<p> CHICAGO CUBS     49   72  .405  16</p>
<p>		    WEST DIVISION</p>
<p>			 W    L   PCT  GB</p>
<p> SAN FRANCISCO    67   54  .554   -</p>
<p> LOS ANGELES	65   55  .542   1 1/2</p>
<p> SAN DIEGO	  57   63  .475   9 1/2</p>
<p> COLORADO	   57   64  .471  10</p>
<p>THURSDAY, AUGUST 14 SCHEDULE</p>
<p>CHICAGO CUBS AT SAN FRANCISCO</p>
<p>MONTREAL AT LOS ANGELES	</p>
<p>CINCINNATI AT SAN DIEGO	</p>
<p>NY METS AT ST LOUIS</p>
</text>
<copyright>(c) Reuters Limited 1997</copyright>
<metadata>
<codes class="bip:countries:1.0">
  <code code="CANA">
    <editdetail attribution="Reuters BIP Coding Group" action="confirmed" date="1997-08-14"/>
  </code>
  <code code="USA">
    <editdetail attribution="Reuters BIP Coding Group" action="confirmed" date="1997-08-14"/>
  </code>
</codes>
<codes class="bip:topics:1.0">
  <code code="GCAT">
    <editdetail attribution="Reuters BIP Coding Group" action="confirmed" date="1997-08-14"/>
  </code>
  <code code="GSPO">
    <editdetail attribution="Reuters BIP Coding Group" action="confirmed" date="1997-08-14"/>
  </code>
</codes>
<dc element="dc.date.created" value="1997-08-13"/>
<dc element="dc.publisher" value="Reuters Holdings Plc"/>
<dc element="dc.date.published" value="1997-08-14"/>
<dc element="dc.source" value="Reuters"/>
<dc element="dc.creator.location" value="NEW YORK"/>
<dc element="dc.creator.location.country.name" value="USA"/>
<dc element="dc.source" value="Reuters"/>
</metadata>
</newsitem>
