<?xml version="1.0" encoding="iso-8859-1" ?>
<newsitem itemid="798352" id="root" date="1997-08-14" xml:lang="en">
<title>USA: GOLF-FALDO AND CLARKE MISS OUT ON BIRDIE BINGE AT WINGED FOOT.</title>
<headline>GOLF-FALDO AND CLARKE MISS OUT ON BIRDIE BINGE AT WINGED FOOT.</headline>
<byline>Larry Fine</byline>
<dateline>MAMARONECK, New York 1997-08-14</dateline>
<text>
<p>John Daly, Tiger Woods, Tom Kite and Justin Leonard among others feasted on birdies at rain-softened Winged Foot, but Britain's Nick Faldo and Darren Clarke failed to join the fun in Thursday's opening round of the PGA Championship.</p>
<p>Daly was the early first-round leader with a four-under-par 66, leaving triple Masters and British Open champion Faldo nine strokes behind, one worse than this year's British Open runner-up Clarke.</p>
<p>&quot;I just played badly, as simple as that,&quot; grunted Faldo after an opening 75 that held six bogeys and one birdie. &quot;Just a lot of off-shots. Off drives, off second shots. Simple as that.&quot;</p>
<p>Clarke had trouble off the tee -- guaranteed to produce misery given the severe rough and tiny, fast-sloping greens of Winged Foot.</p>
<p>&quot;I can't remember the last time I played and didn't make a birdie,&quot; the Northern Irishman said after his 74. &quot;It's been a long, long time.&quot;</p>
<p>The Britons were not the only name players in the 150-man field to struggle. Sweden's Jesper Parnevik, who shared second place at Royal Troon with Clarke, posted a six-over 76.</p>
<p>Two-time Masters champion Ben Crenshaw soared to a 77 and former PGA champion Hal Sutton had a 78, among others disappointed finishers.</p>
<p>Besides his poor form, Faldo was also unhappy after being addressed on two separate occasion by officials over slow play.</p>
<p>&quot;We were out of position for 10 minutes. It happens all the time. No big deal,&quot; Faldo snapped before storming away from reporters.</p>
</text>
<copyright>(c) Reuters Limited 1997</copyright>
<metadata>
<codes class="bip:countries:1.0">
  <code code="UK">
    <editdetail attribution="Reuters BIP Coding Group" action="confirmed" date="1997-08-14"/>
  </code>
  <code code="USA">
    <editdetail attribution="Reuters BIP Coding Group" action="confirmed" date="1997-08-14"/>
  </code>
</codes>
<codes class="bip:topics:1.0">
  <code code="GCAT">
    <editdetail attribution="Reuters BIP Coding Group" action="confirmed" date="1997-08-14"/>
  </code>
  <code code="GSPO">
    <editdetail attribution="Reuters BIP Coding Group" action="confirmed" date="1997-08-14"/>
  </code>
</codes>
<dc element="dc.date.created" value="1997-08-14"/>
<dc element="dc.publisher" value="Reuters Holdings Plc"/>
<dc element="dc.date.published" value="1997-08-14"/>
<dc element="dc.source" value="Reuters"/>
<dc element="dc.creator.location" value="MAMARONECK, New York"/>
<dc element="dc.creator.location.country.name" value="USA"/>
<dc element="dc.source" value="Reuters"/>
</metadata>
</newsitem>
