<?xml version="1.0" encoding="iso-8859-1" ?>
<newsitem itemid="798494" id="root" date="1997-08-14" xml:lang="en">
<title>UK: UK natural gas prices - Aug 14.</title>
<headline>UK natural gas prices - Aug 14.</headline>
<text>
<p>Bacton		    Bacton	  St Fergus</p>
<p>24 hr	  9.05/9.15					8.90/9.00</p>
<p>bal. Aug     9.05/9.15					8.90/9.00</p>
<p>Sep	    9.00/9.10					8.75/8.85</p>
<p>Oct	   10.65/10.75				    10.60/10.70</p>
<p>Nov	   12.85/12.95</p>
<p>Dec	   15.40/15.50</p>
<p>Jan	   18.35/18.45</p>
<p>4Q97	  12.95/13.05</p>
<p>1Q97	  16.80/16.90</p>
<p>2Q98	  11.25/11.35	 YrOct97   12.85/12.95</p>
</text>
<copyright>(c) Reuters Limited 1997</copyright>
<metadata>
<codes class="bip:countries:1.0">
  <code code="UK">
    <editdetail attribution="Reuters BIP Coding Group" action="confirmed" date="1997-08-14"/>
  </code>
</codes>
<codes class="bip:topics:1.0">
  <code code="M14">
    <editdetail attribution="Reuters BIP Coding Group" action="confirmed" date="1997-08-14"/>
  </code>
  <code code="M143">
    <editdetail attribution="Reuters BIP Coding Group" action="confirmed" date="1997-08-14"/>
  </code>
  <code code="MCAT">
    <editdetail attribution="Reuters BIP Coding Group" action="confirmed" date="1997-08-14"/>
  </code>
</codes>
<dc element="dc.publisher" value="Reuters Holdings Plc"/>
<dc element="dc.date.published" value="1997-08-14"/>
<dc element="dc.source" value="Reuters"/>
<dc element="dc.creator.location.country.name" value="UK"/>
<dc element="dc.source" value="Reuters"/>
</metadata>
</newsitem>
