<?xml version="1.0" encoding="iso-8859-1" ?>
<newsitem itemid="798403" id="root" date="1997-08-14" xml:lang="en">
<title>SPAIN: SWIMMING-EUROPEAN CHAMPIONSHIPS MEDALS TABLE.</title>
<headline>SWIMMING-EUROPEAN CHAMPIONSHIPS MEDALS TABLE.</headline>
<dateline>SEVILLE, Spain 1997-08-14</dateline>
<text>
<p>Medals table on the second</p>
<p>day of the 12-day European swimming championships on Thursday:</p>
<p>		   Gold    Silver    Bronze</p>
<p> Germany	  1	  2	   0</p>
<p> Russia	   1	  0	   0</p>
<p> Spain	    0	  0	   1</p>
<p> Ukraine	  0	  0	   1</p>
</text>
<copyright>(c) Reuters Limited 1997</copyright>
<metadata>
<codes class="bip:countries:1.0">
  <code code="GFR">
    <editdetail attribution="Reuters BIP Coding Group" action="confirmed" date="1997-08-14"/>
  </code>
  <code code="RUSS">
    <editdetail attribution="Reuters BIP Coding Group" action="confirmed" date="1997-08-14"/>
  </code>
  <code code="SPAIN">
    <editdetail attribution="Reuters BIP Coding Group" action="confirmed" date="1997-08-14"/>
  </code>
  <code code="UKRN">
    <editdetail attribution="Reuters BIP Coding Group" action="confirmed" date="1997-08-14"/>
  </code>
</codes>
<codes class="bip:topics:1.0">
  <code code="GCAT">
    <editdetail attribution="Reuters BIP Coding Group" action="confirmed" date="1997-08-14"/>
  </code>
  <code code="GSPO">
    <editdetail attribution="Reuters BIP Coding Group" action="confirmed" date="1997-08-14"/>
  </code>
</codes>
<dc element="dc.date.created" value="1997-08-14"/>
<dc element="dc.publisher" value="Reuters Holdings Plc"/>
<dc element="dc.date.published" value="1997-08-14"/>
<dc element="dc.source" value="Reuters"/>
<dc element="dc.creator.location" value="SEVILLE, Spain"/>
<dc element="dc.creator.location.country.name" value="SPAIN"/>
<dc element="dc.source" value="Reuters"/>
</metadata>
</newsitem>
