<?xml version="1.0" encoding="iso-8859-1" ?>
<newsitem itemid="798440" id="root" date="1997-08-14" xml:lang="en">
<title>POLAND: IMPEXMETAL JULY NET FALLS TO PLN 1.2 MLN.</title>
<headline>IMPEXMETAL JULY NET FALLS TO PLN 1.2 MLN.</headline>
<dateline>WARSAW 1997-08-14</dateline>
<text>
<p>Preliminary results July</p>
<p>(in million zlotys unless stated)</p>
<p> JULY		     1997     1996</p>
<p> Net profit	     1.23 vs   7.37</p>
<p> Pre-tax profit	 1.99 vs  14.45</p>
<p> Operating profit     0.96 vs   5.43</p>
<p> Sales		  130.28 vs 144.87</p>
<p> JANUARY-JULY	   1997     1996</p>
<p> Net profit	     5.13 vs  12.55</p>
<p> Pre-tax profit	10.74 vs  28.07</p>
<p> Operating profit    13.04 vs  24.00</p>
<p> Sales		  855.71 vs 843.96</p>
<p>Note. Full name of the Polish metals trader is Impexmetal SA.</p>
<p>-- Warsaw Newsroom +48 22 653 9700</p>
</text>
<copyright>(c) Reuters Limited 1997</copyright>
<metadata>
<codes class="bip:countries:1.0">
  <code code="POL">
    <editdetail attribution="Reuters BIP Coding Group" action="confirmed" date="1997-08-14"/>
  </code>
</codes>
<codes class="bip:industries:1.0">
  <code code="I61000">
    <editdetail attribution="Reuters BIP Coding Group" action="confirmed" date="1997-08-14"/>
  </code>
</codes>
<codes class="bip:topics:1.0">
  <code code="C15">
    <editdetail attribution="Reuters BIP Coding Group" action="confirmed" date="1997-08-14"/>
  </code>
  <code code="C151">
    <editdetail attribution="Reuters BIP Coding Group" action="confirmed" date="1997-08-14"/>
  </code>
  <code code="CCAT">
    <editdetail attribution="Reuters BIP Coding Group" action="confirmed" date="1997-08-14"/>
  </code>
</codes>
<dc element="dc.date.created" value="1997-08-14"/>
<dc element="dc.publisher" value="Reuters Holdings Plc"/>
<dc element="dc.date.published" value="1997-08-14"/>
<dc element="dc.source" value="Reuters"/>
<dc element="dc.creator.location" value="WARSAW"/>
<dc element="dc.creator.location.country.name" value="POLAND"/>
<dc element="dc.source" value="Reuters"/>
</metadata>
</newsitem>
