<?xml version="1.0" encoding="iso-8859-1" ?>
<newsitem itemid="798435" id="root" date="1997-08-14" xml:lang="en">
<title>LITHUANIA: NOON RADIO HEADLINES - AUG 14.</title>
<headline>NOON RADIO HEADLINES - AUG 14.</headline>
<dateline>VILNIUS 1997-08-13</dateline>
<text>
<p>Here are the main headlines from the noon report of Lithuania's M1 Plus radio station on Thursday. Reuters has not verified these reports and does not vouch for their accuracy.</p>
<p>- The prosecutor's office applied on Thursday to parliament to strip the immunity of MP Audrius Butkevickius who is alleged to have taken a $15,000 bribe.</p>
<p>- Estonian Hoiupank intends to open its representative office in Vilnius this winter and still mulls the idea of acquiring a controlling stake in Lithuania's State Commercial Bank.</p>
<p>-- Andrius Vilkancas, Vilnius newsroom +370 2 22 35 18</p>
</text>
<copyright>(c) Reuters Limited 1997</copyright>
<metadata>
<codes class="bip:countries:1.0">
  <code code="LITH">
    <editdetail attribution="Reuters BIP Coding Group" action="confirmed" date="1997-08-14"/>
  </code>
</codes>
<codes class="bip:topics:1.0">
  <code code="GCAT">
    <editdetail attribution="Reuters BIP Coding Group" action="confirmed" date="1997-08-14"/>
  </code>
</codes>
<dc element="dc.date.created" value="1997-08-13"/>
<dc element="dc.publisher" value="Reuters Holdings Plc"/>
<dc element="dc.date.published" value="1997-08-14"/>
<dc element="dc.source" value="Reuters"/>
<dc element="dc.creator.location" value="VILNIUS"/>
<dc element="dc.creator.location.country.name" value="LITHUANIA"/>
<dc element="dc.source" value="Reuters"/>
</metadata>
</newsitem>
