<?xml version="1.0" encoding="iso-8859-1" ?>
<newsitem itemid="798419" id="root" date="1997-08-14" xml:lang="en">
<title>ZIMBABWE: ZIMBABWE MONEY RATES MIXED ON THURSDAY.</title>
<headline>ZIMBABWE MONEY RATES MIXED ON THURSDAY.</headline>
<dateline>HARARE 1997-08-14</dateline>
<text>
<p>Short-term trading rates on Zimbabwe's money market continued mixed in a liquid, active system on Thursday.</p>
<p>The market opened with a surplus of Z$830,000 and dealers forecast it would increase to Z$1.2 million after the daily central bank auction at which Z$200 million worth of 91-day treasury bills were taken up by discount houses at 24.47 percent, down slightly from 24.6 percent at Wednesday's auction.</p>
<p>The dealers said NCDs maturing after 30, 60 and 90 days were being bought at 26.5 percent versus 26.25 percent overnight and sold at 25 percent from 26 percent.</p>
<p>Bankers' acceptance bills were quoted at 25.5 percent (buying) compared to 25.25 percent and at 24.5 percent on the selling side from 25 percent while the call rate went up to 24 percent from 22.5 percent.</p>
<p>--Emelia Sithole, Harare newsroom: +263-4 72 52 27/8/9--</p>
</text>
<copyright>(c) Reuters Limited 1997</copyright>
<metadata>
<codes class="bip:countries:1.0">
  <code code="ZIMBAB">
    <editdetail attribution="Reuters BIP Coding Group" action="confirmed" date="1997-08-14"/>
  </code>
</codes>
<codes class="bip:topics:1.0">
  <code code="M13">
    <editdetail attribution="Reuters BIP Coding Group" action="confirmed" date="1997-08-14"/>
  </code>
  <code code="M131">
    <editdetail attribution="Reuters BIP Coding Group" action="confirmed" date="1997-08-14"/>
  </code>
  <code code="MCAT">
    <editdetail attribution="Reuters BIP Coding Group" action="confirmed" date="1997-08-14"/>
  </code>
</codes>
<dc element="dc.date.created" value="1997-08-14"/>
<dc element="dc.publisher" value="Reuters Holdings Plc"/>
<dc element="dc.date.published" value="1997-08-14"/>
<dc element="dc.source" value="Reuters"/>
<dc element="dc.creator.location" value="HARARE"/>
<dc element="dc.creator.location.country.name" value="ZIMBABWE"/>
<dc element="dc.source" value="Reuters"/>
</metadata>
</newsitem>
