<?xml version="1.0" encoding="iso-8859-1" ?>
<newsitem itemid="798404" id="root" date="1997-08-14" xml:lang="en">
<title>SPAIN: SYNCHRONISED SWIMMING-EUROPEAN CHAMPIONSHIPS RESULTS.</title>
<headline>SYNCHRONISED SWIMMING-EUROPEAN CHAMPIONSHIPS RESULTS.</headline>
<dateline>SEVILLE 1997-08-14</dateline>
<text>
<p>Results from the second day of</p>
<p>the European swimming championships on Thursday:</p>
<p>Duet, preliminary round technical programme.</p>
<p>1.  Russia (Olga Brusnikina,  Maria Kiseleva) 98.00 points</p>
<p> 2. France (Charlotte Massardier, Myriam Lignot)    96.24</p>
<p> 3. Italy (Giada Ballan, Serena Bianchi)		94.96</p>
<p> 4. Spain (Gemma Mengual, Irina Rodriguez)	    93.44</p>
<p> 5. Switzerland (Rahel Hobi, Madeleine Perk)	  92.08</p>
<p>6. Netherlands (B.Van Der Velden, S.Van der Velden)</p>
<p>								    89.72</p>
<p> 7. Britain (Adele Carlsen, Katherine Hooper)	 88.76</p>
<p>8. Czech Republic (Sonia Bernadova, Jana Rybarova) 88.36</p>
<p>9. Greece (Despina Theodoridou, Apostolia Ioannou) 88.08</p>
<p> 10. Ukraine (Anna Martyniuk, Irina Rudnitskya)     87.88</p>
</text>
<copyright>(c) Reuters Limited 1997</copyright>
<metadata>
<codes class="bip:countries:1.0">
  <code code="SPAIN">
    <editdetail attribution="Reuters BIP Coding Group" action="confirmed" date="1997-08-14"/>
  </code>
</codes>
<codes class="bip:topics:1.0">
  <code code="GCAT">
    <editdetail attribution="Reuters BIP Coding Group" action="confirmed" date="1997-08-14"/>
  </code>
  <code code="GSPO">
    <editdetail attribution="Reuters BIP Coding Group" action="confirmed" date="1997-08-14"/>
  </code>
</codes>
<dc element="dc.date.created" value="1997-08-14"/>
<dc element="dc.publisher" value="Reuters Holdings Plc"/>
<dc element="dc.date.published" value="1997-08-14"/>
<dc element="dc.source" value="Reuters"/>
<dc element="dc.creator.location" value="SEVILLE"/>
<dc element="dc.creator.location.country.name" value="SPAIN"/>
<dc element="dc.source" value="Reuters"/>
</metadata>
</newsitem>
