<?xml version="1.0" encoding="iso-8859-1" ?>
<newsitem itemid="798432" id="root" date="1997-08-14" xml:lang="en">
<title>HUNGARY: HUNGARY NOON RADIO HEADLINES - AUG 14.</title>
<headline>HUNGARY NOON RADIO HEADLINES - AUG 14.</headline>
<dateline>BUDAPEST 1997-08-14</dateline>
<text>
<p>These are the main headlines on Hungary's Kossuth Radio midday news. Reuters cannot vouch for their accuracy:</p>
<p>- Jozsef Torgyan, leader of opposition party Smallholders was nmot an informer of the communist secret services, a screening committee said.</p>
<p>- Police is investigating the murder of a young businessman whose car was blown up on Wednesday afternoon.</p>
<p>- Opposition parties MDF and FIDESZ said a meeting on Friday between the Hungarian and Slovak Prime Ministers would be of no use.</p>
<p>- The cause of Wednesday's power failure that interrupted the MTK-Rosenborg soccer match is still unknown.</p>
<p>- Hungarian gypsies also immigrate to Canada, as the Czech gypsies do.</p>
<p>-- Budapest newsroom +36 1 327 4040</p>
</text>
<copyright>(c) Reuters Limited 1997</copyright>
<metadata>
<codes class="bip:countries:1.0">
  <code code="HUNG">
    <editdetail attribution="Reuters BIP Coding Group" action="confirmed" date="1997-08-14"/>
  </code>
</codes>
<codes class="bip:topics:1.0">
  <code code="GCAT">
    <editdetail attribution="Reuters BIP Coding Group" action="confirmed" date="1997-08-14"/>
  </code>
</codes>
<dc element="dc.date.created" value="1997-08-14"/>
<dc element="dc.publisher" value="Reuters Holdings Plc"/>
<dc element="dc.date.published" value="1997-08-14"/>
<dc element="dc.source" value="Reuters"/>
<dc element="dc.creator.location" value="BUDAPEST"/>
<dc element="dc.creator.location.country.name" value="HUNGARY"/>
<dc element="dc.source" value="Reuters"/>
</metadata>
</newsitem>
