<?xml version="1.0" encoding="iso-8859-1" ?>
<newsitem itemid="798473" id="root" date="1997-08-14" xml:lang="en">
<title>HUNGARY: HUNGARY O/N RATES EASE TO END AT 19.625 PCT.</title>
<headline>HUNGARY O/N RATES EASE TO END AT 19.625 PCT.</headline>
<dateline>BUDAPEST 1997-08-13</dateline>
<text>
<p>Hungary's overnight interest rates ended a shade easier on Thursday at 19.625 percent after routine trading, traders said.</p>
<p>Overnight rates traded in a narrow range of between 19.50 and 19.625 percent compared with Wednesday's close of 19.75 percent.</p>
<p>Interbank overnight rates hovered between 19.50 and 20.00 percent in abundant money supply and moderate activity since the beginning of the banks' two-week reserve period on August 1.</p>
<p>-- Budapest newsroom +36 1 327 4040</p>
</text>
<copyright>(c) Reuters Limited 1997</copyright>
<metadata>
<codes class="bip:countries:1.0">
  <code code="HUNG">
    <editdetail attribution="Reuters BIP Coding Group" action="confirmed" date="1997-08-14"/>
  </code>
</codes>
<codes class="bip:topics:1.0">
  <code code="M13">
    <editdetail attribution="Reuters BIP Coding Group" action="confirmed" date="1997-08-14"/>
  </code>
  <code code="M131">
    <editdetail attribution="Reuters BIP Coding Group" action="confirmed" date="1997-08-14"/>
  </code>
  <code code="MCAT">
    <editdetail attribution="Reuters BIP Coding Group" action="confirmed" date="1997-08-14"/>
  </code>
</codes>
<dc element="dc.date.created" value="1997-08-13"/>
<dc element="dc.publisher" value="Reuters Holdings Plc"/>
<dc element="dc.date.published" value="1997-08-14"/>
<dc element="dc.source" value="Reuters"/>
<dc element="dc.creator.location" value="BUDAPEST"/>
<dc element="dc.creator.location.country.name" value="HUNGARY"/>
<dc element="dc.source" value="Reuters"/>
</metadata>
</newsitem>
