<?xml version="1.0" encoding="iso-8859-1" ?>
<newsitem itemid="798434" id="root" date="1997-08-14" xml:lang="en">
<title>ESTONIA: NOON RADIO HEADLINES-AUG 14.</title>
<headline>NOON RADIO HEADLINES-AUG 14.</headline>
<dateline>TALLINN 1997-08-14</dateline>
<text>
<p>These were the headlines on Kuku Raadio at noon. Reuters has not verified these reports and does not vouch for their accuracy.</p>
<p>- On Naissaar, an island close to Tallinn, a new building to house the border guard and forestry officers was opened in the lead up to the 700th anniversay of the island being declared a nature reserve by Denmark.</p>
<p>- Only two weeks are left for companies to register in the new business register.</p>
<p>-- Tallinn newsroom, +372 620 9202, reuters@reuters.ee</p>
</text>
<copyright>(c) Reuters Limited 1997</copyright>
<metadata>
<codes class="bip:countries:1.0">
  <code code="ESTNIA">
    <editdetail attribution="Reuters BIP Coding Group" action="confirmed" date="1997-08-14"/>
  </code>
</codes>
<codes class="bip:topics:1.0">
  <code code="GCAT">
    <editdetail attribution="Reuters BIP Coding Group" action="confirmed" date="1997-08-14"/>
  </code>
</codes>
<dc element="dc.date.created" value="1997-08-14"/>
<dc element="dc.publisher" value="Reuters Holdings Plc"/>
<dc element="dc.date.published" value="1997-08-14"/>
<dc element="dc.source" value="Reuters"/>
<dc element="dc.creator.location" value="TALLINN"/>
<dc element="dc.creator.location.country.name" value="ESTONIA"/>
<dc element="dc.source" value="Reuters"/>
</metadata>
</newsitem>
