<?xml version="1.0" encoding="iso-8859-1" ?>
<newsitem itemid="798412" id="root" date="1997-08-14" xml:lang="en">
<title>SWITZERLAND: SOCCER-ALBANIA TO FACE NORTHERN IRELAND IN ZURICH.</title>
<headline>SOCCER-ALBANIA TO FACE NORTHERN IRELAND IN ZURICH.</headline>
<dateline>ZURICH 1997-08-14</dateline>
<text>
<p>The continuing unstable political situation in Albania has led to their World Cup group nine qualifier against Northern Ireland being switched to Zurich.</p>
<p>FIFA, world soccer's governing body, announced the decision on Thursday, adding that the September 10 match would be staged at the 25,000-seat Hardturm stadium, home ground of Grasshopper Zurich.</p>
<p>It is the third consecutive World Cup qualifer Albania will have to play away from home because of the political turmoil in the country.</p>
<p>They played two earlier &quot;home&quot; ties against Germany and the Ukraine in Granada, Spain. Both ended in defeat and several Albanian players defected, refusing to return home.</p>
</text>
<copyright>(c) Reuters Limited 1997</copyright>
<metadata>
<codes class="bip:countries:1.0">
  <code code="ALB">
    <editdetail attribution="Reuters BIP Coding Group" action="confirmed" date="1997-08-14"/>
  </code>
  <code code="SWITZ">
    <editdetail attribution="Reuters BIP Coding Group" action="confirmed" date="1997-08-14"/>
  </code>
  <code code="UK">
    <editdetail attribution="Reuters BIP Coding Group" action="confirmed" date="1997-08-14"/>
  </code>
</codes>
<codes class="bip:topics:1.0">
  <code code="GCAT">
    <editdetail attribution="Reuters BIP Coding Group" action="confirmed" date="1997-08-14"/>
  </code>
  <code code="GSPO">
    <editdetail attribution="Reuters BIP Coding Group" action="confirmed" date="1997-08-14"/>
  </code>
</codes>
<dc element="dc.date.created" value="1997-08-14"/>
<dc element="dc.publisher" value="Reuters Holdings Plc"/>
<dc element="dc.date.published" value="1997-08-14"/>
<dc element="dc.source" value="Reuters"/>
<dc element="dc.creator.location" value="ZURICH"/>
<dc element="dc.creator.location.country.name" value="SWITZERLAND"/>
<dc element="dc.source" value="Reuters"/>
</metadata>
</newsitem>
