<?xml version="1.0" encoding="iso-8859-1" ?>
<newsitem itemid="798481" id="root" date="1997-08-14" xml:lang="en">
<title>ESTONIA: PRESS DIGEST - ESTONIA - AUGUST 14.</title>
<headline>PRESS DIGEST - ESTONIA - AUGUST 14.</headline>
<dateline>TALLINN 1997-08-14</dateline>
<text>
<p>The following are the reports carried by Estonia's newspapers on Thursday. Reuters has not verified these reports and does not vouch for their accuracy:</p>
<p>ALL NEWSPAPERS</p>
<p>- President Lennart Meri gave the Cross of the Terra Mariana to outgoing Russian ambassador Alexander Trofimov.</p>
<p>- Prime Minister Mart Siimann said that a border agreement between Estonia and Russia will be signed this year.</p>
<p>- The securities inspectorate will decide in a week whether to close its investigation into a suspected insider trading case involving shares in Rakvere Meat Plant after the economic police failed to find any evidence of wrong doing.</p>
<p>POSTIMEES</p>
<p>- Foreign Minister Toomas Ilves is the most respected politician and Centre Party leader Edgar Savisaar the most well-known in Estonia, a poll conducted at the end of May showed.</p>
<p>SONUMILEHT</p>
<p>- Forty bears, 20 of them in East Viru county, will be shot in Estonia this hunting season. Bear hunting permits cost between 8,000 and 30,000 kroons.</p>
<p>EESTI PAEVALEHT</p>
<p>- Rural parties may agree to direct agricultural subsidies and drop demands for protective tariffs.</p>
<p>-- Riga newsroom +371 721 52 40</p>
</text>
<copyright>(c) Reuters Limited 1997</copyright>
<metadata>
<codes class="bip:countries:1.0">
  <code code="ESTNIA">
    <editdetail attribution="Reuters BIP Coding Group" action="confirmed" date="1997-08-14"/>
  </code>
</codes>
<codes class="bip:topics:1.0">
  <code code="GCAT">
    <editdetail attribution="Reuters BIP Coding Group" action="confirmed" date="1997-08-14"/>
  </code>
</codes>
<dc element="dc.date.created" value="1997-08-14"/>
<dc element="dc.publisher" value="Reuters Holdings Plc"/>
<dc element="dc.date.published" value="1997-08-14"/>
<dc element="dc.source" value="Reuters"/>
<dc element="dc.creator.location" value="TALLINN"/>
<dc element="dc.creator.location.country.name" value="ESTONIA"/>
<dc element="dc.source" value="Reuters"/>
</metadata>
</newsitem>
