<?xml version="1.0" encoding="iso-8859-1" ?>
<newsitem itemid="798417" id="root" date="1997-08-14" xml:lang="en">
<title>BOTSWANA: BOTSWANA HOPES TO AWARD CELLPHONE LICENCES BY OCT.</title>
<headline>BOTSWANA HOPES TO AWARD CELLPHONE LICENCES BY OCT.</headline>
<dateline>GABORONE 1997-08-14</dateline>
<text>
<p>The award of two licences to establish cellular telephone networks in Botswana will be made by early October, a Botswana Telecommunications Authority official said on Thursday.</p>
<p>&quot;We are hoping to have evaluated the tenders in time for decisions by our Board on October 2,&quot; Claes Rosvall, consultant to the Botswana Telecommunications Authority said.</p>
<p>&quot;If that is not possible, we will not wait for the next meeting (in November), but call a special one.&quot;</p>
<p>Five Botswana companies have submitted bids for the tender -- two with South Africa's Vodacom and MTN, one with partners from India and Mauritius, one with partners from Zimbabwe and Portugal and one with a partner from France.</p>
<p>Vodacom, which operates a network in South Africa, has formed a partnership with Botswana Telecommunications Corporation known as Botswana Vodacom Cellular (BVC), while MTN -- also a South African network operator -- had joined up with a Botswana-owned consortium Loapi Holdings.</p>
<p>Vodacom is partly owned by Britain's Vodafone Plc , while MTN is owned by Cable &amp; Wireless Plc and others.</p>
<p>Portugal Telecom and Zimbabwe's TS Masiyiwa Holdings form part of the third bid and France Telecom together with a consortium of five Botswana companies part of the fourth bid.</p>
<p>The Mauritius and Indian companies which form part of the fifth bid have not been identified.</p>
<p>Botswana Vodacom Cellular (BVC) has promised that a cellphone network will be in place before the end of the year if it is succcesful in obtaining a licence.</p>
<p>Vodacom managing director Alan Knott-Craig said he was confident the BVC consortium would be awarded a licence.</p>
<p>&quot;I am 99.9 percent sure we will be granted a licence, I cannot imagine us not getting one,&quot; he said in Gaborone. &quot;I expect to be using my cellphone in Botswana by Christmas.&quot;</p>
<p>BTC chief executive Olebile Gaborone said BVC planned to invest 61 million pula in the network. The company would be owned 40 percent each by BTC and Vodacom and the remaining 20 percent offered to the public, possibly within 12 months.</p>
<p>Knott-Craig said BVC's plan was to eventually cover every square metre of country by a satellite system.</p>
<p>Botswana covers 582,000 square kilometres, of which two thirds is covered by the Kalahari Desert, with a population of slightly less than 1.5 million.</p>
<p>The initial cellular market has been estimated by a BTC executive at around 10,000, rising over 10 years to between 50,000 and 60,000.</p>
<p>&quot;It makes no sense to cover only one of the areas. BVC would initially give 61 percent coverage, but within three to five years, there would be nowhere in Botswana without service,&quot; Knott-Craig said.</p>
<p>-- Gaborone newsroom +267 347-182</p>
</text>
<copyright>(c) Reuters Limited 1997</copyright>
<metadata>
<codes class="bip:countries:1.0">
  <code code="BOTS">
    <editdetail attribution="Reuters BIP Coding Group" action="confirmed" date="1997-08-14"/>
  </code>
</codes>
<codes class="bip:industries:1.0">
  <code code="I34400">
    <editdetail attribution="Reuters BIP Coding Group" action="confirmed" date="1997-08-14"/>
  </code>
  <code code="I79020">
    <editdetail attribution="Reuters BIP Coding Group" action="confirmed" date="1997-08-14"/>
  </code>
</codes>
<codes class="bip:topics:1.0">
  <code code="C33">
    <editdetail attribution="Reuters BIP Coding Group" action="confirmed" date="1997-08-14"/>
  </code>
  <code code="CCAT">
    <editdetail attribution="Reuters BIP Coding Group" action="confirmed" date="1997-08-14"/>
  </code>
</codes>
<dc element="dc.date.created" value="1997-08-14"/>
<dc element="dc.publisher" value="Reuters Holdings Plc"/>
<dc element="dc.date.published" value="1997-08-14"/>
<dc element="dc.source" value="Reuters"/>
<dc element="dc.creator.location" value="GABORONE"/>
<dc element="dc.creator.location.country.name" value="BOTSWANA"/>
<dc element="dc.source" value="Reuters"/>
</metadata>
</newsitem>
