<?xml version="1.0" encoding="iso-8859-1" ?>
<newsitem itemid="798415" id="root" date="1997-08-14" xml:lang="en">
<title>BELGIUM: SOCCER-BRUGES' SPEHAR CLOSE TO MONACO TRANSFER.</title>
<headline>SOCCER-BRUGES' SPEHAR CLOSE TO MONACO TRANSFER.</headline>
<dateline>BRUSSELS 1997-08-14</dateline>
<text>
<p>Croat striker Robert Spehar is expected to move to Monaco from Club Bruges on Thursday, his Belgian club said.</p>
<p>&quot;I expect it to be finalised today... and it's more likely that he'll leave than that he'll stay,&quot; Club Bruges secretary general Jacques De Nolf told Reuters on Thursday.</p>
<p>De Nolf, who declined to comment on media reports that Monaco were offering 200 million Belgian francs ($5.26 million) for Spehar, said Monaco wanted to sign the Croat before August 15 to be able to field him in their Champions' League games.</p>
<p>If they wait longer Spehar can only play in the Champions' League from 1998, he said.</p>
<p>Monaco wanted Spehar, last year's top scorer in the Belgian first division, to replace Brazil's Sonny Anderson who has left for Barcelona.</p>
<p>Spehar, 27, told Belgian television: &quot;Monaco are really serious about buying me and I must say that I'm really interested and also want to go there.&quot;</p>
<p>&quot;When I was little I dreamed about playing for a big club like Monaco...also it was my dream to play in the Champions' League,&quot; Spehar said.</p>
<p>Spehar and Bruges announced last week the Croat had extended his contract, which expired at the end of this season, until 2000 at sharply improved terms.</p>
<p>But Spehar said he had reached a deal with Bruges but had not actually signed the contract.</p>
<p>&quot;I didn't sign my contract (with Bruges) and I will not sign the contract,&quot; said Spehar, who has scored 41 goals in 50 matches since joining Club Bruges before the 1995-1996 season.</p>
<p>He scored a hat-trick in Bruges' first match of the new league championship on Saturday.</p>
<p>Spehar did not play for Bruges in their UEFA Cup second preliminary round match against Slovenians HIT Gorica on Tuesday, claiming he had a slight thigh injury.</p>
<p>But Belgian media suggested Spehar's injury might have been diplomatic and linked to his expected transfer to Monaco.</p>
</text>
<copyright>(c) Reuters Limited 1997</copyright>
<metadata>
<codes class="bip:countries:1.0">
  <code code="BELG">
    <editdetail attribution="Reuters BIP Coding Group" action="confirmed" date="1997-08-14"/>
  </code>
  <code code="COSR">
    <editdetail attribution="Reuters BIP Coding Group" action="confirmed" date="1997-08-14"/>
  </code>
  <code code="CRTIA">
    <editdetail attribution="Reuters BIP Coding Group" action="confirmed" date="1997-08-14"/>
  </code>
  <code code="FRA">
    <editdetail attribution="Reuters BIP Coding Group" action="confirmed" date="1997-08-14"/>
  </code>
  <code code="MONAC">
    <editdetail attribution="Reuters BIP Coding Group" action="confirmed" date="1997-08-14"/>
  </code>
</codes>
<codes class="bip:topics:1.0">
  <code code="GCAT">
    <editdetail attribution="Reuters BIP Coding Group" action="confirmed" date="1997-08-14"/>
  </code>
  <code code="GSPO">
    <editdetail attribution="Reuters BIP Coding Group" action="confirmed" date="1997-08-14"/>
  </code>
</codes>
<dc element="dc.date.created" value="1997-08-14"/>
<dc element="dc.publisher" value="Reuters Holdings Plc"/>
<dc element="dc.date.published" value="1997-08-14"/>
<dc element="dc.source" value="Reuters"/>
<dc element="dc.creator.location" value="BRUSSELS"/>
<dc element="dc.creator.location.country.name" value="BELGIUM"/>
<dc element="dc.source" value="Reuters"/>
</metadata>
</newsitem>
