<?xml version="1.0" encoding="iso-8859-1" ?>
<newsitem itemid="798524" id="root" date="1997-08-14" xml:lang="en">
<title>UK: TABLE-European sugar beet test results.</title>
<headline>TABLE-European sugar beet test results.</headline>
<dateline>LONDON 1997-08-14</dateline>
<text>
<p>Following are highlights of this season's European sugar beet test results, updated with the latest figures from Romania.</p>
<p>Note - Dutch figures are computer-generated forecasts rather than crop reports from the field.</p>
<p>COUNTRY   DATE     SUGAR    YEAR    SUGAR   YEAR   ROOT     YEAR   ROOT YEAR</p>
<p>	    OF TEST  CONTENT  AGO     YIELD   AGO    WEIGHT   AGO    WEIGHT AGO</p>
<p>			 (percent)	  (tonnes	  (grams	   (tonnes</p>
<p>						per ha)	  per root)	 per ha)</p>
<p>BELGIUM</p>
<p>1st test  Aug 4    13.25    15.94   5.26    4.94   -	  -	39.67 30.97</p>
<p>BRITAIN</p>
<p>1st test  Aug 4    14.74    15.53   -	 -	441	316    -	 -</p>
<p>2nd test  Aug 11   15.77    15.11   -	 -	495	379    -	 -</p>
<p>DENMARK</p>
<p>1st test  Aug 11   15.1     15.7    5.60    4.13   -	  -	37.1 26.4</p>
<p>FRANCE</p>
<p>1st test  Aug 4    15.07    17.64   6.36    4.72   -	  -	41.95 26.70</p>
<p>GERMANY</p>
<p>1st test  Aug 1    12.6     13.9    3.93    4.01   -	  -	-	 -</p>
<p>EASTERN GERMANY (Danisco)</p>
<p>1st test  Aug 11   13.6     14.9    4.96    3.99   -	  -	36.5 26.8</p>
<p>GREECE*</p>
<p>1st test  Jun 20   11.29    10.93   2.45    1.64   -	  -	21.31 14.96</p>
<p>2nd test  Jul 1    12.85    12.08   3.82    3.09   -	  -	29.88 25.56</p>
<p>3rd test  Jul 10   13.08    12.83   4.94    4.21   -	  -	37.77 32.95</p>
<p>4th test  Jul 21   13.35    13.05   6.20    5.77   -	  -	46.52 44.44</p>
<p>* Figures provided by statistician F.O. Licht.</p>
<p>IRELAND*</p>
<p>1st test  Aug 8    10.68    12.24   4.36    3.73   -	  -	40.67 30.92</p>
<p>* Figures provided by statistician F.O. Licht.</p>
<p>NETHERLANDS</p>
<p>1st test  Jul 29   -	  -	 9.4     9.3    -	  -	58.6  56.0</p>
<p>2nd test  Aug 12   -	  -	 9.6     9.3    -	  -	60.1  56.0</p>
<p>ROMANIA</p>
<p>-	   Aug 10   11.2     11.8    -	 -	231	216    -	 -</p>
<p>RUSSIA</p>
<p>1st test  Jul 1    -	  -	 -	 -	34	 30     -	 -</p>
<p>2nd test  Jul 10   -	  -	 -	 -	85	 76     -	 -</p>
<p>3rd test  Jul 20   8.7	9.5     -	 -	136	122    -	 -</p>
<p>4th test  Aug 1    10.4     11.0    -	 -	205	178    -	 -</p>
<p>SPAIN</p>
<p>(Southern crop, tested at factory gate)</p>
<p>1st test  Jul 13   17.33    -	 -	 -	-	  -	-	 -</p>
<p>2nd test  Jul 20   17.24    -	 -	 -	-	  -	-	 -</p>
<p>3rd test  Jul 27   17.20    -	 -	 -	-	  -	-	 -</p>
<p>SWEDEN (Danisco)</p>
<p>1st test  Aug 11   15.5     15.8    4.48    3.50   -	  -	29.0 22.1</p>
<p>SWITZERLAND</p>
<p>Aarberg refinery</p>
<p>1st test  Jul 30   14.2     16.0    6.07    8.02   -	  -	42.0 50.1</p>
<p>Frauenfeld refinery</p>
<p>1st test  Jul 30   14.9     13.8    7.05    8.35   -	  -	47.5 60.4</p>
<p>UKRAINE</p>
<p>1st test  Aug 6    10.3     11.6     -	-	 172     145	-	-</p>
</text>
<copyright>(c) Reuters Limited 1997</copyright>
<metadata>
<codes class="bip:countries:1.0">
  <code code="BELG">
    <editdetail attribution="Reuters BIP Coding Group" action="confirmed" date="1997-08-14"/>
  </code>
  <code code="DEN">
    <editdetail attribution="Reuters BIP Coding Group" action="confirmed" date="1997-08-14"/>
  </code>
  <code code="FRA">
    <editdetail attribution="Reuters BIP Coding Group" action="confirmed" date="1997-08-14"/>
  </code>
  <code code="GFR">
    <editdetail attribution="Reuters BIP Coding Group" action="confirmed" date="1997-08-14"/>
  </code>
  <code code="GREECE">
    <editdetail attribution="Reuters BIP Coding Group" action="confirmed" date="1997-08-14"/>
  </code>
  <code code="IRE">
    <editdetail attribution="Reuters BIP Coding Group" action="confirmed" date="1997-08-14"/>
  </code>
  <code code="NETH">
    <editdetail attribution="Reuters BIP Coding Group" action="confirmed" date="1997-08-14"/>
  </code>
  <code code="ROM">
    <editdetail attribution="Reuters BIP Coding Group" action="confirmed" date="1997-08-14"/>
  </code>
  <code code="RUSS">
    <editdetail attribution="Reuters BIP Coding Group" action="confirmed" date="1997-08-14"/>
  </code>
  <code code="SPAIN">
    <editdetail attribution="Reuters BIP Coding Group" action="confirmed" date="1997-08-14"/>
  </code>
  <code code="SWED">
    <editdetail attribution="Reuters BIP Coding Group" action="confirmed" date="1997-08-14"/>
  </code>
  <code code="SWITZ">
    <editdetail attribution="Reuters BIP Coding Group" action="confirmed" date="1997-08-14"/>
  </code>
  <code code="UK">
    <editdetail attribution="Reuters BIP Coding Group" action="confirmed" date="1997-08-14"/>
  </code>
  <code code="UKRN">
    <editdetail attribution="Reuters BIP Coding Group" action="confirmed" date="1997-08-14"/>
  </code>
</codes>
<codes class="bip:industries:1.0">
  <code code="I01001">
    <editdetail attribution="Reuters BIP Coding Group" action="confirmed" date="1997-08-14"/>
  </code>
  <code code="I0100128">
    <editdetail attribution="Reuters BIP Coding Group" action="confirmed" date="1997-08-14"/>
  </code>
</codes>
<codes class="bip:topics:1.0">
  <code code="C21">
    <editdetail attribution="Reuters BIP Coding Group" action="confirmed" date="1997-08-14"/>
  </code>
  <code code="C24">
    <editdetail attribution="Reuters BIP Coding Group" action="confirmed" date="1997-08-14"/>
  </code>
  <code code="CCAT">
    <editdetail attribution="Reuters BIP Coding Group" action="confirmed" date="1997-08-14"/>
  </code>
  <code code="M14">
    <editdetail attribution="Reuters BIP Coding Group" action="confirmed" date="1997-08-14"/>
  </code>
  <code code="M141">
    <editdetail attribution="Reuters BIP Coding Group" action="confirmed" date="1997-08-14"/>
  </code>
  <code code="MCAT">
    <editdetail attribution="Reuters BIP Coding Group" action="confirmed" date="1997-08-14"/>
  </code>
</codes>
<dc element="dc.date.created" value="1997-08-14"/>
<dc element="dc.publisher" value="Reuters Holdings Plc"/>
<dc element="dc.date.published" value="1997-08-14"/>
<dc element="dc.source" value="Reuters"/>
<dc element="dc.creator.location" value="LONDON"/>
<dc element="dc.creator.location.country.name" value="UK"/>
<dc element="dc.source" value="Reuters"/>
</metadata>
</newsitem>
