<?xml version="1.0" encoding="iso-8859-1" ?>
<newsitem itemid="798597" id="root" date="1997-08-14" xml:lang="en">
<title>KENYA: Kenya alliance set to resume &quot;mass action&quot; in days.</title>
<headline>Kenya alliance set to resume &quot;mass action&quot; in days.</headline>
<byline>Manoah Esipisu</byline>
<dateline>NAIROBI 1997-08-14</dateline>
<text>
<p>An alliance of opposition-backed groups demanding constitutional reforms in Kenya warned on Thursday it would resume &quot;mass action&quot; after August 21 if the government failed to start all-party reform talks by then.</p>
<p>The National Convention Executive Council (NCEC) -- an umbrella group of opposition parties, clerics, human rights groups and lawyers -- suspended mass rallies and demonstrations on Monday, three days after four people were killed in political violence.</p>
<p>The opposition wants President Daniel arap Moi, 73 and in power for 19 years, to enact constitutional reforms before presidential and parliamentary elections due later this year. No date has been set for the polls.</p>
<p>&quot;The NCEC suspended, not cancelled mass action. If dialogue would not have started after that period (of 10 days), then we will review and decide what actions to take. We would resume mass action,&quot; senior NCEC official Kivutha Kibwana told a news conference.</p>
<p>But there appeared to be a disagreement over what form the action would take -- a paragraph in the official text of the NCEC statement announcing &quot;the mother of all public rallies in independent Kenya&quot; at Nairobi's Uhuru Park on August 23 was crossed out. The NCEC gave no explanation.</p>
<p>Another NCEC official, Willy Mutunga, said that political parties had agreed on a team of 50 people to negotiate for reforms under a group of religious leaders led by Anglican Archbishop David Gitari.</p>
<p>Kibwana said NCEC conditions for dialogue included Moi naming a team to negotiate and the government implementing a set of &quot;minimum&quot; reforms before the elections.</p>
<p>An NCEC statement read by Kibwana said more than 500 people had been arrested by police and charged with various offences since the NCEC launched its campaign for reforms on May 31.</p>
<p>&quot;The government's strategy of indiscriminate arrest of pro-democracy activists and ordinary citizens is meant to intimidate Kenyans so that they desist from participating in peaceful mass civil action,&quot; the statement said.</p>
<p>&quot;We call upon the government to stop criminalising the pro-democracy orientation of the mass of the Kenyan citizenry.&quot;</p>
<p>The NCEC was widely criticised by government officials and newspapers over the killing of the two policemen during a general strike last Friday called by the NCEC.</p>
<p>In the Indian Ocean port city of Mombasa, police said on Thursday six officers and seven civilians were killed when assailants burned down a police station, releasing prisoners and stealing firearms.</p>
<p>The motive for the Wednesday night attack, close to Kenya's favourite tourist beaches, was unclear. Some witnesses said the attackers were local people taking reprisals against Likoni police for alleged brutality.</p>
<p>Parliamentary opposition leader Michael Wamalwa and opposition FORD-Asili party chairman Kenneth Matiba have previously argued that the NCEC had no authority to negotiate on their behalf. Kibwana said the two were now on board.</p>
<p>Kibwana said NCEC negotiators would meet the mediating church group on Tuesday and that they had proposed the first session of &quot;dialogue&quot; on constitutional changes be held on August 21.</p>
<p>Kibwana said the NCEC also wanted the government to withdraw two bills it published on reforms because they were drafted without consultations with NCEC legal experts.</p>
<p>The NCEC also wanted the government to suspend all preparations for elections until after the successful completion of the constitutional reform talks.</p>
<p>The NCEC said it had heard rumours that Moi planned to dissolve parliament on August 28 and call for elections thereafter. It said the move would be &quot;ill-advised&quot;.</p>
<p>Moi's government has come under renewed pressure from the International Monetary Fund, which halted a key aid package on July 31 because of concern at high-level corruption in Kenya.</p>
<p>The World Bank has delayed paying part of a loan to Kenya and said it would find it hard to hand over money until the government addressed corruption concerns.</p>
</text>
<copyright>(c) Reuters Limited 1997</copyright>
<metadata>
<codes class="bip:countries:1.0">
  <code code="KENYA">
    <editdetail attribution="Reuters BIP Coding Group" action="confirmed" date="1997-08-14"/>
  </code>
</codes>
<codes class="bip:topics:1.0">
  <code code="GCAT">
    <editdetail attribution="Reuters BIP Coding Group" action="confirmed" date="1997-08-14"/>
  </code>
  <code code="GPOL">
    <editdetail attribution="Reuters BIP Coding Group" action="confirmed" date="1997-08-14"/>
  </code>
  <code code="GVIO">
    <editdetail attribution="Reuters BIP Coding Group" action="confirmed" date="1997-08-14"/>
  </code>
  <code code="GVOTE">
    <editdetail attribution="Reuters BIP Coding Group" action="confirmed" date="1997-08-14"/>
  </code>
</codes>
<dc element="dc.date.created" value="1997-08-14"/>
<dc element="dc.publisher" value="Reuters Holdings Plc"/>
<dc element="dc.date.published" value="1997-08-14"/>
<dc element="dc.source" value="Reuters"/>
<dc element="dc.creator.location" value="NAIROBI"/>
<dc element="dc.creator.location.country.name" value="KENYA"/>
<dc element="dc.source" value="Reuters"/>
</metadata>
</newsitem>
