<?xml version="1.0" encoding="iso-8859-1" ?>
<newsitem itemid="798531" id="root" date="1997-08-14" xml:lang="en">
<title>UK: IPE natural gas active, market recoups losses.</title>
<headline>IPE natural gas active, market recoups losses.</headline>
<dateline>LONDON 1997-08-14</dateline>
<text>
<p>IPE natural gas futures were firmer on Thursday in active trade which saw a healthy 540 lots change hands.</p>
<p>September again led the market, but this time higher after the contract's break below nine pence a therm pushed the market down on Wednesday.</p>
<p>With 190 lots traded, September gained 0.10 pence a therm to end at 8.90 pence a therm, although the month fetched nine pence on the over-the-counter market.</p>
<p>A further 100 lots were traded on October, which gained 0.090 pence to 10.740 pence.</p>
<p>Further out most months made gains, although June shed 0.250 pence to end the day at 10.40 pence.</p>
<p>The balance of month contract, which was introduced last Friday, has attracted little interest and was untraded again on Thursday.</p>
<p>--London Newsroom +44 171 542 5387</p>
</text>
<copyright>(c) Reuters Limited 1997</copyright>
<metadata>
<codes class="bip:countries:1.0">
  <code code="UK">
    <editdetail attribution="Reuters BIP Coding Group" action="confirmed" date="1997-08-14"/>
  </code>
</codes>
<codes class="bip:topics:1.0">
  <code code="M14">
    <editdetail attribution="Reuters BIP Coding Group" action="confirmed" date="1997-08-14"/>
  </code>
  <code code="M143">
    <editdetail attribution="Reuters BIP Coding Group" action="confirmed" date="1997-08-14"/>
  </code>
  <code code="MCAT">
    <editdetail attribution="Reuters BIP Coding Group" action="confirmed" date="1997-08-14"/>
  </code>
</codes>
<dc element="dc.date.created" value="1997-08-14"/>
<dc element="dc.publisher" value="Reuters Holdings Plc"/>
<dc element="dc.date.published" value="1997-08-14"/>
<dc element="dc.source" value="Reuters"/>
<dc element="dc.creator.location" value="LONDON"/>
<dc element="dc.creator.location.country.name" value="UK"/>
<dc element="dc.source" value="Reuters"/>
</metadata>
</newsitem>
