<?xml version="1.0" encoding="iso-8859-1" ?>
<newsitem itemid="798582" id="root" date="1997-08-14" xml:lang="en">
<title>KENYA: Kenya shilling helped by exports, but still weak.</title>
<headline>Kenya shilling helped by exports, but still weak.</headline>
<byline>Wambui Chege</byline>
<dateline>NAIROBI 1997-08-14</dateline>
<text>
<p>Coffee exports helped the Kenyan shilling firm slightly against the dollar on Thursday, but dealers said the currency remains generally soft in the wake of Kenya's major row with the International Monetary Fund (IMF) two weeks ago.</p>
<p>The shilling closed at a commercial mean of 69.97 against the dollar up from 70.17 at open.</p>
<p>&quot;Things were better for the shilling today after we received about $5 million from coffee exporters,&quot; a senior dealer from a leading commercial bank told Reuters.</p>
<p>The currency took a beating after the International Monetary Fund (IMF) cancelled the first year of a three-year $205 million aid package to Kenya after a corruption row boiled over on July 31, since when the Kenyan unit has lost about 17 percent against the dollar.</p>
<p>Commercial bank dealers said foreign fears had eased, but the underlying tone still remained weak for the shilling.</p>
<p>&quot;Foreigners are no longer buying aggressively. They've become more tolerant and are quoting slightly lower rates. They've seen there's no need to get burnt,&quot; one dealer said.</p>
<p>On Wednesday, the Central Bank of Kenya said the shilling exchange rate would continue to be determined by market forces.</p>
<p>&quot;The central bank will only intervene in the market to smoothen out wild fluctuations in the shilling's exchange rate,&quot; the central bank said in a statement.</p>
<p>&quot;Accordingly, after the liberalisation of the foreign exchange market, the bank has at no time had a predetermined or desired exchange rate which we wish to see the shilling remain at. However, we would wish to achieve an exchange rate that is both competitive and relatively stable,&quot; the statement said.</p>
<p>&quot;The shilling exchange rate shall continue to be determined by market forces of demand and supply which incorporate non-economic sentiments in line with the prevailing government economic, political, fiscal and monetary policies of the day.&quot;</p>
<p>The shilling was further undermined this week after the World Bank said it would not release part of a loan under its Structural Adjustment Credit (SAC) until the Kenyan government addressed the IMF's corruption concerns.</p>
</text>
<copyright>(c) Reuters Limited 1997</copyright>
<metadata>
<codes class="bip:countries:1.0">
  <code code="KENYA">
    <editdetail attribution="Reuters BIP Coding Group" action="confirmed" date="1997-08-14"/>
  </code>
</codes>
<codes class="bip:topics:1.0">
  <code code="M13">
    <editdetail attribution="Reuters BIP Coding Group" action="confirmed" date="1997-08-14"/>
  </code>
  <code code="M132">
    <editdetail attribution="Reuters BIP Coding Group" action="confirmed" date="1997-08-14"/>
  </code>
  <code code="MCAT">
    <editdetail attribution="Reuters BIP Coding Group" action="confirmed" date="1997-08-14"/>
  </code>
</codes>
<dc element="dc.date.created" value="1997-08-14"/>
<dc element="dc.publisher" value="Reuters Holdings Plc"/>
<dc element="dc.date.published" value="1997-08-14"/>
<dc element="dc.source" value="Reuters"/>
<dc element="dc.creator.location" value="NAIROBI"/>
<dc element="dc.creator.location.country.name" value="KENYA"/>
<dc element="dc.source" value="Reuters"/>
</metadata>
</newsitem>
