<?xml version="1.0" encoding="iso-8859-1" ?>
<newsitem itemid="798563" id="root" date="1997-08-14" xml:lang="en">
<title>CANADA: Daily Canadian spot natgas prices - Aug 14.</title>
<headline>Daily Canadian spot natgas prices - Aug 14.</headline>
<text>
<p>DOMESTIC (AUG SALES)		$CDN/GJ		 $US/MMBTU</p>
<p>  AECO				  1.45/1.50	     1.12/1.16</p>
<p>  ALBERTA BORDER - EMPRESS	1.46/1.51	     1.13/1.17</p>
<p>EXPORT (AUG SALES)</p>
<p>  SUMAS (HUNTINGDON, BC)	  1.51/1.58	     1.17/1.22</p>
<p>  NIAGARA, ONT			3.43/3.49	     2.65/2.70</p>
<p>NOTE - CANADA, U.S. DOLLAR CONVERSION BASED ON BANK OF CANADA NOON RATE.</p>
</text>
<copyright>(c) Reuters Limited 1997</copyright>
<metadata>
<codes class="bip:countries:1.0">
  <code code="CANA">
    <editdetail attribution="Reuters BIP Coding Group" action="confirmed" date="1997-08-14"/>
  </code>
</codes>
<codes class="bip:topics:1.0">
  <code code="M14">
    <editdetail attribution="Reuters BIP Coding Group" action="confirmed" date="1997-08-14"/>
  </code>
  <code code="M143">
    <editdetail attribution="Reuters BIP Coding Group" action="confirmed" date="1997-08-14"/>
  </code>
  <code code="MCAT">
    <editdetail attribution="Reuters BIP Coding Group" action="confirmed" date="1997-08-14"/>
  </code>
</codes>
<dc element="dc.publisher" value="Reuters Holdings Plc"/>
<dc element="dc.date.published" value="1997-08-14"/>
<dc element="dc.source" value="Reuters"/>
<dc element="dc.creator.location.country.name" value="CANADA"/>
<dc element="dc.source" value="Reuters"/>
</metadata>
</newsitem>
