<?xml version="1.0" encoding="iso-8859-1" ?>
<newsitem itemid="798585" id="root" date="1997-08-14" xml:lang="en">
<title>ANGOLA: UN mulls UNITA moves to avoid sanctions.</title>
<headline>UN mulls UNITA moves to avoid sanctions.</headline>
<byline>John Fleming</byline>
<dateline>LUANDA 1997-08-14</dateline>
<text>
<p>The United Nations is deciding whether proposals by Angola's former rebel movement UNITA, accused of delaying a three-year-old peace process, are enough to avert threatened sanctions, a UN spokesman said on Thursday.</p>
<p>The Security Council warned it would impose sanctions from Friday unless UNITA took steps to comply with the 1994 peace accord which ended two decades of civil war against the formerly Marxist government of President Eduardo dos Santos.</p>
<p>UNITA responded this week.</p>
<p>&quot;We have the UNITA proposals, and we are examining them,&quot; David Wimhurst, spokesman for the U.N. Observer Mission in Angola, told Reuters on Thursday.</p>
<p>&quot;At this point we are finalising our position. We should be able to make our position public later today.&quot;</p>
<p>But an official close to Angola's peace process told Reuters he believed the UNITA olive branch would be too little for it to avoid sanctions.</p>
<p>&quot;This proposal is not much better then the ones before,&quot; he said. &quot;I can't believe the Security Council will accept these. If they can't do better then this you can expect sanctions.&quot;</p>
<p>Wimhurst said the U.N. decision would be announced by the Joint Commission, the body overseeing the peace process.</p>
<p>He would only say that the UNITA proposals addressed three key demands made by the Security Council on June 30.</p>
<p>The demands included handing over the vast amount of territory UNITA still controls to the government, defining the number of armed men it still controls and turning its propaganda short wave radio station, Vorgan, into a non-partisan entity.</p>
<p>The peace-process source said UNITA was agreeing to transform its radio station -- after a feasibility study -- but that areas UNITA was proposing to hand over were remote and surrounded by other UNITA-held territory.</p>
<p>The Security Council gave UNITA until August 15 to submit a plan of how to move forward on the three areas or face possible sanctions including travel and banking restrictions.</p>
<p>On Tuesday the Council threatened extra sanctions.</p>
<p>&quot;We will consider and we will impose additional measures,&quot; said Security Council President Sir John Weston.</p>
<p>&quot;Let no one say later that they were not warned. The situation is totally unacceptable.&quot;</p>
<p>The European Union urged UNITA on Thursday to comply.</p>
<p>UNITA, the National Union for the Total Independence of Angola, fought the government until both sides signed a peace agreement in the Zambian capital, Lusaka, in 1994.</p>
<p>Under the terms of the treaty the former rebels were supposed to disarm completely and hand their territory -- whose diamond mines provide the movement led by Jonas Savimbi with a hefty income -- to the government.</p>
<p>But UNITA still controls up to 70 percent of Angola and the government says UNITA still has 35,000 armed troops. Military analysts and diplomats in Luanda estimate UNITA troop strength at between 15,000 and 25,000.</p>
<p>UNITA claims to have 5,448 armed men in a new document seen by Reuters -- almost twice as many as previously admitted.</p>
</text>
<copyright>(c) Reuters Limited 1997</copyright>
<metadata>
<codes class="bip:countries:1.0">
  <code code="ANGOL">
    <editdetail attribution="Reuters BIP Coding Group" action="confirmed" date="1997-08-14"/>
  </code>
  <code code="UN">
    <editdetail attribution="Reuters BIP Coding Group" action="confirmed" date="1997-08-14"/>
  </code>
</codes>
<codes class="bip:topics:1.0">
  <code code="E51">
    <editdetail attribution="Reuters BIP Coding Group" action="confirmed" date="1997-08-14"/>
  </code>
  <code code="E512">
    <editdetail attribution="Reuters BIP Coding Group" action="confirmed" date="1997-08-14"/>
  </code>
  <code code="ECAT">
    <editdetail attribution="Reuters BIP Coding Group" action="confirmed" date="1997-08-14"/>
  </code>
  <code code="G15">
    <editdetail attribution="Reuters BIP Coding Group" action="confirmed" date="1997-08-14"/>
  </code>
  <code code="G158">
    <editdetail attribution="Reuters BIP Coding Group" action="confirmed" date="1997-08-14"/>
  </code>
  <code code="GCAT">
    <editdetail attribution="Reuters BIP Coding Group" action="confirmed" date="1997-08-14"/>
  </code>
  <code code="GDIP">
    <editdetail attribution="Reuters BIP Coding Group" action="confirmed" date="1997-08-14"/>
  </code>
  <code code="GVIO">
    <editdetail attribution="Reuters BIP Coding Group" action="confirmed" date="1997-08-14"/>
  </code>
</codes>
<dc element="dc.date.created" value="1997-08-14"/>
<dc element="dc.publisher" value="Reuters Holdings Plc"/>
<dc element="dc.date.published" value="1997-08-14"/>
<dc element="dc.source" value="Reuters"/>
<dc element="dc.creator.location" value="LUANDA"/>
<dc element="dc.creator.location.country.name" value="ANGOLA"/>
<dc element="dc.source" value="Reuters"/>
</metadata>
</newsitem>
