<?xml version="1.0" encoding="iso-8859-1" ?>
<newsitem itemid="798579" id="root" date="1997-08-14" xml:lang="en">
<title>SOUTH AFRICA: S.Africa's Zulu leader says defection was betrayal.</title>
<headline>S.Africa's Zulu leader says defection was betrayal.</headline>
<byline>Allan Seccombe</byline>
<dateline>DURBAN, South Africa 1997-08-14</dateline>
<text>
<p>A former political adviser to Inkatha leader Chief Mangosuthu Buthelezi defected to South Africa's ruling African National Congress (ANC) on Thursday in what Buthelezi called &quot;the ultimate betrayal.&quot;</p>
<p>&quot;I want to be part of the new South Africa, I want to know what it is like to be free,&quot; Walter Felgate, 66, told a news conference in the eastern port city of Durban.</p>
<p>Sporting an ANC baseball cap and waving his new party card, Felgate, who counselled Buthelezi through several rounds of brinkmanship ahead of the country's first all-race elections in 1994, accused his former leader of intolerance.</p>
<p>&quot;It is the ultimate betrayal,&quot; Buthelezi told national radio later. &quot;When you have a good relationship like I had with him over so many years, and for him to turn around and do this - it shakes me to my roots and my confidence in human nature.&quot;</p>
<p>Buthelezi, fuelling speculation that Felgate quit because his Inkatha career had run out of steam, said he had not been close to his former adviser for the past year.</p>
<p>While the Inkatha Freedom Party lashed out at Felgate the ANC remained silent, though a party source said Felgate was likely to be more of an embarrassment that an asset.</p>
<p>Felgate said disagreement with Buthelezi, President Nelson Mandela's strongest black rival despite being interior minister in the national unity government, and a lack of democracy in Inkatha had led him to quit.</p>
<p>The IFP won control of its stronghold, KwaZulu-Natal province, in the 1994 election, but failed to extend its support nationally and is now losing support in the province and facing financial trouble ahead of the 1999 elections.</p>
<p>Felgate, white bearded and haggard after a year of ill health and major heart surgery, said Inkatha's continual resort to confrontational politics had proved too much for him.</p>
<p>&quot;The lack of democracy inside the IFP, the decisions that are forced on the IFP by the chief (Buthelezi)...make it extremely difficult to work from within the IFP,&quot; he said.</p>
<p>Felgate's fiery influence had waned since the 1994 elections, which won him a seat in parliament he later gave up in favour of a seat in KwaZulu-Natal's provincial legislature.</p>
<p>His erstwhile colleagues were stinging in their remarks after his defection to the party he spent most of his recent political life condemning.</p>
</text>
<copyright>(c) Reuters Limited 1997</copyright>
<metadata>
<codes class="bip:countries:1.0">
  <code code="SAFR">
    <editdetail attribution="Reuters BIP Coding Group" action="confirmed" date="1997-08-14"/>
  </code>
</codes>
<codes class="bip:topics:1.0">
  <code code="GCAT">
    <editdetail attribution="Reuters BIP Coding Group" action="confirmed" date="1997-08-14"/>
  </code>
  <code code="GPOL">
    <editdetail attribution="Reuters BIP Coding Group" action="confirmed" date="1997-08-14"/>
  </code>
</codes>
<dc element="dc.date.created" value="1997-08-14"/>
<dc element="dc.publisher" value="Reuters Holdings Plc"/>
<dc element="dc.date.published" value="1997-08-14"/>
<dc element="dc.source" value="Reuters"/>
<dc element="dc.creator.location" value="DURBAN, South Africa"/>
<dc element="dc.creator.location.country.name" value="SOUTH AFRICA"/>
<dc element="dc.source" value="Reuters"/>
</metadata>
</newsitem>
