<?xml version="1.0" encoding="iso-8859-1" ?>
<newsitem itemid="798546" id="root" date="1997-08-14" xml:lang="en">
<title>UK: Bradford wool market sees signs of stirring.</title>
<headline>Bradford wool market sees signs of stirring.</headline>
<dateline>BRADFORD 1997-08-14</dateline>
<text>
<p>Holidays end this weekend in Bradford and later this month sees Italy, a major influence in the wool market, back at work.</p>
<p>Otherwise, there are stirrings of interest and activity as deliveries begin to go out again. What is still lacking is a major buying movement in wool textiles. Holidays are a factor but so is market confidence.</p>
<p>Australia opened the full selling season uncertainly and then prices dropped sharply. They recovered some firmness late last week and this was maintained this week, with prices just managing to edge ahead. New Zealand and British wool prices were firm to a little dearer. The main uncertainty affecting prices is currency. Sterling after a prolonged period of strength that hurt the export trade in wool textiles has shown signs of an about-turn which is raising some hopes of better demand from overseas markets in due course.</p>
<p>But this will be a long haul and problems for the UK have been accompanied by gains for Continental Europe. The currency reversal has caused price rises for those close to imported wool costs and those in the home market aware of what a further currency move would mean have been more interested, but noone identifies anything like a buying movement.</p>
</text>
<copyright>(c) Reuters Limited 1997</copyright>
<metadata>
<codes class="bip:countries:1.0">
  <code code="UK">
    <editdetail attribution="Reuters BIP Coding Group" action="confirmed" date="1997-08-14"/>
  </code>
</codes>
<codes class="bip:topics:1.0">
  <code code="M14">
    <editdetail attribution="Reuters BIP Coding Group" action="confirmed" date="1997-08-14"/>
  </code>
  <code code="M141">
    <editdetail attribution="Reuters BIP Coding Group" action="confirmed" date="1997-08-14"/>
  </code>
  <code code="MCAT">
    <editdetail attribution="Reuters BIP Coding Group" action="confirmed" date="1997-08-14"/>
  </code>
</codes>
<dc element="dc.date.created" value="1997-08-14"/>
<dc element="dc.publisher" value="Reuters Holdings Plc"/>
<dc element="dc.date.published" value="1997-08-14"/>
<dc element="dc.source" value="Reuters"/>
<dc element="dc.creator.location" value="BRADFORD"/>
<dc element="dc.creator.location.country.name" value="UK"/>
<dc element="dc.source" value="Reuters"/>
</metadata>
</newsitem>
