<?xml version="1.0" encoding="iso-8859-1" ?>
<newsitem itemid="798505" id="root" date="1997-08-14" xml:lang="en">
<title>UK: NWE oil products climb, gasoline $9 stronger.</title>
<headline>NWE oil products climb, gasoline $9 stronger.</headline>
<dateline>LONDON 1997-08-14</dateline>
<text>
<p>NWE oil products firmed on Thursday, with gasoline rising $9 a tonne, traders said.</p>
<p>High sulphur fuel oil barges ended at the $97 mark with bunker demand and low prompt supply said to be propping up the market. Low sulphur barges were offered notionally as high as $99 fob but no buyers came into the market.</p>
<p>High sulphur cracked cargoes were steady to a touch stronger at $92/$95 for Russian material with buyers and sellers said to be sticking to their ground.</p>
<p>Gasoline was $9 a tonne stronger on a bullish cocktail of cracker problems in the U.S., tight local supplies and news Nigeria was likely to continue gasoline imports. Barges traded at $227 to $230 fob AR.</p>
<p>Gas oil climbed with September IPE, which ended $3.75 a tonne firmer at $173.75. Barges were inactive. Russian cargoes trade easier at a 50 cent and a 25 cent discount to the screen cif NWE.</p>
<p>-- London newsroom +44 171 542 7646</p>
</text>
<copyright>(c) Reuters Limited 1997</copyright>
<metadata>
<codes class="bip:countries:1.0">
  <code code="UK">
    <editdetail attribution="Reuters BIP Coding Group" action="confirmed" date="1997-08-14"/>
  </code>
</codes>
<codes class="bip:topics:1.0">
  <code code="M14">
    <editdetail attribution="Reuters BIP Coding Group" action="confirmed" date="1997-08-14"/>
  </code>
  <code code="M143">
    <editdetail attribution="Reuters BIP Coding Group" action="confirmed" date="1997-08-14"/>
  </code>
  <code code="MCAT">
    <editdetail attribution="Reuters BIP Coding Group" action="confirmed" date="1997-08-14"/>
  </code>
</codes>
<dc element="dc.date.created" value="1997-08-14"/>
<dc element="dc.publisher" value="Reuters Holdings Plc"/>
<dc element="dc.date.published" value="1997-08-14"/>
<dc element="dc.source" value="Reuters"/>
<dc element="dc.creator.location" value="LONDON"/>
<dc element="dc.creator.location.country.name" value="UK"/>
<dc element="dc.source" value="Reuters"/>
</metadata>
</newsitem>
