<?xml version="1.0" encoding="iso-8859-1" ?>
<newsitem itemid="798646" id="root" date="1997-08-14" xml:lang="en">
<title>ZIMBABWE: PRESS DIGEST - ZIMBABWE - AUGUST 14.</title>
<headline>PRESS DIGEST - ZIMBABWE - AUGUST 14.</headline>
<dateline>HARARE 1997-08-14</dateline>
<text>
<p>These are the leading stories in the Zimbabwe press on Thursday. Reuters has not verified these stories and does not vouch for their accuracy.</p>
<p>FINANCIAL GAZETTE</p>
<p>- The weekly independent Financial Gazette, normally published on Thursday, will be published on Friday after a working week shortened by Heroes' and Defence Forces' public holidays on Monday and Tuesday.</p>
<p>THE BUSINESS HERALD</p>
<p>- One of Zimbabwe's leading milling companies, National Foods, has failed to dispose some &quot;excess&quot; maize mills because there is overcapacity in the country and around the southern African region.</p>
<p>- A price haggle in the proposed acquisition of local Bard Discount House by the Discount Company of Zimbabwe has indefinitely put off negotiations between the two firms.</p>
<p>THE HERALD</p>
<p>- About 100 Zimbabwe war veterans protesting the suspension of pension commutation payments on Wednesday ransacked the ruling ZANU-PF national headquarters in Harare, cutting telephone lines, looting food and cigarettes and holding some party employees in temporary hostage.</p>
<p>- Zimbabwe police reported that some 23 people were killed and 323 others injured in road accidents around the country during a weekend Heroes' and Defence Forces' public holiday that ended on Tuesday.</p>
<p>---Harare Newsroom: +263-4 72 52 27/8/9---</p>
</text>
<copyright>(c) Reuters Limited 1997</copyright>
<metadata>
<codes class="bip:countries:1.0">
  <code code="ZIMBAB">
    <editdetail attribution="Reuters BIP Coding Group" action="confirmed" date="1997-08-14"/>
  </code>
</codes>
<codes class="bip:topics:1.0">
  <code code="GCAT">
    <editdetail attribution="Reuters BIP Coding Group" action="confirmed" date="1997-08-14"/>
  </code>
</codes>
<dc element="dc.date.created" value="1997-08-14"/>
<dc element="dc.publisher" value="Reuters Holdings Plc"/>
<dc element="dc.date.published" value="1997-08-14"/>
<dc element="dc.source" value="Reuters"/>
<dc element="dc.creator.location" value="HARARE"/>
<dc element="dc.creator.location.country.name" value="ZIMBABWE"/>
<dc element="dc.source" value="Reuters"/>
</metadata>
</newsitem>
