<?xml version="1.0" encoding="iso-8859-1" ?>
<newsitem itemid="798673" id="root" date="1997-08-14" xml:lang="en">
<title>RUSSIA: Tired Russia cosmonauts en route to Earth from Mir.</title>
<headline>Tired Russia cosmonauts en route to Earth from Mir.</headline>
<byline>Viktor Anoshkin</byline>
<dateline>KOROLYOV, Russia 1997-08-14</dateline>
<text>
<p>Two Russian cosmonauts left the stricken Mir space station on Thursday and headed for earth aboard a Soyuz spacecraft after one of the toughest assignments in the history of manned space flight.</p>
<p>Live television pictures at Mission Control outside the Russian capital showed Soyuz with commander Vasily Tsibliyev and flight engineer Alexander Lazutkin departing from Mir at 12:56 p.m. Moscow time (0856 GMT).</p>
<p>There appeared to be a three-minute delay in the operation compared to the original schedule but a Mission Control operator said the undocking went well.</p>
<p>&quot;Everything is all right with you,&quot; the operator told the crew. &quot;Thank God,&quot; replied Tsibliyev.</p>
<p>Along with British-born NASA astronaut Michael Foale, who will stay aboard Mir until next month, they have endured a series of major woes since they came aboard Mir in February. The most serious was a June 25 collision between the station and its supply ship.</p>
<p>Mir has run on partial power since then. They also had to contend with a fire and a series of problems with their life support systems during their mission.</p>
<p>Earlier on Thursday the pair embraced Foale and their two Russian replacements, commander Anatoly Solovyov and engineer Pavel Vinogradov, waved for the cameras as they floated into the airlock between Mir and Soyuz.</p>
<p>&quot;I hope that everything bad that we've had will leave with us,&quot; Tsibliyev said in a live broadcast from Mir shown on television screens at Mission Control outside Moscow.</p>
<p>&quot;We are leaving. See you on earth.&quot;</p>
<p>A Mission Control operator told Tsibliyev and Lazutkin: &quot;Thank you for the job you've done. Happy landing.&quot;</p>
<p>Tsibliyev and Lazutkin are due to touch down at 1216 GMT in the ex-Soviet republic of Kazakhstan.</p>
<p>Despite the warm words from Mission Control on Thursday, Tsibliyev and Lazutkin face an uncertain reception on Earth. President Boris Yeltsin said last week human error may have been to blame for the June 25 crash, which threatened Mir's future.</p>
<p>But Yeltsin's space and aviation aide, Marshal Yevgeny Shaposhnikov told Interfax news agency on Thursday no hasty conclusions should be drawn until a proper investigation into the accident.</p>
<p>It will also be hard for the returning cosmonauts not to be haunted by the past as they hurtle to Earth.</p>
<p>In 1971 the capsule carrying the three pioneers on Moscow's first space station Salyut touched down after a successful mission hailed throughout the then Soviet Union.</p>
<p>But when excited ground staff opened the hatch they found that all three men had died on the way down, killed by a sudden drop in pressure during re-entry into the earth's atmosphere.</p>
<p>Sixteen years later two cosmonauts undocked from the Mir space station which had replaced Salyut expecting a trouble-free return to earth.</p>
<p>They did land safely, but only after a nightmarish two days in what the Izvestia newspaper called &quot;a lone boat drifting on a boundless ocean&quot; after failing to align properly for re-entry.</p>
<p>But such incidents are the exception amid the many Soviet and then Russian space missions which followed Yuri Gagarin's pioneering flight into space in 1965.</p>
<p>Like the weary Mir crew, one of whom pulled out a plug on a computer by mistake while battling with the power problems, space officials have learnt from their mistakes. Special light spacesuits were introduced after the 1971 tragedy and they do not expect any big problems with Thursday's landing.</p>
<p>A fleet of helicopters will be on hand to track the capsule after a huge parachute opens to slow its fall once it enters earth's atmosphere. Rescue officials and mission control outside Moscow will also have radio contact with the craft.</p>
<p>After the June crash, Tsibliyev began suffering heart irregularities which doctors said were stress-related. A top medical adviser said he would need no special medicine for his Thursday return.</p>
<p>But Igor Goncharov, chief doctor of the mission, told reporters accompanying the rescue team in Kazakhstan:</p>
<p>&quot;We have strengthened the team and taken on additional specialists -- a cardiologist from the military hospital and a doctor of intensive care. There could be unforseen situations, so we have taken these measures.&quot;</p>
</text>
<copyright>(c) Reuters Limited 1997</copyright>
<metadata>
<codes class="bip:countries:1.0">
  <code code="RUSS">
    <editdetail attribution="Reuters BIP Coding Group" action="confirmed" date="1997-08-14"/>
  </code>
</codes>
<codes class="bip:topics:1.0">
  <code code="GCAT">
    <editdetail attribution="Reuters BIP Coding Group" action="confirmed" date="1997-08-14"/>
  </code>
  <code code="GSCI">
    <editdetail attribution="Reuters BIP Coding Group" action="confirmed" date="1997-08-14"/>
  </code>
</codes>
<dc element="dc.date.created" value="1997-08-14"/>
<dc element="dc.publisher" value="Reuters Holdings Plc"/>
<dc element="dc.date.published" value="1997-08-14"/>
<dc element="dc.source" value="Reuters"/>
<dc element="dc.creator.location" value="KOROLYOV, Russia"/>
<dc element="dc.creator.location.country.name" value="RUSSIA"/>
<dc element="dc.source" value="Reuters"/>
</metadata>
</newsitem>
