<?xml version="1.0" encoding="iso-8859-1" ?>
<newsitem itemid="798645" id="root" date="1997-08-14" xml:lang="en">
<title>TANZANIA: Fourteen people killed in bus crash in Tanzania.</title>
<headline>Fourteen people killed in bus crash in Tanzania.</headline>
<dateline>DAR ES SALAAM 1997-08-14</dateline>
<text>
<p>Fourteen people were killed and 51 injured on Wednesday when two buses crashed head-on east of the Tanzanian capital Dar es Salaam, police said on Thursday.</p>
</text>
<copyright>(c) Reuters Limited 1997</copyright>
<metadata>
<codes class="bip:countries:1.0">
  <code code="TANZA">
    <editdetail attribution="Reuters BIP Coding Group" action="confirmed" date="1997-08-14"/>
  </code>
</codes>
<codes class="bip:topics:1.0">
  <code code="GCAT">
    <editdetail attribution="Reuters BIP Coding Group" action="confirmed" date="1997-08-14"/>
  </code>
  <code code="GDIS">
    <editdetail attribution="Reuters BIP Coding Group" action="confirmed" date="1997-08-14"/>
  </code>
</codes>
<dc element="dc.date.created" value="1997-08-14"/>
<dc element="dc.publisher" value="Reuters Holdings Plc"/>
<dc element="dc.date.published" value="1997-08-14"/>
<dc element="dc.source" value="Reuters"/>
<dc element="dc.creator.location" value="DAR ES SALAAM"/>
<dc element="dc.creator.location.country.name" value="TANZANIA"/>
<dc element="dc.source" value="Reuters"/>
</metadata>
</newsitem>
