<?xml version="1.0" encoding="iso-8859-1" ?>
<newsitem itemid="798603" id="root" date="1997-08-14" xml:lang="en">
<title>ZIMBABWE: Zimbabwe shares retreat on share issue.</title>
<headline>Zimbabwe shares retreat on share issue.</headline>
<dateline>HARARE 1997-08-14</dateline>
<text>
<p>Zimbabwean shares retreated from their overnight peak on Thursday with brokers saying many market players were holding onto their cash for the public issue of a state-owned bank which opened last Thursday.</p>
<p>The main industrial index dropped 57.51 points to close at 12,001.03 on the back of losses on some key counters.</p>
<p>&quot;The market was a bit on the retreating side because many people are trying to hold onto their money for the CBZ (Commercial Bank of Zimbabwe) issue,&quot; one broker said.</p>
<p>&quot;I think the market will continue on a downward slope because the CBZ issue is quite a big pocket,&quot; he added.</p>
<p>The government is selling 80 percent of its shares in the CBZ as part of its state privatisation programme.</p>
<p>The offer of 320 million shares at Z$1.60 each is aimed at raising Z$512 million which would be used to recapitalise the bank to comply with central Reserve Bank capital adequacy requirements.</p>
<p>It closes on August 29 after which the shares will trade over the counter before shareholders decide next April whether to list on the Zimbabwe Stock Exchange.</p>
<p>On the exchange on Thursday, merchant bank NMB dropped 50 cents to 3,500 as did tea and coffee producer EHPL to 250, tyre-maker Dunlop shed 40 cents to 140 while pharmaceutical group Caps lost 30 cents to 420.</p>
<p>Blue-chip hotels and supermarkets conglomerate Delta and industrial investor TZI each traded 25 cents lower at 2,125 and 900 respectively.</p>
<p>Against the trend, publishers Zimpapers added 12 cents to 182 with 1.8 million shares changing hands while clothing retailer Truworths put on 20 cents to 750 and cable manufacturer BICAF rose 50 cents to 300.</p>
<p>In minings, gold counters closed lower across the board with brokers saying &quot;the sad story continues with the gold price still very low&quot;.</p>
<p>Gold investor Falgold eased five cents to 75 while Bindura saw a 25 cents in offer price to 525 with no trades registered on the back of what brokers said were unexciting interim results.</p>
<p>The mining index edged 2.53 points lower to end at 923.54.</p>
<p>--Emelia Sithole, Harare newsroom: +263-4 72 52 27/8/9--</p>
</text>
<copyright>(c) Reuters Limited 1997</copyright>
<metadata>
<codes class="bip:countries:1.0">
  <code code="ZIMBAB">
    <editdetail attribution="Reuters BIP Coding Group" action="confirmed" date="1997-08-14"/>
  </code>
</codes>
<codes class="bip:topics:1.0">
  <code code="M11">
    <editdetail attribution="Reuters BIP Coding Group" action="confirmed" date="1997-08-14"/>
  </code>
  <code code="MCAT">
    <editdetail attribution="Reuters BIP Coding Group" action="confirmed" date="1997-08-14"/>
  </code>
</codes>
<dc element="dc.date.created" value="1997-08-14"/>
<dc element="dc.publisher" value="Reuters Holdings Plc"/>
<dc element="dc.date.published" value="1997-08-14"/>
<dc element="dc.source" value="Reuters"/>
<dc element="dc.creator.location" value="HARARE"/>
<dc element="dc.creator.location.country.name" value="ZIMBABWE"/>
<dc element="dc.source" value="Reuters"/>
</metadata>
</newsitem>
