<?xml version="1.0" encoding="iso-8859-1" ?>
<newsitem itemid="798698" id="root" date="1997-08-14" xml:lang="en">
<title>POLAND: Merrill buys nearly 8 mln BIG shares.</title>
<headline>Merrill buys nearly 8 mln BIG shares.</headline>
<dateline>WARSAW 1997-08-14</dateline>
<text>
<p>Merrill Lynch International bought 7,999,995 million shares of Bank Inicjatyw Gospodarczych SA (BIG) from Bank Gdanski SA, Gdanski said in a statement on Thursday.</p>
<p>Gdanski must sell all of its BIG shares in order to merge with BIG.</p>
<p>The statement said that Gdanski would sell its remaining five BIG shares on the bourse on August 18.</p>
<p>-- Warsaw Newsroom +48 22 653 9700</p>
<p>Internet address warsaw.newsroom@reuters.com</p>
</text>
<copyright>(c) Reuters Limited 1997</copyright>
<metadata>
<codes class="bip:countries:1.0">
  <code code="POL">
    <editdetail attribution="Reuters BIP Coding Group" action="confirmed" date="1997-08-14"/>
  </code>
</codes>
<codes class="bip:industries:1.0">
  <code code="I81402">
    <editdetail attribution="Reuters BIP Coding Group" action="confirmed" date="1997-08-14"/>
  </code>
  <code code="I83100">
    <editdetail attribution="Reuters BIP Coding Group" action="confirmed" date="1997-08-14"/>
  </code>
</codes>
<codes class="bip:topics:1.0">
  <code code="C18">
    <editdetail attribution="Reuters BIP Coding Group" action="confirmed" date="1997-08-14"/>
  </code>
  <code code="C181">
    <editdetail attribution="Reuters BIP Coding Group" action="confirmed" date="1997-08-14"/>
  </code>
  <code code="CCAT">
    <editdetail attribution="Reuters BIP Coding Group" action="confirmed" date="1997-08-14"/>
  </code>
</codes>
<dc element="dc.date.created" value="1997-08-14"/>
<dc element="dc.publisher" value="Reuters Holdings Plc"/>
<dc element="dc.date.published" value="1997-08-14"/>
<dc element="dc.source" value="Reuters"/>
<dc element="dc.creator.location" value="WARSAW"/>
<dc element="dc.creator.location.country.name" value="POLAND"/>
<dc element="dc.source" value="Reuters"/>
</metadata>
</newsitem>
