<?xml version="1.0" encoding="iso-8859-1" ?>
<newsitem itemid="798680" id="root" date="1997-08-14" xml:lang="en">
<title>RUSSIA: August holidays slow Russia's air cargo market.</title>
<headline>August holidays slow Russia's air cargo market.</headline>
<byline>Viktor Anoshkin</byline>
<dateline>MOSCOW 1997-08-13</dateline>
<text>
<p>The peak holiday season made Russia's air cargo market less stable during last three weeks, compared with the previous three weeks, but rates had changed little, a Reuters survey showed.</p>
<p>Igor Mordvinov, senior sales manager of Burlington Air Express Moscow, said clients made fewer orders to carry cargo then usual for this time of year.</p>
<p>&quot;But we see that the market will be more active in the second part of August and it will grow more from September,&quot; he said.</p>
<p>Mordvinov said that rates had not changed during last three weeks, in spite of the market slackness, but Air France's cargo sales manager in Moscow Ouabed Khaled said that his company had increased its rates.</p>
<p>He gave no further details, but said last week Air France had increased export shipments from Sheremetyevo.</p>
<p>&quot;Clients in the market look for quality of service and do not mention the rates level,&quot; he said, adding that business &quot;is going very well&quot;.</p>
<p>An forwarder who asked not to be named said that Air France sent about 60 tonnes of cargo in July from Moscow compared with around 15-20 tonnes in previous months this year.</p>
<p>Ilya Maslennikov, senior cargo manager at the newly-established forwarding firm of MBB Trans, agent for Aeroflot, Delta Air Lines, Lufthansa and Russia's Transaero, said that the market was thin since the begining of August and may stabilise only next month.</p>
<p>He also said activity at Sheremetyevo airport was low due to high handling rates and &quot;unrealisable&quot; customs rules.</p>
<p>&quot;Many Sheremetyevo-based forwarders were obliged to cut operations there and went out of business,&quot; he said.</p>
<p>He said many clients preferred to send cargo from the United States to Finland by sea and then load the cargo on to trucks to deliver it to Moscow, avoiding Sheremetyevo airport customs.</p>
<p>Nikolai Belyaev, senior cargo manager at EMS Garant Post, cargo agent for Air France, said that his company saw a 30-40 percent fall in cargo volume during the last three weeks compared with the last few months.</p>
<p>&quot;It is normal for August when many clients often took a break,&quot; he said.</p>
<p>Belyaev said that shipments of periodicals were stable in August while others cargo's volumes fell.</p>
<p>Peter Vins, president of Vinlund company, said that export shipments were normal during the last three weeks.</p>
<p>&quot;We had a very small fall in cargo volumes this month,&quot; he said, but added that September may be more active compared with August. &quot;People will come back to work and new contracts come.&quot;</p>
<p>Vins said there were many shipments between U.S. destinations and Moscow in the last three weeks.</p>
<p>Burlington's Mordvinov said his company was ready to carry heavy machinery cargo from Central Russia to India. &quot;Destinations between the United States, Europe and Russia were less active then usual for us,&quot; he added.</p>
<p>Mordvinov also said that Burlington Air Express Moscow made a few sucsesfull sea shipment operations with heavy cargo from St Petersburg.</p>
<p>&quot;It is a promising business and we will develop it,&quot; he added.</p>
<p>Maslennikov said there had been varied cargo imports from South-East Asia to Russia during the last three weeks, including electronics, telecommunication equipment and clothes. - Moscow Newsroom, +7095 941 8520 - www.racs.com</p>
</text>
<copyright>(c) Reuters Limited 1997</copyright>
<metadata>
<codes class="bip:countries:1.0">
  <code code="RUSS">
    <editdetail attribution="Reuters BIP Coding Group" action="confirmed" date="1997-08-14"/>
  </code>
</codes>
<codes class="bip:industries:1.0">
  <code code="I75000">
    <editdetail attribution="Reuters BIP Coding Group" action="confirmed" date="1997-08-14"/>
  </code>
  <code code="I77002">
    <editdetail attribution="Reuters BIP Coding Group" action="confirmed" date="1997-08-14"/>
  </code>
</codes>
<codes class="bip:topics:1.0">
  <code code="C31">
    <editdetail attribution="Reuters BIP Coding Group" action="confirmed" date="1997-08-14"/>
  </code>
  <code code="CCAT">
    <editdetail attribution="Reuters BIP Coding Group" action="confirmed" date="1997-08-14"/>
  </code>
</codes>
<dc element="dc.date.created" value="1997-08-13"/>
<dc element="dc.publisher" value="Reuters Holdings Plc"/>
<dc element="dc.date.published" value="1997-08-14"/>
<dc element="dc.source" value="Reuters"/>
<dc element="dc.creator.location" value="MOSCOW"/>
<dc element="dc.creator.location.country.name" value="RUSSIA"/>
<dc element="dc.source" value="Reuters"/>
</metadata>
</newsitem>
