<?xml version="1.0" encoding="iso-8859-1" ?>
<newsitem itemid="798659" id="root" date="1997-08-14" xml:lang="en">
<title>SOUTH AFRICA: TOURVEST BUYS BATCH OF FIRMS FOR 19MLN RAND.</title>
<headline>TOURVEST BUYS BATCH OF FIRMS FOR 19MLN RAND.</headline>
<dateline>JOHANNESBURG 1997-08-14</dateline>
<text>
<p>Tourism Investment Corp Ltd (Tourvest) said on Thursday it had acquired a handful of firms for some 19 million rand.</p>
<p>The acquisitions formed part of its plan to create a jewellery group focussed on inbound tourism in Cape Town and also formed part of its strategy to identify and acquire strategic tourism assets, it said.</p>
<p>In line with its first objective, it said it had acquired a 60 percent interest in Centenary Jewellers with effect from July 1 and Sorelle Parenti Jewellers and Renee's Antique Jewellery with effect from August 25 and September 3 respectively.</p>
<p>Tourvest would combine and rationalise these businesses under the Pinns group in a single company in which it would hold a 60 percent interest.</p>
<p>The acquired firms currently have a total of six outlets in Cape Town.</p>
<p>As part of its strategy to acquire tourism assets, Tourvest said it had acquired 60 percent of jewellery manufacturer B. Haglund with effect from August 1 and the business of Namibian inbound tour service provider TransNamibia Tours.</p>
<p>The deals would be settled through the isue of some 7.7 million new Touvest shares at 150 cents each, while a further 4.3 million shares would be issued and a cash payment of 797,000 rand would be made subject to minimum profit warranties being met by the respective businesses.</p>
<p>Tourvest added that based on profits warranted by the businesses, the acquisitions would increase its forecast earnings per share to 6.1 cents in the year to June 1998 against a forecast 5.5 cents.</p>
<p>-- Johannesburg newsroom, +27 11 482-1003</p>
<p>E-mail, johannesburg.newsroom@reuters.com</p>
</text>
<copyright>(c) Reuters Limited 1997</copyright>
<metadata>
<codes class="bip:countries:1.0">
  <code code="SAFR">
    <editdetail attribution="Reuters BIP Coding Group" action="confirmed" date="1997-08-14"/>
  </code>
</codes>
<codes class="bip:industries:1.0">
  <code code="I33010">
    <editdetail attribution="Reuters BIP Coding Group" action="confirmed" date="1997-08-14"/>
  </code>
</codes>
<codes class="bip:topics:1.0">
  <code code="C18">
    <editdetail attribution="Reuters BIP Coding Group" action="confirmed" date="1997-08-14"/>
  </code>
  <code code="C181">
    <editdetail attribution="Reuters BIP Coding Group" action="confirmed" date="1997-08-14"/>
  </code>
  <code code="CCAT">
    <editdetail attribution="Reuters BIP Coding Group" action="confirmed" date="1997-08-14"/>
  </code>
</codes>
<dc element="dc.date.created" value="1997-08-14"/>
<dc element="dc.publisher" value="Reuters Holdings Plc"/>
<dc element="dc.date.published" value="1997-08-14"/>
<dc element="dc.source" value="Reuters"/>
<dc element="dc.creator.location" value="JOHANNESBURG"/>
<dc element="dc.creator.location.country.name" value="SOUTH AFRICA"/>
<dc element="dc.source" value="Reuters"/>
</metadata>
</newsitem>
