<?xml version="1.0" encoding="iso-8859-1" ?>
<newsitem itemid="798739" id="root" date="1997-08-14" xml:lang="en">
<title>CZECH REPUBLIC: Nomura to keep Czech IPB as retail bank-CTK.</title>
<headline>Nomura to keep Czech IPB as retail bank-CTK.</headline>
<dateline>PRAGUE 1997-08-14</dateline>
<text>
<p>Nomura International Plc has no intention of selling the retail banking division of Czech Investicni a Postovni Banka in which it soon will acquire a majority stake, the Czech CTK news agency quoted a senior Nomura official as saying.</p>
<p>&quot;Retail banking is an important and valuable part of IPB, and it would be nonsense to sell it,&quot; Randall Dillard, Nomura's managing director for central and eastern Europe, told CTK on Thursday.</p>
<p>Last month Nomura won a Czech government tender for the state's 36 percent stake in IPB, one of the four largest Czech banks, agreeing to pay 5.88 billion crowns ($173 million) and to raise basic capital by a further six billion crowns.</p>
<p>With a five percent share which Nomura already controls through the Czech-registered firm Nutshell, Nomura will have a majority stake in IPB when the equity sale and the basic capital increase have been completed.</p>
<p>Speculation has been ripe among analysts that Nomura was mainly interested in the investment side of IPB's business including the funds managed by the bank's unit PIAS.</p>
<p>Dillard rejected speculation Nomura would sell IPB's retail banking division to another foreign institution.</p>
<p>He said IPB would concentrate on strengthening profitable operations, including an expansion of financial products on the mass market, along with a further geographical expansion.</p>
<p>&quot;IPB will continuously strengthen its capital base and liquidity,&quot; Dillard said.</p>
<p>&quot;IPB will invest into new technology and expend the maximim effort on attaining the highest productivity as shown by a reduction of absolute costs,&quot; he added.</p>
<p>Neither Dillard nor other Nomura officials were immediately available for further comment.</p>
<p>-- Prague Newsroom +420-2-2423-0003</p>
<p>	   prague.newsroom@reuters.com</p>
<p>($ = 33.98 Czech Crowns)</p>
</text>
<copyright>(c) Reuters Limited 1997</copyright>
<metadata>
<codes class="bip:countries:1.0">
  <code code="CZREP">
    <editdetail attribution="Reuters BIP Coding Group" action="confirmed" date="1997-08-14"/>
  </code>
  <code code="JAP">
    <editdetail attribution="Reuters BIP Coding Group" action="confirmed" date="1997-08-14"/>
  </code>
</codes>
<codes class="bip:industries:1.0">
  <code code="I81402">
    <editdetail attribution="Reuters BIP Coding Group" action="confirmed" date="1997-08-14"/>
  </code>
  <code code="I83100">
    <editdetail attribution="Reuters BIP Coding Group" action="confirmed" date="1997-08-14"/>
  </code>
</codes>
<codes class="bip:topics:1.0">
  <code code="C18">
    <editdetail attribution="Reuters BIP Coding Group" action="confirmed" date="1997-08-14"/>
  </code>
  <code code="C181">
    <editdetail attribution="Reuters BIP Coding Group" action="confirmed" date="1997-08-14"/>
  </code>
  <code code="CCAT">
    <editdetail attribution="Reuters BIP Coding Group" action="confirmed" date="1997-08-14"/>
  </code>
</codes>
<dc element="dc.date.created" value="1997-08-14"/>
<dc element="dc.publisher" value="Reuters Holdings Plc"/>
<dc element="dc.date.published" value="1997-08-14"/>
<dc element="dc.source" value="Reuters"/>
<dc element="dc.creator.location" value="PRAGUE"/>
<dc element="dc.creator.location.country.name" value="CZECH REPUBLIC"/>
<dc element="dc.source" value="Reuters"/>
</metadata>
</newsitem>
