<?xml version="1.0" encoding="iso-8859-1" ?>
<newsitem itemid="798743" id="root" date="1997-08-14" xml:lang="en">
<title>BULGARIA: Bulgaria lev closes flat vs mark, eases on dollar.</title>
<headline>Bulgaria lev closes flat vs mark, eases on dollar.</headline>
<dateline>SOFIA 1997-08-14</dateline>
<text>
<p>The Bulgarian lev closed at 994-996 per mark, in a little wider spread from the opening's 994.50-996 as interbank market activity slowed down in the afternoon, dealers said.</p>
<p>* Spot dollar gained to 1,836-1,839 levs from the morning's 1,829-1,833, tracking a firmer dollar/mark on global markets.</p>
<p>* The lev was pegged at 1,000 per mark from July 1 under the currency board, a form of a restrictive fixed exchange rate mechanism introduced on July 1 to curb inflation and restore confidence in the lev.  </p>
<p>* Under the IMF-prescribed currency board the central bank pledged to buy and sell unlimited volumes of the anchor currency at 995 levs bid and 1,000 ask. -- Sofia Newsroom, (++359-2) 91188</p>
</text>
<copyright>(c) Reuters Limited 1997</copyright>
<metadata>
<codes class="bip:countries:1.0">
  <code code="BUL">
    <editdetail attribution="Reuters BIP Coding Group" action="confirmed" date="1997-08-14"/>
  </code>
</codes>
<codes class="bip:topics:1.0">
  <code code="M13">
    <editdetail attribution="Reuters BIP Coding Group" action="confirmed" date="1997-08-14"/>
  </code>
  <code code="M131">
    <editdetail attribution="Reuters BIP Coding Group" action="confirmed" date="1997-08-14"/>
  </code>
  <code code="M132">
    <editdetail attribution="Reuters BIP Coding Group" action="confirmed" date="1997-08-14"/>
  </code>
  <code code="MCAT">
    <editdetail attribution="Reuters BIP Coding Group" action="confirmed" date="1997-08-14"/>
  </code>
</codes>
<dc element="dc.date.created" value="1997-08-14"/>
<dc element="dc.publisher" value="Reuters Holdings Plc"/>
<dc element="dc.date.published" value="1997-08-14"/>
<dc element="dc.source" value="Reuters"/>
<dc element="dc.creator.location" value="SOFIA"/>
<dc element="dc.creator.location.country.name" value="BULGARIA"/>
<dc element="dc.source" value="Reuters"/>
</metadata>
</newsitem>
