<?xml version="1.0" encoding="iso-8859-1" ?>
<newsitem itemid="798798" id="root" date="1997-08-14" xml:lang="en">
<title>POLAND: NBP DRAINS PLN 414 MLN FROM POLISH MONEY MARKET.</title>
<headline>NBP DRAINS PLN 414 MLN FROM POLISH MONEY MARKET.</headline>
<dateline>WARSAW 1997-08-14</dateline>
<text>
<p>The National Bank of Poland drained 414 million zlotys from the market through a reverse NBP-bill repurchase auction after banks bid to place 428 million with the central bank, the NBP said.</p>
<p>The bank drained the market for 14 days at an unchanged maximum rate of 23.55 percent.</p>
<p>-- Warsaw Newsroom +48 2 653 9700</p>
</text>
<copyright>(c) Reuters Limited 1997</copyright>
<metadata>
<codes class="bip:countries:1.0">
  <code code="POL">
    <editdetail attribution="Reuters BIP Coding Group" action="confirmed" date="1997-08-14"/>
  </code>
</codes>
<codes class="bip:topics:1.0">
  <code code="M13">
    <editdetail attribution="Reuters BIP Coding Group" action="confirmed" date="1997-08-14"/>
  </code>
  <code code="M131">
    <editdetail attribution="Reuters BIP Coding Group" action="confirmed" date="1997-08-14"/>
  </code>
  <code code="MCAT">
    <editdetail attribution="Reuters BIP Coding Group" action="confirmed" date="1997-08-14"/>
  </code>
</codes>
<dc element="dc.date.created" value="1997-08-14"/>
<dc element="dc.publisher" value="Reuters Holdings Plc"/>
<dc element="dc.date.published" value="1997-08-14"/>
<dc element="dc.source" value="Reuters"/>
<dc element="dc.creator.location" value="WARSAW"/>
<dc element="dc.creator.location.country.name" value="POLAND"/>
<dc element="dc.source" value="Reuters"/>
</metadata>
</newsitem>
