<?xml version="1.0" encoding="iso-8859-1" ?>
<newsitem itemid="798772" id="root" date="1997-08-14" xml:lang="en">
<title>HUNGARY: Hungarian shares fall on MOL report.</title>
<headline>Hungarian shares fall on MOL report.</headline>
<dateline>BUDAPEST 1997-08-14</dateline>
<text>
<p>Hungarian shares continued to fall on Thursday as the earnings report of oil and gas company MOL increased uncertainty on the market after the Wall Street's losses on Thursday and the forint's rise against the dollar overnight, traders said.</p>
<p>The BUX index of the Budapest Stock Exchange closed at a preliminary 7,741.75 points, down 74.51 points.</p>
<p>Traders said market sentiment remained uncertain after the recent downward price corrections following sharp rises earlier in the year.</p>
<p>&quot;In a situation like this, negative news push the market further down,&quot; said Gyorgy Czipo of ING Barings.</p>
<p>MOL said in its earnings report published Thursday morning, that it posted a net income of 12.545 billion forints in the first half of the year.</p>
<p>This result was below the expectations of many market players by billions of forints, traders said.</p>
<p>&quot;This result was rather bad,&quot; said Robert Stalmayer of brokerage AB-Moneta, adding that MOL opened sharply down due to the news, than began to recover later in the session but closed down by 120 forints, at 4,400 forints.</p>
<p>Traders added that most other shares followed MOL.</p>
<p>They said the downtrend may continue in the next few days, especially if the Dow index does not recover and the forint remains relatively strong versus the dollar.</p>
<p>&quot;The Dow weighs much and if it continues to go down, we will probably go down, too,&quot; Stalmayer said, adding, however that the market remained optimistic for the longer term.</p>
<p>-- Sandor Peto, Budapest newsroom +36 1 327-4040</p>
</text>
<copyright>(c) Reuters Limited 1997</copyright>
<metadata>
<codes class="bip:countries:1.0">
  <code code="HUNG">
    <editdetail attribution="Reuters BIP Coding Group" action="confirmed" date="1997-08-14"/>
  </code>
</codes>
<codes class="bip:topics:1.0">
  <code code="M11">
    <editdetail attribution="Reuters BIP Coding Group" action="confirmed" date="1997-08-14"/>
  </code>
  <code code="MCAT">
    <editdetail attribution="Reuters BIP Coding Group" action="confirmed" date="1997-08-14"/>
  </code>
</codes>
<dc element="dc.date.created" value="1997-08-14"/>
<dc element="dc.publisher" value="Reuters Holdings Plc"/>
<dc element="dc.date.published" value="1997-08-14"/>
<dc element="dc.source" value="Reuters"/>
<dc element="dc.creator.location" value="BUDAPEST"/>
<dc element="dc.creator.location.country.name" value="HUNGARY"/>
<dc element="dc.source" value="Reuters"/>
</metadata>
</newsitem>
