<?xml version="1.0" encoding="iso-8859-1" ?>
<newsitem itemid="798704" id="root" date="1997-08-14" xml:lang="en">
<title>POLAND: KPW clears new issue of Sokolow.</title>
<headline>KPW clears new issue of Sokolow.</headline>
<dateline>WARSAW 1997-08-14</dateline>
<text>
<p>The Polish Securities Commission (KPW) has cleared for public trade the new issue of between 2.75 million to 5.5 million shares of food producer Sokolow, the KPW said in a statement on Thursday.</p>
<p> Tranches		  No Of Shares	   Subscription</p>
<p>			     Offered		  Period</p>
<p> Open			2,750,000		October 1-3</p>
<p> Closed		    2,750,000		October 1-3</p>
<p>No of existing shares: 27,500,000.</p>
<p>-- Warsaw Newsroom +48 22 653 9700</p>
</text>
<copyright>(c) Reuters Limited 1997</copyright>
<metadata>
<codes class="bip:countries:1.0">
  <code code="POL">
    <editdetail attribution="Reuters BIP Coding Group" action="confirmed" date="1997-08-14"/>
  </code>
</codes>
<codes class="bip:industries:1.0">
  <code code="I41200">
    <editdetail attribution="Reuters BIP Coding Group" action="confirmed" date="1997-08-14"/>
  </code>
</codes>
<codes class="bip:topics:1.0">
  <code code="C17">
    <editdetail attribution="Reuters BIP Coding Group" action="confirmed" date="1997-08-14"/>
  </code>
  <code code="C171">
    <editdetail attribution="Reuters BIP Coding Group" action="confirmed" date="1997-08-14"/>
  </code>
  <code code="CCAT">
    <editdetail attribution="Reuters BIP Coding Group" action="confirmed" date="1997-08-14"/>
  </code>
</codes>
<dc element="dc.date.created" value="1997-08-14"/>
<dc element="dc.publisher" value="Reuters Holdings Plc"/>
<dc element="dc.date.published" value="1997-08-14"/>
<dc element="dc.source" value="Reuters"/>
<dc element="dc.creator.location" value="WARSAW"/>
<dc element="dc.creator.location.country.name" value="POLAND"/>
<dc element="dc.source" value="Reuters"/>
</metadata>
</newsitem>
