<?xml version="1.0" encoding="iso-8859-1" ?>
<newsitem itemid="798762" id="root" date="1997-08-14" xml:lang="en">
<title>UKRAINE: Military L-39 crashes in Ukraine. two pilots dead.</title>
<headline>Military L-39 crashes in Ukraine. two pilots dead.</headline>
<dateline>KIEV 1997-08-14</dateline>
<text>
<p>A Ukrainian military L-39 jet has crashed during a test flight, killing two pilots, a Defence Ministry spokesman said on Thursday.</p>
<p>Andriy Lysenko told Reuters the Czech-made L-39 non-combat training plane crashed on Wednesday near the military airfield in the town of Uman, some 200 km (120 miles) south of the capital Kiev.</p>
<p>&quot;A special investigation committee has been set up and will determine what caused the crash,&quot; said Lysenko, describing the two pilots as &quot;extremely experienced&quot;.</p>
<p>Last year a military MiG-29 fighter went missing over the Black Sea, and efforts to find wreckage or the pilot were unsuccesful.</p>
</text>
<copyright>(c) Reuters Limited 1997</copyright>
<metadata>
<codes class="bip:countries:1.0">
  <code code="UKRN">
    <editdetail attribution="Reuters BIP Coding Group" action="confirmed" date="1997-08-14"/>
  </code>
</codes>
<codes class="bip:topics:1.0">
  <code code="GCAT">
    <editdetail attribution="Reuters BIP Coding Group" action="confirmed" date="1997-08-14"/>
  </code>
  <code code="GDEF">
    <editdetail attribution="Reuters BIP Coding Group" action="confirmed" date="1997-08-14"/>
  </code>
  <code code="GDIS">
    <editdetail attribution="Reuters BIP Coding Group" action="confirmed" date="1997-08-14"/>
  </code>
</codes>
<dc element="dc.date.created" value="1997-08-14"/>
<dc element="dc.publisher" value="Reuters Holdings Plc"/>
<dc element="dc.date.published" value="1997-08-14"/>
<dc element="dc.source" value="Reuters"/>
<dc element="dc.creator.location" value="KIEV"/>
<dc element="dc.creator.location.country.name" value="UKRAINE"/>
<dc element="dc.source" value="Reuters"/>
</metadata>
</newsitem>
