<?xml version="1.0" encoding="iso-8859-1" ?>
<newsitem itemid="798771" id="root" date="1997-08-14" xml:lang="en">
<title>YUGOSLAVIA: Kosovo Albanians want to join Yugo bank system.</title>
<headline>Kosovo Albanians want to join Yugo bank system.</headline>
<dateline>BELGRADE 1997-08-14</dateline>
<text>
<p>A group of ethnic Albanian bankers have proposed Serbia revitalise Kosovska Banka which has been under receivership since December 1990, the daily Danas reported on Thursday.</p>
<p>Revitalisation of Kosovska could also clear the path to resolving some other problems in Serbia's mostly-Albanian southern province of Kosovo, the paper said.</p>
<p>Albanians wanted a revitalised Kosovska to join the Yugoslav banking system in which the region accounted for only two percent of total bank deposits and two percent of total dinar loans, Danas said.</p>
<p>&quot;Revitalisation of the bank would be a part of wider democratisation, privatisation and liberalisation of Serbia's economy and Kosovska should become an important, independent financial institution for the Kosovo economy,&quot; Danas quoted ex-head of Kosovska, Ilijaz Ilijazi, as saying.</p>
<p>&quot;Political leadership will realise that revitalisation of Kosovska can bring only positive economic effects and indirectly positive political effects for the entire situation in Kosovo,&quot; Ilijazi said.</p>
<p>Banks operating in Kosovo, affiliates of banks based outside the province and without licences for international payment and credit operations, have been blamed for moving capital from the region.</p>
<p>Ethnic Albanian bankers saw a revitalised Kosovska as a way to attract expatriate capital, pensions, and savings.</p>
<p>A financially strengthened Kosovska would also help revamp Kosovo's ailing and backward economy, Ilijazi said.</p>
<p>Ilijazi insisted the region needed to establish an adequate financial infrastructure, including a bourse, brokerages and other financial institutions to make the system compatible with that of Yugoslavia and the outside world.</p>
<p>-- Gordana Filipovic, Belgrade newsroom, +381 11 311 4254</p>
</text>
<copyright>(c) Reuters Limited 1997</copyright>
<metadata>
<codes class="bip:countries:1.0">
  <code code="ALB">
    <editdetail attribution="Reuters BIP Coding Group" action="confirmed" date="1997-08-14"/>
  </code>
  <code code="YUG">
    <editdetail attribution="Reuters BIP Coding Group" action="confirmed" date="1997-08-14"/>
  </code>
</codes>
<codes class="bip:industries:1.0">
  <code code="I81402">
    <editdetail attribution="Reuters BIP Coding Group" action="confirmed" date="1997-08-14"/>
  </code>
</codes>
<codes class="bip:topics:1.0">
  <code code="C13">
    <editdetail attribution="Reuters BIP Coding Group" action="confirmed" date="1997-08-14"/>
  </code>
  <code code="CCAT">
    <editdetail attribution="Reuters BIP Coding Group" action="confirmed" date="1997-08-14"/>
  </code>
</codes>
<dc element="dc.date.created" value="1997-08-14"/>
<dc element="dc.publisher" value="Reuters Holdings Plc"/>
<dc element="dc.date.published" value="1997-08-14"/>
<dc element="dc.source" value="Reuters"/>
<dc element="dc.creator.location" value="BELGRADE"/>
<dc element="dc.creator.location.country.name" value="YUGOSLAVIA"/>
<dc element="dc.source" value="Reuters"/>
</metadata>
</newsitem>
