<?xml version="1.0" encoding="iso-8859-1" ?>
<newsitem itemid="798751" id="root" date="1997-08-14" xml:lang="en">
<title>YUGOSLAVIA: Yugo jewelry maker urges crackdown on smugglers.</title>
<headline>Yugo jewelry maker urges crackdown on smugglers.</headline>
<dateline>BELGRADE 1997-08-14</dateline>
<text>
<p>Yugoslavia's biggest gold jewelry maker Zlatara Majdanpek has called for a halt to gold jewelry smuggling which short-changes state coffers and stifles local production, Belgrade daily Politika said on Thursday.</p>
<p>&quot;We urge you to halt the smuggling of gold jewelry which has taken frightening proportions,&quot; Zlatara's general manager Filip Vukovic was quoted as saying in a letter to the government.</p>
<p>Vukovic said all domestic producers were suffering greatly from the smuggling, which was costing the country 80 million German marks ($43.7 million) a year in unpaid taxes.</p>
<p>Zlatara called on the government to enforce strict measures to protect domestic jewelry producers from smuggling.</p>
<p>The gold jewelry producers group in the Yugoslav Chamber of Commerce, which has some 20 percent of the country's 2,500 registered jewellers, joined Zlatara in calls for stricter state measures.</p>
<p>The smugglers sell a gram of gold jewelry for 20 German marks even though calculations show that legally, it cannot be sold below 36 marks, Vukovic said.</p>
<p>&quot;This means they have avoided paying taxes and are now competing with those who have,&quot; Vukovic said.</p>
<p>Domestic gold makers also called for further reduction of state duties to make domestic prices more competitive.</p>
<p>Taxes on domestic jewelry were cut from 80 to 36 percent at the beginning of 1997 but Majdanpek says duties are still high compared to other countries.</p>
<p>Majdanpek sources said the quantity of jewelry brought into the country is five times the Majdanpek production, but gave no production figures.</p>
<p>The jewelry, smuggled mainly from Hungary, Macedonia, Italy and Turkey, enters Yugoslavia via Montenegro, Kosovo and Bosnian Serb republic, the paper said. -- Beti Bilandzic, Belgrade newsroom 381 11 381 43 05 ($ = 1.831 German Marks)</p>
</text>
<copyright>(c) Reuters Limited 1997</copyright>
<metadata>
<codes class="bip:countries:1.0">
  <code code="YUG">
    <editdetail attribution="Reuters BIP Coding Group" action="confirmed" date="1997-08-14"/>
  </code>
</codes>
<codes class="bip:industries:1.0">
  <code code="I49100">
    <editdetail attribution="Reuters BIP Coding Group" action="confirmed" date="1997-08-14"/>
  </code>
</codes>
<codes class="bip:topics:1.0">
  <code code="C12">
    <editdetail attribution="Reuters BIP Coding Group" action="confirmed" date="1997-08-14"/>
  </code>
  <code code="C31">
    <editdetail attribution="Reuters BIP Coding Group" action="confirmed" date="1997-08-14"/>
  </code>
  <code code="CCAT">
    <editdetail attribution="Reuters BIP Coding Group" action="confirmed" date="1997-08-14"/>
  </code>
  <code code="GCAT">
    <editdetail attribution="Reuters BIP Coding Group" action="confirmed" date="1997-08-14"/>
  </code>
  <code code="GCRIM">
    <editdetail attribution="Reuters BIP Coding Group" action="confirmed" date="1997-08-14"/>
  </code>
</codes>
<dc element="dc.date.created" value="1997-08-14"/>
<dc element="dc.publisher" value="Reuters Holdings Plc"/>
<dc element="dc.date.published" value="1997-08-14"/>
<dc element="dc.source" value="Reuters"/>
<dc element="dc.creator.location" value="BELGRADE"/>
<dc element="dc.creator.location.country.name" value="YUGOSLAVIA"/>
<dc element="dc.source" value="Reuters"/>
</metadata>
</newsitem>
