<?xml version="1.0" encoding="iso-8859-1" ?>
<newsitem itemid="798715" id="root" date="1997-08-14" xml:lang="en">
<title>UKRAINE: Ukraine to cut gas consumption, revamp system.</title>
<headline>Ukraine to cut gas consumption, revamp system.</headline>
<byline>Rostislav Khotin</byline>
<dateline>KIEV 1997-08-14</dateline>
<text>
<p>Ukraine, the biggest consumer of Russian gas, plans to reduce gas consumption and modernise its private distribution system, leading industry officials said on Thursday.</p>
<p>Mykhailo Kovalko, head of the State Oil and Gas Committee, told Ukrainian radio on Thursday that Ukraine's goal was to cut Russian gas imports by 20 percent over an unspecified period.</p>
<p>&quot;Ukraine aims to reach gas consumption of 76 billion cubic metres (bcm) in 1998,&quot; Kovalko said. &quot;There is already a clear tendency in reducing gas consumption in Ukraine.&quot;</p>
<p>Prime Minister Valery Pustovoitenko told a news conference on Wednesday that plans called for 75 bcm next year compared to 80 bcm in 1996.</p>
<p>Ukraine is due to import 53 bcm of Russian gas this year, of which about 32 bcm would be in the form of payments from Russian gas monopoly Gazprom for transit of some 125 bcm of Russian gas to Europe via Ukrainian territory.</p>
<p>Kiev also is due to get up to 20 bcm of gas from the central Asian states of Turkmenistan and Uzbekistan.</p>
<p>Pustovoitenko said the government planned to keep stable domestic gas output at 18 bcm, despite fears by energy officials that Ukraine lacked funds to develop its deposits.</p>
<p>A government group, chaired by deputy prime ministers Anatoly Holubchenko and Serhiy Tyhypko, has been working since last month on a new, more competetive gas distribution scheme which in 1995 was handed to several private gas traders.</p>
<p>Pustovoitenko said there would be tenders for rights to distribute gas and traders would be obliged to pay for licenses, from which Ukraine hopes to raise $1 billion in fees.</p>
<p>Pustovoitenko, who last month replaced Pavlo Lazarenko -- creator and advocate of the gas scheme -- accused gas traders of pocketing profits and converting foreign into domestic debt.</p>
<p>&quot;The gas complex worked badly and gave a chance for some people to make money,&quot; Pustovoitenko said.</p>
<p>&quot;I cannot understand those people who fly (their own) planes while Ukrainian people have not been paid for eight months,&quot; he added, referring to Ukraine's debt of 6.7 billion hryvnias ($3.6 billion) for wages, pensions and student grants.</p>
<p>Pustovoitenko said the government did not want to &quot;push out some traders from the market&quot; but wanted to establish order.</p>
<p>The former president of country's biggest gas trader United Energy Systems of Ukraine (UES), parliamentary deputy Yulia Tymoshenko, last week accused the government and presidential administration of destabilising Ukraine's gas market.</p>
<p>&quot;The official gas policy is on the brink of being criminal,&quot; Tymoshenko told Moscow's Nezavisimaya Gazeta last week, adding that Ukraine's problem was many budget-funded, state-owned enterprises not paying their gas bills.</p>
<p>Last month Kuchma and Gazprom's chief Rem Vyakhirev agreed the private distribution scheme would remain for at least 1998 despite some defects.</p>
<p>&quot;Gas traders were not guilty for sometimes overstepping legal boundaries. They simply used the situation to their advantage,&quot; Kuchma's representative to parliament Ivan Bezsmertny said on Thursday. &quot;But the energy market cannot exist without some rules of the game.&quot;</p>
</text>
<copyright>(c) Reuters Limited 1997</copyright>
<metadata>
<codes class="bip:countries:1.0">
  <code code="RUSS">
    <editdetail attribution="Reuters BIP Coding Group" action="confirmed" date="1997-08-14"/>
  </code>
  <code code="UKRN">
    <editdetail attribution="Reuters BIP Coding Group" action="confirmed" date="1997-08-14"/>
  </code>
</codes>
<codes class="bip:industries:1.0">
  <code code="I13000">
    <editdetail attribution="Reuters BIP Coding Group" action="confirmed" date="1997-08-14"/>
  </code>
  <code code="I1300014">
    <editdetail attribution="Reuters BIP Coding Group" action="confirmed" date="1997-08-14"/>
  </code>
  <code code="I16200">
    <editdetail attribution="Reuters BIP Coding Group" action="confirmed" date="1997-08-14"/>
  </code>
</codes>
<codes class="bip:topics:1.0">
  <code code="C31">
    <editdetail attribution="Reuters BIP Coding Group" action="confirmed" date="1997-08-14"/>
  </code>
  <code code="C311">
    <editdetail attribution="Reuters BIP Coding Group" action="confirmed" date="1997-08-14"/>
  </code>
  <code code="CCAT">
    <editdetail attribution="Reuters BIP Coding Group" action="confirmed" date="1997-08-14"/>
  </code>
</codes>
<dc element="dc.date.created" value="1997-08-14"/>
<dc element="dc.publisher" value="Reuters Holdings Plc"/>
<dc element="dc.date.published" value="1997-08-14"/>
<dc element="dc.source" value="Reuters"/>
<dc element="dc.creator.location" value="KIEV"/>
<dc element="dc.creator.location.country.name" value="UKRAINE"/>
<dc element="dc.source" value="Reuters"/>
</metadata>
</newsitem>
