<?xml version="1.0" encoding="iso-8859-1" ?>
<newsitem itemid="798823" id="root" date="1997-08-14" xml:lang="en">
<title>CZECH REPUBLIC: CZECH CBANK 2-WEEK REV REPO AVERAGE YIELD 14.5 PCT.</title>
<headline>CZECH CBANK 2-WEEK REV REPO AVERAGE YIELD 14.5 PCT.</headline>
<dateline>PRAGUE 1997-08-14</dateline>
<text>
<p>The Czech National Bank (CNB) said on Wednesday the average, maximum and minimum yields in a two-week reverse repo operation to drain liquidity was 14.5 percent versus an average yield of 14.49 percent in a similar operation on Wednesday.</p>
<p>The CNB said 66 percent of bids were accepted at 14.5 percent.</p>
<p>-- Robin Shepherd +420-2-2423-0003</p>
<p>	  prague.newsroom@reuters.com</p>
</text>
<copyright>(c) Reuters Limited 1997</copyright>
<metadata>
<codes class="bip:countries:1.0">
  <code code="CZREP">
    <editdetail attribution="Reuters BIP Coding Group" action="confirmed" date="1997-08-14"/>
  </code>
</codes>
<codes class="bip:topics:1.0">
  <code code="M13">
    <editdetail attribution="Reuters BIP Coding Group" action="confirmed" date="1997-08-14"/>
  </code>
  <code code="M131">
    <editdetail attribution="Reuters BIP Coding Group" action="confirmed" date="1997-08-14"/>
  </code>
  <code code="MCAT">
    <editdetail attribution="Reuters BIP Coding Group" action="confirmed" date="1997-08-14"/>
  </code>
</codes>
<dc element="dc.date.created" value="1997-08-14"/>
<dc element="dc.publisher" value="Reuters Holdings Plc"/>
<dc element="dc.date.published" value="1997-08-14"/>
<dc element="dc.source" value="Reuters"/>
<dc element="dc.creator.location" value="PRAGUE"/>
<dc element="dc.creator.location.country.name" value="CZECH REPUBLIC"/>
<dc element="dc.source" value="Reuters"/>
</metadata>
</newsitem>
