<?xml version="1.0" encoding="iso-8859-1" ?>
<newsitem itemid="798814" id="root" date="1997-08-14" xml:lang="en">
<title>HUNGARY: COFINEC H1 MARGINS DOWN YEAR-ON-YEAR.</title>
<headline>COFINEC H1 MARGINS DOWN YEAR-ON-YEAR.</headline>
<dateline>BUDAPEST 1997-08-14</dateline>
<text>
<p>French-registered and Budapest-listed packaging materials company Cofinec S.A. reported a rise in consolidated first half pre-tax profits on Thursday but said operating margins fell year-on-year.</p>
<p>The operating profit margin slipped to 6.0 percent in the first half of 1997 compared with 6.6 percent in the same period a year ago, but was a &quot;significant improvement&quot; over the January-December 1996 margin of 1.3 percent, the company said in a statement.</p>
<p>Cofinec said pre-tax profits rose to 10.5 million French francs ($1.7 million) from 6.1 million in the same period of 1996, supported by net income from non-recurring items and lower net interest expenses. Operating profit, however, fell to 21.4 million French francs in the first six months of the year from 22.3 million.</p>
<p>Net sales grew to 355.4 million from 336.5 million with exports accounting for 11.1 percent or 39.3 million of the total, up from 33.9 million in the first half of 1996.</p>
<p>Cofinec, which operates in Hungary, the Czech Republic and Poland, said around 93 percent of export sales were contributed by its two Hungarian units, Petofi and Kner. Its Czech Krpaco unit accounted for the remaining seven percent.</p>
<p>In July, Cofinec merged the two Hungarian companies under the new banner of Confinec Hungary Rt.</p>
<p>Cofinec added that Krpaco experienced a decrease in order volumes in the first half of 1997 due to a &quot;less favourable&quot;, Czech business environment.</p>
<p>Meanwhile, Cofinec Polska continued to show dramatic improvement in production efficiency during this period, although growth lagged behind plans, the company said.</p>
<p>&quot;Sales and new customer business are increasing steadily, although not as quickly as expected,&quot; it said.</p>
<p>-- Emese Bartha, Budapest newsroom +36 1 327 4040 ($ = 6.179 French Francs)</p>
</text>
<copyright>(c) Reuters Limited 1997</copyright>
<metadata>
<codes class="bip:countries:1.0">
  <code code="FRA">
    <editdetail attribution="Reuters BIP Coding Group" action="confirmed" date="1997-08-14"/>
  </code>
  <code code="HUNG">
    <editdetail attribution="Reuters BIP Coding Group" action="confirmed" date="1997-08-14"/>
  </code>
</codes>
<codes class="bip:industries:1.0">
  <code code="I47200">
    <editdetail attribution="Reuters BIP Coding Group" action="confirmed" date="1997-08-14"/>
  </code>
</codes>
<codes class="bip:topics:1.0">
  <code code="C15">
    <editdetail attribution="Reuters BIP Coding Group" action="confirmed" date="1997-08-14"/>
  </code>
  <code code="C151">
    <editdetail attribution="Reuters BIP Coding Group" action="confirmed" date="1997-08-14"/>
  </code>
  <code code="CCAT">
    <editdetail attribution="Reuters BIP Coding Group" action="confirmed" date="1997-08-14"/>
  </code>
</codes>
<dc element="dc.date.created" value="1997-08-14"/>
<dc element="dc.publisher" value="Reuters Holdings Plc"/>
<dc element="dc.date.published" value="1997-08-14"/>
<dc element="dc.source" value="Reuters"/>
<dc element="dc.creator.location" value="BUDAPEST"/>
<dc element="dc.creator.location.country.name" value="HUNGARY"/>
<dc element="dc.source" value="Reuters"/>
</metadata>
</newsitem>
