<?xml version="1.0" encoding="iso-8859-1" ?>
<newsitem itemid="541777" id="root" date="1997-04-27" xml:lang="en">
<title>ITALY: MOTOR RACING-FRENTZEN EMERGES FROM SCHUMACHER'S SHADOW.</title>
<headline>MOTOR RACING-FRENTZEN EMERGES FROM SCHUMACHER'S SHADOW.</headline>
<byline>Timothy Collings</byline>
<dateline>IMOLA, Italy 1997-04-27</dateline>
<text>
<p>San Marino Grand Prix winner Heinz-Harald Frentzen admitted he felt a little lost for words, but his smile said it all.</p>
<p>His victory was the sweetest day of his motor racing career, his maiden Formula One triumph and a perfect reply to the critics and rivals who doubted his credentials as a front-line driver.</p>
<p>&quot;It is fantastic. A wonderful feeling,&quot; he said.</p>
<p>Frentzen did not say so, but it may have been extra satisfying for him to finish 1.2 seconds clear of his oldest rival and fellow German -- double world champion Michael Schumacher.</p>
<p>The pair grew up together, were rivals in karting and junior formulae in Germany and team mates in the junior Mercedes-Benz team. Frentzen's former girlfriend became Schumacher's wife.</p>
<p>But he did not talk about any of this. In his hour of greatest triumph, his first victory for Williams, Frentzen was modesty personified.</p>
<p>&quot;I feel speechless,&quot; he said. &quot;This is such a fantastic feeling. This is a hard track on the brakes and I was concerned about them after my experience in Melbourne (where a brake fault caused him to spin off).</p>
<p>&quot;I didn't really push towards the end but tried to maintain a rhythm as I could see Michael coming up behind me in my mirrors. I wanted to hold him off and I was worried about rain.</p>
<p>&quot;But that is not when I won the race. I won it when I saw Michael going into the pits and Jacques (Villeneuve) going in before me as well.</p>
<p>&quot;I knew that was my moment to push, so I pushed to do the two quick laps which would gain me the time I wanted before I went in myself. I was concerned about the traffic, but it was just all right.</p>
<p>&quot;The pit stop was quick. So, when I came out of the pits and saw 'P1' on my board the next time around, I could hardly believe it. I was so happy and so surprised as well to be in the lead.&quot;</p>
<p>As Frentzen talked, Schumacher added a few asides and jokes which added to the convivial atmosphere of the post-race news conference.</p>
<p>&quot;Why?&quot; said Schumacher, when Frentzen talked of keeping his rhythm and his concentration.</p>
<p>&quot;Because now it is my time, my turn,&quot; said Frentzen, knowing that for once, and at last, he was the top dog, out of Schumacher's shadow and a winner.</p>
<p>Even in Italy, where Schumacher is admired as a great Ferrari driver, this was a popular victory by Frentzen. And one he fully deserved.</p>
</text>
<copyright>(c) Reuters Limited 1997</copyright>
<metadata>
<codes class="bip:countries:1.0">
  <code code="GFR">
    <editdetail attribution="Reuters BIP Coding Group" action="confirmed" date="1997-04-27"/>
  </code>
  <code code="ITALY">
    <editdetail attribution="Reuters BIP Coding Group" action="confirmed" date="1997-04-27"/>
  </code>
  <code code="SMARNO">
    <editdetail attribution="Reuters BIP Coding Group" action="confirmed" date="1997-04-27"/>
  </code>
</codes>
<codes class="bip:topics:1.0">
  <code code="GCAT">
    <editdetail attribution="Reuters BIP Coding Group" action="confirmed" date="1997-04-27"/>
  </code>
  <code code="GSPO">
    <editdetail attribution="Reuters BIP Coding Group" action="confirmed" date="1997-04-27"/>
  </code>
</codes>
<dc element="dc.date.created" value="1997-04-27"/>
<dc element="dc.publisher" value="Reuters Holdings Plc"/>
<dc element="dc.date.published" value="1997-04-27"/>
<dc element="dc.source" value="Reuters"/>
<dc element="dc.creator.location" value="IMOLA, Italy"/>
<dc element="dc.creator.location.country.name" value="ITALY"/>
<dc element="dc.source" value="Reuters"/>
</metadata>
</newsitem>
