<?xml version="1.0" encoding="iso-8859-1" ?>
<newsitem itemid="541869" id="root" date="1997-04-27" xml:lang="en">
<title>SRI LANKA: CRICKET-PAKISTAN TIED DOWN BY SRI LANKAN BOWLERS.</title>
<headline>CRICKET-PAKISTAN TIED DOWN BY SRI LANKAN BOWLERS.</headline>
<dateline>COLOMBO 1997-04-27</dateline>
<text>
<p>Pakistan, tied down by some accurate bowling by Sri Lanka, added only 33 runs in the post-tea session before play was called off due to poor light on the second day of the second and final test on Sunday.</p>
<p>Inzamam-ul Haq and Asif Mujtaba kept their wickets but the score moved slowly before play was halted with Pakistan on 146 for 4 in reply to Sri Lanka's first-innings total of 331.</p>
<p>Inzamam, usually known for his flamboyant batting, crawled to an unbeaten 43 in 167 minutes while Mujtaba battled through 138 minutes for his 32.</p>
<p>The two came together when Pakistan were 83 for 4 and they had added 63 runs for the fifth wicket at close of play.</p>
<p>Neither batsman was able to get over the accurate bowling of Sri Lankan spin duo Ruwan Kalpage and Russell Arnold, who were well supported by Chaminda Vaas.</p>
<p>Kalpage, who replaced the injured Muthiah Muralitharan, reeled off 16 overs, giving away only 19 runs. Arnold's five overs cost just two runs.</p>
<p>Pakistan found themselves struggling early as Vaas and Sajeeva de Silva took two wickets each.</p>
<p>Vaas claimed Salim Elahi and Ijaz Ahmed to send Pakistan reeling at 13 for 2. De Silva chipped in with the prize wickets of captain Rameez Raja and Salim Malik to put the visitors on the defensive.</p>
<p>Earlier Aravinda de Silva, who on Saturday held Sri Lanka together with a stylish century, continued where he had left off when Sri Lanka resumed at their overnight 271 for 7.</p>
<p>He was left unbeaten on 138 and his 208-ball innings contained 15 boundaries. He and Vaas (17) added 76 runs for the eighth wicket, a record for Sri Lanka.</p>
<p>For Pakistan, Saqlain Mushtaq was the pick of the bowlers after he claimed four Sri Lankan wickets for 115 runs, taking his series tally to 13 wickets.</p>
</text>
<copyright>(c) Reuters Limited 1997</copyright>
<metadata>
<codes class="bip:countries:1.0">
  <code code="PAKIS">
    <editdetail attribution="Reuters BIP Coding Group" action="confirmed" date="1997-04-27"/>
  </code>
  <code code="SRILAN">
    <editdetail attribution="Reuters BIP Coding Group" action="confirmed" date="1997-04-27"/>
  </code>
</codes>
<codes class="bip:topics:1.0">
  <code code="GCAT">
    <editdetail attribution="Reuters BIP Coding Group" action="confirmed" date="1997-04-27"/>
  </code>
  <code code="GSPO">
    <editdetail attribution="Reuters BIP Coding Group" action="confirmed" date="1997-04-27"/>
  </code>
</codes>
<dc element="dc.date.created" value="1997-04-27"/>
<dc element="dc.publisher" value="Reuters Holdings Plc"/>
<dc element="dc.date.published" value="1997-04-27"/>
<dc element="dc.source" value="Reuters"/>
<dc element="dc.creator.location" value="COLOMBO"/>
<dc element="dc.creator.location.country.name" value="SRI LANKA"/>
<dc element="dc.source" value="Reuters"/>
</metadata>
</newsitem>
