<?xml version="1.0" encoding="iso-8859-1" ?>
<newsitem itemid="541883" id="root" date="1997-04-27" xml:lang="en">
<title>UK: CWS sacks executives, mounts action on predator.</title>
<headline>CWS sacks executives, mounts action on predator.</headline>
<dateline>LONDON 1997-04-27</dateline>
<text>
<p>Britain's mutually-owned Co-operative Wholesale Society (CWS) has sacked two senior executives with links with entreprenur Andrew Regan whose 1.2 billion pound ($1.9 billion) hostile bid for CWS collapsed last week, newspapers said on Monday.</p>
<p>The Financial Times newspaper said CWS dismissed manager Alan Green, controller of CWS retailing business and chief general manager for buying, markets and supply chain David Chambers during the weekend after accusing them of plotting with Regan to launch the hostile bid.</p>
<p>Both executives were suspended on April 18 for serious breach of trust.</p>
<p>Green had admitted in a High Court affidavit last week that he had passed confidential information to Regan and his specially-formed bidding vehicle Galileo.</p>
<p>The Independent newspaper said CWS had also written to the London Stock Exchange seeking an immediate enquiry into the possibility of insider trading in the shares of Regan's listed company Lanica Trust.</p>
<p>Lanica's shares were suspended in February after they soared to 1,950 pence from under 200p per share last autumn, despite its comments that it was unaware of any reasons behind the rise.</p>
<p>The paper said CWS also intensified its attack on the failed predator by writing to UK's Department of Trade and Industry and the Bank of England to look into the matter.</p>
<p>Earlier, on Friday, the Manchester-based supermarkets to funeral parlours group reiterated that it was not for sale and would continue to provide service to ordinary Britons.</p>
<p>&quot;The CWS is not for sale to Mr Regan or to anyone else. The CWS has a strong future serving everyday needs of ordinary people,&quot; CWS chief executive Graham Melmoth said on Friday.</p>
<p>CWS has already initiated a private prosecution against Regan and his business associate David Lyons as well as action accusing Green of theft. A preliminary hearing is due to take place in the City of London magistrates court on May 28.</p>
<p>($ = 0.616 British Pounds)</p>
<p>--Arindam Nag, London Newsroom +44 171 542 4366</p>
</text>
<copyright>(c) Reuters Limited 1997</copyright>
<metadata>
<codes class="bip:countries:1.0">
  <code code="UK">
    <editdetail attribution="Reuters BIP Coding Group" action="confirmed" date="1997-04-27"/>
  </code>
</codes>
<codes class="bip:industries:1.0">
  <code code="I64100">
    <editdetail attribution="Reuters BIP Coding Group" action="confirmed" date="1997-04-27"/>
  </code>
  <code code="I81502">
    <editdetail attribution="Reuters BIP Coding Group" action="confirmed" date="1997-04-27"/>
  </code>
</codes>
<codes class="bip:topics:1.0">
  <code code="C12">
    <editdetail attribution="Reuters BIP Coding Group" action="confirmed" date="1997-04-27"/>
  </code>
  <code code="C18">
    <editdetail attribution="Reuters BIP Coding Group" action="confirmed" date="1997-04-27"/>
  </code>
  <code code="C181">
    <editdetail attribution="Reuters BIP Coding Group" action="confirmed" date="1997-04-27"/>
  </code>
  <code code="C41">
    <editdetail attribution="Reuters BIP Coding Group" action="confirmed" date="1997-04-27"/>
  </code>
  <code code="C411">
    <editdetail attribution="Reuters BIP Coding Group" action="confirmed" date="1997-04-27"/>
  </code>
  <code code="CCAT">
    <editdetail attribution="Reuters BIP Coding Group" action="confirmed" date="1997-04-27"/>
  </code>
  <code code="GCAT">
    <editdetail attribution="Reuters BIP Coding Group" action="confirmed" date="1997-04-27"/>
  </code>
  <code code="GCRIM">
    <editdetail attribution="Reuters BIP Coding Group" action="confirmed" date="1997-04-27"/>
  </code>
</codes>
<dc element="dc.date.created" value="1997-04-27"/>
<dc element="dc.publisher" value="Reuters Holdings Plc"/>
<dc element="dc.date.published" value="1997-04-27"/>
<dc element="dc.source" value="Reuters"/>
<dc element="dc.creator.location" value="LONDON"/>
<dc element="dc.creator.location.country.name" value="UK"/>
<dc element="dc.source" value="Reuters"/>
</metadata>
</newsitem>
