<?xml version="1.0" encoding="iso-8859-1" ?>
<newsitem itemid="541874" id="root" date="1997-04-27" xml:lang="en">
<title>SRI LANKA: SRI LANKA V PAKISTAN SECOND TEST SCOREBOARD.</title>
<headline>SRI LANKA V PAKISTAN SECOND TEST SCOREBOARD.</headline>
<dateline>COLOMBO 1997-04-27</dateline>
<text>
<p>Scoreboard at the end of Sri</p>
<p>Lanka's first innings on the second day of the second and final</p>
<p>test match against Pakistan in Colombo on Sunday.</p>
<p>Sri Lanka 1st innings</p>
<p> S. Jayasuriya c Mushtaq Saqlain	   72</p>
<p> R. Arnold run out			     37</p>
<p> M. Atapattu c Elahi b Mushtaq	     14</p>
<p> A. de Silva not out			  138</p>
<p> A. Ranatunga c Elahi b Saqlain	     4</p>
<p> H. Tillekeratne b Zahid		     10</p>
<p> R. Kaluwitharana b Mujtaba		  22</p>
<p> R. Kalpage c Elahi b Saqlain		 5</p>
<p> C. Vaas c Elahi b Saqlain		   17</p>
<p> S. de Silva st Moin b Mustaq		 0</p>
<p> J. Silva run out				 0</p>
<p> Extras (b-6, lb-3, nb-3)		    12</p>
<p> Total (all out in 112 overs)		331</p>
<p>Fall of wickets: 1-95, 2-124, 3-124, 4-129, 5-144, 6-204,</p>
<p>7-224, 8-300, 9-321, 10-331</p>
<p>Bowling: Zahid 12-1-44-1 (1nb); Nazir 8-1-50-0; Mushtaq</p>
<p>32-6-90-2 (2nb); Saqlain 45-12-115-4, Mujtaba 15-3-23-1</p>
<p>Pakistan 1st innings:</p>
<p> S.Elahi c Tillekeratne b Vaas	     0</p>
<p> R.Raja c Arnold b S.de Silva	     36</p>
<p> I.Ahmed c Arnold b Vaas		     4</p>
<p> S.Malik c Ranatunga b S.de Silva	 24</p>
<p> Inzamam-ul-Haq not out		     43</p>
<p> A.Mujtaba not out			    31</p>
<p> Extras (lb-3 nb-5)			    8</p>
<p> Total (for 4 wickets)		     146</p>
<p>Fall of wickets: 1-0, 2-13, 3-59, 4-83</p>
<p>To Bat: Moin Khan, Saqlain Mushtaq, Mushtaq Ahmed, Mohammed</p>
<p>Zahid, Shahid Nazir</p>
<p>Bowling: Vaas 12.3-3-48-2; S.de Silva 12.5-3-42-2; Silva</p>
<p>9-2-24-0; Kalpage 16-6-19-0; Ranatunga 4.1-1-8-0; Arnold 5-3-2-0</p>
</text>
<copyright>(c) Reuters Limited 1997</copyright>
<metadata>
<codes class="bip:countries:1.0">
  <code code="PAKIS">
    <editdetail attribution="Reuters BIP Coding Group" action="confirmed" date="1997-04-27"/>
  </code>
  <code code="SRILAN">
    <editdetail attribution="Reuters BIP Coding Group" action="confirmed" date="1997-04-27"/>
  </code>
</codes>
<codes class="bip:topics:1.0">
  <code code="GCAT">
    <editdetail attribution="Reuters BIP Coding Group" action="confirmed" date="1997-04-27"/>
  </code>
  <code code="GSPO">
    <editdetail attribution="Reuters BIP Coding Group" action="confirmed" date="1997-04-27"/>
  </code>
</codes>
<dc element="dc.date.created" value="1997-04-27"/>
<dc element="dc.publisher" value="Reuters Holdings Plc"/>
<dc element="dc.date.published" value="1997-04-27"/>
<dc element="dc.source" value="Reuters"/>
<dc element="dc.creator.location" value="COLOMBO"/>
<dc element="dc.creator.location.country.name" value="SRI LANKA"/>
<dc element="dc.source" value="Reuters"/>
</metadata>
</newsitem>
