<?xml version="1.0" encoding="iso-8859-1" ?>
<newsitem itemid="541897" id="root" date="1997-04-27" xml:lang="en">
<title>UK: Airbus-Lockheed merger seen unlikely - analysts.</title>
<headline>Airbus-Lockheed merger seen unlikely - analysts.</headline>
<byline>Greg Mahlich</byline>
<dateline>LONDON 1997-04-27</dateline>
<text>
<p>Speculation that European aircraft consortium Airbus Industries is in merger talks with Lockheed Martin was likely to be treated sceptically when share markets opened on Monday, analysts and industry sources said.</p>
<p>A report in the London Times on Saturday said that Airbus and the U.S. defence and aerospace giant were in merger talks, with a view to combining after 1999, when the four-member Airbus cooperative is due to become a single company.</p>
<p>&quot;I certainly won't be coming into the office early on Monday to deal with this one,&quot; said one investment analyst, who declined to be named.</p>
<p>They said it would be no surprise if Lockheed joined Airbus partners on individual projects, such as the Airbus A3XX superjumbo. But Lockheed would dwarf the European company in a merger, with sales last year of $27 billion against $8.8 billion at Airbus.</p>
<p>Yves Michot, chairman of French Airbus partner Aerospatiale said in January that he was in talks with Lockheed about the A3XX and also about possible collaboration on building a military in-flight refuelling version of Airbus aircraft.</p>
<p>Individual Airbus partners already collaborate with Lockheed on specific projects.</p>
<p>&quot;Everybody is talking to everybody at the moment but it would be wrong to give any more emphasis to any particular talks than any other,&quot; a spokesman for Airbus partner British Aerospace BA.L said.</p>
<p>British Aerospace is bidding with Lockheed for an Anglo-U.S. project to develop a new battlefield reconnaissance vehicle and is also due to decide shortly whether it will join Lockheed's bid for the Pentagon's $170 billion multi-role Joint Services Fighter (JSF) project.</p>
<p>But rival JSF bid group Boeing  BA.N and McDonnell Douglas MD.N are also collaborators with BAe on several existing military aircraft programmes.</p>
<p>&quot;Everybody is talking with everybody in this industry at the moment and it would be professional and commercial suicide for people not to talk to each other,&quot; said Sash Tusa, industry investment analyst with UBS.</p>
<p>&quot;I think they will continue to do so because clearly it is an industry in a massive phase of both consolidation and uncertainty,&quot; he said.</p>
<p>But the prospect of Airbus effectively being taken over by Lockheed was hard to imagine, bearing in mind the important issue of national pride, analysts said.</p>
<p>France's resistance to losing control of its national aerospace and defence industry was already proving a big drag on the European industry's attempts to consolidate in an attempt to match the might of the U.S. industry giants Lockheed, Raytheon Co and Boeing with McDonnell Douglas.</p>
<p>The Airbus partners, Aerospatiale, British Aerospace Plc, Daimler-Benz Aerospace and Construcciones Aeronauticas SA (CASA) of Spain, agreed last year to turn Airbus into an integrated company by 1999.</p>
<p>But the partners are struggling to agree which national assets should be dissolved into the single corporate entity.</p>
<p>&quot;The Airbus partners are not capable of getting their act together at the moment even to merge within countries within Europe which have long trading relationships, deep political relationships and are supposed to be the best of friends,&quot; said an investment analyst.</p>
<p>&quot;The idea that Airbus could get together to do a deal with the arch-enemy Lockheed is a pipedream.&quot;</p>
<p>-- London Newsroom +44 171 542 7717</p>
</text>
<copyright>(c) Reuters Limited 1997</copyright>
<metadata>
<codes class="bip:countries:1.0">
  <code code="FRA">
    <editdetail attribution="Reuters BIP Coding Group" action="confirmed" date="1997-04-27"/>
  </code>
  <code code="UK">
    <editdetail attribution="Reuters BIP Coding Group" action="confirmed" date="1997-04-27"/>
  </code>
  <code code="USA">
    <editdetail attribution="Reuters BIP Coding Group" action="confirmed" date="1997-04-27"/>
  </code>
</codes>
<codes class="bip:industries:1.0">
  <code code="I36400">
    <editdetail attribution="Reuters BIP Coding Group" action="confirmed" date="1997-04-27"/>
  </code>
  <code code="I3640010">
    <editdetail attribution="Reuters BIP Coding Group" action="confirmed" date="1997-04-27"/>
  </code>
</codes>
<codes class="bip:topics:1.0">
  <code code="C15">
    <editdetail attribution="Reuters BIP Coding Group" action="confirmed" date="1997-04-27"/>
  </code>
  <code code="C152">
    <editdetail attribution="Reuters BIP Coding Group" action="confirmed" date="1997-04-27"/>
  </code>
  <code code="C18">
    <editdetail attribution="Reuters BIP Coding Group" action="confirmed" date="1997-04-27"/>
  </code>
  <code code="C181">
    <editdetail attribution="Reuters BIP Coding Group" action="confirmed" date="1997-04-27"/>
  </code>
  <code code="CCAT">
    <editdetail attribution="Reuters BIP Coding Group" action="confirmed" date="1997-04-27"/>
  </code>
</codes>
<dc element="dc.date.created" value="1997-04-27"/>
<dc element="dc.publisher" value="Reuters Holdings Plc"/>
<dc element="dc.date.published" value="1997-04-27"/>
<dc element="dc.source" value="Reuters"/>
<dc element="dc.creator.location" value="LONDON"/>
<dc element="dc.creator.location.country.name" value="UK"/>
<dc element="dc.source" value="Reuters"/>
</metadata>
</newsitem>
