<?xml version="1.0" encoding="iso-8859-1" ?>
<newsitem itemid="541873" id="root" date="1997-04-27" xml:lang="en">
<title>SRI LANKA: CRICKET-BOWLERS GIVE EARLY EDGE TO SRI LANKA.</title>
<headline>CRICKET-BOWLERS GIVE EARLY EDGE TO SRI LANKA.</headline>
<dateline>COLOMBO 1997-04-27</dateline>
<text>
<p>Paceman Chaminda Vaas claimed two quick wickets just before lunch to seize the initiative for Sri Lanka after the hosts were all out for 331 in their first innings on the second day of the second test against Pakistan on Sunday.</p>
<p>Vaas bowled a tight length and had both Salim Elahi and Ijaz Ahmed, who scored a century for Pakistan in the first test, caught at slips, shattering the visitors' hopes of making a strong start.</p>
<p>Elahi, who was out first ball to Vaas in the first test match, could do no better this time and played only four balls before being caught at slip by Hashan Tillekeratne for nought.</p>
<p>Izaj became Vaas's second victim when he edged the ball to Arnold Russell at third slip for a low catch. He made four runs.</p>
<p>Skipper Ramiz Raja (16) and Salim Malik (9) then took Pakistan to lunch without further loss.</p>
<p>Earlier Sri Lanka, resuming at 281 for 7, added 50 runs to their overnight total before being dismissed 35 minutes before lunch for 331.</p>
<p>Vice-captain Aravinda de Silva, who saved Sri Lanka from total collapse on Saturday by hitting a stylish century, remained unbeaten on 138. His chanceless innings was crafted in 273 minutes off 208 balls and included 15 hits to the boundary.</p>
<p>Vaas, who made 17, helped De Silva to add 76 runs for the eighth wicket -- a record for Sri Lanka. The previous best eighth wicket partnership of 73 was between Vaas and Kumara Dharmasena against Zimbabwe in the 1996-97 home series.</p>
<p>After Vaas left, caught by Elahi off Saqlain's bowling, Aravinda De Silva was left standing alone as the last two batsmen fell without scoring.</p>
<p>Saqlain Mushtaq, who took nine wickets in the first test, was again the star for Pakistan, claiming four wickets for 115 runs in 45 overs.</p>
<p>Scores: Sri Lanka 331, Pakistan 30 for 2 at lunch.</p>
</text>
<copyright>(c) Reuters Limited 1997</copyright>
<metadata>
<codes class="bip:countries:1.0">
  <code code="PAKIS">
    <editdetail attribution="Reuters BIP Coding Group" action="confirmed" date="1997-04-27"/>
  </code>
  <code code="SRILAN">
    <editdetail attribution="Reuters BIP Coding Group" action="confirmed" date="1997-04-27"/>
  </code>
</codes>
<codes class="bip:topics:1.0">
  <code code="GCAT">
    <editdetail attribution="Reuters BIP Coding Group" action="confirmed" date="1997-04-27"/>
  </code>
  <code code="GSPO">
    <editdetail attribution="Reuters BIP Coding Group" action="confirmed" date="1997-04-27"/>
  </code>
</codes>
<dc element="dc.date.created" value="1997-04-27"/>
<dc element="dc.publisher" value="Reuters Holdings Plc"/>
<dc element="dc.date.published" value="1997-04-27"/>
<dc element="dc.source" value="Reuters"/>
<dc element="dc.creator.location" value="COLOMBO"/>
<dc element="dc.creator.location.country.name" value="SRI LANKA"/>
<dc element="dc.source" value="Reuters"/>
</metadata>
</newsitem>
