<?xml version="1.0" encoding="iso-8859-1" ?>
<newsitem itemid="541861" id="root" date="1997-04-27" xml:lang="en">
<title>FINLAND: ICE HOCKEY-KRYGIER STRIKES AS AMERICANS WIN OPENER.</title>
<headline>ICE HOCKEY-KRYGIER STRIKES AS AMERICANS WIN OPENER.</headline>
<dateline>TURKU, Finland 1997-04-27</dateline>
<text>
<p>The United States needed a third-period goal from Washington Capital winger Todd Krygier to secure a 5-4 win over Latvia in their opening match at the world ice hockey championship on Sunday.</p>
<p>Krygier stalled a determined Latvian comeback bid with 6:23 remaining in the third when he picked up his own rebound and snapped a wristshot past Juris Klodans.</p>
<p>Until then the Americans had watched a 4-1 lead disappear as Latvia, playing in their first world championship since 1939, stormed back with three third-period goals from Leonids Tambijevs, Aleksandrs Belavakis and Andrei Ignatovics.</p>
<p>U.S. coach Jeff Jackson immediately called a time-out to calm his players, who then went out and swiftly scored the winner.</p>
<p>Vancouver Canuck enforcer Donald Brashear had opened scoring in the first period with a breakaway goal, only to have Sergei Cudinovs equalise 55 seconds later.</p>
<p>Brian Berard showed why he is the leading candidate to claim NHL rookie of the year honours when he scored a powerplay goal to put the U.S. back in front.</p>
<p>Taking control of the puck in the neutral zone, the New York Islander defenceman split two Latvian defenders before finishing with what might prove to be the most delightful goal of the tournament.</p>
<p>The Americans added two more goals in the second period from Hartford Whalers Paul Ranheim and Chris Tancill for their 4-1 lead.</p>
</text>
<copyright>(c) Reuters Limited 1997</copyright>
<metadata>
<codes class="bip:countries:1.0">
  <code code="FIN">
    <editdetail attribution="Reuters BIP Coding Group" action="confirmed" date="1997-04-27"/>
  </code>
  <code code="LATV">
    <editdetail attribution="Reuters BIP Coding Group" action="confirmed" date="1997-04-27"/>
  </code>
  <code code="USA">
    <editdetail attribution="Reuters BIP Coding Group" action="confirmed" date="1997-04-27"/>
  </code>
</codes>
<codes class="bip:topics:1.0">
  <code code="GCAT">
    <editdetail attribution="Reuters BIP Coding Group" action="confirmed" date="1997-04-27"/>
  </code>
  <code code="GSPO">
    <editdetail attribution="Reuters BIP Coding Group" action="confirmed" date="1997-04-27"/>
  </code>
</codes>
<dc element="dc.date.created" value="1997-04-27"/>
<dc element="dc.publisher" value="Reuters Holdings Plc"/>
<dc element="dc.date.published" value="1997-04-27"/>
<dc element="dc.source" value="Reuters"/>
<dc element="dc.creator.location" value="TURKU, Finland"/>
<dc element="dc.creator.location.country.name" value="FINLAND"/>
<dc element="dc.source" value="Reuters"/>
</metadata>
</newsitem>
