<?xml version="1.0" encoding="iso-8859-1" ?>
<newsitem itemid="541843" id="root" date="1997-04-27" xml:lang="en">
<title>FINLAND: ICE HOCKEY-PROCHAZKA SCORES TWICE AS CZECHS BEAT FINLAND.</title>
<headline>ICE HOCKEY-PROCHAZKA SCORES TWICE AS CZECHS BEAT FINLAND.</headline>
<dateline>HELSINKI 1997-04-27</dateline>
<text>
<p>Martin Prochazka scored both goals as titleholders, the Czech Republic, beat hosts Finland 2-1 in the world ice hockey championships on Sunday to take the lead in group A.</p>
<p>Copying their performance against Germany on Saturday, the Czechs came from behind to snatch their second one-goal victory.</p>
<p>Mika Nieminen opened the scoring for the Finns but Prochazka equalised with a thundering slapshot with less than a minute to play of the first period.</p>
<p>Prochazka scored the winner in the 42nd minute, hitting a backhand shot into an empty goal with Finnish keeper Jarmo Myllys stranded after failing to intercept a bouncing puck.</p>
</text>
<copyright>(c) Reuters Limited 1997</copyright>
<metadata>
<codes class="bip:countries:1.0">
  <code code="CZREP">
    <editdetail attribution="Reuters BIP Coding Group" action="confirmed" date="1997-04-27"/>
  </code>
  <code code="FIN">
    <editdetail attribution="Reuters BIP Coding Group" action="confirmed" date="1997-04-27"/>
  </code>
  <code code="GFR">
    <editdetail attribution="Reuters BIP Coding Group" action="confirmed" date="1997-04-27"/>
  </code>
</codes>
<codes class="bip:topics:1.0">
  <code code="GCAT">
    <editdetail attribution="Reuters BIP Coding Group" action="confirmed" date="1997-04-27"/>
  </code>
  <code code="GSPO">
    <editdetail attribution="Reuters BIP Coding Group" action="confirmed" date="1997-04-27"/>
  </code>
</codes>
<dc element="dc.date.created" value="1997-04-27"/>
<dc element="dc.publisher" value="Reuters Holdings Plc"/>
<dc element="dc.date.published" value="1997-04-27"/>
<dc element="dc.source" value="Reuters"/>
<dc element="dc.creator.location" value="HELSINKI"/>
<dc element="dc.creator.location.country.name" value="FINLAND"/>
<dc element="dc.source" value="Reuters"/>
</metadata>
</newsitem>
