<?xml version="1.0" encoding="iso-8859-1" ?>
<newsitem itemid="541862" id="root" date="1997-04-27" xml:lang="en">
<title>DENMARK: SOCCER-DANISH SUPER LEAGUE RESULTS/STANDINGS.</title>
<headline>SOCCER-DANISH SUPER LEAGUE RESULTS/STANDINGS.</headline>
<dateline>COPENHAGEN 1997-04-27</dateline>
<text>
<p>Result of a Danish super</p>
<p>league soccer match played on Sunday:</p>
<p> Vejle   2  Silkeborg  1</p>
<p>Played Friday:</p>
<p> Lyngby  2  Brondby    0</p>
<p>     Standings	P   W  D  L  F  A PTS</p>
<p>Brondby		 24 13  6  5 41-30 45</p>
<p>Aalborg		 24 12  7  5 41-28 43</p>
<p>Aarhus		  24 10  7  7 53-35 37</p>
<p>Odense		  24 10  7  7 46-38 37</p>
<p>Vejle		   24  9  8  7 39-30 35</p>
<p>Herfoelge	     24 10  5  9 28-28 35</p>
<p>Lyngby		  24 10  4 10 36-41 34</p>
<p>Silkeborg	     24  5 13  6 32-40 28</p>
<p>FC Copenhagen	 24  5  9 10 25-34 24</p>
<p>AB			24  4 11  9 33-45 23</p>
<p>Viborg		  24  5  8 11 27-43 23</p>
<p>Hvidovre		24  4  9 11 26-35 21</p>
</text>
<copyright>(c) Reuters Limited 1997</copyright>
<metadata>
<codes class="bip:countries:1.0">
  <code code="DEN">
    <editdetail attribution="Reuters BIP Coding Group" action="confirmed" date="1997-04-27"/>
  </code>
</codes>
<codes class="bip:topics:1.0">
  <code code="GCAT">
    <editdetail attribution="Reuters BIP Coding Group" action="confirmed" date="1997-04-27"/>
  </code>
  <code code="GSPO">
    <editdetail attribution="Reuters BIP Coding Group" action="confirmed" date="1997-04-27"/>
  </code>
</codes>
<dc element="dc.date.created" value="1997-04-27"/>
<dc element="dc.publisher" value="Reuters Holdings Plc"/>
<dc element="dc.date.published" value="1997-04-27"/>
<dc element="dc.source" value="Reuters"/>
<dc element="dc.creator.location" value="COPENHAGEN"/>
<dc element="dc.creator.location.country.name" value="DENMARK"/>
<dc element="dc.source" value="Reuters"/>
</metadata>
</newsitem>
