<?xml version="1.0" encoding="iso-8859-1" ?>
<newsitem itemid="541855" id="root" date="1997-04-27" xml:lang="en">
<title>MONACO: TENNIS-RIOS ENDS SPANISH DOMINANCE ON CLAY.</title>
<headline>TENNIS-RIOS ENDS SPANISH DOMINANCE ON CLAY.</headline>
<byline>Francois Thomazeau</byline>
<dateline>MONTE CARLO 1997-04-27</dateline>
<text>
<p>Chile's Marcelo Rios ended Spanish dominance on clay so far this season when he beat Alex Corretja in straight sets to win the Monte Carlo Open on Sunday.</p>
<p>The 21-year Chilean, seeded seventh, crushed the Spaniard 6-4 6-3 6-3 in a one-sided match for the most impressive victory of his career.</p>
<p>Rios has won four previous ATP Tour events but none as prestigious as this $2.3 million clay court tournament.</p>
<p>&quot;I played well and had a great time in Monte Carlo all week -- even if I lost some money at the casino,&quot; he said.</p>
<p>As well as defeating Corretja, winner in Estoril two weeks ago, Rios had earlier disposed of Spain's Albert Costa, winner of the European season's second clay court tournament in Barcelona last week.</p>
<p>A semifinalist here last year, Rios confirmed he would again be one of the players to watch on the slow surface after a lacklustre hard-court season in which he reached only one final, in Marseille two months ago.</p>
<p>A versatile player, as comfortable at the baseline as at the net, the Chilean mastered the windy conditions far better than Corretja, seeded 12th, who looked tired and made an unusual amount of unforced errors.</p>
<p>The most strongly contested game of the match was the last in which Corretja, refusing to bow, saved four match points.</p>
<p>The third match point saw the Spaniard return two smashes before forcing Rios to push a volley into the net. But Corretja had left his fightback far too late.</p>
<p>He had also saved two set points in the first set before losing 6-4 in 43 minutes and Rios comfortably won a dull second set in which the wind at times made rallies almost impossible.</p>
<p>Corretja fought harder at the beginning of the third set to salvage some pride but Rios, hitting punishing forehands on the important points was far too solid and he once more broke the 23-year-old for a 3-1 lead.</p>
<p>His task had been made easier by the early defeat of top seeds Pete Sampras, Thomas Muster and Yevgeny Kafelnikov, but Rios will now fancy his chances in next month's French Open.</p>
</text>
<copyright>(c) Reuters Limited 1997</copyright>
<metadata>
<codes class="bip:countries:1.0">
  <code code="CHIL">
    <editdetail attribution="Reuters BIP Coding Group" action="confirmed" date="1997-04-27"/>
  </code>
  <code code="MONAC">
    <editdetail attribution="Reuters BIP Coding Group" action="confirmed" date="1997-04-27"/>
  </code>
  <code code="SPAIN">
    <editdetail attribution="Reuters BIP Coding Group" action="confirmed" date="1997-04-27"/>
  </code>
</codes>
<codes class="bip:topics:1.0">
  <code code="GCAT">
    <editdetail attribution="Reuters BIP Coding Group" action="confirmed" date="1997-04-27"/>
  </code>
  <code code="GSPO">
    <editdetail attribution="Reuters BIP Coding Group" action="confirmed" date="1997-04-27"/>
  </code>
</codes>
<dc element="dc.date.created" value="1997-04-27"/>
<dc element="dc.publisher" value="Reuters Holdings Plc"/>
<dc element="dc.date.published" value="1997-04-27"/>
<dc element="dc.source" value="Reuters"/>
<dc element="dc.creator.location" value="MONTE CARLO"/>
<dc element="dc.creator.location.country.name" value="MONACO"/>
<dc element="dc.source" value="Reuters"/>
</metadata>
</newsitem>
