<?xml version="1.0" encoding="iso-8859-1" ?>
<newsitem itemid="541878" id="root" date="1997-04-27" xml:lang="en">
<title>POLAND: NEW BLOC EMERGES IN POLISH SOLIDARITY ALLIANCE.</title>
<headline>NEW BLOC EMERGES IN POLISH SOLIDARITY ALLIANCE.</headline>
<dateline>WARSAW 1997-04-27</dateline>
<text>
<p>Ten of the several dozen small right-wing parties comprising the Solidarity Election Action (AWS) on Sunday set up a political bloc ahead of this year's parliamentary elections.</p>
<p>The bloc, the Rightist Accord (PP), at its first congress nominated 150 parliamentary candidates and announced it would remain within the AWS.</p>
<p>The AWS was set up last year as a broadly-based alliance of right-leaning parties clustered around the Solidarity trade union with the avowed purpose of defeating the co-ruling ex-communist Democratic Left Alliance (SLD).</p>
<p>&quot;Without the AWS one cannot successfully compete with the SLD, but without political parties the AWS cannot effectively oppose the SLD,&quot; Jerzy Gwizdz, one of the PP's leaders, said on public television.</p>
<p>AWS deputy chairman Janusz Tomaszewski, a guest at the congress, voiced support for the initiative but said it must lead to a single political formation and a common programme before the elections are held.</p>
<p>Other members of the Solidarity leadership were not immediately available for comment.</p>
<p>The Rightist Accord includes the anti-communist Confederation of Independent Poland (KPN), the Election Solidarity Movement led by Gwizdz and the nationalist National Democratic Party.</p>
<p>-- Warsaw Newsroom +48 22 653 9700</p>
</text>
<copyright>(c) Reuters Limited 1997</copyright>
<metadata>
<codes class="bip:countries:1.0">
  <code code="POL">
    <editdetail attribution="Reuters BIP Coding Group" action="confirmed" date="1997-04-27"/>
  </code>
</codes>
<codes class="bip:topics:1.0">
  <code code="GCAT">
    <editdetail attribution="Reuters BIP Coding Group" action="confirmed" date="1997-04-27"/>
  </code>
  <code code="GPOL">
    <editdetail attribution="Reuters BIP Coding Group" action="confirmed" date="1997-04-27"/>
  </code>
  <code code="GVOTE">
    <editdetail attribution="Reuters BIP Coding Group" action="confirmed" date="1997-04-27"/>
  </code>
</codes>
<dc element="dc.date.created" value="1997-04-27"/>
<dc element="dc.publisher" value="Reuters Holdings Plc"/>
<dc element="dc.date.published" value="1997-04-27"/>
<dc element="dc.source" value="Reuters"/>
<dc element="dc.creator.location" value="WARSAW"/>
<dc element="dc.creator.location.country.name" value="POLAND"/>
<dc element="dc.source" value="Reuters"/>
</metadata>
</newsitem>
