<?xml version="1.0" encoding="iso-8859-1" ?>
<newsitem itemid="541845" id="root" date="1997-04-27" xml:lang="en">
<title>FRANCE: SOCCER-LOKO HITS FOUR GOALS AS PSG ROUT NICE.</title>
<headline>SOCCER-LOKO HITS FOUR GOALS AS PSG ROUT NICE.</headline>
<byline>Rex Gowar</byline>
<dateline>PARIS 1997-04-27</dateline>
<text>
<p>France striker Patrice Loko scored four goals as Paris St Germain routed bottom club Nice 5-0 in the French first division on Sunday.</p>
<p>PSG's home win reduced Monaco's lead to nine points with four games left.</p>
<p>It was the second four-goal feat of the weekend after Pascal Nouma of Strasbourg scored all the goals in his side's 4-1 win at Montpellier on Saturday.</p>
<p>Loko, who scored a hat-trick when PSG won 3-0 in the away leg of their European Cup Winners' Cup quarter-final tie against AEK Athens six weeks ago, struck in the 39th, 70th, 79th and 88th minutes to take his league tally to 15.</p>
<p>Midfielder Benoit Cauet scored the fourth goal five minutes from time against French Cup finalists Nice whose defeat definitively condemned them to relegation after three seasons in the top flight. They have won only four matches and lost 22.</p>
<p>Loko opened the scoring from a ball by central defender Bruno N'Gotty, a PSG bulwark against Liverpool as they scraped into their second successive Cup Winners' Cup final in midweek.</p>
<p>He added three more in the final 20 minutes, first from a cross by Brazil's Leonardo, then when the ball was laid on by Cauet and added his fourth in the dying minutes.</p>
<p>Monaco were held 1-1 at home by Marseille on Saturday, while Nantes, who also drew 1-1 at home against Caen, had temporarily snatched second place from PSG on goal difference.</p>
<p>PSG, chasing France's second European Cup berth next season, have 60 points to Monaco's 69. Nantes have 57, one more than Strasbourg, who have already qualifed for the UEFA Cup as League Cup winners.</p>
<p>Strasbourg are Monaco's next opponents on Tuesday, while the Parisians are away to Lille, who crashed to their fifth successive defeat 1-0 at Lens on Saturday.</p>
</text>
<copyright>(c) Reuters Limited 1997</copyright>
<metadata>
<codes class="bip:countries:1.0">
  <code code="FRA">
    <editdetail attribution="Reuters BIP Coding Group" action="confirmed" date="1997-04-27"/>
  </code>
  <code code="MONAC">
    <editdetail attribution="Reuters BIP Coding Group" action="confirmed" date="1997-04-27"/>
  </code>
</codes>
<codes class="bip:topics:1.0">
  <code code="GCAT">
    <editdetail attribution="Reuters BIP Coding Group" action="confirmed" date="1997-04-27"/>
  </code>
  <code code="GSPO">
    <editdetail attribution="Reuters BIP Coding Group" action="confirmed" date="1997-04-27"/>
  </code>
</codes>
<dc element="dc.date.created" value="1997-04-27"/>
<dc element="dc.publisher" value="Reuters Holdings Plc"/>
<dc element="dc.date.published" value="1997-04-27"/>
<dc element="dc.source" value="Reuters"/>
<dc element="dc.creator.location" value="PARIS"/>
<dc element="dc.creator.location.country.name" value="FRANCE"/>
<dc element="dc.source" value="Reuters"/>
</metadata>
</newsitem>
