<?xml version="1.0" encoding="iso-8859-1" ?>
<newsitem itemid="541889" id="root" date="1997-04-27" xml:lang="en">
<title>UK: Rain breaks dry spell in south-east England.</title>
<headline>Rain breaks dry spell in south-east England.</headline>
<dateline>LONDON 1997-04-27</dateline>
<text>
<p>Up to 18 mm of rain fell on London and south-eastern Britain during a three-day period from Friday to Sunday, the London Weather Centre said on Sunday.</p>
<p>&quot;Most of Northern Ireland, England and Wales had a good bit of rain but Scotland got off lightly,&quot; a spokesman for the centre told Reuters.</p>
<p>More rain was also predicted throughout most parts of the country on Monday with a forecast of occasional showers and then dryer weather later in the week, he added.</p>
<p>A dry spell in much of northwest Europe has helped drive world wheat prices to 1997 highs around $4.25 per bushel in Chicago futures. The European Union imposed a tax on Thursday to curb wheat exports and thereby keep a lid on internal prices.</p>
<p>Although heavy rain fell throughout most of the weekend it was the only significant rainfall since March 4, the centre spokesman said, adding that he doubted it would make much of an impact on the drought throughout most of the country.</p>
<p>&quot;It was a good strong rain but it will take more than that to fill up the reservoirs,&quot; he said.</p>
</text>
<copyright>(c) Reuters Limited 1997</copyright>
<metadata>
<codes class="bip:countries:1.0">
  <code code="UK">
    <editdetail attribution="Reuters BIP Coding Group" action="confirmed" date="1997-04-27"/>
  </code>
</codes>
<codes class="bip:topics:1.0">
  <code code="GCAT">
    <editdetail attribution="Reuters BIP Coding Group" action="confirmed" date="1997-04-27"/>
  </code>
  <code code="GWEA">
    <editdetail attribution="Reuters BIP Coding Group" action="confirmed" date="1997-04-27"/>
  </code>
</codes>
<dc element="dc.date.created" value="1997-04-27"/>
<dc element="dc.publisher" value="Reuters Holdings Plc"/>
<dc element="dc.date.published" value="1997-04-27"/>
<dc element="dc.source" value="Reuters"/>
<dc element="dc.creator.location" value="LONDON"/>
<dc element="dc.creator.location.country.name" value="UK"/>
<dc element="dc.source" value="Reuters"/>
</metadata>
</newsitem>
