<?xml version="1.0" encoding="iso-8859-1" ?>
<newsitem itemid="541828" id="root" date="1997-04-27" xml:lang="en">
<title>USA: NHL ICE HOCKEY - CAREER STATISTICS OF MARIO LEMIEUX.</title>
<headline>NHL ICE HOCKEY - CAREER STATISTICS OF MARIO LEMIEUX.</headline>
<dateline>PHILADELPHIA 1997-04-27</dateline>
<text>
<p>The following is a</p>
<p>statistical recap of the career of Pittsburgh Penguins centre</p>
<p>Mario Lemieux, who played his final game on Saturday:</p>
<p>Born: Montreal, October 5, 1965</p>
<p>Size: 6-foot-4 (1.93 m), 225 pounds (102 kg)</p>
<p> YEAR	TEAM	 Regular Season	    Playoffs</p>
<p>			    GP   G   A  PTS	 GP   G   A  PTS</p>
<p> 1984-85 PITTSBURGH   73  43  57  100	 --   -   -    -</p>
<p> 1985-86 PITTSBURGH   79  48  93  141	 --   -   -    -</p>
<p> 1986-87 PITTSBURGH   63  54  53  107	 --   -   -    -</p>
<p> 1987-88 PITTSBURGH   77  70  98  168	 --   -   -    -</p>
<p> 1988-89 PITTSBURGH   76  85 114  199	 11  12   7   19</p>
<p> 1989-90 PITTSBURGH   59  45  78  123	 --   -   -    -</p>
<p> 1990-91 PITTSBURGH   26  19  26   45	 23  16  28   44</p>
<p> 1991-92 PITTSBURGH   64  44  87  131	 15  16  18   34</p>
<p> 1992-93 PITTSBURGH   60  69  91  160	 11   8  10   18</p>
<p> 1993-94 PITTSBURGH   22  17  20   37	  6   4   3    7</p>
<p> 1994-95			 DID NOT PLAY -- INJURED</p>
<p> 1995-96 PITTSBURGH   70  69  92  161	 18  11  16   27</p>
<p> 1996-97 PITTSBURGH   76  50  72  122	  5   3   3    6</p>
<p>		TOTALS   745 613 881 1494	 89  70  85  155</p>
</text>
<copyright>(c) Reuters Limited 1997</copyright>
<metadata>
<codes class="bip:countries:1.0">
  <code code="CANA">
    <editdetail attribution="Reuters BIP Coding Group" action="confirmed" date="1997-04-27"/>
  </code>
  <code code="USA">
    <editdetail attribution="Reuters BIP Coding Group" action="confirmed" date="1997-04-27"/>
  </code>
</codes>
<codes class="bip:topics:1.0">
  <code code="GCAT">
    <editdetail attribution="Reuters BIP Coding Group" action="confirmed" date="1997-04-27"/>
  </code>
  <code code="GSPO">
    <editdetail attribution="Reuters BIP Coding Group" action="confirmed" date="1997-04-27"/>
  </code>
</codes>
<dc element="dc.date.created" value="1997-04-27"/>
<dc element="dc.publisher" value="Reuters Holdings Plc"/>
<dc element="dc.date.published" value="1997-04-27"/>
<dc element="dc.source" value="Reuters"/>
<dc element="dc.creator.location" value="PHILADELPHIA"/>
<dc element="dc.creator.location.country.name" value="USA"/>
<dc element="dc.source" value="Reuters"/>
</metadata>
</newsitem>
