<?xml version="1.0" encoding="iso-8859-1" ?>
<newsitem itemid="541882" id="root" date="1997-04-27" xml:lang="en">
<title>UK: PRESS DIGEST - British business press - April 27.</title>
<headline>PRESS DIGEST - British business press - April 27.</headline>
<text>
<p>Prepared for Reuters by The Broadcast Monitoring Company</p>
<p>SUNDAY TELEGRAPH</p>
<p>-- TUCKEY LOOKS AT TWO BILLION STG SPLIT FOR MEPC</p>
<p>Property company MEPC has begun radical restructuring to try to ease shareholder dissent and prevent a hostile bid. The programme will be called Project Performance, and has been instigated by chief executive James Tuckey. The move could lead to a breakup of the two billion stg company.</p>
<p>-- REGAN'S GALILEO DOOMED TO SELF-DESTRUCT</p>
<p>The vehicle set up by Andrew Regan for his takeover attempt on the businesses of the Co-operative Wholesale Society, Galileo, is to go into voluntary liquidation. This follows speculation that its shareholders have limited payments to key advisers to a minimum.</p>
<p>-- HOLLICK LETTER SHUNNED</p>
<p>Chief executive of United News &amp; Media, Lord Hollick, is trying to gain support among other business leaders for an open letter condemning the Conservative government and backing Labour. It is uncertain whether he has managed to win substantial backing, apart from businessmen who have already declared their support for Labour.</p>
<p>-- BERKELEY SQUARE CONCERT PARTY</p>
<p>Concert, the 12.5 billion stg merged business between British Telecom and America's MCI, is to set up its headquarters in London's West End, paying Britain's highest office rent in six years. The company is in negotiations with Prudential to occupy the development in Berkeley Square.</p>
<p>-- EQUITY &amp; LAW RESHAPES AFTER SALE FALLS THROUGH</p>
<p>Equity &amp; Law is planning radical restructuring and a new business plan to improve its prospects of finding a buyer. The company is to accelerate compensation for pension mis-selling victims and has set aside 32 million stg for this. Staff will be told about new employment contracts, reduced overtime and longer working days.</p>
<p>SUNDAY TIMES</p>
<p>-- TAXES 'NEED TO RISE SHARPLY' TO CURB BORROWING</p>
<p>The National Institute of Economic and Social Research warns that big tax rises will be needed to control public borrowing even if public spending is kept on a tight rein. They claim that Britain has an underlying budget deficit of 2.5 percent of gross domestic product.</p>
<p>-- REGAN FACES FULL INSIDER DEALS PROBE</p>
<p>Andrew Regan faces the prospect of a full-blown insider- dealing inquiry by the Stock Exchange into Lanica Trust shares. The exchange will examine high volumes of dealings in Lanica between September, when Regan first bought into the company, and January, when shares hit a high of 20.50 stg.</p>
<p>-- DAEWOO PLANS 200 MILLION STG BRITISH ENGINE PLANT</p>
<p>According to motor-industry executives, Korean car maker Daewoo is planning to build a 200 million stg engine factory in the West Midlands. The plant will be a stepping stone to an eventual car-assembly operation that will supply the West European market.</p>
<p>-- BRITAIN'S 'THIN CAT' BOSSES</p>
<p>According to a survey from PE International, the management consultants, directors of Britain's small firms are Europe's 'thin cats', earning far less than their continental counterparts. Similar differences exist for finance directors, sales directors and heads of manufacturing.</p>
<p>-- SPORTS DIVISION IN RUNNING FOR FLOAT</p>
<p>Tom Hunter, the entrepreneur behind Sports Division, Europe's top sports-clothing retailer, is considering floating the company. He could emerge as one of Britain's wealthiest retailers, with a stock market value of more than 200 million stg.</p>
<p>THE OBSERVER</p>
<p>-- CO-OP SACKS ITS TREACHEROUS DUO</p>
<p>Co-op executives accused of leaking highly sensitive documents to Andrew Regan, Allan Green and David Chambers, have been sacked. Roger Jones, secretary of the Co-operative Wholesale Society, accused them of betraying the company, colleagues and staff.</p>
<p>-- FRANCE BEATS UK IN INVESTMENT STAKES</p>
<p>According to a study from the National Institute of Economic and Social Research, Britain has been overtaken by France as the prime European destination for inward investment. The study also reveals that the biggest slice of that investment comes from Britain. This will embarrass John Major, who last week criticised France's federalist social and economic policies.</p>
<p>-- LONDON ELECTRICITY OFFERS 'ILLEGAL' DEBT RECOVERY SERVICE</p>
<p>London Electricity has been accused by the Data Protection Registrar of illegally using customer information to run a debt recovery service for local authorities. The company was tracing debts from its own customers through its subsidiary Knight Debt Recovery Services and began to offer the service to councils in London.</p>
<p>-- KINGFISHER AT ODDS WITH LITTLEWOODS OVER PRICE OF STORES</p>
<p>Negotiations between Kingfisher and Littlewoods High Street Stores are close to collapse. Kingfisher accuses Littlewoods of not being clear about what is on offer and is expecting too high a price. Kingfisher has offered 500 million stg for the chain, however Littlewoods wants 600 million stg.</p>
<p>-- PROCTER &amp; GAMBLE URGE SAATCHI MARRIAGE</p>
<p>Procter &amp; Gamble, the household goods multinational, is thought to be urging a partnership between a newly independent Saatchi and Saatchi and US-based DMB&amp;B, another of its favoured international advertising agencies. P&amp;G is Saatchi and Saatchi's largest international client.</p>
<p>INDEPENDENT ON SUNDAY</p>
<p>-- CO-OP PLANS HUGE OVERHAUL</p>
<p>Following the aborted bid by Andrew Regan, the Co-operative movement is planning a massive overhaul to improve profitability and restore some direction to the organisation. The CWS is anxious to conclude a five-month strategic review of its operations to head off a more credible bidder and pacify the growing number of its managers who are looking for more radical solutions.</p>
<p>-- VIRGIN ASKS ANGEL TO GET IT ROLLING</p>
<p>Virgin Rail is in discussions with privatised rail leasing company Angel with a view to win the country's biggest ever rolling stock order. Angel will be invited to join a dedicated rail procurement team that Virgin is establishing in readiness for an 800 million stg order to refit its fleets servicing the West Coast main line and Cross Country franchises.</p>
<p>-- MOBILE PHONES HEAD PARADE OF PRIVATE STARS</p>
<p>The top four placings in the Independent's 100 listing of Britain's fastest growing companies have been won by the mobile phones market. The top three companies, European Telecom, Anglia Telecom Centres and Mobile Systems International, achieved annual sales growth of more than 100 percent over five years.</p>
<p>-- REBEL THREAT TO INTERFLORA</p>
<p>Plans by Interflora to convert to limited company status and possibly float on the Stock Exchange has led to more than 400 dissident florists, led by Leeds florist Beverley Wood, seeking to throw out the company's entire board of directors. The dissidents are also angry over a proposed six-fold increase in the annual membership fee.</p>
<p>-- INDUSTRY DIGS IN ON WINDFALL TAX</p>
<p>Privatised industries are preparing plans to counter any threat by a Labour government to extend its windfall tax into a more permanent tax on excess profits. There has been speculation, fuelled by the absence of any precise detail on how much would be raised from which companies and on what basis, that the tax will be extended into an annual charge.</p>
<p>MAIL ON SUNDAY</p>
<p>-- SWISS BANK RUNS A RULER OVER CO-OP</p>
<p>Credit Suisse First Boston is considering a bid for the Co-operative Wholesale Society. The group is one of a number of banks assessing the Co-op on behalf of clients. CSFB does not see the complicated structure of the Co-op as an insurmountable problem. It is also believed that Allied Irish Bank is considering a bid.</p>
<p>-- TOUGH BA SET FOR STRIKE SHOWDOWN</p>
<p>BASSA, part of the Transport and General Workers Union, has warned it will hold a strike ballot unless British Airways negotiates with them. However, chief executive Bob Ayling says there is nothing to discuss. BA wants to cut costs by one billion stg over three years and is prepared to improve pay and pensions in return for more efficiency.</p>
<p>-- IMRO CHIEF ACCUSES THE 'SOFT' WATCHDOGS</p>
<p>Chief executive of the Investment Management Regulatory Organisation, Phillip Thorpe, has attacked other watchdogs for being too &quot;soft&quot;. He warned that Labour Party plans for a single regulator could hurt investors because standards are likely to be dragged down.</p>
<p>-- IRISH EYES ON FOUR BILLION STG SOCIETY FLOTATION</p>
<p>First National, Ireland's largest building society, is preparing a four billion stg stock market floatation. ABN Amro, the City merchant banker, is advising. Operations director Gerry Murphy could not confirm or deny the reports. The society has just acquired The Mortgage Corporation, a Salomon Brothers subsidiary with assets of 1.3 billion stg.</p>
<p>BMC +44-171-377-1742</p>
</text>
<copyright>(c) Reuters Limited 1997</copyright>
<metadata>
<codes class="bip:countries:1.0">
  <code code="UK">
    <editdetail attribution="Reuters BIP Coding Group" action="confirmed" date="1997-04-27"/>
  </code>
</codes>
<codes class="bip:topics:1.0">
  <code code="GCAT">
    <editdetail attribution="Reuters BIP Coding Group" action="confirmed" date="1997-04-27"/>
  </code>
</codes>
<dc element="dc.publisher" value="Reuters Holdings Plc"/>
<dc element="dc.date.published" value="1997-04-27"/>
<dc element="dc.source" value="Reuters"/>
<dc element="dc.creator.location.country.name" value="UK"/>
<dc element="dc.source" value="Reuters"/>
</metadata>
</newsitem>
