<?xml version="1.0" encoding="iso-8859-1" ?>
<newsitem itemid="541851" id="root" date="1997-04-27" xml:lang="en">
<title>FINLAND: ICE HOCKEY-CANADA AND FINLAND ADD NHL REINFORCEMENTS.</title>
<headline>ICE HOCKEY-CANADA AND FINLAND ADD NHL REINFORCEMENTS.</headline>
<byline>Steve Keating</byline>
<dateline>TURKU, Finland 1997-04-27</dateline>
<text>
<p>Montreal Canadiens centre Saku Koivu led what is expected to become an influx of NHL reinforcements at the world ice hockey championships on Sunday.</p>
<p>While Canada and Finland confirmed they have added players, Russia, the United States, Latvia and Slovakia indicated they were hopeful of filling vacancies as more teams become eliminated from the Stanley Cup playoffs.</p>
<p>Koivu, who scored 17 goals and 56 points in 50 games for the Canadiens this season, is expected to be in Finland's team in time for Tuesday's game against Germany.</p>
<p>Canada bolstered their attack with the addition of Koivu's Canadiens team mate, right winger Mark Recchi, who finished second in team scoring with 34 goals and 80 points.</p>
<p>&quot;We talked to him 10 minutes ago and we're trying to get him on a plane now,&quot; said Bob Nicholson, head of the Canadian team delegation. &quot;He'll be here tomorrow.&quot;</p>
<p>Canada has one spot on their 23-man roster left to fill but said they would wait until after Sunday's game against Sweden to decide how to fill it.</p>
<p>The Russians confirmed they were hopeful of having Pittsburgh Penguins defenceman Darius Kasparaitis join their team. They have left another spot vacant for Ottawa centre Alexei Yashin, should the Senators be eliminated.</p>
<p>Latvia, who lost their opening game 5-4 to the United States, would also like to see the Senators go out so they could add centre Sergei Zholtok. Dallas Stars goaltender Arturs Irbe also remains on the Latvian wish list.</p>
<p>The American's added minor leaguer Chris Tancill to their line-up for the match against Latvia but coach Jeff Jackson said later that he is holding more places open for NHL help.</p>
<p>&quot;We have three spots open for players to come in during the next few days,&quot; said Jackson. &quot;I will say we anticipate using one of those spots to add a goaltender.&quot;</p>
</text>
<copyright>(c) Reuters Limited 1997</copyright>
<metadata>
<codes class="bip:countries:1.0">
  <code code="CANA">
    <editdetail attribution="Reuters BIP Coding Group" action="confirmed" date="1997-04-27"/>
  </code>
  <code code="FIN">
    <editdetail attribution="Reuters BIP Coding Group" action="confirmed" date="1997-04-27"/>
  </code>
</codes>
<codes class="bip:topics:1.0">
  <code code="GCAT">
    <editdetail attribution="Reuters BIP Coding Group" action="confirmed" date="1997-04-27"/>
  </code>
  <code code="GSPO">
    <editdetail attribution="Reuters BIP Coding Group" action="confirmed" date="1997-04-27"/>
  </code>
</codes>
<dc element="dc.date.created" value="1997-04-27"/>
<dc element="dc.publisher" value="Reuters Holdings Plc"/>
<dc element="dc.date.published" value="1997-04-27"/>
<dc element="dc.source" value="Reuters"/>
<dc element="dc.creator.location" value="TURKU, Finland"/>
<dc element="dc.creator.location.country.name" value="FINLAND"/>
<dc element="dc.source" value="Reuters"/>
</metadata>
</newsitem>
