<?xml version="1.0" encoding="iso-8859-1" ?>
<newsitem itemid="541891" id="root" date="1997-04-27" xml:lang="en">
<title>UK: Conservatives face disaster in Scotland, polls say.</title>
<headline>Conservatives face disaster in Scotland, polls say.</headline>
<text>
<p>EDINBURGH, April 27 (REUTER) - Britain's ruling Conservatives could be almost wiped out in Scotland in the May 1 general election, opinion polls published on Sunday said.</p>
<p>An NOP poll in Scotland for the Sunday Times newspaper suggested that the Conservatives would retain only two of the 10 Scottish seats they held in the outgoing parliament.</p>
<p>The poll, carried out last Friday, showed Tony Blair's opposition Labour Party up two points in a week to 49 percent, while the Conservatives dropped one to 14 percent.</p>
<p>The Scottish National Party (SNP) dropped four points to 24 percent and the Liberal Democrats gained four to 12 percent.</p>
<p>An ICM poll for Scotland on Sunday said telephone surveys in key Scottish constituencies indicated that three of Prime Minister John Major's top ministers would lose their seats on Thursday.</p>
<p>It said Foreign Minister Malcolm Rifkind was trailing Labour in Edinburgh Pentlands, Scottish Secretary Michael Forsyth was down on Labour in Stirling and Trade Secretary Ian Lang would lose to the SNP in Galloway and Upper Nithsdale.</p>
<p>ICM carried out a random sample of 707 voters in Pentlands, 702 in Stirling and 708 in Galloway between April 21 and 26.</p>
</text>
<copyright>(c) Reuters Limited 1997</copyright>
<metadata>
<codes class="bip:countries:1.0">
  <code code="UK">
    <editdetail attribution="Reuters BIP Coding Group" action="confirmed" date="1997-04-27"/>
  </code>
</codes>
<codes class="bip:topics:1.0">
  <code code="GCAT">
    <editdetail attribution="Reuters BIP Coding Group" action="confirmed" date="1997-04-27"/>
  </code>
  <code code="GPOL">
    <editdetail attribution="Reuters BIP Coding Group" action="confirmed" date="1997-04-27"/>
  </code>
  <code code="GVOTE">
    <editdetail attribution="Reuters BIP Coding Group" action="confirmed" date="1997-04-27"/>
  </code>
</codes>
<dc element="dc.publisher" value="Reuters Holdings Plc"/>
<dc element="dc.date.published" value="1997-04-27"/>
<dc element="dc.source" value="Reuters"/>
<dc element="dc.creator.location.country.name" value="UK"/>
<dc element="dc.source" value="Reuters"/>
</metadata>
</newsitem>
