<?xml version="1.0" encoding="iso-8859-1" ?>
<newsitem itemid="541842" id="root" date="1997-04-27" xml:lang="en">
<title>PORTUGAL: SOCCER-PORTUGUESE FIRST DIVISION SUMMARIES.</title>
<headline>SOCCER-PORTUGUESE FIRST DIVISION SUMMARIES.</headline>
<dateline>LISBON 1997-04-27</dateline>
<text>
<p>Summaries of soccer matches</p>
<p>played in the Portuguese first division on Sunday:</p>
<p> Salgueiros	 1 - Marcos Severo 71</p>
<p> Chaves	     0</p>
<p>HT: 0-0  Att: 10,000</p>
<p>Red card: Toninho Cruz (C) 66</p>
<p>- - - -</p>
<p>Estrela Amadora  0</p>
<p> Uniao Leiria     1 - Joaquim Silva 89</p>
<p>HT: 0-0  Att: 5,000</p>
<p>- - - -</p>
<p> Sporting	   2 - Afonso Martins 27, Jose Vidigal 85</p>
<p> Setubal	    1 - Rashid Yekini 20</p>
<p>HT: 1-1 Att: 20,000</p>
<p>- - - -</p>
<p> Boavista	   7 - Jerrel Jimmy 17, 40, 86, Nuno Gomes 45,</p>
<p>54,  57, Joao Tuck own goal 52</p>
<p> Gil Vicente	0</p>
<p>HT: 3-0  Att: 10,000</p>
<p>- - - -</p>
<p> Espinho	    0</p>
<p> Braga		1 - Mladen Karoglan 22</p>
<p>HT: 0-1 Att: 4,000</p>
<p>- - - -</p>
<p> Rio Ave	    1 - Sergio China 45</p>
<p> Guimaraes	  1 - Vitor Paneira 30 - penalty</p>
<p>HT: 1-1 Att: 8,000</p>
<p>Red card: Gilmar Estevan (G) 77</p>
<p>- - - -</p>
<p> Leca		 3 - Fran 21, 85, Constantino Jardim 31</p>
<p> Belenenses	 2 - Rui Esteves 45 - penalty, Filgueira 90</p>
<p>Red card: Emerson Almeida (B) 89</p>
<p>HT: 2-1 Att: 3,000</p>
<p>- - - -</p>
<p>Played on Saturday:</p>
<p> Farense	    1 - Dragan Punisic 9</p>
<p> Benfica	    2 - Valdir Moraes 22, Edgar Pacheco 76</p>
<p>HT: 1-1 Att: 14,000</p>
<p>Red Card: Carlos Paixao (F) 82</p>
<p>- - - -</p>
<p>Played on Friday:</p>
<p> Maritimo	   0</p>
<p> Porto		2 - Zlatko Zahovic 69, Artur Oliveira 72</p>
<p>HT: 0-0 Att: 10,000</p>
</text>
<copyright>(c) Reuters Limited 1997</copyright>
<metadata>
<codes class="bip:countries:1.0">
  <code code="PORL">
    <editdetail attribution="Reuters BIP Coding Group" action="confirmed" date="1997-04-27"/>
  </code>
</codes>
<codes class="bip:topics:1.0">
  <code code="GCAT">
    <editdetail attribution="Reuters BIP Coding Group" action="confirmed" date="1997-04-27"/>
  </code>
  <code code="GSPO">
    <editdetail attribution="Reuters BIP Coding Group" action="confirmed" date="1997-04-27"/>
  </code>
</codes>
<dc element="dc.date.created" value="1997-04-27"/>
<dc element="dc.publisher" value="Reuters Holdings Plc"/>
<dc element="dc.date.published" value="1997-04-27"/>
<dc element="dc.source" value="Reuters"/>
<dc element="dc.creator.location" value="LISBON"/>
<dc element="dc.creator.location.country.name" value="PORTUGAL"/>
<dc element="dc.source" value="Reuters"/>
</metadata>
</newsitem>
