<?xml version="1.0" encoding="iso-8859-1" ?>
<newsitem itemid="541979" id="root" date="1997-04-27" xml:lang="en">
<title>ZAIRE: Aid officials in Zaire hope for access to refugees.</title>
<headline>Aid officials in Zaire hope for access to refugees.</headline>
<byline>David Fox</byline>
<dateline>KISANGANI, Zaire 1997-04-27</dateline>
<text>
<p>Zairean rebel soldiers on Sunday again blocked aid workers and journalists from going to areas where thousands of Rwandan refugees are believed to have fled, aid officials said.</p>
<p>The officials were hoping for talks with rebel leader Laurent Kabila to try to break the deadlock over access.</p>
<p>The rebels barred travelling further than seven km (four miles) south of Kisangani in northeastern Zaire towards makeshift camps hurriedly abandoned by more than 50,000 Rwandan Hutu refugees last week.</p>
<p>The fate of those who fled after attacks by local villagers and rebel soldiers remained uncertain.</p>
<p>&quot;We have very little hard information,&quot; said Paul Stromberg, spokesman for the United Nations refugee agency UNHCR.</p>
<p>He said aid officials were hoping for a series of meetings with Kabila, who arrived in Kisangani on Saturday night, to convince him of the need to get help to the refugees quickly.</p>
<p>&quot;Even if we find them, the first question we have for Mr Kabila is what kind of assistance can we give them?&quot; he said.</p>
<p>Planes flying over the dense forests south of Kisangani have failed to find any sign of the refugees, although about 50 were ferried north across the Zaire River by villagers in dugout canoes on Saturday.</p>
<p>Stromberg said about 100 others had been sighted at Ubundu, some 125 km (80 miles) south of Kisangani, but he doubted they would have been part of any group that fled last week's fighting.</p>
<p>The European Union's special Great Lakes envoy, Aldo Ajello, arrived in Kisangani on Saturday with a high-level delegation from the EU's &quot;troika&quot;, the group's past, current and future presidencies.</p>
<p>The U.N.'s regional coordinator, Pierce Gerety, was also in town hoping to meet Kabila.</p>
<p>U.N. Secretary-General Kofi Annan has described rebel treatment of the refugees as &quot;slow extermination&quot; and a U.N. food agency spokeswoman, making a comparison with Hitler's Germany, has said: &quot;The expression 'Final Solution' is not exaggerated.&quot;</p>
<p>Some of the refugees played a prominent role in the 1994 slaughter of an estimated 800,000 minority Tutsis and moderate Hutus in Rwanda, and Kabila told Reuters last week that criminals among them had transported their lawlessness to Zaire.</p>
<p>Refugees among those who crossed the river on Saturday could not give a clear picture of what happened to cause their camps to be so swiftly abandoned.</p>
<p>One man, clutching a Bible as he sat in the prow of a canoe, said soldiers had surrounded the camp on Tuesday but local Zaireans armed with machetes and axes had led a series of raids which sparked the exodus.</p>
<p>&quot;There was a lot of shooting, but I didn't see where from or where at,&quot; he said. &quot;We just ran away as fast as we could.&quot;</p>
<p>The 50,000-plus refugees at Kasese, about 35 km (22 miles) south of Kisangani, were among the last of more than a million Hutus who fled Rwanda in 1994 to escape reprisal for the genocide.</p>
<p>Most returned in a huge wave of repatriation sparked by Kabila's sweeping rebel advance through eastern Zaire. But this group instead headed west and marched nearly 500 kms (300 miles) through dense jungle before being overwhelmed by hunger, exhaustion and illness just south of Kisangani.</p>
<p>It was there that the rebel army overtook them.</p>
<p>An outbreak of cholera was cited by rebels as the reason for delaying the start of a planned U.N. airlift of the refugees.</p>
<p>Rebel authorities have blamed local hostility to the refugees on envy sparked by the sight of tons of food and other aid being given to them by aid organisations.</p>
<p>Local Zaireans have looted U.N. warehouses and a train carrying supplies to the camps, but some of them said they had been urged on by rebel soldiers.</p>
</text>
<copyright>(c) Reuters Limited 1997</copyright>
<metadata>
<codes class="bip:countries:1.0">
  <code code="RWANDA">
    <editdetail attribution="Reuters BIP Coding Group" action="confirmed" date="1997-04-27"/>
  </code>
  <code code="UN">
    <editdetail attribution="Reuters BIP Coding Group" action="confirmed" date="1997-04-27"/>
  </code>
  <code code="ZAIRE">
    <editdetail attribution="Reuters BIP Coding Group" action="confirmed" date="1997-04-27"/>
  </code>
</codes>
<codes class="bip:topics:1.0">
  <code code="E51">
    <editdetail attribution="Reuters BIP Coding Group" action="confirmed" date="1997-04-27"/>
  </code>
  <code code="ECAT">
    <editdetail attribution="Reuters BIP Coding Group" action="confirmed" date="1997-04-27"/>
  </code>
  <code code="GCAT">
    <editdetail attribution="Reuters BIP Coding Group" action="confirmed" date="1997-04-27"/>
  </code>
  <code code="GVIO">
    <editdetail attribution="Reuters BIP Coding Group" action="confirmed" date="1997-04-27"/>
  </code>
</codes>
<dc element="dc.date.created" value="1997-04-27"/>
<dc element="dc.publisher" value="Reuters Holdings Plc"/>
<dc element="dc.date.published" value="1997-04-27"/>
<dc element="dc.source" value="Reuters"/>
<dc element="dc.creator.location" value="KISANGANI, Zaire"/>
<dc element="dc.creator.location.country.name" value="ZAIRE"/>
<dc element="dc.source" value="Reuters"/>
</metadata>
</newsitem>
