<?xml version="1.0" encoding="iso-8859-1" ?>
<newsitem itemid="541920" id="root" date="1997-04-27" xml:lang="en">
<title>USA: G7 backs Russia in Paris Club, WTO - Chubais.</title>
<headline>G7 backs Russia in Paris Club, WTO - Chubais.</headline>
<dateline>WASHINGTON 1997-04-27</dateline>
<text>
<p>The Group of Seven Industrialized Countries has given its support to Russia's effort to join the Paris Club and the World Trade Organization, First Deputy Prime Minister Anatoly Chubais said on Sunday.</p>
<p>Chubais said ministers had given &quot;a postive estimation&quot; of the reform process in Russia.  </p>
<p>&quot;We are really satisfied by the result of this meeting,&quot; Chubais, who is also Russian finance minister, said as he left the gathering of G7 finance ministers and central bank chiefs.</p>
<p>&quot;They (the G7 ministers) gave very high, very positive evaluation of the reform process which is going on in Russia.&quot;</p>
<p>Chubais said Russia was working on deadlines of the end of 1998 to join the World Trade Organisation and the end of 1997 to become a creditor member of the Paris Club.</p>
<p>&quot;When we talk about the speeding up of the process of neglotiations for Russia joining the World Trade Organisation and when we talk about Russia joining the Paris Club as a creditor the response we get...was very positive,&quot; he said.</p>
</text>
<copyright>(c) Reuters Limited 1997</copyright>
<metadata>
<codes class="bip:countries:1.0">
  <code code="GSEVEN">
    <editdetail attribution="Reuters BIP Coding Group" action="confirmed" date="1997-04-27"/>
  </code>
  <code code="RUSS">
    <editdetail attribution="Reuters BIP Coding Group" action="confirmed" date="1997-04-27"/>
  </code>
  <code code="USA">
    <editdetail attribution="Reuters BIP Coding Group" action="confirmed" date="1997-04-27"/>
  </code>
</codes>
<codes class="bip:topics:1.0">
  <code code="E51">
    <editdetail attribution="Reuters BIP Coding Group" action="confirmed" date="1997-04-27"/>
  </code>
  <code code="E512">
    <editdetail attribution="Reuters BIP Coding Group" action="confirmed" date="1997-04-27"/>
  </code>
  <code code="ECAT">
    <editdetail attribution="Reuters BIP Coding Group" action="confirmed" date="1997-04-27"/>
  </code>
  <code code="GCAT">
    <editdetail attribution="Reuters BIP Coding Group" action="confirmed" date="1997-04-27"/>
  </code>
  <code code="GDIP">
    <editdetail attribution="Reuters BIP Coding Group" action="confirmed" date="1997-04-27"/>
  </code>
</codes>
<dc element="dc.date.created" value="1997-04-27"/>
<dc element="dc.publisher" value="Reuters Holdings Plc"/>
<dc element="dc.date.published" value="1997-04-27"/>
<dc element="dc.source" value="Reuters"/>
<dc element="dc.creator.location" value="WASHINGTON"/>
<dc element="dc.creator.location.country.name" value="USA"/>
<dc element="dc.source" value="Reuters"/>
</metadata>
</newsitem>
