<?xml version="1.0" encoding="iso-8859-1" ?>
<newsitem itemid="541945" id="root" date="1997-04-27" xml:lang="en">
<title>USA: G7 finance ministers, central bankers start talks.</title>
<headline>G7 finance ministers, central bankers start talks.</headline>
<dateline>WASHINGTON 1997-04-27</dateline>
<text>
<p>Finance ministers and central bank governors of the Group of Seven industrial nations started meeting in Washington shortly after noon (1600 GMT) Sunday.</p>
<p>The talks, grouping officials from the United States, Japan, Germany, France, Britain, Canada and Italy, are expected to last all afternoon, and U.S. Treasury Secretary Robert Rubin is due to brief the press at around 1800 EST (2200 GMT), officials said.</p>
</text>
<copyright>(c) Reuters Limited 1997</copyright>
<metadata>
<codes class="bip:countries:1.0">
  <code code="CANA">
    <editdetail attribution="Reuters BIP Coding Group" action="confirmed" date="1997-04-27"/>
  </code>
  <code code="FRA">
    <editdetail attribution="Reuters BIP Coding Group" action="confirmed" date="1997-04-27"/>
  </code>
  <code code="GFR">
    <editdetail attribution="Reuters BIP Coding Group" action="confirmed" date="1997-04-27"/>
  </code>
  <code code="GSEVEN">
    <editdetail attribution="Reuters BIP Coding Group" action="confirmed" date="1997-04-27"/>
  </code>
  <code code="ITALY">
    <editdetail attribution="Reuters BIP Coding Group" action="confirmed" date="1997-04-27"/>
  </code>
  <code code="JAP">
    <editdetail attribution="Reuters BIP Coding Group" action="confirmed" date="1997-04-27"/>
  </code>
  <code code="UK">
    <editdetail attribution="Reuters BIP Coding Group" action="confirmed" date="1997-04-27"/>
  </code>
  <code code="USA">
    <editdetail attribution="Reuters BIP Coding Group" action="confirmed" date="1997-04-27"/>
  </code>
</codes>
<codes class="bip:topics:1.0">
  <code code="E12">
    <editdetail attribution="Reuters BIP Coding Group" action="confirmed" date="1997-04-27"/>
  </code>
  <code code="ECAT">
    <editdetail attribution="Reuters BIP Coding Group" action="confirmed" date="1997-04-27"/>
  </code>
</codes>
<dc element="dc.date.created" value="1997-04-27"/>
<dc element="dc.publisher" value="Reuters Holdings Plc"/>
<dc element="dc.date.published" value="1997-04-27"/>
<dc element="dc.source" value="Reuters"/>
<dc element="dc.creator.location" value="WASHINGTON"/>
<dc element="dc.creator.location.country.name" value="USA"/>
<dc element="dc.source" value="Reuters"/>
</metadata>
</newsitem>
