<?xml version="1.0" encoding="iso-8859-1" ?>
<newsitem itemid="541990" id="root" date="1997-04-27" xml:lang="en">
<title>SUDAN: Sudan complains to Security Council over Eritrea.</title>
<headline>Sudan complains to Security Council over Eritrea.</headline>
<dateline>KHARTOUM 1997-04-27</dateline>
<text>
<p>Sudan complained to the United Nations Security Council that Eritrea had launched attacks across their border, the official Sudanese news agency SUNA said on Sunday.</p>
<p>The complaint lodged on Saturday followed what Sudanese officials said were statements made by Eritrean President Isayas Afewerki that indicated his country had attacked Sudan, it said.</p>
<p>&quot;The confession by the president of the Eritrean regime confirms the evidence already present of Eritrea's involvement,&quot; SUNA quoted Foreign Minister Ali Osman Mohammad Taha as saying.</p>
<p>The agency said Taha had lodged similiar complaints to the Arab League, the Organisation of African Unity and the Organisation of the Islamic Conference.</p>
<p>Khartoum has accused Eritrea, Ethiopia and Uganda of helping northern and southern rebels launch anti-government attacks in the northeast and the south. All three countries deny the charge.</p>
</text>
<copyright>(c) Reuters Limited 1997</copyright>
<metadata>
<codes class="bip:countries:1.0">
  <code code="ERTRA">
    <editdetail attribution="Reuters BIP Coding Group" action="confirmed" date="1997-04-27"/>
  </code>
  <code code="SUDAN">
    <editdetail attribution="Reuters BIP Coding Group" action="confirmed" date="1997-04-27"/>
  </code>
  <code code="UN">
    <editdetail attribution="Reuters BIP Coding Group" action="confirmed" date="1997-04-27"/>
  </code>
</codes>
<codes class="bip:topics:1.0">
  <code code="GCAT">
    <editdetail attribution="Reuters BIP Coding Group" action="confirmed" date="1997-04-27"/>
  </code>
  <code code="GDIP">
    <editdetail attribution="Reuters BIP Coding Group" action="confirmed" date="1997-04-27"/>
  </code>
  <code code="GVIO">
    <editdetail attribution="Reuters BIP Coding Group" action="confirmed" date="1997-04-27"/>
  </code>
</codes>
<dc element="dc.date.created" value="1997-04-27"/>
<dc element="dc.publisher" value="Reuters Holdings Plc"/>
<dc element="dc.date.published" value="1997-04-27"/>
<dc element="dc.source" value="Reuters"/>
<dc element="dc.creator.location" value="KHARTOUM"/>
<dc element="dc.creator.location.country.name" value="SUDAN"/>
<dc element="dc.source" value="Reuters"/>
</metadata>
</newsitem>
