<?xml version="1.0" encoding="iso-8859-1" ?>
<newsitem itemid="541911" id="root" date="1997-04-27" xml:lang="en">
<title>USA: Rubin - Japan should seek domestic demand-led growth.</title>
<headline>Rubin - Japan should seek domestic demand-led growth.</headline>
<dateline>WASHINGTON 1997-04-27</dateline>
<text>
<p>U.S. Treasury Secretary Robert Rubin said Sunday that Japan should seek to achieve domestic demand-led growth without increasing its current account surplus.</p>
<p>&quot;It is very important for Japan, very important for the rest of the world that these objectives be met. We will all need to watch and see how this works out,&quot; Rubin told reporters, adding that this would be done in the period ahead.</p>
<p>Meeting with reporters following a gathering of the Group of Seven industrialized countries, Rubin also declined to go beyond an official communique on currency policies.  </p>
<p>Rubin also said that he believed the outlook for the U.S. economy was one of solid growth with low inflation.</p>
<p>He told reporters that he did not see any reemergence of inflation, but conceded that it was important to be watchful.</p>
<p>Asked about the impact of the European Monetary Union, Rubin said he did not think it would affect the U.S. economy one way or the other, adding that he believed the dollar would continue to be the reserve currency.  </p>
<p>Rubin said the G7 ministers seem to be somewhat more optimistic about the outlook for economic growth, but &quot;that was tempered by a recognition of the many challenges we each still face.&quot;</p>
<p>While Rubin said that he did not see any indications at the present time of a resurgence of inflation, &quot;one always has to be watchful in respect to inflation.&quot;</p>
<p>He added that, &quot;It would not be my expectation based upon what I am seeing now that there would be a resurgence of inflation.&quot;</p>
<p>Asked about European monetary union, Rubin said, &quot;We would not think that the effect on the U.S. economy would be particularly significant one way or the other.&quot;</p>
<p>&quot;The bottom line,&quot; he continued, &quot;is that we would expect the dollar to remain a reserve currency and the effects on the United States would not be particularly significant.&quot;</p>
</text>
<copyright>(c) Reuters Limited 1997</copyright>
<metadata>
<codes class="bip:countries:1.0">
  <code code="JAP">
    <editdetail attribution="Reuters BIP Coding Group" action="confirmed" date="1997-04-27"/>
  </code>
  <code code="USA">
    <editdetail attribution="Reuters BIP Coding Group" action="confirmed" date="1997-04-27"/>
  </code>
</codes>
<codes class="bip:topics:1.0">
  <code code="E12">
    <editdetail attribution="Reuters BIP Coding Group" action="confirmed" date="1997-04-27"/>
  </code>
  <code code="E21">
    <editdetail attribution="Reuters BIP Coding Group" action="confirmed" date="1997-04-27"/>
  </code>
  <code code="E211">
    <editdetail attribution="Reuters BIP Coding Group" action="confirmed" date="1997-04-27"/>
  </code>
  <code code="ECAT">
    <editdetail attribution="Reuters BIP Coding Group" action="confirmed" date="1997-04-27"/>
  </code>
</codes>
<dc element="dc.date.created" value="1997-04-27"/>
<dc element="dc.publisher" value="Reuters Holdings Plc"/>
<dc element="dc.date.published" value="1997-04-27"/>
<dc element="dc.source" value="Reuters"/>
<dc element="dc.creator.location" value="WASHINGTON"/>
<dc element="dc.creator.location.country.name" value="USA"/>
<dc element="dc.source" value="Reuters"/>
</metadata>
</newsitem>
