<?xml version="1.0" encoding="iso-8859-1" ?>
<newsitem itemid="541929" id="root" date="1997-04-27" xml:lang="en">
<title>USA: Zalm doubts talk of Camdessus as EU central banker.</title>
<headline>Zalm doubts talk of Camdessus as EU central banker.</headline>
<dateline>WASHINGTON 1997-04-27</dateline>
<text>
<p>Dutch Finance Minister Gerrit Zalm said on Sunday he thought there was no truth to speculation of a deal to appoint IMF chief Michel Camdessus as the first head of the future European Central Bank.</p>
<p>&quot;I haven't heard of it. I don't think it's true,&quot; he told reporters on the sidelines of the semiannual meeting of the International Monetary Fund and World Bank.</p>
<p>Newspapers had speculated about a secret deal between France and Germany whereby Camdessus, a Frenchman, would head the ECB while a German would take over his post as managing director of the IMF.</p>
<p>Dutch Central Bank head Wim Duisenberg, due to take over this year as head of the ECB's forerunner, the European Monetary Institute, is tipped as favorite for the ECB job.</p>
<p>But France has said it should not be automatically assumed that Duisenberg will move from the EMI to the ECB, raising speculation it might want the job at the central bank to go to a Frenchman.</p>
<p>Camdessus has declined comment on the speculation.</p>
</text>
<copyright>(c) Reuters Limited 1997</copyright>
<metadata>
<codes class="bip:countries:1.0">
  <code code="EEC">
    <editdetail attribution="Reuters BIP Coding Group" action="confirmed" date="1997-04-27"/>
  </code>
  <code code="GFR">
    <editdetail attribution="Reuters BIP Coding Group" action="confirmed" date="1997-04-27"/>
  </code>
  <code code="NETH">
    <editdetail attribution="Reuters BIP Coding Group" action="confirmed" date="1997-04-27"/>
  </code>
  <code code="USA">
    <editdetail attribution="Reuters BIP Coding Group" action="confirmed" date="1997-04-27"/>
  </code>
</codes>
<codes class="bip:industries:1.0">
  <code code="I81501">
    <editdetail attribution="Reuters BIP Coding Group" action="confirmed" date="1997-04-27"/>
  </code>
  <code code="I8150106">
    <editdetail attribution="Reuters BIP Coding Group" action="confirmed" date="1997-04-27"/>
  </code>
</codes>
<codes class="bip:topics:1.0">
  <code code="C41">
    <editdetail attribution="Reuters BIP Coding Group" action="confirmed" date="1997-04-27"/>
  </code>
  <code code="CCAT">
    <editdetail attribution="Reuters BIP Coding Group" action="confirmed" date="1997-04-27"/>
  </code>
  <code code="G15">
    <editdetail attribution="Reuters BIP Coding Group" action="confirmed" date="1997-04-27"/>
  </code>
  <code code="G154">
    <editdetail attribution="Reuters BIP Coding Group" action="confirmed" date="1997-04-27"/>
  </code>
  <code code="GCAT">
    <editdetail attribution="Reuters BIP Coding Group" action="confirmed" date="1997-04-27"/>
  </code>
</codes>
<dc element="dc.date.created" value="1997-04-27"/>
<dc element="dc.publisher" value="Reuters Holdings Plc"/>
<dc element="dc.date.published" value="1997-04-27"/>
<dc element="dc.source" value="Reuters"/>
<dc element="dc.creator.location" value="WASHINGTON"/>
<dc element="dc.creator.location.country.name" value="USA"/>
<dc element="dc.source" value="Reuters"/>
</metadata>
</newsitem>
