<?xml version="1.0" encoding="iso-8859-1" ?>
<newsitem itemid="541952" id="root" date="1997-04-27" xml:lang="en">
<title>USA: Zaire needs economic reforms - Belgium's Maystadt.</title>
<headline>Zaire needs economic reforms - Belgium's Maystadt.</headline>
<dateline>WASHINGTON 1997-04-26</dateline>
<text>
<p>Zaire will need to implement long-term economic reforms if its creditors are to ease the burden of its foreign debt, Belgian Finance Minister Philippe Maystadt said on Saturday.</p>
<p>&quot;We hope that the new government would engage in a durable program of reforms which might allow all creditors to help Zaire,&quot; he told reporters.</p>
<p>&quot;We need evidence a new Zaire government is clearly committed to the necessary reforms,&quot; he added.</p>
<p>Maystadt was speaking during the semi-annual meeting of the World Bank and International Monetary Fund (IMF) in Washington, where he chairs the IMF's policy-making interim committee.</p>
<p>He had been asked what he thought the Zaire conflict meant for its own and other African economies, which the IMF and World Bank are now trying to help with a new debt relief initiative.</p>
<p>Zaire in theory would be eligible to benefit from the initiative if it brought its civil war to an end and implemented economic reforms.</p>
<p>Rebels seeking to oust Zaire President Mobutu Sese Seko have overrun around two-thirds of the country.</p>
<p>Earlier this week the IMF and World Bank approved debt relief for Uganda, the first to benefit from an initiative meant to help some 15 to 20 poor countries, mostly in Africa.</p>
</text>
<copyright>(c) Reuters Limited 1997</copyright>
<metadata>
<codes class="bip:countries:1.0">
  <code code="BELG">
    <editdetail attribution="Reuters BIP Coding Group" action="confirmed" date="1997-04-27"/>
  </code>
  <code code="USA">
    <editdetail attribution="Reuters BIP Coding Group" action="confirmed" date="1997-04-27"/>
  </code>
  <code code="ZAIRE">
    <editdetail attribution="Reuters BIP Coding Group" action="confirmed" date="1997-04-27"/>
  </code>
</codes>
<codes class="bip:topics:1.0">
  <code code="E12">
    <editdetail attribution="Reuters BIP Coding Group" action="confirmed" date="1997-04-27"/>
  </code>
  <code code="E21">
    <editdetail attribution="Reuters BIP Coding Group" action="confirmed" date="1997-04-27"/>
  </code>
  <code code="E212">
    <editdetail attribution="Reuters BIP Coding Group" action="confirmed" date="1997-04-27"/>
  </code>
  <code code="ECAT">
    <editdetail attribution="Reuters BIP Coding Group" action="confirmed" date="1997-04-27"/>
  </code>
  <code code="GCAT">
    <editdetail attribution="Reuters BIP Coding Group" action="confirmed" date="1997-04-27"/>
  </code>
  <code code="GPOL">
    <editdetail attribution="Reuters BIP Coding Group" action="confirmed" date="1997-04-27"/>
  </code>
  <code code="GVIO">
    <editdetail attribution="Reuters BIP Coding Group" action="confirmed" date="1997-04-27"/>
  </code>
</codes>
<dc element="dc.date.created" value="1997-04-26"/>
<dc element="dc.publisher" value="Reuters Holdings Plc"/>
<dc element="dc.date.published" value="1997-04-27"/>
<dc element="dc.source" value="Reuters"/>
<dc element="dc.creator.location" value="WASHINGTON"/>
<dc element="dc.creator.location.country.name" value="USA"/>
<dc element="dc.source" value="Reuters"/>
</metadata>
</newsitem>
