<?xml version="1.0" encoding="iso-8859-1" ?>
<newsitem itemid="542095" id="root" date="1997-04-27" xml:lang="en">
<title>INDONESIA: Indonesian election campaign opens without trouble.</title>
<headline>Indonesian election campaign opens without trouble.</headline>
<byline>Ian MacKenzie</byline>
<dateline>JAKARTA 1997-04-27</dateline>
<text>
<p>Indonesian political leaders spread out through the sprawling archipelago on Sunday at the start of a month-long general election campaign to woo nearly 125 million voters in the world's fourth-largest nation.</p>
<p>President Suharto's eldest daughter, businesswoman Siti Hardyanti &quot;Tutut&quot; Rukmana, joined other leaders in appealing for peace and unity when she kicked off the campaign of the ruling Golkar at Semarang in volatile central Java.</p>
<p>&quot;We must be watchful of security. We must be orderly,&quot; she told about 10,000 people in the industrial port city. Tutut is also one of seven chairmen of Golkar.</p>
<p>Populous central Java has been hit by pre-campaign violence in recent weeks, primarily between supporters of Golkar and the Moslem-oriented United Development Party (PPP).</p>
<p>Golkar, the PPP and the Indonesian Democratic Party (PDI), the only three groups legally permitted to contest the May 29 local and national elections, have agreed to campaign each day in separate areas of the country.</p>
<p>On Sunday, Golkar was campaigning across Java and in the remote Mulukus and Irian Jaya in the east. It is seeking more than 70 percent of the vote after taking 68 percent in the last elections in 1992.</p>
<p>The United Development Party, which won 17 percent of the vote in 1992, was campaigning in Sumatra, the resort island of Bali and its adjacent Nusa Tenggara islands.</p>
<p>The PDI, badly split since its leader Megawati Sukarnoputri was ousted by government-backed rebels last year, was seeking voter backing in Kalimantan on Borneo island and Sulawesi. It took 15 percent in 1992.</p>
<p>Reuter correspondent Jim Della-Giacoma reported from Semarang that about 10,000 people were at the fairground, where Tutut also called on the electorate not to spoil their ballots or boycott the polls.</p>
<p>&quot;We must all join in the general election because it ensures the future of the nation. You must not join 'golput' (spoil ballots or abstain from voting),&quot; Tutut added.</p>
<p>A huge banner draped around a Ferris wheel on one side of the fairground proclaiming &quot;Golkar is my choice&quot; was ripped away by a stiff breeze during the rally.</p>
<p>Central Java was awash with yellow banners, vastly outnumbering the green symbol of the United Development Party and the red of the PDI.</p>
<p>Security was low-key with few troops in evidence. Golkar officials were providing the main security at the Semarang rally. Armed forces chief General Feisal Tanjung has pledged the military would prevent violence.</p>
<p>Indonesian markets were jittery last week on fears of possible campaign violence. The rupiah dropped 20 points to 2,440.50 to the dollar before moving back to 2,436 by Saturday.</p>
<p>The Jakarta Stock Exchange was little changed on Friday, with the composite index closing at 652.4 points, but brokers attributed some profit-taking to election nerves.</p>
<p>&quot;The crucial point is Sunday and Monday. People are looking at the start of the campaign which should give indications whether the authorities have things under control,&quot; a foreign exchange dealer said.</p>
</text>
<copyright>(c) Reuters Limited 1997</copyright>
<metadata>
<codes class="bip:countries:1.0">
  <code code="INDON">
    <editdetail attribution="Reuters BIP Coding Group" action="confirmed" date="1997-04-27"/>
  </code>
</codes>
<codes class="bip:topics:1.0">
  <code code="GCAT">
    <editdetail attribution="Reuters BIP Coding Group" action="confirmed" date="1997-04-27"/>
  </code>
  <code code="GPOL">
    <editdetail attribution="Reuters BIP Coding Group" action="confirmed" date="1997-04-27"/>
  </code>
  <code code="GVOTE">
    <editdetail attribution="Reuters BIP Coding Group" action="confirmed" date="1997-04-27"/>
  </code>
</codes>
<dc element="dc.date.created" value="1997-04-27"/>
<dc element="dc.publisher" value="Reuters Holdings Plc"/>
<dc element="dc.date.published" value="1997-04-27"/>
<dc element="dc.source" value="Reuters"/>
<dc element="dc.creator.location" value="JAKARTA"/>
<dc element="dc.creator.location.country.name" value="INDONESIA"/>
<dc element="dc.source" value="Reuters"/>
</metadata>
</newsitem>
