<?xml version="1.0" encoding="iso-8859-1" ?>
<newsitem itemid="542052" id="root" date="1997-04-27" xml:lang="en">
<title>NEW ZEALAND: NZ SPORT-O'Halloran magic seals win for Hurricanes.</title>
<headline>NZ SPORT-O'Halloran magic seals win for Hurricanes.</headline>
<text>
<p>WELLINGTON, April 28 - Wellington Hurricanes man-for-all-occasions Jason O'Halloran thought his team was staring defeat in the face halfway through the second half of Saturday's Super 12 rugby match against Otago at Athletic Park.</p>
<p>Then he produced his piece of magic -- and not for the first time this season, NZPA reports.</p>
<p>The Hurricanes, 41-3 up after 14 minutes of the second half but battling with a series of injuries, conceded tries in the 16th, 18th, 26th and 31st minutes of the half as Otago switched on.  </p>
<p>In fact in those 15 minutes Hurricanes players touched the ball just three times, and just as rapidly lost it. One was turned over, a second kicked away by replacement centre Mark Ranby. Things were becoming desperate, said O'Halloran.</p>
<p>&quot;I thought we were going to get rolled halfway through the half,&quot; he said.</p>
<p>&quot;At 10 minutes to go and just 11 points up I felt the best we could do was to hold on and keep them out as long as possible before the next try.  </p>
<p>&quot;I thought then that we might manage to sneak in by four points. I was more than certain they were at least going to get another one.&quot;</p>
<p>But after those 15 minutes of hectic chasing and tackling, the Hurricanes finally managed to secure scrum possession on the Otago 22. The ball went left from a ruck, going nowhere, and O'Halloran called for the ball.</p>
<p>&quot;I didn't feel anything was on to the left so I called Marty (Leslie) to give the ball to me behind the ruck. I skirted to the right and we had a three-to-two advantage there. I feinted to put one over the top, and my guy sat back a bit.  </p>
<p>&quot;I think it was a flanker -- luckily it was a forward, so I scooted around him and under the bar.&quot;</p>
<p>It wasn't the first time this season O'Halloran has pulled the rug from under an opposition's feet.</p>
<p>Two further tries were added by the Hurricanes against flimsy Otago defence -- making 14 for the match -- to make the final margin a little flattering.</p>
<p>The five points from the win has given the side a fine semifinal chance, despite crippling injuries to centre Alama Ieremia, who has a broken collarbone, and No 8 Karl Williams, who tore a groin muscle.  </p>
<p>The match, before 35,000 spectators, was notable for fine individual performances by O'Halloran, Tana Umaga, Alex Telea and Stephen Bachop in the backs, but the forwards became disrupted by injury and could not establish a set piece platform in the second half.</p>
<p>Umaga was superb with his three tries. He is really pushing his case for further recognition by a national panel which has so far refused to acknowledge his class.</p>
<p>But this is a different Umaga this season, who cannot be ignored.</p>
<p>&quot;He's been Mr Consistent,&quot; O'Halloran added.  </p>
<p>&quot;It's what we've come to expect from him. They (the All Black selectors) have to be looking at him now. I can't see a better winger in the competition.&quot;</p>
<p>Taine Randell and Josh Kronfeld had big moments in the Otago forwards and fullback Matthew Carrington is a classy mover.</p>
</text>
<copyright>(c) Reuters Limited 1997</copyright>
<metadata>
<codes class="bip:countries:1.0">
  <code code="NZ">
    <editdetail attribution="Reuters BIP Coding Group" action="confirmed" date="1997-04-27"/>
  </code>
</codes>
<codes class="bip:topics:1.0">
  <code code="GCAT">
    <editdetail attribution="Reuters BIP Coding Group" action="confirmed" date="1997-04-27"/>
  </code>
  <code code="GDIS">
    <editdetail attribution="Reuters BIP Coding Group" action="confirmed" date="1997-04-27"/>
  </code>
  <code code="GENV">
    <editdetail attribution="Reuters BIP Coding Group" action="confirmed" date="1997-04-27"/>
  </code>
</codes>
<dc element="dc.publisher" value="Reuters Holdings Plc"/>
<dc element="dc.date.published" value="1997-04-27"/>
<dc element="dc.source" value="Reuters"/>
<dc element="dc.creator.location.country.name" value="NEW ZEALAND"/>
<dc element="dc.source" value="Reuters"/>
</metadata>
</newsitem>
