<?xml version="1.0" encoding="iso-8859-1" ?>
<newsitem itemid="542084" id="root" date="1997-04-27" xml:lang="en">
<title>AUSTRALIA: Australia bank inquiry rejects S&amp;L-type danger.</title>
<headline>Australia bank inquiry rejects S&amp;L-type danger.</headline>
<dateline>SYDNEY 1997-04-27</dateline>
<text>
<p>A member of the Wallis committee reviewing Australia's financial system on Sunday rejected criticism of its findings by Commonwealth Bank of Australia managing director David Murray as &quot;almost absurd&quot;.</p>
<p>Jeff Carmichael said the committee was surprised by Murray's warning last week that proposed changes to Australia's system of prudential regulation could lead to U.S. savings and loan type collapses and accused him of scaremongering.</p>
<p>&quot;I think it is an almost absurd comparison and one that doesn't do the credibility of his position much good at all,&quot; Carmichael said on the Nine Network's Business Sunday programme.</p>
<p>Murray last week launched the first major attack on the Wallis report since its release earlier this month, criticising plans to open up the banking payments system to greater competition and strip the Reserve Bank of Australia of its prudential supervision role.</p>
<p>Carmichael said there was no suggestion of lowering Australia's prudential standards.</p>
<p>&quot;None of the characteristics of the savings and loans situation are present in this system that we have recommended,&quot; he said.</p>
<p>&quot;Nor for that matter are they present in the system we have at the moment for both banks and non-banks,&quot; he added. &quot;We have a much greater focus on risk management, on capital and none of the prescriptions that led to the problems in the U.S..&quot;</p>
<p>At present the Reserve Bank requires banks and others with banking licences to meet strict prudential requirements on capital reserves and stops non-banks from issuing cheques or allowing them access to the overnight payments system.</p>
<p>The inquiry, headed by businessman Stan Wallis, recommended that non-banks such as pension funds, building societies and even telecommunications groups be allowed access to the payments system and be covered by a single new body called the Australian Prudential Regulation Commission.</p>
<p>Carmichael said the idea was for all institutions to be on the same playing field and meet the same regulatory requirements.</p>
<p>&quot;It is up to the regulator to make sure there is some uniformity or some minimum standard in that prudential basis of all those institutions that are allowed to offer deposits,&quot; he said.</p>
<p>&quot;We have taken the view that there is nothing special about banks.&quot;</p>
<p>Carmichael said Murray was &quot;very conservative, he's very cosy where he is&quot;.</p>
<p>Asked if Murray's comments were scare mongering, Carmichael said: &quot;I very much think so&quot;.</p>
<p>-- Sydney Newsroom 61-2 9373-1800</p>
</text>
<copyright>(c) Reuters Limited 1997</copyright>
<metadata>
<codes class="bip:countries:1.0">
  <code code="AUSTR">
    <editdetail attribution="Reuters BIP Coding Group" action="confirmed" date="1997-04-27"/>
  </code>
</codes>
<codes class="bip:industries:1.0">
  <code code="I81402">
    <editdetail attribution="Reuters BIP Coding Group" action="confirmed" date="1997-04-27"/>
  </code>
</codes>
<codes class="bip:topics:1.0">
  <code code="C13">
    <editdetail attribution="Reuters BIP Coding Group" action="confirmed" date="1997-04-27"/>
  </code>
  <code code="C31">
    <editdetail attribution="Reuters BIP Coding Group" action="confirmed" date="1997-04-27"/>
  </code>
  <code code="CCAT">
    <editdetail attribution="Reuters BIP Coding Group" action="confirmed" date="1997-04-27"/>
  </code>
</codes>
<dc element="dc.date.created" value="1997-04-27"/>
<dc element="dc.publisher" value="Reuters Holdings Plc"/>
<dc element="dc.date.published" value="1997-04-27"/>
<dc element="dc.source" value="Reuters"/>
<dc element="dc.creator.location" value="SYDNEY"/>
<dc element="dc.creator.location.country.name" value="AUSTRALIA"/>
<dc element="dc.source" value="Reuters"/>
</metadata>
</newsitem>
