<?xml version="1.0" encoding="iso-8859-1" ?>
<newsitem itemid="542090" id="root" date="1997-04-27" xml:lang="en">
<title>MALAYSIA: MAS says to benefit from open skies agreement.</title>
<headline>MAS says to benefit from open skies agreement.</headline>
<dateline>KUALA LUMPUR 1997-04-27</dateline>
<text>
<p>Malaysia's national carrier, Malaysian Airline System Bhd (MAS) said on Sunday that the &quot;open skies&quot; agreement between United States and Malaysia would benefit the airline.</p>
<p>&quot;MAS is very well positioned to take advantage of the open skies agreement,&quot; said MAS chairman Tajudin Ramli. &quot;It will definitely improve our profits.&quot;</p>
<p>Malaysian Transport Minister said last week that the United States and Malaysia have agreed on an &quot;open skies&quot; treaty liberalising air travel between the countries.  </p>
<p>The agreement would provide for unlimited landings and intermediate points to continue flights to other countries, Ling said.</p>
<p>Tajudin said MAS was looking for other airlines to operate along the east coast of the United States as its capacity at present could not cover the U.S. market as a whole.</p>
<p>&quot;We are looking at two options on whether to go direct or code-sharing,&quot; he told reporters after witnessing the arrival of MAS's first Boeing 777-200.</p>
</text>
<copyright>(c) Reuters Limited 1997</copyright>
<metadata>
<codes class="bip:countries:1.0">
  <code code="MALAY">
    <editdetail attribution="Reuters BIP Coding Group" action="confirmed" date="1997-04-27"/>
  </code>
  <code code="USA">
    <editdetail attribution="Reuters BIP Coding Group" action="confirmed" date="1997-04-27"/>
  </code>
</codes>
<codes class="bip:industries:1.0">
  <code code="I75000">
    <editdetail attribution="Reuters BIP Coding Group" action="confirmed" date="1997-04-27"/>
  </code>
</codes>
<codes class="bip:topics:1.0">
  <code code="C13">
    <editdetail attribution="Reuters BIP Coding Group" action="confirmed" date="1997-04-27"/>
  </code>
  <code code="C21">
    <editdetail attribution="Reuters BIP Coding Group" action="confirmed" date="1997-04-27"/>
  </code>
  <code code="CCAT">
    <editdetail attribution="Reuters BIP Coding Group" action="confirmed" date="1997-04-27"/>
  </code>
</codes>
<dc element="dc.date.created" value="1997-04-27"/>
<dc element="dc.publisher" value="Reuters Holdings Plc"/>
<dc element="dc.date.published" value="1997-04-27"/>
<dc element="dc.source" value="Reuters"/>
<dc element="dc.creator.location" value="KUALA LUMPUR"/>
<dc element="dc.creator.location.country.name" value="MALAYSIA"/>
<dc element="dc.source" value="Reuters"/>
</metadata>
</newsitem>
