<?xml version="1.0" encoding="iso-8859-1" ?>
<newsitem itemid="542015" id="root" date="1997-04-27" xml:lang="en">
<title>MEXICO: Mexican President to visit United States.</title>
<headline>Mexican President to visit United States.</headline>
<dateline>MEXICO CITY 1997-04-27</dateline>
<text>
<p>Mexican leader Ernesto Zedillo travels to the United States on Monday for a three-day trip ahead of President Bill Clinton's own visit to Mexico a week later, officials said on Sunday.</p>
<p>Zedillo will leave Mexico early on Monday for Atlanta to attend a conference later in the day at the Carter Centre for Latin American Affairs, the presidents' office said in a statement.</p>
<p>On Tuesday, he is scheduled to take part in a CNN World Contributors Conference, to be broadcast by the Atlanta-based cable television network.</p>
<p>U.N. Secretary General Kofi Anan, Georgia Gov. Zell Miller and CNN head Ted Turner are slated to attend a lunch in Zedillo's honour later in the day, the statement said.</p>
<p>Zedillo, who took office in 1994 after replacing slain ruling party candidate Luis Donaldo Colosio, returns to Mexico on Wednesday.</p>
<p>Clinton is scheduled to visit Mexico from May 5-7 in a visit that is largely seen as a goodwill gesture after recent tensions between both nations over Mexico's inability to stop the flow of illegal drugs to the United States.</p>
</text>
<copyright>(c) Reuters Limited 1997</copyright>
<metadata>
<codes class="bip:countries:1.0">
  <code code="MEX">
    <editdetail attribution="Reuters BIP Coding Group" action="confirmed" date="1997-04-27"/>
  </code>
  <code code="USA">
    <editdetail attribution="Reuters BIP Coding Group" action="confirmed" date="1997-04-27"/>
  </code>
</codes>
<codes class="bip:topics:1.0">
  <code code="GCAT">
    <editdetail attribution="Reuters BIP Coding Group" action="confirmed" date="1997-04-27"/>
  </code>
  <code code="GDIP">
    <editdetail attribution="Reuters BIP Coding Group" action="confirmed" date="1997-04-27"/>
  </code>
</codes>
<dc element="dc.date.created" value="1997-04-27"/>
<dc element="dc.publisher" value="Reuters Holdings Plc"/>
<dc element="dc.date.published" value="1997-04-27"/>
<dc element="dc.source" value="Reuters"/>
<dc element="dc.creator.location" value="MEXICO CITY"/>
<dc element="dc.creator.location.country.name" value="MEXICO"/>
<dc element="dc.source" value="Reuters"/>
</metadata>
</newsitem>
