<?xml version="1.0" encoding="iso-8859-1" ?>
<newsitem itemid="542047" id="root" date="1997-04-27" xml:lang="en">
<title>NEW ZEALAND: PRESS DIGEST - New Zealand newspapers - April 28.</title>
<headline>PRESS DIGEST - New Zealand newspapers - April 28.</headline>
<text>
<p>THE DOMINION</p>
<p>Bolger steers clear of super row: Prime Minister Jim Bolger will not stick his neck out over a bid by Treasurer Winston Peters -- opposed by some National MPs -- to have the compulsory superannuation scheme entrenched by legislation if it is passed by referendum. Page 1.</p>
<p>----</p>
<p>Labour seeks to regain Maori support: Labour's battle to woo back Maori voters dominated debate during the party's Wellington regional conference. Page 2.</p>
<p>----</p>
<p>Creech wavers on student allowances: Education Minister Wyatt Creech cannot guarantee that universal living allowances will be introduced for tertiary students. Page 2.</p>
<p>----</p>
<p>English taking hard line on CHEs: The government intends to take a hard line on extra money for hospitals claiming revenue problems, Health Minister Bill English has said. Page 2.</p>
<p>----</p>
<p>Parliament 'palace' on Cabinet agenda: The future of the $94 million proposed ministerial building is back on the Cabinet's agenda today. Page 2.  </p>
<p>----</p>
<p>Moore says government should back Dairy Board: Labour MP and former trade minister Mike Moore on Sunday renewed demands for the government to go in to bat for the Dairy Board after six board officials in Europe were arrested on fraud charges. Page 2.</p>
<p>----</p>
<p>Confidence slips across all sectors: Business confidence has fallen since the formation of the Coalition Government and positive signs of economic growth are &quot;few and far between,&quot; according to the Institute of Economic Research. Page 12.  </p>
<p>----</p>
<p>Lyttelton sales: Two Canterbury district councils sold their shares in Lyttelton Port Company on Wednesday. The Waimakariri and Banks Peninsula district councils sold their shares to AMP Investments (NZ). Page 12.</p>
<p>----</p>
<p>THE PRESS</p>
<p>'Horrific' road toll for the holiday: Observance of basic road safety rules would have prevented the &quot;horrific&quot; number of road deaths over the holiday weekend.</p>
<p>----</p>
<p>CBD hoping to raise $29.5m: Auckland-based property investor CBD NZ hopes to raise between $19.5 million and $29.5 million through an issue of $1 shares.</p>
<p>----</p>
<p> THE NEW ZEALAND HERALD</p>
<p>    Govt likely to approve 'palace': Lavish building to go ahead despite controversy: Government plans to release costings to justify cabinet approval today for spending of nearly $100 million on a new building in Wellington.</p>
<p>    ----</p>
<p>    Strong kiwi eats price gains: The continuing strength of the New Zealand dollar limited gains from stronger world commodity prices during March ANZ says.</p>
<p>    ----</p>
<p>    Market spread for butter sought: The Dairy Board is looking at marked opportunities for its spreadable butter in both Australia and Chile, says a director, Richard Booth.</p>
<p>    --Wellington Newsroom (64 4) 4734746</p>
</text>
<copyright>(c) Reuters Limited 1997</copyright>
<metadata>
<codes class="bip:countries:1.0">
  <code code="NZ">
    <editdetail attribution="Reuters BIP Coding Group" action="confirmed" date="1997-04-27"/>
  </code>
</codes>
<codes class="bip:topics:1.0">
  <code code="GCAT">
    <editdetail attribution="Reuters BIP Coding Group" action="confirmed" date="1997-04-27"/>
  </code>
</codes>
<dc element="dc.publisher" value="Reuters Holdings Plc"/>
<dc element="dc.date.published" value="1997-04-27"/>
<dc element="dc.source" value="Reuters"/>
<dc element="dc.creator.location.country.name" value="NEW ZEALAND"/>
<dc element="dc.source" value="Reuters"/>
</metadata>
</newsitem>
