<?xml version="1.0" encoding="iso-8859-1" ?>
<newsitem itemid="542026" id="root" date="1997-04-27" xml:lang="en">
<title>BRAZIL: Brazil policeman sentenced to 449 years for murders.</title>
<headline>Brazil policeman sentenced to 449 years for murders.</headline>
<dateline>RIO DE JANEIRO 1997-04-27</dateline>
<text>
<p>A Brazilian judge sentenced a former policeman on Sunday to 449 years in prison for his role in an August 1993 massacre at a Rio de Janeiro slum in which 21 people died, authorities said.</p>
<p>Judge Jose Geraldo Antonio of Rio's Second Tribunal sentenced Paulo Roberto Alvarenga, 38, to 449 years and eight months after he was found guilty on 21 counts of murder and four counts of attempted murder, a court spokeswoman said.</p>
<p>Alvarenga was the first of 52 policemen to be tried in connection with the August 30, 1993, massacre at Vigario Geral, a Rio shanty town.</p>
<p>Alvarenga was named by witnesses as being one of 20 hooded gunmen who used automatic weapons and shotguns to mow down residents of the slum to avenge the deaths of four officers.</p>
<p>Despite Alvarenga's lenghty sentence, no one can serve more than 30 years for any crime under Brazilian law and many convicted murderers are released on parole long before then.</p>
</text>
<copyright>(c) Reuters Limited 1997</copyright>
<metadata>
<codes class="bip:countries:1.0">
  <code code="BRAZ">
    <editdetail attribution="Reuters BIP Coding Group" action="confirmed" date="1997-04-27"/>
  </code>
</codes>
<codes class="bip:topics:1.0">
  <code code="GCAT">
    <editdetail attribution="Reuters BIP Coding Group" action="confirmed" date="1997-04-27"/>
  </code>
  <code code="GCRIM">
    <editdetail attribution="Reuters BIP Coding Group" action="confirmed" date="1997-04-27"/>
  </code>
</codes>
<dc element="dc.date.created" value="1997-04-27"/>
<dc element="dc.publisher" value="Reuters Holdings Plc"/>
<dc element="dc.date.published" value="1997-04-27"/>
<dc element="dc.source" value="Reuters"/>
<dc element="dc.creator.location" value="RIO DE JANEIRO"/>
<dc element="dc.creator.location.country.name" value="BRAZIL"/>
<dc element="dc.source" value="Reuters"/>
</metadata>
</newsitem>
