<?xml version="1.0" encoding="iso-8859-1" ?>
<newsitem itemid="542062" id="root" date="1997-04-27" xml:lang="en">
<title>AUSTRALIA: Australian Explorers Index gains 0.12 pct in week.</title>
<headline>Australian Explorers Index gains 0.12 pct in week.</headline>
<dateline>PERTH 1996-04-28</dateline>
<text>
<p>Perth stockbroker Eyres Reed Ltd</p>
<p>said its Australian Explorers Index edged up four points or 0.12</p>
<p>percent in the week to Friday. The All Ordinaries Index rose</p>
<p>2.60 percent.</p>
<p>Changes, in percent:</p>
<p>	    Apr 24  Apr 17   pct   1 Month  pct    1 Year  pct</p>
<p>Explorers 3254.1  3237.8 (+0.50) 3544.3 (-8.19)  2846.0 (+14.34)</p>
<p>ASX Gold  1586.0  1582.8 (+1.92) 1657.4 (-4.31)  2131.7 (-25.60)</p>
<p>All Ords  2474.7  2442.4 (+2.55) 2401.9 (+3.03)  2316.3 (+6.84)</p>
<p>Energy    1673.0  1655.6 (+2.97) 1562.7 (+7.06)  1186.8 (+40.97)</p>
<p>NOTE: The explorers index (base 500, March 1992) tracks the performance of 88 small capitalisation exploration companies.</p>
<p>Eyres Reed analyst Glen Colgan said some exciting drill results in the resource sector last week led to very heavy trading volumes in selected stocks.</p>
<p>&quot;There was a roller coaster ride on Carpenter Pacific, having traded at 38 cents last Friday, they opened at 70 cents on Monday and fell back to close at 32 cents. The market is now waiting for further results from Mt Kare,&quot; Colgan said.</p>
<p>Volume in Carpenter was a massive 26 million shares.  </p>
<p>&quot;Capricorn Resources announced big hit at their Roundtop project - a joint venture with Forrestania. They announced the highest grade of mineralisation to date, 11.9 metres of eight percent nickel. This saw the shares jump to 38 cents on very high volume,&quot; Colgan said.</p>
<p>Other gains came from Centamin, Pharaoh Metals and Egerton Gold.</p>
<p>-- Sydney Newsroom 61-2 9373-1800</p>
</text>
<copyright>(c) Reuters Limited 1997</copyright>
<metadata>
<codes class="bip:countries:1.0">
  <code code="AUSTR">
    <editdetail attribution="Reuters BIP Coding Group" action="confirmed" date="1997-04-27"/>
  </code>
</codes>
<codes class="bip:topics:1.0">
  <code code="M11">
    <editdetail attribution="Reuters BIP Coding Group" action="confirmed" date="1997-04-27"/>
  </code>
  <code code="MCAT">
    <editdetail attribution="Reuters BIP Coding Group" action="confirmed" date="1997-04-27"/>
  </code>
</codes>
<dc element="dc.date.created" value="1996-04-28"/>
<dc element="dc.publisher" value="Reuters Holdings Plc"/>
<dc element="dc.date.published" value="1997-04-27"/>
<dc element="dc.source" value="Reuters"/>
<dc element="dc.creator.location" value="PERTH"/>
<dc element="dc.creator.location.country.name" value="AUSTRALIA"/>
<dc element="dc.source" value="Reuters"/>
</metadata>
</newsitem>
