<?xml version="1.0" encoding="iso-8859-1" ?>
<newsitem itemid="542106" id="root" date="1997-04-27" xml:lang="en">
<title>JAPAN: INSIGHT - JGBs to remain weak, test downside.</title>
<headline>INSIGHT - JGBs to remain weak, test downside.</headline>
<dateline>TOKYO 1996-04-28</dateline>
<text>
<p>Key June 10-year Japanese government bond (JGB) futures are expected to remain weak and test the downside on Monday after Friday's sharp fall, traders said.</p>
<p>JGBs are likely to be sold if the yen falls further versus the dollar after the Group of Seven (G7) meeting, a trader for a city bank's securities unit.</p>
<p>&quot;Since Friday there have been fears that (Japanese) interest rates may be raised in order to prevent a further fall in the yen versus the dollar. Such views could be strengthened if the yen continues to fall,&quot; the trader said.  </p>
<p>The dollar rose after the release of the G7's joint communique, as the G7 failed specifically to mention yen weakness as a shared concern, foreign exchange dealers said.</p>
<p>In the joint communique the G7 stressed a need to avoid currency rates that spur trade imbalances, which indirectly referred to the yen and Japan's rising trade surplus, they said.</p>
<p>A bond trader for another city bank's securities unit said, however, that the dollar/yen rate's fluctuations so far may not be severe enough to have much effect on JGBs.</p>
<p>The dollar was quoted at 126.90/95 yen at 2305 GMT.</p>
</text>
<copyright>(c) Reuters Limited 1997</copyright>
<metadata>
<codes class="bip:countries:1.0">
  <code code="JAP">
    <editdetail attribution="Reuters BIP Coding Group" action="confirmed" date="1997-04-27"/>
  </code>
</codes>
<codes class="bip:topics:1.0">
  <code code="M12">
    <editdetail attribution="Reuters BIP Coding Group" action="confirmed" date="1997-04-27"/>
  </code>
  <code code="MCAT">
    <editdetail attribution="Reuters BIP Coding Group" action="confirmed" date="1997-04-27"/>
  </code>
</codes>
<dc element="dc.date.created" value="1996-04-28"/>
<dc element="dc.publisher" value="Reuters Holdings Plc"/>
<dc element="dc.date.published" value="1997-04-27"/>
<dc element="dc.source" value="Reuters"/>
<dc element="dc.creator.location" value="TOKYO"/>
<dc element="dc.creator.location.country.name" value="JAPAN"/>
<dc element="dc.source" value="Reuters"/>
</metadata>
</newsitem>
