<?xml version="1.0" encoding="iso-8859-1" ?>
<newsitem itemid="542193" id="root" date="1997-04-27" xml:lang="en">
<title>JORDAN: Jordanian shares fall in subdued trade.</title>
<headline>Jordanian shares fall in subdued trade.</headline>
<dateline>AMMAN 1997-04-27</dateline>
<text>
<p>Jordanian stocks dropped 0.35 percent on Sunday in a quiet market.</p>
<p>The official 60-share Amman Financial Market (AFM) index fell 0.53 points to 151.81 points in turnover of just 280,000 dinars ($395,000).</p>
<p>Brokers said activity on the bourse was doubly hit by lack of international investor activity over the Western weekend and a local bank holiday for Orthodox Easter.</p>
<p>&quot;There were not many people to activate the market,&quot; said Mohammad Abdallah of Pearl Consulting.</p>
<p>&quot;It's just depended on the mood of the traders on the floor. There has been no real trend for the last two weeks,&quot; Abdallah said.</p>
<p>Jordan Ceramic Factory was the most heavily traded share on Sunday. Stocks worth 72,000 dinars changed hands but brokers said most of that was in a single block trade. Jordan Ceramic closed unchanged on 7.10 dinars.</p>
<p>Overall falling shares outnumbered gainers by 23 to four, with another 13 trading but closing unchanged.</p>
<p>The private Pearl Index of the 45 best-performing shares in terms of turnover and financial performance fell 0.76 points to 80.41 points, 3.57 percent down from the start of the year.</p>
<p>-- Amman newsroom +9626 623776</p>
</text>
<copyright>(c) Reuters Limited 1997</copyright>
<metadata>
<codes class="bip:countries:1.0">
  <code code="JORDAN">
    <editdetail attribution="Reuters BIP Coding Group" action="confirmed" date="1997-04-27"/>
  </code>
</codes>
<codes class="bip:topics:1.0">
  <code code="M11">
    <editdetail attribution="Reuters BIP Coding Group" action="confirmed" date="1997-04-27"/>
  </code>
  <code code="MCAT">
    <editdetail attribution="Reuters BIP Coding Group" action="confirmed" date="1997-04-27"/>
  </code>
</codes>
<dc element="dc.date.created" value="1997-04-27"/>
<dc element="dc.publisher" value="Reuters Holdings Plc"/>
<dc element="dc.date.published" value="1997-04-27"/>
<dc element="dc.source" value="Reuters"/>
<dc element="dc.creator.location" value="AMMAN"/>
<dc element="dc.creator.location.country.name" value="JORDAN"/>
<dc element="dc.source" value="Reuters"/>
</metadata>
</newsitem>
