<?xml version="1.0" encoding="iso-8859-1" ?>
<newsitem itemid="542117" id="root" date="1997-04-27" xml:lang="en">
<title>PHILIPPINES: Philippines buries Marcos predecessor Macapagal.</title>
<headline>Philippines buries Marcos predecessor Macapagal.</headline>
<dateline>MANILA 1997-04-27</dateline>
<text>
<p>Former Philippine president Diosdado Macapagal, the man Ferdinand Marcos beat in an election in 1965 to start his harsh 21-year rule, was buried with state honours on Sunday at Manila's Heroes Cemetery.</p>
<p>An honour guard fired a 21-gun salute and an army helicopter showered the funeral with flowers in honour of Macapagal, a laundress' son who rose from poverty to become the nation's ninth president.</p>
<p>Macapagal died on Monday at the age of 86. He had suffered from heart and kidney problems and pneumonia.</p>
<p>He was president from 1961 to 1965 but lost his re-election bid to Marcos, who later declared martial law and ruled with an iron fist until he was ousted in a 1986 popular revolt.</p>
<p>Cardinal Jaime Sin, this Catholic nation's most influential church official, eulogised Macapagal by saying he &quot;lost to a man who became the longest-staying dictator&quot; of the country, a reference to Marcos.</p>
<p>But Macapagal has won an honor that still eludes Marcos: burial at the Heroes Cemetery, which is reserved for the nation's presidents and soldiers.</p>
<p>The body of Marcos, who died in exile in Hawaii in 1989, lies in state in a refrigerated mausoleum in his home province of Ilocos Norte.</p>
<p>Moves by his wife, former first lady Imelda Marcos, to have him laid to rest in the cemetery have been blocked by the government, which accuses the Marcoses of plundering the economy while in power.</p>
<p>&quot;I am glad that they do not have to grieve for so long as I have for the last eight years for my unburied husband,&quot; Imelda Marcos said in a statement.</p>
</text>
<copyright>(c) Reuters Limited 1997</copyright>
<metadata>
<codes class="bip:countries:1.0">
  <code code="PHLNS">
    <editdetail attribution="Reuters BIP Coding Group" action="confirmed" date="1997-04-27"/>
  </code>
</codes>
<codes class="bip:topics:1.0">
  <code code="GCAT">
    <editdetail attribution="Reuters BIP Coding Group" action="confirmed" date="1997-04-27"/>
  </code>
  <code code="GOBIT">
    <editdetail attribution="Reuters BIP Coding Group" action="confirmed" date="1997-04-27"/>
  </code>
  <code code="GPRO">
    <editdetail attribution="Reuters BIP Coding Group" action="confirmed" date="1997-04-27"/>
  </code>
</codes>
<dc element="dc.date.created" value="1997-04-27"/>
<dc element="dc.publisher" value="Reuters Holdings Plc"/>
<dc element="dc.date.published" value="1997-04-27"/>
<dc element="dc.source" value="Reuters"/>
<dc element="dc.creator.location" value="MANILA"/>
<dc element="dc.creator.location.country.name" value="PHILIPPINES"/>
<dc element="dc.source" value="Reuters"/>
</metadata>
</newsitem>
