<?xml version="1.0" encoding="iso-8859-1" ?>
<newsitem itemid="542179" id="root" date="1997-04-27" xml:lang="en">
<title>ISRAEL: Israeli soldiers kill Arab-Palestinians.</title>
<headline>Israeli soldiers kill Arab-Palestinians.</headline>
<dateline>HEBRON, West Bank 1997-04-27</dateline>
<text>
<p>Israeli troops shot and killed one Palestinian and wounded two others on Sunday in Haras village just west of Hebron in the West Bank, Palestinian sources said.  </p>
<p>The Palestinian sources said an Israeli patrol entered Haras village and opened fire when Palestinians threw stones. They identified the dead man as Issam Akabneh, 18.</p>
<p>The army said it was checking the report.</p>
<p>The incident came as Israeli-Palestinian peacemaking remained in deep crisis over Israel's beginning a new Jewish settlement in Arab East Jerusalem in March.</p>
<p>Palestinian President Yasser Arafat on Sunday described as &quot;a barbaric, shameful act&quot; the stabbing to death of two Israeli women whose bodies were found in the West Bank on Friday. He said Israeli and Palestinian officers met to discuss the issue. Israeli police said they were investigating whether the killers were Palestinian guerrillas.</p>
</text>
<copyright>(c) Reuters Limited 1997</copyright>
<metadata>
<codes class="bip:countries:1.0">
  <code code="ISRAEL">
    <editdetail attribution="Reuters BIP Coding Group" action="confirmed" date="1997-04-27"/>
  </code>
</codes>
<codes class="bip:topics:1.0">
  <code code="GCAT">
    <editdetail attribution="Reuters BIP Coding Group" action="confirmed" date="1997-04-27"/>
  </code>
  <code code="GVIO">
    <editdetail attribution="Reuters BIP Coding Group" action="confirmed" date="1997-04-27"/>
  </code>
</codes>
<dc element="dc.date.created" value="1997-04-27"/>
<dc element="dc.publisher" value="Reuters Holdings Plc"/>
<dc element="dc.date.published" value="1997-04-27"/>
<dc element="dc.source" value="Reuters"/>
<dc element="dc.creator.location" value="HEBRON, West Bank"/>
<dc element="dc.creator.location.country.name" value="ISRAEL"/>
<dc element="dc.source" value="Reuters"/>
</metadata>
</newsitem>
