<?xml version="1.0" encoding="iso-8859-1" ?>
<newsitem itemid="542148" id="root" date="1997-04-27" xml:lang="en">
<title>SOUTH KOREA: S.Korea considers a second stock exchange - paper.</title>
<headline>S.Korea considers a second stock exchange - paper.</headline>
<dateline>SEOUL 1997-04-27</dateline>
<text>
<p>The South Korean Finance and Economy Ministry was considering introducing a second stock exchange, the local Chosun Ilbo newspaper on Sunday quoted the finance minister as saying.</p>
<p>&quot;We are considering a second stock exchange to boost venture industries,&quot; Kang Kyong-shik was quoted as saying at a meeting on Saturday with businessmen in Pusan, South Korea's second largest city.</p>
<p>The paper said the meeting was sponsored by the Pusan Chamber of Commerce, which has been suggesting that a second stock exchange be established in Pusan.</p>
<p>Kang's quotes in the paper did not say when or where the exchange would be introduced, and officials at the finance ministry were not available for comment.</p>
<p>&quot;We are considering a second bourse which is different from the current one, and we are taking suggestions,&quot; he was quoted as saying.</p>
<p>The paper also said that Kang's hometown was Pusan.</p>
<p>-- Seoul newsroom (822) 727 5648</p>
</text>
<copyright>(c) Reuters Limited 1997</copyright>
<metadata>
<codes class="bip:countries:1.0">
  <code code="SKOREA">
    <editdetail attribution="Reuters BIP Coding Group" action="confirmed" date="1997-04-27"/>
  </code>
</codes>
<codes class="bip:industries:1.0">
  <code code="I83100">
    <editdetail attribution="Reuters BIP Coding Group" action="confirmed" date="1997-04-27"/>
  </code>
</codes>
<codes class="bip:topics:1.0">
  <code code="C13">
    <editdetail attribution="Reuters BIP Coding Group" action="confirmed" date="1997-04-27"/>
  </code>
  <code code="CCAT">
    <editdetail attribution="Reuters BIP Coding Group" action="confirmed" date="1997-04-27"/>
  </code>
  <code code="M11">
    <editdetail attribution="Reuters BIP Coding Group" action="confirmed" date="1997-04-27"/>
  </code>
  <code code="MCAT">
    <editdetail attribution="Reuters BIP Coding Group" action="confirmed" date="1997-04-27"/>
  </code>
</codes>
<dc element="dc.date.created" value="1997-04-27"/>
<dc element="dc.publisher" value="Reuters Holdings Plc"/>
<dc element="dc.date.published" value="1997-04-27"/>
<dc element="dc.source" value="Reuters"/>
<dc element="dc.creator.location" value="SEOUL"/>
<dc element="dc.creator.location.country.name" value="SOUTH KOREA"/>
<dc element="dc.source" value="Reuters"/>
</metadata>
</newsitem>
