<?xml version="1.0" encoding="iso-8859-1" ?>
<newsitem itemid="542183" id="root" date="1997-04-27" xml:lang="en">
<title>DUBAI: Iran says importing $100 mln more sugar this year.</title>
<headline>Iran says importing $100 mln more sugar this year.</headline>
<dateline>DUBAI 1997-04-27</dateline>
<text>
<p>Iran is importing $100 million more sugar this year due to a fall in domestic production, the Iranian industry minister said in remarks published on Sunday.</p>
<p>Mohammad Reza Nematzadeh, quoted by the daily Hamshahri, said the increasing imports in the Iranian year to March 20, 1998 resulted from falling sugar beet output as many farmers turned to more lucrative crops.</p>
<p>As part of a drive to fight spiralling prices, the government in the past two years put a ceiling on its purchase price for beet from local farmers, Nematzadeh said.</p>
<p>Subsequently, Tehran had decided to raise the price to lure farmers back to beet growing, he said.</p>
<p>The newspaper said the government had earlier set a price of 125,000 rials ($42) per tonne of beet for the current year, but it did not give the new, higher price.</p>
<p>Nematzadeh also blamed the low output on inefficient farming, saying Iranian farmers produced only up to 35 tonnes of beet per hectare while the world standard was as high as 55 tonnes per hectare, the newspaper added.</p>
<p>European sugar traders said last week Iran may have bought four cargoes of white sugar for shipment between May and July.</p>
<p>($1=3,000 rials at the official exchange rate)</p>
</text>
<copyright>(c) Reuters Limited 1997</copyright>
<metadata>
<codes class="bip:countries:1.0">
  <code code="DUBAI">
    <editdetail attribution="Reuters BIP Coding Group" action="confirmed" date="1997-04-27"/>
  </code>
  <code code="IRAN">
    <editdetail attribution="Reuters BIP Coding Group" action="confirmed" date="1997-04-27"/>
  </code>
</codes>
<codes class="bip:industries:1.0">
  <code code="I01001">
    <editdetail attribution="Reuters BIP Coding Group" action="confirmed" date="1997-04-27"/>
  </code>
  <code code="I0100128">
    <editdetail attribution="Reuters BIP Coding Group" action="confirmed" date="1997-04-27"/>
  </code>
  <code code="I0100136">
    <editdetail attribution="Reuters BIP Coding Group" action="confirmed" date="1997-04-27"/>
  </code>
  <code code="I42000">
    <editdetail attribution="Reuters BIP Coding Group" action="confirmed" date="1997-04-27"/>
  </code>
</codes>
<codes class="bip:topics:1.0">
  <code code="C21">
    <editdetail attribution="Reuters BIP Coding Group" action="confirmed" date="1997-04-27"/>
  </code>
  <code code="C31">
    <editdetail attribution="Reuters BIP Coding Group" action="confirmed" date="1997-04-27"/>
  </code>
  <code code="C311">
    <editdetail attribution="Reuters BIP Coding Group" action="confirmed" date="1997-04-27"/>
  </code>
  <code code="CCAT">
    <editdetail attribution="Reuters BIP Coding Group" action="confirmed" date="1997-04-27"/>
  </code>
  <code code="M14">
    <editdetail attribution="Reuters BIP Coding Group" action="confirmed" date="1997-04-27"/>
  </code>
  <code code="M141">
    <editdetail attribution="Reuters BIP Coding Group" action="confirmed" date="1997-04-27"/>
  </code>
  <code code="MCAT">
    <editdetail attribution="Reuters BIP Coding Group" action="confirmed" date="1997-04-27"/>
  </code>
</codes>
<dc element="dc.date.created" value="1997-04-27"/>
<dc element="dc.publisher" value="Reuters Holdings Plc"/>
<dc element="dc.date.published" value="1997-04-27"/>
<dc element="dc.source" value="Reuters"/>
<dc element="dc.creator.location" value="DUBAI"/>
<dc element="dc.creator.location.country.name" value="DUBAI"/>
<dc element="dc.source" value="Reuters"/>
</metadata>
</newsitem>
