<?xml version="1.0" encoding="iso-8859-1" ?>
<newsitem itemid="542133" id="root" date="1997-04-27" xml:lang="en">
<title>VIETNAM: Vietnam consumer prices drop 0.6 pct in April.</title>
<headline>Vietnam consumer prices drop 0.6 pct in April.</headline>
<dateline>HANOI 1997-04-27</dateline>
<text>
<p>Vietnam's consumer prices fell by 0.6 percent in April after a month-on-month decline of 0.5 percent in March, the official Vietnam News Agency (VNA) said on Sunday.</p>
<p>VNA, quoting the General Department of Statistics, said the decline was led by a 2.8-percent drop in food prices after a bumper winter-spring rice crop in Mekong Delta provinces.</p>
<p>It gave no figure for the year-on-year rate of inflation, which slipped to 2.3 percent last month from 3.7 percent in February.</p>
</text>
<copyright>(c) Reuters Limited 1997</copyright>
<metadata>
<codes class="bip:countries:1.0">
  <code code="VIETN">
    <editdetail attribution="Reuters BIP Coding Group" action="confirmed" date="1997-04-27"/>
  </code>
</codes>
<codes class="bip:topics:1.0">
  <code code="E13">
    <editdetail attribution="Reuters BIP Coding Group" action="confirmed" date="1997-04-27"/>
  </code>
  <code code="E131">
    <editdetail attribution="Reuters BIP Coding Group" action="confirmed" date="1997-04-27"/>
  </code>
  <code code="ECAT">
    <editdetail attribution="Reuters BIP Coding Group" action="confirmed" date="1997-04-27"/>
  </code>
</codes>
<dc element="dc.date.created" value="1997-04-27"/>
<dc element="dc.publisher" value="Reuters Holdings Plc"/>
<dc element="dc.date.published" value="1997-04-27"/>
<dc element="dc.source" value="Reuters"/>
<dc element="dc.creator.location" value="HANOI"/>
<dc element="dc.creator.location.country.name" value="VIETNAM"/>
<dc element="dc.source" value="Reuters"/>
</metadata>
</newsitem>
