<?xml version="1.0" encoding="iso-8859-1" ?>
<newsitem itemid="542167" id="root" date="1997-04-27" xml:lang="en">
<title>SOUTH KOREA: Ship capsizes off South Korea, 11 missing - TV.</title>
<headline>Ship capsizes off South Korea, 11 missing - TV.</headline>
<dateline>SEOUL 1997-04-27</dateline>
<text>
<p>Eleven people were missing after a ship carrying liquefied petroleum gas capsized off the coast of South Korea on Sunday, Yonhap Television News reported.</p>
<p>It said one person had been rescued from the 990 deadweight tonne vessel which capsized after hitting rocks off the southwest coast of the Korean peninsula. No further details were immediately available.  </p>
<p>Police in Chindo, an island close to where the ship capsized, put the number of missing at ten and said they were all feared dead. They confirmed one member of the crew, an engineer, had been rescued alive. All crew members were South Korean.</p>
<p>They said the vessel, Chuk-yang-ho, was owned by a South Korean shipping company based in the southern port of Pusan and was carrying a highly flamable chemical in addition to liquefied petroleum gas.</p>
<p>The coast guard has banned all shipping within a two-mile (3.2 km) radius of the capsized vessel.</p>
<p>The ship was now lying partially submerged in the water with only its bow visible, police said.</p>
</text>
<copyright>(c) Reuters Limited 1997</copyright>
<metadata>
<codes class="bip:countries:1.0">
  <code code="SKOREA">
    <editdetail attribution="Reuters BIP Coding Group" action="confirmed" date="1997-04-27"/>
  </code>
</codes>
<codes class="bip:industries:1.0">
  <code code="I74000">
    <editdetail attribution="Reuters BIP Coding Group" action="confirmed" date="1997-04-27"/>
  </code>
</codes>
<codes class="bip:topics:1.0">
  <code code="CCAT">
    <editdetail attribution="Reuters BIP Coding Group" action="confirmed" date="1997-04-27"/>
  </code>
  <code code="GCAT">
    <editdetail attribution="Reuters BIP Coding Group" action="confirmed" date="1997-04-27"/>
  </code>
  <code code="GDIS">
    <editdetail attribution="Reuters BIP Coding Group" action="confirmed" date="1997-04-27"/>
  </code>
</codes>
<dc element="dc.date.created" value="1997-04-27"/>
<dc element="dc.publisher" value="Reuters Holdings Plc"/>
<dc element="dc.date.published" value="1997-04-27"/>
<dc element="dc.source" value="Reuters"/>
<dc element="dc.creator.location" value="SEOUL"/>
<dc element="dc.creator.location.country.name" value="SOUTH KOREA"/>
<dc element="dc.source" value="Reuters"/>
</metadata>
</newsitem>
