<?xml version="1.0" encoding="iso-8859-1" ?>
<newsitem itemid="542197" id="root" date="1997-04-27" xml:lang="en">
<title>CYPRUS: Greek Cypriot pilgrimage goes ahead despite ban.</title>
<headline>Greek Cypriot pilgrimage goes ahead despite ban.</headline>
<byline>Suleyman Erguclu</byline>
<dateline>NICOSIA 1997-04-27</dateline>
<text>
<p>An Easter pilgrimage by Greek Cypriots in Turkish-held northern Cyprus went ahead on Sunday despite a dispute which had threatened to doom the rare cross-border visit, Turkish Cypriot officials said.</p>
<p>The officials said 118 pilgrims were attending ceremonies at the monastery of Apostolos Andreas, 120 km (75 miles) from Nicosia on the island's northeastern tip, to celebrate Greek Orthodox Easter.</p>
<p>An estimated 600 people were scheduled to take part in the visit when it was cancelled on Friday after Turkish Cypriot authorities refused to allow three of the proposed visitors to cross into the Turkish-held northern part of the island.</p>
<p>&quot;It is pleasing that the visit is taking place. I wish all of them could come, but they are banned by the Greek Cypriot authorities,&quot; said Taner Etkin, foreign minister in the self-styled Turkish Republic of Northern Cyprus which is recognised only by Turkey.</p>
<p>Greek Cypriot authorities objected to the restrictions on the proposed visitors and said they had cancelled the trip. Efforts through the United Nations to get the Turkish Cypriots to lift the ban failed.</p>
<p>Etkin said 49 pilgrims crossed into the northern part of the island on Saturday and 69 on Sunday. A further 80 Greek Cypriots had applied to cross into northern Cyprus on Monday to visit relatives there, he said.</p>
<p>It was the first such visit since the island's division in 1974 after a Turkish invasion sparked by a brief coup by the military then ruling in Greece. More than 2,000 people had initially applied to go.</p>
<p>The pilgrimage was in response to a visit by 435 Turkish Cypriot pilgrims to a mosque in the Greek Cypriot south last week to celebrate the Moslem Eid al-Adha feast.</p>
<p>Such visits are part of several planned events over the next few months aimed at promoting goodwill between the Greek and Turkish Cypriot communities.</p>
</text>
<copyright>(c) Reuters Limited 1997</copyright>
<metadata>
<codes class="bip:countries:1.0">
  <code code="CYPR">
    <editdetail attribution="Reuters BIP Coding Group" action="confirmed" date="1997-04-27"/>
  </code>
  <code code="GREECE">
    <editdetail attribution="Reuters BIP Coding Group" action="confirmed" date="1997-04-27"/>
  </code>
  <code code="TURK">
    <editdetail attribution="Reuters BIP Coding Group" action="confirmed" date="1997-04-27"/>
  </code>
</codes>
<codes class="bip:topics:1.0">
  <code code="GCAT">
    <editdetail attribution="Reuters BIP Coding Group" action="confirmed" date="1997-04-27"/>
  </code>
  <code code="GDIP">
    <editdetail attribution="Reuters BIP Coding Group" action="confirmed" date="1997-04-27"/>
  </code>
  <code code="GREL">
    <editdetail attribution="Reuters BIP Coding Group" action="confirmed" date="1997-04-27"/>
  </code>
  <code code="GVIO">
    <editdetail attribution="Reuters BIP Coding Group" action="confirmed" date="1997-04-27"/>
  </code>
</codes>
<dc element="dc.date.created" value="1997-04-27"/>
<dc element="dc.publisher" value="Reuters Holdings Plc"/>
<dc element="dc.date.published" value="1997-04-27"/>
<dc element="dc.source" value="Reuters"/>
<dc element="dc.creator.location" value="NICOSIA"/>
<dc element="dc.creator.location.country.name" value="CYPRUS"/>
<dc element="dc.source" value="Reuters"/>
</metadata>
</newsitem>
