<?xml version="1.0" encoding="iso-8859-1" ?>
<newsitem itemid="542268" id="root" date="1997-04-27" xml:lang="en">
<title>FRANCE: James Baker ends visit to Polisario in Algeria.</title>
<headline>James Baker ends visit to Polisario in Algeria.</headline>
<dateline>PARIS 1997-04-27</dateline>
<text>
<p>The Polisario Front freed 85 Moroccan war prisoners on Sunday as U.N. envoy James Baker arrived at its base in Algeria to discuss the future of the disputed Western Sahara, Algerian state radio reported.</p>
<p>The radio said Polisario leader Mohamed Abdelaziz decided to free the prisoners as a goodwill gesture to help Baker to break an impasse over a U.N. peace plan for the territory largely controlled by Morocco.</p>
<p>Baker, a former U.S. secretary of state, held two meetings with Abdelaziz at the Polisario's main base in the southwestern town of Tindouf before leaving at 5.30. p.m (1630 GMT), the official Algerian news agency APS reported from Tindouf.</p>
<p>It was the last leg of Baker's tour of the North African region to tackle the dispute over control of Western Sahara, a former Spanish colony, which has gone on for more than 20 years.</p>
<p>Baker, who arrived from Mauritania, is on his first visit to the region since U.N. Secretary-General Kofi Annan appointed him as his personal envoy for Western Sahara last month.</p>
<p>He also visited Morocco and held talks with Algerian leaders in Algiers on what he terms a &quot;fact-finding&quot; mission.</p>
<p>Moroccan troops and Polisario Front guerrillas battled each other in Western Sahara for nearly 16 years before a U.N. ceasefire in September 1991 ended the fighting.</p>
<p>But the second part of a U.N. peace plan, a referendum to enable Saharans to decide whether the territory should be independent or integrate with Morocco, has been held up by arguments over who should be allowed to vote.</p>
<p>APS earlier quoted Polisario foreign minister Bachir Mustapha Sayed as telling reporters in Tindouf that Baker faced a &quot;great challenge&quot; over the U.N. peace plan.</p>
<p>But he added thatr Baker's diplomatic experience, political weight and his backing by the U.N. Security Council and international community would enable him to answer the challenge.</p>
</text>
<copyright>(c) Reuters Limited 1997</copyright>
<metadata>
<codes class="bip:countries:1.0">
  <code code="ALG">
    <editdetail attribution="Reuters BIP Coding Group" action="confirmed" date="1997-04-27"/>
  </code>
  <code code="MOROC">
    <editdetail attribution="Reuters BIP Coding Group" action="confirmed" date="1997-04-27"/>
  </code>
  <code code="SPSAH">
    <editdetail attribution="Reuters BIP Coding Group" action="confirmed" date="1997-04-27"/>
  </code>
  <code code="UN">
    <editdetail attribution="Reuters BIP Coding Group" action="confirmed" date="1997-04-27"/>
  </code>
</codes>
<codes class="bip:topics:1.0">
  <code code="GCAT">
    <editdetail attribution="Reuters BIP Coding Group" action="confirmed" date="1997-04-27"/>
  </code>
  <code code="GDIP">
    <editdetail attribution="Reuters BIP Coding Group" action="confirmed" date="1997-04-27"/>
  </code>
  <code code="GVIO">
    <editdetail attribution="Reuters BIP Coding Group" action="confirmed" date="1997-04-27"/>
  </code>
</codes>
<dc element="dc.date.created" value="1997-04-27"/>
<dc element="dc.publisher" value="Reuters Holdings Plc"/>
<dc element="dc.date.published" value="1997-04-27"/>
<dc element="dc.source" value="Reuters"/>
<dc element="dc.creator.location" value="PARIS"/>
<dc element="dc.creator.location.country.name" value="FRANCE"/>
<dc element="dc.source" value="Reuters"/>
</metadata>
</newsitem>
