<?xml version="1.0" encoding="iso-8859-1" ?>
<newsitem itemid="542206" id="root" date="1997-04-27" xml:lang="en">
<title>DUBAI: Dubai's 31-day shopping spree ends in record sales.</title>
<headline>Dubai's 31-day shopping spree ends in record sales.</headline>
<byline>Rana Sabbagh</byline>
<dateline>DUBAI 1997-04-27</dateline>
<text>
<p>Dubai's month-long shopping festival generated record sales and boosted the emirate's image as the Gulf's trade and tourism centre, officials said on Sunday.</p>
<p>The glitzy promotional blitz, with daily fireworks displays and a grand fireworks finale on Saturday, lured about two million shoppers from around the world and generated turnover of $1 billion according to initial estimates, they told Reuters.</p>
<p>&quot;Gold did tremendously well, followed by electronics, textiles and carpets,&quot; one festival official said.</p>
<p>Dubai's first shop-until-you-drop festival in 1996 attracted 1.5 million people from neighbouring Gulf Arab states, the Middle East, the Indian subcontinent and former Soviet republics who spent $800 million.</p>
<p>&quot;Dubai has become a truly international multi-faceted city,&quot; Mohammad Alabbar, head of Dubai's economic development department, told a ceremony marking the end of the fiesta.</p>
<p>&quot;Dubai is not only the commercial hub of the Middle East but has firmly established its place on the world tourism and cultural map as a shopping and leisure destination,&quot; he said.</p>
<p>Alabbar promised next year's shopping festival, set to open on March 19, would be &quot;bigger, better and much brighter&quot;. In addition to the fireworks, five million coloured bulbs lit Dubai's streets, buildings and palm trees during this year's shopping spree.</p>
<p>Dubai, one of seven emirates that make up the UAE, has in recent years stepped up efforts to diversify its economy by promoting trade, industry, tourism and services.</p>
<p>Officials want tourism revenue to match oil income by the year 2000. Tourism accounts for about 11 percent of the emirate's gross domestic product.</p>
<p>The festival was held amid much hype and hoopla with rich raffle prizes including over 130 Japanese cars and 41 kg (90 lb) of gold. Stores offered discounts of between 20 and 70 percent.</p>
<p>A Filipino of Dubai became a &quot;Lexus millionaire&quot; after winning seven cars in a bonanza raffle at the end of the festival which included bazaars, art exhibits, sports events and international dance and theatre troupes.</p>
<p>Dubai's gold committee, which ran a parallel &quot;Dubai city of gold&quot; promotion to help the desert emirate's ambition to replace Singapore as the world's largest distributor of gold, reported brisk sales, especially in the last few days of the promotion.</p>
<p>&quot;We believe gold was the number one attraction of the festival,&quot; a committee member told Reuters.</p>
<p>The city's 260 gold retailers reported an increase of up to 70 percent in sales over the last month.</p>
<p>Eight tonnes of gold were sold during the festival for some 320 million dirhams ($87 million), according to official estimates.</p>
</text>
<copyright>(c) Reuters Limited 1997</copyright>
<metadata>
<codes class="bip:countries:1.0">
  <code code="DUBAI">
    <editdetail attribution="Reuters BIP Coding Group" action="confirmed" date="1997-04-27"/>
  </code>
  <code code="UAE">
    <editdetail attribution="Reuters BIP Coding Group" action="confirmed" date="1997-04-27"/>
  </code>
</codes>
<codes class="bip:industries:1.0">
  <code code="I22472">
    <editdetail attribution="Reuters BIP Coding Group" action="confirmed" date="1997-04-27"/>
  </code>
  <code code="I49100">
    <editdetail attribution="Reuters BIP Coding Group" action="confirmed" date="1997-04-27"/>
  </code>
  <code code="I64000">
    <editdetail attribution="Reuters BIP Coding Group" action="confirmed" date="1997-04-27"/>
  </code>
</codes>
<codes class="bip:topics:1.0">
  <code code="C31">
    <editdetail attribution="Reuters BIP Coding Group" action="confirmed" date="1997-04-27"/>
  </code>
  <code code="CCAT">
    <editdetail attribution="Reuters BIP Coding Group" action="confirmed" date="1997-04-27"/>
  </code>
  <code code="E14">
    <editdetail attribution="Reuters BIP Coding Group" action="confirmed" date="1997-04-27"/>
  </code>
  <code code="E143">
    <editdetail attribution="Reuters BIP Coding Group" action="confirmed" date="1997-04-27"/>
  </code>
  <code code="ECAT">
    <editdetail attribution="Reuters BIP Coding Group" action="confirmed" date="1997-04-27"/>
  </code>
</codes>
<dc element="dc.date.created" value="1997-04-27"/>
<dc element="dc.publisher" value="Reuters Holdings Plc"/>
<dc element="dc.date.published" value="1997-04-27"/>
<dc element="dc.source" value="Reuters"/>
<dc element="dc.creator.location" value="DUBAI"/>
<dc element="dc.creator.location.country.name" value="DUBAI"/>
<dc element="dc.source" value="Reuters"/>
</metadata>
</newsitem>
