<?xml version="1.0" encoding="iso-8859-1" ?>
<newsitem itemid="542252" id="root" date="1997-04-27" xml:lang="en">
<title>USA: Clinton won't rule out tobacco company immunity.</title>
<headline>Clinton won't rule out tobacco company immunity.</headline>
<dateline>WASHINGTON 1997-04-27</dateline>
<text>
<p>President Bill Clinton on Sunday left open the possibility that he could endorse a deal protecting tobacco companies from being sued by smokers whose health has been damaged.</p>
<p>Talks between top industry executives, states and a scattering of anti-tobacco forces began about two weeks ago concerning a settlement of suits by 22 states.</p>
<p>&quot;I think we ought to see what kind of agreement they come up with and let me submit it to the public health experts and see what they say,&quot; Clinton said in an interview on CBS's &quot;Face the Nation,&quot; taped on Saturday and broadcast on Sunday.</p>
<p>Clinton did not say which public health experts he had in mind, but late last week representatives of the American Cancer Society, American Heart Association, American Medical Association and American Lung Association expressed their strong opposition to granting the tobacco industry immunity.</p>
<p>Published reports have said the industry might pay as much as $300 billion over 25 years into a compensation fund for smokers who fall sick with lung cancer and other diseases. In return, the industry would get broad shelter from lawsuits.</p>
<p>&quot;On the limitation of liability, as I understand, what they've proposed to do is to create some sort of fund out of which people who are injured in the future could be compensated,&quot; the president said. &quot;But they couldn't go through the tobacco companies.&quot;</p>
<p>Clinton's former chief of the Food and Drug Administration was skeptical last week about the possibility about reaching a deal.</p>
<p>&quot;We simply can't negotiate away our children's future,&quot; said David Kessler on Thursday, adding he would oppose any settlement that did not grant the FDA authority to regulate the nicotine content of cigarettes and that did not require the industry to disclose its research on nicotine addiction.</p>
<p>On Friday, a federal judge in Greensboro, N.C., ruled the FDA can regulate sales and labeling of cigarettes, but that it had no authority over advertising.</p>
<p>A leading anti-tobacco Democrat also opposes granting immunity to tobacco companies.</p>
<p>&quot;We are opposed to any tobacco settlement in which we are forced to grant the tobacco companies immunity as the price for protecting the health of our children,&quot; Rep. Henry Waxman, D-Calif., said.</p>
</text>
<copyright>(c) Reuters Limited 1997</copyright>
<metadata>
<codes class="bip:countries:1.0">
  <code code="USA">
    <editdetail attribution="Reuters BIP Coding Group" action="confirmed" date="1997-04-27"/>
  </code>
</codes>
<codes class="bip:industries:1.0">
  <code code="I42900">
    <editdetail attribution="Reuters BIP Coding Group" action="confirmed" date="1997-04-27"/>
  </code>
</codes>
<codes class="bip:topics:1.0">
  <code code="C12">
    <editdetail attribution="Reuters BIP Coding Group" action="confirmed" date="1997-04-27"/>
  </code>
  <code code="C13">
    <editdetail attribution="Reuters BIP Coding Group" action="confirmed" date="1997-04-27"/>
  </code>
  <code code="CCAT">
    <editdetail attribution="Reuters BIP Coding Group" action="confirmed" date="1997-04-27"/>
  </code>
  <code code="GCAT">
    <editdetail attribution="Reuters BIP Coding Group" action="confirmed" date="1997-04-27"/>
  </code>
  <code code="GCRIM">
    <editdetail attribution="Reuters BIP Coding Group" action="confirmed" date="1997-04-27"/>
  </code>
</codes>
<dc element="dc.date.created" value="1997-04-27"/>
<dc element="dc.publisher" value="Reuters Holdings Plc"/>
<dc element="dc.date.published" value="1997-04-27"/>
<dc element="dc.source" value="Reuters"/>
<dc element="dc.creator.location" value="WASHINGTON"/>
<dc element="dc.creator.location.country.name" value="USA"/>
<dc element="dc.source" value="Reuters"/>
</metadata>
</newsitem>
