<?xml version="1.0" encoding="iso-8859-1" ?>
<newsitem itemid="542214" id="root" date="1997-04-27" xml:lang="en">
<title>EGYPT: PRESS DIGEST - Egypt - April 27.</title>
<headline>PRESS DIGEST - Egypt - April 27.</headline>
<dateline>CAIRO 1997-04-27</dateline>
<text>
<p>These are the leading stories in the Egyptian press on Sunday. Reuters has not verified these stories and does not vouch for their accuracy.</p>
<p>AL-AHRAM</p>
<p>- Mubarak holds important talks in Kuwait and Saudi Arabia during Arabian tour aimed at saving Middle East peace process.</p>
<p>- Cabinet approves investment projects in new five-year plan and draft budget plan.</p>
<p>- Museveni leaves Cairo after talks; Egypt and Uganda agreed to boost cooperation in fields of economy and agriculture.</p>
<p>- Turkish president arrives in Cairo on Monday.</p>
<p>AL-AKHBAR</p>
<p>- Cooperative Agriculture Union wants to liberalise cotton trade this year.</p>
<p>- Oil Ministry to sign this month first agreement with Egyptian private company for oil and natural gas exploration and production in central Sinai.</p>
<p>AL-GOMHURIA</p>
<p>- Government to announce soon terms of early retirement package for women public sector employees.</p>
<p>-- Cairo newsroom +202 578 3290/1</p>
</text>
<copyright>(c) Reuters Limited 1997</copyright>
<metadata>
<codes class="bip:countries:1.0">
  <code code="EGYPT">
    <editdetail attribution="Reuters BIP Coding Group" action="confirmed" date="1997-04-27"/>
  </code>
</codes>
<codes class="bip:topics:1.0">
  <code code="GCAT">
    <editdetail attribution="Reuters BIP Coding Group" action="confirmed" date="1997-04-27"/>
  </code>
</codes>
<dc element="dc.date.created" value="1997-04-27"/>
<dc element="dc.publisher" value="Reuters Holdings Plc"/>
<dc element="dc.date.published" value="1997-04-27"/>
<dc element="dc.source" value="Reuters"/>
<dc element="dc.creator.location" value="CAIRO"/>
<dc element="dc.creator.location.country.name" value="EGYPT"/>
<dc element="dc.source" value="Reuters"/>
</metadata>
</newsitem>
