<?xml version="1.0" encoding="iso-8859-1" ?>
<newsitem itemid="542227" id="root" date="1997-04-27" xml:lang="en">
<title>USA: Results of poll showing prestige of occupations.</title>
<headline>Results of poll showing prestige of occupations.</headline>
<dateline>WASHINGTON 1997-04-27</dateline>
<text>
<p>Following is a table showing how Americans rank occupations in terms of their prestige. The Harris Poll of 1,006 adults was taken between March 26 and April 1.</p>
<p>Occupation	     Prestigious %	 Non-Prestigious %</p>
<p>Doctor			 87			  12</p>
<p>Scientist		    86			  13</p>
<p>Teacher			78			  21</p>
<p>Engineer		     74			  25</p>
<p>Minister/Clergyman	 73			  26</p>
<p>Police officer	     68			  31</p>
<p>Military officer	   66			  33</p>
<p>Member of Congress	 58			  41</p>
<p>Business leader	    58			  41</p>
<p>Lawyer			 52			  47</p>
<p>Banker			 52			  47</p>
<p>Journalist		   51			  48</p>
<p>Accountant		   50			  48</p>
<p>Artist			 50			  49</p>
<p>Athlete			49			  50</p>
<p>Entertainer		  46			  53</p>
<p>Union leader		 39			  59</p>
<p>Source: Harris Poll</p>
</text>
<copyright>(c) Reuters Limited 1997</copyright>
<metadata>
<codes class="bip:countries:1.0">
  <code code="USA">
    <editdetail attribution="Reuters BIP Coding Group" action="confirmed" date="1997-04-27"/>
  </code>
</codes>
<codes class="bip:topics:1.0">
  <code code="C42">
    <editdetail attribution="Reuters BIP Coding Group" action="confirmed" date="1997-04-27"/>
  </code>
  <code code="CCAT">
    <editdetail attribution="Reuters BIP Coding Group" action="confirmed" date="1997-04-27"/>
  </code>
  <code code="E41">
    <editdetail attribution="Reuters BIP Coding Group" action="confirmed" date="1997-04-27"/>
  </code>
  <code code="ECAT">
    <editdetail attribution="Reuters BIP Coding Group" action="confirmed" date="1997-04-27"/>
  </code>
  <code code="GCAT">
    <editdetail attribution="Reuters BIP Coding Group" action="confirmed" date="1997-04-27"/>
  </code>
  <code code="GJOB">
    <editdetail attribution="Reuters BIP Coding Group" action="confirmed" date="1997-04-27"/>
  </code>
</codes>
<dc element="dc.date.created" value="1997-04-27"/>
<dc element="dc.publisher" value="Reuters Holdings Plc"/>
<dc element="dc.date.published" value="1997-04-27"/>
<dc element="dc.source" value="Reuters"/>
<dc element="dc.creator.location" value="WASHINGTON"/>
<dc element="dc.creator.location.country.name" value="USA"/>
<dc element="dc.source" value="Reuters"/>
</metadata>
</newsitem>
