<?xml version="1.0" encoding="iso-8859-1" ?>
<newsitem itemid="542267" id="root" date="1997-04-27" xml:lang="en">
<title>USA: Ciampi - too early to fix '98 Italian deficit cuts.</title>
<headline>Ciampi - too early to fix '98 Italian deficit cuts.</headline>
<dateline>WASHINGTON 1997-04-27</dateline>
<text>
<p>Italian Treasury Minister Carlo Azeglio Ciampi, asked about a proposal for a 25 trillion lire deficit cutting package for 1998, said Sunday it was too early to come out with figures.</p>
<p>&quot;It is something we are working on. We will talk about it after we have reached a decision,&quot; Ciampi told reporters when asked about the proposal by Paolo Onofri, adviser to prime minister Romano Prodi, ahead of the IMF-World Bank spring meeting in Washington.</p>
<p>In an interview to Italian daily La Repubblica Sunday, Onofri said budget cuts of at least 25 trillion lire were needed if Italy was to secure a place in the European Union's planned single currency.</p>
<p>Onofri said he believed pension reform would bear fruit in due time and that in the meantime savings could be centered mainly elsewhere.</p>
<p>The European Commission and the IMF have said Italy will miss the three pct deficit to GDP target ratio needed to enter the European single currency by one or two decimal points in 1997, but by almost an entire point in 1998.</p>
<p>Prodi's undersecretary Enrico Micheli has indicated 18 trillion lire in cuts for the 1998 budget as a likely figure.</p>
</text>
<copyright>(c) Reuters Limited 1997</copyright>
<metadata>
<codes class="bip:countries:1.0">
  <code code="EEC">
    <editdetail attribution="Reuters BIP Coding Group" action="confirmed" date="1997-04-27"/>
  </code>
  <code code="ITALY">
    <editdetail attribution="Reuters BIP Coding Group" action="confirmed" date="1997-04-27"/>
  </code>
</codes>
<codes class="bip:topics:1.0">
  <code code="E12">
    <editdetail attribution="Reuters BIP Coding Group" action="confirmed" date="1997-04-27"/>
  </code>
  <code code="E21">
    <editdetail attribution="Reuters BIP Coding Group" action="confirmed" date="1997-04-27"/>
  </code>
  <code code="E211">
    <editdetail attribution="Reuters BIP Coding Group" action="confirmed" date="1997-04-27"/>
  </code>
  <code code="ECAT">
    <editdetail attribution="Reuters BIP Coding Group" action="confirmed" date="1997-04-27"/>
  </code>
  <code code="G15">
    <editdetail attribution="Reuters BIP Coding Group" action="confirmed" date="1997-04-27"/>
  </code>
  <code code="G154">
    <editdetail attribution="Reuters BIP Coding Group" action="confirmed" date="1997-04-27"/>
  </code>
  <code code="GCAT">
    <editdetail attribution="Reuters BIP Coding Group" action="confirmed" date="1997-04-27"/>
  </code>
</codes>
<dc element="dc.date.created" value="1997-04-27"/>
<dc element="dc.publisher" value="Reuters Holdings Plc"/>
<dc element="dc.date.published" value="1997-04-27"/>
<dc element="dc.source" value="Reuters"/>
<dc element="dc.creator.location" value="WASHINGTON"/>
<dc element="dc.creator.location.country.name" value="USA"/>
<dc element="dc.source" value="Reuters"/>
</metadata>
</newsitem>
