<?xml version="1.0" encoding="iso-8859-1" ?>
<newsitem itemid="542228" id="root" date="1997-04-27" xml:lang="en">
<title>USA: Doctors, scientists, teachers top prestige poll.</title>
<headline>Doctors, scientists, teachers top prestige poll.</headline>
<dateline>WASHINGTON 1997-04-27</dateline>
<text>
<p>Doctors, scientists, teachers, engineers and members of the clergy are the most prestigious occupations in the eyes of Americans, according to a Harris Poll released on Sunday.</p>
<p>They are followed by police officers, military officers and -- in a finding that may surprise some -- members of Congress.</p>
<p>At the bottom of the prestige list are union leaders, entertainers, athletes, artists and accountants, said the survey of 1,006 adults taken between March 26 and April 1.</p>
<p>Harris has been sounding out Americans on how they perceive occupations in terms of prestige since 1977. During that time, teachers have enjoyed the biggest boost. The level of Americans who believe teachers have &quot;very great&quot; prestige has surged to 49 percent from 29 percent.</p>
<p>By contrast, those who think lawyers have &quot;very great&quot; prestige has tumbled to 19 percent from 36 percent during the two-decade period. Similarly, the reading for scientists has fallen to 51 percent from 66 percent.</p>
<p>The Harris Poll noted that &quot;prestige&quot; was very different from &quot;confidence.&quot; Americans for several years have voiced low levels of confidence in members of Congress and lawyers, and more confidence in people who head big businesses.</p>
<p>On the prestige ladder, lawyers, members of Congress and business leaders are in the middle of the pack.</p>
<p>The poll also noted that while many young people view athletes and entertainers as among the most glamorous and attractive personalties, that does not translate into what people view as high levels of prestige.</p>
</text>
<copyright>(c) Reuters Limited 1997</copyright>
<metadata>
<codes class="bip:countries:1.0">
  <code code="USA">
    <editdetail attribution="Reuters BIP Coding Group" action="confirmed" date="1997-04-27"/>
  </code>
</codes>
<codes class="bip:topics:1.0">
  <code code="C42">
    <editdetail attribution="Reuters BIP Coding Group" action="confirmed" date="1997-04-27"/>
  </code>
  <code code="CCAT">
    <editdetail attribution="Reuters BIP Coding Group" action="confirmed" date="1997-04-27"/>
  </code>
  <code code="E41">
    <editdetail attribution="Reuters BIP Coding Group" action="confirmed" date="1997-04-27"/>
  </code>
  <code code="ECAT">
    <editdetail attribution="Reuters BIP Coding Group" action="confirmed" date="1997-04-27"/>
  </code>
  <code code="GCAT">
    <editdetail attribution="Reuters BIP Coding Group" action="confirmed" date="1997-04-27"/>
  </code>
  <code code="GJOB">
    <editdetail attribution="Reuters BIP Coding Group" action="confirmed" date="1997-04-27"/>
  </code>
  <code code="GODD">
    <editdetail attribution="Reuters BIP Coding Group" action="confirmed" date="1997-04-27"/>
  </code>
</codes>
<dc element="dc.date.created" value="1997-04-27"/>
<dc element="dc.publisher" value="Reuters Holdings Plc"/>
<dc element="dc.date.published" value="1997-04-27"/>
<dc element="dc.source" value="Reuters"/>
<dc element="dc.creator.location" value="WASHINGTON"/>
<dc element="dc.creator.location.country.name" value="USA"/>
<dc element="dc.source" value="Reuters"/>
</metadata>
</newsitem>
