<?xml version="1.0" encoding="iso-8859-1" ?>
<newsitem itemid="542226" id="root" date="1997-04-27" xml:lang="en">
<title>USA: Clinton pushes community service, cleans up graffiti.</title>
<headline>Clinton pushes community service, cleans up graffiti.</headline>
<byline>Arshad Mohammed</byline>
<dateline>PHILADELPHIA 1997-04-27</dateline>
<text>
<p>President Bill Clinton, flanked by two former presidents, on Sunday called on Americans to volunteer for community service and then set an example by painting over graffiti in a gritty Philadelphia neighbourhood.</p>
<p>Standing shoulder-to-shoulder with George Bush and Jimmy Carter at the start of a three-day &quot;Presidents' Summit&quot; on volunteerism, Clinton told several thousand people at a battered stadium it was their duty to serve their communities.</p>
<p>&quot;I want to redefine the meaning of citizenship in America,&quot; Clinton, dressed in a short-sleeved green shirt and khaki work pants, told the volunteers gathered at the ageing Marcus Foster Stadium in north Philadelphia.</p>
<p>&quot;To be a good citizen you have to obey the law, you've got to go to work or be in school, you've got to pay your taxes and -- oh yes -- you've got to serve in your community to help make it a better place,&quot; he said.</p>
<p>&quot;This country has produced a lot of jobs in the last four years,&quot; he added. &quot;But we're still losing too many kids to crime, to drugs, to not having a decent income ... and we're here because we don't think we have to put up with it.&quot;</p>
<p>After the rally, Clinton and Vice President Al Gore, along with their wives Hillary and Tipper, painted over graffiti on the outside wall of a building housing an indoor swimming pool.</p>
<p>Recovering from a torn tendon in his right knee, Clinton leaned his crutches against a wall and, standing unaided, used a paint roller on an extended handle to lather the wall with beige paint.</p>
<p>With his wife Hillary, a long-time advocate of programmes for poor children, he then sat down with a group of pre-schoolers and read to them.</p>
<p>The summit brought a rare show of presidential firepower, with Clinton, Bush and Carter attending Sunday's rally and former President Gerald Ford and Nancy Reagan, the wife of former President Ronald Reagan, due to join them on Monday.</p>
<p>In a demonstration of politics making strange bedfellows, it placed Clinton, a Democrat, beside Bush, the Republican he ousted from the White House and whose &quot;Thousand Points of Light&quot; volunteer initiative he belittled in the 1992 campaign.</p>
<p>The summit also put Gore next to a man he ardently hopes will not run for the presidency in 2000, Republican Gen. Colin Powell, the former chairman of the Joint Chiefs of Staff who is chairing the summit.</p>
<p>Bush, Carter and Powell fanned out to different parts of the city to lead clean-up patrols, with the retired general picking up trash and liquor bottles in a derelict lot near a crack house.</p>
<p>Carter helped paint over the front of an abandoned museum, while Bush was expected to spend the afternoon picking up trash and grooming a neighbourhood in another part of the city.</p>
<p>In an effort to use the government to foster volunteerism, Clinton said the Defence and Transportation Departments would each tutor one million children over the next four years.</p>
<p>Despite the demonstration of support from across the political spectrum for the summit, some people bristled at the idea of the government encouraging people to volunteer.</p>
<p>Several dozen students greeted Clinton at the stadium with signs saying &quot;Don't Volunteer Me.&quot; Some conservatives have criticised the summit, arguing that the government should not seek to influence citizens' private behaviour.</p>
<p>Philadelphia Mayor Ed Rendell, who strongly supports the summit but who has criticised federal welfare cuts, said the spotlight on volunteerism should not obscure a continued need for the government to address major social issues.</p>
<p>&quot;Volunteerism is very helpful when it's designed for things like mentoring youth, safe places to play after school, but volunteerism can't solve everything,&quot; he told reporters before the rally. &quot;Government still has a significant role, if not the most significant role to play,&quot; he added.</p>
<p>On Sunday evening, Clinton was to attend a musical gala and to give Presidential Service Awards to 10 people. On Monday, he will speak at the summit's main session, along with the former presidents, before returning to Washington.</p>
</text>
<copyright>(c) Reuters Limited 1997</copyright>
<metadata>
<codes class="bip:countries:1.0">
  <code code="USA">
    <editdetail attribution="Reuters BIP Coding Group" action="confirmed" date="1997-04-27"/>
  </code>
</codes>
<codes class="bip:topics:1.0">
  <code code="GCAT">
    <editdetail attribution="Reuters BIP Coding Group" action="confirmed" date="1997-04-27"/>
  </code>
  <code code="GPOL">
    <editdetail attribution="Reuters BIP Coding Group" action="confirmed" date="1997-04-27"/>
  </code>
</codes>
<dc element="dc.date.created" value="1997-04-27"/>
<dc element="dc.publisher" value="Reuters Holdings Plc"/>
<dc element="dc.date.published" value="1997-04-27"/>
<dc element="dc.source" value="Reuters"/>
<dc element="dc.creator.location" value="PHILADELPHIA"/>
<dc element="dc.creator.location.country.name" value="USA"/>
<dc element="dc.source" value="Reuters"/>
</metadata>
</newsitem>
