<?xml version="1.0" encoding="iso-8859-1" ?>
<newsitem itemid="542203" id="root" date="1997-04-27" xml:lang="en">
<title>IRAQ: PRESS DIGEST - Iraq - April 27.</title>
<headline>PRESS DIGEST - Iraq - April 27.</headline>
<dateline>BAGHDAD 1997-04-27</dateline>
<text>
<p>These are some of the leading stories in the official Iraqi press on Sunday. Reuters has not verified these stories and does not vouch for their accuracy.</p>
<p>THAWRA</p>
<p>- Grand celebrations will be held in Tikrit on Monday to mark President Saddam Hussein's birthday anniversary.</p>
<p>- Iraq holds the U.S. administration responsible for delaying the implementation of the oil-for-food deal with the United Nations.</p>
<p>- Russian parliament renews its support for Iraq's unity and sovereignty.</p>
<p>- Deputy Speaker of the Russian parliament leaves Baghdad.</p>
<p>(The above were also carried by QADISSIYA and JUMHOURIYA)</p>
<p>JUMHOURIYA</p>
<p>- Trade minister says more food imported under the oil-for-food deal arrives in Iraq.</p>
</text>
<copyright>(c) Reuters Limited 1997</copyright>
<metadata>
<codes class="bip:countries:1.0">
  <code code="IRAQ">
    <editdetail attribution="Reuters BIP Coding Group" action="confirmed" date="1997-04-27"/>
  </code>
</codes>
<codes class="bip:topics:1.0">
  <code code="GCAT">
    <editdetail attribution="Reuters BIP Coding Group" action="confirmed" date="1997-04-27"/>
  </code>
</codes>
<dc element="dc.date.created" value="1997-04-27"/>
<dc element="dc.publisher" value="Reuters Holdings Plc"/>
<dc element="dc.date.published" value="1997-04-27"/>
<dc element="dc.source" value="Reuters"/>
<dc element="dc.creator.location" value="BAGHDAD"/>
<dc element="dc.creator.location.country.name" value="IRAQ"/>
<dc element="dc.source" value="Reuters"/>
</metadata>
</newsitem>
