<?xml version="1.0" encoding="iso-8859-1" ?>
<newsitem itemid="522505" id="root" date="1997-04-19" xml:lang="en">
<title>UK: SOCCER-SCOTTISH PREMIER DIVISION SUMMARIES.</title>
<headline>SOCCER-SCOTTISH PREMIER DIVISION SUMMARIES.</headline>
<dateline>GLASGOW 1997-04-19</dateline>
<text>
<p>Summaries of Scottish premier</p>
<p>division matches on Saturday:</p>
<p> Hearts	     1 - Robertson 90</p>
<p> Dunfermline	1 -  Young 27</p>
<p>HT: 0-1.  Att: 10,174</p>
<p>----</p>
<p> Kilmarnock	 1 -  Wright 14</p>
<p> Hibernian	  1 -  Montgomerie 45 o.g.</p>
<p>ht: 1-1.  Att: 10,886</p>
<p>-----</p>
<p> Motherwell	 1 -  Coyne 36 penalty</p>
<p> Dundee United    1 -  Zetterlund 66</p>
<p>Red Cards: Stewart McKimmie (D) 40, Kevin Christie (M) 88.</p>
<p>HT: 1-0.  Att: 5,382.</p>
</text>
<copyright>(c) Reuters Limited 1997</copyright>
<metadata>
<codes class="bip:countries:1.0">
  <code code="UK">
    <editdetail attribution="Reuters BIP Coding Group" action="confirmed" date="1997-04-19"/>
  </code>
</codes>
<codes class="bip:topics:1.0">
  <code code="GCAT">
    <editdetail attribution="Reuters BIP Coding Group" action="confirmed" date="1997-04-19"/>
  </code>
  <code code="GSPO">
    <editdetail attribution="Reuters BIP Coding Group" action="confirmed" date="1997-04-19"/>
  </code>
</codes>
<dc element="dc.date.created" value="1997-04-19"/>
<dc element="dc.publisher" value="Reuters Holdings Plc"/>
<dc element="dc.date.published" value="1997-04-19"/>
<dc element="dc.source" value="Reuters"/>
<dc element="dc.creator.location" value="GLASGOW"/>
<dc element="dc.creator.location.country.name" value="UK"/>
<dc element="dc.source" value="Reuters"/>
</metadata>
</newsitem>
