<?xml version="1.0" encoding="iso-8859-1" ?>
<newsitem itemid="522523" id="root" date="1997-04-19" xml:lang="en">
<title>POLAND: SOCCER-HOOLIGANS SET BUILDINGS ON FIRE IN WARSAW DERBY.</title>
<headline>SOCCER-HOOLIGANS SET BUILDINGS ON FIRE IN WARSAW DERBY.</headline>
<dateline>WARSAW 1997-04-19</dateline>
<text>
<p>Soccer hooligans set several buildings on fire and injured 10 policemen during a match between the Polish capital's two first division clubs, the television Panorama programme reported on Saturday.</p>
<p>The television showed bench-throwing fans clashing with armed police. Smoke bellowed from storage warehouses near the stands.</p>
<p>The match, which pitted league leaders Legia and fifth-placed Polonia, ended in a 1-1 draw.</p>
</text>
<copyright>(c) Reuters Limited 1997</copyright>
<metadata>
<codes class="bip:countries:1.0">
  <code code="POL">
    <editdetail attribution="Reuters BIP Coding Group" action="confirmed" date="1997-04-19"/>
  </code>
</codes>
<codes class="bip:topics:1.0">
  <code code="GCAT">
    <editdetail attribution="Reuters BIP Coding Group" action="confirmed" date="1997-04-19"/>
  </code>
  <code code="GSPO">
    <editdetail attribution="Reuters BIP Coding Group" action="confirmed" date="1997-04-19"/>
  </code>
</codes>
<dc element="dc.date.created" value="1997-04-19"/>
<dc element="dc.publisher" value="Reuters Holdings Plc"/>
<dc element="dc.date.published" value="1997-04-19"/>
<dc element="dc.source" value="Reuters"/>
<dc element="dc.creator.location" value="WARSAW"/>
<dc element="dc.creator.location.country.name" value="POLAND"/>
<dc element="dc.source" value="Reuters"/>
</metadata>
</newsitem>
