<?xml version="1.0" encoding="iso-8859-1" ?>
<newsitem itemid="522533" id="root" date="1997-04-19" xml:lang="en">
<title>GUYANA: CRICKET-WEST INDIES V INDIA THIRD DAY'S PLAY ABANDONED.</title>
<headline>CRICKET-WEST INDIES V INDIA THIRD DAY'S PLAY ABANDONED.</headline>
<dateline>GEORGETOWN, Guyana 1997-04-19</dateline>
<text>
<p>Play on the third day of the fifth and final test match between West Indies and India was abandoned on Saturday because of wet patches on the pitch.</p>
<p>The umpires called off play shortly after a 2.00 p.m. inspection.</p>
<p>India stood on 194-2 after the opening day, with Friday's play also abandoned because of the weather.</p>
<p>Captain Sachin Tendulkar and Rahul Dravid had made half-centuries to frustrate the West Indies bowlers. Tendulkar is 62 not out and Dravid is unbeaten on 71.</p>
<p>West Indies lead the series 1-0.</p>
</text>
<copyright>(c) Reuters Limited 1997</copyright>
<metadata>
<codes class="bip:countries:1.0">
  <code code="BARB">
    <editdetail attribution="Reuters BIP Coding Group" action="confirmed" date="1997-04-19"/>
  </code>
  <code code="GUY">
    <editdetail attribution="Reuters BIP Coding Group" action="confirmed" date="1997-04-19"/>
  </code>
  <code code="INDIA">
    <editdetail attribution="Reuters BIP Coding Group" action="confirmed" date="1997-04-19"/>
  </code>
  <code code="WEIND">
    <editdetail attribution="Reuters BIP Coding Group" action="confirmed" date="1997-04-19"/>
  </code>
</codes>
<codes class="bip:topics:1.0">
  <code code="GCAT">
    <editdetail attribution="Reuters BIP Coding Group" action="confirmed" date="1997-04-19"/>
  </code>
  <code code="GSPO">
    <editdetail attribution="Reuters BIP Coding Group" action="confirmed" date="1997-04-19"/>
  </code>
</codes>
<dc element="dc.date.created" value="1997-04-19"/>
<dc element="dc.publisher" value="Reuters Holdings Plc"/>
<dc element="dc.date.published" value="1997-04-19"/>
<dc element="dc.source" value="Reuters"/>
<dc element="dc.creator.location" value="GEORGETOWN, Guyana"/>
<dc element="dc.creator.location.country.name" value="GUYANA"/>
<dc element="dc.source" value="Reuters"/>
</metadata>
</newsitem>
