<?xml version="1.0" encoding="iso-8859-1" ?>
<newsitem itemid="522572" id="root" date="1997-04-19" xml:lang="en">
<title>AUSTRIA: SOCCER-AUSTRIAN LEAGUE RESULTS/STANDINGS.</title>
<headline>SOCCER-AUSTRIAN LEAGUE RESULTS/STANDINGS.</headline>
<dateline>VIENNA 1997-04-19</dateline>
<text>
<p>Results of Austrian league</p>
<p>championship matches played on Saturday:</p>
<p> SV Salzburg	   3   Casino Graz   1</p>
<p> Austria Vienna	1   Linzer ASK    1</p>
<p> FC Tirol Innsbruck  1   SV Ried	 0</p>
<p> FC Linz		 1   Rapid Vienna  1</p>
<p> SCN Admira/Wacker   0   Sturm Graz    2</p>
<p> Standings		    P   W   D   L   F   A  Pts</p>
<p> 1. Rapid Vienna	   28  15   9   4  54  27   54</p>
<p> 2. SV Salzburg	    28  15   9   4  36  14   54</p>
<p> 3. FC Tirol Innsbruck   28  12   7   9  38  30   43</p>
<p> 4. Sturm Graz	     28  10  11   7  38  23   41</p>
<p> 5. Linzer ASK	     28   8  14   6  30  27   38</p>
<p> 6. Casino Graz	    28   8  11   9  29  35   35</p>
<p> 7. Austria Vienna	 28   9   7  12  31  43   34</p>
<p> 8. SV Ried		  28   9   4  15  34  47   31</p>
<p> 9. FC Linz		  28   5   9  14  20  36   24</p>
<p> 10. SCN Admira/Wacker   28   5   7  16  25  53   22</p>
</text>
<copyright>(c) Reuters Limited 1997</copyright>
<metadata>
<codes class="bip:countries:1.0">
  <code code="AUST">
    <editdetail attribution="Reuters BIP Coding Group" action="confirmed" date="1997-04-19"/>
  </code>
</codes>
<codes class="bip:topics:1.0">
  <code code="GCAT">
    <editdetail attribution="Reuters BIP Coding Group" action="confirmed" date="1997-04-19"/>
  </code>
  <code code="GSPO">
    <editdetail attribution="Reuters BIP Coding Group" action="confirmed" date="1997-04-19"/>
  </code>
</codes>
<dc element="dc.date.created" value="1997-04-19"/>
<dc element="dc.publisher" value="Reuters Holdings Plc"/>
<dc element="dc.date.published" value="1997-04-19"/>
<dc element="dc.source" value="Reuters"/>
<dc element="dc.creator.location" value="VIENNA"/>
<dc element="dc.creator.location.country.name" value="AUSTRIA"/>
<dc element="dc.source" value="Reuters"/>
</metadata>
</newsitem>
