<?xml version="1.0" encoding="iso-8859-1" ?>
<newsitem itemid="522592" id="root" date="1997-04-19" xml:lang="en">
<title>SWEDEN: SWIMMING-THOMPSON SHATTERS WORLD RECORD.</title>
<headline>SWIMMING-THOMPSON SHATTERS WORLD RECORD.</headline>
<dateline>GOTHENBURG, Sweden 1997-04-19</dateline>
<text>
<p>American Jenny Thompson upstaged pre-race favourite Misty Hyman on Saturday by shattering the women's 100 metres butterfly short-course world record at the world short-course championships.</p>
<p>Thompson surged through the final length of the 25-metre Scandinavium arena pool to touch in 57.79 seconds.</p>
<p>China's Cai Huijue (57.92) and fellow-American Hyman (57.95) both chased her home inside the previous mark of 58.24 set by Japan's Ayari Aoyama in Tokyo on March 28.</p>
<p>It was Thompson's second gold of the four-day championships following her victory in the 100 freestyle on Thursday and a silver in the 50 freestyle on Friday.</p>
<p>Hyman, world record-holder at 58.29 before Aoyama, treated the crowd to her spectacular submarine style, emerging at the end of the first length for a last obligatory stroke above the surface after diving in and turning on her side under water.</p>
<p>Hyman swam just six strokes above the surface on the second and third lengths and seven on the fourth.</p>
<p>She led handsomely at the 50-metre mark, going through in 26.55 to Thompson's 27.02 but Thompson and Cai caught her on the last length.</p>
<p>It was Hyman's third bronze following third places in the 200 butterfly and 100 backstroke.</p>
</text>
<copyright>(c) Reuters Limited 1997</copyright>
<metadata>
<codes class="bip:countries:1.0">
  <code code="SWED">
    <editdetail attribution="Reuters BIP Coding Group" action="confirmed" date="1997-04-19"/>
  </code>
  <code code="USA">
    <editdetail attribution="Reuters BIP Coding Group" action="confirmed" date="1997-04-19"/>
  </code>
</codes>
<codes class="bip:topics:1.0">
  <code code="GCAT">
    <editdetail attribution="Reuters BIP Coding Group" action="confirmed" date="1997-04-19"/>
  </code>
  <code code="GSPO">
    <editdetail attribution="Reuters BIP Coding Group" action="confirmed" date="1997-04-19"/>
  </code>
</codes>
<dc element="dc.date.created" value="1997-04-19"/>
<dc element="dc.publisher" value="Reuters Holdings Plc"/>
<dc element="dc.date.published" value="1997-04-19"/>
<dc element="dc.source" value="Reuters"/>
<dc element="dc.creator.location" value="GOTHENBURG, Sweden"/>
<dc element="dc.creator.location.country.name" value="SWEDEN"/>
<dc element="dc.source" value="Reuters"/>
</metadata>
</newsitem>
