<?xml version="1.0" encoding="iso-8859-1" ?>
<newsitem itemid="522581" id="root" date="1997-04-19" xml:lang="en">
<title>SWEDEN: SWIMMING-CHINA SET WOMEN'S 4X100 FREESTYLE WORLD RECORD.</title>
<headline>SWIMMING-CHINA SET WOMEN'S 4X100 FREESTYLE WORLD RECORD.</headline>
<dateline>GOTHENBURG, Sweden 1997-04-19</dateline>
<text>
<p>China set a women's 4x100 metres freestyle relay short-course world record of three minutes 34.55 seconds at the world short-course swimming championships on Saturday.</p>
<p>China set the previous mark of 3:35.97 in Palma de Mallorca on December 4, 1993.</p>
</text>
<copyright>(c) Reuters Limited 1997</copyright>
<metadata>
<codes class="bip:countries:1.0">
  <code code="CHINA">
    <editdetail attribution="Reuters BIP Coding Group" action="confirmed" date="1997-04-19"/>
  </code>
  <code code="SWED">
    <editdetail attribution="Reuters BIP Coding Group" action="confirmed" date="1997-04-19"/>
  </code>
</codes>
<codes class="bip:topics:1.0">
  <code code="GCAT">
    <editdetail attribution="Reuters BIP Coding Group" action="confirmed" date="1997-04-19"/>
  </code>
  <code code="GSPO">
    <editdetail attribution="Reuters BIP Coding Group" action="confirmed" date="1997-04-19"/>
  </code>
</codes>
<dc element="dc.date.created" value="1997-04-19"/>
<dc element="dc.publisher" value="Reuters Holdings Plc"/>
<dc element="dc.date.published" value="1997-04-19"/>
<dc element="dc.source" value="Reuters"/>
<dc element="dc.creator.location" value="GOTHENBURG, Sweden"/>
<dc element="dc.creator.location.country.name" value="SWEDEN"/>
<dc element="dc.source" value="Reuters"/>
</metadata>
</newsitem>
