<?xml version="1.0" encoding="iso-8859-1" ?>
<newsitem itemid="522579" id="root" date="1997-04-19" xml:lang="en">
<title>ITALY: SOCCER-ITALIAN FIRST DIVISION SUMMARIES.</title>
<headline>SOCCER-ITALIAN FIRST DIVISION SUMMARIES.</headline>
<dateline>ROME 1997-04-19</dateline>
<text>
<p>Summaries of Italian first</p>
<p>division soccer matches played on Saturday:</p>
<p> Bologna		     0</p>
<p> Juventus		    1 - Boksic 41</p>
<p>HT 0-1  Att: 38,000</p>
<p>- - - -</p>
<p> Fiorentina		  2 - Robbiati 7, Petruzzi (own goal) 36</p>
<p> Roma			  1 - Balbo 76</p>
<p>HT 2-0  Att: 38,000</p>
<p>- - - -</p>
<p> Cagliari		    1 - Tovalieri 79</p>
<p> Inter			 2 - Zamorano 42, Ince 50</p>
<p>HT 0-1  Att: 25,000</p>
</text>
<copyright>(c) Reuters Limited 1997</copyright>
<metadata>
<codes class="bip:countries:1.0">
  <code code="ITALY">
    <editdetail attribution="Reuters BIP Coding Group" action="confirmed" date="1997-04-19"/>
  </code>
</codes>
<codes class="bip:topics:1.0">
  <code code="GCAT">
    <editdetail attribution="Reuters BIP Coding Group" action="confirmed" date="1997-04-19"/>
  </code>
  <code code="GSPO">
    <editdetail attribution="Reuters BIP Coding Group" action="confirmed" date="1997-04-19"/>
  </code>
</codes>
<dc element="dc.date.created" value="1997-04-19"/>
<dc element="dc.publisher" value="Reuters Holdings Plc"/>
<dc element="dc.date.published" value="1997-04-19"/>
<dc element="dc.source" value="Reuters"/>
<dc element="dc.creator.location" value="ROME"/>
<dc element="dc.creator.location.country.name" value="ITALY"/>
<dc element="dc.source" value="Reuters"/>
</metadata>
</newsitem>
