<?xml version="1.0" encoding="iso-8859-1" ?>
<newsitem itemid="522528" id="root" date="1997-04-19" xml:lang="en">
<title>ROMANIA: SOCCER-ROMANIAN FIRST DIVISION RESULTS/STANDINGS.</title>
<headline>SOCCER-ROMANIAN FIRST DIVISION RESULTS/STANDINGS.</headline>
<dateline>BUCHAREST 1997-04-19</dateline>
<text>
<p>Results of the Romanian</p>
<p>first division soccer matches on Saturday:</p>
<p> Dinamo Bucharest	     3	Universitatea Cluj	0</p>
<p> F.C. Arges Dacia Pitesti   0	F.C. National Bucharest 0</p>
<p> Jiul Petrosani		 2	F.C. Chindia Tirgoviste 1</p>
<p> Sportul Studentesc	   0	Steaua Bucharest	  3</p>
<p> Universitatea Craiova	0	Politehnica Timisoara   0</p>
<p> Gloria Bistrita		2	FCM Bacau		   1</p>
<p> F.C. Petrolul Ploiesti     1	Ceahlaul Piatra Neamt   0</p>
<p> Otelul Galati		  1	F.C. Farul Constanta    0</p>
<p> F.C. Brasov		    1	Rapid Bucharest	   1</p>
<p>	  Standings		     P   W   D   L   F   A  Pts</p>
<p>  1. F.C. National Bucharest	26  16   5   5  51  26  53</p>
<p>  2. Steaua Bucharest		 26  16   4   6  55  29  52</p>
<p>  3. Dinamo Bucharest		 26  14   5   7  43  22  47</p>
<p>  4. Otelul Galati		    26  12   6   8  39  33  42</p>
<p>  5. F.C. Arges Dacia Pitesti     26  11   8   7  34  26  41</p>
<p>  6. Ceahlaul Piatra Neamt	  26  10   7   9  38  37  37</p>
<p>  7. FCM Bacau			  26  11   4  11  33  35  37</p>
<p>  8. Jiul Petrosani		   26  11   4  11  28  45  37</p>
<p>  9. Rapid Bucharest		  26  10   5  11  36  34  35</p>
<p> 10. Universitatea Cluj	     26  10   4  12  45  47  34</p>
<p> 11. F.C. Chindia Tirgoviste	26  10   4  12  25  34  34</p>
<p> 12. Universitatea Craiova	  26   9   6  11  38  39  33</p>
<p> 13. F.C. Petrolul Ploiesti	 26   9   6  11  33  35  33</p>
<p> 14. Gloria Bistrita		  26   8   7  11  27  32  31</p>
<p> 15. F.C. Farul Constanta	   26   9   4  13  34  40  31</p>
<p> 16. Sportul Studentesc	     26   9   4  13  27  38  31</p>
<p> 17. F.C. Brasov			26   7   4  15  32  49  25</p>
<p> 18. Politehnica Timisoara	  26   6   5  15  30  47  23</p>
</text>
<copyright>(c) Reuters Limited 1997</copyright>
<metadata>
<codes class="bip:countries:1.0">
  <code code="ROM">
    <editdetail attribution="Reuters BIP Coding Group" action="confirmed" date="1997-04-19"/>
  </code>
</codes>
<codes class="bip:topics:1.0">
  <code code="GCAT">
    <editdetail attribution="Reuters BIP Coding Group" action="confirmed" date="1997-04-19"/>
  </code>
  <code code="GSPO">
    <editdetail attribution="Reuters BIP Coding Group" action="confirmed" date="1997-04-19"/>
  </code>
</codes>
<dc element="dc.date.created" value="1997-04-19"/>
<dc element="dc.publisher" value="Reuters Holdings Plc"/>
<dc element="dc.date.published" value="1997-04-19"/>
<dc element="dc.source" value="Reuters"/>
<dc element="dc.creator.location" value="BUCHAREST"/>
<dc element="dc.creator.location.country.name" value="ROMANIA"/>
<dc element="dc.source" value="Reuters"/>
</metadata>
</newsitem>
