<?xml version="1.0" encoding="iso-8859-1" ?>
<newsitem itemid="522521" id="root" date="1997-04-19" xml:lang="en">
<title>SOUTH AFRICA: RUGBY UNION-NORTHERN TRANSVAAL RETAIN UNBEATEN HOME RECORD.</title>
<headline>RUGBY UNION-NORTHERN TRANSVAAL RETAIN UNBEATEN HOME RECORD.</headline>
<byline>Andy Capostagno</byline>
<dateline>PRETORIA 1997-04-19</dateline>
<text>
<p>Northern Transvaal kept their unbeaten home record on Saturday with a 34-27 victory over the Waikato Chiefs in the Super 12 competition.</p>
<p>Northern Transvaal took a maximum five points by scoring four tries to two, after the Chiefs had controlled the game during the opening 30 minutes.</p>
<p>The home side fought back through tries from full-back Graham Bouwer, after an incursion from Springbok centre Andre Snyman, and flanker Nicky van der Walt who drove over from a tap penalty in first half injury time.</p>
<p>Northerns stretched their 17-13 half time lead with two tries from Springbok left wing Jacques Olivier in the 48th and 55th minutes. The first was the result of slick interpassing, the second an interception after a powerful tackle from Snyman had freed the ball.</p>
<p>In between All Black wing Glen Osborne scored Waikato's second try then Matthew Cooper slotted two penalties to narrow the gap to 31-24.</p>
<p>In the dying minutes Cooper and Casper Steyn exchanged penalties as the Chiefs threw everything into a last ditch effort, but the outstanding Northerns defence held firm and the visitors had to be content with a bonus point for finishing within seven points of the winners.</p>
<p>Teams:</p>
<p>Northern Transvaal - Graeme Bouwer; Casper Steyn, Andre Snyman, Kosie van Vuuren (Wynand Lourens 59), Jacques Olivier; Boeta Wessels, Joost van der Westhuizen; Adriaan Richter (captain), Jannie Brooks, Nicky van der Walt, Wium Basson, Krynauw Ott (Derrick Grobelaar 44), Marius Hurter, Henry Tromp, Lourens Campher.</p>
<p>Waikato - Matthew Cooper; Glen Osborne, Frank Bunce (Bruce Reihana 50, Walter Little, Eric Rush; Blair Feeney, Rhys Duggan; Dion Muir (Aaron Hopa 66), Dean Anglesey, Errol Brain, Glenn Taylor, Ian Jones (captain), Richard Loe, Greg Smith, Michael Collins.</p>
</text>
<copyright>(c) Reuters Limited 1997</copyright>
<metadata>
<codes class="bip:countries:1.0">
  <code code="AUSTR">
    <editdetail attribution="Reuters BIP Coding Group" action="confirmed" date="1997-04-19"/>
  </code>
  <code code="NZ">
    <editdetail attribution="Reuters BIP Coding Group" action="confirmed" date="1997-04-19"/>
  </code>
  <code code="SAFR">
    <editdetail attribution="Reuters BIP Coding Group" action="confirmed" date="1997-04-19"/>
  </code>
</codes>
<codes class="bip:topics:1.0">
  <code code="GCAT">
    <editdetail attribution="Reuters BIP Coding Group" action="confirmed" date="1997-04-19"/>
  </code>
  <code code="GSPO">
    <editdetail attribution="Reuters BIP Coding Group" action="confirmed" date="1997-04-19"/>
  </code>
</codes>
<dc element="dc.date.created" value="1997-04-19"/>
<dc element="dc.publisher" value="Reuters Holdings Plc"/>
<dc element="dc.date.published" value="1997-04-19"/>
<dc element="dc.source" value="Reuters"/>
<dc element="dc.creator.location" value="PRETORIA"/>
<dc element="dc.creator.location.country.name" value="SOUTH AFRICA"/>
<dc element="dc.source" value="Reuters"/>
</metadata>
</newsitem>
