<?xml version="1.0" encoding="iso-8859-1" ?>
<newsitem itemid="522642" id="root" date="1997-04-19" xml:lang="en">
<title>GHANA: Ghana appoints new acting foreign minister.</title>
<headline>Ghana appoints new acting foreign minister.</headline>
<dateline>ACCRA 1997-04-19</dateline>
<text>
<p>Ghana's president Jerry Rawlings has switched Obed Asamoah from his role as one of Africa's longest-serving foreign ministers, an official statement said.</p>
<p>Local Government Minister Kwamena Ahwoi takes over as acting foreign minister, the statement released on Thursday said.</p>
<p>Asamoah, who took over foreign affairs in January 1982, will now concentrate full-time on the jobs of attorney general and justice minister, which he previously held in a temporary capacity alongside his foreign affairs portfolio.</p>
<p>Both Asamoah and Ahwoi are old hands who have been with Rawlings since his revolutionary days in the early eighties.</p>
<p>Political analysts said Ahwoi is regarded as an intellectual driving force in the government.</p>
</text>
<copyright>(c) Reuters Limited 1997</copyright>
<metadata>
<codes class="bip:countries:1.0">
  <code code="GHANA">
    <editdetail attribution="Reuters BIP Coding Group" action="confirmed" date="1997-04-19"/>
  </code>
</codes>
<codes class="bip:topics:1.0">
  <code code="GCAT">
    <editdetail attribution="Reuters BIP Coding Group" action="confirmed" date="1997-04-19"/>
  </code>
  <code code="GPOL">
    <editdetail attribution="Reuters BIP Coding Group" action="confirmed" date="1997-04-19"/>
  </code>
</codes>
<dc element="dc.date.created" value="1997-04-19"/>
<dc element="dc.publisher" value="Reuters Holdings Plc"/>
<dc element="dc.date.published" value="1997-04-19"/>
<dc element="dc.source" value="Reuters"/>
<dc element="dc.creator.location" value="ACCRA"/>
<dc element="dc.creator.location.country.name" value="GHANA"/>
<dc element="dc.source" value="Reuters"/>
</metadata>
</newsitem>
