<?xml version="1.0" encoding="iso-8859-1" ?>
<newsitem itemid="522732" id="root" date="1997-04-19" xml:lang="en">
<title>SOUTH KOREA: Seoul plans to give $10 mln to N.Korea in new aid.</title>
<headline>Seoul plans to give $10 mln to N.Korea in new aid.</headline>
<dateline>SEOUL 1997-04-19</dateline>
<text>
<p>South Korea has decided to offer about $10 million in fresh food aid to North Korea but the exact amount would depend on Pyongyang' response to a peace proposal, a government official said on Saturday.</p>
<p>&quot;We have reached an internal agreement that an additional donation to the World Food Programme will be around $10 million,&quot; the official said, referring to a $95.5 million aid appeal by the U.N. body.  </p>
<p>The official, who asked not to be identified, told Reuters that an announcement on the additional aid would be made only after North Korea responded to a joint U.S.-South Korean proposal for four-nation peace talks, which include China.</p>
<p>Seoul had already contributed $6 million to the programme before the appeal was increased from an earlier $41.6 million.</p>
<p>&quot;The amount could be reduced by a couple of million dollars if we are not happy with the North's response,&quot; he said.</p>
<p>North Korea is due to give an answer to the peace proposal in a meeting with the United States and South Korea later on Saturday. The peace talks aim to secure a lasting peace on the Korean peninsula to replace a truce agreement that ended the 1950-53 Korean War.</p>
</text>
<copyright>(c) Reuters Limited 1997</copyright>
<metadata>
<codes class="bip:countries:1.0">
  <code code="NKOREA">
    <editdetail attribution="Reuters BIP Coding Group" action="confirmed" date="1997-04-19"/>
  </code>
  <code code="SKOREA">
    <editdetail attribution="Reuters BIP Coding Group" action="confirmed" date="1997-04-19"/>
  </code>
  <code code="UN">
    <editdetail attribution="Reuters BIP Coding Group" action="confirmed" date="1997-04-19"/>
  </code>
</codes>
<codes class="bip:topics:1.0">
  <code code="E51">
    <editdetail attribution="Reuters BIP Coding Group" action="confirmed" date="1997-04-19"/>
  </code>
  <code code="ECAT">
    <editdetail attribution="Reuters BIP Coding Group" action="confirmed" date="1997-04-19"/>
  </code>
  <code code="GCAT">
    <editdetail attribution="Reuters BIP Coding Group" action="confirmed" date="1997-04-19"/>
  </code>
  <code code="GDIP">
    <editdetail attribution="Reuters BIP Coding Group" action="confirmed" date="1997-04-19"/>
  </code>
</codes>
<dc element="dc.date.created" value="1997-04-19"/>
<dc element="dc.publisher" value="Reuters Holdings Plc"/>
<dc element="dc.date.published" value="1997-04-19"/>
<dc element="dc.source" value="Reuters"/>
<dc element="dc.creator.location" value="SEOUL"/>
<dc element="dc.creator.location.country.name" value="SOUTH KOREA"/>
<dc element="dc.source" value="Reuters"/>
</metadata>
</newsitem>
