<?xml version="1.0" encoding="iso-8859-1" ?>
<newsitem itemid="522763" id="root" date="1997-04-19" xml:lang="en">
<title>SAUDI ARABIA: King tells haj pilgrims Saudi committed to peace.</title>
<headline>King tells haj pilgrims Saudi committed to peace.</headline>
<dateline>MENA, Saudi Arabia 1997-04-19</dateline>
<text>
<p>Saudi Arabia's King Fahd and Crown Prince Abdullah told Moslems at the haj pilgrimage that the kingdom was committed to comprehensive Middle East peace, the official Saudi Press Agency (SPA) said.</p>
<p>In an annual joint message to pilgrims, they stressed on Friday that Saudi Arabia was continuing its support &quot;for a comprehesive and just peace that lifts the oppression from the oppressed and returns occupied Arab land to the people of Palestine, Syria and Lebanon&quot;, SPA reported.</p>
<p>King Fahd and Crown Prince Abdullah said the kingdom had repeatedly condemned Israel's building of settlements in Jerusalem and any moves against the rights of its inhabitants.</p>
<p>&quot;The stand of the kingdom towards Jerusalem and the construction of Jewish settlements in the city is very clear. We condemn all illegal acts in Jerusalem leading to a change in its status quo and violation of the legitimate rights of its people,&quot; SPA reported them as saying.</p>
<p>The Saudi leaders also called on Moslems to look to the Koran to settle their differences and urged the Islamic world to boost cooperation.</p>
<p>Some two million Moslems performed this year's haj which ended on Friday.</p>
<p>But the pilgrimage was rattled by a fierce fire that swept through 70,000 tents at a haj compound on Tuesday, killing 343 people and injuring 1,290.</p>
</text>
<copyright>(c) Reuters Limited 1997</copyright>
<metadata>
<codes class="bip:countries:1.0">
  <code code="ISRAEL">
    <editdetail attribution="Reuters BIP Coding Group" action="confirmed" date="1997-04-19"/>
  </code>
  <code code="LEBAN">
    <editdetail attribution="Reuters BIP Coding Group" action="confirmed" date="1997-04-19"/>
  </code>
  <code code="SAARAB">
    <editdetail attribution="Reuters BIP Coding Group" action="confirmed" date="1997-04-19"/>
  </code>
  <code code="SYRIA">
    <editdetail attribution="Reuters BIP Coding Group" action="confirmed" date="1997-04-19"/>
  </code>
</codes>
<codes class="bip:topics:1.0">
  <code code="GCAT">
    <editdetail attribution="Reuters BIP Coding Group" action="confirmed" date="1997-04-19"/>
  </code>
  <code code="GDIP">
    <editdetail attribution="Reuters BIP Coding Group" action="confirmed" date="1997-04-19"/>
  </code>
  <code code="GPOL">
    <editdetail attribution="Reuters BIP Coding Group" action="confirmed" date="1997-04-19"/>
  </code>
  <code code="GREL">
    <editdetail attribution="Reuters BIP Coding Group" action="confirmed" date="1997-04-19"/>
  </code>
</codes>
<dc element="dc.date.created" value="1997-04-19"/>
<dc element="dc.publisher" value="Reuters Holdings Plc"/>
<dc element="dc.date.published" value="1997-04-19"/>
<dc element="dc.source" value="Reuters"/>
<dc element="dc.creator.location" value="MENA, Saudi Arabia"/>
<dc element="dc.creator.location.country.name" value="SAUDI ARABIA"/>
<dc element="dc.source" value="Reuters"/>
</metadata>
</newsitem>
