<?xml version="1.0" encoding="iso-8859-1" ?>
<newsitem itemid="522729" id="root" date="1997-04-19" xml:lang="en">
<title>CHINA: China firms to be allowed to list in Malaysia.</title>
<headline>China firms to be allowed to list in Malaysia.</headline>
<dateline>SHANGHAI 1997-04-19</dateline>
<text>
<p>Chinese firms can apply to list on the Kuala Lumpur stock exchange under a new agreement between Chinese and Malaysian securities regulators, the China Daily reported on Saturday.</p>
<p>The newspaper said a memorandum of understanding on securities and futures regulatory cooperation between Beijing and Kuala Lumpur, signed in Beijing on Friday, paved the way for such listings.</p>
<p>A total of 29 Chinese firms currently have listings on foreign stock exchanges, 22 of them in Hong Kong.</p>
</text>
<copyright>(c) Reuters Limited 1997</copyright>
<metadata>
<codes class="bip:countries:1.0">
  <code code="CHINA">
    <editdetail attribution="Reuters BIP Coding Group" action="confirmed" date="1997-04-19"/>
  </code>
  <code code="MALAY">
    <editdetail attribution="Reuters BIP Coding Group" action="confirmed" date="1997-04-19"/>
  </code>
</codes>
<codes class="bip:industries:1.0">
  <code code="I83100">
    <editdetail attribution="Reuters BIP Coding Group" action="confirmed" date="1997-04-19"/>
  </code>
</codes>
<codes class="bip:topics:1.0">
  <code code="C13">
    <editdetail attribution="Reuters BIP Coding Group" action="confirmed" date="1997-04-19"/>
  </code>
  <code code="C14">
    <editdetail attribution="Reuters BIP Coding Group" action="confirmed" date="1997-04-19"/>
  </code>
  <code code="CCAT">
    <editdetail attribution="Reuters BIP Coding Group" action="confirmed" date="1997-04-19"/>
  </code>
  <code code="M11">
    <editdetail attribution="Reuters BIP Coding Group" action="confirmed" date="1997-04-19"/>
  </code>
  <code code="MCAT">
    <editdetail attribution="Reuters BIP Coding Group" action="confirmed" date="1997-04-19"/>
  </code>
</codes>
<dc element="dc.date.created" value="1997-04-19"/>
<dc element="dc.publisher" value="Reuters Holdings Plc"/>
<dc element="dc.date.published" value="1997-04-19"/>
<dc element="dc.source" value="Reuters"/>
<dc element="dc.creator.location" value="SHANGHAI"/>
<dc element="dc.creator.location.country.name" value="CHINA"/>
<dc element="dc.source" value="Reuters"/>
</metadata>
</newsitem>
