<?xml version="1.0" encoding="iso-8859-1" ?>
<newsitem itemid="522856" id="root" date="1997-04-19" xml:lang="en">
<title>PAKISTAN: PRESS DIGEST - Pakistan - April 19.</title>
<headline>PRESS DIGEST - Pakistan - April 19.</headline>
<text>
<p>No newspapers were published in Pakistan on Saturday because of a holiday for the Moslem feast of Eid al-Adha.</p>
<p>-- Islamabad newsroom 9251-274757</p>
</text>
<copyright>(c) Reuters Limited 1997</copyright>
<metadata>
<codes class="bip:countries:1.0">
  <code code="PAKIS">
    <editdetail attribution="Reuters BIP Coding Group" action="confirmed" date="1997-04-19"/>
  </code>
</codes>
<codes class="bip:topics:1.0">
  <code code="GCAT">
    <editdetail attribution="Reuters BIP Coding Group" action="confirmed" date="1997-04-19"/>
  </code>
</codes>
<dc element="dc.publisher" value="Reuters Holdings Plc"/>
<dc element="dc.date.published" value="1997-04-19"/>
<dc element="dc.source" value="Reuters"/>
<dc element="dc.creator.location.country.name" value="PAKISTAN"/>
<dc element="dc.source" value="Reuters"/>
</metadata>
</newsitem>
