<?xml version="1.0" encoding="iso-8859-1" ?>
<newsitem itemid="522851" id="root" date="1997-04-19" xml:lang="en">
<title>INDIA: INDIA-Primary dealers quotes on securities-April 19.</title>
<headline>INDIA-Primary dealers quotes on securities-April 19.</headline>
<dateline>BOMBAY 1997-04-19</dateline>
<text>
<p>Primary dealers made the following two-way quotes on Saturday for dated government securities and treasury bills</p>
<p>Government securities</p>
<p>---------------------</p>
<p>		    DFHI		STCI	     I-Sec</p>
<p>					 (Bid/offer)	   (in rupees)</p>
<p>13.25% 97    ------/------   ------/------   ------/------</p>
<p>13.50% 97    ------/------   102.35/102.55   102.35/102.60</p>
<p>13.50% 98    ------/------   ------/------   104.00/104.25</p>
<p>13.00% 98    104.70/105.10   ------/------   ------/------</p>
<p>13.62% 98    105.40/105.80   ------/------   ------/------</p>
<p>13.70% 99    ------/------   ------/------   ------/------</p>
<p>13.40% 99    ------/------   ------/------   ------/------</p>
<p>00.00% 99    ------/------   ------/------   ------/------</p>
<p>00.00% 00    ------/------   ------/------   ------/------</p>
<p>11.75% 01    ------/------   ------/------   ------/------</p>
<p>13.85% 01    ------/------   ------/------   ------/------</p>
<p>13.55% 01    ------/------   ------/------   ------/------</p>
<p>13.75% 01    ------/------   ------/------   ------/------</p>
<p>13.80% 02    ------/------   106.50/107.00   ------/------</p>
<p>13.82% 02    ------/------   ------/------   ------/------</p>
<p>12.50% 04    ------/------   ------/------   ------/------</p>
<p>14.00% 05    ------/------   ------/------   ------/------</p>
<p>13.85% 06    ------/------   ------/------   ------/------</p>
<p>14.00% 06    ------/------   ------/------   ------/------</p>
<p>.</p>
<p>		    SBI Gilts	 GSTC	    PNB Gilts</p>
<p>					 (Bid/offer)	   (in rupees)</p>
<p>13.25% 97    ------/------   ------/------   ------/------</p>
<p>13.50% 97    ------/------   ------/------   ------/------</p>
<p>13.50% 98    ------/------   ------/------   ------/------</p>
<p>13.62% 98    ------/------   ------/------   ------/------</p>
<p>13.70% 99    ------/------   ------/------   ------/------</p>
<p>13.40% 99    ------/------   ------/------   ------/------</p>
<p>00.00% 99    ------/------   ------/------   ------/------</p>
<p>00.00% 00    ------/------   ------/------   ------/------</p>
<p>11.75% 01    ------/------   ------/------   ------/------</p>
<p>13.85% 01    ------/------   ------/------   ------/------</p>
<p>13.55% 01    ------/------   ------/------   ------/------</p>
<p>13.75% 01    ------/------   ------/------   ------/------</p>
<p>13.82% 02    ------/------   ------/------   ------/------</p>
<p>12.50% 04    ------/------   ------/------   ------/------</p>
<p>14.00% 05    ------/------   ------/------   ------/------</p>
<p>13.85% 06    ------/------   ------/------   ------/------</p>
<p>14.00% 06    ------/------   ------/------   ------/------</p>
<p>Treasury bills</p>
<p>---------------------</p>
<p>Maturing	  DFHI	   STCI	     I-Sec</p>
<p>on				    (Bid/offer)	(in percent)</p>
<p>20/06/97     ------/------   ------/------     5.75/4.75</p>
<p>10/05/97     ------/------     4.50/3.50     ------/------</p>
<p>18/07/97     ------/------     6.00/5.50     ------/------</p>
<p>10/04/98     ------/------     8.90/8.55     ------/------</p>
<p>10/10/97	 7.00/7.50     ------/------   ------/------</p>
<p>Maturing	  SBI Gilts    GSTC	     PNB Gilts</p>
<p>on				     (Bid/offer)	(in percent)</p>
<p>--/--/--     ------/------   ------/------   ------/------</p>
<p>Note : DFHI - Discount and Finance House of India Ltd.</p>
<p>	 STCI - Securities Trading Corporation of India Ltd.</p>
<p>	 I-Sec- ICICI Securities and Finance Company Ltd.</p>
<p>	 GSTC - Gilts Securities Trading Corporation Ltd.</p>
<p>	   + Bombay Newsroom +91-22-265 9000</p>
</text>
<copyright>(c) Reuters Limited 1997</copyright>
<metadata>
<codes class="bip:countries:1.0">
  <code code="INDIA">
    <editdetail attribution="Reuters BIP Coding Group" action="confirmed" date="1997-04-19"/>
  </code>
</codes>
<codes class="bip:topics:1.0">
  <code code="M12">
    <editdetail attribution="Reuters BIP Coding Group" action="confirmed" date="1997-04-19"/>
  </code>
  <code code="M13">
    <editdetail attribution="Reuters BIP Coding Group" action="confirmed" date="1997-04-19"/>
  </code>
  <code code="M131">
    <editdetail attribution="Reuters BIP Coding Group" action="confirmed" date="1997-04-19"/>
  </code>
  <code code="MCAT">
    <editdetail attribution="Reuters BIP Coding Group" action="confirmed" date="1997-04-19"/>
  </code>
</codes>
<dc element="dc.date.created" value="1997-04-19"/>
<dc element="dc.publisher" value="Reuters Holdings Plc"/>
<dc element="dc.date.published" value="1997-04-19"/>
<dc element="dc.source" value="Reuters"/>
<dc element="dc.creator.location" value="BOMBAY"/>
<dc element="dc.creator.location.country.name" value="INDIA"/>
<dc element="dc.source" value="Reuters"/>
</metadata>
</newsitem>
