<?xml version="1.0" encoding="iso-8859-1" ?>
<newsitem itemid="522828" id="root" date="1997-04-19" xml:lang="en">
<title>GERMANY: Germany to sell its old submarines to Indonesia.</title>
<headline>Germany to sell its old submarines to Indonesia.</headline>
<dateline>BONN 1997-04-19</dateline>
<text>
<p>Germany's defence ministry said on Saturday Bonn wants to sell four submarines used by the German navy to Indonesia and the two countries were negotiating over the price.</p>
<p>A defence ministry spokesman confirmed a report in news magazine Spiegel released ahead of publication on Monday that the submarines were due to be delivered to Indonesia by the end of next year.</p>
<p>The German government sold two submarines to Indonesia in the early 1980s, Spiegel said. After unification in 1990 it sold a former east German warship to Indonesia.</p>
<p>German arms trade with the southeast Asian nation has been sharply criticised in the past by human rights groups because of the situation in East Timor which was annexed by Indonesia in 1976.</p>
<p>The United Nations Human Rights Commission formally criticised Indonesia this week in a resolution expressing deep concern at reports of killings and torture in East Timor.</p>
</text>
<copyright>(c) Reuters Limited 1997</copyright>
<metadata>
<codes class="bip:countries:1.0">
  <code code="GFR">
    <editdetail attribution="Reuters BIP Coding Group" action="confirmed" date="1997-04-19"/>
  </code>
  <code code="INDON">
    <editdetail attribution="Reuters BIP Coding Group" action="confirmed" date="1997-04-19"/>
  </code>
</codes>
<codes class="bip:topics:1.0">
  <code code="GCAT">
    <editdetail attribution="Reuters BIP Coding Group" action="confirmed" date="1997-04-19"/>
  </code>
  <code code="GDEF">
    <editdetail attribution="Reuters BIP Coding Group" action="confirmed" date="1997-04-19"/>
  </code>
  <code code="GDIP">
    <editdetail attribution="Reuters BIP Coding Group" action="confirmed" date="1997-04-19"/>
  </code>
</codes>
<dc element="dc.date.created" value="1997-04-19"/>
<dc element="dc.publisher" value="Reuters Holdings Plc"/>
<dc element="dc.date.published" value="1997-04-19"/>
<dc element="dc.source" value="Reuters"/>
<dc element="dc.creator.location" value="BONN"/>
<dc element="dc.creator.location.country.name" value="GERMANY"/>
<dc element="dc.source" value="Reuters"/>
</metadata>
</newsitem>
