<?xml version="1.0" encoding="iso-8859-1" ?>
<newsitem itemid="709588" id="root" date="1997-07-07" xml:lang="en">
<title>USA: Digital Biometrics wins Calif. contract.</title>
<headline>Digital Biometrics wins Calif. contract.</headline>
<dateline>MINNETONKA, Minn. 1997-07-07</dateline>
<text>
<p>Digital Biometrics Inc said Monday that 20 of its fingerprint identification systems will be used by Los Angeles County courthouses to identify defendants for trial, release and incarceration.</p>
<p>The twenty systems, ordered from the County of Los Angeles, will be delivered during the current fiscal quarter.</p>
<p>The total value of the contract is about $1 million.</p>
<p>Digital Biometrics develops, makes and markets biometric identification products and integrates them into data networks. The company's products are marketed to law enforcement and regulatory agencies, and to commercial customers where positive identification is required of employees and customers.</p>
<p>((Chicago newsdesk 312 408 8787))</p>
</text>
<copyright>(c) Reuters Limited 1997</copyright>
<metadata>
<codes class="bip:countries:1.0">
  <code code="USA">
    <editdetail attribution="Reuters BIP Coding Group" action="confirmed" date="1997-07-07"/>
  </code>
</codes>
<codes class="bip:industries:1.0">
  <code code="I34420">
    <editdetail attribution="Reuters BIP Coding Group" action="confirmed" date="1997-07-07"/>
  </code>
</codes>
<codes class="bip:topics:1.0">
  <code code="C33">
    <editdetail attribution="Reuters BIP Coding Group" action="confirmed" date="1997-07-07"/>
  </code>
  <code code="CCAT">
    <editdetail attribution="Reuters BIP Coding Group" action="confirmed" date="1997-07-07"/>
  </code>
</codes>
<dc element="dc.date.created" value="1997-07-07"/>
<dc element="dc.publisher" value="Reuters Holdings Plc"/>
<dc element="dc.date.published" value="1997-07-07"/>
<dc element="dc.source" value="Reuters"/>
<dc element="dc.creator.location" value="MINNETONKA, Minn."/>
<dc element="dc.creator.location.country.name" value="USA"/>
<dc element="dc.source" value="Reuters"/>
</metadata>
</newsitem>
