<?xml version="1.0" encoding="iso-8859-1" ?>
<newsitem itemid="709562" id="root" date="1997-07-07" xml:lang="en">
<title>CANADA: Canadian dollar ends weaker in steady trading.</title>
<headline>Canadian dollar ends weaker in steady trading.</headline>
<text>
<p>FORECAST RANGE   1.3730/1.3770	    ASIAN CLOSE     1.3754</p>
<p>RESISTANCE 1.3665   SUPPORT 1.3815	HI 1.3780   LO  1.3730</p>
<p>CANADA OPEN  1.3735/40    HI 1.3746     EUROPE OPEN     1.3738</p>
<p>PREV CLOSE   1.3740/45    LO 1.3710     HI 1.3784   LO  1.3774</p>
<p>---------------------MARKET COMMENT--------------------------</p>
<p>* Canada's dollar ended weaker on Monday at C$1.3780 (US$0.7256) from this morning's open of C$1.3719 (US$0.7289) in steady trade, pressured by a drop in the price of gold and gold stocks, dealers said. * They said the currency would likely weaken further on Tuesday as gold pressures continued.  </p>
<p>Gold was fixed in London at $318.75 an ounce on Monday, its lowest level in 12 years amid a debate over whether central banks should hang on to their large reserves of gold bullion.</p>
<p>Central banks in the Netherlands, Belgium and Switzerland also have sold off gold reserves in recent years and the U.S. Federal Reserve issued a paper suggesting central banks had no need to hold gold.</p>
<p>Traders said that reality outweighed gains in Asia after the Japanese government reported a larger than expected increase in the nation's trade surplus.  </p>
<p>Although market players were expecting a large increase in Japan's trade surplus, the 129.3 percent jump from the same period in the previous year was a surprise and strengthened the move to the yen.</p>
<p>The Canadian dollar weakened to C$1.3777 (US$0.7258) before staging a late session rally to the C$1.3735 (US$0.7280) level.</p>
<p>&quot;We had some Japanese banks come back in and buy some Canada (dollars) and then we saw some Canadians in there as well,&quot; Farrill said.</p>
<p>On the crosses, the Canadian dollar dipped to 81.86 Japanese yen from Friday's 83.09 yen and climbed to 1.2717 German marks from Friday's 1.2754 marks.</p>
<p>((Reuters Toronto Bureau (416) 941-8104))</p>
</text>
<copyright>(c) Reuters Limited 1997</copyright>
<metadata>
<codes class="bip:countries:1.0">
  <code code="CANA">
    <editdetail attribution="Reuters BIP Coding Group" action="confirmed" date="1997-07-07"/>
  </code>
</codes>
<codes class="bip:topics:1.0">
  <code code="M13">
    <editdetail attribution="Reuters BIP Coding Group" action="confirmed" date="1997-07-07"/>
  </code>
  <code code="M132">
    <editdetail attribution="Reuters BIP Coding Group" action="confirmed" date="1997-07-07"/>
  </code>
  <code code="MCAT">
    <editdetail attribution="Reuters BIP Coding Group" action="confirmed" date="1997-07-07"/>
  </code>
</codes>
<dc element="dc.publisher" value="Reuters Holdings Plc"/>
<dc element="dc.date.published" value="1997-07-07"/>
<dc element="dc.source" value="Reuters"/>
<dc element="dc.creator.location.country.name" value="CANADA"/>
<dc element="dc.source" value="Reuters"/>
</metadata>
</newsitem>
