<?xml version="1.0" encoding="iso-8859-1" ?>
<newsitem itemid="709569" id="root" date="1997-07-07" xml:lang="en">
<title>CANADA: Canada gold producers seek to ride out price fall.</title>
<headline>Canada gold producers seek to ride out price fall.</headline>
<byline>Paul Casciato</byline>
<dateline>TORONTO 1997-07-07</dateline>
<text>
<p>Canadian gold stocks tumbled alongside other gold producers as the price of bullion fell further on news that Australia's central bank had sold a large portion of its gold reserves.</p>
<p>Stocks of Canada's biggest gold producers fell, but losses were limited by mining firm's hedging programs and the fact that the big Canadian companies' average cost of production is less than $300 an ounce.</p>
<p>&quot;It's true that Barrick (Gold Corp ) and Placer (Dome Inc ) in Canada are low cost producers,&quot; said Placer Dome Inc spokesman, Hugh Leggett. &quot;Our cost is about $220 (an ounce) and Barrick's is I believe just under $200 (an ounce), so we still have a margin there.&quot;</p>
<p>Barrick's chairman and chief executive Peter Munk said Barrick's gold hedging program has protected its profit margins. Barrick has sales of about 7.5 million ounces hedged at an average price of about $420 an ounce, while its cash operating costs remain under $200 an ounce.</p>
<p>&quot;Barrick is fully protected with the largest hedge position and the lowest operating costs in the industry,&quot; Munk said in a statement on Monday.</p>
<p>Others in the industry cautioned, however, that prolonged weakness in the gold price, or any further falls, would take a toll on small and medium producers.</p>
<p>&quot;In the event of a prolonged slump (in the gold price) you can say that in 1998 only one, or possibly two, of the senior producers will be making money,&quot; said Anthony Lesiak manager of investor relations at intermediate gold miner Greenstone Resources Ltd.&quot;What happens if the gold price (goes to and) stays at $250 an ounce, what then?&quot;</p>
<p>Lesiak said some of the bigger companies like Barrick have to carry other costs like the acquisition price for deposits such as the Pierina Pascua property in Peru. Those have to be added to the price of taking gold out of the ground.</p>
<p>The price of bullion plunged on Monday after the news that the Reserve Bank of Australia had sold 167 tonnes of gold reserves over the last six months.</p>
<p>Gold was fixed in London at $318.75 an ounce on Monday, its lowest level in 12 years in the midst of a bearish debate over whether central banks should continue to hang onto their large reserves of gold bullion.</p>
<p>Central banks in the Netherlands, Belgium and Switzerland also have sold off gold reserves in recent years and the U.S. Federal Reserve has issued a paper suggesting central banks have no need to hold gold.</p>
<p>Some analysts said the price of gold has dropped so low that nearly 60 percent of the world's gold miners are in the position of producing at a loss and some senior mining companies with mines in South Africa may have to shut down or suspend production.</p>
<p>Total world production in 1996 was 2,346 tonnes. Gold has lost more than 13 percent of its value so far this year as central banks reviewed the worth of holding reserves.</p>
<p>Some high-cost Canadian producers already had scaled back projects as a result of a lower gold price last year.</p>
<p>Royal Oak Mines, whose first quarter cash cost of production stood around $372 an ounce will close its mine in Hope Brook, Newfoundland and write down reserves at its Colomac mine in the Northwest Territories, while TVX Gold Inc said in January that it was suspending operations at its Casa Berardi mine in Quebec.</p>
<p>The gold index on the Toronto Stock Exchange fell more than four percent by 325.31 points to 7529.89 near the close, led by a sharp fall in Franco-Nevada Mining Corp Ltd by 4.90 to 62.00 a share and Franco's sister company Euro-Nevada Mining Corp Ltd by 1.55 to 38.45 a share.</p>
<p>Barrick's shares fell 0.40 to 27.80 a share on the exchange on Monday, while Placer Dome shares slipped 1.20 to 19.25 a share. Royal Oak shares were down 0.21 to 2.65 a share, while TVX Gold shares slipped 0.45 to 6.30 a share.</p>
<p>((Reuters Toronto Bureau 416 941-8100))</p>
</text>
<copyright>(c) Reuters Limited 1997</copyright>
<metadata>
<codes class="bip:countries:1.0">
  <code code="CANA">
    <editdetail attribution="Reuters BIP Coding Group" action="confirmed" date="1997-07-07"/>
  </code>
</codes>
<codes class="bip:industries:1.0">
  <code code="I21000">
    <editdetail attribution="Reuters BIP Coding Group" action="confirmed" date="1997-07-07"/>
  </code>
  <code code="I22472">
    <editdetail attribution="Reuters BIP Coding Group" action="confirmed" date="1997-07-07"/>
  </code>
</codes>
<codes class="bip:topics:1.0">
  <code code="C15">
    <editdetail attribution="Reuters BIP Coding Group" action="confirmed" date="1997-07-07"/>
  </code>
  <code code="C152">
    <editdetail attribution="Reuters BIP Coding Group" action="confirmed" date="1997-07-07"/>
  </code>
  <code code="C31">
    <editdetail attribution="Reuters BIP Coding Group" action="confirmed" date="1997-07-07"/>
  </code>
  <code code="CCAT">
    <editdetail attribution="Reuters BIP Coding Group" action="confirmed" date="1997-07-07"/>
  </code>
  <code code="M14">
    <editdetail attribution="Reuters BIP Coding Group" action="confirmed" date="1997-07-07"/>
  </code>
  <code code="M142">
    <editdetail attribution="Reuters BIP Coding Group" action="confirmed" date="1997-07-07"/>
  </code>
  <code code="MCAT">
    <editdetail attribution="Reuters BIP Coding Group" action="confirmed" date="1997-07-07"/>
  </code>
</codes>
<dc element="dc.date.created" value="1997-07-07"/>
<dc element="dc.publisher" value="Reuters Holdings Plc"/>
<dc element="dc.date.published" value="1997-07-07"/>
<dc element="dc.source" value="Reuters"/>
<dc element="dc.creator.location" value="TORONTO"/>
<dc element="dc.creator.location.country.name" value="CANADA"/>
<dc element="dc.source" value="Reuters"/>
</metadata>
</newsitem>
