<?xml version="1.0" encoding="iso-8859-1" ?>
<newsitem itemid="709599" id="root" date="1997-07-07" xml:lang="en">
<title>USA: NY Fed says overseas US Treasuries trade prescient.</title>
<headline>NY Fed says overseas US Treasuries trade prescient.</headline>
<dateline>NEW YORK 1997-07-07</dateline>
<text>
<p>Overseas price changes can effectively predict overnight price changes in New York despite lower trading volume in U.S. Treasuries in London and Tokyo, according to an analysis in the Federal Reserve Bank of New York's latest Economic Policy Review.</p>
<p>&quot;Lower liquidity notwithstanding, the overseas trading locations provide important information on the path of U.S. Treasury security prices,&quot; said Michael J. Fleming, an economist in the New York Fed's capital markets area.</p>
<p>Fleming's &quot;Round-the-Clock Market for U.S. Treasury Securities&quot; provided the first detailed intraday analysis of the U.S. Treasury securities market, according to a press release from the bank.</p>
<p>While the Treasury market is &quot;one of the world's largest and most liquid financial markets, there is little quantitative evidence on its intraday functioning,&quot; Fleming said.</p>
<p>Fleming used data on primary government securities dealers' trading activity, between April 4 and August 19, 1994, to examine trading volume, price volatility and bid-ask spreads for the three major trading locations -- New York, London and Tokyo -- and for each half-hour interval of the global trading day.</p>
<p>He said he found relatively low trading activity in the overseas locations as well as less price discovery -- the process by which Treasury prices adjust to incorporate new information -- and wider bid-ask spreads.</p>
<p>The analysis reveals that although the secondary market for U.S. Treasury securities operates around the clock, more than 94 percent of trading occcurs in New York, with less than four percent in London and less than two percent in Tokyo. Price volatility also is highly concentrated in New York trading hours (0730 EDT/1130 GMT through 1730 EDT/2130 GMT) and peaks at the same times as trading activity each day (0820 EDT/1220 GMT), the report said.</p>
<p>In his analysis of bid-ask spreads, Fleming determined that the spreads are higher overseas than in New York, and higher in Tokyo than in London. Spreads represent the difference between the highest price a prospective buyer will pay for a security and the lowest price a prospective seller will accept.</p>
<p>According to Fleming, intraday analysis of trading volume and the bid-ask spread can be used to ascertain how market liquidity changes throughout the day.</p>
<p>&quot;Such information is important to hedgers and other market participants who may need to trade at any moment and to investors who rely on a liquid Treasury market for the pricing of other securities or for market tracking sentiment,&quot; Fleming said.</p>
<p>(( -- N.A. Treaasury Desk, 212-859-1660 ))</p>
</text>
<copyright>(c) Reuters Limited 1997</copyright>
<metadata>
<codes class="bip:countries:1.0">
  <code code="USA">
    <editdetail attribution="Reuters BIP Coding Group" action="confirmed" date="1997-07-07"/>
  </code>
</codes>
<codes class="bip:topics:1.0">
  <code code="M12">
    <editdetail attribution="Reuters BIP Coding Group" action="confirmed" date="1997-07-07"/>
  </code>
  <code code="MCAT">
    <editdetail attribution="Reuters BIP Coding Group" action="confirmed" date="1997-07-07"/>
  </code>
</codes>
<dc element="dc.date.created" value="1997-07-07"/>
<dc element="dc.publisher" value="Reuters Holdings Plc"/>
<dc element="dc.date.published" value="1997-07-07"/>
<dc element="dc.source" value="Reuters"/>
<dc element="dc.creator.location" value="NEW YORK"/>
<dc element="dc.creator.location.country.name" value="USA"/>
<dc element="dc.source" value="Reuters"/>
</metadata>
</newsitem>
