<?xml version="1.0" encoding="iso-8859-1" ?>
<newsitem itemid="709644" id="root" date="1997-07-07" xml:lang="en">
<title>USA: U.S. mortgage-backeds up amid down-in-coupon trade.</title>
<headline>U.S. mortgage-backeds up amid down-in-coupon trade.</headline>
<dateline>NEW YORK 1997-07-07</dateline>
<text>
<p>U.S. mortgage-backeds posted moderate advances Monday, with premium coupons underperforming amid growing concern that prepayments will soon accelerate.</p>
<p>Current coupon 7-1/2-percent bonds from all three agencies were up 10/32, matching the price increase in 10-year Treasuries. Higher coupons were up 1/8 to 1/4 point.</p>
<p>As interest rates continued to slide, and prepayment risks rose, traders saw a shift from eight to 9-1/2 percent coupons to the safer haven of current and discount coupons.</p>
<p>Thirty-year Treasuries yielded 6.58 percent late Monday, four basis points closer to the 6.50 percent prepay trigger.  </p>
<p>&quot;The 8-1/2s are definitely refiable (refinanceable) and the eights will probably pick up in refis soon,&quot; one trader said. &quot;We'll see it in September's (prepayment) numbers. Most people don't hear about (lower mortgage rates) right away.&quot;</p>
<p>Among key issues, Ginnie Mae 30-year 7-1/2 percent coupons were up 10/32 at 101-16/32 bid, yielding 98 basis points over 10-year Treasuries. That spread was unchanged from late Thursday.</p>
<p>Comparable Fannie Maes and Freddie Macs were also up 10/32, at 101-11/32 and 101-16/32, respectively.  </p>
<p>The 7-1/2 coupons have been market leaders, bolstered by institutional investor prepayment concerns and a reach for yield by retail investors, traders said.</p>
<p>The 7-1/2s won't be hurt immediately by prepayments. But traders said yield spreads above Treasuries could widen on 7-1/2s along with higher coupons. That would be a retracement of the relatively strong performance of the 7-1/2s.</p>
<p>Thursday's Mortgage Bankers Association index could foreshadow a refinancing pick-up. A more prolonged low-rate environment will alter the current benign prepayment trend more sharply later, market participants said.</p>
<p>(( Lynn Adler, 212-859-1677 ))</p>
</text>
<copyright>(c) Reuters Limited 1997</copyright>
<metadata>
<codes class="bip:countries:1.0">
  <code code="USA">
    <editdetail attribution="Reuters BIP Coding Group" action="confirmed" date="1997-07-07"/>
  </code>
</codes>
<codes class="bip:topics:1.0">
  <code code="M12">
    <editdetail attribution="Reuters BIP Coding Group" action="confirmed" date="1997-07-07"/>
  </code>
  <code code="MCAT">
    <editdetail attribution="Reuters BIP Coding Group" action="confirmed" date="1997-07-07"/>
  </code>
</codes>
<dc element="dc.date.created" value="1997-07-07"/>
<dc element="dc.publisher" value="Reuters Holdings Plc"/>
<dc element="dc.date.published" value="1997-07-07"/>
<dc element="dc.source" value="Reuters"/>
<dc element="dc.creator.location" value="NEW YORK"/>
<dc element="dc.creator.location.country.name" value="USA"/>
<dc element="dc.source" value="Reuters"/>
</metadata>
</newsitem>
