<?xml version="1.0" encoding="iso-8859-1" ?>
<newsitem itemid="709659" id="root" date="1997-07-07" xml:lang="en">
<title>USA: U.S. Treasury balances at Fed fell on July 3.</title>
<headline>U.S. Treasury balances at Fed fell on July 3.</headline>
<dateline>WASHINGTON 1997-07-07</dateline>
<text>
<p>U.S. Treasury balances at Federal Reserve based on Treasury Department's latest budget statement.</p>
<p>			  (BILLIONS OF DLRS)</p>
<p>				  July 3		 July 2</p>
<p>Fed acct			 3.544		  5.253</p>
<p>Tax/loan note acct	  14.648		 34.000</p>
<p>Cash balance		  18.193		 39.253</p>
<p>---</p>
<p>Total public debt,</p>
<p> subject to limit	5,269.584	     5,283.941</p>
<p>---</p>
<p>Treasury said individual income tax refunds valued at $2 million were issued and $63 million of corporate refunds were issued.</p>
</text>
<copyright>(c) Reuters Limited 1997</copyright>
<metadata>
<codes class="bip:countries:1.0">
  <code code="USA">
    <editdetail attribution="Reuters BIP Coding Group" action="confirmed" date="1997-07-07"/>
  </code>
</codes>
<codes class="bip:topics:1.0">
  <code code="E21">
    <editdetail attribution="Reuters BIP Coding Group" action="confirmed" date="1997-07-07"/>
  </code>
  <code code="E211">
    <editdetail attribution="Reuters BIP Coding Group" action="confirmed" date="1997-07-07"/>
  </code>
  <code code="ECAT">
    <editdetail attribution="Reuters BIP Coding Group" action="confirmed" date="1997-07-07"/>
  </code>
</codes>
<dc element="dc.date.created" value="1997-07-07"/>
<dc element="dc.publisher" value="Reuters Holdings Plc"/>
<dc element="dc.date.published" value="1997-07-07"/>
<dc element="dc.source" value="Reuters"/>
<dc element="dc.creator.location" value="WASHINGTON"/>
<dc element="dc.creator.location.country.name" value="USA"/>
<dc element="dc.source" value="Reuters"/>
</metadata>
</newsitem>
