<?xml version="1.0" encoding="iso-8859-1" ?>
<newsitem itemid="709697" id="root" date="1997-07-07" xml:lang="en">
<title>USA: Digital TV Services to sell $155 mln in junk bonds.</title>
<headline>Digital TV Services to sell $155 mln in junk bonds.</headline>
<dateline>NEW YORK 1997-07-07</dateline>
<text>
<p>Digital Television Services, a distributor of digital broadcast satellite service DIRECTV, plans to sell $155 million in 10-year senior subordinated notes via Donaldson Lufkin &amp; Jenrette in a 144A private placement, according to a confidential prospectus obtained by Reuters.</p>
<p>The issuer will guarantee interest payments for the first two years via a prefunded interest reserve.</p>
<p>Digital TV, a privately-held company based in Roswell, Ga., is an exclusive distributor of DIRECTV with around 88,000 subscribers.  </p>
<p>The bonds will be issued by Digital Television Services LLC/DTS Capital Inc, a subsidiary of the company.</p>
<p>Sources close to the deal said it is likely to be priced by the end of July.</p>
<p>Pegusus Communications Corp based in Radnor, Pa., is the only other DIRECTV distributor to have tapped the high-yield bond market.</p>
<p>In January, Pegasus issued $100 million in 12.75 percent cumulative exchangeable pay-in-kind preferred stock due '07 via CIBC Wood Gundy Securities Corp.</p>
<p>-Douglas Brown, ((212-859-1662))</p>
</text>
<copyright>(c) Reuters Limited 1997</copyright>
<metadata>
<codes class="bip:countries:1.0">
  <code code="USA">
    <editdetail attribution="Reuters BIP Coding Group" action="confirmed" date="1997-07-07"/>
  </code>
</codes>
<codes class="bip:industries:1.0">
  <code code="I97400">
    <editdetail attribution="Reuters BIP Coding Group" action="confirmed" date="1997-07-07"/>
  </code>
  <code code="I9741102">
    <editdetail attribution="Reuters BIP Coding Group" action="confirmed" date="1997-07-07"/>
  </code>
</codes>
<codes class="bip:topics:1.0">
  <code code="C17">
    <editdetail attribution="Reuters BIP Coding Group" action="confirmed" date="1997-07-07"/>
  </code>
  <code code="C172">
    <editdetail attribution="Reuters BIP Coding Group" action="confirmed" date="1997-07-07"/>
  </code>
  <code code="CCAT">
    <editdetail attribution="Reuters BIP Coding Group" action="confirmed" date="1997-07-07"/>
  </code>
</codes>
<dc element="dc.date.created" value="1997-07-07"/>
<dc element="dc.publisher" value="Reuters Holdings Plc"/>
<dc element="dc.date.published" value="1997-07-07"/>
<dc element="dc.source" value="Reuters"/>
<dc element="dc.creator.location" value="NEW YORK"/>
<dc element="dc.creator.location.country.name" value="USA"/>
<dc element="dc.source" value="Reuters"/>
</metadata>
</newsitem>
