<?xml version="1.0" encoding="iso-8859-1" ?>
<newsitem itemid="709670" id="root" date="1997-07-07" xml:lang="en">
<title>USA: Northrop signs deal with McDonnell.</title>
<headline>Northrop signs deal with McDonnell.</headline>
<dateline>DALLAS 1997-07-07</dateline>
<text>
<p>Northrop Grumman Corp said Monday it signed an agreement with McDonnell Douglas Corp, valued at $1.9 billion, to produce components for 80  McDonnell C-17 military transport aircraft over a six-year period.</p>
<p>The agreement follows a 1996 multiyear procurement agreement between the U.S. Air Force and McDonnell Douglas to build an additional 80 C-17's by 2004.</p>
<p>The agreement covers fiscal years 1997 through 2002, with deliveries continuing into early 2004.  </p>
<p>Northrop Grumman's commercial aircraft division produces the engine nacelles, tail sections and other aerostructure components at sites in Dallas, Georgia, and Florida.</p>
<p>The company said the U.S. Air Force/McDonnell Douglas C-17 Globemaster III is designed to fulfill airlift needs into the next century, carrying large combat equipment and troops or humanitarian aid directly to small, austere airfields anywhere in the world.</p>
<p>On July 3, Lockheed Martin Corp announced plans to acquire Northrop Grumman in an $11.6-billion deal.  </p>
<p>The 80 C-17 shipsets will bring the Air Force's total Globemaster III fleet to 120 aircraft.  McDonnell Douglas recently began assembly of the 41st C-17 production aircraft -- the first under the multiyear contract.</p>
<p>The Air Force declared the first C-17 squadron operational in January 1995.  Since then, the fleet has amassed more than 50,000 flying hours as of June 1997. &quot;Extending our work over 80 more airplanes sustains (our) position (as the number one supplier to McDonnell Douglas), and adds significant work to our business base, providing stability for the long term,&quot; said Ralph Crosby Jr, corporate vice president and general manager of Northrop Grumman's Commercial Aircraft Division.</p>
</text>
<copyright>(c) Reuters Limited 1997</copyright>
<metadata>
<codes class="bip:countries:1.0">
  <code code="USA">
    <editdetail attribution="Reuters BIP Coding Group" action="confirmed" date="1997-07-07"/>
  </code>
</codes>
<codes class="bip:industries:1.0">
  <code code="I36400">
    <editdetail attribution="Reuters BIP Coding Group" action="confirmed" date="1997-07-07"/>
  </code>
  <code code="I3640047">
    <editdetail attribution="Reuters BIP Coding Group" action="confirmed" date="1997-07-07"/>
  </code>
</codes>
<codes class="bip:topics:1.0">
  <code code="C33">
    <editdetail attribution="Reuters BIP Coding Group" action="confirmed" date="1997-07-07"/>
  </code>
  <code code="C331">
    <editdetail attribution="Reuters BIP Coding Group" action="confirmed" date="1997-07-07"/>
  </code>
  <code code="CCAT">
    <editdetail attribution="Reuters BIP Coding Group" action="confirmed" date="1997-07-07"/>
  </code>
</codes>
<dc element="dc.date.created" value="1997-07-07"/>
<dc element="dc.publisher" value="Reuters Holdings Plc"/>
<dc element="dc.date.published" value="1997-07-07"/>
<dc element="dc.source" value="Reuters"/>
<dc element="dc.creator.location" value="DALLAS"/>
<dc element="dc.creator.location.country.name" value="USA"/>
<dc element="dc.source" value="Reuters"/>
</metadata>
</newsitem>
