<?xml version="1.0" encoding="iso-8859-1" ?>
<newsitem itemid="709682" id="root" date="1997-07-07" xml:lang="en">
<title>USA: NY precious metals end sharply down, led by gold.</title>
<headline>NY precious metals end sharply down, led by gold.</headline>
<dateline>NEW YORK 1997-07-07</dateline>
<text>
<p>New York precious metals ended sharply lower Monday, with gold tumbling to fresh 12-year lows. Although more than half the initial losses were pared by close, a further fall is expected, dealers said.</p>
<p>Most-actively traded COMEX gold settled down $6.20 at $319.00 an ounce, traded $320.60 to $314.60. Volume was estimated at 42,000 lots.</p>
<p>Monday's losses followed a $7.10 drop last Thursday when Reserve Bank of Australia said it had sold most of its gold reserves, suggesting there were better returns elsewhere.</p>
<p>COMEX was closed Friday in observance of U.S. Independence Day.  </p>
<p>The two-session plunge in gold was due to speculators selling the market short, gambling that prices would go lower, dealers said.</p>
<p>According to the CFTC Commitment of Traders report to week ended July 1, two days before Thursday's initial selloff, non-commercials or speculators were already massively short, holding 72,241 short positions and just 5,230 long positions.</p>
<p>The commercials were heavily long, with 139,801 long positions and 69,136 short positions.</p>
<p>Analyst Jim Steel of Refco said Monday's losses were pared by shortcovering rather than fresh buying.</p>
<p>&quot;It's just bargain-hunting,&quot; Steel said.</p>
<p>Scott Mehlman, chief dealer at Credit Lyonnais Rouse, said the market was expected to retest $314.10 an ounce in spot metal.</p>
<p>&quot;Underneath $300 is entirely possible,&quot; Mehlman said. &quot;There may be some shortcovering rallies but they will be worth selling.&quot;</p>
<p>Trading at NYMEX's new state of the art facility in Battery Park City, Manhattan began Monday after the move during Independence Day weekend from the World Trade Center.</p>
<p>Floor sources said glitches with the new telephone system, which NYMEX said would be resolved by Tuesday, caused some frustration during the early selloff in gold.</p>
<p>The selloff was the continuation of a well-established downward trend in gold prices as a growing list of central banks sell the yellow metal, dealers said.</p>
<p>The Philadelphia Stock Exchange's Gold and Silver mining stocks index slumped about 9 percent Monday, down 7.88 points at 86.82 late afternoon as gold producer equities took a hammering.</p>
<p>COMEX September silver tumbled more than 30 cents to $4.25 an ounce, the lowest in just over four years, before recovering to end at $4.285 an ounce, down 28.5 cents on the day. Volume was estimated at 23,000 lots.</p>
<p>Dealers said there was no fresh fundamental news behind silver's sharp tumble which was largely on the back of gold's woes and technically-based.</p>
<p>Gold's downward spiral also pulled the white metals lower amid further reports quoting Russian officials saying the country's shipments of its much delayed 1997 exports of platinum and palladium would begin this month.</p>
<p>NYMEX October platinum went out $12.00 lower at $392.70 an ounce, traded $398.00 to $390.10.</p>
<p>NYMEX September palladium settled $3.25 an ounce weaker at $169.75.</p>
<p>((Huw Jones, New York Commodity Desk 212-859-1646))</p>
</text>
<copyright>(c) Reuters Limited 1997</copyright>
<metadata>
<codes class="bip:countries:1.0">
  <code code="USA">
    <editdetail attribution="Reuters BIP Coding Group" action="confirmed" date="1997-07-07"/>
  </code>
</codes>
<codes class="bip:topics:1.0">
  <code code="M14">
    <editdetail attribution="Reuters BIP Coding Group" action="confirmed" date="1997-07-07"/>
  </code>
  <code code="M142">
    <editdetail attribution="Reuters BIP Coding Group" action="confirmed" date="1997-07-07"/>
  </code>
  <code code="MCAT">
    <editdetail attribution="Reuters BIP Coding Group" action="confirmed" date="1997-07-07"/>
  </code>
</codes>
<dc element="dc.date.created" value="1997-07-07"/>
<dc element="dc.publisher" value="Reuters Holdings Plc"/>
<dc element="dc.date.published" value="1997-07-07"/>
<dc element="dc.source" value="Reuters"/>
<dc element="dc.creator.location" value="NEW YORK"/>
<dc element="dc.creator.location.country.name" value="USA"/>
<dc element="dc.source" value="Reuters"/>
</metadata>
</newsitem>
