<?xml version="1.0" encoding="iso-8859-1" ?>
<newsitem itemid="709672" id="root" date="1997-07-07" xml:lang="en">
<title>USA: NYCE cotton ends weaker, Dec hits new contract low.</title>
<headline>NYCE cotton ends weaker, Dec hits new contract low.</headline>
<dateline>NEW YORK 1997-07-07</dateline>
<text>
<p>NYCE cotton ended sharply down amid heavy speculative selling that pressured most contracts to fresh lifetime lows, trading sources said.</p>
<p>Benchmark December broke through nearby support at 75.00 cents and triggered stops that carried the contract through all support targets and to the day's low of 73.75 cents.</p>
<p>The previous contract low was 73.85 cents.</p>
<p>Scale-down mill buying stalled losses but remained too thin to support the market. Dealers said follow-through selling could pressure prices further on Tuesday, and pegged support in December at 70.00 cents.</p>
<p>The most-active month ended down 2.05 cents at 73.75 cents per lb, having ranged from 76.05 to 73.70 cents. The rest of the board settled 2.03 to 0.95 weaker.</p>
<p>An estimated 28,000 lots changed hands on the day, compared with Thursday's official 14,974 lots.</p>
<p>Analysts said the failure of the December contract to pierce its recent high of 77.65 cents, coupled with a dearth of supportive fundamental news such as weather or pest problems, set the market up for a sharp selloff.</p>
<p>The U.S. Department of Agriculture will issue its weekly progress report at 1600 EDT amid expectations for an improving U.S. cotton crop.</p>
<p>Benefical rains were noted over the weekend in West Texas, Georgia and Alabama.</p>
<p>((Suzanne Rostler, New York Commodity Desk 212-859-1646))</p>
</text>
<copyright>(c) Reuters Limited 1997</copyright>
<metadata>
<codes class="bip:countries:1.0">
  <code code="USA">
    <editdetail attribution="Reuters BIP Coding Group" action="confirmed" date="1997-07-07"/>
  </code>
</codes>
<codes class="bip:topics:1.0">
  <code code="M14">
    <editdetail attribution="Reuters BIP Coding Group" action="confirmed" date="1997-07-07"/>
  </code>
  <code code="M141">
    <editdetail attribution="Reuters BIP Coding Group" action="confirmed" date="1997-07-07"/>
  </code>
  <code code="MCAT">
    <editdetail attribution="Reuters BIP Coding Group" action="confirmed" date="1997-07-07"/>
  </code>
</codes>
<dc element="dc.date.created" value="1997-07-07"/>
<dc element="dc.publisher" value="Reuters Holdings Plc"/>
<dc element="dc.date.published" value="1997-07-07"/>
<dc element="dc.source" value="Reuters"/>
<dc element="dc.creator.location" value="NEW YORK"/>
<dc element="dc.creator.location.country.name" value="USA"/>
<dc element="dc.source" value="Reuters"/>
</metadata>
</newsitem>
