<?xml version="1.0" encoding="iso-8859-1" ?>
<newsitem itemid="709616" id="root" date="1997-07-07" xml:lang="en">
<title>USA: World Airways June flying levels 3,446.</title>
<headline>World Airways June flying levels 3,446.</headline>
<dateline>HERNDON, Va. 1997-07-07</dateline>
<text>
<p>1997		  1996</p>
<p> Block hours			     3,446	     3,810</p>
<p> Average aircraft units		 13.9		14.8</p>
<p> Average daily utilization	     8.3		 8.6</p>
<p>Quarter</p>
<p> Block hours			    12,336	    13,907</p>
<p> Average aircraft units		 14.0		14.9</p>
<p> Average daily utilization	     9.7		10.2</p>
<p>Year-to-date</p>
<p> Block hours			    24,150	    24,541</p>
<p> Average aircraft units		 13.7		13.3</p>
<p> Average daily utilization	     9.8		10.2</p>
<p>NOTES: Month is June.</p>
<p>The company's figures include continuing and discontinuing operatins.</p>
</text>
<copyright>(c) Reuters Limited 1997</copyright>
<metadata>
<codes class="bip:countries:1.0">
  <code code="USA">
    <editdetail attribution="Reuters BIP Coding Group" action="confirmed" date="1997-07-07"/>
  </code>
</codes>
<codes class="bip:industries:1.0">
  <code code="I75000">
    <editdetail attribution="Reuters BIP Coding Group" action="confirmed" date="1997-07-07"/>
  </code>
</codes>
<codes class="bip:topics:1.0">
  <code code="C31">
    <editdetail attribution="Reuters BIP Coding Group" action="confirmed" date="1997-07-07"/>
  </code>
  <code code="CCAT">
    <editdetail attribution="Reuters BIP Coding Group" action="confirmed" date="1997-07-07"/>
  </code>
</codes>
<dc element="dc.date.created" value="1997-07-07"/>
<dc element="dc.publisher" value="Reuters Holdings Plc"/>
<dc element="dc.date.published" value="1997-07-07"/>
<dc element="dc.source" value="Reuters"/>
<dc element="dc.creator.location" value="HERNDON, Va."/>
<dc element="dc.creator.location.country.name" value="USA"/>
<dc element="dc.source" value="Reuters"/>
</metadata>
</newsitem>
