<?xml version="1.0" encoding="iso-8859-1" ?>
<newsitem itemid="709661" id="root" date="1997-07-07" xml:lang="en">
<title>USA: Life Financial IPO size increased.</title>
<headline>Life Financial IPO size increased.</headline>
<dateline>RIVERSIDE, Calif. 1997-07-07</dateline>
<text>
<p>Life Financial Corp Monday said Keefe, Bruyette &amp; Woods Inc, underwriter of the company's initial public offering, has exercised its over-allotment option to acquire an additional 435,000 shares.</p>
<p>The company sold the shares at $11.00 per share, raising additional gross proceeds of about $4.8 million.</p>
<p>Life Financial is the holding company for Life Savings Bank. Its shares climbed 2-1/8 to 16-5/8 near the end of the day on Monday.</p>
</text>
<copyright>(c) Reuters Limited 1997</copyright>
<metadata>
<codes class="bip:countries:1.0">
  <code code="USA">
    <editdetail attribution="Reuters BIP Coding Group" action="confirmed" date="1997-07-07"/>
  </code>
</codes>
<codes class="bip:topics:1.0">
  <code code="C14">
    <editdetail attribution="Reuters BIP Coding Group" action="confirmed" date="1997-07-07"/>
  </code>
  <code code="C17">
    <editdetail attribution="Reuters BIP Coding Group" action="confirmed" date="1997-07-07"/>
  </code>
  <code code="C171">
    <editdetail attribution="Reuters BIP Coding Group" action="confirmed" date="1997-07-07"/>
  </code>
  <code code="CCAT">
    <editdetail attribution="Reuters BIP Coding Group" action="confirmed" date="1997-07-07"/>
  </code>
</codes>
<dc element="dc.date.created" value="1997-07-07"/>
<dc element="dc.publisher" value="Reuters Holdings Plc"/>
<dc element="dc.date.published" value="1997-07-07"/>
<dc element="dc.source" value="Reuters"/>
<dc element="dc.creator.location" value="RIVERSIDE, Calif."/>
<dc element="dc.creator.location.country.name" value="USA"/>
<dc element="dc.source" value="Reuters"/>
</metadata>
</newsitem>
