<?xml version="1.0" encoding="iso-8859-1" ?>
<newsitem itemid="709674" id="root" date="1997-07-07" xml:lang="en">
<title>USA: Syms Corp Q1 shr $0.26 vs $0.19.</title>
<headline>Syms Corp Q1 shr $0.26 vs $0.19.</headline>
<dateline>SECAUCUS, N.J. 1997-07-07</dateline>
<text>
<p>1997			1996</p>
<p> Shr			  $0.26		    $0.19</p>
<p> Net			  4,675		    3,381</p>
<p> Revs			85,650		   83,377</p>
<p> Avg shrs		  17,694		   17,694</p>
<p>(All data above 000s except per share numbers)</p>
<p>Quarters ended May 31, 1997 and June 1, 1996.</p>
</text>
<copyright>(c) Reuters Limited 1997</copyright>
<metadata>
<codes class="bip:countries:1.0">
  <code code="USA">
    <editdetail attribution="Reuters BIP Coding Group" action="confirmed" date="1997-07-07"/>
  </code>
</codes>
<codes class="bip:industries:1.0">
  <code code="I65400">
    <editdetail attribution="Reuters BIP Coding Group" action="confirmed" date="1997-07-07"/>
  </code>
</codes>
<codes class="bip:topics:1.0">
  <code code="C15">
    <editdetail attribution="Reuters BIP Coding Group" action="confirmed" date="1997-07-07"/>
  </code>
  <code code="C151">
    <editdetail attribution="Reuters BIP Coding Group" action="confirmed" date="1997-07-07"/>
  </code>
  <code code="CCAT">
    <editdetail attribution="Reuters BIP Coding Group" action="confirmed" date="1997-07-07"/>
  </code>
</codes>
<dc element="dc.date.created" value="1997-07-07"/>
<dc element="dc.publisher" value="Reuters Holdings Plc"/>
<dc element="dc.date.published" value="1997-07-07"/>
<dc element="dc.source" value="Reuters"/>
<dc element="dc.creator.location" value="SECAUCUS, N.J."/>
<dc element="dc.creator.location.country.name" value="USA"/>
<dc element="dc.source" value="Reuters"/>
</metadata>
</newsitem>
