<?xml version="1.0" encoding="iso-8859-1" ?>
<newsitem itemid="709600" id="root" date="1997-07-07" xml:lang="en">
<title>USA: LDC debt surges on Mexico election, strong T-bond.</title>
<headline>LDC debt surges on Mexico election, strong T-bond.</headline>
<dateline>NEW YORK 1997-07-07</dateline>
<text>
<p>The Mexican elections boosted emerging debt prices on Monday, as investor interest and dealer trade sent the market to record highs, Brady bond traders said.</p>
<p>News of stable and fair elections in Mexico brought investors from the sidelines, even as Mexicans handed the Institutional Revolutionary Party (PRI) its first loss of a Congressional majority since 1929.  </p>
<p>&quot;There's a lot of euphoria after these elections,&quot; said Walter Molano, director of Latin American research at SBC Warburg. &quot;That drove the market early in the morning, bolstered by the long bond.&quot;</p>
<p>The Brady bond rally was aided by a surging U.S. bond market, where the benchmark U.S. T-bond climbed 20/32 to yield 6.58 percent.</p>
<p>Mexico's global bond due 2026 MXUMS=RR soared 1-1/4 points to 118, while its par bonds MX625L19=RR rose 5/8 to 80-1/8.  </p>
<p>&quot;It's a real step in the right direction towards plurality and a more democratic structure and that's positive,&quot; one Brady bond dealer said.</p>
<p>Mexicans voted for change, handing the Institutional Revolutionary Party (PRI) its first loss of a Congressional majority since 1929. Also, veteran leftist candidate Cuauhtmoc Cardenas captured Mexico City mayoral race.</p>
<p>&quot;There's definitely relief that the Mexican elections are past,&quot; said Dan Peirce, chief strategist at Bank of Boston.&quot;  </p>
<p>&quot;Not that anyone was scared about the results, but people may have kept some ammunition aside hoping for a dip after the elections. Now that the elections are past, they didn't get that dip, and still have to buy,&quot; Peirce said</p>
<p>&quot;There's  a lot of cash out there and it has been generally underinvested,&quot; another Brady bond trader said. &quot;We saw some client flows, but not to warrant this kind of move. I think there are still more dealers than clients.&quot;</p>
<p>Argentine paper surged on comments by Economy Minister Roque Fernandez that Argentina would consider buying back some of its Brady bonds.</p>
<p>Argentine FRBs ARFLC05=RR rose 1/4 to 94-3/4, while the country's Pars AR4C23=RR gained 5/8 to 72-1/4.</p>
<p>(( G. Lerner, Emerging Markets Desk, 212-859-1671))</p>
</text>
<copyright>(c) Reuters Limited 1997</copyright>
<metadata>
<codes class="bip:countries:1.0">
  <code code="USA">
    <editdetail attribution="Reuters BIP Coding Group" action="confirmed" date="1997-07-07"/>
  </code>
</codes>
<codes class="bip:topics:1.0">
  <code code="M12">
    <editdetail attribution="Reuters BIP Coding Group" action="confirmed" date="1997-07-07"/>
  </code>
  <code code="MCAT">
    <editdetail attribution="Reuters BIP Coding Group" action="confirmed" date="1997-07-07"/>
  </code>
</codes>
<dc element="dc.date.created" value="1997-07-07"/>
<dc element="dc.publisher" value="Reuters Holdings Plc"/>
<dc element="dc.date.published" value="1997-07-07"/>
<dc element="dc.source" value="Reuters"/>
<dc element="dc.creator.location" value="NEW YORK"/>
<dc element="dc.creator.location.country.name" value="USA"/>
<dc element="dc.source" value="Reuters"/>
</metadata>
</newsitem>
