<?xml version="1.0" encoding="iso-8859-1" ?>
<newsitem itemid="709693" id="root" date="1997-07-07" xml:lang="en">
<title>USA: TABLE - Federal Express sells $250 mln bonds.</title>
<headline>TABLE - Federal Express sells $250 mln bonds.</headline>
<dateline>NEW YORK 1997-07-07</dateline>
<text>
<p>The following debt issue from Federal Express Corp was priced on Monday via lead manager Morgan Stanley, Dean Witter, Discover &amp; Co, according to a syndicate official.</p>
<p>Federal Express is a leading express transporation</p>
<p>company, delivering documents and packages.</p>
<p>BORROWER FEDERAL EXPRESS CORP</p>
<p>AMT $250 MLN	 COUPON 7.60 PCT   MATURITY 7/1/2097</p>
<p>TYPE BONDS	   ISS PRICE 99.735  FIRST PAY DATE 1/1/1998</p>
<p>LAST MOODY'S BAA2  YIELD 7.62 PCT    PAY FREQ  SEMI-ANNUAL</p>
<p>LAST S&amp;P BBB	 SPREAD 103 BPS    CALLABLE  NO</p>
<p>((U.S. Corporate Bond Unit, 212-859-1678 ))</p>
</text>
<copyright>(c) Reuters Limited 1997</copyright>
<metadata>
<codes class="bip:countries:1.0">
  <code code="USA">
    <editdetail attribution="Reuters BIP Coding Group" action="confirmed" date="1997-07-07"/>
  </code>
</codes>
<codes class="bip:industries:1.0">
  <code code="I77002">
    <editdetail attribution="Reuters BIP Coding Group" action="confirmed" date="1997-07-07"/>
  </code>
</codes>
<codes class="bip:topics:1.0">
  <code code="C17">
    <editdetail attribution="Reuters BIP Coding Group" action="confirmed" date="1997-07-07"/>
  </code>
  <code code="C172">
    <editdetail attribution="Reuters BIP Coding Group" action="confirmed" date="1997-07-07"/>
  </code>
  <code code="CCAT">
    <editdetail attribution="Reuters BIP Coding Group" action="confirmed" date="1997-07-07"/>
  </code>
</codes>
<dc element="dc.date.created" value="1997-07-07"/>
<dc element="dc.publisher" value="Reuters Holdings Plc"/>
<dc element="dc.date.published" value="1997-07-07"/>
<dc element="dc.source" value="Reuters"/>
<dc element="dc.creator.location" value="NEW YORK"/>
<dc element="dc.creator.location.country.name" value="USA"/>
<dc element="dc.source" value="Reuters"/>
</metadata>
</newsitem>
