<?xml version="1.0" encoding="iso-8859-1" ?>
<newsitem itemid="709637" id="root" date="1997-07-07" xml:lang="en">
<title>USA: Techs resists late selloff, Nasdaq hits new high.</title>
<headline>Techs resists late selloff, Nasdaq hits new high.</headline>
<dateline>NEW YORK 1997-07-07</dateline>
<text>
<p>Nasdaq shares wavered in late trading, but strength in large-capitalization technology stocks pushed over-the-counter issues to a third consecutive record high.</p>
<p>The Nasdaq composite index gained 3.12 points or 0.21 percent to close unofficially at 1470.73, which tops Thursday's record close of 1467.61. The Dow industrials lost 37 points to close unofficially at 7858.</p>
<p>&quot;There's was some softness late in the day, but the big name techs held firm and didn't get sucked into the selloff that brought the Dow down,&quot; one trader said.</p>
<p>Cisco Systems Inc, Intel Corp, Dell Computer Corp and 3Com Corp each posted gains. But the session was mixed overall, with declining issues beating advancers 2235 to 2098 on total volume of 552 million shares.</p>
<p>Jones Medical Industries Inc, the most active Nasdaq issue, lost 15-1/2 to 27-7/8 after it said its second quarter earnings will likely fall short of analysts' estimates. Atlas Air Inc lost 2-1/8 to 31 after the air cargo company said its quarterly results would be below Wall Street expectations.</p>
</text>
<copyright>(c) Reuters Limited 1997</copyright>
<metadata>
<codes class="bip:countries:1.0">
  <code code="USA">
    <editdetail attribution="Reuters BIP Coding Group" action="confirmed" date="1997-07-07"/>
  </code>
</codes>
<codes class="bip:topics:1.0">
  <code code="M11">
    <editdetail attribution="Reuters BIP Coding Group" action="confirmed" date="1997-07-07"/>
  </code>
  <code code="MCAT">
    <editdetail attribution="Reuters BIP Coding Group" action="confirmed" date="1997-07-07"/>
  </code>
</codes>
<dc element="dc.date.created" value="1997-07-07"/>
<dc element="dc.publisher" value="Reuters Holdings Plc"/>
<dc element="dc.date.published" value="1997-07-07"/>
<dc element="dc.source" value="Reuters"/>
<dc element="dc.creator.location" value="NEW YORK"/>
<dc element="dc.creator.location.country.name" value="USA"/>
<dc element="dc.source" value="Reuters"/>
</metadata>
</newsitem>
