<?xml version="1.0" encoding="iso-8859-1" ?>
<newsitem itemid="709623" id="root" date="1997-07-07" xml:lang="en">
<title>USA: Dravo ends investment banking review.</title>
<headline>Dravo ends investment banking review.</headline>
<dateline>PITTSBURGH 1997-07-07</dateline>
<text>
<p>Dravo Corp said Monday that the investment banking review initiated last fall has failed to produce a transaction favorable to the best interests of its shareholders.  As a result, the company has concluded the review.</p>
<p>The company said that internal expansion, the development of new businesses and selective acquisitions are the best means available for achieving its growth objectives.</p>
<p>The company said in April it was engaged in discussions with prospective buyers as part of the review.  </p>
<p>Dravo said that its lime production capacity has increased by more than 60 percent during the 1990s, and the utilization of its lime-based clean air technology has grown by nearly 40 percent during that period.</p>
<p>It added that this growth is attributable to increases in lime utilization in the electric utility and pulp and paper markets, and said that the company believes it is solidly positioned to benefit from continued growth in these and other important lime markets.</p>
</text>
<copyright>(c) Reuters Limited 1997</copyright>
<metadata>
<codes class="bip:countries:1.0">
  <code code="USA">
    <editdetail attribution="Reuters BIP Coding Group" action="confirmed" date="1997-07-07"/>
  </code>
</codes>
<codes class="bip:industries:1.0">
  <code code="I83960">
    <editdetail attribution="Reuters BIP Coding Group" action="confirmed" date="1997-07-07"/>
  </code>
</codes>
<codes class="bip:topics:1.0">
  <code code="C11">
    <editdetail attribution="Reuters BIP Coding Group" action="confirmed" date="1997-07-07"/>
  </code>
  <code code="CCAT">
    <editdetail attribution="Reuters BIP Coding Group" action="confirmed" date="1997-07-07"/>
  </code>
</codes>
<dc element="dc.date.created" value="1997-07-07"/>
<dc element="dc.publisher" value="Reuters Holdings Plc"/>
<dc element="dc.date.published" value="1997-07-07"/>
<dc element="dc.source" value="Reuters"/>
<dc element="dc.creator.location" value="PITTSBURGH"/>
<dc element="dc.creator.location.country.name" value="USA"/>
<dc element="dc.source" value="Reuters"/>
</metadata>
</newsitem>
