<?xml version="1.0" encoding="iso-8859-1" ?>
<newsitem itemid="709727" id="root" date="1997-07-07" xml:lang="en">
<title>USA: TABLE - CCAir June load factor higher.</title>
<headline>TABLE - CCAir June load factor higher.</headline>
<dateline>CHARLOTTE, N.C. 1997-07-07</dateline>
<text>
<p>1997		  1996</p>
<p> Load factor - percent		  55.0		51.8</p>
<p> Revenue passenger miles		13.1		14.0</p>
<p> Available seat miles		   23.8		27.0</p>
<p>					    Year-to-date</p>
<p> Load factor - percent		  48.7		48.2</p>
<p> Revenue passenger miles		70.5		74.0</p>
<p> Available seat miles		  144.7	     153.5</p>
<p>(Revenue passenger and available seat miles in 000,000s)</p>
<p>NOTE: CCAir Inc is an independent airline providing service as US Airways Express.</p>
</text>
<copyright>(c) Reuters Limited 1997</copyright>
<metadata>
<codes class="bip:countries:1.0">
  <code code="USA">
    <editdetail attribution="Reuters BIP Coding Group" action="confirmed" date="1997-07-07"/>
  </code>
</codes>
<codes class="bip:industries:1.0">
  <code code="I75000">
    <editdetail attribution="Reuters BIP Coding Group" action="confirmed" date="1997-07-07"/>
  </code>
</codes>
<codes class="bip:topics:1.0">
  <code code="C31">
    <editdetail attribution="Reuters BIP Coding Group" action="confirmed" date="1997-07-07"/>
  </code>
  <code code="CCAT">
    <editdetail attribution="Reuters BIP Coding Group" action="confirmed" date="1997-07-07"/>
  </code>
</codes>
<dc element="dc.date.created" value="1997-07-07"/>
<dc element="dc.publisher" value="Reuters Holdings Plc"/>
<dc element="dc.date.published" value="1997-07-07"/>
<dc element="dc.source" value="Reuters"/>
<dc element="dc.creator.location" value="CHARLOTTE, N.C."/>
<dc element="dc.creator.location.country.name" value="USA"/>
<dc element="dc.source" value="Reuters"/>
</metadata>
</newsitem>
