<?xml version="1.0" encoding="iso-8859-1" ?>
<newsitem itemid="709769" id="root" date="1997-07-07" xml:lang="en">
<title>UK: SOCCER-ENGLISH F.A. DISMISSES TALK OF VENABLES JOINING COUNCIL.</title>
<headline>SOCCER-ENGLISH F.A. DISMISSES TALK OF VENABLES JOINING COUNCIL.</headline>
<byline>Mike Collett</byline>
<dateline>LONDON 1997-07-07</dateline>
<text>
<p>Former England boss Terry Venables, currently coaching the Australian national side, cannot be nominated as Australia's representative on the English Football Association's council, an F.A. spokeswoman said on Monday.</p>
<p>Australia, like New Zealand and other members of the British Commonwealth, have historically been represented on the 90-strong F.A. Council which formulates policy and regulations for English soccer as well as acting as a paternal advisor for some of the remaining countries in the Commonwealth.</p>
<p>Australia has been represented on the council by Sir David Hill-Wood, whose family have strong links with Arsenal, but it is understood that Soccer Australia is proposing that Venables should replace him because Venables now has stronger links with Australia as well as still being based in London.</p>
<p>David Hill, the head of Soccer Australia, proposed the idea to Venables who is understood to have welcomed the idea.</p>
<p>Venables coached the England team from January 1994 until the middle of last year and left after taking his side to the semifinals of Euro 96 where they lost to Germany on a penalty shoot-out.</p>
<p>But he left the F.A. under something of a cloud, partly because of a number of personal legal matters and partly because the F.A. refused to offer him a new contract six months before the European championship.</p>
<p>F.A. spokeswoman Helen Willis said on Monday: &quot;A policy decision taken several years ago means that Sir David Hill-Wood will be Australia's last representative on the F.A. Council and when he, as the present incumbent, leaves the council, Australia's membership of the council will end.</p>
<p>&quot;Australia's membership, like that of the West Indies and Canada from the Commonwealth, was a legacy of the days when those countries were not full members of FIFA. That is no longer the case and as a result their membership of the F.A. Council will be ending.</p>
<p>&quot;We want to stress that Terry Venables is held in the highest regard by the F.A. and the policy decision about Australia's representative was taken a number of years ago.&quot;</p>
<p>Venables, who is still based in London, will return from Australia next week after taking Australia through to a play-off with an as yet unknown Asian country for a berth in next year's World Cup finals in France.</p>
<p>Australia beat New Zealand 2-0 in Sydney on Sunday to win the Oceania qualifying group. It was their 11th straight win since Venables became their national coach last year.</p>
</text>
<copyright>(c) Reuters Limited 1997</copyright>
<metadata>
<codes class="bip:countries:1.0">
  <code code="AUSTR">
    <editdetail attribution="Reuters BIP Coding Group" action="confirmed" date="1997-07-07"/>
  </code>
  <code code="NZ">
    <editdetail attribution="Reuters BIP Coding Group" action="confirmed" date="1997-07-07"/>
  </code>
  <code code="UK">
    <editdetail attribution="Reuters BIP Coding Group" action="confirmed" date="1997-07-07"/>
  </code>
</codes>
<codes class="bip:topics:1.0">
  <code code="GCAT">
    <editdetail attribution="Reuters BIP Coding Group" action="confirmed" date="1997-07-07"/>
  </code>
  <code code="GSPO">
    <editdetail attribution="Reuters BIP Coding Group" action="confirmed" date="1997-07-07"/>
  </code>
</codes>
<dc element="dc.date.created" value="1997-07-07"/>
<dc element="dc.publisher" value="Reuters Holdings Plc"/>
<dc element="dc.date.published" value="1997-07-07"/>
<dc element="dc.source" value="Reuters"/>
<dc element="dc.creator.location" value="LONDON"/>
<dc element="dc.creator.location.country.name" value="UK"/>
<dc element="dc.source" value="Reuters"/>
</metadata>
</newsitem>
