<?xml version="1.0" encoding="iso-8859-1" ?>
<newsitem itemid="709701" id="root" date="1997-07-07" xml:lang="en">
<title>USA: Earthgrains buys bagel bakery.</title>
<headline>Earthgrains buys bagel bakery.</headline>
<dateline>ST. LOUIS, Mo. 1997-07-07</dateline>
<text>
<p>Earthgrains Co said it acquired bagel maker H &amp; L Baking Co of Albuquerque, N.M.</p>
<p>Terms were not disclosed.</p>
<p>H &amp; L, which operates one plant, has co-packed Earthgrain's packaged shelf-stable premium bagels since 1996 when the product was fully introduced across the company's U.S. bakery products territory.</p>
<p>Earthgrains said it also will expand its Fort Payne, Ala., bakery's bagel production line to help meet increasing demand.</p>
<p>&quot;Our bagels have been an outstanding new product success, and we expect to continue to increase our market share in this growing product segment,&quot; John Iselin Jr., U.S. bakery products president, said in a statement.</p>
<p>Earthgrains said its Earth Grains-brand shelf-stable bagels have captured more than 15 percent of the bagel market served by the company.</p>
<p>((Reuters Chicago Newsdesk (312) 408-8787))</p>
</text>
<copyright>(c) Reuters Limited 1997</copyright>
<metadata>
<codes class="bip:countries:1.0">
  <code code="USA">
    <editdetail attribution="Reuters BIP Coding Group" action="confirmed" date="1997-07-07"/>
  </code>
</codes>
<codes class="bip:industries:1.0">
  <code code="I41900">
    <editdetail attribution="Reuters BIP Coding Group" action="confirmed" date="1997-07-07"/>
  </code>
</codes>
<codes class="bip:topics:1.0">
  <code code="C18">
    <editdetail attribution="Reuters BIP Coding Group" action="confirmed" date="1997-07-07"/>
  </code>
  <code code="C181">
    <editdetail attribution="Reuters BIP Coding Group" action="confirmed" date="1997-07-07"/>
  </code>
  <code code="CCAT">
    <editdetail attribution="Reuters BIP Coding Group" action="confirmed" date="1997-07-07"/>
  </code>
</codes>
<dc element="dc.date.created" value="1997-07-07"/>
<dc element="dc.publisher" value="Reuters Holdings Plc"/>
<dc element="dc.date.published" value="1997-07-07"/>
<dc element="dc.source" value="Reuters"/>
<dc element="dc.creator.location" value="ST. LOUIS, Mo."/>
<dc element="dc.creator.location.country.name" value="USA"/>
<dc element="dc.source" value="Reuters"/>
</metadata>
</newsitem>
