<?xml version="1.0" encoding="iso-8859-1" ?>
<newsitem itemid="709705" id="root" date="1997-07-07" xml:lang="en">
<title>USA: ServiceMaster notes cut by Duff &amp; Phelps.</title>
<headline>ServiceMaster notes cut by Duff &amp; Phelps.</headline>
<dateline>CHICAGO 1997-07-07</dateline>
<text>
<p>Duff &amp; Phelps Credit Rating Co said Monday it downgraded the rating on ServiceMaster LP's senior notes to triple-B-plus from single-A-minus.</p>
<p>The credit rating agency also removed ServiceMaster from its watch list of companies for possible downgrades.  </p>
<p>The downgrade was due to increased leverage stemming from recent deals at ServiceMaster. The company bought WMX Technologies Inc's 19 percent ownership interest in ServiceMaster for about $626 million in cash in April. Duff &amp; Phelps said the transaction was financed entirely with bank debt.</p>
<p>ServiceMaster also acquired Barefoot Inc. for about $232 million in cash and stock in Feburary, the rating agency said. ServiceMaster expects about 50 percent of the Barefoot and WMX transactions to be ultimately refinanced through equity issuances in early 1998.  </p>
<p>&quot;Adjusting year-end 1996 results for the effects of the Barefoot and WMX transactions, total adjusted debt-to- capitalization increases to approximately 72 percent and fixed-charge coverage decreases to approximately 3.1 times, from actual credit protection measures of 42 percent and 5.2 times, respectively,&quot; Duff &amp; Phelps said.</p>
<p>&quot;Our rating action not only reflects the increased leverage from the Barefoot and WMX transactions, but also the expectation that ServiceMaster will continue to pursue its dividend policy and share repurchase program,&quot; Duff &amp; Phelps said. &quot;Our rating recognizes the company's market leading positions, outstanding free cash flow generation, which was approximately $300 million in fiscal 1996, and considerable financial flexibility.&quot;</p>
<p>	  -- Reuter Chicago Newsdesk 312-408-8787</p>
</text>
<copyright>(c) Reuters Limited 1997</copyright>
<metadata>
<codes class="bip:countries:1.0">
  <code code="USA">
    <editdetail attribution="Reuters BIP Coding Group" action="confirmed" date="1997-07-07"/>
  </code>
</codes>
<codes class="bip:industries:1.0">
  <code code="I95100">
    <editdetail attribution="Reuters BIP Coding Group" action="confirmed" date="1997-07-07"/>
  </code>
</codes>
<codes class="bip:topics:1.0">
  <code code="C17">
    <editdetail attribution="Reuters BIP Coding Group" action="confirmed" date="1997-07-07"/>
  </code>
  <code code="C174">
    <editdetail attribution="Reuters BIP Coding Group" action="confirmed" date="1997-07-07"/>
  </code>
  <code code="CCAT">
    <editdetail attribution="Reuters BIP Coding Group" action="confirmed" date="1997-07-07"/>
  </code>
</codes>
<dc element="dc.date.created" value="1997-07-07"/>
<dc element="dc.publisher" value="Reuters Holdings Plc"/>
<dc element="dc.date.published" value="1997-07-07"/>
<dc element="dc.source" value="Reuters"/>
<dc element="dc.creator.location" value="CHICAGO"/>
<dc element="dc.creator.location.country.name" value="USA"/>
<dc element="dc.source" value="Reuters"/>
</metadata>
</newsitem>
