<?xml version="1.0" encoding="iso-8859-1" ?>
<newsitem itemid="709730" id="root" date="1997-07-07" xml:lang="en">
<title>USA: DeKalb knows no reason for stock drop.</title>
<headline>DeKalb knows no reason for stock drop.</headline>
<dateline>CHICAGO 1997-07-07</dateline>
<text>
<p>DeKalb Genetics Corp said Monday it knew of no reason for a drop in its stock, which traded off 3-3/4 at 75 in the late morning.</p>
<p>&quot;There's nothing that we are aware of,&quot; DeKalb Chief Financial Officer Thomas Rauman said.</p>
<p>Analysts also said they knew of no reason for the decline in the stock, other than heavier-than-normal volume for DeKalb, which is normally thinly traded. In the late morning, nearly 84,000 shares traded.</p>
<p>&quot;The seed stocks have been rather volatile,&quot; added Piper Jaffray analyst George Dahlman.</p>
<p>Last week, Pioneer Hi-Bred International Inc shares traded lower after that company said its 1997 North American seed corn market share likely would be 42 to 42.5 percent, down one-and-a-half to two percentage points. That drop was larger than analysts had been expecting.</p>
<p>Pioneer shares in the late morning Monday were up 3/8 at 75-1/8.</p>
<p>((Reuters Chicago Newsdesk (312) 408-8787))</p>
</text>
<copyright>(c) Reuters Limited 1997</copyright>
<metadata>
<codes class="bip:countries:1.0">
  <code code="USA">
    <editdetail attribution="Reuters BIP Coding Group" action="confirmed" date="1997-07-07"/>
  </code>
</codes>
<codes class="bip:industries:1.0">
  <code code="I01001">
    <editdetail attribution="Reuters BIP Coding Group" action="confirmed" date="1997-07-07"/>
  </code>
</codes>
<codes class="bip:topics:1.0">
  <code code="C15">
    <editdetail attribution="Reuters BIP Coding Group" action="confirmed" date="1997-07-07"/>
  </code>
  <code code="C152">
    <editdetail attribution="Reuters BIP Coding Group" action="confirmed" date="1997-07-07"/>
  </code>
  <code code="CCAT">
    <editdetail attribution="Reuters BIP Coding Group" action="confirmed" date="1997-07-07"/>
  </code>
</codes>
<dc element="dc.date.created" value="1997-07-07"/>
<dc element="dc.publisher" value="Reuters Holdings Plc"/>
<dc element="dc.date.published" value="1997-07-07"/>
<dc element="dc.source" value="Reuters"/>
<dc element="dc.creator.location" value="CHICAGO"/>
<dc element="dc.creator.location.country.name" value="USA"/>
<dc element="dc.source" value="Reuters"/>
</metadata>
</newsitem>
