<?xml version="1.0" encoding="iso-8859-1" ?>
<newsitem itemid="709739" id="root" date="1997-07-07" xml:lang="en">
<title>SWEDEN: ATHLETICS-WILSON KIPKETER FACTFILE.</title>
<headline>ATHLETICS-WILSON KIPKETER FACTFILE.</headline>
<text>
<p>STOCKHOLM, July 7 ( Reuter) - Factfile on Wilson Kipketer who equalled the men's 800 metres world record of one minute 41.73 seconds at the Stockholm Grand Prix on Monday:</p>
<p>Born, Sparta, Kenya December 12, 1970. Went to live in Denmark in 1990 and was ranked world number one over 800 in 1994.</p>
<p>In 1995 won the world title in Gothenburg for Denmark but was not allowed to compete at last year's Atlanta Olympics following a protest over his nationalty from the Kenyan Athletics Federation.</p>
<p>Broke the world indoor record twice at the Paris indoor world championships last March.</p>
</text>
<copyright>(c) Reuters Limited 1997</copyright>
<metadata>
<codes class="bip:countries:1.0">
  <code code="DEN">
    <editdetail attribution="Reuters BIP Coding Group" action="confirmed" date="1997-07-07"/>
  </code>
  <code code="KENYA">
    <editdetail attribution="Reuters BIP Coding Group" action="confirmed" date="1997-07-07"/>
  </code>
  <code code="SWED">
    <editdetail attribution="Reuters BIP Coding Group" action="confirmed" date="1997-07-07"/>
  </code>
</codes>
<codes class="bip:topics:1.0">
  <code code="GCAT">
    <editdetail attribution="Reuters BIP Coding Group" action="confirmed" date="1997-07-07"/>
  </code>
  <code code="GSPO">
    <editdetail attribution="Reuters BIP Coding Group" action="confirmed" date="1997-07-07"/>
  </code>
</codes>
<dc element="dc.publisher" value="Reuters Holdings Plc"/>
<dc element="dc.date.published" value="1997-07-07"/>
<dc element="dc.source" value="Reuters"/>
<dc element="dc.creator.location.country.name" value="SWEDEN"/>
<dc element="dc.source" value="Reuters"/>
</metadata>
</newsitem>
