<?xml version="1.0" encoding="iso-8859-1" ?>
<newsitem itemid="709784" id="root" date="1997-07-07" xml:lang="en">
<title>AUSTRALIA: SOCCER-VISSEL KOBE SIGN AUSTRALIAN DEFENDER.</title>
<headline>SOCCER-VISSEL KOBE SIGN AUSTRALIAN DEFENDER.</headline>
<dateline>SYDNEY 1997-07-07</dateline>
<text>
<p>Australian international defender Matthew Bingley said on Monday he had signed for Japanese J-League club Vissel Kobe.</p>
<p>The 25-year-old defender, who plays for Sydney national league club Marconi, said he had agreed to an 18-month deal and will leave for Japan on Friday.</p>
<p>Bingley was a member of Terry Venables' squad for the Oceania zone World Cup qualifying playoff against New Zealand on Sunday but remained on the bench for both matches.</p>
<p>&quot;Playing overseas can only benefit my game and I'll get more international exposure in Japan than if I had stayed in Australia,&quot; Bingley said.</p>
<p>Kobe have strengthened their ranks after Danish international Michael Laudrup left last month to join Dutch giants Ajax.</p>
<p>Kobe's English manager Stuart Baxter said: &quot;Matt is a young player of quality who is very athletic. He will give mobility to the midfield and is a huge investment for the future.&quot;</p>
<p>There were no details of any transfer fee involved.</p>
<p>Bingley will become the third Australian international playing in the J-League after striker Graham Arnold and defender Tony Popovic joined Hiroshima before the start of the season.</p>
</text>
<copyright>(c) Reuters Limited 1997</copyright>
<metadata>
<codes class="bip:countries:1.0">
  <code code="AUSTR">
    <editdetail attribution="Reuters BIP Coding Group" action="confirmed" date="1997-07-07"/>
  </code>
  <code code="JAP">
    <editdetail attribution="Reuters BIP Coding Group" action="confirmed" date="1997-07-07"/>
  </code>
</codes>
<codes class="bip:topics:1.0">
  <code code="GCAT">
    <editdetail attribution="Reuters BIP Coding Group" action="confirmed" date="1997-07-07"/>
  </code>
  <code code="GSPO">
    <editdetail attribution="Reuters BIP Coding Group" action="confirmed" date="1997-07-07"/>
  </code>
</codes>
<dc element="dc.date.created" value="1997-07-07"/>
<dc element="dc.publisher" value="Reuters Holdings Plc"/>
<dc element="dc.date.published" value="1997-07-07"/>
<dc element="dc.source" value="Reuters"/>
<dc element="dc.creator.location" value="SYDNEY"/>
<dc element="dc.creator.location.country.name" value="AUSTRALIA"/>
<dc element="dc.source" value="Reuters"/>
</metadata>
</newsitem>
