<?xml version="1.0" encoding="iso-8859-1" ?>
<newsitem itemid="709830" id="root" date="1997-07-07" xml:lang="en">
<title>LITHUANIA: LITHUANIA - RADIO HEADLINES - JULY 7.</title>
<headline>LITHUANIA - RADIO HEADLINES - JULY 7.</headline>
<dateline>VILNIUS 1997-07-07</dateline>
<text>
<p>These were the main headlines from Lithuania's M-1 plus radio station's news report on Monday afternoon. Reuters has not verified these stories and does not vouch for their accuracy.</p>
<p>- The chairman of parliament Vytautas Landsbergis told a news conference on Monday that none of the 10 candidates were completely ready to join the European Union and Lithuania, even without an invitation, should do its best to meet the requirements of the trade bloc.</p>
<p>- Experts from Lithuania and Cyprus intend to sign an agreement this month to open a regular airline route between the two countries.</p>
<p>- President Algirdas Brazauskas started an official visit in France on Monday, which will be broken briefly as he travels to Madrid for the NATO summit.</p>
<p>-- Andrius Vilkancas, Vilnius newsroom +370 2 22 35 18</p>
</text>
<copyright>(c) Reuters Limited 1997</copyright>
<metadata>
<codes class="bip:countries:1.0">
  <code code="LITH">
    <editdetail attribution="Reuters BIP Coding Group" action="confirmed" date="1997-07-07"/>
  </code>
</codes>
<codes class="bip:topics:1.0">
  <code code="GCAT">
    <editdetail attribution="Reuters BIP Coding Group" action="confirmed" date="1997-07-07"/>
  </code>
</codes>
<dc element="dc.date.created" value="1997-07-07"/>
<dc element="dc.publisher" value="Reuters Holdings Plc"/>
<dc element="dc.date.published" value="1997-07-07"/>
<dc element="dc.source" value="Reuters"/>
<dc element="dc.creator.location" value="VILNIUS"/>
<dc element="dc.creator.location.country.name" value="LITHUANIA"/>
<dc element="dc.source" value="Reuters"/>
</metadata>
</newsitem>
