<?xml version="1.0" encoding="iso-8859-1" ?>
<newsitem itemid="709869" id="root" date="1997-07-07" xml:lang="en">
<title>LATVIA: CENTRAL BANK LAT FIXINGS FOR JULY 8.</title>
<headline>CENTRAL BANK LAT FIXINGS FOR JULY 8.</headline>
<dateline>RIGA 1997-07-07</dateline>
<text>
<p>The central bank set the following</p>
<p>rates for the lat for July 8 on Monday:</p>
<p>    USD	  0.574</p>
<p>    ATS	  0.0466</p>
<p>    AUD	  0.428</p>
<p>    BEF	  0.0159</p>
<p>    CAD	  0.417</p>
<p>    CHF	  0.392</p>
<p>    CZK	  0.0177</p>
<p>    DEM	  0.328</p>
<p>    DKK	  0.0861</p>
<p>    ECU	  0.646</p>
<p>    EEK	  0.0410</p>
<p>    100ESP     0.388</p>
<p>    FIM	  0.110</p>
<p>    FRF	  0.0973</p>
<p>    GBP	  0.969</p>
<p>    100HUF     0.305</p>
<p>    100ITL     0.0336</p>
<p>    100JPY     0.510</p>
<p>    KGS	  0.0331</p>
<p>    LTL	  0.143</p>
<p>    MDL	  0.125</p>
<p>    NLG	  0.291</p>
<p>    NOK	  0.0787</p>
<p>    PLN	  0.174</p>
<p>    1000RUR    0.0991</p>
<p>    SDR	  0.7997</p>
<p>    SEK	  0.0745</p>
<p>    SKK	  0.0171</p>
<p>    XAU	  182.25</p>
<p>-- Riga newsroom, +371 721 5240</p>
</text>
<copyright>(c) Reuters Limited 1997</copyright>
<metadata>
<codes class="bip:countries:1.0">
  <code code="LATV">
    <editdetail attribution="Reuters BIP Coding Group" action="confirmed" date="1997-07-07"/>
  </code>
</codes>
<codes class="bip:topics:1.0">
  <code code="E12">
    <editdetail attribution="Reuters BIP Coding Group" action="confirmed" date="1997-07-07"/>
  </code>
  <code code="ECAT">
    <editdetail attribution="Reuters BIP Coding Group" action="confirmed" date="1997-07-07"/>
  </code>
  <code code="M13">
    <editdetail attribution="Reuters BIP Coding Group" action="confirmed" date="1997-07-07"/>
  </code>
  <code code="M132">
    <editdetail attribution="Reuters BIP Coding Group" action="confirmed" date="1997-07-07"/>
  </code>
  <code code="MCAT">
    <editdetail attribution="Reuters BIP Coding Group" action="confirmed" date="1997-07-07"/>
  </code>
</codes>
<dc element="dc.date.created" value="1997-07-07"/>
<dc element="dc.publisher" value="Reuters Holdings Plc"/>
<dc element="dc.date.published" value="1997-07-07"/>
<dc element="dc.source" value="Reuters"/>
<dc element="dc.creator.location" value="RIGA"/>
<dc element="dc.creator.location.country.name" value="LATVIA"/>
<dc element="dc.source" value="Reuters"/>
</metadata>
</newsitem>
