<?xml version="1.0" encoding="iso-8859-1" ?>
<newsitem itemid="709876" id="root" date="1997-07-07" xml:lang="en">
<title>BULGARIA: WEATHER FORECAST - BULGARIA - JULY 7 - WARM.</title>
<headline>WEATHER FORECAST - BULGARIA - JULY 7 - WARM.</headline>
<dateline>SOFIA 1997-07-07</dateline>
<text>
<p>Sunny with cloudy spells across the country, light winds from the west, rain possible in the north and in the mountains, state radio said.</p>
<p>Maximum temperatures are expected between 24 and 29 degrees, temperature in Sofia is seen at about 24 degrees. -- Sofia Newsroom, 359-2-91188</p>
</text>
<copyright>(c) Reuters Limited 1997</copyright>
<metadata>
<codes class="bip:countries:1.0">
  <code code="BUL">
    <editdetail attribution="Reuters BIP Coding Group" action="confirmed" date="1997-07-07"/>
  </code>
</codes>
<codes class="bip:topics:1.0">
  <code code="GCAT">
    <editdetail attribution="Reuters BIP Coding Group" action="confirmed" date="1997-07-07"/>
  </code>
  <code code="GWEA">
    <editdetail attribution="Reuters BIP Coding Group" action="confirmed" date="1997-07-07"/>
  </code>
</codes>
<dc element="dc.date.created" value="1997-07-07"/>
<dc element="dc.publisher" value="Reuters Holdings Plc"/>
<dc element="dc.date.published" value="1997-07-07"/>
<dc element="dc.source" value="Reuters"/>
<dc element="dc.creator.location" value="SOFIA"/>
<dc element="dc.creator.location.country.name" value="BULGARIA"/>
<dc element="dc.source" value="Reuters"/>
</metadata>
</newsitem>
