<?xml version="1.0" encoding="iso-8859-1" ?>
<newsitem itemid="709899" id="root" date="1997-07-07" xml:lang="en">
<title>UK: NWE oil products mixed - gas oil steady with tight supply.</title>
<headline>NWE oil products mixed - gas oil steady with tight supply.</headline>
<dateline>LONDON 1997-07-07</dateline>
<text>
<p>NWE oil products were mixed on Monday, with gas oil steady, gasoline lower and fuel oil mixed, traders said.</p>
<p>Spot gas oil prices held a steady line over the day with tighter supply supporting the market against late losses in benchmark gas oil futures.</p>
<p>Prompt lifting barges traded between July IPE +50 cents/+$1 a tonne fob ARA.</p>
<p>Gasoline dipped $2 or so with prem unleaded barges selling at $183.50 fob. Concern that crude may slide again limited activity.</p>
<p>High sulphur barges closed a little lower at $85 on low demand after earlier trading $1 higher. High sulphur cargoes were offered stronger at $85 cif, with rising swaps and transatlantic demand propping up the market.</p>
<p>One percent was largely steady after a cargo changed hands at $94 fob.</p>
<p>--London newsroom, +44 171 542 8145</p>
</text>
<copyright>(c) Reuters Limited 1997</copyright>
<metadata>
<codes class="bip:countries:1.0">
  <code code="UK">
    <editdetail attribution="Reuters BIP Coding Group" action="confirmed" date="1997-07-07"/>
  </code>
</codes>
<codes class="bip:topics:1.0">
  <code code="M14">
    <editdetail attribution="Reuters BIP Coding Group" action="confirmed" date="1997-07-07"/>
  </code>
  <code code="M143">
    <editdetail attribution="Reuters BIP Coding Group" action="confirmed" date="1997-07-07"/>
  </code>
  <code code="MCAT">
    <editdetail attribution="Reuters BIP Coding Group" action="confirmed" date="1997-07-07"/>
  </code>
</codes>
<dc element="dc.date.created" value="1997-07-07"/>
<dc element="dc.publisher" value="Reuters Holdings Plc"/>
<dc element="dc.date.published" value="1997-07-07"/>
<dc element="dc.source" value="Reuters"/>
<dc element="dc.creator.location" value="LONDON"/>
<dc element="dc.creator.location.country.name" value="UK"/>
<dc element="dc.source" value="Reuters"/>
</metadata>
</newsitem>
