<?xml version="1.0" encoding="iso-8859-1" ?>
<newsitem itemid="709848" id="root" date="1997-07-07" xml:lang="en">
<title>HUNGARY: GLOBUS RALLIES 52-WK HIGH ON TIGHT SUPPLY.</title>
<headline>GLOBUS RALLIES 52-WK HIGH ON TIGHT SUPPLY.</headline>
<dateline>BUDAPEST 1997-07-07</dateline>
<text>
<p>A more than 16 percent jump in shares of Hungarian tinned food manufacturer Globus Konzervipari Rt to a new 52-week high of 2,450 forints on Monday caught many traders surprised.</p>
<p>Three contacted traders knew about no fresh information about the company, but one of them said tight supply contributed to its surge.</p>
<p>&quot;There isn't any fresh information about Globus, but its liquidity is thin, therefore increasing demand drives it prices easily up,&quot; one trader said. &quot;Globus's turnover is surprising.&quot;</p>
<p>At 1109 GMT Globus stood at 2,400 forints, up 300, with almost 32,000 units changing hands until this time.</p>
<p>-- Emese Bartha, Budapest newsroom +36 1 327-4040</p>
</text>
<copyright>(c) Reuters Limited 1997</copyright>
<metadata>
<codes class="bip:countries:1.0">
  <code code="HUNG">
    <editdetail attribution="Reuters BIP Coding Group" action="confirmed" date="1997-07-07"/>
  </code>
</codes>
<codes class="bip:industries:1.0">
  <code code="I41400">
    <editdetail attribution="Reuters BIP Coding Group" action="confirmed" date="1997-07-07"/>
  </code>
</codes>
<codes class="bip:topics:1.0">
  <code code="C15">
    <editdetail attribution="Reuters BIP Coding Group" action="confirmed" date="1997-07-07"/>
  </code>
  <code code="C152">
    <editdetail attribution="Reuters BIP Coding Group" action="confirmed" date="1997-07-07"/>
  </code>
  <code code="CCAT">
    <editdetail attribution="Reuters BIP Coding Group" action="confirmed" date="1997-07-07"/>
  </code>
</codes>
<dc element="dc.date.created" value="1997-07-07"/>
<dc element="dc.publisher" value="Reuters Holdings Plc"/>
<dc element="dc.date.published" value="1997-07-07"/>
<dc element="dc.source" value="Reuters"/>
<dc element="dc.creator.location" value="BUDAPEST"/>
<dc element="dc.creator.location.country.name" value="HUNGARY"/>
<dc element="dc.source" value="Reuters"/>
</metadata>
</newsitem>
