<?xml version="1.0" encoding="iso-8859-1" ?>
<newsitem itemid="709893" id="root" date="1997-07-07" xml:lang="en">
<title>UK: IPE Brent end up on late burst of short covering.</title>
<headline>IPE Brent end up on late burst of short covering.</headline>
<dateline>LONDON 1997-07-07</dateline>
<text>
<p>IPE Brent oil futures closed stronger on Monday, with a late buying surge taking the contract out of negative territory.</p>
<p>August Brent futures last traded at $18.20, up 14 cents on the day, but below the intra-day high of $18.28. Short-covering in the last 45 minutes of trade rescued the contract from the minus numbers showing for much of the day.</p>
<p>In New York there was little recovery from the heavy fall endured last Thursday before the market closed for the Independence Day holiday.</p>
<p>August WTI contracts last traded 3 cents lower on the day at $19.53.</p>
<p>Talk that Iraq was getting closer to resuming crude exports pushed the WTI to a low of $19.28 before late buying helped it above the important support level of $19.40..</p>
<p>IPE Brent saw some late buying in thin volume that helped pull it north of the $18 support level which it briefly dipped through before recovering.</p>
<p>&quot;It was too cheap down there. We held $18 for a couple of hours and then one or two people who'd sold it short felt the need to cover themselves protectively,&quot; said one broker.</p>
<p>As well as the Iraq factor, dealers said that prices were weaker in New York because a sell-off last week broke key trendlines and generated strong sell signals.</p>
<p>Front-month WTI fell 79 cents on Thursday as predictions Iraq would shortly present the aid distribution plan needed before oil exports can resume triggered a liquidation of long positions ahead of the weekend.</p>
<p>Earlier the IPE July gas oil contract, which expires on Thursday, finished at $161.25 a tonne, three dollars off its intra-day high and nudging significant support around $160-$160.50.</p>
<p>&quot;We saw some good end-user buying in the morning on the gas oil but then things slumped and we're at the bottom end of the range,&quot; said one broker.</p>
<p>- Sean Maguire, London newsroom, +44 171 542 8060 0#CL: NYMEX crude		 0#LCO: IPE crude</p>
<p>0#HO: NYMEX heating oil	 0#LGO: IPE gas oil</p>
<p>0#HU: NYMEX gasoline	    ENERGY energy speed guide</p>
<p>CRUDE/1 crude speed guide  PRODUCT/1 products speed guide O/I   INSIGHT report	     OPEC   OPEC</p>
<p>NSEA North Sea  CRU crude oil  PROD oil products  DRV derivatives CRU/E  European crude	    PRO/E European products</p>
<p>O/L    Latest IPE		  O/N   Latest NYMEX</p>
<p>  OILOIL   NYMOIL  IPEOIL  OILSPD  OILARB  CRDWLD  PRODEUR</p>
<p>PRODUS  IPEMERC  EPROD  USPROD  APROD  GASOIL  MOGAS</p>
</text>
<copyright>(c) Reuters Limited 1997</copyright>
<metadata>
<codes class="bip:countries:1.0">
  <code code="UK">
    <editdetail attribution="Reuters BIP Coding Group" action="confirmed" date="1997-07-07"/>
  </code>
</codes>
<codes class="bip:topics:1.0">
  <code code="M14">
    <editdetail attribution="Reuters BIP Coding Group" action="confirmed" date="1997-07-07"/>
  </code>
  <code code="M143">
    <editdetail attribution="Reuters BIP Coding Group" action="confirmed" date="1997-07-07"/>
  </code>
  <code code="MCAT">
    <editdetail attribution="Reuters BIP Coding Group" action="confirmed" date="1997-07-07"/>
  </code>
</codes>
<dc element="dc.date.created" value="1997-07-07"/>
<dc element="dc.publisher" value="Reuters Holdings Plc"/>
<dc element="dc.date.published" value="1997-07-07"/>
<dc element="dc.source" value="Reuters"/>
<dc element="dc.creator.location" value="LONDON"/>
<dc element="dc.creator.location.country.name" value="UK"/>
<dc element="dc.source" value="Reuters"/>
</metadata>
</newsitem>
