<?xml version="1.0" encoding="iso-8859-1" ?>
<newsitem itemid="709802" id="root" date="1997-07-07" xml:lang="en">
<title>SWEDEN: ATHLETICS-KIPTANUI RUNS THIRD FASTEST STEEPLECHASE.</title>
<headline>ATHLETICS-KIPTANUI RUNS THIRD FASTEST STEEPLECHASE.</headline>
<dateline>STOCKHOLM 1997-07-07</dateline>
<text>
<p>Moses Kiptanui failed in a valiant bid to break his world 3,000 metres steeplechase record on Monday but still recorded the third fastest time ever.</p>
<p>After following two fellow-Kenyan pacemakers through the first 2,000 in world record pace at the Stockholm Grand Prix, Kiptanui set off on his own.</p>
<p>He went through the bell in six minutes 58 seconds but could not quite maintain the momentum on the final lap, clocking eight minutes 01.80 seconds.</p>
<p>Kiptanui, who set his world mark of 7:59.18 in Zurich two years ago, is the only man to have run faster.</p>
<p>Trinidad's Ato Boldon, relishing the fine, hot weather cast off some recent indifferent form to win the men's 100 metres in a meeting record 9.95 seconds and was rewarded with a diamond valued at $10,000.</p>
<p>The impressive American 100 champion Marion Jones took the women's 200 in 22.16, fastest time in the world this year and Britain's Kelly Holmes, the world bronze medallist, won the women's 800 in 1:57.14, also a year's best.</p>
<p>&quot;It was my toughest race of the year,&quot; Holmes said.</p>
<p>&quot;I haven't raced seriously over the distance. However, it showed how strong I am and I am certainly considering running both the 800 and the 1,500 at the Athens world championships.&quot;</p>
<p>Olympic and world high hurdles champion Allen Johnson opted for the 200, winning in a personal best 20.26.</p>
</text>
<copyright>(c) Reuters Limited 1997</copyright>
<metadata>
<codes class="bip:countries:1.0">
  <code code="KENYA">
    <editdetail attribution="Reuters BIP Coding Group" action="confirmed" date="1997-07-07"/>
  </code>
  <code code="SWED">
    <editdetail attribution="Reuters BIP Coding Group" action="confirmed" date="1997-07-07"/>
  </code>
</codes>
<codes class="bip:topics:1.0">
  <code code="GCAT">
    <editdetail attribution="Reuters BIP Coding Group" action="confirmed" date="1997-07-07"/>
  </code>
  <code code="GSPO">
    <editdetail attribution="Reuters BIP Coding Group" action="confirmed" date="1997-07-07"/>
  </code>
</codes>
<dc element="dc.date.created" value="1997-07-07"/>
<dc element="dc.publisher" value="Reuters Holdings Plc"/>
<dc element="dc.date.published" value="1997-07-07"/>
<dc element="dc.source" value="Reuters"/>
<dc element="dc.creator.location" value="STOCKHOLM"/>
<dc element="dc.creator.location.country.name" value="SWEDEN"/>
<dc element="dc.source" value="Reuters"/>
</metadata>
</newsitem>
