<?xml version="1.0" encoding="iso-8859-1" ?>
<newsitem itemid="709851" id="root" date="1997-07-07" xml:lang="en">
<title>LITHUANIA: LITHUANIA - YIELDS FALL ON 91-DAY T-BILLS.</title>
<headline>LITHUANIA - YIELDS FALL ON 91-DAY T-BILLS.</headline>
<dateline>VILNIUS 1997-07-07</dateline>
<text>
<p>The average yield on Lithuanian</p>
<p>91-day Treasury bills slipped on Monday to 9.03 percent from</p>
<p>the 9.83 percent they fetched at the last auction for 91-day</p>
<p>paper on June 24, the central bank said.</p>
<p>Amounts are in millions of litas unless otherwise stated.</p>
<p>MATURITY  AV YIELD  (LAST) MIN/MAX YIELD ISSUE  BID     SOLD</p>
<p>91-day    9.03	 9.83  8.77/9.27     50.0  107.945  50.0</p>
<p>The settlement date for the auction is July 10 and the</p>
<p>bills mature on October 9.</p>
<p>The next auction will be held on Tuesday, when 50 million</p>
<p>litas of 182-day paper will be offered,</p>
<p>-- Riga Newsroom +371 7 21 52 40</p>
</text>
<copyright>(c) Reuters Limited 1997</copyright>
<metadata>
<codes class="bip:countries:1.0">
  <code code="LITH">
    <editdetail attribution="Reuters BIP Coding Group" action="confirmed" date="1997-07-07"/>
  </code>
</codes>
<codes class="bip:topics:1.0">
  <code code="M13">
    <editdetail attribution="Reuters BIP Coding Group" action="confirmed" date="1997-07-07"/>
  </code>
  <code code="M131">
    <editdetail attribution="Reuters BIP Coding Group" action="confirmed" date="1997-07-07"/>
  </code>
  <code code="MCAT">
    <editdetail attribution="Reuters BIP Coding Group" action="confirmed" date="1997-07-07"/>
  </code>
</codes>
<dc element="dc.date.created" value="1997-07-07"/>
<dc element="dc.publisher" value="Reuters Holdings Plc"/>
<dc element="dc.date.published" value="1997-07-07"/>
<dc element="dc.source" value="Reuters"/>
<dc element="dc.creator.location" value="VILNIUS"/>
<dc element="dc.creator.location.country.name" value="LITHUANIA"/>
<dc element="dc.source" value="Reuters"/>
</metadata>
</newsitem>
