<?xml version="1.0" encoding="iso-8859-1" ?>
<newsitem itemid="709999" id="root" date="1997-07-07" xml:lang="en">
<title>ZIMBABWE: BHP says no plans to sell Zimababwe mine.</title>
<headline>BHP says no plans to sell Zimababwe mine.</headline>
<dateline>HARARE 1997-07-07</dateline>
<text>
<p>Australian mining giant Broken Hill Pty Co Ltd (BHP) on Monday maintained that it had no plans to sell its stake in the Hartley Platinum project in central Zimbabwe.</p>
<p>&quot;The project has had some delays but it is still proceeding,&quot; Hartley Platinum Mine general manager Colin Palethorpe told Reuters.</p>
<p>Palethorpe is also group general manager and senior vice president for BHP Minerals Zimbabwe, the top BHP post in the country.</p>
<p>He denied any plans to unload all or part of its 67 percent ownership of the project with Delta Gold NL of Australia or to bring a third partner into the venture.</p>
<p>&quot;It's still early to even think about it...there's no change in our thinking,&quot; Palethorpe said.</p>
<p>Delta Gold NL's Harare representatives declined to comment.</p>
<p>South African stockbrokers Investec Securities said in a report on Monday that BHP might be looking at selling its stake in Hartley.</p>
<p>The Hartley mine was originally projected to be in full operation at the end of 1996 but was delayed by heavy rains, problems in breaking ground and training workers.</p>
<p>The mine now plans to reach full production at the end of 1998, when it is expected to have platinum output of 150,000 ounces, 110,000 ounces of palladium, 11,500 ounces of rhodium and 23,000 ounces of gold.</p>
<p>-- Harare Newsroom: +263-4 72 52 27/7/8</p>
</text>
<copyright>(c) Reuters Limited 1997</copyright>
<metadata>
<codes class="bip:countries:1.0">
  <code code="AUSTR">
    <editdetail attribution="Reuters BIP Coding Group" action="confirmed" date="1997-07-07"/>
  </code>
  <code code="ZIMBAB">
    <editdetail attribution="Reuters BIP Coding Group" action="confirmed" date="1997-07-07"/>
  </code>
</codes>
<codes class="bip:industries:1.0">
  <code code="I21000">
    <editdetail attribution="Reuters BIP Coding Group" action="confirmed" date="1997-07-07"/>
  </code>
</codes>
<codes class="bip:topics:1.0">
  <code code="C18">
    <editdetail attribution="Reuters BIP Coding Group" action="confirmed" date="1997-07-07"/>
  </code>
  <code code="C182">
    <editdetail attribution="Reuters BIP Coding Group" action="confirmed" date="1997-07-07"/>
  </code>
  <code code="CCAT">
    <editdetail attribution="Reuters BIP Coding Group" action="confirmed" date="1997-07-07"/>
  </code>
</codes>
<dc element="dc.date.created" value="1997-07-07"/>
<dc element="dc.publisher" value="Reuters Holdings Plc"/>
<dc element="dc.date.published" value="1997-07-07"/>
<dc element="dc.source" value="Reuters"/>
<dc element="dc.creator.location" value="HARARE"/>
<dc element="dc.creator.location.country.name" value="ZIMBABWE"/>
<dc element="dc.source" value="Reuters"/>
</metadata>
</newsitem>
