<?xml version="1.0" encoding="iso-8859-1" ?>
<newsitem itemid="709928" id="root" date="1997-07-07" xml:lang="en">
<title>UK: N.Ireland business leaders anxious about violence.</title>
<headline>N.Ireland business leaders anxious about violence.</headline>
<byline>Andrew Hill</byline>
<dateline>BELFAST 1997-07-07</dateline>
<text>
<p>Northern Ireland business leaders told the British government on Monday they were worried that fresh violence would harm improved investment prospects.</p>
<p>Leaders of the province's &quot;G7&quot; business community made their views known in a meeting with Britain's Northern Ireland Secretary, Mo Mowlam, which was scheduled before the outbreak of rioting across the province at the weekend.</p>
<p>The organisation, which includes representatives of the Confederation of British Industry and other key employers, said in a statement that &quot;Northern Ireland cannot have it both ways.&quot;</p>
<p>&quot;If we keep failing to get to grips with our community divisions, our economic prospects will be blighted and, sadly, the consequences will inevitably be worst for the less fortunate in our society,&quot; the statement said.</p>
<p>&quot;We would urge community leaders on all sides to do everything they can to help reduce tensions,&quot; it said.</p>
<p>It was issued after Catholic youths inflicted millions of pounds worth of damage in overnight rioting in protest at the routing of a Protestant Orange Order parade through a Catholic area of Portadown on Sunday.</p>
<p>The vast majority of the damage was caused to private property, cars and security installations. There were no reports of any foreign plant coming under attack.</p>
<p>But G7's views reflected widespread concern in the business community that images of rioting, shooting and guerrilla violence beamed across international television networks would blemish an investment image authorities have worked to improve.</p>
<p>The Group called on leaders of all political parties to &quot;renew their efforts to reach an early political accommodation and remove the uncertainty about Northern Ireland's future which is contributing to community tension,&quot; it said.</p>
<p>Northern Ireland's business leaders say the region has turned from an economic black spot into one of the best- performing economies in the United Kingdom in recent years.</p>
<p>Its image as a place for foreign investment received a boost in 1995 when U.S. President Bill Clinton launched an initiative to underpin peace hopes by holding a series of investment conferences in the United States.</p>
<p>Key U.S. and overseas investors went to Washington and then to Philadelphia to hear Britain's state IDB investment arm lobby them about the region's skilled, English-speaking workforce, sound infrastructure and strategic position in Europe.</p>
<p>But, business groups say, the drive suffered a setback when Irish Republican Army (IRA) guerrillas fighting British rule of Northern Ireland ended a 17-month truce in February 1996.</p>
<p>The ending of the IRA truce has shown no immediate dropoff in investment but has done little for the province's image for investors seeking a foothold in Europe.</p>
<p>Last year was a record for foreign investment in Northern Ireland, which describes itself as an ideal location for electronic, hi-tech and software projects from the United States and Asia.</p>
<p>According to official figures, investment totalled 490 million pounds ($829 million) against 432 million in 1995/96 and 252 million in 1994/95.</p>
<p>G7, includes the Confederation of British Industry, hoteliers, the Institute of Directors, Chamber of Commerce and Trades Unions groups. ($ = 0.591 British Pounds)</p>
</text>
<copyright>(c) Reuters Limited 1997</copyright>
<metadata>
<codes class="bip:countries:1.0">
  <code code="IRE">
    <editdetail attribution="Reuters BIP Coding Group" action="confirmed" date="1997-07-07"/>
  </code>
  <code code="UK">
    <editdetail attribution="Reuters BIP Coding Group" action="confirmed" date="1997-07-07"/>
  </code>
</codes>
<codes class="bip:topics:1.0">
  <code code="CCAT">
    <editdetail attribution="Reuters BIP Coding Group" action="confirmed" date="1997-07-07"/>
  </code>
  <code code="GCAT">
    <editdetail attribution="Reuters BIP Coding Group" action="confirmed" date="1997-07-07"/>
  </code>
  <code code="GVIO">
    <editdetail attribution="Reuters BIP Coding Group" action="confirmed" date="1997-07-07"/>
  </code>
</codes>
<dc element="dc.date.created" value="1997-07-07"/>
<dc element="dc.publisher" value="Reuters Holdings Plc"/>
<dc element="dc.date.published" value="1997-07-07"/>
<dc element="dc.source" value="Reuters"/>
<dc element="dc.creator.location" value="BELFAST"/>
<dc element="dc.creator.location.country.name" value="UK"/>
<dc element="dc.source" value="Reuters"/>
</metadata>
</newsitem>
