<?xml version="1.0" encoding="iso-8859-1" ?>
<newsitem itemid="709959" id="root" date="1997-07-07" xml:lang="en">
<title>CANADA: Volvo unit suspends production in Quebec.</title>
<headline>Volvo unit suspends production in Quebec.</headline>
<dateline>QUEBEC CITY 1997-07-07</dateline>
<text>
<p>Prevost Car Inc., a subsidiary of AB Volvo and Henlys Group Plc, said on Monday it has temporarily suspended all production at its three Quebec plants because of problems with its unions.</p>
<p>&quot;Given the situation that has prevailed for the past four weeks, during which pressure tactics have steadily increased to the point of disrupting every aspect of the company's operations, the company feels compelled to act in order to avoid future deterioration of the situation,&quot; Prevost Car president and CEO Georges Bourelle said in a statement.</p>
<p>Bourelle said the company will make an offer to all of its 1,200 workers on July 13 and is convinced the management's proposal will be accepted.</p>
<p>The union is pressing for a wage increase and improvement in the management of the employee pension fund.</p>
<p>Prevost Car, which produces autocars and buses, is based in Ste. Claire near Quebec City.</p>
<p>It is 51 per cent-owned by AB Volvo and 49 per cent by Henlys Group Plc.</p>
<p>((Reuters Quebec City Bureau: 418-648-6442))</p>
</text>
<copyright>(c) Reuters Limited 1997</copyright>
<metadata>
<codes class="bip:countries:1.0">
  <code code="CANA">
    <editdetail attribution="Reuters BIP Coding Group" action="confirmed" date="1997-07-07"/>
  </code>
</codes>
<codes class="bip:industries:1.0">
  <code code="I35000">
    <editdetail attribution="Reuters BIP Coding Group" action="confirmed" date="1997-07-07"/>
  </code>
  <code code="I35102">
    <editdetail attribution="Reuters BIP Coding Group" action="confirmed" date="1997-07-07"/>
  </code>
</codes>
<codes class="bip:topics:1.0">
  <code code="C24">
    <editdetail attribution="Reuters BIP Coding Group" action="confirmed" date="1997-07-07"/>
  </code>
  <code code="C42">
    <editdetail attribution="Reuters BIP Coding Group" action="confirmed" date="1997-07-07"/>
  </code>
  <code code="CCAT">
    <editdetail attribution="Reuters BIP Coding Group" action="confirmed" date="1997-07-07"/>
  </code>
  <code code="E41">
    <editdetail attribution="Reuters BIP Coding Group" action="confirmed" date="1997-07-07"/>
  </code>
  <code code="ECAT">
    <editdetail attribution="Reuters BIP Coding Group" action="confirmed" date="1997-07-07"/>
  </code>
  <code code="GCAT">
    <editdetail attribution="Reuters BIP Coding Group" action="confirmed" date="1997-07-07"/>
  </code>
  <code code="GJOB">
    <editdetail attribution="Reuters BIP Coding Group" action="confirmed" date="1997-07-07"/>
  </code>
</codes>
<dc element="dc.date.created" value="1997-07-07"/>
<dc element="dc.publisher" value="Reuters Holdings Plc"/>
<dc element="dc.date.published" value="1997-07-07"/>
<dc element="dc.source" value="Reuters"/>
<dc element="dc.creator.location" value="QUEBEC CITY"/>
<dc element="dc.creator.location.country.name" value="CANADA"/>
<dc element="dc.source" value="Reuters"/>
</metadata>
</newsitem>
