<?xml version="1.0" encoding="iso-8859-1" ?>
<newsitem itemid="709997" id="root" date="1997-07-07" xml:lang="en">
<title>CONGO: Brazzaville calm after call for talks.</title>
<headline>Brazzaville calm after call for talks.</headline>
<dateline>BRAZZAVILLE 1997-07-07</dateline>
<text>
<p>The Congo capital Brazzaville was calm on Monday after mediators called for talks on ending political violence that has killed hundreds of people.</p>
<p>Residents said the situation was about the calmest they had seen since the conflict erupted on June 5, although one witness reported a brief burst of firing around daybreak.</p>
<p>The national committee mediating in the conflict opposing President Pascal Lissouba and former military ruler Denis Sassou Nguesso on Sunday invited both parties to talks on Wednesday.</p>
<p>Neither side has indicated whether they will attend.</p>
<p>Committee chairman Bernard Kolelas, the city mayor, has met the two chief protagonists separately in the past. But in announcing the new talks, he did not make clear if he expected Sassou and Lissouba to attend.</p>
<p>Clashes broke out when government troops surrounded Sassou's home as part of a crackdown on private militias ahead of planned July 27 elections.</p>
<p>Efforts to resolve the conflict have been frustrated by squabbling over who started the fighting.</p>
<p>However, the most contentious issue now is whether Lisouba's mandate expiring at the end of August should be extended to allow the organisation of elections, which must now be delayed.</p>
<p>Lissouba says the constitution provides for his mandate to be prolonged until elections can take place. Sassou says the constitution makes no such provision and that a neutral transitional authority must govern the country in the runup to elections.</p>
<p>President Omar Bongo of neighbouring Gabon, a son-in-law of Sassou and a friend of Lissouba, is leading a separate international mediation effort.</p>
<p>In 1993 political clashes killed at least 2,000 people in Brazzaville after a disputed parliamentary election.</p>
</text>
<copyright>(c) Reuters Limited 1997</copyright>
<metadata>
<codes class="bip:countries:1.0">
  <code code="CONGO">
    <editdetail attribution="Reuters BIP Coding Group" action="confirmed" date="1997-07-07"/>
  </code>
</codes>
<codes class="bip:topics:1.0">
  <code code="GCAT">
    <editdetail attribution="Reuters BIP Coding Group" action="confirmed" date="1997-07-07"/>
  </code>
  <code code="GVIO">
    <editdetail attribution="Reuters BIP Coding Group" action="confirmed" date="1997-07-07"/>
  </code>
</codes>
<dc element="dc.date.created" value="1997-07-07"/>
<dc element="dc.publisher" value="Reuters Holdings Plc"/>
<dc element="dc.date.published" value="1997-07-07"/>
<dc element="dc.source" value="Reuters"/>
<dc element="dc.creator.location" value="BRAZZAVILLE"/>
<dc element="dc.creator.location.country.name" value="CONGO"/>
<dc element="dc.source" value="Reuters"/>
</metadata>
</newsitem>
