<?xml version="1.0" encoding="iso-8859-1" ?>
<newsitem itemid="709971" id="root" date="1997-07-07" xml:lang="en">
<title>SOUTH AFRICA: TABLE - S.African economic indicators - July 7.</title>
<headline>TABLE - S.African economic indicators - July 7.</headline>
<text>
<p>----INTEREST RATES----</p>
<p>(Closing rates)		  DATE     LATEST  PREV    4 WKS AGO</p>
<p>3 MONTH BA RATE		  04/07    15.25   15.35   15.60</p>
<p>RSA 12 PCT 2005     ZAR150= 04/07    14.09   14.10   14.62</p>
<p>ESKOM 11 PCT 2007/9 ZAE168= 04/07    14.32   14.33   14.86</p>
<p>3-MONTH T-BILL TENDER RATE   04/07    15.11   15.24   15.46</p>
<p>6-MONTH T-BILL TENDER RATE   04/07    14.49   14.66   14.84</p>
<p>PRIME RATE			 21/11/96 20.25   01/10/96 19.25</p>
<p>BANK RATE			  21/11/96 17.00   26/04/96 16.00</p>
<p>TERM LENDING BASE RATE	 01/07/97 19.25   28/05/97 19.50</p>
<p>			   ------FORECASTS------</p>
<p>			   -Economic indicators-</p>
<p>DAY----GMT---INDICATOR----PERIOD--FORECAST---RANGE-----PREVIOUS</p>
<p>THU    0900  PPI Y/Y	MAY     8.4 PCT    8.1/8.9   8.8</p>
<p>THU    0900  PPI M/M	MAY     0.8 PCT    0.6/1.3   0.4</p>
<p>---------------------------------------------------</p>
<p>		- S.African company results consensus -</p>
<p>DAY--COMPANY------------PERIOD--CONSENSUS----RANGE---------PVS--</p>
<p>No major company results expected this week but gold</p>
<p>quarterlies kick off on Thursday.</p>
<p>		    -----MONTHLY DATA-----</p>
<p>			     MONTH    LATEST	  PREV    YEAR AGO</p>
<p>CONSUMER PRICES	  MAY	 9.5%	    9.9	5.9</p>
<p>PRODUCER PRICES	  APR	 8.8%	    9.6	5.3</p>
<p>MONEY SUPPLY M3	  APR	15.89	   16.46    14.36</p>
<p>PRELIMINARY M3	   MAY	15.40	   15.44    13.52</p>
<p>PRIVATE SECTOR CREDIT  MAY	16.57	   17.40    14.12</p>
<p>GOLD OUTPUT (KG)	 MAY	39,681.1     39,143.7  40,649.5</p>
<p>NEW CAR SALES	    JUN	20,191	 19,382     19,360</p>
<p>TRADE BALANCE (*)	MAY	 1.75 BLN	0.73     -0.84</p>
<p>EXPORTS		    MAY	12.32 BLN     11.29	8.89</p>
<p>IMPORTS		    MAY	10.57 BLN     10.57	9.73</p>
<p>TTL GOLD/FORGN ASSETS  JUN	22.10 BLN     21.80     12.38</p>
<p>GOLD HOLDINGS	    MAY	 5.29 BLN	5.31 BLN  7.18BLN</p>
<p>NET RESERVES CHANGE    APR	 7.93 BLN	1.34 BLN  0.24BLN</p>
<p>INDICES (1990 = 100):</p>
<p>BUSINESS CONFIDENCE    MAY     113.8	   114.0     116.9</p>
<p>MANUFACTURING SALES    APR     112.0	    97.6     107.1</p>
<p>WHOLESALE TRADE SALES  MAR	97.6	   102.7     109.6</p>
<p>RETAIL TRADE SALES     MAR     110.9	   107.1     100.5</p>
<p>LEADING INDICATOR	FEB     111.3	   112.3     108.1</p>
<p>(*) Customs and Excise trade statistics include data from Botswana, Lesotho, Namibia and Swaziland.</p>
<p>			   ----QUARTERLY DATA----</p>
<p>			    DATE	  LATEST	   PREV   YEAR AGO</p>
<p>GDP			 1997/Q1     -0.8%	    +3.3    +3.3</p>
<p>CURRENT ACCT BALANCE  1997/Q1     -1.9 BLN RAND  -0.05   -1.9</p>
<p>CAPITAL MOVEMENTS     1997/Q1     +3.6 BLN RAND  +3.27   -0.1</p>
<p>CHANGE IN INVENTORIES (1990 PRICES)</p>
<p>			    1996	  +2.81 BLN RAND  --     +6.28</p>
<p>			    ----ANNUAL DATA----</p>
<p>				 1996	     1995    1994    1993</p>
<p>GDP			    +3.1%	    +3.4    +2.7    +1.3</p>
<p>CURRENT ACCOUNT BALANCE  -8.5 BLN RAND -10.16   -1.21   -6.05</p>
<p>CAPITAL MOVEMENTS	  +3.86BLN RAND +19.23   +4.33  -15.24</p>
<p>GDFI			   +10.4%	   +8.7%   -2.8    -5.3</p>
<p>	     ----GOVT MACRO-ECONOMIC PROJECTIONS (JUNE 1996)----</p>
<p>				    1996   1997   1998   1999   2000</p>
<p>BUDGET DEFICIT (FISCAL YR)  5.1%   4.0    3.5    3.0    3.0</p>
<p>GDP GROWTH			3.5%   2.9    3.8    4.9    6.1</p>
<p>INFLATION (CPI)		 8.0%   9.7    8.1    7.7    7.6</p>
<p>NEW JOBS PER YEAR ('000)    126    252    246    320    409</p>
<p>			----LONG-TERM CREDIT RATINGS----</p>
<p>				     RAND-DEBT    FOREIGN CURRENCY</p>
<p>MOODY'S - 20-11-95	     Baa1	   Baa3</p>
<p>S&amp;P - 10-10-96		   BBB+	   BB+</p>
<p>IBCA - 05-06-96		  BBB	    BB</p>
<p>Duff &amp; Phelps - 11-06-97     --	     BBB-</p>
<p>			   ----CROP ESTIMATES----</p>
<p>(MLN TONNES)</p>
<p>			    1997     1996     1995     1994     1993</p>
<p>SUGAR		     2.4/2.5  2.27     1.67     1.67     1.2</p>
<p>WHEAT			--	2.70     1.97     1.83     1.77</p>
<p>MAIZE		     7.66     9.69     4.41     11.94    8.9</p>
</text>
<copyright>(c) Reuters Limited 1997</copyright>
<metadata>
<codes class="bip:countries:1.0">
  <code code="SAFR">
    <editdetail attribution="Reuters BIP Coding Group" action="confirmed" date="1997-07-07"/>
  </code>
</codes>
<codes class="bip:topics:1.0">
  <code code="E71">
    <editdetail attribution="Reuters BIP Coding Group" action="confirmed" date="1997-07-07"/>
  </code>
  <code code="ECAT">
    <editdetail attribution="Reuters BIP Coding Group" action="confirmed" date="1997-07-07"/>
  </code>
</codes>
<dc element="dc.publisher" value="Reuters Holdings Plc"/>
<dc element="dc.date.published" value="1997-07-07"/>
<dc element="dc.source" value="Reuters"/>
<dc element="dc.creator.location.country.name" value="SOUTH AFRICA"/>
<dc element="dc.source" value="Reuters"/>
</metadata>
</newsitem>
