<?xml version="1.0" encoding="iso-8859-1" ?>
<newsitem itemid="709970" id="root" date="1997-07-07" xml:lang="en">
<title>SOUTH AFRICA: S.African bonds steady amid local profit-taking.</title>
<headline>S.African bonds steady amid local profit-taking.</headline>
<text>
<p>0700 GMT - Bond yields little changed in early trade amid mild local profit-taking. Rand edging weaker on Far East and bits of London-based dollar demand.</p>
<p>* R150 at 14.105 pct from 14.10 pct close. Dealers say early trade quiet. Perception is market may have done enough for now and may consolidate around current levels. Institutions seen taking profits towards 14.00 pct last week.</p>
<p>* Some concern about falling gold price and its impact on trade balance and reserves, which dealers say dampening sentiment. Market also wary of Bond Exchange stats which show foreigners net buyers of one bln rand bonds on Friday.</p>
<p>* Range of 14.14 to 14.08 pct predicted on the day.</p>
<p>* Rand at 4.5335/5365 on dollar from 4.5265/5295 late Friday. Dealers seeing early offshore dollar demand and expect rand to test topside this week after test of downside last week failed.</p>
<p>* Currently well offered at 4.5350 by local exporter. Seen in 4.5275 to 4.5375 range on the day.</p>
<p>* Rand/sterling under pressure on resurgent cable.</p>
</text>
<copyright>(c) Reuters Limited 1997</copyright>
<metadata>
<codes class="bip:countries:1.0">
  <code code="SAFR">
    <editdetail attribution="Reuters BIP Coding Group" action="confirmed" date="1997-07-07"/>
  </code>
</codes>
<codes class="bip:topics:1.0">
  <code code="M12">
    <editdetail attribution="Reuters BIP Coding Group" action="confirmed" date="1997-07-07"/>
  </code>
  <code code="MCAT">
    <editdetail attribution="Reuters BIP Coding Group" action="confirmed" date="1997-07-07"/>
  </code>
</codes>
<dc element="dc.publisher" value="Reuters Holdings Plc"/>
<dc element="dc.date.published" value="1997-07-07"/>
<dc element="dc.source" value="Reuters"/>
<dc element="dc.creator.location.country.name" value="SOUTH AFRICA"/>
<dc element="dc.source" value="Reuters"/>
</metadata>
</newsitem>
