<?xml version="1.0" encoding="iso-8859-1" ?>
<newsitem itemid="709903" id="root" date="1997-07-07" xml:lang="en">
<title>UK: NWE fuel cargoes higher with transatlantic demand.</title>
<headline>NWE fuel cargoes higher with transatlantic demand.</headline>
<dateline>LONDON 1997-07-07</dateline>
<text>
<p>High sulphur fuel oil barges ended on Monday a little weaker on low demand after fetching higher numbers earlier in the day, while cargoes were talked higher with Russian material said to be moving transatlantic.</p>
<p>High sulphur fuel barges moved down to trade at $85 fob ARA after earlier trading at $86, or some 50 cents to 75 cents over Friday's close. The weak bunker demand, put by many traders at 10,000 tonnes, was said to have weakened the market and late talk was $84/$85.</p>
<p>Low sulphur barges were very dull, unchanged from last week's $95/$97 a tonne range.</p>
<p>However, high sulphur cargoes were offered higher as the day progressed at the $85 cif region, with swaps up and after barges went up early in the day. Bids came in at $83 but no deals were heard done.</p>
<p>Traders said the market was pushed up by Russian supply continually being absorbed by the market and with an open transatlantic arb.</p>
<p>&quot;They (cargoes) rose due to the Russian stuff which is being absorbed and with the open arb to the States,&quot; one seller said, adding that a lot of the fuel oil shipments were going into Mexico.</p>
<p>&quot;Refiners there are in turnaround that's why they've been buying throughout the summer,&quot; the seller added.</p>
<p>But one trader said that most of the Mexican demand has been covered, adding he was offered lower quality cracked material at $81 and $79 cif.</p>
<p>One percent was largely steady with a 20,000-tonne cargo traded at $94 fob.</p>
<p>The buyer, a trader, said several cargoes were still available in the North but buying interest was coming in from the Mediterranean.</p>
<p>However, other traders said the price was intentionally kept high to price a cargo to go out of the region.</p>
<p>One seller was heard offering at high fob plus $1.75 for a July 15-20 loader, and a bid came in a few dollars lower.</p>
<p>&quot;I think people are looking whether it works across to the United States on one percent which on paper it appears to. It's going to take a couple of days to know what the direction of the market ought to be,&quot; a trader with a major said.</p>
<p>&quot;The states is giving a floor to one percent,&quot; he added.</p>
<p>--Haitham Haddadin, London newsroom, +44 171 542 8145</p>
</text>
<copyright>(c) Reuters Limited 1997</copyright>
<metadata>
<codes class="bip:countries:1.0">
  <code code="UK">
    <editdetail attribution="Reuters BIP Coding Group" action="confirmed" date="1997-07-07"/>
  </code>
</codes>
<dc element="dc.date.created" value="1997-07-07"/>
<dc element="dc.publisher" value="Reuters Holdings Plc"/>
<dc element="dc.date.published" value="1997-07-07"/>
<dc element="dc.source" value="Reuters"/>
<dc element="dc.creator.location" value="LONDON"/>
<dc element="dc.creator.location.country.name" value="UK"/>
<dc element="dc.source" value="Reuters"/>
</metadata>
</newsitem>
