<?xml version="1.0" encoding="iso-8859-1" ?>
<newsitem itemid="710059" id="root" date="1997-07-07" xml:lang="en">
<title>RUSSIA: Cosmonauts may avoid fully entering holed module.</title>
<headline>Cosmonauts may avoid fully entering holed module.</headline>
<dateline>KOROLYOV, Russia 1997-07-07</dateline>
<text>
<p>Cosmonauts aboard the crippled Mir space station may be able to carry out crucial repairs to the holed Spektr module without entering it entirely, a Mission Control official said on Monday.</p>
<p>&quot;We have come to the conclusion that the cosmonauts may not have to fully enter the module. It is possible that they could do the work halfway inside Spektr and halfway in the hatch,&quot; deputy flight director Sergei Krikalyov told reporters.</p>
<p>He said the date of their sortie had been tentatively set for July 18 but added that there was no need to hurry. &quot;A final date will be fixed later,&quot; Krikalyov said.</p>
<p>Earlier on Monday an unmanned cargo craft carrying equipment needed to repair Spektr successfully docked with Mir.</p>
<p>The two Russian cosmonauts, Vasily Tsibliyev and Alexander Lazutkin, will don heavy spacesuits to reconnect electrical cables and restore some power lost after the last unmanned cargo craft ploughed into the Spektr module on June 25.</p>
<p>The third cosmonaut on board Mir, American Michael Foale, will sit in the escape capsule for safety during the sortie to Spektr, which Krikalyov said could last up to four hours.</p>
<p>&quot;We know how to carry out this operation...We have concluded that entering the Spektr module is essential. It contains equipment but we do not know what state it is now in,&quot; Krikalyov said.</p>
<p>&quot;The cosmonauts have been checking out their spacesuits but have not worked in them yet,&quot; he added.</p>
<p>At the weekend Russian and NASA officials in the United States said there had been a mystery leak into space from the holed Spektr module after the collision. Krikalyov said there</p>
</text>
<copyright>(c) Reuters Limited 1997</copyright>
<metadata>
<codes class="bip:countries:1.0">
  <code code="RUSS">
    <editdetail attribution="Reuters BIP Coding Group" action="confirmed" date="1997-07-07"/>
  </code>
</codes>
<codes class="bip:topics:1.0">
  <code code="GCAT">
    <editdetail attribution="Reuters BIP Coding Group" action="confirmed" date="1997-07-07"/>
  </code>
  <code code="GSCI">
    <editdetail attribution="Reuters BIP Coding Group" action="confirmed" date="1997-07-07"/>
  </code>
</codes>
<dc element="dc.date.created" value="1997-07-07"/>
<dc element="dc.publisher" value="Reuters Holdings Plc"/>
<dc element="dc.date.published" value="1997-07-07"/>
<dc element="dc.source" value="Reuters"/>
<dc element="dc.creator.location" value="KOROLYOV, Russia"/>
<dc element="dc.creator.location.country.name" value="RUSSIA"/>
<dc element="dc.source" value="Reuters"/>
</metadata>
</newsitem>
