<?xml version="1.0" encoding="iso-8859-1" ?>
<newsitem itemid="710008" id="root" date="1997-07-07" xml:lang="en">
<title>SOUTH AFRICA: S.Africa gold index losses top 5 percent.</title>
<headline>S.Africa gold index losses top 5 percent.</headline>
<dateline>JOHANNESBURG 1997-07-07</dateline>
<text>
<p>South Africa's all gold index shed 5.07 percent, or 48.3 points, to stand at 903.8 by 1228 GMT on Monday as the bullion price continued its recent slide.</p>
</text>
<copyright>(c) Reuters Limited 1997</copyright>
<metadata>
<codes class="bip:countries:1.0">
  <code code="SAFR">
    <editdetail attribution="Reuters BIP Coding Group" action="confirmed" date="1997-07-07"/>
  </code>
</codes>
<codes class="bip:topics:1.0">
  <code code="M11">
    <editdetail attribution="Reuters BIP Coding Group" action="confirmed" date="1997-07-07"/>
  </code>
  <code code="MCAT">
    <editdetail attribution="Reuters BIP Coding Group" action="confirmed" date="1997-07-07"/>
  </code>
</codes>
<dc element="dc.date.created" value="1997-07-07"/>
<dc element="dc.publisher" value="Reuters Holdings Plc"/>
<dc element="dc.date.published" value="1997-07-07"/>
<dc element="dc.source" value="Reuters"/>
<dc element="dc.creator.location" value="JOHANNESBURG"/>
<dc element="dc.creator.location.country.name" value="SOUTH AFRICA"/>
<dc element="dc.source" value="Reuters"/>
</metadata>
</newsitem>
