<?xml version="1.0" encoding="iso-8859-1" ?>
<newsitem itemid="710025" id="root" date="1997-07-07" xml:lang="en">
<title>SOUTH AFRICA: S.Africa Bond Exchange backs latest statistics.</title>
<headline>S.Africa Bond Exchange backs latest statistics.</headline>
<dateline>JOHANNESBURG 1997-07-07</dateline>
<text>
<p>The Bond Exchange on Monday backed its statistics which showed volumes topped 11 billion rand on Friday after foreigners bought a net one billion rand's worth of South African bonds.</p>
<p>Brokers earlier brought the data into question, arguing that the dearth of activity on the market as well as perceptions that there had been little foreign interest on Friday did not add up with the exchange's data.</p>
<p>Graeme Brookes, Bond Exchange company secretary, said the consternation over the data appeared to stem from the fact that many of the trades on Friday had been screen-based rather than through the floor.</p>
<p>&quot;Some of the very big foreign players are taking some big blocks in the RSA stocks. The big volumes go through the screens and the floor does not see them,&quot; Brookes said.</p>
<p>&quot;The floor does about 50 percent of reported trades, but their volumes on average are around 20 to 25 percent of the market and perhaps they are just tapering off a bit now,&quot; he said.</p>
<p>&quot;We don't think the numbers lie. Our system is robust and we stand behind the figures,&quot; Brookes added.</p>
<p>-- Johannesburg newsroom, +27 11 482-1003</p>
</text>
<copyright>(c) Reuters Limited 1997</copyright>
<metadata>
<codes class="bip:countries:1.0">
  <code code="SAFR">
    <editdetail attribution="Reuters BIP Coding Group" action="confirmed" date="1997-07-07"/>
  </code>
</codes>
<codes class="bip:topics:1.0">
  <code code="M12">
    <editdetail attribution="Reuters BIP Coding Group" action="confirmed" date="1997-07-07"/>
  </code>
  <code code="MCAT">
    <editdetail attribution="Reuters BIP Coding Group" action="confirmed" date="1997-07-07"/>
  </code>
</codes>
<dc element="dc.date.created" value="1997-07-07"/>
<dc element="dc.publisher" value="Reuters Holdings Plc"/>
<dc element="dc.date.published" value="1997-07-07"/>
<dc element="dc.source" value="Reuters"/>
<dc element="dc.creator.location" value="JOHANNESBURG"/>
<dc element="dc.creator.location.country.name" value="SOUTH AFRICA"/>
<dc element="dc.source" value="Reuters"/>
</metadata>
</newsitem>
