<?xml version="1.0" encoding="iso-8859-1" ?>
<newsitem itemid="710036" id="root" date="1997-07-07" xml:lang="en">
<title>NIGERIA: PRESS DIGEST - Nigeria - July 7.</title>
<headline>PRESS DIGEST - Nigeria - July 7.</headline>
<dateline>LAGOS 1997-07-07</dateline>
<text>
<p>These are significant stories in the Nigerian press on Monday. Reuters has not verified these stories and does not vouch for their accuracy.</p>
<p>DAILY TIMES</p>
<p>- Nigerian air traffic controllers have given airport authorities a 21-day ultimatum to improve poor navigational facilities or face strike action.</p>
<p>- Nigerian National Petroleum Corporation has sent a coastal tanker to southern Warri oil refinery to bring an estimated 12,000 tonnes of fuel to Lagos.</p>
<p>BUSINESS TIMES</p>
<p>- The first shipment of liquefied petroleum gas from Chevron's Escravos Gas project is likely to be exported later this month, after government gives clearance.</p>
<p>- Business Times investigations show that foreign partners of pharmaceutical firm May and Baker are trying to divest from the company, by renouncing their stake in a rights issue.</p>
<p>THE GUARDIAN</p>
<p>- Military ruler General Sani Abacha reminds soldiers of their subordinate role to civilian authorities.</p>
<p>- Two proposals, involving sale of assets and a swap of equity for deposits, are being put forward as ways to salvage Nigeria Merchant Bank from liquidation.</p>
<p>THISDAY</p>
<p>- Officials say the government is not bothered by the outcome of a meeting on Thursday between the Commonwealth Ministerial Action Group and four pro-democracy groups, to discuss Nigeria's suspension from the Commonwealth.</p>
<p>- Ethnic Itsekiris in the southern oil-producing area near Warri have sent an appeal to Abacha, asking for protection. The Itsekiris say Ijaw tribesmen are preparing to attack them.</p>
<p>($1=84.5 naira)</p>
<p>-- Lagos newsroom +234 1 2630317</p>
</text>
<copyright>(c) Reuters Limited 1997</copyright>
<metadata>
<codes class="bip:countries:1.0">
  <code code="NIGEA">
    <editdetail attribution="Reuters BIP Coding Group" action="confirmed" date="1997-07-07"/>
  </code>
</codes>
<codes class="bip:topics:1.0">
  <code code="GCAT">
    <editdetail attribution="Reuters BIP Coding Group" action="confirmed" date="1997-07-07"/>
  </code>
</codes>
<dc element="dc.date.created" value="1997-07-07"/>
<dc element="dc.publisher" value="Reuters Holdings Plc"/>
<dc element="dc.date.published" value="1997-07-07"/>
<dc element="dc.source" value="Reuters"/>
<dc element="dc.creator.location" value="LAGOS"/>
<dc element="dc.creator.location.country.name" value="NIGERIA"/>
<dc element="dc.source" value="Reuters"/>
</metadata>
</newsitem>
