<?xml version="1.0" encoding="iso-8859-1" ?>
<newsitem itemid="710031" id="root" date="1997-07-07" xml:lang="en">
<title>SOUTH AFRICA: Baobab leaps after buys financial firm.</title>
<headline>Baobab leaps after buys financial firm.</headline>
<dateline>JOHANNESBURG 1997-07-07</dateline>
<text>
<p>Shares in South African investment firm Baobab Solid Growth Ltd jumped to new highs in early trade after it upped its stake in specialist financial services firm Theta Securities (Pty) Ltd and it said it would move to the banking sector on the Johannesburg Stock Exchange.</p>
<p>By 0855 GMT Baobab was up 300 cents to 59 rand, a rise of over six percent in thin volume of 17,100 shares.  </p>
<p>&quot;It is racing away on reports in weekend newspapers that Theta is to reverse list through Baobab,&quot; one dealer said, adding that his brokerage had put out a buy recommendation on the stock.</p>
<p>&quot;Our analyst reckons that it could grow earnings by as much as 40 percent per annum,&quot; the dealer said.</p>
<p>Baobab said that it will ask shareholders to approve a name change to Theta Ltd after buying 100 percent of that firm. Baobab also said that it was lifting its stakes in King Finance, Alternative Finance Ltd (Altfin) and Decimax.</p>
<p>It would issue 6.7 million shares to fund the investments.</p>
<p>Baobab last month bought a 25.1 percent stake in specialist voice processing company Voicematix.</p>
<p>-- Johannesburg newsroom 27 11 482 1003</p>
</text>
<copyright>(c) Reuters Limited 1997</copyright>
<metadata>
<codes class="bip:countries:1.0">
  <code code="SAFR">
    <editdetail attribution="Reuters BIP Coding Group" action="confirmed" date="1997-07-07"/>
  </code>
</codes>
<codes class="bip:industries:1.0">
  <code code="I21000">
    <editdetail attribution="Reuters BIP Coding Group" action="confirmed" date="1997-07-07"/>
  </code>
</codes>
<codes class="bip:topics:1.0">
  <code code="C15">
    <editdetail attribution="Reuters BIP Coding Group" action="confirmed" date="1997-07-07"/>
  </code>
  <code code="C152">
    <editdetail attribution="Reuters BIP Coding Group" action="confirmed" date="1997-07-07"/>
  </code>
  <code code="CCAT">
    <editdetail attribution="Reuters BIP Coding Group" action="confirmed" date="1997-07-07"/>
  </code>
</codes>
<dc element="dc.date.created" value="1997-07-07"/>
<dc element="dc.publisher" value="Reuters Holdings Plc"/>
<dc element="dc.date.published" value="1997-07-07"/>
<dc element="dc.source" value="Reuters"/>
<dc element="dc.creator.location" value="JOHANNESBURG"/>
<dc element="dc.creator.location.country.name" value="SOUTH AFRICA"/>
<dc element="dc.source" value="Reuters"/>
</metadata>
</newsitem>
