<?xml version="1.0" encoding="iso-8859-1" ?>
<newsitem itemid="710012" id="root" date="1997-07-07" xml:lang="en">
<title>NAMIBIA: Congo's Kabila begins state visit to Namibia.</title>
<headline>Congo's Kabila begins state visit to Namibia.</headline>
<dateline>WINDHOEK 1997-07-07</dateline>
<text>
<p>Laurent Kabila, president of the Democratic Republic of the Congo, formerly Zaire, arrived in Windhoek on Monday for a two-day state visit to Namibia.</p>
<p>Kabila will hold private and official talks with President Sam Nujoma. Officials in Windhoek have said the possibility of Namibia drawing water from the Congo River is expected to top the agenda.</p>
<p>Kabila's rebel alliance ousted former Zaire president Mobutu Sese Seko in May. Kabila renamed the country shortly after taking power.</p>
</text>
<copyright>(c) Reuters Limited 1997</copyright>
<metadata>
<codes class="bip:countries:1.0">
  <code code="NAMIB">
    <editdetail attribution="Reuters BIP Coding Group" action="confirmed" date="1997-07-07"/>
  </code>
  <code code="ZAIRE">
    <editdetail attribution="Reuters BIP Coding Group" action="confirmed" date="1997-07-07"/>
  </code>
</codes>
<codes class="bip:topics:1.0">
  <code code="GCAT">
    <editdetail attribution="Reuters BIP Coding Group" action="confirmed" date="1997-07-07"/>
  </code>
  <code code="GDIP">
    <editdetail attribution="Reuters BIP Coding Group" action="confirmed" date="1997-07-07"/>
  </code>
</codes>
<dc element="dc.date.created" value="1997-07-07"/>
<dc element="dc.publisher" value="Reuters Holdings Plc"/>
<dc element="dc.date.published" value="1997-07-07"/>
<dc element="dc.source" value="Reuters"/>
<dc element="dc.creator.location" value="WINDHOEK"/>
<dc element="dc.creator.location.country.name" value="NAMIBIA"/>
<dc element="dc.source" value="Reuters"/>
</metadata>
</newsitem>
