<?xml version="1.0" encoding="iso-8859-1" ?>
<newsitem itemid="710010" id="root" date="1997-07-07" xml:lang="en">
<title>KENYA: Two people shot dead in Kenya, policeman wounded.</title>
<headline>Two people shot dead in Kenya, policeman wounded.</headline>
<dateline>NAIROBI 1997-07-07</dateline>
<text>
<p>Police said two men were shot dead in disturbances in the Kenyan town of Nyahururu and a policeman was shot and wounded by a gunman in a crowd of protesters.</p>
<p>Police spokesman Assistant Commissioner Peter Kimanthi said a mob tried to storm the prison in Nyahururu, 100 km (60 miles) west of Nairobi, to free prisoners and one man was shot dead by prison authorities.  </p>
<p>&quot;Another group stormed the Cooperative Bank in the town and a man was shot dead by police,&quot; Kimanthi said. &quot;A policeman was also shot and wounded in Nyahururu by someone shooting from the crowd.&quot;</p>
<p>Kimanthi said a boy was earlier killed in the town of Thika in an area where police were not active. He said police were investigating to find how he had died but journalists said they had reports he was shot dead and two other people were wounded.</p>
<p>Riot and paramilitary police fired tear gas and rubber bullets to break up demonstrations in the capital Nairobi. Scores of protesters were severely beaten, some even after they surrendered.</p>
</text>
<copyright>(c) Reuters Limited 1997</copyright>
<metadata>
<codes class="bip:countries:1.0">
  <code code="KENYA">
    <editdetail attribution="Reuters BIP Coding Group" action="confirmed" date="1997-07-07"/>
  </code>
</codes>
<codes class="bip:topics:1.0">
  <code code="GCAT">
    <editdetail attribution="Reuters BIP Coding Group" action="confirmed" date="1997-07-07"/>
  </code>
  <code code="GCRIM">
    <editdetail attribution="Reuters BIP Coding Group" action="confirmed" date="1997-07-07"/>
  </code>
  <code code="GVIO">
    <editdetail attribution="Reuters BIP Coding Group" action="confirmed" date="1997-07-07"/>
  </code>
</codes>
<dc element="dc.date.created" value="1997-07-07"/>
<dc element="dc.publisher" value="Reuters Holdings Plc"/>
<dc element="dc.date.published" value="1997-07-07"/>
<dc element="dc.source" value="Reuters"/>
<dc element="dc.creator.location" value="NAIROBI"/>
<dc element="dc.creator.location.country.name" value="KENYA"/>
<dc element="dc.source" value="Reuters"/>
</metadata>
</newsitem>
