<?xml version="1.0" encoding="iso-8859-1" ?>
<newsitem itemid="710002" id="root" date="1997-07-07" xml:lang="en">
<title>NIGERIA: Nigerian Nestle Q1 profit down.</title>
<headline>Nigerian Nestle Q1 profit down.</headline>
<dateline>LAGOS 1997-07-07</dateline>
<text>
<p>First quarter result for Nestle Nigeria Plc to end-March 1997. (In million naira)</p>
<p>				1997	    1996</p>
<p>Turnover		    1,000	   1,300</p>
<p>Profit before Taxation    153.4	   169.9</p>
<p>Taxation			 52.2	    57.8</p>
<p> Profit after taxation    101.2	   112.1</p>
<p>($1=84.5)</p>
<p>-- Lagos newsroom +234 1 263 03 17</p>
</text>
<copyright>(c) Reuters Limited 1997</copyright>
<metadata>
<codes class="bip:countries:1.0">
  <code code="NIGEA">
    <editdetail attribution="Reuters BIP Coding Group" action="confirmed" date="1997-07-07"/>
  </code>
</codes>
<codes class="bip:industries:1.0">
  <code code="I41000">
    <editdetail attribution="Reuters BIP Coding Group" action="confirmed" date="1997-07-07"/>
  </code>
</codes>
<codes class="bip:topics:1.0">
  <code code="C15">
    <editdetail attribution="Reuters BIP Coding Group" action="confirmed" date="1997-07-07"/>
  </code>
  <code code="C151">
    <editdetail attribution="Reuters BIP Coding Group" action="confirmed" date="1997-07-07"/>
  </code>
  <code code="CCAT">
    <editdetail attribution="Reuters BIP Coding Group" action="confirmed" date="1997-07-07"/>
  </code>
</codes>
<dc element="dc.date.created" value="1997-07-07"/>
<dc element="dc.publisher" value="Reuters Holdings Plc"/>
<dc element="dc.date.published" value="1997-07-07"/>
<dc element="dc.source" value="Reuters"/>
<dc element="dc.creator.location" value="LAGOS"/>
<dc element="dc.creator.location.country.name" value="NIGERIA"/>
<dc element="dc.source" value="Reuters"/>
</metadata>
</newsitem>
