<?xml version="1.0" encoding="iso-8859-1" ?>
<newsitem itemid="710023" id="root" date="1997-07-07" xml:lang="en">
<title>SOUTH AFRICA: SAB greets competition board investigation.</title>
<headline>SAB greets competition board investigation.</headline>
<dateline>JOHANNESBURG 1997-07-07</dateline>
<text>
<p>Drinks giant South African Breweries Ltd said on Monday it welcomed an investigation by the country's Competition Board into the liquour industry and pledged its cooperation.</p>
<p>Late last month board chairman Pierre Brooks said he planned to probe the effects of wine co-operative KWV's plans to convert itself into a company, shareholdings by KWV and SAB in enterprises with which they compete, SAB's distribution system and &quot;other related matters.&quot;</p>
<p>SAB said in a statement that the move would allow SAB to set the record straight about its operations and counter recent negative stories in the media.</p>
<p>&quot;SAB is confident that the work of the Competition Board will...promote the emergence of a balanced perspectiove on the way in which the company conducts its business,&quot; said SAB Beer managing director Norman Adami.</p>
<p>Adami said the firm would cooperate fully with the report. &quot;We have nothing to hide,&quot; he said.</p>
<p>SAB dominates the South African beer market and has been engaged in an often bitter war of words with comparatively tiny Namibian Breweries, which has been making steady inroads into the market.</p>
<p>-- Johannesburg newsroom +27 11 482 1003</p>
</text>
<copyright>(c) Reuters Limited 1997</copyright>
<metadata>
<codes class="bip:countries:1.0">
  <code code="SAFR">
    <editdetail attribution="Reuters BIP Coding Group" action="confirmed" date="1997-07-07"/>
  </code>
</codes>
<codes class="bip:industries:1.0">
  <code code="I42700">
    <editdetail attribution="Reuters BIP Coding Group" action="confirmed" date="1997-07-07"/>
  </code>
</codes>
<codes class="bip:topics:1.0">
  <code code="C13">
    <editdetail attribution="Reuters BIP Coding Group" action="confirmed" date="1997-07-07"/>
  </code>
  <code code="C34">
    <editdetail attribution="Reuters BIP Coding Group" action="confirmed" date="1997-07-07"/>
  </code>
  <code code="CCAT">
    <editdetail attribution="Reuters BIP Coding Group" action="confirmed" date="1997-07-07"/>
  </code>
</codes>
<dc element="dc.date.created" value="1997-07-07"/>
<dc element="dc.publisher" value="Reuters Holdings Plc"/>
<dc element="dc.date.published" value="1997-07-07"/>
<dc element="dc.source" value="Reuters"/>
<dc element="dc.creator.location" value="JOHANNESBURG"/>
<dc element="dc.creator.location.country.name" value="SOUTH AFRICA"/>
<dc element="dc.source" value="Reuters"/>
</metadata>
</newsitem>
