<?xml version="1.0" encoding="iso-8859-1" ?>
<newsitem itemid="710013" id="root" date="1997-07-07" xml:lang="en">
<title>SOUTH AFRICA: Profurn says not in O.K furniture buy talks.</title>
<headline>Profurn says not in O.K furniture buy talks.</headline>
<dateline>JOHANNESBURG 1997-07-07</dateline>
<text>
<p>South Africa's Protea Furnishers Ltd (Profurn) said on Monday it was not in talks with retailer O.K. Bazaars to buy its furniture interests.</p>
<p>&quot;At this point in time there is definitely no intention to look at the furniture arm of the O.K,&quot; said Gavin Walker, Profurn's group financial director.</p>
<p>Rumours that Profurn is keen to buy into O.K, an unlisted retailer in the South African Breweries Ltd stable, have helped to hoist Profurn shares listed on the Johannesburg Stock Exchange to new heights recently.</p>
<p>On Monday shares touched a new 1997 peak of 204 cents, a gain of over 20 percent since the end of June. Volumes traded have been relatively large.</p>
<p>Walker said he believed the gains in Profurn came on the back of a combination of strong local and regional trading results and an &quot;exceptionally good deal&quot; with First National Bank Holdings Ltd (FNB).</p>
<p>&quot;We have had a very good six months which ended on June 30....Trading in neighbouring states has also been very good,&quot; he said.</p>
<p>Profurn recently repurchased its furniture financing business, including its debtors' book and staff, from FNB for 270 million rand.</p>
<p>Walker added that Profurn would always investigate in detail any potential acquisitions in its line of business.</p>
<p>Profurn's half year results will be published on August 1.</p>
<p>The O.K. Bazaars could not immediately be reached for comment.</p>
<p>-- Nicole Mordant, Johannesburg newsroom 27 11 482 1003</p>
</text>
<copyright>(c) Reuters Limited 1997</copyright>
<metadata>
<codes class="bip:countries:1.0">
  <code code="SAFR">
    <editdetail attribution="Reuters BIP Coding Group" action="confirmed" date="1997-07-07"/>
  </code>
</codes>
<codes class="bip:industries:1.0">
  <code code="I42700">
    <editdetail attribution="Reuters BIP Coding Group" action="confirmed" date="1997-07-07"/>
  </code>
</codes>
<codes class="bip:topics:1.0">
  <code code="C18">
    <editdetail attribution="Reuters BIP Coding Group" action="confirmed" date="1997-07-07"/>
  </code>
  <code code="C181">
    <editdetail attribution="Reuters BIP Coding Group" action="confirmed" date="1997-07-07"/>
  </code>
  <code code="CCAT">
    <editdetail attribution="Reuters BIP Coding Group" action="confirmed" date="1997-07-07"/>
  </code>
</codes>
<dc element="dc.date.created" value="1997-07-07"/>
<dc element="dc.publisher" value="Reuters Holdings Plc"/>
<dc element="dc.date.published" value="1997-07-07"/>
<dc element="dc.source" value="Reuters"/>
<dc element="dc.creator.location" value="JOHANNESBURG"/>
<dc element="dc.creator.location.country.name" value="SOUTH AFRICA"/>
<dc element="dc.source" value="Reuters"/>
</metadata>
</newsitem>
