<?xml version="1.0" encoding="iso-8859-1" ?>
<newsitem itemid="738096" id="root" date="1997-07-18" xml:lang="en">
<title>USA: New York volumes/open interest for July 17.</title>
<headline>New York volumes/open interest for July 17.</headline>
<text>
<p>volume   open int change</p>
<p>HG COPPER	  6977   48477   off 612</p>
<p>GOLD		62802  219005   off 3064</p>
<p>SILVER	    19874   98701   off 3206</p>
<p>SUGAR 11	  14680  156761   off 60</p>
<p>SUGAR 14	     61   15795   up 28</p>
<p>COFFEE	     4088   21960   up 239</p>
<p>COCOA	     10993  101402   off 815</p>
<p>COTTON  (NY)     6087   77604   off 174</p>
<p>ORANGE JUICE     1644   31803   up 166</p>
</text>
<copyright>(c) Reuters Limited 1997</copyright>
<metadata>
<codes class="bip:countries:1.0">
  <code code="USA">
    <editdetail attribution="Reuters BIP Coding Group" action="confirmed" date="1997-07-18"/>
  </code>
</codes>
<codes class="bip:topics:1.0">
  <code code="M14">
    <editdetail attribution="Reuters BIP Coding Group" action="confirmed" date="1997-07-18"/>
  </code>
  <code code="M142">
    <editdetail attribution="Reuters BIP Coding Group" action="confirmed" date="1997-07-18"/>
  </code>
  <code code="MCAT">
    <editdetail attribution="Reuters BIP Coding Group" action="confirmed" date="1997-07-18"/>
  </code>
</codes>
<dc element="dc.publisher" value="Reuters Holdings Plc"/>
<dc element="dc.date.published" value="1997-07-18"/>
<dc element="dc.source" value="Reuters"/>
<dc element="dc.creator.location.country.name" value="USA"/>
<dc element="dc.source" value="Reuters"/>
</metadata>
</newsitem>
