<?xml version="1.0" encoding="iso-8859-1" ?>
<newsitem itemid="738070" id="root" date="1997-07-18" xml:lang="en">
<title>EU: EP Women's rights Committee agenda - July 21-22.</title>
<headline>EP Women's rights Committee agenda - July 21-22.</headline>
<text>
<p>Committee on Women's Rights [[ Wednesday 23 July 1997 ]] PUBLIC MEETING 0.1 ===] Wednesday, 23 July 1997 1. Adoption of draft agenda (PE222.560 ) 2. Approval of minutes of meeting of: - 19/20 March 1997 (PE 221.363 ) 3. Chairperson's announcements 4. Reports by Committee Members on the activities of other committees of which they are Members ===] In the presence of the Commission ===] 3.15 p.m. 5. Burden of proof in cases of discrimination based on sex (T04705) **II (T04705) SYN96196 COM(97)0202 C4-0539/96 + FEMM Fond R GHILARDOTTI Fiorella (PSE) - Exchange of views ===] 3.45 p.m. 6. Discrimination against women in advertising (T04201) (T04201) INI0520 INI0520 + FEMM Fond R LENZ Marlene. (PPE) (PE221.370 ) + FEMM Fond LENZ Marlene. (PPE) (PE221.370 ) - Adoption of draft report ===] 4.15 p.m. 7. Equal opportunites for women and men in the European Union (1996) (T05111) (T05111) COS0530 COM(96)0650 C4-0084/97 + FEMM Fond R KESTELIJN-SIERENS Ma (ELD) (PE222.551 ) - Adoption of draft report ===] 4.45 p.m. 8. Strengthening measures to combat the sexual abuse and exploitation of children (T05297) (T05297) COS0473 COM(96)0547 C4-0012/97 + FEMM Avis A BENNASAR TOUS F. (PPE) (PE221.367 ) F LIBE Fond R SCHULZ Martin. (PSE) (PE222.714 ) - Adoption of draft opinion ===] 5.30 p.m. 9. Budget 1998 - Section III (T05367) (T05367) BUD0083 + FEMM Avis A GRONER Lissy. (PSE) (PE222.557 ) F BUDG Fond R TILLICH Stanislaw. (PPE) (PE222.006 ) - Consideration of working document 9.1 - o-o-o-9.2 Coordinators' meeting at 6.00 p.m. 9.3 - o-o-o-===] Thursday, 24 July 1997 ===] 9.00 a.m. 10. Appointment of rapporteurs and draftsmen - decisions on procedure (see Annex) ===] 9.15 a.m. 11. Trafficking in women for the purpose of sexual exploitation (Commission communication) (T05329) (T05329) COS0496 COM(96)0567 C4-0638/96 + FEMM Fond R WADDINGTON Susan A. (PSE) (PE222.558 ) - Consideration of draft report ===] 9.45 a.m. 12. Green Paper on relations between the European Union and the ACP countries: options for a new partnership (T04499) (T04499) COS0497 COM(96)0570 C4-0639/96 + FEMM Avis A RIBEIRO Sergio. (GUE) (PE222.554 ) F DEVE Fond R MARTENS Wilfried A. (PPE) (PE223.237 ) - Consideration of draft opinion ===] 10.15 a.m. 13. Modernizing and improving social protection in the European Union (T04298) (T04298) COS0538 COM(97)0102 C4-0143/97 + FEMM Avis A SORNOSA MARTiNEZ M. (GUE) (PE222.556 ) F ASOC Fond R WEILER Barbara. (PSE) (PE223.120 ) - Exchange of views ===] 10.45 a.m. 14. Results of the IGC and the Amsterdam Summit - Exchange of views on areas of competence for this committee ===] 11.15 a.m. 15. Delegation visit to Thessaloniki, Greece, 23-24 June 1997 - Report by delegation leader, Mrs TORRES MARQUES ===] 11.30 a.m. 16. Possibly, Report by Mrs TORRES MARQUES on her participation at the Council of European Municipalities and Regions (CEMR) Conference on &quot;Elected Women's Issues&quot; held in Sintra, Portugal on 20-21 April 1997 ===] 11.40 a.m. 17. Possibly, Report by Mrs BENNASAR TOUS, leader of the delegation, on the First Conference of parliamentary committees for equal opportunities for women and men of the NPs and the Cttee on Women's Rights at the Belgian Senate, 23 May 1997 ===] 11.50 a.m. 18. Possibly, Report by Mrs ERIKSSON on her participation at the Council of Europe's seminar on &quot;Promoting equality: a common challenge for men and women&quot; held in Strasbourg on 17-18 June 1997 ===] 12.00 noon 19. Possibly, Report by Mrs POLLACK on meetings with women's organisations in Pakistan working on various aspects of women's rights and women's health, 3-9 May 1997 20. Any other business 21. Date of next meeting in Brussels (PE/XIX/OJ/97-09 ) ******************** A N N E X *********************** 0.1 0.2 Appointment of rapporteurs and draftsmen - decisions on procedure ===] - Responsible 1. The state of women's health in the European Community (T05562) (T05562) COS0577 COM(97)0224 C4-0333/97 + FEMM Fond - Appointment of rapporteur ===] - Opinion 2. Green Paper on the organization of work and working hours (T05256) (T05256) COS0545 COM(97)0128 C4-0187/97 + FEMM Avis F ASOC Fond R ANDERSSON Jan. (PSE) (PE223.272 ) - Appointment of draftsman 3. Part-time, fixed duration and temporary work: review of the first stage of consultation of the two sides of industry (T04698) F ASOC Fond R JONS Karin. (PSE) (PE222.513 ) - Appointment of draftsman - FIN -. END OF DOCUMENT.</p>
</text>
<copyright>(c) Reuters Limited 1997</copyright>
<metadata>
<codes class="bip:countries:1.0">
  <code code="EEC">
    <editdetail attribution="Reuters BIP Coding Group" action="confirmed" date="1997-07-18"/>
  </code>
</codes>
<codes class="bip:topics:1.0">
  <code code="G15">
    <editdetail attribution="Reuters BIP Coding Group" action="confirmed" date="1997-07-18"/>
  </code>
  <code code="GCAT">
    <editdetail attribution="Reuters BIP Coding Group" action="confirmed" date="1997-07-18"/>
  </code>
</codes>
<dc element="dc.publisher" value="Reuters Holdings Plc"/>
<dc element="dc.date.published" value="1997-07-18"/>
<dc element="dc.source" value="Reuters"/>
<dc element="dc.creator.location.country.name" value="EU"/>
<dc element="dc.source" value="Reuters"/>
</metadata>
</newsitem>
