<?xml version="1.0" encoding="iso-8859-1" ?>
<newsitem itemid="738097" id="root" date="1997-07-18" xml:lang="en">
<title>USA: CONSENSUS-U.S. corporate earnings surpise data.</title>
<headline>CONSENSUS-U.S. corporate earnings surpise data.</headline>
<text>
<p>Earnings surprise for July 18, provided by Zacks Investment Research. The following companies reported the greatest deviations, above or below analysts' mean estimates:</p>
<p>COMPANY		ESTIMATE  ACTUAL  PCT SURPRISE</p>
<p>American Materials  0.01     0.10    900.00%</p>
<p>Cygnus		 -0.12    -0.02     83.33%</p>
<p>Meridian	     -0.09    -0.04     55.56%</p>
<p>Accelgraphics	 0.04     0.06     50.00%</p>
<p>Cohu		    0.50     0.70     40.00%</p>
<p>Aspect		  0.08     0.10     25.00%</p>
<p>Spectrian	     0.47     0.57     21.28%</p>
<p>Computer Network   -0.05    -0.04     20.00%</p>
<p>Fairfield	     0.35     0.42     20.00%</p>
<p>TJ Intl		 0.35     0.41     17.14%</p>
<p>Cayenne		 0.03    -0.11   -466.67%</p>
<p>Netmanage	    -0.03    -0.10   -233.33%</p>
<p>BTG		     0.13     0.03    -76.92%</p>
<p>Aurum		   0.06     0.04    -33.33%</p>
<p>UTD Dominion	  0.18     0.13    -27.78%</p>
<p>IDEXX		  -0.04    -0.05    -25.00%</p>
<p>Haven Bancorp	 0.60     0.51    -15.00%</p>
<p>Equifax		 0.35     0.30    -14.29%</p>
<p>Ultrak		  0.07     0.06    -14.29%</p>
<p>Kansas City Power   0.43     0.37    -13.95%</p>
</text>
<copyright>(c) Reuters Limited 1997</copyright>
<metadata>
<codes class="bip:countries:1.0">
  <code code="USA">
    <editdetail attribution="Reuters BIP Coding Group" action="confirmed" date="1997-07-18"/>
  </code>
</codes>
<codes class="bip:industries:1.0">
  <code code="I16100">
    <editdetail attribution="Reuters BIP Coding Group" action="confirmed" date="1997-07-18"/>
  </code>
  <code code="I25670">
    <editdetail attribution="Reuters BIP Coding Group" action="confirmed" date="1997-07-18"/>
  </code>
  <code code="I25700">
    <editdetail attribution="Reuters BIP Coding Group" action="confirmed" date="1997-07-18"/>
  </code>
  <code code="I33020">
    <editdetail attribution="Reuters BIP Coding Group" action="confirmed" date="1997-07-18"/>
  </code>
  <code code="I3302003">
    <editdetail attribution="Reuters BIP Coding Group" action="confirmed" date="1997-07-18"/>
  </code>
  <code code="I3302020">
    <editdetail attribution="Reuters BIP Coding Group" action="confirmed" date="1997-07-18"/>
  </code>
  <code code="I3302021">
    <editdetail attribution="Reuters BIP Coding Group" action="confirmed" date="1997-07-18"/>
  </code>
  <code code="I33030">
    <editdetail attribution="Reuters BIP Coding Group" action="confirmed" date="1997-07-18"/>
  </code>
  <code code="I34000">
    <editdetail attribution="Reuters BIP Coding Group" action="confirmed" date="1997-07-18"/>
  </code>
  <code code="I46000">
    <editdetail attribution="Reuters BIP Coding Group" action="confirmed" date="1997-07-18"/>
  </code>
  <code code="I81402">
    <editdetail attribution="Reuters BIP Coding Group" action="confirmed" date="1997-07-18"/>
  </code>
  <code code="I81502">
    <editdetail attribution="Reuters BIP Coding Group" action="confirmed" date="1997-07-18"/>
  </code>
  <code code="I8150206">
    <editdetail attribution="Reuters BIP Coding Group" action="confirmed" date="1997-07-18"/>
  </code>
  <code code="I83940">
    <editdetail attribution="Reuters BIP Coding Group" action="confirmed" date="1997-07-18"/>
  </code>
  <code code="I85000">
    <editdetail attribution="Reuters BIP Coding Group" action="confirmed" date="1997-07-18"/>
  </code>
</codes>
<codes class="bip:topics:1.0">
  <code code="C15">
    <editdetail attribution="Reuters BIP Coding Group" action="confirmed" date="1997-07-18"/>
  </code>
  <code code="C151">
    <editdetail attribution="Reuters BIP Coding Group" action="confirmed" date="1997-07-18"/>
  </code>
  <code code="C152">
    <editdetail attribution="Reuters BIP Coding Group" action="confirmed" date="1997-07-18"/>
  </code>
  <code code="CCAT">
    <editdetail attribution="Reuters BIP Coding Group" action="confirmed" date="1997-07-18"/>
  </code>
</codes>
<dc element="dc.publisher" value="Reuters Holdings Plc"/>
<dc element="dc.date.published" value="1997-07-18"/>
<dc element="dc.source" value="Reuters"/>
<dc element="dc.creator.location.country.name" value="USA"/>
<dc element="dc.source" value="Reuters"/>
</metadata>
</newsitem>
