<?xml version="1.0" encoding="iso-8859-1" ?>
<newsitem itemid="738092" id="root" date="1997-07-18" xml:lang="en">
<title>USA: U.S. certified coffee stocks up as of July 17.</title>
<headline>U.S. certified coffee stocks up as of July 17.</headline>
<text>
<p>TOTAL ALL WAREHOUSES: July  17 - 80,592 60-kg bags</p>
<p>			    July  16 - 77,151 60-kg bags</p>
<p>			    July  15 - 75,414 60-kg bags</p>
<p>Latest data as of July 17</p>
<p>Warehouses:  New York   New Orleans	 Miami     Total</p>
<p>Origins:</p>
<p>Burundi		0	    4,491	     0     4,491</p>
<p>Colombia	 1,450		750	     0     2,200</p>
<p>Costa Rica     1,375		995	     0     2,370</p>
<p>Dominican Rep  1,445		397	 8,917    10,759</p>
<p>Ecuador		0		250	     0	 250</p>
<p>Guatemala	3,949	    4,177	 1,250     9,376</p>
<p>Honduras	 2,255	    4,100	 4,750    11,105</p>
<p>India	    3,255		600	     0     3,855</p>
<p>Mexico	     746	    4,254	     0     5,000</p>
<p>Peru		 500	    2,250	 2,000     4,750</p>
<p>El Salvador    2,250	    3,500	 1,500     7,250</p>
<p>Nicaragua	  249		  0	     0	 249</p>
<p>Rwanda		 0	    1,099	     0     1,099</p>
<p>Tanzania	   568		  0	     0	 568</p>
<p>Venezuela	    0		  0	   769	 769</p>
<p>Uganda	     574	   15,927	     0    16,501</p>
<p>TOTAL:	  18,616	   42,790	19,186    80,592</p>
<p>Net Change: up 3,441 bags.</p>
<p>Number of bags pending grading in New York: 6,679; New Orleans: 2,300; Miami: 2,500.</p>
<p>Number of bags graded in New York: 14,488, New Orleans: 10,299; Miami:7,000.</p>
<p>Number of bags passed in New York: 3,288, New Orleans: 4,690; Miami:500.</p>
<p>--New York Commodity Desk, +1-212-859-1640</p>
</text>
<copyright>(c) Reuters Limited 1997</copyright>
<metadata>
<codes class="bip:countries:1.0">
  <code code="USA">
    <editdetail attribution="Reuters BIP Coding Group" action="confirmed" date="1997-07-18"/>
  </code>
</codes>
<codes class="bip:topics:1.0">
  <code code="M14">
    <editdetail attribution="Reuters BIP Coding Group" action="confirmed" date="1997-07-18"/>
  </code>
  <code code="M141">
    <editdetail attribution="Reuters BIP Coding Group" action="confirmed" date="1997-07-18"/>
  </code>
  <code code="MCAT">
    <editdetail attribution="Reuters BIP Coding Group" action="confirmed" date="1997-07-18"/>
  </code>
</codes>
<dc element="dc.publisher" value="Reuters Holdings Plc"/>
<dc element="dc.date.published" value="1997-07-18"/>
<dc element="dc.source" value="Reuters"/>
<dc element="dc.creator.location.country.name" value="USA"/>
<dc element="dc.source" value="Reuters"/>
</metadata>
</newsitem>
