<?xml version="1.0" encoding="iso-8859-1" ?>
<newsitem itemid="738081" id="root" date="1997-07-18" xml:lang="en">
<title>CANADA: TABLE-Canada economic indicators July 21 - July 25.</title>
<headline>TABLE-Canada economic indicators July 21 - July 25.</headline>
<text>
<p>DATE   EST/GMT   INDICATOR     PERIOD     AVG FCAST    PREV</p>
<p>07/21 0830/1230  RETAIL SALES   MAY	+0.6 PCT    +1.1 PCT</p>
<p>07/23 0830/1230  COMPOS INDEX   JUNE     +0.7 PCT    +0.7 PCT</p>
<p>07/25 0830/1230  AVG WKLY ERNG  MAY	+2.9 PCT    +4.0 PCT</p>
<p>07/27 0815/1215  Q HOUSE STARTS Q2	 146,000	155,200</p>
</text>
<copyright>(c) Reuters Limited 1997</copyright>
<metadata>
<codes class="bip:countries:1.0">
  <code code="CANA">
    <editdetail attribution="Reuters BIP Coding Group" action="confirmed" date="1997-07-18"/>
  </code>
</codes>
<codes class="bip:topics:1.0">
  <code code="E71">
    <editdetail attribution="Reuters BIP Coding Group" action="confirmed" date="1997-07-18"/>
  </code>
  <code code="ECAT">
    <editdetail attribution="Reuters BIP Coding Group" action="confirmed" date="1997-07-18"/>
  </code>
</codes>
<dc element="dc.publisher" value="Reuters Holdings Plc"/>
<dc element="dc.date.published" value="1997-07-18"/>
<dc element="dc.source" value="Reuters"/>
<dc element="dc.creator.location.country.name" value="CANADA"/>
<dc element="dc.source" value="Reuters"/>
</metadata>
</newsitem>
