<?xml version="1.0" encoding="iso-8859-1" ?>
<newsitem itemid="738156" id="root" date="1997-07-18" xml:lang="en">
<title>USA: Duff &amp; Phelps may up Louisiana Land ratings.</title>
<headline>Duff &amp; Phelps may up Louisiana Land ratings.</headline>
<dateline>CHICAGO 1997-07-18</dateline>
<text>
<p>Duff &amp; Phelps Credit Rating Co said it placed Louisiana Land &amp; Exploration Co on its rating watch list for possible upgrade following announcement that the company will merge with Burlington Resources Inc.</p>
<p>LL&amp;E's current ratings are triple-B on its long term debt and D-two on its commercial paper. The rating action covers about $500 million of debt, the firm said.</p>
<p>&quot;The combination of LL&amp;E and Burlington Resources will result in a company with reserves of approximately 7.7 trillion cubic feet of natural gas equivalent and the financial flexibility to pursue a balanced exploration and development strategy,&quot; the firm said.</p>
<p>((--Chicago Newsdesk 312-408-8787))</p>
</text>
<copyright>(c) Reuters Limited 1997</copyright>
<metadata>
<codes class="bip:countries:1.0">
  <code code="USA">
    <editdetail attribution="Reuters BIP Coding Group" action="confirmed" date="1997-07-18"/>
  </code>
</codes>
<codes class="bip:industries:1.0">
  <code code="I13000">
    <editdetail attribution="Reuters BIP Coding Group" action="confirmed" date="1997-07-18"/>
  </code>
  <code code="I1300003">
    <editdetail attribution="Reuters BIP Coding Group" action="confirmed" date="1997-07-18"/>
  </code>
</codes>
<codes class="bip:topics:1.0">
  <code code="C17">
    <editdetail attribution="Reuters BIP Coding Group" action="confirmed" date="1997-07-18"/>
  </code>
  <code code="C174">
    <editdetail attribution="Reuters BIP Coding Group" action="confirmed" date="1997-07-18"/>
  </code>
  <code code="C18">
    <editdetail attribution="Reuters BIP Coding Group" action="confirmed" date="1997-07-18"/>
  </code>
  <code code="C181">
    <editdetail attribution="Reuters BIP Coding Group" action="confirmed" date="1997-07-18"/>
  </code>
  <code code="CCAT">
    <editdetail attribution="Reuters BIP Coding Group" action="confirmed" date="1997-07-18"/>
  </code>
</codes>
<dc element="dc.date.created" value="1997-07-18"/>
<dc element="dc.publisher" value="Reuters Holdings Plc"/>
<dc element="dc.date.published" value="1997-07-18"/>
<dc element="dc.source" value="Reuters"/>
<dc element="dc.creator.location" value="CHICAGO"/>
<dc element="dc.creator.location.country.name" value="USA"/>
<dc element="dc.source" value="Reuters"/>
</metadata>
</newsitem>
