<?xml version="1.0" encoding="iso-8859-1" ?>
<newsitem itemid="738127" id="root" date="1997-07-18" xml:lang="en">
<title>USA: TABLE - Northwest Savings Bank Q4 net rises.</title>
<headline>TABLE - Northwest Savings Bank Q4 net rises.</headline>
<dateline>WARREN, Pa. 1997-07-18</dateline>
<text>
<p>CONSOLIDATED STATEMENTS OF INCOME (UNAUDITED)</p>
<p>				(AMOUNTS IN THOUSANDS)</p>
<p>				 THREE MONTHS	 TWELVE MONTHS</p>
<p>				ENDED JUNE 30,  ENDED JUNE 30,</p>
<p>			   1997	 1996	  1997	  1996</p>
<p>INTEREST INCOME</p>
<p> LOANS RECEIVABLE $33,668     $29,843    $127,019    $111,957</p>
<p>MARKETABLE SECURITIES</p>
<p>AND INTEREST-BEARING</p>
<p>  DEPOSITS	    7,104	 6,499	26,499	23,173</p>
<p>TOTAL INTEREST INCOME</p>
<p>			 40,772	36,342     153,518     135,130</p>
<p>INTEREST EXPENSE:</p>
<p> DEPOSITS	    18,864	16,100	72,627	61,661</p>
<p> BORROWED FUNDS     2,629	 2,407	 8,797	 6,976</p>
<p>TOTAL INTEREST EXPENSE</p>
<p>			 21,493	18,507	81,424	68,637</p>
<p>NET INTEREST INCOME</p>
<p>			 19,279	17,835	72,094	66,493</p>
<p>PROVISION FOR POSSIBLE</p>
<p> LOAN LOSSES	  1,306	   917	 2,491	 1,502</p>
<p>NET INTEREST INCOME</p>
<p>AFTER PROVISION</p>
<p>FOR POSSIBLE</p>
<p>  LOAN LOSSES	17,973	16,918	69,603	64,991</p>
<p>NONINTEREST INCOME:</p>
<p>LOAN FEES AND</p>
<p>  SERVICE CHARGES     562	   523	 2,351	 1,952</p>
<p>GAIN ON SALE OF</p>
<p>MARKETABLE SECURITIES</p>
<p>				0	     0	   901	     0</p>
<p>LOSS ON SALE OF LOANS</p>
<p>			   (54)	 (388)	 (420)     (1,022)</p>
<p>GAIN ON SALE OF</p>
<p>  REAL ESTATE OWNED    14	    22	   496	   274</p>
<p>OTHER OPERATING INCOME</p>
<p>			    905	   797	 3,408	 2,921</p>
<p>TOTAL NONINTEREST</p>
<p>   INCOME	     1,427	   954	 6,736	 4,125</p>
<p>NONINTEREST EXPENSES:</p>
<p>COMPENSATION AND</p>
<p>EMPLOYEE BENEFITS</p>
<p>			  6,750	 5,577	25,990	21,756</p>
<p>PREMISES AND</p>
<p>  OCCUPANCY COSTS   1,272	 1,266	 5,163	 4,536</p>
<p>SAIF RECAPITALIZATION</p>
<p>  ASSESSMENT		0	     0	 8,565	     0</p>
<p>AMORTIZATION OF</p>
<p>  INTANGIBLES	   347	   232	 1,381	   560</p>
<p> OTHER EXPENSES     3,526	 4,202	13,104	13,975</p>
<p>TOTAL NONINTEREST</p>
<p>   EXPENSES	  11,895	11,277	54,203	40,827</p>
<p>INCOME BEFORE</p>
<p>   INCOME TAXES     7,505	 6,595	22,136	28,289</p>
<p>STATE AND FEDERAL</p>
<p> INCOME TAXES	 2,469	 2,091	 8,472	10,803</p>
<p>  NET INCOME	  5,036	 4,504   13,664(A)	17,486</p>
<p>EARNINGS PER SHARE</p>
<p>BEFORE SAIF</p>
<p> RECAPITALIZATION    0.22	  0.20	  0.81	  0.77</p>
<p>EARNINGS PER SHARE</p>
<p>AFTER SAIF</p>
<p> RECAPITALIZATION    0.22	  0.20	  0.59	  0.77</p>
<p>ANNUALIZED ROAE</p>
<p>BEFORE SAIF</p>
<p> RECAPITALIZATION  10.31%	 9.52%	 9.80%	 9.48%</p>
<p>ANNUALIZED ROAE</p>
<p>AFTER SAIF</p>
<p> RECAPITALIZATION  10.31%	 9.52%	 7.12%	 9.48%</p>
<p>ANNUALIZED ROAA</p>
<p>BEFORE SAIF</p>
<p> RECAPITALIZATION   0.99%	 1.00%	 0.96%	 1.05%</p>
<p>ANNUALIZED ROAA</p>
<p>AFTER SAIF</p>
<p> RECAPITALIZATION   0.99%	 1.00%	 0.70%	 1.05%</p>
<p>COMMON STOCK AND</p>
<p>STOCK EQUIVALENTS</p>
<p>		   23,356,697  23,043,797  23,175,127  22,856,329</p>
<p>(A) Without the one-time SAIF recapitalization net income would have been approximately $18.8 million or $.81 cents per share for the year ended June 30, 1997. SOURCE  Northwest Savings Bank</p>
<p>-- New York Newsdesk 212 859-1610</p>
</text>
<copyright>(c) Reuters Limited 1997</copyright>
<metadata>
<codes class="bip:countries:1.0">
  <code code="USA">
    <editdetail attribution="Reuters BIP Coding Group" action="confirmed" date="1997-07-18"/>
  </code>
</codes>
<codes class="bip:industries:1.0">
  <code code="I81402">
    <editdetail attribution="Reuters BIP Coding Group" action="confirmed" date="1997-07-18"/>
  </code>
</codes>
<codes class="bip:topics:1.0">
  <code code="C15">
    <editdetail attribution="Reuters BIP Coding Group" action="confirmed" date="1997-07-18"/>
  </code>
  <code code="C151">
    <editdetail attribution="Reuters BIP Coding Group" action="confirmed" date="1997-07-18"/>
  </code>
  <code code="C1511">
    <editdetail attribution="Reuters BIP Coding Group" action="confirmed" date="1997-07-18"/>
  </code>
  <code code="CCAT">
    <editdetail attribution="Reuters BIP Coding Group" action="confirmed" date="1997-07-18"/>
  </code>
</codes>
<dc element="dc.date.created" value="1997-07-18"/>
<dc element="dc.publisher" value="Reuters Holdings Plc"/>
<dc element="dc.date.published" value="1997-07-18"/>
<dc element="dc.source" value="Reuters"/>
<dc element="dc.creator.location" value="WARREN, Pa."/>
<dc element="dc.creator.location.country.name" value="USA"/>
<dc element="dc.source" value="Reuters"/>
</metadata>
</newsitem>
