<?xml version="1.0" encoding="iso-8859-1" ?>
<newsitem itemid="738109" id="root" date="1997-07-18" xml:lang="en">
<title>USA: TABLE-UnionBancorp Inc Q2 net up.</title>
<headline>TABLE-UnionBancorp Inc Q2 net up.</headline>
<dateline>OTTAWA, Ill. 1997-07-18</dateline>
<text>
<p>1997			1996</p>
<p> Shr			  $0.28		    $0.23</p>
<p> Net			  1,231			490</p>
<p> Net int. income	  5,465		    2,747</p>
<p> Nonint. income	   1,115			660</p>
<p> Loan loss prov	     316			325</p>
<p> Total assets	   617,271		  296,605</p>
<p> Avg shrs		   4,148		    2,175</p>
<p>	   6 MONTHS</p>
<p> Shr			  $0.54		    $0.51</p>
<p> Net			  2,368		    1,111</p>
<p> Net int. income	 10,696		    5,428</p>
<p> Nonint. income	   2,291		    1,324</p>
<p> Loan loss prov	     473			500</p>
<p> Total assets	   617,271		  296,605</p>
<p> Avg shrs		   4,148		    2,169</p>
<p>(All data above 000s except per share numbers.)</p>
<p>((--Chicago Newsdesk 312-408-8787))</p>
</text>
<copyright>(c) Reuters Limited 1997</copyright>
<metadata>
<codes class="bip:countries:1.0">
  <code code="USA">
    <editdetail attribution="Reuters BIP Coding Group" action="confirmed" date="1997-07-18"/>
  </code>
</codes>
<codes class="bip:topics:1.0">
  <code code="C15">
    <editdetail attribution="Reuters BIP Coding Group" action="confirmed" date="1997-07-18"/>
  </code>
  <code code="C151">
    <editdetail attribution="Reuters BIP Coding Group" action="confirmed" date="1997-07-18"/>
  </code>
  <code code="CCAT">
    <editdetail attribution="Reuters BIP Coding Group" action="confirmed" date="1997-07-18"/>
  </code>
</codes>
<dc element="dc.date.created" value="1997-07-18"/>
<dc element="dc.publisher" value="Reuters Holdings Plc"/>
<dc element="dc.date.published" value="1997-07-18"/>
<dc element="dc.source" value="Reuters"/>
<dc element="dc.creator.location" value="OTTAWA, Ill."/>
<dc element="dc.creator.location.country.name" value="USA"/>
<dc element="dc.source" value="Reuters"/>
</metadata>
</newsitem>
