<?xml version="1.0" encoding="iso-8859-1" ?>
<newsitem itemid="738192" id="root" date="1997-07-18" xml:lang="en">
<title>USA: Telebras signs global telecom pact.</title>
<headline>Telebras signs global telecom pact.</headline>
<dateline>NEW YORK 1997-07-18</dateline>
<text>
<p>Brazilian telephone holding Telebras SA said Friday it signed agreements to provide global telecommunications services with Concert Communications Services and WorldPartners on July 14.</p>
<p>Telebras also said it did not plan to change its basic service tariffs. It added it would consider rate changes only after the company's monopoly in Brazil ends and competitive factors would make a modification necessary.  </p>
<p>Telebras and its partners will provide international services for multinational corporations' intra-company communications under the agreements, the company said.</p>
<p>Telebras said MCI Communications Corp and British Telecommunications Plc have stakes in Concert, while ATT, Singapore Telecommunications Ltd and 15 other companies have interests in WorldPartners.  </p>
<p>Telebras said the agreements aim to service foreign multinational companies operating in Brazil and Brazilian companies abroad and give the company the exclusive right to offer Concert's and WorldPartners services in Brazil, including existing contracts.</p>
<p>It added the services will have a global scope; single point for hiring, project development, operations management and payment; end-to-end management; standardized performance with consistent quality level; and a high degree of technological integration in voice, image and data.  </p>
<p>Telebras said it believes the agreements will strengthen the company and expects them to provide &quot;positive economic results.&quot;</p>
<p>It added that it expected data communications services revenues to increase because of wider access to markets.</p>
<p>Nevertheless, investors battered Telebras stock Friday, sending its American Depositary Receips shares down as low as 123-1/2 from Thursday's close of 136. The shares traded at 128-7/8 in the late afternoon, down 7-1/8 and far off its recent 52-week high of 169-1/4.</p>
</text>
<copyright>(c) Reuters Limited 1997</copyright>
<metadata>
<codes class="bip:countries:1.0">
  <code code="BRAZ">
    <editdetail attribution="Reuters BIP Coding Group" action="confirmed" date="1997-07-18"/>
  </code>
  <code code="USA">
    <editdetail attribution="Reuters BIP Coding Group" action="confirmed" date="1997-07-18"/>
  </code>
</codes>
<codes class="bip:industries:1.0">
  <code code="I79020">
    <editdetail attribution="Reuters BIP Coding Group" action="confirmed" date="1997-07-18"/>
  </code>
</codes>
<codes class="bip:topics:1.0">
  <code code="C33">
    <editdetail attribution="Reuters BIP Coding Group" action="confirmed" date="1997-07-18"/>
  </code>
  <code code="CCAT">
    <editdetail attribution="Reuters BIP Coding Group" action="confirmed" date="1997-07-18"/>
  </code>
</codes>
<dc element="dc.date.created" value="1997-07-18"/>
<dc element="dc.publisher" value="Reuters Holdings Plc"/>
<dc element="dc.date.published" value="1997-07-18"/>
<dc element="dc.source" value="Reuters"/>
<dc element="dc.creator.location" value="NEW YORK"/>
<dc element="dc.creator.location.country.name" value="USA"/>
<dc element="dc.source" value="Reuters"/>
</metadata>
</newsitem>
