<?xml version="1.0" encoding="iso-8859-1" ?>
<newsitem itemid="738179" id="root" date="1997-07-18" xml:lang="en">
<title>USA: Continental Information names executives.</title>
<headline>Continental Information names executives.</headline>
<dateline>NEW YORK 1997-07-18</dateline>
<text>
<p>Continental Information Systems Corp said Friday it appointed Michael Rosen, a director of the company, as president and chief executive.</p>
<p>The company also named Jonah Meer chief operating officer and chief financial officer.</p>
<p>Rosen is chief executive of Oscar Gruss &amp; Son Inc, a broker-dealer in New York and is to remain in that post, the company said. Oscar Gruss is a major Continental shareholder.</p>
<p>The former president and chief executive, Thomas Prinzing, has returned to running the company's aircraft subsidiary, CIS Air Group, on a full-time basis.</p>
<p>The company could not immediately be reached for comment.</p>
<p>((-- New York Newsdesk 212-859-1610))</p>
</text>
<copyright>(c) Reuters Limited 1997</copyright>
<metadata>
<codes class="bip:countries:1.0">
  <code code="USA">
    <editdetail attribution="Reuters BIP Coding Group" action="confirmed" date="1997-07-18"/>
  </code>
</codes>
<codes class="bip:topics:1.0">
  <code code="C41">
    <editdetail attribution="Reuters BIP Coding Group" action="confirmed" date="1997-07-18"/>
  </code>
  <code code="C411">
    <editdetail attribution="Reuters BIP Coding Group" action="confirmed" date="1997-07-18"/>
  </code>
  <code code="CCAT">
    <editdetail attribution="Reuters BIP Coding Group" action="confirmed" date="1997-07-18"/>
  </code>
</codes>
<dc element="dc.date.created" value="1997-07-18"/>
<dc element="dc.publisher" value="Reuters Holdings Plc"/>
<dc element="dc.date.published" value="1997-07-18"/>
<dc element="dc.source" value="Reuters"/>
<dc element="dc.creator.location" value="NEW YORK"/>
<dc element="dc.creator.location.country.name" value="USA"/>
<dc element="dc.source" value="Reuters"/>
</metadata>
</newsitem>
