<?xml version="1.0" encoding="iso-8859-1" ?>
<newsitem itemid="738103" id="root" date="1997-07-18" xml:lang="en">
<title>USA: U.S. spot resids steady to up again, NYH firms.</title>
<headline>U.S. spot resids steady to up again, NYH firms.</headline>
<dateline>NEW YORK 1997-07-18</dateline>
<text>
<p>U.S. spot residual fuel prices were unchanged to slightly higher again Friday in thin trade, with sweltering heat still gripping the East and raising prospects for better utility demand, sources said.</p>
<p>&quot;There hasn't been a lot of actual oil moving yet, but with the heat, utilities eventually will have to buy,&quot; said one cash trader, noting East Coast temperatures were expected to warm again next week after a brief cool down over the weekend.</p>
<p>In New York Harbor, physical one percent was quoted a dime higher at about $17.25 a barrel, with August one percent paper little changed at about $17 despite slumping crude.</p>
<p>NYH 0.3 percent high pour also inched up slightly to $18.25 on expectations for better utility demand from the heat.</p>
<p>High sulphurs in New York were steady to modestly higher, with 2.2 percent now talked near $15.50.</p>
<p>At the U.S. Gulf, prices again were stable, with one percent still in the low-$16s and three percent at $14.50-75.</p>
<p>No NYH or USG deals were reported.</p>
<p>New York city gate weekend gas slipped five cents Friday to the mid-$2.50s/mmBtu, or $16.07 a barrel equivalent. Gas at Henry Hub, the NYMEX delivery point, was three cents lower at $2.25/mmBtu, or $14.18 a barrel.</p>
<p>((--J Silha, New York Power Desk 212-859-1624))</p>
</text>
<copyright>(c) Reuters Limited 1997</copyright>
<metadata>
<codes class="bip:countries:1.0">
  <code code="USA">
    <editdetail attribution="Reuters BIP Coding Group" action="confirmed" date="1997-07-18"/>
  </code>
</codes>
<codes class="bip:topics:1.0">
  <code code="M14">
    <editdetail attribution="Reuters BIP Coding Group" action="confirmed" date="1997-07-18"/>
  </code>
  <code code="M143">
    <editdetail attribution="Reuters BIP Coding Group" action="confirmed" date="1997-07-18"/>
  </code>
  <code code="MCAT">
    <editdetail attribution="Reuters BIP Coding Group" action="confirmed" date="1997-07-18"/>
  </code>
</codes>
<dc element="dc.date.created" value="1997-07-18"/>
<dc element="dc.publisher" value="Reuters Holdings Plc"/>
<dc element="dc.date.published" value="1997-07-18"/>
<dc element="dc.source" value="Reuters"/>
<dc element="dc.creator.location" value="NEW YORK"/>
<dc element="dc.creator.location.country.name" value="USA"/>
<dc element="dc.source" value="Reuters"/>
</metadata>
</newsitem>
