<?xml version="1.0" encoding="iso-8859-1" ?>
<newsitem itemid="738115" id="root" date="1997-07-18" xml:lang="en">
<title>USA: Reptron files to offer $100 mln notes.</title>
<headline>Reptron files to offer $100 mln notes.</headline>
<dateline>TAMPA, Fla 1997-07-18</dateline>
<text>
<p>Reptron Electronics Inc said Friday it had filed a registration with the Securities and Exchange Commission for a public offering of $100 million of convertible subordinated notes due August 1, 2004.</p>
<p>The notes are convertible into shares of the company's common stock at any time before maturity, unless the company redeems or repurchases them.</p>
<p>Raymond James &amp; Associates Inc will be the lead managing underwriter for the offering with Forum Capital Markets L.P. serving as co-manager.</p>
<p>Reptron said it will grant the underwriters an option to buy up to $15 million added principal amount of notes to cover any over-allotments,</p>
<p>Reptron is an integrated electronics company that provides value-added distribution of electronic components and targeted contract manufacturing services through its two divisions.</p>
<p>The company's distribution division sells semiconductors, passive products, and electromechanical components.  Its contract manufacturing division focuses on complex circuit board assembly with low to medium volume production requirements.</p>
</text>
<copyright>(c) Reuters Limited 1997</copyright>
<metadata>
<codes class="bip:countries:1.0">
  <code code="USA">
    <editdetail attribution="Reuters BIP Coding Group" action="confirmed" date="1997-07-18"/>
  </code>
</codes>
<codes class="bip:industries:1.0">
  <code code="I34000">
    <editdetail attribution="Reuters BIP Coding Group" action="confirmed" date="1997-07-18"/>
  </code>
</codes>
<codes class="bip:topics:1.0">
  <code code="C13">
    <editdetail attribution="Reuters BIP Coding Group" action="confirmed" date="1997-07-18"/>
  </code>
  <code code="C17">
    <editdetail attribution="Reuters BIP Coding Group" action="confirmed" date="1997-07-18"/>
  </code>
  <code code="C172">
    <editdetail attribution="Reuters BIP Coding Group" action="confirmed" date="1997-07-18"/>
  </code>
  <code code="CCAT">
    <editdetail attribution="Reuters BIP Coding Group" action="confirmed" date="1997-07-18"/>
  </code>
</codes>
<dc element="dc.date.created" value="1997-07-18"/>
<dc element="dc.publisher" value="Reuters Holdings Plc"/>
<dc element="dc.date.published" value="1997-07-18"/>
<dc element="dc.source" value="Reuters"/>
<dc element="dc.creator.location" value="TAMPA, Fla"/>
<dc element="dc.creator.location.country.name" value="USA"/>
<dc element="dc.source" value="Reuters"/>
</metadata>
</newsitem>
