<?xml version="1.0" encoding="iso-8859-1" ?>
<newsitem itemid="738139" id="root" date="1997-07-18" xml:lang="en">
<title>USA: Texas Regional Q2 shr $0.62 before charge.</title>
<headline>Texas Regional Q2 shr $0.62 before charge.</headline>
<dateline>MCALLEN, Texas 1997-07-18</dateline>
<text>
<p>Period ended June 30, 1997		  1996</p>
<p> Shr		 $0.58		    $0.49</p>
<p> Net income	5,111		    3,677</p>
<p> Interest income 25,229		   18,219</p>
<p> Loan loss prov  13,896		   10,263</p>
<p> Avg shrs	  8,708		    8,706</p>
<p>	  SIX MONTHS</p>
<p> Shr		 $1.17		    $0.90</p>
<p> Net income	10,354		   6,231</p>
<p> Interest income 49,370		   31,189</p>
<p> Loan loss prov  1,076		    777</p>
<p> Avg shrs	  8,708		    8,706</p>
<p>(All data above 000s except per share numbers)</p>
<p>NOTE: Company's full name is Texas Regional Bancshares Inc.</p>
<p>Total assets on June 30, 1997, were $1.278 billion.</p>
<p>Second quarter earnings for 1997 were $0.62 per share before a one-time charge of $630,000, or $0.04 per share, related to the construction of a new headquarteres building.</p>
</text>
<copyright>(c) Reuters Limited 1997</copyright>
<metadata>
<codes class="bip:countries:1.0">
  <code code="USA">
    <editdetail attribution="Reuters BIP Coding Group" action="confirmed" date="1997-07-18"/>
  </code>
</codes>
<codes class="bip:industries:1.0">
  <code code="I81402">
    <editdetail attribution="Reuters BIP Coding Group" action="confirmed" date="1997-07-18"/>
  </code>
</codes>
<codes class="bip:topics:1.0">
  <code code="C15">
    <editdetail attribution="Reuters BIP Coding Group" action="confirmed" date="1997-07-18"/>
  </code>
  <code code="C151">
    <editdetail attribution="Reuters BIP Coding Group" action="confirmed" date="1997-07-18"/>
  </code>
  <code code="CCAT">
    <editdetail attribution="Reuters BIP Coding Group" action="confirmed" date="1997-07-18"/>
  </code>
</codes>
<dc element="dc.date.created" value="1997-07-18"/>
<dc element="dc.publisher" value="Reuters Holdings Plc"/>
<dc element="dc.date.published" value="1997-07-18"/>
<dc element="dc.source" value="Reuters"/>
<dc element="dc.creator.location" value="MCALLEN, Texas"/>
<dc element="dc.creator.location.country.name" value="USA"/>
<dc element="dc.source" value="Reuters"/>
</metadata>
</newsitem>
