<?xml version="1.0" encoding="iso-8859-1" ?>
<newsitem itemid="738151" id="root" date="1997-07-18" xml:lang="en">
<title>USA: TABLE - Sterling Electronics Q1 net falls.</title>
<headline>TABLE - Sterling Electronics Q1 net falls.</headline>
<dateline>HOUSTON 1997-07-18</dateline>
<text>
<p>1997			1996</p>
<p> Shr			  $0.21		    $0.32</p>
<p> Net			  1,490		    2,391</p>
<p> Revs			94,842		   82,123</p>
<p>	 (All Data Above 000s Except Per Share Numbers)</p>
<p>NOTE: Current Q1 ended June 30, 1997 is the company's first quarter of fiscal 1998.</p>
</text>
<copyright>(c) Reuters Limited 1997</copyright>
<metadata>
<codes class="bip:countries:1.0">
  <code code="USA">
    <editdetail attribution="Reuters BIP Coding Group" action="confirmed" date="1997-07-18"/>
  </code>
</codes>
<codes class="bip:topics:1.0">
  <code code="C15">
    <editdetail attribution="Reuters BIP Coding Group" action="confirmed" date="1997-07-18"/>
  </code>
  <code code="C151">
    <editdetail attribution="Reuters BIP Coding Group" action="confirmed" date="1997-07-18"/>
  </code>
  <code code="CCAT">
    <editdetail attribution="Reuters BIP Coding Group" action="confirmed" date="1997-07-18"/>
  </code>
</codes>
<dc element="dc.date.created" value="1997-07-18"/>
<dc element="dc.publisher" value="Reuters Holdings Plc"/>
<dc element="dc.date.published" value="1997-07-18"/>
<dc element="dc.source" value="Reuters"/>
<dc element="dc.creator.location" value="HOUSTON"/>
<dc element="dc.creator.location.country.name" value="USA"/>
<dc element="dc.source" value="Reuters"/>
</metadata>
</newsitem>
