<?xml version="1.0" encoding="iso-8859-1" ?>
<newsitem itemid="738217" id="root" date="1997-07-18" xml:lang="en">
<title>USA: Korea Electric files $600 mln shelf.</title>
<headline>Korea Electric files $600 mln shelf.</headline>
<dateline>WASHINGTON 1997-07-18</dateline>
<text>
<p>Korea Electric Power Corp filed Friday with the U.S. Securities and Exchange Commission to register a shelf offering of up to $600 million in debt securities.</p>
<p>Proceeds from the sale will be used for general corporate purposes including capital expenditures, debt refinancing and overseas investments.</p>
<p>No underwriters were named in the shelf offering.</p>
</text>
<copyright>(c) Reuters Limited 1997</copyright>
<metadata>
<codes class="bip:countries:1.0">
  <code code="USA">
    <editdetail attribution="Reuters BIP Coding Group" action="confirmed" date="1997-07-18"/>
  </code>
</codes>
<codes class="bip:industries:1.0">
  <code code="I16100">
    <editdetail attribution="Reuters BIP Coding Group" action="confirmed" date="1997-07-18"/>
  </code>
</codes>
<codes class="bip:topics:1.0">
  <code code="C17">
    <editdetail attribution="Reuters BIP Coding Group" action="confirmed" date="1997-07-18"/>
  </code>
  <code code="C172">
    <editdetail attribution="Reuters BIP Coding Group" action="confirmed" date="1997-07-18"/>
  </code>
  <code code="CCAT">
    <editdetail attribution="Reuters BIP Coding Group" action="confirmed" date="1997-07-18"/>
  </code>
</codes>
<dc element="dc.date.created" value="1997-07-18"/>
<dc element="dc.publisher" value="Reuters Holdings Plc"/>
<dc element="dc.date.published" value="1997-07-18"/>
<dc element="dc.source" value="Reuters"/>
<dc element="dc.creator.location" value="WASHINGTON"/>
<dc element="dc.creator.location.country.name" value="USA"/>
<dc element="dc.source" value="Reuters"/>
</metadata>
</newsitem>
