<?xml version="1.0" encoding="iso-8859-1" ?>
<newsitem itemid="738284" id="root" date="1997-07-18" xml:lang="en">
<title>USA: Pennsylvania Savings in conversion plan.</title>
<headline>Pennsylvania Savings in conversion plan.</headline>
<dateline>NEW YORK 1997-07-18</dateline>
<text>
<p>Pennsylvania Savings Bank said Friday it had entered into an agreement with PSB Mutual Holding Co to dissolve the mutual fund and form a new holding company.</p>
<p>The bank said in a statement the boards of directors of both entities each had adopted a conversion plan from mutual holding to stock holding.</p>
<p>It said the mutual fund owned 51 percent of the bank, while depositors held about 46 percent.  </p>
<p>The bank said the plan will convert the mutual fund into stock form and create a holding company that will offer stock to the bank's depositors as of June 30, 1996.</p>
<p>Shareholders will exchange their share in the bank for stock in the new holding company at an exchange rate that will maintain their current percentage ownership, it added.</p>
<p>&quot;The amount of stock that will be sold and the exchange ratio will be determined based upon an independent appraisal of Pennsylvania Savings Bank that has not yet been performed,&quot; it said.</p>
<p>The bank said Jerome Davis, who owns 9.3 percent of the bank, had agreed not to purchase additional stock and vote in favor of the plan.</p>
<p>&quot;Execution of the agreement and the contemporaneous adoption of the Plan satisfies the objectives of all parties and has resulted in a settlement of the previously reported differences between Mr. Davis and the Bank,&quot; it said.</p>
<p>The bank's stock was trading 1/4 higher at 14-3/4 early Friday.</p>
</text>
<copyright>(c) Reuters Limited 1997</copyright>
<metadata>
<codes class="bip:countries:1.0">
  <code code="USA">
    <editdetail attribution="Reuters BIP Coding Group" action="confirmed" date="1997-07-18"/>
  </code>
</codes>
<codes class="bip:topics:1.0">
  <code code="C11">
    <editdetail attribution="Reuters BIP Coding Group" action="confirmed" date="1997-07-18"/>
  </code>
  <code code="C17">
    <editdetail attribution="Reuters BIP Coding Group" action="confirmed" date="1997-07-18"/>
  </code>
  <code code="C171">
    <editdetail attribution="Reuters BIP Coding Group" action="confirmed" date="1997-07-18"/>
  </code>
  <code code="CCAT">
    <editdetail attribution="Reuters BIP Coding Group" action="confirmed" date="1997-07-18"/>
  </code>
</codes>
<dc element="dc.date.created" value="1997-07-18"/>
<dc element="dc.publisher" value="Reuters Holdings Plc"/>
<dc element="dc.date.published" value="1997-07-18"/>
<dc element="dc.source" value="Reuters"/>
<dc element="dc.creator.location" value="NEW YORK"/>
<dc element="dc.creator.location.country.name" value="USA"/>
<dc element="dc.source" value="Reuters"/>
</metadata>
</newsitem>
