<?xml version="1.0" encoding="iso-8859-1" ?>
<newsitem itemid="738298" id="root" date="1997-07-18" xml:lang="en">
<title>USA: TABLE - Anergen Inc Q2 results.</title>
<headline>TABLE - Anergen Inc Q2 results.</headline>
<dateline>REDWOOD CITY, Calif. 1997-07-18</dateline>
<text>
<p>Anergen, Inc.</p>
<p>				Selected Financial Data</p>
<p>			(In thousands except per share data)</p>
<p>				 (unaudited)</p>
<p>Operations data</p>
<p>				 Three Months Ended  Six Months Ended</p>
<p>						  June 30,    June 30,</p>
<p>					 1997	1996    1997    1996</p>
<p>Revenues:</p>
<p>   Contract revenues	  $  1,354 $    639$  3,162$  1,422</p>
<p>   Interest income		   117	120     299     259</p>
<p>					 1,471	759   3,461   1,681</p>
<p>Expenses:</p>
<p>   Research and development    2,822    1,945   5,709   3,840</p>
<p>   General and administrative    709	556   1,593   1,059</p>
<p>   Interest expense		   61	 44     104	99</p>
<p>					 3,592    2,545   7,406   4,998</p>
<p> Net loss			  (2,121)  (1,786) (3,945) (3,317)</p>
<p> Net loss per share	     (0.11)   (0.12)  (0.21)  (0.22)</p>
<p>Shares used in calculating</p>
<p>  per share data		  18,819   15,064  18,819  15,024</p>
<p>Balance sheet data</p>
<p>						    Jun 30,	 Dec 31,</p>
<p>							 1997	    1996</p>
<p>						 (Unaudited)</p>
<p>Cash, cash equivalents &amp;</p>
<p>  short-term investments		   $ 11,433	$ 16,400</p>
<p> Accounts receivable			    1,902	     320</p>
<p> Working capital				 11,002	  14,874</p>
<p> Total assets				    15,314	  18,423</p>
<p> Total liabilities				3,154	   2,420</p>
<p> Shareholders' equity			  12,160	  16,003</p>
</text>
<copyright>(c) Reuters Limited 1997</copyright>
<metadata>
<codes class="bip:countries:1.0">
  <code code="USA">
    <editdetail attribution="Reuters BIP Coding Group" action="confirmed" date="1997-07-18"/>
  </code>
</codes>
<codes class="bip:industries:1.0">
  <code code="I25700">
    <editdetail attribution="Reuters BIP Coding Group" action="confirmed" date="1997-07-18"/>
  </code>
</codes>
<codes class="bip:topics:1.0">
  <code code="C15">
    <editdetail attribution="Reuters BIP Coding Group" action="confirmed" date="1997-07-18"/>
  </code>
  <code code="C151">
    <editdetail attribution="Reuters BIP Coding Group" action="confirmed" date="1997-07-18"/>
  </code>
  <code code="CCAT">
    <editdetail attribution="Reuters BIP Coding Group" action="confirmed" date="1997-07-18"/>
  </code>
</codes>
<dc element="dc.date.created" value="1997-07-18"/>
<dc element="dc.publisher" value="Reuters Holdings Plc"/>
<dc element="dc.date.published" value="1997-07-18"/>
<dc element="dc.source" value="Reuters"/>
<dc element="dc.creator.location" value="REDWOOD CITY, Calif."/>
<dc element="dc.creator.location.country.name" value="USA"/>
<dc element="dc.source" value="Reuters"/>
</metadata>
</newsitem>
