<?xml version="1.0" encoding="iso-8859-1" ?>
<newsitem itemid="738280" id="root" date="1997-07-18" xml:lang="en">
<title>USA: RESEARCH ALERT - Promus lowered on price.</title>
<headline>RESEARCH ALERT - Promus lowered on price.</headline>
<dateline>NEW YORK 1997-07-18</dateline>
<text>
<p>Salomon Brothers said analyst Bruce Turner downgraded Promus Hotel Corp to buy from strong buy due to the stock's recent price appreciation.</p>
<p>-- said the company's second quarter earnings of $0.42 beat analysts's estimate of $0.39.</p>
<p>-- the stock was off 12/16 to 39-3/16.</p>
</text>
<copyright>(c) Reuters Limited 1997</copyright>
<metadata>
<codes class="bip:countries:1.0">
  <code code="USA">
    <editdetail attribution="Reuters BIP Coding Group" action="confirmed" date="1997-07-18"/>
  </code>
</codes>
<codes class="bip:industries:1.0">
  <code code="I66500">
    <editdetail attribution="Reuters BIP Coding Group" action="confirmed" date="1997-07-18"/>
  </code>
</codes>
<codes class="bip:topics:1.0">
  <code code="C15">
    <editdetail attribution="Reuters BIP Coding Group" action="confirmed" date="1997-07-18"/>
  </code>
  <code code="C152">
    <editdetail attribution="Reuters BIP Coding Group" action="confirmed" date="1997-07-18"/>
  </code>
  <code code="CCAT">
    <editdetail attribution="Reuters BIP Coding Group" action="confirmed" date="1997-07-18"/>
  </code>
</codes>
<dc element="dc.date.created" value="1997-07-18"/>
<dc element="dc.publisher" value="Reuters Holdings Plc"/>
<dc element="dc.date.published" value="1997-07-18"/>
<dc element="dc.source" value="Reuters"/>
<dc element="dc.creator.location" value="NEW YORK"/>
<dc element="dc.creator.location.country.name" value="USA"/>
<dc element="dc.source" value="Reuters"/>
</metadata>
</newsitem>
