<?xml version="1.0" encoding="iso-8859-1" ?>
<newsitem itemid="738293" id="root" date="1997-07-18" xml:lang="en">
<title>USA: TABLE - American Materials &amp; Technologies.</title>
<headline>TABLE - American Materials &amp; Technologies.</headline>
<text>
<p>LOS ANGELES, July 18 (Reuter)</p>
<p>	   THE AMERICAN MATERIALS &amp; TECHNOLOGIES CORPORATION</p>
<p>	   CONDENSED CONSOLIDATED STATEMENTS OF OPERATIONS</p>
<p>			  (in thousands, except per share data)</p>
<p>				  Three Months Ended  Six Months Ended</p>
<p>					   June 30,	     June 30,</p>
<p>				   1997	1996	1997	1996</p>
<p>Net Sales		     $9,396    $5,418   $16,548   $10,669</p>
<p>Costs and Expenses</p>
<p>	 Materials	     3,877     2,769     7,261     5,200</p>
<p>	 Fixed and variable</p>
<p>	   manufacturing     2,524     1,395     4,293     2,748</p>
<p>	 Selling, general and</p>
<p>	   administrative    2,154	 774     3,587     1,600</p>
<p>	 Research and development</p>
<p>				     373	 107	 666	 201</p>
<p>				   8,928     5,045    15,807     9,749</p>
<p>     Income from Operations  468	 373	 741	 920</p>
<p>Other income (expense)</p>
<p>	 Interest income	  --	  --	  81	  --</p>
<p>	 Interest (expense)  (160)     (183)     (244)     (350)</p>
<p>	 Royalty and other    145	  --	  --	  --</p>
<p>	 Minority interest     33	  --	 103	  --</p>
<p>     Income before taxes    486	 190	 826	 550</p>
<p>Provision for income taxes</p>
<p>					53	  51	 119	 165</p>
<p>     Net income		 $433	$139	$707	$385</p>
<p>Net income per common and</p>
<p>common equivalent share</p>
<p>				    $.10	$.07	$.16	$.20</p>
<p>Weighted average common and common</p>
<p>equivalent shares outstanding</p>
<p>				   4,555     1,904     4,555     1,904</p>
</text>
<copyright>(c) Reuters Limited 1997</copyright>
<metadata>
<codes class="bip:countries:1.0">
  <code code="USA">
    <editdetail attribution="Reuters BIP Coding Group" action="confirmed" date="1997-07-18"/>
  </code>
</codes>
<codes class="bip:industries:1.0">
  <code code="I25670">
    <editdetail attribution="Reuters BIP Coding Group" action="confirmed" date="1997-07-18"/>
  </code>
</codes>
<codes class="bip:topics:1.0">
  <code code="C15">
    <editdetail attribution="Reuters BIP Coding Group" action="confirmed" date="1997-07-18"/>
  </code>
  <code code="C151">
    <editdetail attribution="Reuters BIP Coding Group" action="confirmed" date="1997-07-18"/>
  </code>
  <code code="CCAT">
    <editdetail attribution="Reuters BIP Coding Group" action="confirmed" date="1997-07-18"/>
  </code>
</codes>
<dc element="dc.publisher" value="Reuters Holdings Plc"/>
<dc element="dc.date.published" value="1997-07-18"/>
<dc element="dc.source" value="Reuters"/>
<dc element="dc.creator.location.country.name" value="USA"/>
<dc element="dc.source" value="Reuters"/>
</metadata>
</newsitem>
