<?xml version="1.0" encoding="iso-8859-1" ?>
<newsitem itemid="738227" id="root" date="1997-07-18" xml:lang="en">
<title>USA: TABLE - Fleming Cos sells 144a notes.</title>
<headline>TABLE - Fleming Cos sells 144a notes.</headline>
<dateline>NEW YORK 1997-07-18</dateline>
<text>
<p>The following two-tranche 144a debt issue from Fleming Cos Inc was priced Friday via lead manager Bear, Stearns &amp; Co Inc, according to a market source.</p>
<p>Fleming Cos, supplies food, and other products to more</p>
<p>than 3,100 supermarkets in 42 states.</p>
<p>BORROWER</p>
<p>AMT $250 MLN	 COUPON 10.50 PCT  MATURITY 12/1/2004</p>
<p>TYPE SNR SUB NOTES ISS PRICE 99.419  FIRST PAY DATE 12/1/1997</p>
<p>LAST MOODY'S B3    YIELD 10.61 PCT   PAY FREQ  QUARTERLY</p>
<p>LAST S&amp;P B-PLUS    SPREAD +437.5 BPS CALLABLE  NON-CALL FOUR</p>
<p>NOTE: The notes have a three-year equity call for 35 percent</p>
<p>of the issue at 110.50.</p>
<p>AMT $250 MLN	 COUPON 10.625 PCT MATURITY 7/31/2007</p>
<p>TYPE SNR SUB NOTES ISS PRICE 99.361  FIRST PAY DATE 1/31/1998</p>
<p>LAST MOODY'S B3    YIELD 10.73 PCT   PAY FREQ  SEMI-ANNUAL</p>
<p>LAST S&amp;P B-PLUS    SPREAD +450 BPS   CALLABLE  NON-CALL FIVE</p>
<p>NOTE: The notes have a three-year equity for 35 percent of the</p>
<p>issue at 110.625.</p>
<p>((U.S. Corporate Bond Unit, 212-859-1678))</p>
</text>
<copyright>(c) Reuters Limited 1997</copyright>
<metadata>
<codes class="bip:countries:1.0">
  <code code="USA">
    <editdetail attribution="Reuters BIP Coding Group" action="confirmed" date="1997-07-18"/>
  </code>
</codes>
<codes class="bip:industries:1.0">
  <code code="I61000">
    <editdetail attribution="Reuters BIP Coding Group" action="confirmed" date="1997-07-18"/>
  </code>
</codes>
<codes class="bip:topics:1.0">
  <code code="C17">
    <editdetail attribution="Reuters BIP Coding Group" action="confirmed" date="1997-07-18"/>
  </code>
  <code code="C172">
    <editdetail attribution="Reuters BIP Coding Group" action="confirmed" date="1997-07-18"/>
  </code>
  <code code="CCAT">
    <editdetail attribution="Reuters BIP Coding Group" action="confirmed" date="1997-07-18"/>
  </code>
</codes>
<dc element="dc.date.created" value="1997-07-18"/>
<dc element="dc.publisher" value="Reuters Holdings Plc"/>
<dc element="dc.date.published" value="1997-07-18"/>
<dc element="dc.source" value="Reuters"/>
<dc element="dc.creator.location" value="NEW YORK"/>
<dc element="dc.creator.location.country.name" value="USA"/>
<dc element="dc.source" value="Reuters"/>
</metadata>
</newsitem>
