<?xml version="1.0" encoding="iso-8859-1" ?>
<newsitem itemid="738363" id="root" date="1997-07-18" xml:lang="en">
<title>GERMANY: SOCCER-MAJOR CLOSE-SEASON TRANSFERS INVOLVING GERMAN CLUBS.</title>
<headline>SOCCER-MAJOR CLOSE-SEASON TRANSFERS INVOLVING GERMAN CLUBS.</headline>
<dateline>BONN 1997-07-18</dateline>
<text>
<p>The following major transfers have</p>
<p>involved German Bundesliga clubs during the close season to</p>
<p>date:</p>
<p>			 Player		 From/To	     Fee</p>
<p>Bayern Munich</p>
<p> In:		   Giovane Elber	VfB Stuttgart     $6.9m</p>
<p>			 Bixente Lizarazu   Athletic Bilbao   $6.3m</p>
<p>			 Michael Tarnat     Karlsruhe	   $2.6m</p>
<p>			 Thorsten Fink	Karlsruhe	   $3.00m</p>
<p>			 Dennis Grassow     Unteraching	  free</p>
<p> Out:		  Juergen Klinsmann  Sampdoria	    free</p>
<p>			 Christian Ziege    AC Milan	    $5.9m</p>
<p>			 Oliver Kreuzer     FC Basel	    $440,000</p>
<p>			 Marcel Witeczek    Moenchengladbach   free</p>
<p>Bayer Leverkusen </p>
<p> In:		   Dirk Lottner	 Fortuna Cologne</p>
<p>$275,000</p>
<p>			 Stefan Beinlich    Hansa Rostock	$3.63m</p>
<p>			 Emerson		Gremio		 $4.4m</p>
<p>			 Joerg Schmadtke    SC Freiburg	  free</p>
<p> Out:		  Paulo Sergio	 AS Roma		$3.8m</p>
<p>			 Mike Rietpietsch   Duesseldorf	  free</p>
<p>			 Lars Leese	   Barnsley</p>
<p>$417,000</p>
<p>			 Ze Elias	     Internazionale     $5.9m</p>
<p>Borussia Dortmund</p>
<p> In:		   Scott Booth	  Aberdeen	    free</p>
<p> Out:		  Rene Tretschok     FC Cologne	  $715,000</p>
<p>			 Yaheya Mallam	Stuttgart Kickers free</p>
<p>VfB Stuttgart</p>
<p> In:		   Jonathan Akpoborie Hansa Rostock	$3.85m</p>
<p>			 Murat Yakin	  Grasshoppers	$3.57m</p>
<p>			 Martin Spanring    SC Freiburg	  free</p>
<p>			 Mathias Becker     E.Frankfurt	  free</p>
<p> Out:		  Giovane Elber	Bayern Munich	$6.9m</p>
<p>			 Radoslaw Gilewicz  Karlsruhe</p>
<p>$990,000</p>
<p>			 Andreas Buck	 Kaiserslautern</p>
<p>$440,000</p>
<p>			 Hendrik Herzog     Hertha Berlin</p>
<p>$275,000</p>
<p>			 Sebastien Fournier Servette Geneva</p>
<p>$385,000</p>
<p>			 Marjo Maric	  Waldhof Mannheim   free</p>
<p> VfL Bochum	  </p>
<p> In:		   Sergey Yuran	 Fort. Duesseldorf  $1.1m</p>
<p>			 Mirko Dickhaut     E.Frankfurt	  $83,000</p>
<p>			 Axel Sundermann    SC Freiburg	  free</p>
<p>			 Mirko Reichel	Waldhof Mannheim   free</p>
<p>			 Norbert Hofmann    Waldhof Mannheim   U/d</p>
<p> Out:		  Filip Tapalovic    Schalke 04	   free</p>
<p>			 Mathias Jack	 Fort. Duesseldorf</p>
<p>$165,000</p>
<p>			 Thordur Gudjonsson Ghent		  free</p>
<p>Karlsruhe SC</p>
<p> In:		   Alexander Nyarko   FC Basel	     $1.38m</p>
<p>			 Gunther Schepens   St. Luettich	 $1.32m</p>
<p>			 Radoslav Gilewicz  VfB Stuttgart</p>
<p>$990,000</p>
<p>			 David Regis	  Lens</p>
<p>$495,000</p>
<p> Out:		  Michael Tarnat     Bayern Munich	$2.64m</p>
<p>			 Thorsten Fink	Bayern Munich	$3.0m</p>
<p>			 Dirk Schuster	FC Cologne</p>
<p>$550,000</p>
<p>			 Eberhard Carl	Stuttgart Kickers  $83,000</p>
<p>1860 Munich</p>
<p> In:		   Daniel Hoffmann    Hansa Rostock	free</p>
<p>			 Paul Agostino	Bristol City	 free</p>
<p>			 Holger Fach	  Fort. Duesseldorf  $83,000</p>
<p>			 Jochen Kientz	Logrones</p>
<p>$275,000</p>
<p>			 Andre Hofschneider Hansa Rostock	free</p>
<p>			 Stefan Malz	  VfR Mannheim	 $55,000</p>
<p>			 Hristo Yovov	 Levski Sofia</p>
<p>$275,000</p>
<p> Out:		  Rainer Berg	  FC Nuernberg	 free</p>
<p>			 Alex Kutschera     E.Frankfurt</p>
<p>$165,000</p>
<p>			 Bernhard Trares    Werder Bremen	free</p>
<p>			 Thomas Miller	retired</p>
<p> Werder Bremen    </p>
<p> In:		   Sven Benken	  Energie Cottbus</p>
<p>$440,000</p>
<p>			 Raphael Wicky	FC Sion		$1.2m</p>
<p>			 Bernhard Trares    1860 Munich	  free</p>
<p>			 Dieter Frey	  SC Freiburg	  free</p>
<p> Out:		  Angelo Vier	  FC Guetersloh	loan</p>
<p>			 Bernd Hobsch	 Rennes		 U/d</p>
<p>			 Michael Schulz     retired</p>
<p>			 Hansi Gundelach    retired</p>
<p>MSV Duisburg</p>
<p> In:		   Slobo. Komljenovic Frankfurt	     free</p>
<p>			 Uwe Spies	    SC Freiburg	   free</p>
<p>			 Joerg Neun	   Moenchengladbach    free</p>
<p> Out:		  Alfred Nijhuls     Urawa Red Diamonds</p>
<p>$825,000</p>
<p>			 Dirk Anders	  Greuther Fuerth</p>
<p>$110,000</p>
<p>FC Cologne</p>
<p> In:		   Rene Tretschok    Borussia Dortmund</p>
<p>$715,000</p>
<p>			 Dirk Schuster     Karlsruhe</p>
<p>$550,000</p>
<p>			 Andreas Menger    Greuther Fuerthe    $55,000</p>
<p>			 Dennis Vogt	 Borussia Dortmund   $39,000</p>
<p>			 Algan Berkan	VfL Pinneberg	 $28,000</p>
<p>			 Sacha Rytchkov    Lens		    U/d</p>
<p> Out:		  Martin Braun	Rapid Vienna</p>
<p>$110,000</p>
<p>			 Antonio Ananlew   VfB Leipzig	   free</p>
<p>			 Sunday Oliseh     Ajax		    $3.85m</p>
<p>			 Rico Steinmann    Twente		  free</p>
<p>			 Patrick Weiser    Bastia		  U/d</p>
<p>Borussia Moenchengladbach</p>
<p> In:		   Marcel Witeczek   Bayern Munich	free</p>
<p>			 Morten Pedersen   Brann Bergen	 $165,000</p>
<p> Out:		  Joerg Neun	  MSV Duisburg	 free</p>
<p>			 Dirk Wolf	   E. Frankfurt	 free</p>
<p>			 Damian Mori	 Adelaide City	free</p>
<p>			 Peter Nielsen     FC Copenhagen	free</p>
<p>Schalke 04</p>
<p> In:		   Filip Tapalovic   VfL Bochum	   free</p>
<p>			 Denis Klujew	Feyenoord	    $660,000</p>
<p>			 Rene Eijelkamp    PSV Eindhoven	free</p>
<p>			 Markus Anfang     Fort. Duesseldorf  free</p>
<p> Out:		  Tom Dooley	  Columbus Crew	free</p>
<p>Hamburg</p>
<p> In:		   Andreas Zeyer     SC Freiburg	  free</p>
<p>			 Thomas Vogel	SC Freiburg	  free</p>
<p>			 Jacek Dembinski   Widzew Lodz	  $600,000</p>
<p>			 Stefan Boeger     FC Guetersloh	$330,000</p>
<p>			 Allan Jepsen	Aarhus GF	    free</p>
<p>			 Joerg Butt	  VfB Oldenburg	free</p>
<p>			 Michael Molata    Arminia Bielefeld  $385,000</p>
<p> Out:		  Juergen Hartmann  FC Basel	     free</p>
<p>			 Marijan Kovacevic VfL Wolfsburg	free</p>
<p>			 Stefan Henchoz    Blackburn	    $4.4m</p>
<p>			 Holger Hiermann   VfL Wolfsburg	free</p>
<p>			 Jens Dowe	   Hansa Rostock	$825,000</p>
<p>			 Markus Schupp     Sturm Graz	   $110,000</p>
<p>			 Michael Mason     FC St Pauli	  $550,000</p>
<p>Arminia Bielefeld</p>
<p> In:		   Ali Daei	    SC Doha		U/d</p>
<p>			 Karim Begheri     Teheran		U/d</p>
<p>			 Michael Sternkopf SC Freiburg	  free</p>
<p>			 Bernd Elgner	FC St Pauli	  free</p>
<p>			 Hayden Foxe	 AIS Canberra	 free</p>
<p>			 Dejan Milosevic   Canberra Cosmos    free</p>
<p> Out:		  Michael Molata    Hamburg		$385,000</p>
<p>			 Fritz Walter	SSV Ulm		free</p>
<p>			 Mike Schuemmenn   FC Guetersloh	free</p>
<p>			 Uwe Fuchs	   OFI Kreta	    free</p>
<p> Hansa Rostock    </p>
<p> In:		   Jens Dowe	   Hamburg		$825,000</p>
<p>			 Slavomir Majak    Widzew Lodz	  $750,000</p>
<p>			 Borislav Tomoski  Erzgbirge Aue	$83,000</p>
<p>			 Ralf Ewen	   TuS Paderborn	$55,000</p>
<p> Out:		  Andre Hofschneider 1860 Munich	  free</p>
<p>			 Stefan Beinlich    Bayer Leverkusen   $3.63m</p>
<p>			 Jonathan Akpoborie VfB Stuttgart	$3.85m</p>
<p>			 Goran Markov	 Borussia Berlin    free</p>
<p>Kaiserslautern</p>
<p> In:		   Andreas Buck	VfB Stuttgart	$495,000</p>
<p>			 Marian Hristov    Levski Sofia	 $1.32m</p>
<p>			 Michael Ballack   Chemnitz	     $55,000</p>
<p>			 Petr Kouba	  Deprtivo La Coruna $600,000</p>
<p>			 Ciriaco Sforza    Internazionale     $4.1m</p>
<p> Out:		  Wynton Rufer	retired</p>
<p>			 Uwe Wegmann	 FC Lugano	    $110,000</p>
<p>			 Gerald Ehmann     retired</p>
<p>			 Mathias Keller    SV Meppen	    $44,000</p>
<p>VfL Wolfsburg </p>
<p> In:		   Holger Hiemann	Hamburg		free</p>
<p>			 Andreas Winkler     VfB Luebeck	  free</p>
<p>			 Marijan Kovacevic   Hamburg		free</p>
<p> Out:		  Joerg Hossbach	retired</p>
<p>			 Petar Mihtarski     CSKA Sofia	   free</p>
<p>			 Oliver Luettkenhaus VfL Hamburg	  free</p>
<p>			 Michael Butrej	Luebeck		free</p>
<p>Hertha Berlin</p>
<p> In:		   Brian Roy	   Nottingham Forest  $2.2m</p>
<p>			 Dick van Burik    FC Utrecht	   $495,000</p>
<p>			 Kjetil Rekdal     Rennes		 $550.000</p>
<p>			 Hendrik Herzog    VfB Stuttgart	$275,000</p>
<p>			 Sergey Mandreko   Rapid Vienna	 free</p>
<p>			 Gabor Kiraly	Szombathely	  $138,000</p>
<p> Out:		  Jens Adler	  Halle		  free</p>
<p>			 Falko Goetz	 retired</p>
<p>U/d: undisclosed.</p>
</text>
<copyright>(c) Reuters Limited 1997</copyright>
<metadata>
<codes class="bip:countries:1.0">
  <code code="GFR">
    <editdetail attribution="Reuters BIP Coding Group" action="confirmed" date="1997-07-18"/>
  </code>
  <code code="ITALY">
    <editdetail attribution="Reuters BIP Coding Group" action="confirmed" date="1997-07-18"/>
  </code>
  <code code="SWITZ">
    <editdetail attribution="Reuters BIP Coding Group" action="confirmed" date="1997-07-18"/>
  </code>
</codes>
<codes class="bip:topics:1.0">
  <code code="GCAT">
    <editdetail attribution="Reuters BIP Coding Group" action="confirmed" date="1997-07-18"/>
  </code>
  <code code="GSPO">
    <editdetail attribution="Reuters BIP Coding Group" action="confirmed" date="1997-07-18"/>
  </code>
</codes>
<dc element="dc.date.created" value="1997-07-18"/>
<dc element="dc.publisher" value="Reuters Holdings Plc"/>
<dc element="dc.date.published" value="1997-07-18"/>
<dc element="dc.source" value="Reuters"/>
<dc element="dc.creator.location" value="BONN"/>
<dc element="dc.creator.location.country.name" value="GERMANY"/>
<dc element="dc.source" value="Reuters"/>
</metadata>
</newsitem>
