<?xml version="1.0" encoding="iso-8859-1" ?>
<newsitem itemid="738368" id="root" date="1997-07-18" xml:lang="en">
<title>ITALY: SOCCER-BAGGIO SIGNS FOR BOLOGNA.</title>
<headline>SOCCER-BAGGIO SIGNS FOR BOLOGNA.</headline>
<dateline>MILAN 1997-07-18</dateline>
<text>
<p>Italian forward Roberto Baggio said on Friday he had joined serie A side Bologna from AC Milan.</p>
<p>&quot;I've chosen Bologna, a choice which gives me a lot of joy,&quot; he told a news conference. &quot;From Sunday I'll be at the coach's service.&quot;  </p>
<p>Bologna president Giuseppe Gazzoni Frascara, who was also at the specially convened conference, said Baggio had signed a two-year contract but suggested he would be free to leave after one season if he so wished.</p>
<p>&quot;He's got a lot of freedom,&quot; said Gazzoni Frascara, who declined to give details of the transfer fee, reported by Italian newspapers to be around $3.0 million.</p>
<p>Baggio said last month he was leaving Milan after a frustrating season in which he was sidelined with sciatica and constantly left on the substitutes' bench even when he was fit.</p>
<p>Milan coach Fabio Capello had hinted there was no place for &quot;the Divine Ponytail&quot; in his plans for next season and the club said they were open to offers for arguably the greatest Italian player of his generation.</p>
</text>
<copyright>(c) Reuters Limited 1997</copyright>
<metadata>
<codes class="bip:countries:1.0">
  <code code="ITALY">
    <editdetail attribution="Reuters BIP Coding Group" action="confirmed" date="1997-07-18"/>
  </code>
</codes>
<codes class="bip:topics:1.0">
  <code code="GCAT">
    <editdetail attribution="Reuters BIP Coding Group" action="confirmed" date="1997-07-18"/>
  </code>
  <code code="GSPO">
    <editdetail attribution="Reuters BIP Coding Group" action="confirmed" date="1997-07-18"/>
  </code>
</codes>
<dc element="dc.date.created" value="1997-07-18"/>
<dc element="dc.publisher" value="Reuters Holdings Plc"/>
<dc element="dc.date.published" value="1997-07-18"/>
<dc element="dc.source" value="Reuters"/>
<dc element="dc.creator.location" value="MILAN"/>
<dc element="dc.creator.location.country.name" value="ITALY"/>
<dc element="dc.source" value="Reuters"/>
</metadata>
</newsitem>
