<?xml version="1.0" encoding="iso-8859-1" ?>
<newsitem itemid="738300" id="root" date="1997-07-18" xml:lang="en">
<title>USA: TABLE - ProCyte Corp Q2 results.</title>
<headline>TABLE - ProCyte Corp Q2 results.</headline>
<dateline>REDMOND, Wash. 1997-07-18</dateline>
<text>
<p>PROCYTE CORPORATION</p>
<p>				  SELECTED FINANCIALS</p>
<p>			   Three months ended   Six months ended</p>
<p>				  June 30,		June 30,</p>
<p>			  1997	  1996	  1997	  1996</p>
<p>Statements of</p>
<p>Operations Data:</p>
<p>REVENUES</p>
<p>Product revenues</p>
<p>		  $    53,016 $	   0 $    82,570 $	   0</p>
<p>Contract</p>
<p>   Manufacturing  190,442     230,313     569,983     475,216</p>
<p>  License Fees	    0	     0	     0     900,000</p>
<p>Interest income</p>
<p>			243,948     240,997     507,530     785,578</p>
<p>  Other income    400,000	    --     400,000	    --</p>
<p>Total revenues</p>
<p>			887,406     471,310   1,560,084   2,160,794</p>
<p>COSTS AND EXPENSES</p>
<p>Cost of product</p>
<p>   sales	     19,455	     0	31,221	     0</p>
<p>Research &amp;</p>
<p>   development  1,328,492   1,459,647   2,652,290   3,206,987</p>
<p>Litigation</p>
<p>   settlement	     0	     0	     0	     0</p>
<p>General &amp;</p>
<p>administrative</p>
<p>		    1,240,787   1,059,760   2,505,894   2,423,846</p>
<p>Total costs and</p>
<p>   expenses     2,588,734   2,519,407   5,189,405   5,630,833</p>
<p> NET LOSS     (1,701,328) (2,048,097) (3,629,321) (3,470,039)</p>
<p>Net Loss per</p>
<p>  common share     (0.13)	(0.16)	(0.27)	(0.26)</p>
<p>Weighted average</p>
<p>number of common</p>
<p>shares used in</p>
<p>computing net</p>
<p>loss per</p>
<p>common share</p>
<p>		   13,315,104  13,196,124  13,302,650  13,174,838</p>
<p>Statements of</p>
<p>  Operations Dataons Data			     December 31,</p>
<p>  (continued):ued):				     1996</p>
<p>REVENUES</p>
<p>  Product revenues		 30,563</p>
<p>  Contract Manufacturing	708,104</p>
<p>  License Fees		    900,000</p>
<p>  Interest income	     1,637,290</p>
<p>  Other income			   --</p>
<p>   Total revenues	     3,275,957</p>
<p>COSTS AND EXPENSES</p>
<p>  Cost of product sales	  13,910</p>
<p>   Research &amp; development   6,738,911</p>
<p>   Litigation settlement    1,000,000</p>
<p>General &amp; administrative  4,880,255</p>
<p>Total costs and expenses  12,633,076</p>
<p> NET LOSS				    $(9,357,119)</p>
<p> Net Loss per common share	     $     (0.71)</p>
<p>Weighted average number of common</p>
<p>shares used in computing net</p>
<p>  loss per common share    13,210,036</p>
<p> Balance Sheet Data:		 Jun 30,		  Dec 31,</p>
<p>					     1997		     1996</p>
<p>Cash, cash equivalents and</p>
<p>  short-term investments     $16,310,524	    $20,846,836</p>
<p> Inventories			 1,208,632		  596,740</p>
<p> Other current assets		800,111		  318,580</p>
<p> Property and equipment, net   5,928,924		5,860,443</p>
<p> Patents, net			  173,661		  181,660</p>
<p> Other assets			  384,399		  159,399</p>
<p> Total assets		     24,806,252	     27,963,658</p>
<p> Current liabilities	     1,467,298		1,114,733</p>
<p> Long-term liabilities		     0		   10,148</p>
<p> Common stock			  133,276		  132,776</p>
<p> Additional paid-in-capital   82,705,340	     82,576,340</p>
<p> Accumulated deficit	  (59,499,662)	   (55,870,339)</p>
<p>Total liabilities and</p>
<p>  stockholders' equity	  24,806,252	     27,963,658</p>
</text>
<copyright>(c) Reuters Limited 1997</copyright>
<metadata>
<codes class="bip:countries:1.0">
  <code code="USA">
    <editdetail attribution="Reuters BIP Coding Group" action="confirmed" date="1997-07-18"/>
  </code>
</codes>
<codes class="bip:industries:1.0">
  <code code="I25700">
    <editdetail attribution="Reuters BIP Coding Group" action="confirmed" date="1997-07-18"/>
  </code>
</codes>
<codes class="bip:topics:1.0">
  <code code="C15">
    <editdetail attribution="Reuters BIP Coding Group" action="confirmed" date="1997-07-18"/>
  </code>
  <code code="C151">
    <editdetail attribution="Reuters BIP Coding Group" action="confirmed" date="1997-07-18"/>
  </code>
  <code code="CCAT">
    <editdetail attribution="Reuters BIP Coding Group" action="confirmed" date="1997-07-18"/>
  </code>
</codes>
<dc element="dc.date.created" value="1997-07-18"/>
<dc element="dc.publisher" value="Reuters Holdings Plc"/>
<dc element="dc.date.published" value="1997-07-18"/>
<dc element="dc.source" value="Reuters"/>
<dc element="dc.creator.location" value="REDMOND, Wash."/>
<dc element="dc.creator.location.country.name" value="USA"/>
<dc element="dc.source" value="Reuters"/>
</metadata>
</newsitem>
