<?xml version="1.0" encoding="iso-8859-1" ?>
<newsitem itemid="738339" id="root" date="1997-07-18" xml:lang="en">
<title>UK: CRICKET-JAMES PASSES 1,000 IN TAME DRAW.</title>
<headline>CRICKET-JAMES PASSES 1,000 IN TAME DRAW.</headline>
<dateline>CARDIFF 1997-07-18</dateline>
<text>
<p>Australia's three-day match against current English county championhsip leaders Glamorgan ended in a tame draw on Friday as the Welsh county never threatened their victory target of 333 in 58 overs.</p>
<p>After Australia declared at 217 for seven Glamorgan reached 211 for three before calling a halt after 50 overs.</p>
<p>Australia had resumed on 100 for five, 215 ahead, and made quick progress through Paul Reiffel, with 56, and Mathew Elliott, 37. Greg Blewett finished unbeaten on 50.</p>
<p>Glamorgan began brightly and Steve James and Hugh Morris forged a 96-run opening stand before Morris was caught behind for 42.</p>
<p>James, who hit 91 in the first innings, went on to become the first player to pass 1,000 first class runs for the English season before being caught for 79. Matthew Maynard reached 16,000 first class career en route to his 45 not out.</p>
</text>
<copyright>(c) Reuters Limited 1997</copyright>
<metadata>
<codes class="bip:countries:1.0">
  <code code="AUSTR">
    <editdetail attribution="Reuters BIP Coding Group" action="confirmed" date="1997-07-18"/>
  </code>
  <code code="UK">
    <editdetail attribution="Reuters BIP Coding Group" action="confirmed" date="1997-07-18"/>
  </code>
</codes>
<codes class="bip:topics:1.0">
  <code code="GCAT">
    <editdetail attribution="Reuters BIP Coding Group" action="confirmed" date="1997-07-18"/>
  </code>
  <code code="GSPO">
    <editdetail attribution="Reuters BIP Coding Group" action="confirmed" date="1997-07-18"/>
  </code>
</codes>
<dc element="dc.date.created" value="1997-07-18"/>
<dc element="dc.publisher" value="Reuters Holdings Plc"/>
<dc element="dc.date.published" value="1997-07-18"/>
<dc element="dc.source" value="Reuters"/>
<dc element="dc.creator.location" value="CARDIFF"/>
<dc element="dc.creator.location.country.name" value="UK"/>
<dc element="dc.source" value="Reuters"/>
</metadata>
</newsitem>
