<?xml version="1.0" encoding="iso-8859-1" ?>
<newsitem itemid="738302" id="root" date="1997-07-18" xml:lang="en">
<title>USA: TABLE - Whitewing Labs Inc Q2 results.</title>
<headline>TABLE - Whitewing Labs Inc Q2 results.</headline>
<dateline>MISSION HILLS, Calif. 1997-07-18</dateline>
<text>
<p>Whitewing Labs, Inc. -- Results of Operations</p>
<p>			   3 mos	3 mos	  6 mos	6 mos</p>
<p>	 ended 6/30/96 ended 6/30/97ended 6/30/96 ended 6/30/97</p>
<p> Net Sales	  $927,415   $610,891   $1,923,442 $1,269,409</p>
<p>Cost of Goods Sold</p>
<p>			 111,088    102,753	241,252    186,958</p>
<p>Operating Expenses</p>
<p>		     1,851,239    661,216    2,857,508  1,884,369</p>
<p> Other Income, net  46,068     21,264	 65,585     44,814</p>
<p> Net Loss	  (988,844)  (131,814)  (1,113,338)  (757,104)</p>
<p> Loss per Share     (0.39)     (0.05)	 (0.44)     (0.26)</p>
<p>Wt. Av. Shrs.</p>
<p>  Outstanding    2,540,057  2,865,138    2,527,370  2,870,744</p>
<p>Whitewing Labs, Inc. is a publicly held company that develops and markets nutritional supplements.</p>
</text>
<copyright>(c) Reuters Limited 1997</copyright>
<metadata>
<codes class="bip:countries:1.0">
  <code code="USA">
    <editdetail attribution="Reuters BIP Coding Group" action="confirmed" date="1997-07-18"/>
  </code>
</codes>
<codes class="bip:topics:1.0">
  <code code="C15">
    <editdetail attribution="Reuters BIP Coding Group" action="confirmed" date="1997-07-18"/>
  </code>
  <code code="C151">
    <editdetail attribution="Reuters BIP Coding Group" action="confirmed" date="1997-07-18"/>
  </code>
  <code code="CCAT">
    <editdetail attribution="Reuters BIP Coding Group" action="confirmed" date="1997-07-18"/>
  </code>
</codes>
<dc element="dc.date.created" value="1997-07-18"/>
<dc element="dc.publisher" value="Reuters Holdings Plc"/>
<dc element="dc.date.published" value="1997-07-18"/>
<dc element="dc.source" value="Reuters"/>
<dc element="dc.creator.location" value="MISSION HILLS, Calif."/>
<dc element="dc.creator.location.country.name" value="USA"/>
<dc element="dc.source" value="Reuters"/>
</metadata>
</newsitem>
