<?xml version="1.0" encoding="iso-8859-1" ?>
<newsitem itemid="738314" id="root" date="1997-07-18" xml:lang="en">
<title>UK: GOLF-ECCENTRIC PARNEVIK IN CONTENTION AGAIN.</title>
<headline>GOLF-ECCENTRIC PARNEVIK IN CONTENTION AGAIN.</headline>
<byline>Brian Creighton</byline>
<dateline>TROON, Scotland 1997-07-18</dateline>
<text>
<p>Jesper Parnevik wears a cap with an upturned brim, eats volcanic dust to clear mercury from his intestines and reportedly likes &quot;fast-vibrating&quot; food.</p>
<p>It is hard to escape the conclusion that if golf did not intervene, Parnevik could happily devote himself full-time to being an eccentric.</p>
<p>His golf, however, is far from offbeat and on Friday the colourful son of Sweden's most famous comedian and impersonator fired himself into contention for the British Open title with a five-under-par 66.</p>
<p>Nothing outlandish there and certainly no need for the large flashing glasses which he has been known to don while travelling by plane and which he says help synchronise the left and right sides of the brain.</p>
<p>Besides the volcanic dust, obtained from health food stores, Parnevik eats a lot of fruit because a dietician told him the action of the earth in spinning creates very fast vibrations and most bodies move too slowly to keep up.</p>
<p>Fruit is apparently a &quot;fast-vibrating&quot; food that helps the body keep up with the pace.</p>
<p>Something is clearly working.</p>
<p>Parnevik finished second in the 1994 British Open at Turnberry and on Friday he played himself into position to go one better at Royal Troon this weekend.</p>
<p>The close defeat by Nick Price three years ago has not left any scars on Parnevik, even though it was his for the taking until he bogeyed the final hole after thinking he needed a birdie.</p>
<p>He had neglected to look at the leaderboard and lost by one stroke.</p>
<p>&quot;At that very moment, of course I was a little bit crushed about it,&quot; he said.</p>
<p>&quot;But looking back a few hours afterwards, it was as much fun as I've had playing any golf tournament.</p>
<p>&quot;It was my first time ever up there in a major and I couldn't expect to be that lucky to win the very first time.</p>
<p>&quot;Looking back, I have nothing but positive thought about it. I learned a lot and it gave me a great confidence boost.&quot;</p>
<p>The Swede, now based on the U.S. Tour where he has had seven top-five finishes this year, began his surge in Thursday's first round when he birdied the last three holes for a 70, the last two on putts of 20 and 25 feet.</p>
<p>Then he decided to change putters. &quot;It didn't feel right yesterday. My game and my putting felt terrible all day,&quot; he said.</p>
<p>On Friday, he set off by three-putting the first green for a bogey. But an eagle three after a three-iron to six feet at the fourth got him going and after four birdies he closed out with a 50-foot putt to save par at the last.</p>
<p>Parnevik, who first announced his intention to win the British Open when he was 13, called his finish &quot;an unbelievable par&quot;.</p>
<p>&quot;Those are the things that happen in this tournament -- a tournament that almost makes your hair stand on end when you play it,&quot; he said.</p>
<p>He does not know if he can go on and win on Sunday.</p>
<p>&quot;It all depends if I can get the right breaks. My game doesn't feel as good as the scores are. I am playing on momentum and playing well.&quot;</p>
<p>He said his game felt best last week at the Loch Lomond World Invitational, &quot;but I didn't score very well&quot;. He finished joint 16th.</p>
<p>As for his unorthodox habits, he first turned up the brim of his cap five years ago to improve his sun tan &quot;because I was very pale from the Swedish winter&quot;.</p>
<p>He has said that the mercury in his body comes from eating fish and he has also had the fillings in his teeth replaced with ceramic ones.</p>
<p>The brain-synchronising glasses, he has also said, &quot;are to balance the neutral firings in my brain&quot;.</p>
</text>
<copyright>(c) Reuters Limited 1997</copyright>
<metadata>
<codes class="bip:countries:1.0">
  <code code="SWED">
    <editdetail attribution="Reuters BIP Coding Group" action="confirmed" date="1997-07-18"/>
  </code>
  <code code="UK">
    <editdetail attribution="Reuters BIP Coding Group" action="confirmed" date="1997-07-18"/>
  </code>
</codes>
<codes class="bip:topics:1.0">
  <code code="GCAT">
    <editdetail attribution="Reuters BIP Coding Group" action="confirmed" date="1997-07-18"/>
  </code>
  <code code="GSPO">
    <editdetail attribution="Reuters BIP Coding Group" action="confirmed" date="1997-07-18"/>
  </code>
</codes>
<dc element="dc.date.created" value="1997-07-18"/>
<dc element="dc.publisher" value="Reuters Holdings Plc"/>
<dc element="dc.date.published" value="1997-07-18"/>
<dc element="dc.source" value="Reuters"/>
<dc element="dc.creator.location" value="TROON, Scotland"/>
<dc element="dc.creator.location.country.name" value="UK"/>
<dc element="dc.source" value="Reuters"/>
</metadata>
</newsitem>
