<?xml version="1.0" encoding="iso-8859-1" ?>
<newsitem itemid="738369" id="root" date="1997-07-18" xml:lang="en">
<title>SPAIN: SOCCER-MADRID RIVALS MEET IN SEASON OPENER.</title>
<headline>SOCCER-MADRID RIVALS MEET IN SEASON OPENER.</headline>
<dateline>MADRID 1997-07-18</dateline>
<text>
<p>Spanish champions Real Madrid will host local rivals Atletico in the opening match of the new Spanish league season next month, the Spanish football federation announced on Friday.</p>
<p>The game will take place over the August 30-31 weekend. Atletico Madrid were 1996 champions.</p>
</text>
<copyright>(c) Reuters Limited 1997</copyright>
<metadata>
<codes class="bip:countries:1.0">
  <code code="SPAIN">
    <editdetail attribution="Reuters BIP Coding Group" action="confirmed" date="1997-07-18"/>
  </code>
</codes>
<codes class="bip:topics:1.0">
  <code code="GCAT">
    <editdetail attribution="Reuters BIP Coding Group" action="confirmed" date="1997-07-18"/>
  </code>
  <code code="GSPO">
    <editdetail attribution="Reuters BIP Coding Group" action="confirmed" date="1997-07-18"/>
  </code>
</codes>
<dc element="dc.date.created" value="1997-07-18"/>
<dc element="dc.publisher" value="Reuters Holdings Plc"/>
<dc element="dc.date.published" value="1997-07-18"/>
<dc element="dc.source" value="Reuters"/>
<dc element="dc.creator.location" value="MADRID"/>
<dc element="dc.creator.location.country.name" value="SPAIN"/>
<dc element="dc.source" value="Reuters"/>
</metadata>
</newsitem>
