<?xml version="1.0" encoding="iso-8859-1" ?>
<newsitem itemid="738346" id="root" date="1997-07-18" xml:lang="en">
<title>SOUTH AFRICA: FENCING-FRENCH MEN TAKE FOIL GOLD IN THRILLER.</title>
<headline>FENCING-FRENCH MEN TAKE FOIL GOLD IN THRILLER.</headline>
<dateline>CAPE TOWN 1997-07-18</dateline>
<text>
<p>France won their second gold medal of the world fencing championships on Friday to halt Cuba's golden run.</p>
<p>The French trio of Patrice L'Hotellier, Lionel Plumenail and Franck Boidin overcame Cuba's foil team 45-43 in a gripping final in which the lead changed hands three times.</p>
<p>L'Hotellier was France's hero, twice tilting the final back to his side with 7-1 and 7-2 victories when his side trailed 15-13 and 35-33.</p>
<p>It was France's second gold after Erick Srecki's success in the men's epee on Tuesday.</p>
<p>Italy won their second gold -- to add to a silver and three bronzes -- with a fine performance from their women's foil team who recorded an ultimately comfortable 45-36 victory over Romania.</p>
<p>Individual foil gold medallist Giovanna Trillini claimed her second title with a bout-turning 8-0 victory over Reka Szabo-Lazar to give Italy a decisive 35-28 lead.</p>
</text>
<copyright>(c) Reuters Limited 1997</copyright>
<metadata>
<codes class="bip:countries:1.0">
  <code code="CUBA">
    <editdetail attribution="Reuters BIP Coding Group" action="confirmed" date="1997-07-18"/>
  </code>
  <code code="FRA">
    <editdetail attribution="Reuters BIP Coding Group" action="confirmed" date="1997-07-18"/>
  </code>
  <code code="SAFR">
    <editdetail attribution="Reuters BIP Coding Group" action="confirmed" date="1997-07-18"/>
  </code>
</codes>
<codes class="bip:topics:1.0">
  <code code="GCAT">
    <editdetail attribution="Reuters BIP Coding Group" action="confirmed" date="1997-07-18"/>
  </code>
  <code code="GSPO">
    <editdetail attribution="Reuters BIP Coding Group" action="confirmed" date="1997-07-18"/>
  </code>
</codes>
<dc element="dc.date.created" value="1997-07-18"/>
<dc element="dc.publisher" value="Reuters Holdings Plc"/>
<dc element="dc.date.published" value="1997-07-18"/>
<dc element="dc.source" value="Reuters"/>
<dc element="dc.creator.location" value="CAPE TOWN"/>
<dc element="dc.creator.location.country.name" value="SOUTH AFRICA"/>
<dc element="dc.source" value="Reuters"/>
</metadata>
</newsitem>
