<?xml version="1.0" encoding="iso-8859-1" ?>
<newsitem itemid="738342" id="root" date="1997-07-18" xml:lang="en">
<title>UK: SOCCER-PEARCE JOINS NEWCASTLE.</title>
<headline>SOCCER-PEARCE JOINS NEWCASTLE.</headline>
<dateline>LONDON 1997-07-18</dateline>
<text>
<p>Veteran England defender Stuart Pearce joined Newcastle on Friday, a day after being given a free transfer by Nottingham Forest.</p>
<p>Pearce, 35, underwent a medical and signed a three-year contract with last season's premier league runners-up.</p>
<p>He left Forest, who were relegated from the top flight last season, saying he wanted to play in the premier league to enhance his chances of representing England in the World Cup.</p>
<p>There was speculation that Pearce would move south but instead he joined Kenny Dalglish's side who recently sold left-back Robbie Elliott to Bolton.</p>
</text>
<copyright>(c) Reuters Limited 1997</copyright>
<metadata>
<codes class="bip:countries:1.0">
  <code code="UK">
    <editdetail attribution="Reuters BIP Coding Group" action="confirmed" date="1997-07-18"/>
  </code>
</codes>
<codes class="bip:topics:1.0">
  <code code="GCAT">
    <editdetail attribution="Reuters BIP Coding Group" action="confirmed" date="1997-07-18"/>
  </code>
  <code code="GSPO">
    <editdetail attribution="Reuters BIP Coding Group" action="confirmed" date="1997-07-18"/>
  </code>
</codes>
<dc element="dc.date.created" value="1997-07-18"/>
<dc element="dc.publisher" value="Reuters Holdings Plc"/>
<dc element="dc.date.published" value="1997-07-18"/>
<dc element="dc.source" value="Reuters"/>
<dc element="dc.creator.location" value="LONDON"/>
<dc element="dc.creator.location.country.name" value="UK"/>
<dc element="dc.source" value="Reuters"/>
</metadata>
</newsitem>
