<?xml version="1.0" encoding="iso-8859-1" ?>
<newsitem itemid="738359" id="root" date="1997-07-18" xml:lang="en">
<title>USA: TENNIS-CHANG EXTENDED TO THREE SETS BY MICHAEL JOYCE.</title>
<headline>TENNIS-CHANG EXTENDED TO THREE SETS BY MICHAEL JOYCE.</headline>
<dateline>WASHINGTON 1997-07-17</dateline>
<text>
<p>Top seed and defending champion Michael Chang again was extended to three sets at the $675,000 Legg Mason Tennis Classic, this time by Michael Joyce, 163rd in the world rankings, in the third round.</p>
<p>Chang, ranked second in the world, ultimately prevailed 4-6 6-1 6-2, after having had to come back from two service breaks in the third set Tuesday night and get past Mexican qualifier Luis Herrera.</p>
<p>All along, Chang has been saying there is &quot;great depth in tennis these days and no one can be taken lightly.&quot;</p>
<p>Chang, who now has won 25 of 28 matches on hardcourts in 1997, said there was no particular aspect of his game bothering him right now. &quot;Everything can be better and solidified. My complete game is not there yet, but I am competing well,&quot; he said.</p>
<p>The key to his victory over Joyce was his serve. He cracked 15 aces and said: &quot;It helped me out quite a bit, getting some free points, particularly against a player who returns well like Joyce does.&quot;</p>
<p>David Wheaton, a serve and volleyer who climbed to a world ranking of 17 in 1991 but who has not been in the top 100 since suffering an Achilles' tendon injury early last year, continued his comeback with a 3-6 7-6 7-6 victory over fifth-seeded Jason Stoltenberg of Australia.</p>
</text>
<copyright>(c) Reuters Limited 1997</copyright>
<metadata>
<codes class="bip:countries:1.0">
  <code code="USA">
    <editdetail attribution="Reuters BIP Coding Group" action="confirmed" date="1997-07-18"/>
  </code>
</codes>
<codes class="bip:topics:1.0">
  <code code="GCAT">
    <editdetail attribution="Reuters BIP Coding Group" action="confirmed" date="1997-07-18"/>
  </code>
  <code code="GSPO">
    <editdetail attribution="Reuters BIP Coding Group" action="confirmed" date="1997-07-18"/>
  </code>
</codes>
<dc element="dc.date.created" value="1997-07-17"/>
<dc element="dc.publisher" value="Reuters Holdings Plc"/>
<dc element="dc.date.published" value="1997-07-18"/>
<dc element="dc.source" value="Reuters"/>
<dc element="dc.creator.location" value="WASHINGTON"/>
<dc element="dc.creator.location.country.name" value="USA"/>
<dc element="dc.source" value="Reuters"/>
</metadata>
</newsitem>
