<?xml version="1.0" encoding="iso-8859-1" ?>
<newsitem itemid="738388" id="root" date="1997-07-18" xml:lang="en">
<title>POLAND: UNIVERSAL SWINGS TO LOSS IN JUNE. [CORRECTED 18:55 GMT]</title>
<headline>UNIVERSAL SWINGS TO LOSS IN JUNE. [CORRECTED 18:55 GMT]</headline>
<dateline>WARSAW 1997-07-18</dateline>
<text>
<p>(Corrects headline from rise)</p>
<p>Preliminary results June</p>
<p>(in million zlotys unless stated)</p>
<p> JUNE		     1997     1996</p>
<p> Net loss		 3.08 vs   0.59 profit</p>
<p> Pre-tax loss	   3.01 vs   1.03 profit</p>
<p> Operating profit     1.72 vs   2.65</p>
<p> Sales		   16.97 vs  62.07</p>
<p> JANUARY-JUNE	   1997     1996</p>
<p> Net profit	     2.77 vs   3.14</p>
<p> Pre-tax profit	 7.36 vs   5.29</p>
<p> Operating profit     2.61 vs   2.65</p>
<p> Sales		   68.25 vs  62.07</p>
<p>Note. Full name of the Polish trading company is Universal SA.</p>
<p>-- Warsaw Newsroom +48 22 653 9700</p>
</text>
<copyright>(c) Reuters Limited 1997</copyright>
<metadata>
<codes class="bip:countries:1.0">
  <code code="POL">
    <editdetail attribution="Reuters BIP Coding Group" action="confirmed" date="1997-07-18"/>
  </code>
</codes>
<codes class="bip:industries:1.0">
  <code code="I63000">
    <editdetail attribution="Reuters BIP Coding Group" action="confirmed" date="1997-07-18"/>
  </code>
</codes>
<codes class="bip:topics:1.0">
  <code code="C15">
    <editdetail attribution="Reuters BIP Coding Group" action="confirmed" date="1997-07-18"/>
  </code>
  <code code="C151">
    <editdetail attribution="Reuters BIP Coding Group" action="confirmed" date="1997-07-18"/>
  </code>
  <code code="CCAT">
    <editdetail attribution="Reuters BIP Coding Group" action="confirmed" date="1997-07-18"/>
  </code>
</codes>
<dc element="dc.date.created" value="1997-07-18"/>
<dc element="dc.publisher" value="Reuters Holdings Plc"/>
<dc element="dc.date.published" value="1997-07-18"/>
<dc element="dc.source" value="Reuters"/>
<dc element="dc.creator.location" value="WARSAW"/>
<dc element="dc.creator.location.country.name" value="POLAND"/>
<dc element="dc.source" value="Reuters"/>
</metadata>
</newsitem>
