<?xml version="1.0" encoding="iso-8859-1" ?>
<newsitem itemid="738397" id="root" date="1997-07-18" xml:lang="en">
<title>LATVIA: LATVIA-NOON RADIO HEADLINES-JULY 18.</title>
<headline>LATVIA-NOON RADIO HEADLINES-JULY 18.</headline>
<dateline>RIGA 1997-07-18</dateline>
<text>
<p>These were the headlines on Latvian state radio at noon. Reuters has not verified these reports and does not vouch for their accuracy:</p>
<p>- Prime Minister Andris Shkele discussed the government situation with the leaders of leading parties For Fatherland and Freedom/LNNK and Latvia's Way. Amid talk of a government resignation, he will make his views known later today at a news conference.</p>
<p>- Latvia's Way is confident the government can continue to work until the next planned elections.</p>
<p>- For Fatherland and Freedom was more pessimistic, saying it will be difficult to keep the present government in power.</p>
<p>-- Riga newsroom, +371 721 5240</p>
</text>
<copyright>(c) Reuters Limited 1997</copyright>
<metadata>
<codes class="bip:countries:1.0">
  <code code="LATV">
    <editdetail attribution="Reuters BIP Coding Group" action="confirmed" date="1997-07-18"/>
  </code>
</codes>
<codes class="bip:topics:1.0">
  <code code="GCAT">
    <editdetail attribution="Reuters BIP Coding Group" action="confirmed" date="1997-07-18"/>
  </code>
</codes>
<dc element="dc.date.created" value="1997-07-18"/>
<dc element="dc.publisher" value="Reuters Holdings Plc"/>
<dc element="dc.date.published" value="1997-07-18"/>
<dc element="dc.source" value="Reuters"/>
<dc element="dc.creator.location" value="RIGA"/>
<dc element="dc.creator.location.country.name" value="LATVIA"/>
<dc element="dc.source" value="Reuters"/>
</metadata>
</newsitem>
