<?xml version="1.0" encoding="iso-8859-1" ?>
<newsitem itemid="738406" id="root" date="1997-07-18" xml:lang="en">
<title>POLAND: VISTULA JUNE NET RISES TO PLN 0.7 MLN.</title>
<headline>VISTULA JUNE NET RISES TO PLN 0.7 MLN.</headline>
<dateline>WARSAW 1997-07-18</dateline>
<text>
<p>Preliminary results June</p>
<p>(in million zlotys unless stated)</p>
<p> JUNE		     1997     1996</p>
<p> Net profit	     0.69 vs   0.30</p>
<p> Pre-tax profit	 1.03 vs   0.61</p>
<p> Operating profit     0.88 vs   0.23</p>
<p> Sales		   10.20 vs   6.26</p>
<p> JANUARY-JUNE	   1997     1996</p>
<p> Net profit	     6.29 vs   6.19</p>
<p> Pre-tax profit	 9.30 vs  10.61</p>
<p> Operating profit     7.38 vs   6.89</p>
<p> Sales		   59.80 vs  47.71</p>
<p>Note. Full name of the Polish  garment maker is Vistula SA.</p>
<p>-- Warsaw Newsroom +48 22 653 9700</p>
</text>
<copyright>(c) Reuters Limited 1997</copyright>
<metadata>
<codes class="bip:countries:1.0">
  <code code="POL">
    <editdetail attribution="Reuters BIP Coding Group" action="confirmed" date="1997-07-18"/>
  </code>
</codes>
<codes class="bip:industries:1.0">
  <code code="I45300">
    <editdetail attribution="Reuters BIP Coding Group" action="confirmed" date="1997-07-18"/>
  </code>
</codes>
<codes class="bip:topics:1.0">
  <code code="C15">
    <editdetail attribution="Reuters BIP Coding Group" action="confirmed" date="1997-07-18"/>
  </code>
  <code code="C151">
    <editdetail attribution="Reuters BIP Coding Group" action="confirmed" date="1997-07-18"/>
  </code>
  <code code="CCAT">
    <editdetail attribution="Reuters BIP Coding Group" action="confirmed" date="1997-07-18"/>
  </code>
</codes>
<dc element="dc.date.created" value="1997-07-18"/>
<dc element="dc.publisher" value="Reuters Holdings Plc"/>
<dc element="dc.date.published" value="1997-07-18"/>
<dc element="dc.source" value="Reuters"/>
<dc element="dc.creator.location" value="WARSAW"/>
<dc element="dc.creator.location.country.name" value="POLAND"/>
<dc element="dc.source" value="Reuters"/>
</metadata>
</newsitem>
