<?xml version="1.0" encoding="iso-8859-1" ?>
<newsitem itemid="738482" id="root" date="1997-07-18" xml:lang="en">
<title>ESTONIA: ESTONIA-U.S. NRG CONFIDENT OF ENERGY DEAL - AGENCY.</title>
<headline>ESTONIA-U.S. NRG CONFIDENT OF ENERGY DEAL - AGENCY.</headline>
<dateline>TALLINN 1997-07-18</dateline>
<text>
<p>U.S. power company NRG, part of Northern States Power, is confident its plan for investments into the Estonian electricity sector will go ahead, domestic news agency ETA on Friday quoted NRG's president as saying.</p>
<p>NRG president David Peterson on Thursday met Economy Minister Jaak Leimann as the U.S. group tries to convince the government and parliament to let the plan go ahead.</p>
<p>&quot;Leimann was positive towards the business plan and I received confirmation that the process will continue in Estonia,&quot; ETA quoted Peterson as saying.</p>
<p>The plan foresees an investment of $62 million by NRG and the formation of a joint venture to run the two biggest power stations in the country.</p>
<p>Investments to 2005 will total $1.1 billion and prices will rise from 26 sents to 42 sents per kilowatt hour by 2007.</p>
<p>But the plan has run into opposition and a committee of experts recently criticised it on the grounds that it will boost inflation.</p>
<p>-- Riga newsroom, +371 721 5240</p>
</text>
<copyright>(c) Reuters Limited 1997</copyright>
<metadata>
<codes class="bip:countries:1.0">
  <code code="ESTNIA">
    <editdetail attribution="Reuters BIP Coding Group" action="confirmed" date="1997-07-18"/>
  </code>
  <code code="USA">
    <editdetail attribution="Reuters BIP Coding Group" action="confirmed" date="1997-07-18"/>
  </code>
</codes>
<codes class="bip:industries:1.0">
  <code code="I16100">
    <editdetail attribution="Reuters BIP Coding Group" action="confirmed" date="1997-07-18"/>
  </code>
</codes>
<codes class="bip:topics:1.0">
  <code code="C11">
    <editdetail attribution="Reuters BIP Coding Group" action="confirmed" date="1997-07-18"/>
  </code>
  <code code="CCAT">
    <editdetail attribution="Reuters BIP Coding Group" action="confirmed" date="1997-07-18"/>
  </code>
</codes>
<dc element="dc.date.created" value="1997-07-18"/>
<dc element="dc.publisher" value="Reuters Holdings Plc"/>
<dc element="dc.date.published" value="1997-07-18"/>
<dc element="dc.source" value="Reuters"/>
<dc element="dc.creator.location" value="TALLINN"/>
<dc element="dc.creator.location.country.name" value="ESTONIA"/>
<dc element="dc.source" value="Reuters"/>
</metadata>
</newsitem>
