<?xml version="1.0" encoding="iso-8859-1" ?>
<newsitem itemid="738455" id="root" date="1997-07-18" xml:lang="en">
<title>LATVIA: SHKELE TO PRESENT PLAN TO END GOVERNMENT CRISIS.</title>
<headline>SHKELE TO PRESENT PLAN TO END GOVERNMENT CRISIS.</headline>
<dateline>RIGA 1997-07-18</dateline>
<text>
<p>Latvian Prime Minister Andris Shkele said on Friday that next week he would announce a plan to end what he called a government crisis.</p>
<p>He said the government had been forced into problems by thoughtless statements by ministers and threats from political parties which he called &quot;political blackmail&quot;.</p>
<p>&quot;In reality, we are going through a government crisis,&quot; Shkele told a news conference.</p>
<p>&quot;Next week, I will present a plan to the political parties on how to get out of this situation,&quot; he added.</p>
<p>He refused to give details on the measures that he would propose to end the crisis.</p>
<p>The multi-party government has been beset by problems over an anti-corruption which has caused the resignation of four government ministers.</p>
<p>Transport Minister Vilis Krishtopans has also been in the corruption spotlight but has refused to resign.</p>
<p>His party, Latvia's Way, has said that if Shkele makes Krishtopans quit, then it will leave the government.</p>
<p>Scandal has also arisen over a loan of eight million lats which was owed to bankrupt bank Banka Baltiya by state energy supplier Latvenergo but which was sold to a Lichtenstein financial firm for only five million lats.</p>
<p>An investigation has now been launched into the deal.</p>
<p>&quot;I am filled with indignation about this agreement. I will do all that I can to make sure that this investigation is carried out energetically,&quot; Shkele added.</p>
<p>-- Patrick Lannin, Riga newsroom, +371 721 5240</p>
</text>
<copyright>(c) Reuters Limited 1997</copyright>
<metadata>
<codes class="bip:countries:1.0">
  <code code="LATV">
    <editdetail attribution="Reuters BIP Coding Group" action="confirmed" date="1997-07-18"/>
  </code>
</codes>
<codes class="bip:topics:1.0">
  <code code="GCAT">
    <editdetail attribution="Reuters BIP Coding Group" action="confirmed" date="1997-07-18"/>
  </code>
  <code code="GPOL">
    <editdetail attribution="Reuters BIP Coding Group" action="confirmed" date="1997-07-18"/>
  </code>
</codes>
<dc element="dc.date.created" value="1997-07-18"/>
<dc element="dc.publisher" value="Reuters Holdings Plc"/>
<dc element="dc.date.published" value="1997-07-18"/>
<dc element="dc.source" value="Reuters"/>
<dc element="dc.creator.location" value="RIGA"/>
<dc element="dc.creator.location.country.name" value="LATVIA"/>
<dc element="dc.source" value="Reuters"/>
</metadata>
</newsitem>
