<?xml version="1.0" encoding="iso-8859-1" ?>
<newsitem itemid="738445" id="root" date="1997-07-18" xml:lang="en">
<title>POLAND: MOSTOSTAL-W JUNE NET UP TO PLN 0,6 MLN.</title>
<headline>MOSTOSTAL-W JUNE NET UP TO PLN 0,6 MLN.</headline>
<dateline>WARSAW 1997-07-18</dateline>
<text>
<p>Preliminary results June</p>
<p>(in million zlotys unless stated)</p>
<p> JUNE		     1997     1996</p>
<p> Net profit	     0.64 vs   0.38</p>
<p> Pre-tax profit	 0.98 vs   0.52</p>
<p> Operating profit     0.98 vs   0.49</p>
<p> Sales		   28.39 vs   7.69</p>
<p> JANUARY-JUNE	   1997     1996</p>
<p> Net profit	     3.18 vs   2.00</p>
<p> Pre-tax profit	 4.94 vs   2.93</p>
<p> Operating profit     4.56 vs   2.47</p>
<p> Sales		  109.40 vs  40.94</p>
<p>Note. Full name of the Polish construction company is</p>
<p>Mostostal Warszawa SA.</p>
<p>-- Warsaw Newsroom +48 22 653 9700</p>
</text>
<copyright>(c) Reuters Limited 1997</copyright>
<metadata>
<codes class="bip:countries:1.0">
  <code code="POL">
    <editdetail attribution="Reuters BIP Coding Group" action="confirmed" date="1997-07-18"/>
  </code>
</codes>
<codes class="bip:industries:1.0">
  <code code="I50200">
    <editdetail attribution="Reuters BIP Coding Group" action="confirmed" date="1997-07-18"/>
  </code>
</codes>
<codes class="bip:topics:1.0">
  <code code="C15">
    <editdetail attribution="Reuters BIP Coding Group" action="confirmed" date="1997-07-18"/>
  </code>
  <code code="C151">
    <editdetail attribution="Reuters BIP Coding Group" action="confirmed" date="1997-07-18"/>
  </code>
  <code code="CCAT">
    <editdetail attribution="Reuters BIP Coding Group" action="confirmed" date="1997-07-18"/>
  </code>
</codes>
<dc element="dc.date.created" value="1997-07-18"/>
<dc element="dc.publisher" value="Reuters Holdings Plc"/>
<dc element="dc.date.published" value="1997-07-18"/>
<dc element="dc.source" value="Reuters"/>
<dc element="dc.creator.location" value="WARSAW"/>
<dc element="dc.creator.location.country.name" value="POLAND"/>
<dc element="dc.source" value="Reuters"/>
</metadata>
</newsitem>
