<?xml version="1.0" encoding="iso-8859-1" ?>
<newsitem itemid="738459" id="root" date="1997-07-18" xml:lang="en">
<title>ESTONIA: ESTONIA - RAKVERE TO ISSUE BONDS.</title>
<headline>ESTONIA - RAKVERE TO ISSUE BONDS.</headline>
<dateline>TALLINN 1997-07-18</dateline>
<text>
<p>Rakvere Meat Factory said on Friday it will issue 11.25 million marks in one year bonds to finance its acquisition of the majority of shares in Latvia's Rigas Miesnieks.</p>
<p>The bonds will yield seven percent and their nominal value is 10,000 marks, it added in a statement.  </p>
<p>The issue, organised by Uhispank, will take place on July 28.</p>
<p>Rakvere signed the agreement to buy 67 percent of Latvia's largest meat producer on May 14. It said earlier it will pay 103 million kroons for the shares.</p>
<p>-- Eva Palu, Tallinn newsroom, +372 6209 201, reuters@reuters.ee</p>
</text>
<copyright>(c) Reuters Limited 1997</copyright>
<metadata>
<codes class="bip:countries:1.0">
  <code code="ESTNIA">
    <editdetail attribution="Reuters BIP Coding Group" action="confirmed" date="1997-07-18"/>
  </code>
  <code code="LATV">
    <editdetail attribution="Reuters BIP Coding Group" action="confirmed" date="1997-07-18"/>
  </code>
</codes>
<codes class="bip:industries:1.0">
  <code code="I41200">
    <editdetail attribution="Reuters BIP Coding Group" action="confirmed" date="1997-07-18"/>
  </code>
</codes>
<codes class="bip:topics:1.0">
  <code code="C17">
    <editdetail attribution="Reuters BIP Coding Group" action="confirmed" date="1997-07-18"/>
  </code>
  <code code="C172">
    <editdetail attribution="Reuters BIP Coding Group" action="confirmed" date="1997-07-18"/>
  </code>
  <code code="C18">
    <editdetail attribution="Reuters BIP Coding Group" action="confirmed" date="1997-07-18"/>
  </code>
  <code code="C181">
    <editdetail attribution="Reuters BIP Coding Group" action="confirmed" date="1997-07-18"/>
  </code>
  <code code="CCAT">
    <editdetail attribution="Reuters BIP Coding Group" action="confirmed" date="1997-07-18"/>
  </code>
</codes>
<dc element="dc.date.created" value="1997-07-18"/>
<dc element="dc.publisher" value="Reuters Holdings Plc"/>
<dc element="dc.date.published" value="1997-07-18"/>
<dc element="dc.source" value="Reuters"/>
<dc element="dc.creator.location" value="TALLINN"/>
<dc element="dc.creator.location.country.name" value="ESTONIA"/>
<dc element="dc.source" value="Reuters"/>
</metadata>
</newsitem>
