<?xml version="1.0" encoding="iso-8859-1" ?>
<newsitem itemid="738418" id="root" date="1997-07-18" xml:lang="en">
<title>POLAND: PPWK JUNE NET RISES TO PLN 0.9 MLN.</title>
<headline>PPWK JUNE NET RISES TO PLN 0.9 MLN.</headline>
<dateline>WARSAW 1997-07-18</dateline>
<text>
<p>Preliminary results June</p>
<p>(in million zlotys unless stated)</p>
<p> JUNE		     1997     1996</p>
<p> Net profit	     0.87 vs   0.60</p>
<p> Pre-tax profit	 1.41 vs   0.86</p>
<p> Operating profit     1.37 vs   0.88</p>
<p> Sales		    4.12 vs   3.09</p>
<p> JANUARY-JUNE	   1997     1996</p>
<p> Net profit	     2.60 vs   2.10</p>
<p> Pre-tax profit	 4.00 vs   3.05</p>
<p> Operating profit     3.63 vs   3.31</p>
<p> Sales		   14.65 vs  11.31</p>
<p>Note. Full name of the Polish map publisher is Polskie</p>
<p>Przedsiebiorstwo Wydawnictw Kartograficznych SA.</p>
<p>-- Warsaw Newsroom +48 22 653 9700</p>
</text>
<copyright>(c) Reuters Limited 1997</copyright>
<metadata>
<codes class="bip:countries:1.0">
  <code code="POL">
    <editdetail attribution="Reuters BIP Coding Group" action="confirmed" date="1997-07-18"/>
  </code>
</codes>
<codes class="bip:industries:1.0">
  <code code="I47530">
    <editdetail attribution="Reuters BIP Coding Group" action="confirmed" date="1997-07-18"/>
  </code>
</codes>
<codes class="bip:topics:1.0">
  <code code="C15">
    <editdetail attribution="Reuters BIP Coding Group" action="confirmed" date="1997-07-18"/>
  </code>
  <code code="C151">
    <editdetail attribution="Reuters BIP Coding Group" action="confirmed" date="1997-07-18"/>
  </code>
  <code code="CCAT">
    <editdetail attribution="Reuters BIP Coding Group" action="confirmed" date="1997-07-18"/>
  </code>
</codes>
<dc element="dc.date.created" value="1997-07-18"/>
<dc element="dc.publisher" value="Reuters Holdings Plc"/>
<dc element="dc.date.published" value="1997-07-18"/>
<dc element="dc.source" value="Reuters"/>
<dc element="dc.creator.location" value="WARSAW"/>
<dc element="dc.creator.location.country.name" value="POLAND"/>
<dc element="dc.source" value="Reuters"/>
</metadata>
</newsitem>
