<?xml version="1.0" encoding="iso-8859-1" ?>
<newsitem itemid="738549" id="root" date="1997-07-18" xml:lang="en">
<title>UK: London sugar freight - Brazil the main origin.</title>
<headline>London sugar freight - Brazil the main origin.</headline>
<dateline>LONDON 1997-07-18</dateline>
<text>
<p>Brazil remained the main origin quoted in new enquiries and in reported fixtures, brokers said.</p>
<p>New enquiry -</p>
<p>Czarnikow-Rionda 22,000/23,000 bulk from Rosario to US Gulf or Atlantic end July/early Aug and 14,000 bagged Thailand to Karachi/Red Sea/East Africa prompt.</p>
<p>Cargill 14,000 bagged from Santos to East and West Africa, Red Sea, Indian Ocean, Med, Black Sea or Baltic early Aug.</p>
<p>Fixtures</p>
<p>Cargill 25,000 bulk Santos or Parangua to Baltic, Black Sea or Med.</p>
<p>Genoc 20,000/25,000 bulk Parangaua to Baltic or Black Sea prompt.</p>
<p>Dreyfus 14,000 bagged South Brazil to Red Sea end July.</p>
<p>Sugar Chartering 12,000 bulk Philippines to US Gulf or Atlantic prompt.</p>
<p>Amerop 20.000/25,000 bulk Rosario to US Gulf or Atlantic prompt.</p>
<p>London Newsroom, +44 171 542 7771</p>
</text>
<copyright>(c) Reuters Limited 1997</copyright>
<metadata>
<codes class="bip:countries:1.0">
  <code code="UK">
    <editdetail attribution="Reuters BIP Coding Group" action="confirmed" date="1997-07-18"/>
  </code>
</codes>
<codes class="bip:topics:1.0">
  <code code="M14">
    <editdetail attribution="Reuters BIP Coding Group" action="confirmed" date="1997-07-18"/>
  </code>
  <code code="M141">
    <editdetail attribution="Reuters BIP Coding Group" action="confirmed" date="1997-07-18"/>
  </code>
  <code code="MCAT">
    <editdetail attribution="Reuters BIP Coding Group" action="confirmed" date="1997-07-18"/>
  </code>
</codes>
<dc element="dc.date.created" value="1997-07-18"/>
<dc element="dc.publisher" value="Reuters Holdings Plc"/>
<dc element="dc.date.published" value="1997-07-18"/>
<dc element="dc.source" value="Reuters"/>
<dc element="dc.creator.location" value="LONDON"/>
<dc element="dc.creator.location.country.name" value="UK"/>
<dc element="dc.source" value="Reuters"/>
</metadata>
</newsitem>
