<?xml version="1.0" encoding="iso-8859-1" ?>
<newsitem itemid="738535" id="root" date="1997-07-18" xml:lang="en">
<title>UK: NWE straight-run fuel oil ends week higher.</title>
<headline>NWE straight-run fuel oil ends week higher.</headline>
<dateline>LONDON 1997-07-18</dateline>
<text>
<p>European low sulphur straight-run prices ended the week higher on the offer side on the back of recent gains in crude and increasing demand, traders said.</p>
<p>A refiner was heard to have moved a cargo of 0.5 pct sulphur material but the deal could not be immediately confirmed. The seller was heard offering at $109 fob, or a few dollars higher than earlier levels this week.</p>
<p>&quot;The market has two fundamental reasons to go up. Crude prices are higher and the supply/demand differential is giving the market a push,&quot; a trader with a refiner said.</p>
<p>&quot;There are some people who are desperate for prompt barrels now,&quot; a trader with a refiner said.</p>
<p>With most of the July material gone, with the exception of a 20,000-tonne piece being re-offered by a U.S. independent refiner, talk is concentrating on August barrels.</p>
<p>Russian M-100 high sulphur straight-run was said to have traded at two means plus $5 or a little higher late on Thursday, a price said to be reflective of the market.</p>
<p>--Haitham Haddadin, London newsroom, +44 171 542 8145</p>
</text>
<copyright>(c) Reuters Limited 1997</copyright>
<metadata>
<codes class="bip:countries:1.0">
  <code code="UK">
    <editdetail attribution="Reuters BIP Coding Group" action="confirmed" date="1997-07-18"/>
  </code>
</codes>
<codes class="bip:topics:1.0">
  <code code="M14">
    <editdetail attribution="Reuters BIP Coding Group" action="confirmed" date="1997-07-18"/>
  </code>
  <code code="M143">
    <editdetail attribution="Reuters BIP Coding Group" action="confirmed" date="1997-07-18"/>
  </code>
  <code code="MCAT">
    <editdetail attribution="Reuters BIP Coding Group" action="confirmed" date="1997-07-18"/>
  </code>
</codes>
<dc element="dc.date.created" value="1997-07-18"/>
<dc element="dc.publisher" value="Reuters Holdings Plc"/>
<dc element="dc.date.published" value="1997-07-18"/>
<dc element="dc.source" value="Reuters"/>
<dc element="dc.creator.location" value="LONDON"/>
<dc element="dc.creator.location.country.name" value="UK"/>
<dc element="dc.source" value="Reuters"/>
</metadata>
</newsitem>
