<?xml version="1.0" encoding="iso-8859-1" ?>
<newsitem itemid="738542" id="root" date="1997-07-18" xml:lang="en">
<title>UK: European gas giants disagree on EU directive.</title>
<headline>European gas giants disagree on EU directive.</headline>
<dateline>LONDON 1997-07-18</dateline>
<text>
<p>The European Union's proposed gas directive faces severe difficulties before a compromise can be reached which will satisfy all member states, senior officials of three of Europe's largest gas companies told a British government enquiry.</p>
<p>The directive, expected to be approved by the end of this year, is intended to open European markets to competition by gradually allowing consumers to buy gas from competing suppliers.</p>
<p>But gas sectors are at differing stages of development in each member state. And there are key differences between countries which produce some or all of their own gas and those which import nearly all of it.</p>
<p>But giving evidence to a committee examining the draft directive in the U.K.'s upper House of Lords on Thursday, Georges Bouchard, vice president and Head of European Affairs at Gaz de France said a compromise was better than nothing.</p>
<p>&quot;We think it is better to have a directive which not everybody likes than no directive,&quot; he said.</p>
<p>He said that since an electricity directive was approved last year, it would be difficult to keep out a gas directive. This would be desirable as long as it allowed countries to develop their markets separately, and contained protection for long term take or pay contracts.</p>
<p>Wilfried Czernie, senior general manager of Germany's Ruhrgas warned of possible large-scale intervention in the industry by the European Commission</p>
<p>&quot;Our minister of economics started in September last year with the attitude that there is no necessity for the gas directive at all,&quot; he said.</p>
<p>Bouchard said the main problem was that there was not a real market in Europe at present.</p>
<p>&quot;You need many sellers and many buyers,&quot; he said. &quot;But we only have four sellers.&quot;</p>
<p>The biggest suppliers to the European market are currently Russia, Norway, Algeria and the Netherlands.</p>
<p>Britain will also become a net exporter next year when the Interconnector, a pipeline connecting it with Zeebrugge in Belgium, comes onstream.</p>
<p>Pedro Moraleda, Director of International Relations at Spanish utility gasNatural said that for Spain's concern was the issue of long term take or pay contracts.</p>
<p>Spain, which takes most of its dry natural gas from Algeria through the Maghreb-Europe pipeline, wants such contracts protected, but many may be considered incompatible with competition under the directive.</p>
<p>Bouchard echoed this point, saying that Gaz de France buys 90 percent of its gas under take or pay contracts. This could cause it problems if it is forced to give up part of its market share</p>
<p>&quot;If we lose more than 10 percent of our market we will have problems with take or pay contracts,&quot; he said, although he acknowledged that &quot;for the consumer, more competition is generally good.&quot;</p>
<p>The directive is expected to open markets in three tiers, with the first granting large industrial users the right to buy from any supplier first -- although it is not yet agreed who</p>
</text>
<copyright>(c) Reuters Limited 1997</copyright>
<metadata>
<codes class="bip:countries:1.0">
  <code code="EEC">
    <editdetail attribution="Reuters BIP Coding Group" action="confirmed" date="1997-07-18"/>
  </code>
  <code code="UK">
    <editdetail attribution="Reuters BIP Coding Group" action="confirmed" date="1997-07-18"/>
  </code>
</codes>
<codes class="bip:industries:1.0">
  <code code="I13000">
    <editdetail attribution="Reuters BIP Coding Group" action="confirmed" date="1997-07-18"/>
  </code>
  <code code="I16200">
    <editdetail attribution="Reuters BIP Coding Group" action="confirmed" date="1997-07-18"/>
  </code>
</codes>
<codes class="bip:topics:1.0">
  <code code="C34">
    <editdetail attribution="Reuters BIP Coding Group" action="confirmed" date="1997-07-18"/>
  </code>
  <code code="CCAT">
    <editdetail attribution="Reuters BIP Coding Group" action="confirmed" date="1997-07-18"/>
  </code>
  <code code="G15">
    <editdetail attribution="Reuters BIP Coding Group" action="confirmed" date="1997-07-18"/>
  </code>
  <code code="G152">
    <editdetail attribution="Reuters BIP Coding Group" action="confirmed" date="1997-07-18"/>
  </code>
  <code code="G157">
    <editdetail attribution="Reuters BIP Coding Group" action="confirmed" date="1997-07-18"/>
  </code>
  <code code="GCAT">
    <editdetail attribution="Reuters BIP Coding Group" action="confirmed" date="1997-07-18"/>
  </code>
</codes>
<dc element="dc.date.created" value="1997-07-18"/>
<dc element="dc.publisher" value="Reuters Holdings Plc"/>
<dc element="dc.date.published" value="1997-07-18"/>
<dc element="dc.source" value="Reuters"/>
<dc element="dc.creator.location" value="LONDON"/>
<dc element="dc.creator.location.country.name" value="UK"/>
<dc element="dc.source" value="Reuters"/>
</metadata>
</newsitem>
