<?xml version="1.0" encoding="iso-8859-1" ?>
<newsitem itemid="738514" id="root" date="1997-07-18" xml:lang="en">
<title>UK: FOCUS-Producers try to boost aluminium price.</title>
<headline>FOCUS-Producers try to boost aluminium price.</headline>
<dateline>LONDON 1997-07-18</dateline>
<text>
<p>Two major U.S. producers attempted to give flagging aluminium prices a boost and one called for an inquiry by the London Metal Exchange into ways to prevent price manipulation.</p>
<p>Among other commodities grain markets in Chicago surged higher in response to dry weather in the U.S. Midwest and gold continued its slow recovery from recent 12 year lows.</p>
<p>Alcoa and Reynolds Metals, two of the world's biggest aluminium producers both firmly re-stated that they would not be starting-up their idled smelter capacity until the market needs it.</p>
<p>&quot;We have no intention to restart that capacity in the short term,&quot; Reynolds chairman and CEO Jeremiah Sheehan said.</p>
<p>Aluminium on the London Metal Exchange (LME) rose $18 during Friday's trading to edge back above $1,600 but was still well below this year's early March high around $1,700 a tonne.</p>
<p>This was a bone of contention for Alcoa chief executive Paul O'Neill who said that LME inventories were shrinking by the day but the price was going down, in defiance of basic textbook economics.</p>
<p>&quot;That suggests something, perhaps including intentional manipulation,&quot; O'Neill said, adding that he intended to write to the LME.</p>
<p>LME warehouse stocks have been declining steadily this year and currently stand at 654,375 tonnes against 955,850 tonnes at the start of 1997.</p>
<p>In Chicago fears that forecast rainfall would miss some of the dry corn growing areas of the U.S. lifted corn prices in the grain pit, and soyabeans too.</p>
<p>This dry weather threat to the potential yield of both crops saw corn prices up around six cents a bushel a midday at around $2.53 for September futures and soyabeans up 12 cents with September at $6.56 a bushel.</p>
<p>Gold's performance provided a crumb of comfort for the few remaining bulls in the market with a close above $324.00 an ounce showing a gain of nearly five dollars since Thursday.</p>
<p>But most traders still reckoned this bounce, from 12 year lows of around $314 last week, was nothing more than an overdue correction to a market that had become very much oversold on the way down to those lows.</p>
<p>Some key prices at 1620 GMT.</p>
<p>						     Friday  Thursday  Ldn</p>
<p>Spot Gold($ per ounce)			 324.15    319.55</p>
<p>IPE Brent Crude Oil (Sep)		     18.52     18.66</p>
<p>London Metal Exchange (3 mths delivery)</p>
<p> Copper ($ per tonne)			2,290.00  2,280.00</p>
<p> Aluminium ($ per tonne)		   1,579.00  1,579.00 LIFFE</p>
<p>Robusta Coffee ($/tonne) (Sep)	   1,600.00  1,605.00 Cocoa</p>
<p>(Stg/tonne) (Sep) 1,015.00 1,021.00 White Sugar ($/tonne Aug)</p>
<p>321.20 322.00 Chicago Board of Trade Wheat</p>
<p> Sep($/bshl)					 3.36	3.33</p>
</text>
<copyright>(c) Reuters Limited 1997</copyright>
<metadata>
<codes class="bip:countries:1.0">
  <code code="UK">
    <editdetail attribution="Reuters BIP Coding Group" action="confirmed" date="1997-07-18"/>
  </code>
</codes>
<codes class="bip:topics:1.0">
  <code code="M14">
    <editdetail attribution="Reuters BIP Coding Group" action="confirmed" date="1997-07-18"/>
  </code>
  <code code="M142">
    <editdetail attribution="Reuters BIP Coding Group" action="confirmed" date="1997-07-18"/>
  </code>
  <code code="MCAT">
    <editdetail attribution="Reuters BIP Coding Group" action="confirmed" date="1997-07-18"/>
  </code>
</codes>
<dc element="dc.date.created" value="1997-07-18"/>
<dc element="dc.publisher" value="Reuters Holdings Plc"/>
<dc element="dc.date.published" value="1997-07-18"/>
<dc element="dc.source" value="Reuters"/>
<dc element="dc.creator.location" value="LONDON"/>
<dc element="dc.creator.location.country.name" value="UK"/>
<dc element="dc.source" value="Reuters"/>
</metadata>
</newsitem>
