<?xml version="1.0" encoding="iso-8859-1" ?>
<newsitem itemid="738508" id="root" date="1997-07-18" xml:lang="en">
<title>UK: Med oil products steady to touch firmer.</title>
<headline>Med oil products steady to touch firmer.</headline>
<dateline>LONDON 1997-07-18</dateline>
<text>
<p>Med oil products were largely firmer on Friday, traders said.</p>
<p>Gas oil prices remained firm with tight prompt supplies, particularly of diesel but also 0.2 sulphur material and demand into the East Med supportive.</p>
<p>Traders said tenders for early August deliveries in to Turkey and Syria for up to seven cargoes kept sentiment firm while limited local demand balanced the tight prompt market.</p>
<p>Jet was firm with refiners offering only small parcels. Traders said buyers were mainly focused on next month's Libyan programme with the few larger cargoes around highly priced.</p>
<p>They said high freight costs were restrictive and putting together combination cargoes was proving very difficult.</p>
<p>Naphtha dealers saw Med values stable in the high $180s in the absence of fresh buying interest or identifiable offers.</p>
<p>Brokers and petchem end-users, who had expressed surprise about the $190 CIF Med sale of a Greek cargo Thursday, said it was unlikely that by end-Friday at least talk would reach that level.</p>
<p>They did, however, acknowledge that a still open arb window from the Med to the East and to the US Gulf would keep the market tight for several days yet.</p>
<p>High sulphur fuel oil cargoes continued steady to a little stronger after a bunker spec cargo was reported sold out of southern France at high fob +$5.</p>
<p>Traders said the market was awaiting for the results of a tender by Electricidad du Portugal for the purchase of at least one cargo of high sulphur cracked material.</p>
<p>Low sulphur cargoes was largely unchanged with little material seen on offer and one buyer that was looking for 50,000 tonnes of cracked one percent not seen on the market.  </p>
<p>A major buyer will continue to buy cargoes under its term contracts soon, after picking up at least 90,000 tonnes in the north earlier this week.</p>
<p>Gasoline was a touch easier losing $1 or so having endured a roller-coast ride over the last couple of days. The hefty upwards swing seen yesterday was knocked away and unleaded premium cargoes were pegged around $195 cif Med.</p>
<p>--London newsroom, +44 171 542 8145</p>
</text>
<copyright>(c) Reuters Limited 1997</copyright>
<metadata>
<codes class="bip:countries:1.0">
  <code code="UK">
    <editdetail attribution="Reuters BIP Coding Group" action="confirmed" date="1997-07-18"/>
  </code>
</codes>
<codes class="bip:topics:1.0">
  <code code="M14">
    <editdetail attribution="Reuters BIP Coding Group" action="confirmed" date="1997-07-18"/>
  </code>
  <code code="M143">
    <editdetail attribution="Reuters BIP Coding Group" action="confirmed" date="1997-07-18"/>
  </code>
  <code code="MCAT">
    <editdetail attribution="Reuters BIP Coding Group" action="confirmed" date="1997-07-18"/>
  </code>
</codes>
<dc element="dc.date.created" value="1997-07-18"/>
<dc element="dc.publisher" value="Reuters Holdings Plc"/>
<dc element="dc.date.published" value="1997-07-18"/>
<dc element="dc.source" value="Reuters"/>
<dc element="dc.creator.location" value="LONDON"/>
<dc element="dc.creator.location.country.name" value="UK"/>
<dc element="dc.source" value="Reuters"/>
</metadata>
</newsitem>
