<?xml version="1.0" encoding="iso-8859-1" ?>
<newsitem itemid="738519" id="root" date="1997-07-18" xml:lang="en">
<title>UK: LIFFE coffee ends off highs after NY rally.</title>
<headline>LIFFE coffee ends off highs after NY rally.</headline>
<dateline>LONDON 1997-07-18</dateline>
<text>
<p>LIFFE coffee futures reversed an earlier weaker trend to end Friday higher but well below the day's peaks on late selling.</p>
<p>Traders said London advanced in mid-afternoon after New York rose sharply on speculative buying.</p>
<p>Robustas gave back some of their gains but still closed higher. September, which earlier in the week dipped to a low of $1,530 a tonne, regained the $1,600 mark to touch a high of $1,625 and pave the way for further progress next week.</p>
<p>The contract finished $5 higher at $1,600.</p>
<p>&quot;Technically, it's quite a positive finish at $1,600,&quot; said one trader.</p>
<p>However dealings were thin with just 2,929 lots changing hands.</p>
<p>Sept/Dec spread stood at level money at the close against $10 on Thursday.</p>
<p>Robustas saw some losses towards the close on Thursday on light stop-loss selling although volume was far from impressive.</p>
<p>Earlier, some technical analysts said the coffee market risked further retracement towards the immediate $1,530 support as it builds a new, lower trading range.</p>
<p>On the upside, strong resistance was at $1,700, then up to $1,750.</p>
<p>On the weather front, Brazil's coffee areas are heading into a frost-free weekend again. The outlook is for mild weather from Sunday through Tuesday, weathermen say.</p>
<p>-- Jalil Hamid, London newsroom +44 171 542 4985</p>
</text>
<copyright>(c) Reuters Limited 1997</copyright>
<metadata>
<codes class="bip:countries:1.0">
  <code code="UK">
    <editdetail attribution="Reuters BIP Coding Group" action="confirmed" date="1997-07-18"/>
  </code>
</codes>
<codes class="bip:topics:1.0">
  <code code="M14">
    <editdetail attribution="Reuters BIP Coding Group" action="confirmed" date="1997-07-18"/>
  </code>
  <code code="M141">
    <editdetail attribution="Reuters BIP Coding Group" action="confirmed" date="1997-07-18"/>
  </code>
  <code code="MCAT">
    <editdetail attribution="Reuters BIP Coding Group" action="confirmed" date="1997-07-18"/>
  </code>
</codes>
<dc element="dc.date.created" value="1997-07-18"/>
<dc element="dc.publisher" value="Reuters Holdings Plc"/>
<dc element="dc.date.published" value="1997-07-18"/>
<dc element="dc.source" value="Reuters"/>
<dc element="dc.creator.location" value="LONDON"/>
<dc element="dc.creator.location.country.name" value="UK"/>
<dc element="dc.source" value="Reuters"/>
</metadata>
</newsitem>
