<?xml version="1.0" encoding="iso-8859-1" ?>
<newsitem itemid="492798" id="root" date="1997-04-08" xml:lang="en">
<title>USA: Europa Cruises Corp Q1 net profit vs loss.</title>
<headline>Europa Cruises Corp Q1 net profit vs loss.</headline>
<dateline>MADEIRA BEACH, Fla. 1997-04-08</dateline>
<text>
<p>EUROPA CRUISES AND SUBSIDIARIES</p>
<p>		     CONSOLIDATED STATEMENTS OF OPERATIONS</p>
<p>					 (Unaudited)</p>
<p>			     Three Months Ended March 31,</p>
<p>				  1997	   1996</p>
<p>Revenues</p>
<p> Gaming revenue     $4,340,899   $ 2,588,314</p>
<p> Passenger fares     1,135,628     1,229,755</p>
<p> Food and beverage     388,588	 354,428</p>
<p> Subcharter fees		 0	 237,267</p>
<p> Other		     199,243	  58,604</p>
<p> Total		   6,064,358     4,468,368</p>
<p>Costs and Expenses:</p>
<p> Vessel operating    3,381,684     3,079,209</p>
<p>Administrative and</p>
<p>  general		  608,343	 566,135</p>
<p>Advertising and</p>
<p>  promotion		414,609	 390,791</p>
<p>Depreciation and</p>
<p>  amortization	   456,078	 346,371</p>
<p> Interest, net	   231,243	 211,706</p>
<p> Other operating	 283,947	  45,625</p>
<p> Total		   5,375,904     4,639,837</p>
<p> Net (loss) income     688,454     (171,469)</p>
<p>Preferred stock</p>
<p>  dividends	     (46,887)	(29,872)</p>
<p>Net (loss) income</p>
<p>applicable to</p>
<p>  common stock	   641,567     (201,341)</p>
<p>Net (loss) income</p>
<p>  per common		 0.028	  (0.01)</p>
<p>Weighted average number</p>
<p>of common and common</p>
<p>equivalent shares</p>
<p>outstanding and</p>
<p>  fully diluted     22,899,058    18,673,985</p>
<p>((-- New York Newsdesk 212 859-1610))</p>
</text>
<copyright>(c) Reuters Limited 1997</copyright>
<metadata>
<codes class="bip:countries:1.0">
  <code code="USA">
    <editdetail attribution="Reuters BIP Coding Group" action="confirmed" date="1997-04-08"/>
  </code>
</codes>
<codes class="bip:industries:1.0">
  <code code="I97912">
    <editdetail attribution="Reuters BIP Coding Group" action="confirmed" date="1997-04-08"/>
  </code>
</codes>
<codes class="bip:topics:1.0">
  <code code="C15">
    <editdetail attribution="Reuters BIP Coding Group" action="confirmed" date="1997-04-08"/>
  </code>
  <code code="C151">
    <editdetail attribution="Reuters BIP Coding Group" action="confirmed" date="1997-04-08"/>
  </code>
  <code code="CCAT">
    <editdetail attribution="Reuters BIP Coding Group" action="confirmed" date="1997-04-08"/>
  </code>
</codes>
<dc element="dc.date.created" value="1997-04-08"/>
<dc element="dc.publisher" value="Reuters Holdings Plc"/>
<dc element="dc.date.published" value="1997-04-08"/>
<dc element="dc.source" value="Reuters"/>
<dc element="dc.creator.location" value="MADEIRA BEACH, Fla."/>
<dc element="dc.creator.location.country.name" value="USA"/>
<dc element="dc.source" value="Reuters"/>
</metadata>
</newsitem>
