<?xml version="1.0" encoding="iso-8859-1" ?>
<newsitem itemid="492794" id="root" date="1997-04-08" xml:lang="en">
<title>USA: Optika Imaging Systems Q1 full results.</title>
<headline>Optika Imaging Systems Q1 full results.</headline>
<dateline>COLORADO SPRINGS, Colo. 1997-04-08</dateline>
<text>
<p>Optika Imaging Systems Inc.</p>
<p>		Condensed Consolidated Statement of Operations</p>
<p>				  (Unaudited)</p>
<p>		   (In thousands, except per share amounts)</p>
<p>						     Quarter ended</p>
<p>							Mar 31	Mar 31</p>
<p>							  1996	  1997</p>
<p>Revenues:</p>
<p>  Licenses					 $ 2,506     $ 3,195</p>
<p>  Maintenance and other			    600	 1,327</p>
<p>   Total revenues				  3,106	 4,522</p>
<p>Cost of Revenues:</p>
<p>  Licenses					     131	   160</p>
<p>  Maintenance and other			    387	   621</p>
<p>   Total cost of revenues			  518	   781</p>
<p> Gross profit					2,588	 3,741</p>
<p>Operating expenses:</p>
<p>  Sales &amp; marketing				1,238	 2,154</p>
<p>  Research &amp; development			 1,052	 1,149</p>
<p>  General &amp; administrative			 288	   403</p>
<p>   Total operating expenses		    2,578	 3,706</p>
<p> Income from Operations			     10	    35</p>
<p> Total other income (expense)		    (8)	    81</p>
<p> Income before provision for income taxes	2	   116</p>
<p> Provision for income taxes			 --	    43</p>
<p> Net income						2	    73</p>
<p> Weighted average shares outstanding	 5,586	 7,821</p>
<p> Earnings per share				 0.00	  0.01</p>
<p>			Condensed Consolidated Balance Sheet</p>
<p>				    (Unaudited)</p>
<p>				     (In thousands)</p>
<p>						    Dec. 31	 Mar 31</p>
<p>							 1996	   1997</p>
<p>Assets</p>
<p>Current assets:</p>
<p>  Cash and cash equivalents		  $ 3,474     $ 2,268</p>
<p>  Short-term investments			 8,025	 8,693</p>
<p>  Accounts receivable, net		     5,766	 5,716</p>
<p>  Other current assets			     825	   886</p>
<p>   Total current assets			 18,090	17,563</p>
<p> Fixed assets, net				 1,038	 1,797</p>
<p> Other assets, net				 1,130	 1,296</p>
<p>							20,258	20,656</p>
<p>Liabilities and shareholders' equity</p>
<p>Current liabilities:</p>
<p>  Current portion of long-term debt	    280	   270</p>
<p>  Accounts payable				   808	   677</p>
<p>  Accrued vacation				   219	   257</p>
<p>  Accrued expenses				 1,107	 1,183</p>
<p>  Deferred revenues				1,859	 2,053</p>
<p>   Total current liabilities		   4,273	 4,440</p>
<p> Long-term debt					136	    41</p>
<p> Total stockholders' equity		   15,849	16,175</p>
<p>							20,258	20,656</p>
<p>((-- New York Newsdesk 212 859-1610))</p>
</text>
<copyright>(c) Reuters Limited 1997</copyright>
<metadata>
<codes class="bip:countries:1.0">
  <code code="USA">
    <editdetail attribution="Reuters BIP Coding Group" action="confirmed" date="1997-04-08"/>
  </code>
</codes>
<codes class="bip:industries:1.0">
  <code code="I33020">
    <editdetail attribution="Reuters BIP Coding Group" action="confirmed" date="1997-04-08"/>
  </code>
  <code code="I3302021">
    <editdetail attribution="Reuters BIP Coding Group" action="confirmed" date="1997-04-08"/>
  </code>
</codes>
<codes class="bip:topics:1.0">
  <code code="C15">
    <editdetail attribution="Reuters BIP Coding Group" action="confirmed" date="1997-04-08"/>
  </code>
  <code code="C151">
    <editdetail attribution="Reuters BIP Coding Group" action="confirmed" date="1997-04-08"/>
  </code>
  <code code="CCAT">
    <editdetail attribution="Reuters BIP Coding Group" action="confirmed" date="1997-04-08"/>
  </code>
</codes>
<dc element="dc.date.created" value="1997-04-08"/>
<dc element="dc.publisher" value="Reuters Holdings Plc"/>
<dc element="dc.date.published" value="1997-04-08"/>
<dc element="dc.source" value="Reuters"/>
<dc element="dc.creator.location" value="COLORADO SPRINGS, Colo."/>
<dc element="dc.creator.location.country.name" value="USA"/>
<dc element="dc.source" value="Reuters"/>
</metadata>
</newsitem>
