<?xml version="1.0" encoding="iso-8859-1" ?>
<newsitem itemid="492769" id="root" date="1997-04-08" xml:lang="en">
<title>USA: U.S. Cattle/Beef Daily Summary.</title>
<headline>U.S. Cattle/Beef Daily Summary.</headline>
<text>
<p>Midwest and High Plains Direct Slaughter Cattle: Tue, Apr 08, 1997</p>
<p>		:  Tex-OK :    KS   :    NE   :   IA    :    CO   :  5 Area</p>
<p>Tue Sales   :  25,500 :  26,600 :   8,000 :     700 :  11,700 :  72,500</p>
<p>Week to Date:  81,900 :  30,500 :  17,000 :   3,200 :  11,700 : 144,300</p>
<p>Sm Pd Lst Wk:  17,600 :   5,200 :  23,600 :   1,900 :     400 :  48,700</p>
<p>Sm Pd Lst Yr:  72,100 :  27,800 :  33,600 :   3,600 :   8,300 : 145,400</p>
<p>Tue Lv Strs :   66.00 :   66.00 :   67.00-:   66.00-:   66.00-:  66.00-</p>
<p>		:	   :	   :   67.50 :   67.00 :   67.00 :  67.50</p>
<p>Tue Lv Hfrs :   66.00 :   66.00 :   67.00-:   66.00 :   66.00-:  66.00-</p>
<p>		:	   :	   :   67.50 :	   :   67.00 :  67.50</p>
<p>Tue Dr Strs :  ------ :  ------ :  107.50-:  ------ :  108.00 : 107.50-</p>
<p>		:	   :	   :  108.00 :	   :	   : 108.00</p>
<p>Tue Dr Hfrs :  ------ :  ------ :  107.00-:  108.00 :  108.00 : 107.00-</p>
<p>		:	   :	   :  108.00 :	   :	   : 108.00</p>
<p>Live Steers : (Weighted averages for Mon, Apr 07, 1997)</p>
<p> No. Head   :  18,765 :	64 :	20 :	98 :     --- :  18,947</p>
<p> Av. Weight :    1194 :    1200 :    1275 :    1254 :    ---- :    1194</p>
<p> Av. Price  :   66.00 :   66.00 :   67.00 :   67.69 :   ----- :   66.00</p>
<p>Live heifers: (Weighted averages for Mon, Apr 07, 1997)</p>
<p> No. Head   :  15,423 :     109 :	20 :	40 :     --- :  15,592</p>
<p> Av. Weight :    1094 :    1000 :    1125 :    1150 :    ---- :    1093</p>
<p> Av. Price  :   66.00 :   66.00 :   67.00 :   67.25 :   ----- :   66.00</p>
<p>Dressed Steers: (Weighted averages for Mon, Apr 07, 1997)</p>
<p> No. Head   :     --- :     --- :     --- :     129 :     --- :     129</p>
<p> Av. Weight :    ---- :    ---- :    ---- :    1247 :    ---- :    1247</p>
<p> Av. Price  :  ------ :  ------ :  ------ :  108.86 :  ------ :  108.86</p>
<p>Dressed Heifers: (Weighted averages for Mon, Apr 07, 1997)</p>
<p> No. Head   :     --- :     --- :     --- :	50 :     --- :	50</p>
<p> Av. Weight :    ---- :    ---- :    ---- :    1190 :    ---- :    1190</p>
<p> Av. Price  :  ------ :  ------ :  ------ :  108.60 :  ------ :  108.60</p>
<p>Mon,Ttl Wted:  34,188 :     173 :	40 :     317 :   ----- :  34,718</p>
<p>Ttl others  :  14,774 :   2,597 :   3,100 :     483 :   ----- :  20,954</p>
<p>(04-08-97) Boxed Beef Cutout Value: Choice	 Select     434 Fab lds</p>
<p>			550-700 lbs  100.50 -0.37   95.16 -0.36   19 50's lds</p>
<p>			700-850 lbs   99.38 -0.46   94.67 -0.07   25 Grd  lds</p>
<p>						 (04-08-97) (--------) Week to date</p>
<p>Est'd Fed Inspected Cattle Slaughter:   130,000		  252,000</p>
</text>
<copyright>(c) Reuters Limited 1997</copyright>
<metadata>
<codes class="bip:countries:1.0">
  <code code="USA">
    <editdetail attribution="Reuters BIP Coding Group" action="confirmed" date="1997-04-08"/>
  </code>
</codes>
<codes class="bip:topics:1.0">
  <code code="M14">
    <editdetail attribution="Reuters BIP Coding Group" action="confirmed" date="1997-04-08"/>
  </code>
  <code code="M141">
    <editdetail attribution="Reuters BIP Coding Group" action="confirmed" date="1997-04-08"/>
  </code>
  <code code="MCAT">
    <editdetail attribution="Reuters BIP Coding Group" action="confirmed" date="1997-04-08"/>
  </code>
</codes>
<dc element="dc.publisher" value="Reuters Holdings Plc"/>
<dc element="dc.date.published" value="1997-04-08"/>
<dc element="dc.source" value="Reuters"/>
<dc element="dc.creator.location.country.name" value="USA"/>
<dc element="dc.source" value="Reuters"/>
</metadata>
</newsitem>
