<?xml version="1.0" encoding="iso-8859-1" ?>
<newsitem itemid="492768" id="root" date="1997-04-08" xml:lang="en">
<title>USA: RESEARCH ALERT - Vivus Inc.</title>
<headline>RESEARCH ALERT - Vivus Inc.</headline>
<text>
<p>--PaineWebber analyst Charles Olsziewski said Tuesday he planned to raise his 1997 and 1998 earnings estimates for Vivus, following the company's report Tuesday of first quarter earnings that were more than double the consensus forecast.</p>
<p>--Prior to the first quarter earnings report, Olsziewski had been forecasting earnings of $1 per share in fiscal 1997 and $2.15 in 1998. &quot;Both numbers will be going up,&quot; he said.</p>
<p>--He cited strong earnings and sales from its Muse treatment for male impotence. He also said that at a conference call with analysts the company held on Tuesday, it refuted some of the recent rumors that have contributed to its stock's volatility.</p>
<p>--Olsziewski said he has a 12-month target price of $80 for Vivus stock. He said that 50 million men worldwide suffer from impotence and that Vivus could see strong growth by capturing just a small fraction of that market.</p>
<p>&quot;I'm not saying they are going to have 50 percent market share. But if they get to 900,000 or a million customers, or two percent of the market by the year 2000, that would stll work out to earnings per share of $4.75.&quot;</p>
<p>--Olsziewski also noted the company plans to introduce a new and improved compound, that will correct impotence with fewer side effects than the current formulation.</p>
</text>
<copyright>(c) Reuters Limited 1997</copyright>
<metadata>
<codes class="bip:countries:1.0">
  <code code="USA">
    <editdetail attribution="Reuters BIP Coding Group" action="confirmed" date="1997-04-08"/>
  </code>
</codes>
<codes class="bip:industries:1.0">
  <code code="I83940">
    <editdetail attribution="Reuters BIP Coding Group" action="confirmed" date="1997-04-08"/>
  </code>
</codes>
<codes class="bip:topics:1.0">
  <code code="C15">
    <editdetail attribution="Reuters BIP Coding Group" action="confirmed" date="1997-04-08"/>
  </code>
  <code code="C152">
    <editdetail attribution="Reuters BIP Coding Group" action="confirmed" date="1997-04-08"/>
  </code>
  <code code="CCAT">
    <editdetail attribution="Reuters BIP Coding Group" action="confirmed" date="1997-04-08"/>
  </code>
</codes>
<dc element="dc.publisher" value="Reuters Holdings Plc"/>
<dc element="dc.date.published" value="1997-04-08"/>
<dc element="dc.source" value="Reuters"/>
<dc element="dc.creator.location.country.name" value="USA"/>
<dc element="dc.source" value="Reuters"/>
</metadata>
</newsitem>
