<?xml version="1.0" encoding="iso-8859-1" ?>
<newsitem itemid="492797" id="root" date="1997-04-08" xml:lang="en">
<title>USA: Gensym adopts shareholder rights plan.</title>
<headline>Gensym adopts shareholder rights plan.</headline>
<dateline>CAMBRIDGE, Mass 1997-04-08</dateline>
<text>
<p>Gensym Corp said Tuesday its board has adopted a Shareholder Rights Plan that would go into effect if any party acquires 20 percent or more of its common stock.</p>
<p>Each Right entitles common shareholders to buy one one-thousandth of a share of a new series of junior participating preferred stock at an exercise price of $35, the company said.</p>
<p>Such a plan is intended to thwart an unfair takeover attempt, the company said, adding however that it is unawre of such an effort.</p>
<p>The rights will expire April 8, 2007, unless earlier redeemed or exchanged, the company said.</p>
</text>
<copyright>(c) Reuters Limited 1997</copyright>
<metadata>
<codes class="bip:countries:1.0">
  <code code="USA">
    <editdetail attribution="Reuters BIP Coding Group" action="confirmed" date="1997-04-08"/>
  </code>
</codes>
<codes class="bip:industries:1.0">
  <code code="I83940">
    <editdetail attribution="Reuters BIP Coding Group" action="confirmed" date="1997-04-08"/>
  </code>
</codes>
<codes class="bip:topics:1.0">
  <code code="C11">
    <editdetail attribution="Reuters BIP Coding Group" action="confirmed" date="1997-04-08"/>
  </code>
  <code code="C17">
    <editdetail attribution="Reuters BIP Coding Group" action="confirmed" date="1997-04-08"/>
  </code>
  <code code="C171">
    <editdetail attribution="Reuters BIP Coding Group" action="confirmed" date="1997-04-08"/>
  </code>
  <code code="CCAT">
    <editdetail attribution="Reuters BIP Coding Group" action="confirmed" date="1997-04-08"/>
  </code>
</codes>
<dc element="dc.date.created" value="1997-04-08"/>
<dc element="dc.publisher" value="Reuters Holdings Plc"/>
<dc element="dc.date.published" value="1997-04-08"/>
<dc element="dc.source" value="Reuters"/>
<dc element="dc.creator.location" value="CAMBRIDGE, Mass"/>
<dc element="dc.creator.location.country.name" value="USA"/>
<dc element="dc.source" value="Reuters"/>
</metadata>
</newsitem>
