<?xml version="1.0" encoding="iso-8859-1" ?>
<newsitem itemid="492837" id="root" date="1997-04-08" xml:lang="en">
<title>USA: Maxus Investment and Gelfand Partners to merge.</title>
<headline>Maxus Investment and Gelfand Partners to merge.</headline>
<dateline>CLEVELAND 1997-04-08</dateline>
<text>
<p>Maxus Investment Group and Gelfand Partners Asset Management said Tuesday they have reached an agreement in principle to merge.</p>
<p>The terms of the transaction were not disclosed.</p>
<p>Maxus said it will continue as the parent to the various investment divisions, including the asset management division, which will be named Gelfand/Maxus Asset Management Inc.</p>
<p>The combined companies will manage in excess of $1.2 billion, will advise an additional $500 million and will engage in annual investment transactions exceeding $5 billion.</p>
<p>The merger, said the two companies, is expected to provide a broader product line for institutional and individual clients, which includes The Maxus family of mutual funds, custodian facilities, proprietary research and broker/dealer services.</p>
</text>
<copyright>(c) Reuters Limited 1997</copyright>
<metadata>
<codes class="bip:countries:1.0">
  <code code="USA">
    <editdetail attribution="Reuters BIP Coding Group" action="confirmed" date="1997-04-08"/>
  </code>
</codes>
<codes class="bip:industries:1.0">
  <code code="I81502">
    <editdetail attribution="Reuters BIP Coding Group" action="confirmed" date="1997-04-08"/>
  </code>
</codes>
<codes class="bip:topics:1.0">
  <code code="C18">
    <editdetail attribution="Reuters BIP Coding Group" action="confirmed" date="1997-04-08"/>
  </code>
  <code code="C181">
    <editdetail attribution="Reuters BIP Coding Group" action="confirmed" date="1997-04-08"/>
  </code>
  <code code="CCAT">
    <editdetail attribution="Reuters BIP Coding Group" action="confirmed" date="1997-04-08"/>
  </code>
</codes>
<dc element="dc.date.created" value="1997-04-08"/>
<dc element="dc.publisher" value="Reuters Holdings Plc"/>
<dc element="dc.date.published" value="1997-04-08"/>
<dc element="dc.source" value="Reuters"/>
<dc element="dc.creator.location" value="CLEVELAND"/>
<dc element="dc.creator.location.country.name" value="USA"/>
<dc element="dc.source" value="Reuters"/>
</metadata>
</newsitem>
