<?xml version="1.0" encoding="iso-8859-1" ?>
<newsitem itemid="492877" id="root" date="1997-04-08" xml:lang="en">
<title>USA: U.S.OPTIONS FOCUS-Tambrands busy on takeover talk.</title>
<headline>U.S.OPTIONS FOCUS-Tambrands busy on takeover talk.</headline>
<dateline>CHICAGO 1997-04-08</dateline>
<text>
<p>Call options on shares of Tambrands Inc were active for the third-straight session Tuesday as takeover rumors heated up, traders said.</p>
<p>&quot;There's definitely a rumor of a takeover,&quot; an options trader at the New York Stock Exchange, where Tambrands options trade, said. &quot;Everyone in the retail world is buying.&quot;</p>
<p>The buying was squarely centered on the calls, led by the April 50s, which traded about 1,350 contracts. The option had open interest of 240 contracts, which included an addition of 110 on Monday.</p>
<p>The option was up 7/8 at 1-1/2.</p>
</text>
<copyright>(c) Reuters Limited 1997</copyright>
<metadata>
<codes class="bip:countries:1.0">
  <code code="USA">
    <editdetail attribution="Reuters BIP Coding Group" action="confirmed" date="1997-04-08"/>
  </code>
</codes>
<codes class="bip:industries:1.0">
  <code code="I47200">
    <editdetail attribution="Reuters BIP Coding Group" action="confirmed" date="1997-04-08"/>
  </code>
</codes>
<codes class="bip:topics:1.0">
  <code code="C15">
    <editdetail attribution="Reuters BIP Coding Group" action="confirmed" date="1997-04-08"/>
  </code>
  <code code="C152">
    <editdetail attribution="Reuters BIP Coding Group" action="confirmed" date="1997-04-08"/>
  </code>
  <code code="C18">
    <editdetail attribution="Reuters BIP Coding Group" action="confirmed" date="1997-04-08"/>
  </code>
  <code code="C181">
    <editdetail attribution="Reuters BIP Coding Group" action="confirmed" date="1997-04-08"/>
  </code>
  <code code="CCAT">
    <editdetail attribution="Reuters BIP Coding Group" action="confirmed" date="1997-04-08"/>
  </code>
</codes>
<dc element="dc.date.created" value="1997-04-08"/>
<dc element="dc.publisher" value="Reuters Holdings Plc"/>
<dc element="dc.date.published" value="1997-04-08"/>
<dc element="dc.source" value="Reuters"/>
<dc element="dc.creator.location" value="CHICAGO"/>
<dc element="dc.creator.location.country.name" value="USA"/>
<dc element="dc.source" value="Reuters"/>
</metadata>
</newsitem>
