<?xml version="1.0" encoding="iso-8859-1" ?>
<newsitem itemid="492840" id="root" date="1997-04-08" xml:lang="en">
<title>USA: Tambrands mum on market activity, rumors.</title>
<headline>Tambrands mum on market activity, rumors.</headline>
<dateline>NEW YORK 1997-04-08</dateline>
<text>
<p>The New York Stock Exchange said Tuesday that Tambrands Inc has declined comment on unusual market activity or takeover rumors.</p>
<p>Tambrands shares closed at 46-1/8, up 5/8 on the day. But earlier the stock rose as high as 48-1/8 on speculation that the company is discussing a merger with Procter &amp; Gamble Co, market sources said.</p>
<p>Procter &amp; Gamble also declined to comment on rumors. Its shares were down 1-3/8, to 115-7/8, on the day.</p>
<p>The New York Stock Exchange said it contacted Tambrands &quot;in view of the unusual market activity&quot; in its stock. The exchange said the company replied that its policy is not to comment on unusual market activity or rumors.</p>
</text>
<copyright>(c) Reuters Limited 1997</copyright>
<metadata>
<codes class="bip:countries:1.0">
  <code code="USA">
    <editdetail attribution="Reuters BIP Coding Group" action="confirmed" date="1997-04-08"/>
  </code>
</codes>
<codes class="bip:industries:1.0">
  <code code="I25800">
    <editdetail attribution="Reuters BIP Coding Group" action="confirmed" date="1997-04-08"/>
  </code>
  <code code="I47200">
    <editdetail attribution="Reuters BIP Coding Group" action="confirmed" date="1997-04-08"/>
  </code>
</codes>
<codes class="bip:topics:1.0">
  <code code="C15">
    <editdetail attribution="Reuters BIP Coding Group" action="confirmed" date="1997-04-08"/>
  </code>
  <code code="C152">
    <editdetail attribution="Reuters BIP Coding Group" action="confirmed" date="1997-04-08"/>
  </code>
  <code code="C18">
    <editdetail attribution="Reuters BIP Coding Group" action="confirmed" date="1997-04-08"/>
  </code>
  <code code="C181">
    <editdetail attribution="Reuters BIP Coding Group" action="confirmed" date="1997-04-08"/>
  </code>
  <code code="CCAT">
    <editdetail attribution="Reuters BIP Coding Group" action="confirmed" date="1997-04-08"/>
  </code>
</codes>
<dc element="dc.date.created" value="1997-04-08"/>
<dc element="dc.publisher" value="Reuters Holdings Plc"/>
<dc element="dc.date.published" value="1997-04-08"/>
<dc element="dc.source" value="Reuters"/>
<dc element="dc.creator.location" value="NEW YORK"/>
<dc element="dc.creator.location.country.name" value="USA"/>
<dc element="dc.source" value="Reuters"/>
</metadata>
</newsitem>
