<?xml version="1.0" encoding="iso-8859-1" ?>
<newsitem itemid="492866" id="root" date="1997-04-08" xml:lang="en">
<title>USA: Provident Bancorp Inc Q1 net rises.</title>
<headline>Provident Bancorp Inc Q1 net rises.</headline>
<dateline>CINCINNATI 1997-04-08</dateline>
<text>
<p>1997			1996</p>
<p> Shr primary		$0.64		    $0.48</p>
<p> Shr diluted		 0.63		     0.47</p>
<p> Net			 27,307		   19,675</p>
<p> Avg shrs primary	42,205		   40,589</p>
<p> Avg shrs diluted	43,193		   41,660</p>
<p>(All data above 000s except per share numbers)  </p>
<p>NOTE: Assets as of March 31: $6.78 billion vs $6.24 billion.</p>
<p>Total loans as of March 31: $5.07 billion vs $4.89 billion.</p>
<p>Deposits as of March 31: $4.60 billion vs $4.07 billion.</p>
</text>
<copyright>(c) Reuters Limited 1997</copyright>
<metadata>
<codes class="bip:countries:1.0">
  <code code="USA">
    <editdetail attribution="Reuters BIP Coding Group" action="confirmed" date="1997-04-08"/>
  </code>
</codes>
<codes class="bip:industries:1.0">
  <code code="I81402">
    <editdetail attribution="Reuters BIP Coding Group" action="confirmed" date="1997-04-08"/>
  </code>
</codes>
<codes class="bip:topics:1.0">
  <code code="C15">
    <editdetail attribution="Reuters BIP Coding Group" action="confirmed" date="1997-04-08"/>
  </code>
  <code code="C151">
    <editdetail attribution="Reuters BIP Coding Group" action="confirmed" date="1997-04-08"/>
  </code>
  <code code="CCAT">
    <editdetail attribution="Reuters BIP Coding Group" action="confirmed" date="1997-04-08"/>
  </code>
</codes>
<dc element="dc.date.created" value="1997-04-08"/>
<dc element="dc.publisher" value="Reuters Holdings Plc"/>
<dc element="dc.date.published" value="1997-04-08"/>
<dc element="dc.source" value="Reuters"/>
<dc element="dc.creator.location" value="CINCINNATI"/>
<dc element="dc.creator.location.country.name" value="USA"/>
<dc element="dc.source" value="Reuters"/>
</metadata>
</newsitem>
