<?xml version="1.0" encoding="iso-8859-1" ?>
<newsitem itemid="492897" id="root" date="1997-04-08" xml:lang="en">
<title>USA: Tambrands up on P&amp;G deal rumor-mkt sources.</title>
<headline>Tambrands up on P&amp;G deal rumor-mkt sources.</headline>
<dateline>NEW YORK 1997-04-08</dateline>
<text>
<p>Tambrands Inc shares climbed higher in unusually heavy trade Tuesday on speculation that the company is in talks to merge with Procter &amp; Gamble Co, according to market sources.</p>
<p>Neither company was immediately available to comment on the rumors or stock activity.</p>
<p>During the day, Tambrands shares hit a high of 48-1/8 but eased back to 46-3/8, up 7/8, in late trading.</p>
<p>Meanwhile, P&amp;G shares fell 1-1/2, or 1.5 percent, to 115-3/4, also in unusually active trade.  </p>
<p>Options traders said investors were actively buying Tambrands call options, which stand to rise in value if the stock rallies.</p>
<p>They said the call buying, which had been increasing since late last week, was driven by takeover speculation.</p>
<p>An analyst who declined to be identified outlined several reasons P&amp;G has stated for not seeking a transaction that would give the company a significant share of the feminine hygiene market.</p>
<p>&quot;But the caveat there is this is same company that told me they would never get into cosmetics,&quot; the analyst added.  </p>
<p>In 1991, P&amp;G acquired from Revlon Inc the Max Factor cosmetics line. P&amp;G also owns the Cover Girl make-up line.</p>
<p>The analyst added that P&amp;G has said it is not interested in tampons because the business's global potential is limited due to cultural issues.</p>
<p>((--Brendan Intindola, Wall Street Desk, 212-859-1734))</p>
</text>
<copyright>(c) Reuters Limited 1997</copyright>
<metadata>
<codes class="bip:countries:1.0">
  <code code="USA">
    <editdetail attribution="Reuters BIP Coding Group" action="confirmed" date="1997-04-08"/>
  </code>
</codes>
<codes class="bip:industries:1.0">
  <code code="I25800">
    <editdetail attribution="Reuters BIP Coding Group" action="confirmed" date="1997-04-08"/>
  </code>
  <code code="I47200">
    <editdetail attribution="Reuters BIP Coding Group" action="confirmed" date="1997-04-08"/>
  </code>
</codes>
<codes class="bip:topics:1.0">
  <code code="C15">
    <editdetail attribution="Reuters BIP Coding Group" action="confirmed" date="1997-04-08"/>
  </code>
  <code code="C152">
    <editdetail attribution="Reuters BIP Coding Group" action="confirmed" date="1997-04-08"/>
  </code>
  <code code="C18">
    <editdetail attribution="Reuters BIP Coding Group" action="confirmed" date="1997-04-08"/>
  </code>
  <code code="C181">
    <editdetail attribution="Reuters BIP Coding Group" action="confirmed" date="1997-04-08"/>
  </code>
  <code code="CCAT">
    <editdetail attribution="Reuters BIP Coding Group" action="confirmed" date="1997-04-08"/>
  </code>
</codes>
<dc element="dc.date.created" value="1997-04-08"/>
<dc element="dc.publisher" value="Reuters Holdings Plc"/>
<dc element="dc.date.published" value="1997-04-08"/>
<dc element="dc.source" value="Reuters"/>
<dc element="dc.creator.location" value="NEW YORK"/>
<dc element="dc.creator.location.country.name" value="USA"/>
<dc element="dc.source" value="Reuters"/>
</metadata>
</newsitem>
