<?xml version="1.0" encoding="iso-8859-1" ?>
<newsitem itemid="492819" id="root" date="1997-04-08" xml:lang="en">
<title>USA: ArgentBank Q1 net flat.</title>
<headline>ArgentBank Q1 net flat.</headline>
<dateline>THIBODAUX, La. 1997-04-08</dateline>
<text>
<p>ArgentBank</p>
<p>				Statements of Condition</p>
<p>				   Statements of Income</p>
<p> Periods Ended (in thousands, First Quarter	 4th Quarter</p>
<p>		    except per</p>
<p>		     share data) 3/31/97  3/31/96 + or -  12/31/96</p>
<p>  TOTAL INTEREST INCOME	  10,856  10,064     792  10,641</p>
<p>  NET INTEREST INCOME	     6,550   5,985     565   6,376</p>
<p>NET INTEREST INCOME AFTER</p>
<p>   PROVISION FOR LOAN LOSSES    6,550   6,285     265   6,376</p>
<p> NET INCOME			   2,082   2,150    (68)   1,928</p>
<p> Net income per common share     0.36    0.36	--    0.33</p>
<p>-- New York Newsdesk 212 859-1610</p>
</text>
<copyright>(c) Reuters Limited 1997</copyright>
<metadata>
<codes class="bip:countries:1.0">
  <code code="USA">
    <editdetail attribution="Reuters BIP Coding Group" action="confirmed" date="1997-04-08"/>
  </code>
</codes>
<codes class="bip:industries:1.0">
  <code code="I81402">
    <editdetail attribution="Reuters BIP Coding Group" action="confirmed" date="1997-04-08"/>
  </code>
</codes>
<codes class="bip:topics:1.0">
  <code code="C15">
    <editdetail attribution="Reuters BIP Coding Group" action="confirmed" date="1997-04-08"/>
  </code>
  <code code="C151">
    <editdetail attribution="Reuters BIP Coding Group" action="confirmed" date="1997-04-08"/>
  </code>
  <code code="CCAT">
    <editdetail attribution="Reuters BIP Coding Group" action="confirmed" date="1997-04-08"/>
  </code>
</codes>
<dc element="dc.date.created" value="1997-04-08"/>
<dc element="dc.publisher" value="Reuters Holdings Plc"/>
<dc element="dc.date.published" value="1997-04-08"/>
<dc element="dc.source" value="Reuters"/>
<dc element="dc.creator.location" value="THIBODAUX, La."/>
<dc element="dc.creator.location.country.name" value="USA"/>
<dc element="dc.source" value="Reuters"/>
</metadata>
</newsitem>
