<?xml version="1.0" encoding="iso-8859-1" ?>
<newsitem itemid="492864" id="root" date="1997-04-08" xml:lang="en">
<title>USA: Spieker Properties buys West Coast buildings.</title>
<headline>Spieker Properties buys West Coast buildings.</headline>
<dateline>MENLO PARK, Calif. 1997-04-08</dateline>
<text>
<p>Spieker Properties Inc said it completed during the first quarter of 1997 the previously announced purchase of 261,000 square feet of office space on the West Coast.</p>
<p>The company said it completed the purchase of Riverside Center, a 99,000 square foot, five-story office building in Portland, Ore., and the Fountaingrove Office Complex, a three-building, 162,000 square foot property in northern California.</p>
<p>Spieker said it identified these properties as pending acquisitions in the prospectus for its January 1997 equity offering.</p>
<p>Spieker said these acquisitions bring its total investments for the first quarter to $407.8 million, representing 3.2 million rentable square feet.</p>
<p>Spieker owns and operates more than 24.9 million square feet of suburban commercial property in California and the Pacific Northwest.</p>
</text>
<copyright>(c) Reuters Limited 1997</copyright>
<metadata>
<codes class="bip:countries:1.0">
  <code code="USA">
    <editdetail attribution="Reuters BIP Coding Group" action="confirmed" date="1997-04-08"/>
  </code>
</codes>
<codes class="bip:industries:1.0">
  <code code="I81502">
    <editdetail attribution="Reuters BIP Coding Group" action="confirmed" date="1997-04-08"/>
  </code>
  <code code="I8150206">
    <editdetail attribution="Reuters BIP Coding Group" action="confirmed" date="1997-04-08"/>
  </code>
</codes>
<codes class="bip:topics:1.0">
  <code code="C18">
    <editdetail attribution="Reuters BIP Coding Group" action="confirmed" date="1997-04-08"/>
  </code>
  <code code="C182">
    <editdetail attribution="Reuters BIP Coding Group" action="confirmed" date="1997-04-08"/>
  </code>
  <code code="CCAT">
    <editdetail attribution="Reuters BIP Coding Group" action="confirmed" date="1997-04-08"/>
  </code>
</codes>
<dc element="dc.date.created" value="1997-04-08"/>
<dc element="dc.publisher" value="Reuters Holdings Plc"/>
<dc element="dc.date.published" value="1997-04-08"/>
<dc element="dc.source" value="Reuters"/>
<dc element="dc.creator.location" value="MENLO PARK, Calif."/>
<dc element="dc.creator.location.country.name" value="USA"/>
<dc element="dc.source" value="Reuters"/>
</metadata>
</newsitem>
