<?xml version="1.0" encoding="iso-8859-1" ?>
<newsitem itemid="492870" id="root" date="1997-04-08" xml:lang="en">
<title>USA: International Paper sees better Q2.</title>
<headline>International Paper sees better Q2.</headline>
<dateline>PURCHASE, N.Y. 1997-04-08</dateline>
<text>
<p>International Paper Co said Tuesday that it believes it has reached the bottom of an &quot;extremely difficult&quot; business cycle, and is optimistic that the second quarter will be stronger than the first.</p>
<p>In the first it earned $0.11 per share, compared with $0.36 per share in the year-earlier period. The company added that in current conditions it needs to focus on those business factors that it can control.</p>
<p>It said it has brought its 1997 capital spending target down to $1.2 billion, below its expected level of depreciation, and is not planning to add new capacity in its U.S. pulp and paper businesses.</p>
<p>The company said that industry inventories remained high throughout the quarter, causing prices to decline and  hurt earnings.</p>
<p>The company also said it has taken downtime to balance its production with demand, principally in uncoated papers, pulp and containerboard.</p>
<p>The company did add, however, that demand for uncoated grades, particularly copy and printing papers, strengthened in recent weeks in the United States, and April and May price increases of $100 a ton were announced for uncoated grades.</p>
</text>
<copyright>(c) Reuters Limited 1997</copyright>
<metadata>
<codes class="bip:countries:1.0">
  <code code="USA">
    <editdetail attribution="Reuters BIP Coding Group" action="confirmed" date="1997-04-08"/>
  </code>
</codes>
<codes class="bip:industries:1.0">
  <code code="I47100">
    <editdetail attribution="Reuters BIP Coding Group" action="confirmed" date="1997-04-08"/>
  </code>
</codes>
<codes class="bip:topics:1.0">
  <code code="C15">
    <editdetail attribution="Reuters BIP Coding Group" action="confirmed" date="1997-04-08"/>
  </code>
  <code code="C152">
    <editdetail attribution="Reuters BIP Coding Group" action="confirmed" date="1997-04-08"/>
  </code>
  <code code="CCAT">
    <editdetail attribution="Reuters BIP Coding Group" action="confirmed" date="1997-04-08"/>
  </code>
</codes>
<dc element="dc.date.created" value="1997-04-08"/>
<dc element="dc.publisher" value="Reuters Holdings Plc"/>
<dc element="dc.date.published" value="1997-04-08"/>
<dc element="dc.source" value="Reuters"/>
<dc element="dc.creator.location" value="PURCHASE, N.Y."/>
<dc element="dc.creator.location.country.name" value="USA"/>
<dc element="dc.source" value="Reuters"/>
</metadata>
</newsitem>
