<?xml version="1.0" encoding="iso-8859-1" ?>
<newsitem itemid="492841" id="root" date="1997-04-08" xml:lang="en">
<title>USA: CellPro facing $16.9 mln suit over patent.</title>
<headline>CellPro facing $16.9 mln suit over patent.</headline>
<dateline>WILMINGTON, Del. 1997-04-08</dateline>
<text>
<p>Johns Hopkins University, Becton Dickinson and Co, and Baxter International Inc said Tuesday that they have filed motions in federal district court in Delaware seeking additional damages, attorneys' fees and a permanent injunction to enforce two stem cell selection technology patents infringed by CellPro Inc</p>
<p>In addition to injunctive relief, Johns Hopkins, Becton Dickinson and Baxter said they are are seeking treble damages, in the total amount of $6.9 million, and reimbursement of approximately $7 million of litigation expenses that were incurred as a result of CellPro's willful infringement of the patents.</p>
<p>In March, the two companies and the university said, a federal jury found that CellPro had willfully infringed two patents covering CD34 monoclonal antibodies and purified stem cells, and awarded them $2.3 million in damages.</p>
<p>CellPro respresentatives were not immediately available for comment.</p>
</text>
<copyright>(c) Reuters Limited 1997</copyright>
<metadata>
<codes class="bip:countries:1.0">
  <code code="USA">
    <editdetail attribution="Reuters BIP Coding Group" action="confirmed" date="1997-04-08"/>
  </code>
</codes>
<codes class="bip:industries:1.0">
  <code code="I25670">
    <editdetail attribution="Reuters BIP Coding Group" action="confirmed" date="1997-04-08"/>
  </code>
  <code code="I25700">
    <editdetail attribution="Reuters BIP Coding Group" action="confirmed" date="1997-04-08"/>
  </code>
</codes>
<codes class="bip:topics:1.0">
  <code code="C12">
    <editdetail attribution="Reuters BIP Coding Group" action="confirmed" date="1997-04-08"/>
  </code>
  <code code="C13">
    <editdetail attribution="Reuters BIP Coding Group" action="confirmed" date="1997-04-08"/>
  </code>
  <code code="CCAT">
    <editdetail attribution="Reuters BIP Coding Group" action="confirmed" date="1997-04-08"/>
  </code>
  <code code="GCAT">
    <editdetail attribution="Reuters BIP Coding Group" action="confirmed" date="1997-04-08"/>
  </code>
  <code code="GCRIM">
    <editdetail attribution="Reuters BIP Coding Group" action="confirmed" date="1997-04-08"/>
  </code>
</codes>
<dc element="dc.date.created" value="1997-04-08"/>
<dc element="dc.publisher" value="Reuters Holdings Plc"/>
<dc element="dc.date.published" value="1997-04-08"/>
<dc element="dc.source" value="Reuters"/>
<dc element="dc.creator.location" value="WILMINGTON, Del."/>
<dc element="dc.creator.location.country.name" value="USA"/>
<dc element="dc.source" value="Reuters"/>
</metadata>
</newsitem>
