<?xml version="1.0" encoding="iso-8859-1" ?>
<newsitem itemid="492812" id="root" date="1997-04-08" xml:lang="en">
<title>USA: Omnicom set to buy Fleishman-Hillard.</title>
<headline>Omnicom set to buy Fleishman-Hillard.</headline>
<byline>Robin Sidel</byline>
<dateline>NEW YORK 1997-04-08</dateline>
<text>
<p>Advertising powerhouse Omnicom Group Inc. is expected Wednesday to announce plans to buy public relations firm Fleishman-Hillard Inc. in a transaction valued between $85 and $100 million, according to sources familiar with the situation.</p>
<p>The move would significantly boost Omnicom's growing public relations business which now includes Ketchum and Porter/Novelli.</p>
<p>Spokesmen for New York-based Omnicom and privately-held Fleishman-Hillard declined comment, but a source said the deal would likely be announced late Wednesday afternoon.</p>
<p>Omnicom is one of the world's top advertising agencies, whose holdings include top firms DDB Needham Worldwide and BBDO Worldwide. Some of their biggest clients include Texaco Inc., Montgomery Ward &amp; Co. Inc. and Heinz U.S.A., the largest unit of H.J. Heinz Co.</p>
<p>Speculation about a transaction was reported this week in trade publication Advertising Age, which said the union would create the world's largest public relations company.</p>
<p>The speculation prompted St. Louis, Mo.-based Fleishman-Hillard to issue an internal memo Monday. In the memo, Chairman John Graham declined to comment on the rumored deal, but said any potential transaction involving the public relations firm would aim to broaden the company's growth opportunities.</p>
<p>&quot;In the meantime, the single most important thing for Fleishman-Hillard to do is serve its clients,&quot; Graham said in the memo.</p>
<p>For Omnicom, the move would mark the latest in its aggressive acquisition strategy. The company bought Ketchum last year.</p>
<p>&quot;They need it because the advertising and marketing communications business overall doesn't grow as fast as Omnicom wants to grow,&quot; said James Dougherty at Dean Witter Reynolds.</p>
<p>It was not immediately known whether the transaction would be for cash or stock, but Dougherty said he would expect it to be accretive to Omnicom earnings.</p>
<p>Shares of Omnicom rose 62.5 cents to $50.125 Tuesday on the New York Stock Exchange.</p>
</text>
<copyright>(c) Reuters Limited 1997</copyright>
<metadata>
<codes class="bip:countries:1.0">
  <code code="USA">
    <editdetail attribution="Reuters BIP Coding Group" action="confirmed" date="1997-04-08"/>
  </code>
</codes>
<codes class="bip:industries:1.0">
  <code code="I83800">
    <editdetail attribution="Reuters BIP Coding Group" action="confirmed" date="1997-04-08"/>
  </code>
  <code code="I83952">
    <editdetail attribution="Reuters BIP Coding Group" action="confirmed" date="1997-04-08"/>
  </code>
</codes>
<codes class="bip:topics:1.0">
  <code code="C18">
    <editdetail attribution="Reuters BIP Coding Group" action="confirmed" date="1997-04-08"/>
  </code>
  <code code="C181">
    <editdetail attribution="Reuters BIP Coding Group" action="confirmed" date="1997-04-08"/>
  </code>
  <code code="CCAT">
    <editdetail attribution="Reuters BIP Coding Group" action="confirmed" date="1997-04-08"/>
  </code>
</codes>
<dc element="dc.date.created" value="1997-04-08"/>
<dc element="dc.publisher" value="Reuters Holdings Plc"/>
<dc element="dc.date.published" value="1997-04-08"/>
<dc element="dc.source" value="Reuters"/>
<dc element="dc.creator.location" value="NEW YORK"/>
<dc element="dc.creator.location.country.name" value="USA"/>
<dc element="dc.source" value="Reuters"/>
</metadata>
</newsitem>
