<?xml version="1.0" encoding="iso-8859-1" ?>
<newsitem itemid="492865" id="root" date="1997-04-08" xml:lang="en">
<title>USA: Empi Inc Q1 net rises.</title>
<headline>Empi Inc Q1 net rises.</headline>
<dateline>ST. PAUL, Minn. 1997-04-08</dateline>
<text>
<p>1997			1996</p>
<p> Shr			  $0.29		   $ 0.25</p>
<p> Net			  2,407		    2,237</p>
<p> Revs			18,025		   16,892</p>
<p> Avg shrs		   8,369		    8,966</p>
<p>	 (All Data Above 000s Except Per Share Numbers)</p>
<p>NOTE: Q1 comparisons were impacted by about $0.02/shr due to an unfavorable one-time severance charge in 1997 and favorable one-time litigation settlement credit to earnings in the 1996 Q1.</p>
<p>		((Reuters Chicago Newsdesk (312) 408-8787))</p>
</text>
<copyright>(c) Reuters Limited 1997</copyright>
<metadata>
<codes class="bip:countries:1.0">
  <code code="USA">
    <editdetail attribution="Reuters BIP Coding Group" action="confirmed" date="1997-04-08"/>
  </code>
</codes>
<codes class="bip:industries:1.0">
  <code code="I37200">
    <editdetail attribution="Reuters BIP Coding Group" action="confirmed" date="1997-04-08"/>
  </code>
</codes>
<codes class="bip:topics:1.0">
  <code code="C15">
    <editdetail attribution="Reuters BIP Coding Group" action="confirmed" date="1997-04-08"/>
  </code>
  <code code="C151">
    <editdetail attribution="Reuters BIP Coding Group" action="confirmed" date="1997-04-08"/>
  </code>
  <code code="CCAT">
    <editdetail attribution="Reuters BIP Coding Group" action="confirmed" date="1997-04-08"/>
  </code>
</codes>
<dc element="dc.date.created" value="1997-04-08"/>
<dc element="dc.publisher" value="Reuters Holdings Plc"/>
<dc element="dc.date.published" value="1997-04-08"/>
<dc element="dc.source" value="Reuters"/>
<dc element="dc.creator.location" value="ST. PAUL, Minn."/>
<dc element="dc.creator.location.country.name" value="USA"/>
<dc element="dc.source" value="Reuters"/>
</metadata>
</newsitem>
