<?xml version="1.0" encoding="iso-8859-1" ?>
<newsitem itemid="492887" id="root" date="1997-04-08" xml:lang="en">
<title>USA: Anchor Financial Corp Q1 net increases.</title>
<headline>Anchor Financial Corp Q1 net increases.</headline>
<dateline>MYRTLE BEACH, S.C. 1997-04-08</dateline>
<text>
<p>Three Months Ended</p>
<p>						    December 31,</p>
<p>						    1997	  1996</p>
<p>Provision for loan losses	     200,000	  160,000</p>
<p>Net income			     $1,334,659	 $931,892</p>
<p>Net income per share			$0.50	    $0.36</p>
<p>Total common shares</p>
<p>  outstanding			     2,559,340    2,551,595</p>
</text>
<copyright>(c) Reuters Limited 1997</copyright>
<metadata>
<codes class="bip:countries:1.0">
  <code code="USA">
    <editdetail attribution="Reuters BIP Coding Group" action="confirmed" date="1997-04-08"/>
  </code>
</codes>
<codes class="bip:industries:1.0">
  <code code="I81402">
    <editdetail attribution="Reuters BIP Coding Group" action="confirmed" date="1997-04-08"/>
  </code>
</codes>
<codes class="bip:topics:1.0">
  <code code="C15">
    <editdetail attribution="Reuters BIP Coding Group" action="confirmed" date="1997-04-08"/>
  </code>
  <code code="C151">
    <editdetail attribution="Reuters BIP Coding Group" action="confirmed" date="1997-04-08"/>
  </code>
  <code code="CCAT">
    <editdetail attribution="Reuters BIP Coding Group" action="confirmed" date="1997-04-08"/>
  </code>
</codes>
<dc element="dc.date.created" value="1997-04-08"/>
<dc element="dc.publisher" value="Reuters Holdings Plc"/>
<dc element="dc.date.published" value="1997-04-08"/>
<dc element="dc.source" value="Reuters"/>
<dc element="dc.creator.location" value="MYRTLE BEACH, S.C."/>
<dc element="dc.creator.location.country.name" value="USA"/>
<dc element="dc.source" value="Reuters"/>
</metadata>
</newsitem>
