<?xml version="1.0" encoding="iso-8859-1" ?>
<newsitem itemid="492984" id="root" date="1997-04-08" xml:lang="en">
<title>USA: US corp debt players await J.C. Penney deal debut.</title>
<headline>US corp debt players await J.C. Penney deal debut.</headline>
<dateline>NEW YORK 1997-04-08</dateline>
<text>
<p>J.C. Penney Co's $2.0 billion five-part debt offering is expected to take center stage as players focus on the performance of the deal as the underwriter gets set to wrap up the last scene, players said.</p>
<p>Issuers faced with higher borrowing costs, contemplating whether or not to move forward with financing, amid a rising rate environment, are expecting J.C. Penney's deal will set the tone in the market.</p>
<p>&quot;This deal will set the tone,&quot; said one syndicate source. &quot;Issuers will be watching to see if it's met with good reception and if sidelined buyers budge.&quot;  </p>
<p>But already in its pre-pricing stage the five-part deal is said to be issue-bid, meeting with good investor demand in every tranche, leading some to believe that the deal will have to be upped in size, dealers said.</p>
<p>&quot;The deal is going pretty well right now...all tranches are issue-bid,&quot; said another syndicate source. &quot;If the deal continues to gain momentum I'm sure it will grow in size.&quot;</p>
<p>Price talk on the $600 million five year issue is seen between +45-50 basis points over U.S. Treasuries.</p>
<p>Price talk on the $400 million 10-year issue is seen at +70 basis points over Treasuries.</p>
</text>
<copyright>(c) Reuters Limited 1997</copyright>
<metadata>
<codes class="bip:countries:1.0">
  <code code="USA">
    <editdetail attribution="Reuters BIP Coding Group" action="confirmed" date="1997-04-08"/>
  </code>
</codes>
<codes class="bip:industries:1.0">
  <code code="I65600">
    <editdetail attribution="Reuters BIP Coding Group" action="confirmed" date="1997-04-08"/>
  </code>
  <code code="I6560002">
    <editdetail attribution="Reuters BIP Coding Group" action="confirmed" date="1997-04-08"/>
  </code>
</codes>
<codes class="bip:topics:1.0">
  <code code="C17">
    <editdetail attribution="Reuters BIP Coding Group" action="confirmed" date="1997-04-08"/>
  </code>
  <code code="C172">
    <editdetail attribution="Reuters BIP Coding Group" action="confirmed" date="1997-04-08"/>
  </code>
  <code code="CCAT">
    <editdetail attribution="Reuters BIP Coding Group" action="confirmed" date="1997-04-08"/>
  </code>
</codes>
<dc element="dc.date.created" value="1997-04-08"/>
<dc element="dc.publisher" value="Reuters Holdings Plc"/>
<dc element="dc.date.published" value="1997-04-08"/>
<dc element="dc.source" value="Reuters"/>
<dc element="dc.creator.location" value="NEW YORK"/>
<dc element="dc.creator.location.country.name" value="USA"/>
<dc element="dc.source" value="Reuters"/>
</metadata>
</newsitem>
