<?xml version="1.0" encoding="iso-8859-1" ?>
<newsitem itemid="492941" id="root" date="1997-04-08" xml:lang="en">
<title>USA: United Meridian oil, gas production rising.</title>
<headline>United Meridian oil, gas production rising.</headline>
<dateline>NEW ORLEANS 1997-04-08</dateline>
<text>
<p>United Meridian Corp expects to boost oil and natural gas production from both its domestic and international operations this year, Chairman John Brock said on Tuesday.</p>
<p>The company expects average crude oil production to rise to about 20,000 to 25,000 barrels per day (bpd) this year from 16,000 bpd produced in 1996, in large part due to increased production from its stake in an offshore Equitorial Guinea field, he said.</p>
<p>Natural gas production should rise to about 150 million to 160 million cubic feet per day (mmcfd) in 1997 from last year's 145 mmcfd on increased production from its core North American fields, he said.</p>
<p>&quot;We're going to grow, both in North America and international,&quot; Brock said at the annual Howard Weil energy conference here.</p>
<p>United Meridian will take a 22 percent share of the 70,000 to 75,000 bpd production expected to come on line this summer at Block B Phase II of the Equitorial Guinea offshore tract operated by Mobil Corp, he said. Current production from the wells there was pegged at 50,000 bpd, he said.</p>
<p>Worldwide, the company plans to participate in drilling 225 development wells and 75 exploration wells this year.</p>
<p>United Meridian has built up a $325 million warchest in cash and a credit facility, and is eyeing potential acquisitions of either a rival exploration and development company or drilling properties, he said.</p>
<p>But after paring down operating costs and expanding its international portfolio in recent years, the company is being cautious about any acquisitions.</p>
<p>&quot;We're going to be very careful on how we pull the trigger,&quot; he said.</p>
</text>
<copyright>(c) Reuters Limited 1997</copyright>
<metadata>
<codes class="bip:countries:1.0">
  <code code="GUREP">
    <editdetail attribution="Reuters BIP Coding Group" action="confirmed" date="1997-04-08"/>
  </code>
  <code code="USA">
    <editdetail attribution="Reuters BIP Coding Group" action="confirmed" date="1997-04-08"/>
  </code>
</codes>
<codes class="bip:industries:1.0">
  <code code="I13000">
    <editdetail attribution="Reuters BIP Coding Group" action="confirmed" date="1997-04-08"/>
  </code>
</codes>
<codes class="bip:topics:1.0">
  <code code="C21">
    <editdetail attribution="Reuters BIP Coding Group" action="confirmed" date="1997-04-08"/>
  </code>
  <code code="C24">
    <editdetail attribution="Reuters BIP Coding Group" action="confirmed" date="1997-04-08"/>
  </code>
  <code code="CCAT">
    <editdetail attribution="Reuters BIP Coding Group" action="confirmed" date="1997-04-08"/>
  </code>
</codes>
<dc element="dc.date.created" value="1997-04-08"/>
<dc element="dc.publisher" value="Reuters Holdings Plc"/>
<dc element="dc.date.published" value="1997-04-08"/>
<dc element="dc.source" value="Reuters"/>
<dc element="dc.creator.location" value="NEW ORLEANS"/>
<dc element="dc.creator.location.country.name" value="USA"/>
<dc element="dc.source" value="Reuters"/>
</metadata>
</newsitem>
