<?xml version="1.0" encoding="iso-8859-1" ?>
<newsitem itemid="492924" id="root" date="1997-04-08" xml:lang="en">
<title>USA: NYCE cotton settles lower and near support.</title>
<headline>NYCE cotton settles lower and near support.</headline>
<dateline>NEW YORK 1997-04-08</dateline>
<text>
<p>NYCE cotton futures settled lower amid steady speculative and trade selling that forced the market to retrace most of the gains made in the past week, analysts said.</p>
<p>The spot month dipped below support at 72.00 cents a lb to a low of 71.90, and then climbed above the key level by the close. May ended 0.64 cent lower at 72.25 cents after trading from 72.92 to 71.90 cents. Deferreds closed 0.62 lower to 0.05 firmer.</p>
<p>Volume was estimated at 10,000 lots compared to Tuesday's official 10,483 lots.</p>
<p>&quot;Basically we saw a two-thirds retracement from the move up last Monday,&quot; Sharon Johnson, an analyst with Frank Schneider and Co Inc, said.</p>
<p>USDA will release its April supply and demand estimates on Friday. While players expect few changes to the U.S. numbers, Johnson said talk that China's crop may exceed previous estimates, could be crop pressuring the market.</p>
<p>May options expire on Friday.</p>
<p>((Suzanne Rostler, New York Commodity Desk, 212-859-1640))</p>
</text>
<copyright>(c) Reuters Limited 1997</copyright>
<metadata>
<codes class="bip:countries:1.0">
  <code code="USA">
    <editdetail attribution="Reuters BIP Coding Group" action="confirmed" date="1997-04-08"/>
  </code>
</codes>
<codes class="bip:topics:1.0">
  <code code="M14">
    <editdetail attribution="Reuters BIP Coding Group" action="confirmed" date="1997-04-08"/>
  </code>
  <code code="M141">
    <editdetail attribution="Reuters BIP Coding Group" action="confirmed" date="1997-04-08"/>
  </code>
  <code code="MCAT">
    <editdetail attribution="Reuters BIP Coding Group" action="confirmed" date="1997-04-08"/>
  </code>
</codes>
<dc element="dc.date.created" value="1997-04-08"/>
<dc element="dc.publisher" value="Reuters Holdings Plc"/>
<dc element="dc.date.published" value="1997-04-08"/>
<dc element="dc.source" value="Reuters"/>
<dc element="dc.creator.location" value="NEW YORK"/>
<dc element="dc.creator.location.country.name" value="USA"/>
<dc element="dc.source" value="Reuters"/>
</metadata>
</newsitem>
