<?xml version="1.0" encoding="iso-8859-1" ?>
<newsitem itemid="492980" id="root" date="1997-04-08" xml:lang="en">
<title>USA: U.S. high-yield corporate bond forward calendar.</title>
<headline>U.S. high-yield corporate bond forward calendar.</headline>
<dateline>NEW YORK 1997-04-08</dateline>
<text>
<p>The following is a list of pending high-yield issues, according to market sources:</p>
<p>Company		   Issue	   Maturity  Amount  Lead Mgr</p>
<p>Amphenol Corp	   sr sub notes     2007   $240 million DLJ/LEH</p>
<p>Anchor Glass</p>
<p> Container Corp     144a 1st mort nts  2005   $150 million	BT</p>
<p>Bresnan Com/BCC	 sr debentures    2008   $100 million     SAL</p>
<p>Bresnan Comm	    sr notes	   2007   $100 million     SAL</p>
<p>Chief Auto Parts Inc  sr notes	   2005   $125 million    CSFB</p>
<p>*Comcast Cellular     144a sr notes    2009   $900 million     DLJ</p>
<p>Consumer Intl.	  sr sec nts	 2005   $170 million	BT</p>
<p>Contifinancial Corp   144a sr nts	2002   $200 million    BEAR</p>
<p>Copamex Industrias    sr sub notes     2004   $200 million    CITI</p>
<p>Del Monte Corp	  sr sub notes     2007   $215 million	BT</p>
<p>Experion Info Sol.    sr sub notes     2007   $250 million   CHASE</p>
<p>Flextronics Intl Ltd  sr sub nts	 2007   $100 million	BA</p>
<p>General Wireless	sr disc notes    2007   $220 million	BS</p>
<p>Global Broadcasting</p>
<p> Systems Inc	   144A sr sub notes 2007   $270 million     FBR</p>
<p>Greyhound Lines Inc  144a sr notes     2007   $150 million    BEAR</p>
<p>HCC Industries Inc   144a sr sub notes 2007   $85 million     CSFB</p>
<p>Innova S. De R.L.    sr notes	    2007   $375 million   MS/ML</p>
<p>MBW Foods Inc	  144A sr sub notes 2007   $100 million   CHASE</p>
<p>MMI Products Inc     144a sr sub notes 2007  $110 million     BEAR</p>
<p>Multi Market	   sr sub notes	2007   $110 million     LEH</p>
<p>Nextwave Telecom     sr notes	    2007   $200 million CIBC/SB</p>
<p>Nextwave Telecom     sr disc notes     2007   $200 million CIBC/SB</p>
<p>*Paging Network Do</p>
<p> Brasil		  144a sr notes     2004   $125 million	ML</p>
<p>Panda Global Holdings144a sr sec notes 2004   $100 million     DLJ</p>
<p>Panda Global Holdings144a sr sub disc nts 2007 $25 million     DLJ</p>
<p>Pierce Leahy Corp    sr sub nts	  2007   $100 million	SB</p>
<p>Pocket Comm. Inc     sr disc notes     2007   N/A	    DLJ</p>
<p>*Prime Matrix</p>
<p> Wireless Commun.    sr notes	    2004   $80 million     JPMS</p>
<p>Pueblo Xtra Intl Inc 144a snr notes   2003   $85 million  NCMI/SOC</p>
<p>*Radio One Inc	 144a sr sub notes 2004   $75 million     CSFB</p>
<p>*Ramsay Health Care  144a sr nts	 2004   $75 million	 BT</p>
<p>*Station Casinos Inc 144a sr sub nts   2007   $150 million	BA</p>
<p>Sun World Intl Inc   1st mortgage nts  2004   $115 million	SB</p>
<p>Syratech Corp	  sr notes	    2007   $160 million    NCMI</p>
<p>System Inc	     144a sr notes     2004   $75 million     CIBC</p>
<p>Team Rental Group    sr notes	    2007   $175 million    CSFB</p>
<p>Triton Energy Corp   sr notes	    2002   $200 millionBEAR/SAL</p>
<p>Triton Energy Corp   sr notes	    2007   $200 millionBEAR/SAL</p>
<p>Tultex Corp	    sr notes	    2007   $75 million     JPMS</p>
<p>*Hearing deal has been postponed</p>
<p>To have deals included, please call 212-859-1662</p>
</text>
<copyright>(c) Reuters Limited 1997</copyright>
<metadata>
<codes class="bip:countries:1.0">
  <code code="USA">
    <editdetail attribution="Reuters BIP Coding Group" action="confirmed" date="1997-04-08"/>
  </code>
</codes>
<codes class="bip:topics:1.0">
  <code code="M12">
    <editdetail attribution="Reuters BIP Coding Group" action="confirmed" date="1997-04-08"/>
  </code>
  <code code="MCAT">
    <editdetail attribution="Reuters BIP Coding Group" action="confirmed" date="1997-04-08"/>
  </code>
</codes>
<dc element="dc.date.created" value="1997-04-08"/>
<dc element="dc.publisher" value="Reuters Holdings Plc"/>
<dc element="dc.date.published" value="1997-04-08"/>
<dc element="dc.source" value="Reuters"/>
<dc element="dc.creator.location" value="NEW YORK"/>
<dc element="dc.creator.location.country.name" value="USA"/>
<dc element="dc.source" value="Reuters"/>
</metadata>
</newsitem>
