<?xml version="1.0" encoding="iso-8859-1" ?>
<newsitem itemid="492956" id="root" date="1997-04-08" xml:lang="en">
<title>USA: Ackerley reports higher Q1 revenues.</title>
<headline>Ackerley reports higher Q1 revenues.</headline>
<dateline>SEATTLE 1997-04-07</dateline>
<text>
<p>Ackerley Group Inc said Tuesday its first quarter revenues totalled $79.3 million, up 14 percent from $69.8 million a year earlier.</p>
<p>The Ackerley Group is a media and entertainment operation comprised of three operating segments -- the Out-of-Home segment, the broadcasting segment, and the sports and entertainment segment.</p>
<p>All segments reported increased gross revenue of at least 10 percent, with the Out-of-Home segment providing the greatest percentage increase, Ackerley said.</p>
</text>
<copyright>(c) Reuters Limited 1997</copyright>
<metadata>
<codes class="bip:countries:1.0">
  <code code="USA">
    <editdetail attribution="Reuters BIP Coding Group" action="confirmed" date="1997-04-08"/>
  </code>
</codes>
<codes class="bip:industries:1.0">
  <code code="I83800">
    <editdetail attribution="Reuters BIP Coding Group" action="confirmed" date="1997-04-08"/>
  </code>
</codes>
<codes class="bip:topics:1.0">
  <code code="C15">
    <editdetail attribution="Reuters BIP Coding Group" action="confirmed" date="1997-04-08"/>
  </code>
  <code code="C151">
    <editdetail attribution="Reuters BIP Coding Group" action="confirmed" date="1997-04-08"/>
  </code>
  <code code="C31">
    <editdetail attribution="Reuters BIP Coding Group" action="confirmed" date="1997-04-08"/>
  </code>
  <code code="CCAT">
    <editdetail attribution="Reuters BIP Coding Group" action="confirmed" date="1997-04-08"/>
  </code>
</codes>
<dc element="dc.date.created" value="1997-04-07"/>
<dc element="dc.publisher" value="Reuters Holdings Plc"/>
<dc element="dc.date.published" value="1997-04-08"/>
<dc element="dc.source" value="Reuters"/>
<dc element="dc.creator.location" value="SEATTLE"/>
<dc element="dc.creator.location.country.name" value="USA"/>
<dc element="dc.source" value="Reuters"/>
</metadata>
</newsitem>
