<?xml version="1.0" encoding="iso-8859-1" ?>
<newsitem itemid="492918" id="root" date="1997-04-08" xml:lang="en">
<title>USA: CSCE world sugar ends firmer but eases off highs.</title>
<headline>CSCE world sugar ends firmer but eases off highs.</headline>
<dateline>NEW YORK 1997-04-08</dateline>
<text>
<p>CSCE world sugar futures settled firmer but off the highs, having failed to trigger stops resting above 11.10 cents basis May, market sources said.</p>
<p>The spot month is expected to remain close to 11.00 cents through May options expiry on Friday, since open interest in the May 11.00 calls remains high at 7,216 lots as of Monday's close.</p>
<p>Tony Passimenti of Merrill Lynch said the contract is likely to trade between 11.00 and 11.10 for the remainder of the week, and then ease closer to support by Friday.</p>
<p>&quot;The specs will get bored, try to touch off stops and then let it fall to 11.00,&quot; he said.</p>
<p>Players have not yet begun to roll May positions aggressively into July ahead of expiry on April 30.</p>
<p>The spot month closed at 11.04, up 0.04, having ranged from 11.08 to 11.00 cents. The back months closed 0.04 firmer to 0.01 lower.</p>
<p>Volume was estimated at a brisk 21,723 lots, compared with Monday's official 10,393 lots.</p>
<p>Support remained at the recent low of 10.78 cents in May, and resistance at 11.10 and then at 11.15 cents.</p>
<p>((Suzanne Rostler, New York Commodity Desk, 212-859-1640))</p>
</text>
<copyright>(c) Reuters Limited 1997</copyright>
<metadata>
<codes class="bip:countries:1.0">
  <code code="USA">
    <editdetail attribution="Reuters BIP Coding Group" action="confirmed" date="1997-04-08"/>
  </code>
</codes>
<codes class="bip:topics:1.0">
  <code code="M14">
    <editdetail attribution="Reuters BIP Coding Group" action="confirmed" date="1997-04-08"/>
  </code>
  <code code="M141">
    <editdetail attribution="Reuters BIP Coding Group" action="confirmed" date="1997-04-08"/>
  </code>
  <code code="MCAT">
    <editdetail attribution="Reuters BIP Coding Group" action="confirmed" date="1997-04-08"/>
  </code>
</codes>
<dc element="dc.date.created" value="1997-04-08"/>
<dc element="dc.publisher" value="Reuters Holdings Plc"/>
<dc element="dc.date.published" value="1997-04-08"/>
<dc element="dc.source" value="Reuters"/>
<dc element="dc.creator.location" value="NEW YORK"/>
<dc element="dc.creator.location.country.name" value="USA"/>
<dc element="dc.source" value="Reuters"/>
</metadata>
</newsitem>
