<?xml version="1.0" encoding="iso-8859-1" ?>
<newsitem itemid="492962" id="root" date="1997-04-08" xml:lang="en">
<title>USA: Plasti-Line sets special dividend $0.50.</title>
<headline>Plasti-Line sets special dividend $0.50.</headline>
<dateline>KNOXVILLE, Tenn. 1997-04-08</dateline>
<text>
<p>Plasti-Line Inc said on Tuesday it set a special dividend of $0.50 per common share, payable to holders of record as of April 8.</p>
<p>The company said its policy is not to pay cash dividends, but that it had strong cash flow in 1996 that is continuing into 1997, so the board decided to reward its investors, many of whom have held the stock a long time.</p>
<p>Plasti-Line makes brand-identity and point-of-purchase marketing products, such as signs.</p>
</text>
<copyright>(c) Reuters Limited 1997</copyright>
<metadata>
<codes class="bip:countries:1.0">
  <code code="USA">
    <editdetail attribution="Reuters BIP Coding Group" action="confirmed" date="1997-04-08"/>
  </code>
</codes>
<codes class="bip:industries:1.0">
  <code code="I48300">
    <editdetail attribution="Reuters BIP Coding Group" action="confirmed" date="1997-04-08"/>
  </code>
</codes>
<codes class="bip:topics:1.0">
  <code code="C15">
    <editdetail attribution="Reuters BIP Coding Group" action="confirmed" date="1997-04-08"/>
  </code>
  <code code="C151">
    <editdetail attribution="Reuters BIP Coding Group" action="confirmed" date="1997-04-08"/>
  </code>
  <code code="C17">
    <editdetail attribution="Reuters BIP Coding Group" action="confirmed" date="1997-04-08"/>
  </code>
  <code code="C171">
    <editdetail attribution="Reuters BIP Coding Group" action="confirmed" date="1997-04-08"/>
  </code>
  <code code="CCAT">
    <editdetail attribution="Reuters BIP Coding Group" action="confirmed" date="1997-04-08"/>
  </code>
</codes>
<dc element="dc.date.created" value="1997-04-08"/>
<dc element="dc.publisher" value="Reuters Holdings Plc"/>
<dc element="dc.date.published" value="1997-04-08"/>
<dc element="dc.source" value="Reuters"/>
<dc element="dc.creator.location" value="KNOXVILLE, Tenn."/>
<dc element="dc.creator.location.country.name" value="USA"/>
<dc element="dc.source" value="Reuters"/>
</metadata>
</newsitem>
