<?xml version="1.0" encoding="iso-8859-1" ?>
<newsitem itemid="492938" id="root" date="1997-04-08" xml:lang="en">
<title>USA: Worldwide Leisure names Pappas chairman.</title>
<headline>Worldwide Leisure names Pappas chairman.</headline>
<dateline>MINNEAPOLIS 1997-04-08</dateline>
<text>
<p>Worldwide Leisure Corp, formerly Majestic Development and Management Corp, said Tuesday it elected George Pappas of New York as chairman of the board and chief executive officer.</p>
<p>Pappas succeeds Jack Deming, who left the company to pursue other interests.</p>
<p>Worldwide Leisure said Pappas, who has had entrepreneurial experience in global capital markets and headed various corporations, will lead the company's planned programs of expansion through acquisitions of multi-industry properties in the United States and abroad.</p>
<p>Initial acquisitions will be made in the area of casino destination resorts and wellness providers and facilities. The company expects announcements to be made within the next 30 days.</p>
<p>((Reuters Chicago Newsdesk (312) 408-8787))</p>
</text>
<copyright>(c) Reuters Limited 1997</copyright>
<metadata>
<codes class="bip:countries:1.0">
  <code code="USA">
    <editdetail attribution="Reuters BIP Coding Group" action="confirmed" date="1997-04-08"/>
  </code>
</codes>
<codes class="bip:industries:1.0">
  <code code="I97912">
    <editdetail attribution="Reuters BIP Coding Group" action="confirmed" date="1997-04-08"/>
  </code>
</codes>
<codes class="bip:topics:1.0">
  <code code="C41">
    <editdetail attribution="Reuters BIP Coding Group" action="confirmed" date="1997-04-08"/>
  </code>
  <code code="C411">
    <editdetail attribution="Reuters BIP Coding Group" action="confirmed" date="1997-04-08"/>
  </code>
  <code code="CCAT">
    <editdetail attribution="Reuters BIP Coding Group" action="confirmed" date="1997-04-08"/>
  </code>
</codes>
<dc element="dc.date.created" value="1997-04-08"/>
<dc element="dc.publisher" value="Reuters Holdings Plc"/>
<dc element="dc.date.published" value="1997-04-08"/>
<dc element="dc.source" value="Reuters"/>
<dc element="dc.creator.location" value="MINNEAPOLIS"/>
<dc element="dc.creator.location.country.name" value="USA"/>
<dc element="dc.source" value="Reuters"/>
</metadata>
</newsitem>
