<?xml version="1.0" encoding="iso-8859-1" ?>
<newsitem itemid="492951" id="root" date="1997-04-08" xml:lang="en">
<title>USA: Peregrine IPO price range cut to $10-$11.</title>
<headline>Peregrine IPO price range cut to $10-$11.</headline>
<dateline>NEW YORK 1997-04-08</dateline>
<text>
<p>UBS Securities Inc said on Tuesday that the price range for Peregrine Systems Inc's initial public offering was reduced to $10 to $11 per share of common stock from $10 to $12.</p>
<p>The number of shares in the offering has also been lowered to 2.4 million from 3.0 million.  </p>
<p>UBS Securities will serve as lead underwriter in the offering, which is expected to price on Wednesday under the proposed symbol &quot;PRGN&quot; for trading on the Nasdaq National Market.</p>
<p>Peregrine, a San Diego-based company, markets and supports an integrated suite of applications that automates the management of complex information technology infrastructures.</p>
<p>((--New York Newsdesk 212 859-1610))</p>
</text>
<copyright>(c) Reuters Limited 1997</copyright>
<metadata>
<codes class="bip:countries:1.0">
  <code code="USA">
    <editdetail attribution="Reuters BIP Coding Group" action="confirmed" date="1997-04-08"/>
  </code>
</codes>
<codes class="bip:industries:1.0">
  <code code="I33020">
    <editdetail attribution="Reuters BIP Coding Group" action="confirmed" date="1997-04-08"/>
  </code>
  <code code="I3302021">
    <editdetail attribution="Reuters BIP Coding Group" action="confirmed" date="1997-04-08"/>
  </code>
</codes>
<codes class="bip:topics:1.0">
  <code code="C17">
    <editdetail attribution="Reuters BIP Coding Group" action="confirmed" date="1997-04-08"/>
  </code>
  <code code="C171">
    <editdetail attribution="Reuters BIP Coding Group" action="confirmed" date="1997-04-08"/>
  </code>
  <code code="CCAT">
    <editdetail attribution="Reuters BIP Coding Group" action="confirmed" date="1997-04-08"/>
  </code>
</codes>
<dc element="dc.date.created" value="1997-04-08"/>
<dc element="dc.publisher" value="Reuters Holdings Plc"/>
<dc element="dc.date.published" value="1997-04-08"/>
<dc element="dc.source" value="Reuters"/>
<dc element="dc.creator.location" value="NEW YORK"/>
<dc element="dc.creator.location.country.name" value="USA"/>
<dc element="dc.source" value="Reuters"/>
</metadata>
</newsitem>
