<?xml version="1.0" encoding="iso-8859-1" ?>
<newsitem itemid="492988" id="root" date="1997-04-08" xml:lang="en">
<title>USA: Star Banc Corp Q1 shr higher at $0.52.</title>
<headline>Star Banc Corp Q1 shr higher at $0.52.</headline>
<dateline>CINCINNATI 1997-04-08</dateline>
<text>
<p>FINANCIAL HIGHLIGHTS</p>
<p>(dollars in thousands, except per share data)</p>
<p>						    First Quarter</p>
<p>					    1997   % change     1996 (a)</p>
<p>Earnings:</p>
<p> Net income		     $    45,273  18.7 %    $    38,128</p>
<p>Net interest income,</p>
<p>   fully taxable equivalent     112,895    13.8	  99,207</p>
<p> Noninterest income		  45,431    14.2	  39,791</p>
<p> Noninterest expense		 76,179     5.7	  72,090</p>
<p>Per share:</p>
<p> Earnings per common share	   0.52  20.9 %	    0.43</p>
<p> Common dividends declared	   0.20    25.0	    0.16</p>
<p> Preferred dividends declared	  --	--	    1.50</p>
<p>Average balances:</p>
<p> Total assets		    10,043,432   4.6 %     9,599,035</p>
<p> Earning assets		   9,158,952     5.7     8,663,462</p>
<p>Loans, net of unearned</p>
<p>  interest			  7,680,842     9.9     6,986,180</p>
<p> Deposits			   7,765,475     1.9     7,624,185</p>
<p> Total shareholders' equity     845,598     3.4	 818,169</p>
<p>At quarter end:</p>
<p>Common shares issued and</p>
<p>   outstanding		   85,560,618		88,533,468</p>
<p>Book value per common</p>
<p>   share				   9.68   5.1 %	    9.21</p>
<p>Market value per common</p>
<p>   share				  39.88    85.5	   21.50</p>
<p>Number of common</p>
<p>   shareholders			 8,704		     7,932</p>
<p> Number of employees		  4,056		     3,854</p>
<p>Ratios:</p>
<p> Return on average assets	   1.83%		     1.60%</p>
<p> Return on average equity	   21.71		     18.74</p>
<p>Average total shareholders'</p>
<p>equity to average total</p>
<p>   assets				  8.42			8.52</p>
<p>Regulatory capital ratios:</p>
<p>   Tier 1 risk-based capital	 7.11			7.82</p>
<p>   Total risk-based capital	 11.26		     11.03</p>
<p>Leverage ratio - average</p>
<p>    assets				 6.17			6.36</p>
<p> Net interest margin		   4.93			4.58</p>
<p>Noninterest income as a</p>
<p>   percent of net revenue	   28.69		     28.63</p>
<p>Noninterest expense to net</p>
<p>   revenue				48.12		     51.86</p>
<p>Noninterest expense to</p>
<p>   total average assets		3.08			3.02</p>
<p>NOTE: (a) Per share amounts and number of shares issued and outstanding have been restated to reflect three-for-one stock split in December 1996.</p>
</text>
<copyright>(c) Reuters Limited 1997</copyright>
<metadata>
<codes class="bip:countries:1.0">
  <code code="USA">
    <editdetail attribution="Reuters BIP Coding Group" action="confirmed" date="1997-04-08"/>
  </code>
</codes>
<codes class="bip:industries:1.0">
  <code code="I81402">
    <editdetail attribution="Reuters BIP Coding Group" action="confirmed" date="1997-04-08"/>
  </code>
</codes>
<codes class="bip:topics:1.0">
  <code code="C15">
    <editdetail attribution="Reuters BIP Coding Group" action="confirmed" date="1997-04-08"/>
  </code>
  <code code="C151">
    <editdetail attribution="Reuters BIP Coding Group" action="confirmed" date="1997-04-08"/>
  </code>
  <code code="CCAT">
    <editdetail attribution="Reuters BIP Coding Group" action="confirmed" date="1997-04-08"/>
  </code>
</codes>
<dc element="dc.date.created" value="1997-04-08"/>
<dc element="dc.publisher" value="Reuters Holdings Plc"/>
<dc element="dc.date.published" value="1997-04-08"/>
<dc element="dc.source" value="Reuters"/>
<dc element="dc.creator.location" value="CINCINNATI"/>
<dc element="dc.creator.location.country.name" value="USA"/>
<dc element="dc.source" value="Reuters"/>
</metadata>
</newsitem>
