<?xml version="1.0" encoding="iso-8859-1" ?>
<newsitem itemid="492977" id="root" date="1997-04-08" xml:lang="en">
<title>USA: Protein Database to sell assets for $1 mln.</title>
<headline>Protein Database to sell assets for $1 mln.</headline>
<dateline>HUNTINGTON STATION, N.Y. 1997-04-08</dateline>
<text>
<p>Protein Databases Inc said on Tuesday that it has entered into a tentative deal to sell all the company's intellectual property and other assets for $1 million.</p>
<p>The buyer was not named.</p>
<p>The deal is subject to the buyer's completion of due diligence, approval from the buyer's board of directors, approval of Protein Databases's board of directors and shareholders and other conditions, the company said.</p>
<p>The company makes scanning densitometers and low level light detection systems used in research laboratories.</p>
</text>
<copyright>(c) Reuters Limited 1997</copyright>
<metadata>
<codes class="bip:countries:1.0">
  <code code="USA">
    <editdetail attribution="Reuters BIP Coding Group" action="confirmed" date="1997-04-08"/>
  </code>
</codes>
<codes class="bip:topics:1.0">
  <code code="C18">
    <editdetail attribution="Reuters BIP Coding Group" action="confirmed" date="1997-04-08"/>
  </code>
  <code code="C182">
    <editdetail attribution="Reuters BIP Coding Group" action="confirmed" date="1997-04-08"/>
  </code>
  <code code="CCAT">
    <editdetail attribution="Reuters BIP Coding Group" action="confirmed" date="1997-04-08"/>
  </code>
</codes>
<dc element="dc.date.created" value="1997-04-08"/>
<dc element="dc.publisher" value="Reuters Holdings Plc"/>
<dc element="dc.date.published" value="1997-04-08"/>
<dc element="dc.source" value="Reuters"/>
<dc element="dc.creator.location" value="HUNTINGTON STATION, N.Y."/>
<dc element="dc.creator.location.country.name" value="USA"/>
<dc element="dc.source" value="Reuters"/>
</metadata>
</newsitem>
