<?xml version="1.0" encoding="iso-8859-1" ?>
<newsitem itemid="492959" id="root" date="1997-04-08" xml:lang="en">
<title>USA: Greater Bay Bancorp Q1 shr profit $0.50.</title>
<headline>Greater Bay Bancorp Q1 shr profit $0.50.</headline>
<dateline>PALO ALTO, Calif. 1997-04-08</dateline>
<text>
<p>Greater Bay Bancorp</p>
<p>				 March 31, 1997</p>
<p>			($ in 000s, except share data)</p>
<p>SELECTED CONSOLIDATED STATEMENT OF OPERATIONS DATA AND RATIOS:</p>
<p>			     First   Fourth    Third  Second   First</p>
<p>			   Quarter  Quarter  Quarter Quarter Quarter</p>
<p>				1997     1996     1996    1996    1996</p>
<p>QUARTERLY DATA (1):</p>
<p>Interest Income	$13,081  $13,129  $11,577 $10,367  $9,964</p>
<p>Interest Expense	 4,815    4,670    4,184   3,687   3,672</p>
<p>Net Interest Income</p>
<p> Before Loss Provision 8,266    8,469    7,393   6,680   6,292</p>
<p>Provision for Loan</p>
<p> Losses		    1,948	745	606     365     320</p>
<p>Net Interest</p>
<p>Income after</p>
<p>  Loss Provision	 6,318    7,714    6,787   6,315   5,972</p>
<p>Other Income		 962	943	872     904     811</p>
<p>Other Expenses (3)     4,439    6,006    5,328   5,072   4,691</p>
<p>Income Before Income</p>
<p>Taxes &amp; Merger</p>
<p>&amp; Restructuring</p>
<p> Expenses		  2,841    2,651    2,331   2,147   2,092</p>
<p>Income Tax Expense     1,102    1,094	968     839     842</p>
<p>Net Income Before</p>
<p>Merger &amp;</p>
<p>Restructuring</p>
<p> Expenses		  1,739    1,557    1,363   1,308   1,250</p>
<p>Merger &amp; Restructuring</p>
<p> Expenses, net of tax     --    1,975	 --	--	--</p>
<p> Net Income (loss)    $1,739   $ (418)  $1,363  $1,308  $1,250</p>
<p>Earnings (loss) Per</p>
<p> Share		    $ 0.50   $(0.13)   $0.41   $0.40   $0.39</p>
</text>
<copyright>(c) Reuters Limited 1997</copyright>
<metadata>
<codes class="bip:countries:1.0">
  <code code="USA">
    <editdetail attribution="Reuters BIP Coding Group" action="confirmed" date="1997-04-08"/>
  </code>
</codes>
<codes class="bip:industries:1.0">
  <code code="I81402">
    <editdetail attribution="Reuters BIP Coding Group" action="confirmed" date="1997-04-08"/>
  </code>
</codes>
<codes class="bip:topics:1.0">
  <code code="C15">
    <editdetail attribution="Reuters BIP Coding Group" action="confirmed" date="1997-04-08"/>
  </code>
  <code code="C151">
    <editdetail attribution="Reuters BIP Coding Group" action="confirmed" date="1997-04-08"/>
  </code>
  <code code="CCAT">
    <editdetail attribution="Reuters BIP Coding Group" action="confirmed" date="1997-04-08"/>
  </code>
</codes>
<dc element="dc.date.created" value="1997-04-08"/>
<dc element="dc.publisher" value="Reuters Holdings Plc"/>
<dc element="dc.date.published" value="1997-04-08"/>
<dc element="dc.source" value="Reuters"/>
<dc element="dc.creator.location" value="PALO ALTO, Calif."/>
<dc element="dc.creator.location.country.name" value="USA"/>
<dc element="dc.source" value="Reuters"/>
</metadata>
</newsitem>
