<?xml version="1.0" encoding="iso-8859-1" ?>
<newsitem itemid="492993" id="root" date="1997-04-08" xml:lang="en">
<title>USA: Grossman's says financing may be at risk.</title>
<headline>Grossman's says financing may be at risk.</headline>
<dateline>CANTON, Mass. 1997-04-08</dateline>
<text>
<p>Grossman's Inc said Tuesday it was advised late Monday by GDI Co Inc that GDI is not prepared to proceed with debtor-in-possession financing for Grossman's until GDI resolves certain issues with Congress Financial Corp, Grossman's revolving credit lender.</p>
<p>Grossman's announced its Chapter 11 Bankruptcy Code filing Monday and said GDI had committed to provide up to $50 million of debtor-in-possession financing.</p>
<p>Grossman's said today there could be no assurance that GDI's negotiations with Congress Financial will be successful.  </p>
<p>Three executive officers of JELD-WEN Inc, an affiliate of GDI and a major supplier of Grossman's, are among the seven members of the Grossman's board, Grossman's said.</p>
<p>((--New York Newsdesk 212-859-1610))</p>
</text>
<copyright>(c) Reuters Limited 1997</copyright>
<metadata>
<codes class="bip:countries:1.0">
  <code code="USA">
    <editdetail attribution="Reuters BIP Coding Group" action="confirmed" date="1997-04-08"/>
  </code>
</codes>
<codes class="bip:industries:1.0">
  <code code="I65400">
    <editdetail attribution="Reuters BIP Coding Group" action="confirmed" date="1997-04-08"/>
  </code>
</codes>
<codes class="bip:topics:1.0">
  <code code="C17">
    <editdetail attribution="Reuters BIP Coding Group" action="confirmed" date="1997-04-08"/>
  </code>
  <code code="CCAT">
    <editdetail attribution="Reuters BIP Coding Group" action="confirmed" date="1997-04-08"/>
  </code>
</codes>
<dc element="dc.date.created" value="1997-04-08"/>
<dc element="dc.publisher" value="Reuters Holdings Plc"/>
<dc element="dc.date.published" value="1997-04-08"/>
<dc element="dc.source" value="Reuters"/>
<dc element="dc.creator.location" value="CANTON, Mass."/>
<dc element="dc.creator.location.country.name" value="USA"/>
<dc element="dc.source" value="Reuters"/>
</metadata>
</newsitem>
