<?xml version="1.0" encoding="iso-8859-1" ?>
<newsitem itemid="492996" id="root" date="1997-04-08" xml:lang="en">
<title>USA: GeneMedicine stake raised by investor.</title>
<headline>GeneMedicine stake raised by investor.</headline>
<dateline>WASHINGTON 1997-04-08</dateline>
<text>
<p>Investor David Blech said Tuesday he raised his stake in GeneMedicine Inc to 914,833 common shares or seven percent.</p>
<p>In a filing with the Securities and Exchange Commission, Blech said his latest transactions include the purchase of 274,500 common shares between February 7 and April 4 at prices ranging from $6.28 to $9.25 per share.</p>
<p>GeneMedicine, based in Houston, Texas, researches and develops a new class of pharmaceutical products, called gene medicines, that incorporate genes.</p>
</text>
<copyright>(c) Reuters Limited 1997</copyright>
<metadata>
<codes class="bip:countries:1.0">
  <code code="USA">
    <editdetail attribution="Reuters BIP Coding Group" action="confirmed" date="1997-04-08"/>
  </code>
</codes>
<codes class="bip:industries:1.0">
  <code code="I25700">
    <editdetail attribution="Reuters BIP Coding Group" action="confirmed" date="1997-04-08"/>
  </code>
</codes>
<codes class="bip:topics:1.0">
  <code code="C18">
    <editdetail attribution="Reuters BIP Coding Group" action="confirmed" date="1997-04-08"/>
  </code>
  <code code="C181">
    <editdetail attribution="Reuters BIP Coding Group" action="confirmed" date="1997-04-08"/>
  </code>
  <code code="CCAT">
    <editdetail attribution="Reuters BIP Coding Group" action="confirmed" date="1997-04-08"/>
  </code>
</codes>
<dc element="dc.date.created" value="1997-04-08"/>
<dc element="dc.publisher" value="Reuters Holdings Plc"/>
<dc element="dc.date.published" value="1997-04-08"/>
<dc element="dc.source" value="Reuters"/>
<dc element="dc.creator.location" value="WASHINGTON"/>
<dc element="dc.creator.location.country.name" value="USA"/>
<dc element="dc.source" value="Reuters"/>
</metadata>
</newsitem>
