<?xml version="1.0" encoding="iso-8859-1" ?>
<newsitem itemid="492976" id="root" date="1997-04-08" xml:lang="en">
<title>USA: Keystone in new $25 mln credit facility.</title>
<headline>Keystone in new $25 mln credit facility.</headline>
<dateline>POMONA, Calif. 1997-04-08</dateline>
<text>
<p>Keystone Automotive Industries Inc said Tuesday that it has established a new $25 million unsecured credit facility with Mellon Bank.</p>
<p>The company said the new credit facility will result in significantly lower borrowing costs and provide it with additional financial flexibility.</p>
<p>Keystone distributes its products in the United States primarily to collision repair shops.  It operates 67 service centers, in 31 states.</p>
</text>
<copyright>(c) Reuters Limited 1997</copyright>
<metadata>
<codes class="bip:countries:1.0">
  <code code="USA">
    <editdetail attribution="Reuters BIP Coding Group" action="confirmed" date="1997-04-08"/>
  </code>
</codes>
<codes class="bip:industries:1.0">
  <code code="I35000">
    <editdetail attribution="Reuters BIP Coding Group" action="confirmed" date="1997-04-08"/>
  </code>
</codes>
<codes class="bip:topics:1.0">
  <code code="C17">
    <editdetail attribution="Reuters BIP Coding Group" action="confirmed" date="1997-04-08"/>
  </code>
  <code code="C173">
    <editdetail attribution="Reuters BIP Coding Group" action="confirmed" date="1997-04-08"/>
  </code>
  <code code="CCAT">
    <editdetail attribution="Reuters BIP Coding Group" action="confirmed" date="1997-04-08"/>
  </code>
</codes>
<dc element="dc.date.created" value="1997-04-08"/>
<dc element="dc.publisher" value="Reuters Holdings Plc"/>
<dc element="dc.date.published" value="1997-04-08"/>
<dc element="dc.source" value="Reuters"/>
<dc element="dc.creator.location" value="POMONA, Calif."/>
<dc element="dc.creator.location.country.name" value="USA"/>
<dc element="dc.source" value="Reuters"/>
</metadata>
</newsitem>
