<?xml version="1.0" encoding="iso-8859-1" ?>
<newsitem itemid="492913" id="root" date="1997-04-08" xml:lang="en">
<title>USA: Argonaut Group Inc Q1 shr falls to $0.65.</title>
<headline>Argonaut Group Inc Q1 shr falls to $0.65.</headline>
<dateline>LOS ANGELES 1997-04-08</dateline>
<text>
<p>ARGONAUT GROUP, INC.</p>
<p>				  Financial Highlights</p>
<p>		    (In Millions, Except per Share Amounts)</p>
<p>						 Three Months Ended</p>
<p>							March 31,</p>
<p>						  1997	    1996</p>
<p> Direct Written Premiums		 $41.3	    $51.7</p>
<p> Net Written Premiums		     40.0	     53.0</p>
<p> Earned Premiums			    45.6	     47.5</p>
<p> Net Investment Income		    20.9	     23.9</p>
<p> Gain on Sales of Investments	    1.4	     21.0</p>
<p> Total Revenue				67.9	     92.4</p>
<p> Income Before Tax			  21.2	     40.4</p>
<p> Income Tax Provision			5.7	     13.0</p>
<p> Net Income				   15.5	     27.4</p>
<p> Net Income per Common Share:	   0.65	     1.14</p>
<p>Weighted Average Common Shares</p>
<p>   (Thousands)			  23,801.4	 24,104.9</p>
<p>NOTE: Q1 1997 includes gains on investment sales of $1.4 million versus gains on investment sales of $21 million in Q1 1996.</p>
</text>
<copyright>(c) Reuters Limited 1997</copyright>
<metadata>
<codes class="bip:countries:1.0">
  <code code="USA">
    <editdetail attribution="Reuters BIP Coding Group" action="confirmed" date="1997-04-08"/>
  </code>
</codes>
<codes class="bip:industries:1.0">
  <code code="I82003">
    <editdetail attribution="Reuters BIP Coding Group" action="confirmed" date="1997-04-08"/>
  </code>
</codes>
<codes class="bip:topics:1.0">
  <code code="C15">
    <editdetail attribution="Reuters BIP Coding Group" action="confirmed" date="1997-04-08"/>
  </code>
  <code code="C151">
    <editdetail attribution="Reuters BIP Coding Group" action="confirmed" date="1997-04-08"/>
  </code>
  <code code="CCAT">
    <editdetail attribution="Reuters BIP Coding Group" action="confirmed" date="1997-04-08"/>
  </code>
</codes>
<dc element="dc.date.created" value="1997-04-08"/>
<dc element="dc.publisher" value="Reuters Holdings Plc"/>
<dc element="dc.date.published" value="1997-04-08"/>
<dc element="dc.source" value="Reuters"/>
<dc element="dc.creator.location" value="LOS ANGELES"/>
<dc element="dc.creator.location.country.name" value="USA"/>
<dc element="dc.source" value="Reuters"/>
</metadata>
</newsitem>
