<?xml version="1.0" encoding="iso-8859-1" ?>
<newsitem itemid="492997" id="root" date="1997-04-08" xml:lang="en">
<title>USA: Richmond Fed-March manufacturing, services indexes.</title>
<headline>Richmond Fed-March manufacturing, services indexes.</headline>
<dateline>WASHINGTON 1997-04-08</dateline>
<text>
<p>Federal Reserve Bank of Richmond indexes monitoring manufacturing and service-sector activity.</p>
<p> MANUFACTURING SURVEY    March   Feb</p>
<p>  Shipments		    29    -10</p>
<p>  New Orders		   25     -1</p>
<p>  Backlog Orders		2    -15</p>
<p>  Number of Employees	-2     -5</p>
<p>  Average Workweek	   -1     -3</p>
<p>  Prices Received	 -0.34  -0.14</p>
<p>  Prices Paid		0.03   0.31</p>
<p> SERVICES SURVEY	   March   Feb</p>
<p>  Service Revenues	   43	8</p>
<p>  Number of Employees	 9	4</p>
<p>  Service Wage		 23     14</p>
<p>  Retail Revenues	    57	9</p>
<p>  Retail Employees	    7    -10</p>
<p>  Retail Wage		  41	7</p>
<p>  Shopper Traffic	    28	3</p>
<p>Note -- Each index equals the percentage of responding firms reporting increases minus the percentage reporting decreases. Prices received and prices paid are in response to the question &quot;What do you believe was the percentage price change in your industry on an annualized basis?&quot;</p>
<p>Results of the March manufacturing survey are based on responses from 95 of 179 firms queried. Results of the March service-sector survey are based on responses from 69 of 123 firms.</p>
<p>The Richmond Fed said that the sharp gain in the March shipments index was the largest monthly increase in the history of the survey.</p>
<p>It said the service revenues index of 43 in March was the highest ever for the series.</p>
</text>
<copyright>(c) Reuters Limited 1997</copyright>
<metadata>
<codes class="bip:countries:1.0">
  <code code="USA">
    <editdetail attribution="Reuters BIP Coding Group" action="confirmed" date="1997-04-08"/>
  </code>
</codes>
<codes class="bip:topics:1.0">
  <code code="E11">
    <editdetail attribution="Reuters BIP Coding Group" action="confirmed" date="1997-04-08"/>
  </code>
  <code code="ECAT">
    <editdetail attribution="Reuters BIP Coding Group" action="confirmed" date="1997-04-08"/>
  </code>
</codes>
<dc element="dc.date.created" value="1997-04-08"/>
<dc element="dc.publisher" value="Reuters Holdings Plc"/>
<dc element="dc.date.published" value="1997-04-08"/>
<dc element="dc.source" value="Reuters"/>
<dc element="dc.creator.location" value="WASHINGTON"/>
<dc element="dc.creator.location.country.name" value="USA"/>
<dc element="dc.source" value="Reuters"/>
</metadata>
</newsitem>
