<?xml version="1.0" encoding="iso-8859-1" ?>
<newsitem itemid="492937" id="root" date="1997-04-08" xml:lang="en">
<title>USA: Hillenbrand Industries Inc sets payout.</title>
<headline>Hillenbrand Industries Inc sets payout.</headline>
<dateline>BATESVILLE, Ind. 1997-04-08</dateline>
<text>
<p>Quarterly</p>
<p>		   Latest		    Prior</p>
<p> Amount		$ 0.165		   $ 0.165</p>
<p> Pay		    May 30</p>
<p> Record	     April 25</p>
<p>	  ((Reuters Chicago Newsdesk (312) 408-8787))</p>
</text>
<copyright>(c) Reuters Limited 1997</copyright>
<metadata>
<codes class="bip:countries:1.0">
  <code code="USA">
    <editdetail attribution="Reuters BIP Coding Group" action="confirmed" date="1997-04-08"/>
  </code>
</codes>
<codes class="bip:industries:1.0">
  <code code="I83960">
    <editdetail attribution="Reuters BIP Coding Group" action="confirmed" date="1997-04-08"/>
  </code>
</codes>
<codes class="bip:topics:1.0">
  <code code="C15">
    <editdetail attribution="Reuters BIP Coding Group" action="confirmed" date="1997-04-08"/>
  </code>
  <code code="C151">
    <editdetail attribution="Reuters BIP Coding Group" action="confirmed" date="1997-04-08"/>
  </code>
  <code code="CCAT">
    <editdetail attribution="Reuters BIP Coding Group" action="confirmed" date="1997-04-08"/>
  </code>
</codes>
<dc element="dc.date.created" value="1997-04-08"/>
<dc element="dc.publisher" value="Reuters Holdings Plc"/>
<dc element="dc.date.published" value="1997-04-08"/>
<dc element="dc.source" value="Reuters"/>
<dc element="dc.creator.location" value="BATESVILLE, Ind."/>
<dc element="dc.creator.location.country.name" value="USA"/>
<dc element="dc.source" value="Reuters"/>
</metadata>
</newsitem>
