<?xml version="1.0" encoding="iso-8859-1" ?>
<newsitem itemid="493032" id="root" date="1997-04-08" xml:lang="en">
<title>SOUTH AFRICA: RUGBY UNION-SARFU POSTPONES DRUGS HEARING.</title>
<headline>RUGBY UNION-SARFU POSTPONES DRUGS HEARING.</headline>
<dateline>CAPE TOWN 1997-04-08</dateline>
<text>
<p>The South African Rugby Football Union (SARFU) postponed indefinitely a drugs hearing into three players on Tuesday because of fears the proceedings could have been unconstitutional.</p>
<p>SARFU chief executive Rian Oberholzer said in a statement that SARFU's regulations, which did not allow for legal representation at disciplinary hearings, could be in conflict with the new constitution.</p>
<p>&quot;We have become aware that this section of our regulations may be in conflict with the new constitution of South Africa. For this reason, we have decided to postpone the hearings.</p>
<p>&quot;The issues of illegal drugs being used in South African rugby and of bringing the game into disrepute are issues that SARFU treats with the utmost seriousness.</p>
<p>&quot;We would like to have these issues settled as quickly as possible.&quot;</p>
<p>But Oberholzer said the constitutional issue had to be resolved before the hearings could take place.</p>
<p>None of the three rugby players who tested positive for illegal substances has yet been officially named by SARFU but Springbok lock Johan Ackerman is known to have tested positive in January and has not played for Northern Transvaal in the ongoing Super 12 series.</p>
</text>
<copyright>(c) Reuters Limited 1997</copyright>
<metadata>
<codes class="bip:countries:1.0">
  <code code="SAFR">
    <editdetail attribution="Reuters BIP Coding Group" action="confirmed" date="1997-04-08"/>
  </code>
</codes>
<codes class="bip:topics:1.0">
  <code code="GCAT">
    <editdetail attribution="Reuters BIP Coding Group" action="confirmed" date="1997-04-08"/>
  </code>
  <code code="GSPO">
    <editdetail attribution="Reuters BIP Coding Group" action="confirmed" date="1997-04-08"/>
  </code>
</codes>
<dc element="dc.date.created" value="1997-04-08"/>
<dc element="dc.publisher" value="Reuters Holdings Plc"/>
<dc element="dc.date.published" value="1997-04-08"/>
<dc element="dc.source" value="Reuters"/>
<dc element="dc.creator.location" value="CAPE TOWN"/>
<dc element="dc.creator.location.country.name" value="SOUTH AFRICA"/>
<dc element="dc.source" value="Reuters"/>
</metadata>
</newsitem>
