<?xml version="1.0" encoding="iso-8859-1" ?>
<newsitem itemid="493000" id="root" date="1997-04-08" xml:lang="en">
<title>ANTIGUA: CRICKET-WEST INDIES V INDIA FINAL DAY SCOREBOARD.</title>
<headline>CRICKET-WEST INDIES V INDIA FINAL DAY SCOREBOARD.</headline>
<dateline>ST JOHN'S, Antigua 1997-04-08</dateline>
<text>
<p>Scoreboard on the fifth and final day of the fourth cricket test between West Indies and India on Tuesday:</p>
<p>West Indies first innings (overnight 252-7):</p>
<p> S.Campbell run out			  10</p>
<p> S.Williams c Tendulkar b Kuruvilla     0</p>
<p> S.Chanderpaul c Laxman b Kumble	 24</p>
<p> B.Lara c  Mongia b Prasad		103</p>
<p> C.Hooper c Azharuddin b Joshi	   26</p>
<p> R.Holder c Mongia b Kumble		56</p>
<p> C.Browne not out			    39</p>
<p> I.Bishop c Dravid b Joshi		 17</p>
<p> C.Ambrose c Mongia b Kuruvilla	  22</p>
<p> C.Walsh c Dravid b Joshi		  21</p>
<p> Extras (b-1 lb-5 nb-9)		    15</p>
<p>  Total (for nine declared)	     333</p>
<p>Fall of wickets: 1-0 2-32 3-40 4-82 5-224 6-230 7-252 8-295 9-333.</p>
<p>Did not bat: F.Rose</p>
<p>Bowling: Prasad 24-5-65-1 (nb4), Kuruvilla 24-1-69-2 (nb2), Kumble 36-14-93-2, Joshi 23.4-7-76-3 (nb3), Ganguly 3-0-24-0.</p>
<p>India first innings</p>
<p> A.Jadeja run out		     96</p>
<p> V.Laxman c browne b walsh	  56</p>
<p> R.Dravid not out		     37</p>
<p> S.Joshi not out			10</p>
<p> Extras				   13</p>
<p> Total (for 2 wickets)	     212</p>
<p>Fall of wickets: 1-97 2-198</p>
<p>Bowling: Ambrose 9-1-26-0, Bishop 15-2-47-0, Walsh 16-4-37- 1, Hooper 14-3-40-0, Chanderpaul 11-0-40-0, Williams 3-0-19-0.</p>
<p>Match drawn</p>
</text>
<copyright>(c) Reuters Limited 1997</copyright>
<metadata>
<codes class="bip:countries:1.0">
  <code code="ANTA">
    <editdetail attribution="Reuters BIP Coding Group" action="confirmed" date="1997-04-08"/>
  </code>
  <code code="INDIA">
    <editdetail attribution="Reuters BIP Coding Group" action="confirmed" date="1997-04-08"/>
  </code>
  <code code="WEIND">
    <editdetail attribution="Reuters BIP Coding Group" action="confirmed" date="1997-04-08"/>
  </code>
</codes>
<codes class="bip:topics:1.0">
  <code code="GCAT">
    <editdetail attribution="Reuters BIP Coding Group" action="confirmed" date="1997-04-08"/>
  </code>
  <code code="GSPO">
    <editdetail attribution="Reuters BIP Coding Group" action="confirmed" date="1997-04-08"/>
  </code>
</codes>
<dc element="dc.date.created" value="1997-04-08"/>
<dc element="dc.publisher" value="Reuters Holdings Plc"/>
<dc element="dc.date.published" value="1997-04-08"/>
<dc element="dc.source" value="Reuters"/>
<dc element="dc.creator.location" value="ST JOHN'S, Antigua"/>
<dc element="dc.creator.location.country.name" value="ANTIGUA"/>
<dc element="dc.source" value="Reuters"/>
</metadata>
</newsitem>
