<?xml version="1.0" encoding="iso-8859-1" ?>
<newsitem itemid="493035" id="root" date="1997-04-08" xml:lang="en">
<title>SOUTH AFRICA: CRICKET-UCBSA CHANGES MIND OVER STREAK.</title>
<headline>CRICKET-UCBSA CHANGES MIND OVER STREAK.</headline>
<byline>Mark Stokes</byline>
<dateline>JOHANNESBURG 1997-04-08</dateline>
<text>
<p>The United Cricket Board of South Africa (UCBSA) has reversed a decision to allow Zimbabwe fast bowler Heath Streak to appear as a guest player for Mashonaland in their Standard Bank Cup semi-final against Natal in Durban on April 18.</p>
<p>Streak, who represents Matabeleland province in his country's domestic competition, was initially given clearance a month ago by UCBSA to turn out for a depleted Mashonaland side for the Kingsmead encounter.</p>
<p>But UCBSA managing director Ali Bacher said on Wednesday that this decision would no longer apply.</p>
<p>&quot;Heath Streak will not be permitted to play for Mashonaland as he is not an overseas player with them,&quot; Bacher told Reuters.</p>
<p>&quot;While, from a cricketing point of view, his inclusion would strengthen a weakened side, the principle is wrong and it would not be in the interests of the competition.</p>
<p>&quot;The official request for Streak to play for Mashonaland in fact came from the Zimbabwe Cricket Union and I conveyed our decision to their president Peter Chingoka this morning. He accepts it fully.&quot;</p>
<p>The initial clearance for Streak to play for Mashonaland came from the UCBSA's playing affairs committee which, at the time, felt his bolstering of the side would be in the interests of good cricket.</p>
<p>&quot;Considering that they (Mashonaland) have lost a huge complement of their players for the Kingsmead match, the feeling was that any player strengthening their side was something to be supported,&quot; UCBSA director of umpiring Brian Basson told Reuters on Wednesday.</p>
<p>&quot;Natal's quarter-final match against Kenya in Durban last month was a bit of a disappointment and, from a crowd point of view, it would be desirable to have a closer-fought semi-final at Kingsmead.&quot;</p>
<p>Mashonaland, who beat Eastern Province in Port Elizabeth to book their place in the tournament's semi-finals, will be without five key players for their clash with Natal - four Zimbabwe test cricketers and one English county player.</p>
<p>Former Zimbabwe captain Andy Flower (Oxford) and Grant Flower (Epsom College) are committed to coaching contracts in England, Zimbabwe player-coach Dave Houghton is already back in Britain coaching English county Worcestershire and wrist-spinner Paul Trang is Kent's new overseas player for 1997.</p>
<p>Mashonaland's 1996-97 overseas player James Kirtley has returned to home county Sussex for the up-coming cricket season.</p>
</text>
<copyright>(c) Reuters Limited 1997</copyright>
<metadata>
<codes class="bip:countries:1.0">
  <code code="SAFR">
    <editdetail attribution="Reuters BIP Coding Group" action="confirmed" date="1997-04-08"/>
  </code>
  <code code="ZIMBAB">
    <editdetail attribution="Reuters BIP Coding Group" action="confirmed" date="1997-04-08"/>
  </code>
</codes>
<codes class="bip:topics:1.0">
  <code code="GCAT">
    <editdetail attribution="Reuters BIP Coding Group" action="confirmed" date="1997-04-08"/>
  </code>
  <code code="GSPO">
    <editdetail attribution="Reuters BIP Coding Group" action="confirmed" date="1997-04-08"/>
  </code>
</codes>
<dc element="dc.date.created" value="1997-04-08"/>
<dc element="dc.publisher" value="Reuters Holdings Plc"/>
<dc element="dc.date.published" value="1997-04-08"/>
<dc element="dc.source" value="Reuters"/>
<dc element="dc.creator.location" value="JOHANNESBURG"/>
<dc element="dc.creator.location.country.name" value="SOUTH AFRICA"/>
<dc element="dc.source" value="Reuters"/>
</metadata>
</newsitem>
