<?xml version="1.0" encoding="iso-8859-1" ?>
<newsitem itemid="493086" id="root" date="1997-04-08" xml:lang="en">
<title>ESTONIA: LATEST ECONOMIC INDICATORS - UPDATED APRIL 7.</title>
<headline>LATEST ECONOMIC INDICATORS - UPDATED APRIL 7.</headline>
<text>
<p>TALLINN, Reuter - Estonia's latest economic statistics for</p>
<p>1997, in percentage changes on a month-to-month basis unless</p>
<p>otherwise indicated. (* = updated this week)</p>
<p> INDICATOR		    PERIOD    PCT   A YR AGO  LAST/NEXT</p>
<p> Consumer price Index	Mar	0.8	1.6    07/04-08/05</p>
<p> Consumer prices (Yr/Yr)   Mar	9.1     28.3    07/04-08/05</p>
<p> Trade balance (Bln EEK)   Feb     -1.1     -1.6    07/04-05/05</p>
<p> GDP (Bln EEK)		 Q3 96   13.6	n/a    10/03-26/05</p>
<p> BOP (Bln EEK)		 1996     1.2	1.2    07/04-Na/</p>
<p> BOP (Bln EEK)		 Q4 96    0.6	0.2    07/04-Na/</p>
<p> Current account (Bln EEK) 1996    -5.3     -2.1    07/04-Na/</p>
<p> Current account (Bln EEK) Q4 96   -2.9     -0.9    07/04-Na/</p>
<p> Export price index	  Feb	1.1	0.2    20/03-21/04</p>
<p> Export price index(Yr/Yr) Feb	6.3     13.4    20/03-21/04</p>
<p> Producer Price Index (PPI)Feb	0.8	0.9    20/03-21/04</p>
<p> PPI (Yr/Yr)		   Feb	8.3     14.2    20/03-21/04</p>
<p> Unemployment (LB)	   Feb	4.4	4.8    10/03-09/04</p>
<p>(LB=Labour Board figures based on percentage of workforce</p>
<p>actively seeking jobs through the state labour exchange.)</p>
<p>-- Tallinn newsroom +372 630 8400 reuters@reuters.ee</p>
</text>
<copyright>(c) Reuters Limited 1997</copyright>
<metadata>
<codes class="bip:countries:1.0">
  <code code="ESTNIA">
    <editdetail attribution="Reuters BIP Coding Group" action="confirmed" date="1997-04-08"/>
  </code>
</codes>
<codes class="bip:topics:1.0">
  <code code="E71">
    <editdetail attribution="Reuters BIP Coding Group" action="confirmed" date="1997-04-08"/>
  </code>
  <code code="ECAT">
    <editdetail attribution="Reuters BIP Coding Group" action="confirmed" date="1997-04-08"/>
  </code>
</codes>
<dc element="dc.publisher" value="Reuters Holdings Plc"/>
<dc element="dc.date.published" value="1997-04-08"/>
<dc element="dc.source" value="Reuters"/>
<dc element="dc.creator.location.country.name" value="ESTONIA"/>
<dc element="dc.source" value="Reuters"/>
</metadata>
</newsitem>
