<?xml version="1.0" encoding="iso-8859-1" ?>
<newsitem itemid="493041" id="root" date="1997-04-08" xml:lang="en">
<title>AUSTRALIA: MOTOR RACING-FITTIPALDI OUT FOR TWO MONTHS.</title>
<headline>MOTOR RACING-FITTIPALDI OUT FOR TWO MONTHS.</headline>
<dateline>SYDNEY 1997-04-08</dateline>
<text>
<p>Brazilian Christian Fittipaldi will be unable to drive for at least two months after breaking his leg on Sunday in a high-speed crash, an Australian IndyCar spokeswoman said on Tuesday.</p>
<p>Fittipaldi, who broke his right leg in two places in a spectacular crash during the street circuit race at Queensland's Surfers' Paradise on Sunday, was &quot;stable and comfortable&quot; in a local hospital.</p>
<p>A steel rod 360mm (14 inches) long was inserted into the leg during three-hour corrective surgery on the tibia bone on Sunday night, IndyCar Australia spokeswoman Nan Dwyer said.</p>
<p>&quot;Christian will be out of racing for at least two months. I don't think he will be able to drive at all during that time,&quot; Dwyer added.</p>
<p>&quot;He is hopeful he will be able to leave Australia before the end of the week.&quot;</p>
<p>Fittipaldi was injured in a crash at the end of the first lap, forcing a restart of the race, which was won by American driver Scott Pruett.</p>
<p>The crash occured when Fittipaldi's Swift Ford appeared to be bumped from behind in a chicane leading to the main straight and smashed into a side wall, sending debris flying in all directions.</p>
<p>His car was travelling at more than 240 km (150 miles per hour) at the moment of impact and travelled another 400 metres (yards) along the track before coming to a halt.</p>
<p>The Brazilian is the nephew of former IndyCar and Formula One drivers' champion Emerson Fittipaldi, who himself underwent a five-hour operation to repair a fracture of the vertebra after a high-speed race crash last July.</p>
</text>
<copyright>(c) Reuters Limited 1997</copyright>
<metadata>
<codes class="bip:countries:1.0">
  <code code="AUSTR">
    <editdetail attribution="Reuters BIP Coding Group" action="confirmed" date="1997-04-08"/>
  </code>
  <code code="BRAZ">
    <editdetail attribution="Reuters BIP Coding Group" action="confirmed" date="1997-04-08"/>
  </code>
</codes>
<codes class="bip:topics:1.0">
  <code code="GCAT">
    <editdetail attribution="Reuters BIP Coding Group" action="confirmed" date="1997-04-08"/>
  </code>
  <code code="GSPO">
    <editdetail attribution="Reuters BIP Coding Group" action="confirmed" date="1997-04-08"/>
  </code>
</codes>
<dc element="dc.date.created" value="1997-04-08"/>
<dc element="dc.publisher" value="Reuters Holdings Plc"/>
<dc element="dc.date.published" value="1997-04-08"/>
<dc element="dc.source" value="Reuters"/>
<dc element="dc.creator.location" value="SYDNEY"/>
<dc element="dc.creator.location.country.name" value="AUSTRALIA"/>
<dc element="dc.source" value="Reuters"/>
</metadata>
</newsitem>
