<?xml version="1.0" encoding="iso-8859-1" ?>
<newsitem itemid="493023" id="root" date="1997-04-08" xml:lang="en">
<title>UK: SOCCER-WELSH F.A. TO DISCUSS GOULD'S FUTURE.</title>
<headline>SOCCER-WELSH F.A. TO DISCUSS GOULD'S FUTURE.</headline>
<dateline>CARDIFF 1997-04-08</dateline>
<text>
<p>Bobby Gould's future as Welsh national team manager will be discussed at an emergency Football Association of Wales committee meeting next Tuesday.</p>
<p>His position is under threat after striker Nathan Blake accused him of making racist comments during training for the March 29 World Cup qualifier defeat by Belgium. Blake refused a place on the substitutes' bench.</p>
<p>Gould immediately denied he was a racist but apologised for &quot;any misunderstanding&quot;.</p>
<p>The FAW's eight-man management committee will consider the accusation and then report to the general council at its meeting in Wrexham the following day.</p>
</text>
<copyright>(c) Reuters Limited 1997</copyright>
<metadata>
<codes class="bip:countries:1.0">
  <code code="BELG">
    <editdetail attribution="Reuters BIP Coding Group" action="confirmed" date="1997-04-08"/>
  </code>
  <code code="UK">
    <editdetail attribution="Reuters BIP Coding Group" action="confirmed" date="1997-04-08"/>
  </code>
</codes>
<codes class="bip:topics:1.0">
  <code code="GCAT">
    <editdetail attribution="Reuters BIP Coding Group" action="confirmed" date="1997-04-08"/>
  </code>
  <code code="GSPO">
    <editdetail attribution="Reuters BIP Coding Group" action="confirmed" date="1997-04-08"/>
  </code>
</codes>
<dc element="dc.date.created" value="1997-04-08"/>
<dc element="dc.publisher" value="Reuters Holdings Plc"/>
<dc element="dc.date.published" value="1997-04-08"/>
<dc element="dc.source" value="Reuters"/>
<dc element="dc.creator.location" value="CARDIFF"/>
<dc element="dc.creator.location.country.name" value="UK"/>
<dc element="dc.source" value="Reuters"/>
</metadata>
</newsitem>
