<?xml version="1.0" encoding="iso-8859-1" ?>
<newsitem itemid="493071" id="root" date="1997-04-08" xml:lang="en">
<title>INDIA: TENNIS-WASHINGTON STRETCHED BY LITTLE-KNOWN BULGARIAN.</title>
<headline>TENNIS-WASHINGTON STRETCHED BY LITTLE-KNOWN BULGARIAN.</headline>
<dateline>MADRAS 1997-04-08</dateline>
<text>
<p>Third-seeded American MaliVai Washington was forced to work hard for his 7-5 6-7 6-3 victory over little known Bulgarian Orlin Stanoychev in the first round of the Indian Open on Tuesday.</p>
<p>Washington, 1996 Wimbledon losing finalist now ranked 26th in the world, struggled with the heat and humidity in the southern Indian city before prevailing against the 114th-ranked Bulgarian.</p>
<p>The heat took its toll on Sweden's Lars Jonsson, who retired exhausted during the third set of his encounter with Marco Mengeschincheri of Italy.</p>
<p>The 209th-ranked Mengeschincheri, who had won the opening set 6-0 but lost the second 4-6, was leading 4-1 when the 150th-ranked Larsson told the referee that he could not continue.</p>
<p>Top seed and Wimbledon champion Richard Krajicek of the Netherlands sailed into the second round with a 6-4 6-4 victory over Swede Thomas Nydahl while Pat Cash of Australia swept aside India's Mahesh Bhupathi 6-1 6-3.</p>
<p>India'a Olympic bronze medallist Leander Paes disappointed local fans as he suffered an ignominious 6-1 6-2 first round defeat by Argentine Gaston Etlis.</p>
</text>
<copyright>(c) Reuters Limited 1997</copyright>
<metadata>
<codes class="bip:countries:1.0">
  <code code="BUL">
    <editdetail attribution="Reuters BIP Coding Group" action="confirmed" date="1997-04-08"/>
  </code>
  <code code="INDIA">
    <editdetail attribution="Reuters BIP Coding Group" action="confirmed" date="1997-04-08"/>
  </code>
  <code code="USA">
    <editdetail attribution="Reuters BIP Coding Group" action="confirmed" date="1997-04-08"/>
  </code>
</codes>
<codes class="bip:topics:1.0">
  <code code="GCAT">
    <editdetail attribution="Reuters BIP Coding Group" action="confirmed" date="1997-04-08"/>
  </code>
  <code code="GSPO">
    <editdetail attribution="Reuters BIP Coding Group" action="confirmed" date="1997-04-08"/>
  </code>
</codes>
<dc element="dc.date.created" value="1997-04-08"/>
<dc element="dc.publisher" value="Reuters Holdings Plc"/>
<dc element="dc.date.published" value="1997-04-08"/>
<dc element="dc.source" value="Reuters"/>
<dc element="dc.creator.location" value="MADRAS"/>
<dc element="dc.creator.location.country.name" value="INDIA"/>
<dc element="dc.source" value="Reuters"/>
</metadata>
</newsitem>
