<?xml version="1.0" encoding="iso-8859-1" ?>
<newsitem itemid="493002" id="root" date="1997-04-08" xml:lang="en">
<title>SPAIN: SOCCER-NINE-MAN TENERIFE BEAT SCHALKE IN UEFA CUP SEMIFINAL.</title>
<headline>SOCCER-NINE-MAN TENERIFE BEAT SCHALKE IN UEFA CUP SEMIFINAL.</headline>
<dateline>TENERIFE 1997-04-08</dateline>
<text>
<p>Tenerife beat Schalke 1-0 in the first leg of their UEFA Cup semifinal on Tuesday despite conceding a penalty and having two men sent off.</p>
<p>Tenerife went ahead with a penalty by Felipe Minambres after just five minutes but lost their way after Angel Vivar Dorado was sent off early in the second half.</p>
<p>The situation worsened for the hosts when goalkeeper Marcelo Ojeda also received a red card for a foul 15 minutes from the end.</p>
<p>But the German side missed the subsequent penalty and despite bringing on extra forwards could not find the equaliser.</p>
</text>
<copyright>(c) Reuters Limited 1997</copyright>
<metadata>
<codes class="bip:countries:1.0">
  <code code="GFR">
    <editdetail attribution="Reuters BIP Coding Group" action="confirmed" date="1997-04-08"/>
  </code>
  <code code="SPAIN">
    <editdetail attribution="Reuters BIP Coding Group" action="confirmed" date="1997-04-08"/>
  </code>
</codes>
<codes class="bip:topics:1.0">
  <code code="GCAT">
    <editdetail attribution="Reuters BIP Coding Group" action="confirmed" date="1997-04-08"/>
  </code>
  <code code="GSPO">
    <editdetail attribution="Reuters BIP Coding Group" action="confirmed" date="1997-04-08"/>
  </code>
</codes>
<dc element="dc.date.created" value="1997-04-08"/>
<dc element="dc.publisher" value="Reuters Holdings Plc"/>
<dc element="dc.date.published" value="1997-04-08"/>
<dc element="dc.source" value="Reuters"/>
<dc element="dc.creator.location" value="TENERIFE"/>
<dc element="dc.creator.location.country.name" value="SPAIN"/>
<dc element="dc.source" value="Reuters"/>
</metadata>
</newsitem>
