<?xml version="1.0" encoding="iso-8859-1" ?>
<newsitem itemid="493152" id="root" date="1997-04-08" xml:lang="en">
<title>UK: Labour's 1992 graveyard holds no terrors for Blair.</title>
<headline>Labour's 1992 graveyard holds no terrors for Blair.</headline>
<byline>Gerrard Raven</byline>
<dateline>BASILDON, England 1996-04-09</dateline>
<text>
<p>Basildon has gone down in political folklore as the place which smashed former Labour Party leader Neil Kinnock's hopes of victory in Britain's last general election.</p>
<p>On Tuesday, the eve of the anniversary of the 1992 poll, Kinnock's successor Tony Blair and his deputy John Prescott made a triumphal visit to the town a few miles east of London to claim it as their own.</p>
<p>Cheering crowds shouting &quot;Tony, Tony&quot; were music to the ears of party workers, who are confident that at the May 1 election the town which is synonymous with working class Conservatism will at last return a Labour MP.</p>
<p>Some of those same workers wept openly five years ago when the news came through that David Amess had retained the seat for the Conservatives by a slim 1,480-vote majority.</p>
<p>Basildon was the first marginal seat to declare its result in 1992, and thus the weather vane which pointed to another five years in power for Prime Minister John Major.</p>
<p>&quot;We all remember those scenes,&quot; Blair recalled at a town hall meeting. &quot;Basildon has earned a special place in British politics.&quot;</p>
<p>With Labour 20 points ahead in national opinion polls, and Blair having shifted its policy to appeal to the pragmatic kind of people who live in Basildon, the party can scarcely countenance the possibility that the town will disappoint it again.</p>
<p>&quot;Basildon symbolises a Britain where people want to work hard, play by the rules, own their own homes and build a better future for themselves and their family,&quot; Blair said.</p>
<p>&quot;The people of Basildon particularly feel betrayed by the Conservatives -- betrayed on jobs, betrayed on tax, betrayed on basic security.&quot;</p>
<p>Blair stressed that Labour no longer stands for the high spending, tax raising agenda which frightened voters in Basildon away in 1992.</p>
<p>&quot;The great majority of people in this country have been crying out for a serious, sensible alternative to the Conservative Party for a long time. The difference today is that they have got one,&quot; he said.</p>
<p>Blair and Prescott were told by one once-sceptical voter, Geraldine Evans: &quot;I have decided to vote Labour. I truly believe that a Labour Party led by yourselves, and with the team around you, is going to produce a fairer Britain.&quot;</p>
<p>Amess has implicitly acknowledged that it will be a massive task for his party to hold Basildon, by jumping ship and getting himself adopted as candidate for a much safer Conservative seat a few miles away.</p>
<p>&quot;The chicken's gone off to Southend,&quot; Blair said to loud laughter.</p>
<p>The Conservatives are making a show of defending the seat, with finance minister Kenneth Clarke paying a visit there on Monday to back the candidature of investment banker and Eurosceptic John Baron.</p>
<p>But there was none of the razzamatazz or the crowds that surrounded Blair.</p>
<p>Clarke flew in by helicopter and was rushed into a retail group's warehouse on the outskirts of the town before being whisked off to another marginal constituency. Reporters were kept out and Baron steered well away from the cameras.</p>
<p>Former professional boxer Terry Marsh has strapped on his gloves on behalf of the minority Liberal Democrats, but Labour is confident that its local councillor candidate Angela Smith will knock both him and Baron out of the ring.</p>
</text>
<copyright>(c) Reuters Limited 1997</copyright>
<metadata>
<codes class="bip:countries:1.0">
  <code code="UK">
    <editdetail attribution="Reuters BIP Coding Group" action="confirmed" date="1997-04-08"/>
  </code>
</codes>
<codes class="bip:topics:1.0">
  <code code="GCAT">
    <editdetail attribution="Reuters BIP Coding Group" action="confirmed" date="1997-04-08"/>
  </code>
  <code code="GPOL">
    <editdetail attribution="Reuters BIP Coding Group" action="confirmed" date="1997-04-08"/>
  </code>
  <code code="GVOTE">
    <editdetail attribution="Reuters BIP Coding Group" action="confirmed" date="1997-04-08"/>
  </code>
</codes>
<dc element="dc.date.created" value="1996-04-09"/>
<dc element="dc.publisher" value="Reuters Holdings Plc"/>
<dc element="dc.date.published" value="1997-04-08"/>
<dc element="dc.source" value="Reuters"/>
<dc element="dc.creator.location" value="BASILDON, England"/>
<dc element="dc.creator.location.country.name" value="UK"/>
<dc element="dc.source" value="Reuters"/>
</metadata>
</newsitem>
