<?xml version="1.0" encoding="iso-8859-1" ?>
<newsitem itemid="493114" id="root" date="1997-04-08" xml:lang="en">
<title>LITHUANIA: HERMIS BANK'S 1Q NET PROFIT RISES.</title>
<headline>HERMIS BANK'S 1Q NET PROFIT RISES.</headline>
<dateline>VILNIUS 1997-04-08</dateline>
<text>
<p>Lithuania's second largest private commercial bank, Hermis Bank, said on Tuesday that its unaudited 1Q net profit for 1997 was 9.3 million litas versus 4.4 million litas for the same period last year.</p>
<p>The chairwoman of the bank's board, Dr. Nadiezhda Novickiene, also told Reuters that the bank's deposits rose to 451 million litas from 413.9 million litas in the first three months of the year.</p>
<p>She added that its loan portfolio grew by 23 percent to 285 million litas during the first quarter of 1997.</p>
<p>&quot;Our bank has been operating more professionally this year than last year and we are more effective in earning income and controlling expenses,&quot; she said.</p>
<p>&quot;I am sure that we will reach our strategic aim to control around 20 percent of the country's banking market before 2001,&quot; she said.</p>
<p>She did not say what the bank's current market share is.</p>
<p>The bank's net profit last year soared to over 27 million litas after a loss of over nine million litas in 1995.</p>
<p>--Andrius Vilkancas, Vilnius newsroom +370 2 22 35 18</p>
</text>
<copyright>(c) Reuters Limited 1997</copyright>
<metadata>
<codes class="bip:countries:1.0">
  <code code="LITH">
    <editdetail attribution="Reuters BIP Coding Group" action="confirmed" date="1997-04-08"/>
  </code>
</codes>
<codes class="bip:industries:1.0">
  <code code="I81402">
    <editdetail attribution="Reuters BIP Coding Group" action="confirmed" date="1997-04-08"/>
  </code>
</codes>
<codes class="bip:topics:1.0">
  <code code="C15">
    <editdetail attribution="Reuters BIP Coding Group" action="confirmed" date="1997-04-08"/>
  </code>
  <code code="C151">
    <editdetail attribution="Reuters BIP Coding Group" action="confirmed" date="1997-04-08"/>
  </code>
  <code code="CCAT">
    <editdetail attribution="Reuters BIP Coding Group" action="confirmed" date="1997-04-08"/>
  </code>
</codes>
<dc element="dc.date.created" value="1997-04-08"/>
<dc element="dc.publisher" value="Reuters Holdings Plc"/>
<dc element="dc.date.published" value="1997-04-08"/>
<dc element="dc.source" value="Reuters"/>
<dc element="dc.creator.location" value="VILNIUS"/>
<dc element="dc.creator.location.country.name" value="LITHUANIA"/>
<dc element="dc.source" value="Reuters"/>
</metadata>
</newsitem>
