<?xml version="1.0" encoding="iso-8859-1" ?>
<newsitem itemid="493128" id="root" date="1997-04-08" xml:lang="en">
<title>GREECE: PENSION FUND MONEY CAN HELP PRIVATISATION - BANKER.</title>
<headline>PENSION FUND MONEY CAN HELP PRIVATISATION - BANKER.</headline>
<dateline>ATHENS 1997-04-08</dateline>
<text>
<p>Bank of Attica chairman Soulis Apostolopoulos told an Economist conference that dormant pension fund money should be tapped to restructure public sector enterprises as in the case of his bank.</p>
<p>&quot;The productive activation of reserves that lie dormant in many pension funds can serve as a source of capital for the development and restructuring of many state companies,&quot; he said.</p>
<p>Such a use would prove beneficial both to the pension funds and their pensioners, he pointed out.</p>
<p>A recent example was Commercial Bank subsidiary Bank of Attica, where Commercial reduced its stake to 20.5 from 70 percent, selling 49.5 percent to two pension funds -- TSMEDE and TPD.</p>
<p>The change in ownership, the result of a three-year business plan, set the stage for a fast-growing bank with high capital adequacy, he said.</p>
<p>Bank of Attica has doubled its branch network, tripled its loan portfolio and launched a mutual fund management subsidiary, he said.</p>
<p>De-nationalisation does not necessarily mean privatisation, Apostolopoulos told the conference.</p>
<p>Selling a stake to the investment public through the Athens stock exchange and hiring professional management committed to a specific business plan can make the change in public sector companies in need of investment funds, he said.</p>
<p>--George Georgiopoulos, Intercontinental newsroom 301 3311813</p>
</text>
<copyright>(c) Reuters Limited 1997</copyright>
<metadata>
<codes class="bip:countries:1.0">
  <code code="GREECE">
    <editdetail attribution="Reuters BIP Coding Group" action="confirmed" date="1997-04-08"/>
  </code>
</codes>
<codes class="bip:industries:1.0">
  <code code="I81402">
    <editdetail attribution="Reuters BIP Coding Group" action="confirmed" date="1997-04-08"/>
  </code>
  <code code="I81502">
    <editdetail attribution="Reuters BIP Coding Group" action="confirmed" date="1997-04-08"/>
  </code>
  <code code="I8150214">
    <editdetail attribution="Reuters BIP Coding Group" action="confirmed" date="1997-04-08"/>
  </code>
</codes>
<codes class="bip:topics:1.0">
  <code code="C18">
    <editdetail attribution="Reuters BIP Coding Group" action="confirmed" date="1997-04-08"/>
  </code>
  <code code="C183">
    <editdetail attribution="Reuters BIP Coding Group" action="confirmed" date="1997-04-08"/>
  </code>
  <code code="CCAT">
    <editdetail attribution="Reuters BIP Coding Group" action="confirmed" date="1997-04-08"/>
  </code>
  <code code="E12">
    <editdetail attribution="Reuters BIP Coding Group" action="confirmed" date="1997-04-08"/>
  </code>
  <code code="ECAT">
    <editdetail attribution="Reuters BIP Coding Group" action="confirmed" date="1997-04-08"/>
  </code>
</codes>
<dc element="dc.date.created" value="1997-04-08"/>
<dc element="dc.publisher" value="Reuters Holdings Plc"/>
<dc element="dc.date.published" value="1997-04-08"/>
<dc element="dc.source" value="Reuters"/>
<dc element="dc.creator.location" value="ATHENS"/>
<dc element="dc.creator.location.country.name" value="GREECE"/>
<dc element="dc.source" value="Reuters"/>
</metadata>
</newsitem>
