<?xml version="1.0" encoding="iso-8859-1" ?>
<newsitem itemid="493126" id="root" date="1997-04-08" xml:lang="en">
<title>LITHUANIA: LATEST ECONOMIC INDICATORS - LITHUANIA.</title>
<headline>LATEST ECONOMIC INDICATORS - LITHUANIA.</headline>
<dateline>VILNIUS</dateline>
<text>
<p>Lithuania's latest economic statistics,</p>
<p>in percentage changes on a month-on-month basis unless</p>
<p>otherwise indicated.</p>
<p>Publication dates of new figures are approximate.</p>
<p>INDICATOR		  PERIOD    PCT     A YR AGO    LAST-NEXT</p>
<p>Inflation		  March     +0.1	n/a     07/04-07/05</p>
<p>			     1Q	  +3.5     +8.1     07/04-07/07</p>
<p>Trade balance (bln LTL) 1996     -4.5	n/a     24/02-24/03</p>
<p>GDP (bln LTL)	     Q3 1996   8.5	6.7     24/02-n/a</p>
<p>PPI			   Jan	 0.5	n/a     24/02-n/a</p>
<p>PPI (YR/YR)		 Jan	11.4	n/a     24/02-06/04</p>
<p>Unemployment		March     6.2	8.3     04/04-04/05</p>
<p>Note - All inflation figures before January 1997 are</p>
<p>currently being recalucalted to conform to Euro stat methods.</p>
<p>Revised figures are due to be released in April.</p>
<p>-- Vilnius newsroom +370 2 22 35 17</p>
</text>
<copyright>(c) Reuters Limited 1997</copyright>
<metadata>
<codes class="bip:countries:1.0">
  <code code="LITH">
    <editdetail attribution="Reuters BIP Coding Group" action="confirmed" date="1997-04-08"/>
  </code>
</codes>
<codes class="bip:topics:1.0">
  <code code="E71">
    <editdetail attribution="Reuters BIP Coding Group" action="confirmed" date="1997-04-08"/>
  </code>
  <code code="ECAT">
    <editdetail attribution="Reuters BIP Coding Group" action="confirmed" date="1997-04-08"/>
  </code>
</codes>
<dc element="dc.publisher" value="Reuters Holdings Plc"/>
<dc element="dc.date.published" value="1997-04-08"/>
<dc element="dc.source" value="Reuters"/>
<dc element="dc.creator.location" value="VILNIUS"/>
<dc element="dc.creator.location.country.name" value="LITHUANIA"/>
<dc element="dc.source" value="Reuters"/>
</metadata>
</newsitem>
