<?xml version="1.0" encoding="iso-8859-1" ?>
<newsitem itemid="493101" id="root" date="1997-04-08" xml:lang="en">
<title>LATVIA: LATVIA-INVESTMENT BANK OF LATVIA Q1 ASSETS RISE.</title>
<headline>LATVIA-INVESTMENT BANK OF LATVIA Q1 ASSETS RISE.</headline>
<dateline>RIGA 1997-04-08</dateline>
<text>
<p>The Investment Bank of Latvia said on Tuesday that its assets grew by 20 percent in the first quarter of the year to 133.9 million lats and its loan portfolio increased by nearly 80 percent to 8.3 million lats.</p>
<p>The bank, part-owned by the state and whose main aim is to channel investments into small and medium-sized companies, said in a statement that operating revenues had doubled and the net profit was 122,409 lats.</p>
<p>It said it continued to focus on investment project finance but there was growing interest in the bank's other products and services.</p>
<p>-- Riga newsroom, +371 721 5240</p>
</text>
<copyright>(c) Reuters Limited 1997</copyright>
<metadata>
<codes class="bip:countries:1.0">
  <code code="LATV">
    <editdetail attribution="Reuters BIP Coding Group" action="confirmed" date="1997-04-08"/>
  </code>
</codes>
<codes class="bip:industries:1.0">
  <code code="I81501">
    <editdetail attribution="Reuters BIP Coding Group" action="confirmed" date="1997-04-08"/>
  </code>
</codes>
<codes class="bip:topics:1.0">
  <code code="C15">
    <editdetail attribution="Reuters BIP Coding Group" action="confirmed" date="1997-04-08"/>
  </code>
  <code code="C151">
    <editdetail attribution="Reuters BIP Coding Group" action="confirmed" date="1997-04-08"/>
  </code>
  <code code="CCAT">
    <editdetail attribution="Reuters BIP Coding Group" action="confirmed" date="1997-04-08"/>
  </code>
</codes>
<dc element="dc.date.created" value="1997-04-08"/>
<dc element="dc.publisher" value="Reuters Holdings Plc"/>
<dc element="dc.date.published" value="1997-04-08"/>
<dc element="dc.source" value="Reuters"/>
<dc element="dc.creator.location" value="RIGA"/>
<dc element="dc.creator.location.country.name" value="LATVIA"/>
<dc element="dc.source" value="Reuters"/>
</metadata>
</newsitem>
