<?xml version="1.0" encoding="iso-8859-1" ?>
<newsitem itemid="493185" id="root" date="1997-04-08" xml:lang="en">
<title>UK: Milky Way has halo of dark matter, experts say.</title>
<headline>Milky Way has halo of dark matter, experts say.</headline>
<dateline>LONDON 1997-04-08</dateline>
<text>
<p>The Earth's own Milky Way galaxy is surrounded by an invisible halo of mysterious &quot;dark matter&quot;, British astronomers reported on Tuesday.</p>
<p>Robert Olling and Michael Merrifield of Southampton University said measurements of hydrogen gas in the galaxy showed the invisible dark matter must be distributed like a hollow sphere.</p>
<p>They told the annual National Astronomy Meeting in Southampton that their findings could change some basic assumptions about galaxy formation.</p>
<p>Measurements of the universe indicate that there must be a lot more material in it than can be accounted for by visible stars, galaxies and other objects. Scientists believe that &quot;dark matter&quot; -- so-called because it cannot be seen -- could make up a large percentage of matter in the universe.</p>
<p>Although dark matter cannot be seen, its effects can. Like all mass it has a gravitational pull and the effects on nearby objects or material can be measured.</p>
<p>Olling and Merrifield measured the amount of visible hydrogen gas and how it is laid out, and found it is in a thick layer.</p>
<p>This must mean the dark matter is spread out in a diffuse halo -- otherwise it would flatten out the gas into a thin layer, they said.</p>
<p>Most astronomers predicted that dark matter must be strongly flattened -- so the findings could change theories about how galaxies formed, Olling and Merrifield said.</p>
</text>
<copyright>(c) Reuters Limited 1997</copyright>
<metadata>
<codes class="bip:countries:1.0">
  <code code="UK">
    <editdetail attribution="Reuters BIP Coding Group" action="confirmed" date="1997-04-08"/>
  </code>
</codes>
<codes class="bip:topics:1.0">
  <code code="GCAT">
    <editdetail attribution="Reuters BIP Coding Group" action="confirmed" date="1997-04-08"/>
  </code>
  <code code="GSCI">
    <editdetail attribution="Reuters BIP Coding Group" action="confirmed" date="1997-04-08"/>
  </code>
</codes>
<dc element="dc.date.created" value="1997-04-08"/>
<dc element="dc.publisher" value="Reuters Holdings Plc"/>
<dc element="dc.date.published" value="1997-04-08"/>
<dc element="dc.source" value="Reuters"/>
<dc element="dc.creator.location" value="LONDON"/>
<dc element="dc.creator.location.country.name" value="UK"/>
<dc element="dc.source" value="Reuters"/>
</metadata>
</newsitem>
