<?xml version="1.0" encoding="iso-8859-1" ?>
<newsitem itemid="493134" id="root" date="1997-04-08" xml:lang="en">
<title>UK: BA sacks union boss after &quot;fat cat&quot; fight.</title>
<headline>BA sacks union boss after &quot;fat cat&quot; fight.</headline>
<dateline>LONDON</dateline>
<text>
<p>British Airways Plc said Tuesday that the head of the airline's biggest cabin crew union was fired for assaulting another employee, following a dispute over allegations of being a &quot;fat cat&quot; union boss.</p>
<p>Mike Coleman, the branch secretary of the British Airlines Stewards and Stewardesses Association (BASSA) was accused of hitting Dave Fallon, an official with the smaller rival union Cabin Crew 89, after he caught Fallon handing out copies of a newspaper article about him to fellow workers at British Airway's London Heathrow headquarters.</p>
<p>A Daily Mirror story in January said Coleman earned more than 100,000 British pounds ($162,000) last year, making him Britain's highest paid union boss, despite representing only 9,000 people at British Airways.</p>
<p>Headlined &quot;Brother Fat Cat,&quot; the article said Coleman had supplemented his 32,000 pounds salary ($51,000) from British Airways with 50,000 pounds ($81,000) in annual commissions on union membership subscriptions and 20,000 pounds ($32,000) in daily expense allowances.</p>
<p>&quot;People have got a grudge but I have nothing to hide. I work hard for our members,&quot; Coleman was quoted as saying.</p>
<p>British Airways said Tuesday that Coleman had been dismissed as the result of a disciplinary hearing, and lost his appeal last Friday.</p>
</text>
<copyright>(c) Reuters Limited 1997</copyright>
<metadata>
<codes class="bip:countries:1.0">
  <code code="UK">
    <editdetail attribution="Reuters BIP Coding Group" action="confirmed" date="1997-04-08"/>
  </code>
</codes>
<codes class="bip:industries:1.0">
  <code code="I75000">
    <editdetail attribution="Reuters BIP Coding Group" action="confirmed" date="1997-04-08"/>
  </code>
</codes>
<codes class="bip:topics:1.0">
  <code code="C42">
    <editdetail attribution="Reuters BIP Coding Group" action="confirmed" date="1997-04-08"/>
  </code>
  <code code="CCAT">
    <editdetail attribution="Reuters BIP Coding Group" action="confirmed" date="1997-04-08"/>
  </code>
  <code code="E41">
    <editdetail attribution="Reuters BIP Coding Group" action="confirmed" date="1997-04-08"/>
  </code>
  <code code="ECAT">
    <editdetail attribution="Reuters BIP Coding Group" action="confirmed" date="1997-04-08"/>
  </code>
  <code code="GCAT">
    <editdetail attribution="Reuters BIP Coding Group" action="confirmed" date="1997-04-08"/>
  </code>
  <code code="GJOB">
    <editdetail attribution="Reuters BIP Coding Group" action="confirmed" date="1997-04-08"/>
  </code>
</codes>
<dc element="dc.publisher" value="Reuters Holdings Plc"/>
<dc element="dc.date.published" value="1997-04-08"/>
<dc element="dc.source" value="Reuters"/>
<dc element="dc.creator.location" value="LONDON"/>
<dc element="dc.creator.location.country.name" value="UK"/>
<dc element="dc.source" value="Reuters"/>
</metadata>
</newsitem>
