<?xml version="1.0" encoding="iso-8859-1" ?>
<newsitem itemid="493103" id="root" date="1997-04-08" xml:lang="en">
<title>HUNGARY: BORSODCHEM CLEARED OF ENVIRONMENT CHARGES.</title>
<headline>BORSODCHEM CLEARED OF ENVIRONMENT CHARGES.</headline>
<dateline>BUDAPEST 1997-04-08</dateline>
<text>
<p>Hungarian chemicals company Borsodchem Rt said on Tuesday a court of appeal cleared it of illegal transport and disposal of hazardous waste for which it was earlier fined 20 million forints.</p>
<p>&quot;The court of appeal found that the company's appeal was justified and reversed the first decision,&quot; Borsodchem said in a statement.</p>
<p>The company said that the court of appeal also established Borsodchem had not contravened regulations on hazardous waste transport and disposal, as said in the previous court decision.</p>
<p>Last November a waste disposal company, Styx, subcontractor for Borsodchem, MOL and Tiszai Power Plant, was fined 146 million forints for illegally dumping over 500 cubic metres of oil sludge, contaminated soil and other hazardous waste in at least 12 locations.</p>
<p>As a result, all major clients of Styx, including Borsodchem, were implicated in the case and convicted along with Styx.</p>
<p>&quot;The supervision has established that Styx, as subcontractor, deposited Borsodchem's waste on Borsodchem territory, into officially approved waste disposal sites,&quot; Borsodchem said.</p>
<p>-- Budapest newsroom +36 1 327 4040</p>
</text>
<copyright>(c) Reuters Limited 1997</copyright>
<metadata>
<codes class="bip:countries:1.0">
  <code code="HUNG">
    <editdetail attribution="Reuters BIP Coding Group" action="confirmed" date="1997-04-08"/>
  </code>
</codes>
<codes class="bip:industries:1.0">
  <code code="I13000">
    <editdetail attribution="Reuters BIP Coding Group" action="confirmed" date="1997-04-08"/>
  </code>
  <code code="I25000">
    <editdetail attribution="Reuters BIP Coding Group" action="confirmed" date="1997-04-08"/>
  </code>
</codes>
<codes class="bip:topics:1.0">
  <code code="C12">
    <editdetail attribution="Reuters BIP Coding Group" action="confirmed" date="1997-04-08"/>
  </code>
  <code code="CCAT">
    <editdetail attribution="Reuters BIP Coding Group" action="confirmed" date="1997-04-08"/>
  </code>
  <code code="GCAT">
    <editdetail attribution="Reuters BIP Coding Group" action="confirmed" date="1997-04-08"/>
  </code>
  <code code="GCRIM">
    <editdetail attribution="Reuters BIP Coding Group" action="confirmed" date="1997-04-08"/>
  </code>
</codes>
<dc element="dc.date.created" value="1997-04-08"/>
<dc element="dc.publisher" value="Reuters Holdings Plc"/>
<dc element="dc.date.published" value="1997-04-08"/>
<dc element="dc.source" value="Reuters"/>
<dc element="dc.creator.location" value="BUDAPEST"/>
<dc element="dc.creator.location.country.name" value="HUNGARY"/>
<dc element="dc.source" value="Reuters"/>
</metadata>
</newsitem>
