<?xml version="1.0" encoding="iso-8859-1" ?>
<newsitem itemid="493196" id="root" date="1997-04-08" xml:lang="en">
<title>UK: Dirty tankers mainly steady, Med active.</title>
<headline>Dirty tankers mainly steady, Med active.</headline>
<dateline>LONDON 1997-04-08</dateline>
<text>
<p>Middle East very large crude carrier (VLCC) freight rates were little changed on Tuesday, while the Mediterranean 80,000 tonne market was active with rates steady to firmer, brokers said.</p>
<p>Inter-U.K./Cont rates showed a weaker tone, with 80,000 tonnes at around W100. One broker said, &quot;There's a lack of cargoes, and a few VLCCs have been fixed from Sullom Voe (in the Shetland Islands), taking oil out of the region.&quot;</p>
<p>He said an inter-UKC 80,000 tonner had been fixed as low as W97.5, although rates continued to depend to a large extent on dates and specific port, with W110 still achievable from Ventspils, for example.</p>
<p>Med 80,000 tonne rates cargoes were fixed at W125 from Libya and the Black Sea, with Sidi Kreir 2.5 to five points lower due to few vessel restrictions, brokers said.</p>
<p>Delays at Milazzo and Trieste were also holding Med rates up, one added.</p>
<p>Meanwhile, Mideast VLCCs were steady, with voyages west and to Singapore at around W50 and to Japan at W60/62.5. West Africa rates were also unchanged, with VLCCs around W72.5 and 130,000 tonne vessels at W95.</p>
<p>The European fuel oil tanker market was quiet, with inter-U.K./Cont 25,000 tonne cargoes slightly weaker at W190 and cross-Med flat at W205.</p>
<p>The Caribs/upcoast sector was no more eventful than the European market, with 70,000 tonne crude cargoes a touch softer at W220 on plentiful tonnage and low enquiry, and 50,000 tonne fuel oil vessels unchanged at W220, a U.S. broker said.</p>
<p>-- London newsroom +44 171 542 4088</p>
</text>
<copyright>(c) Reuters Limited 1997</copyright>
<metadata>
<codes class="bip:countries:1.0">
  <code code="UK">
    <editdetail attribution="Reuters BIP Coding Group" action="confirmed" date="1997-04-08"/>
  </code>
</codes>
<codes class="bip:topics:1.0">
  <code code="M14">
    <editdetail attribution="Reuters BIP Coding Group" action="confirmed" date="1997-04-08"/>
  </code>
  <code code="MCAT">
    <editdetail attribution="Reuters BIP Coding Group" action="confirmed" date="1997-04-08"/>
  </code>
</codes>
<dc element="dc.date.created" value="1997-04-08"/>
<dc element="dc.publisher" value="Reuters Holdings Plc"/>
<dc element="dc.date.published" value="1997-04-08"/>
<dc element="dc.source" value="Reuters"/>
<dc element="dc.creator.location" value="LONDON"/>
<dc element="dc.creator.location.country.name" value="UK"/>
<dc element="dc.source" value="Reuters"/>
</metadata>
</newsitem>
