<?xml version="1.0" encoding="iso-8859-1" ?>
<newsitem itemid="493226" id="root" date="1997-04-08" xml:lang="en">
<title>CYPRUS: GOVERNMENT LIST.</title>
<headline>GOVERNMENT LIST.</headline>
<text>
<p>CYPRUS GOVERNMENT LIST (970408-2)</p>
<p>President</p>
<p>	 (Sworn in 28 Feb 93 for 5-year term)...Glafcos CLERIDES</p>
<p>				  - - - - -</p>
<p>COUNCIL OF MINISTERS (Reshuffled 8 Apr 97)</p>
<p> Agriculture &amp; Natural Resources...............Costas PETRIDES</p>
<p> Commerce &amp; Industry........Kyriakos CHRISTOPHI</p>
<p> Communications &amp; Works...Leontios IERODIAKONOU</p>
<p> Defence..........Costas ELIADES</p>
<p> Education &amp; Culture.....Georgios HADJINICOLAOU</p>
<p> Finance............Christodoulos CHRISTODOULOU</p>
<p> Foreign Affairs..........Yiannakis CASSOULIDES</p>
<p> Health.........Christos SOLOMIS</p>
<p> Interior......Dinos MICHAELIDES</p>
<p> Justice &amp; Public Order............Nicos KOSHIS</p>
<p> Labour &amp; Social Insurance...Andreas MOUSIOUTAS</p>
<p>				 - - - - - -</p>
<p> Government spokesman......Manolis CHRISTOFIDES</p>
<p>				 - - - - - -</p>
<p> Attorney-General...............Alecos MARKIDES</p>
<p>				 - - - - - -</p>
<p> Parliament (House of Representatives)</p>
<p> President..Spyros KYPRIANOU</p>
<p>				 - - - - - -</p>
<p> Bank of Cyprus (Central Bank) Governor.....Afxentis AFXENTIOU</p>
<p>				 - - - - - -</p>
<p>	 NOTE: Any comments/queries on the content of this</p>
<p>		 government list, please contact the Reuter</p>
<p>		 Editorial Reference Unit, London, on (171) 542</p>
<p>		 7968.</p>
<p>			  (End government list)</p>
</text>
<copyright>(c) Reuters Limited 1997</copyright>
<metadata>
<codes class="bip:countries:1.0">
  <code code="CYPR">
    <editdetail attribution="Reuters BIP Coding Group" action="confirmed" date="1997-04-08"/>
  </code>
</codes>
<codes class="bip:topics:1.0">
  <code code="GCAT">
    <editdetail attribution="Reuters BIP Coding Group" action="confirmed" date="1997-04-08"/>
  </code>
  <code code="GPOL">
    <editdetail attribution="Reuters BIP Coding Group" action="confirmed" date="1997-04-08"/>
  </code>
</codes>
<dc element="dc.publisher" value="Reuters Holdings Plc"/>
<dc element="dc.date.published" value="1997-04-08"/>
<dc element="dc.source" value="Reuters"/>
<dc element="dc.creator.location.country.name" value="CYPRUS"/>
<dc element="dc.source" value="Reuters"/>
</metadata>
</newsitem>
