<?xml version="1.0" encoding="iso-8859-1" ?>
<newsitem itemid="493210" id="root" date="1997-04-08" xml:lang="en">
<title>UK: Saudi Aramco seeks 300,000 bbls gasoline - traders.</title>
<headline>Saudi Aramco seeks 300,000 bbls gasoline - traders.</headline>
<dateline>LONDON 1997-04-08</dateline>
<text>
<p>Saudi Arabia is looking to buy some 300,000 barrels of gasoline for delivery in early May, traders said on Tuesday.</p>
<p>They said Saudi Aramco had probed a number of oil companies over the past few days about the possibility of supplying some 300,000 barrels of 95-octane 0.4 grammes per litre gasoline to be delivered into Ras Tanura in early May.</p>
<p>&quot;They're looking on the spot market,&quot; said one trader. &quot;There isn't an actual tender.&quot;</p>
<p>European gasoline players said they expected the product to be supplied out of the Far or Middle East.</p>
<p>&quot;The numbers don't work out of the Med at the moment,&quot; said one trader.</p>
<p>&quot;The bid's quite low, it wouldn't be feasible out of the West,&quot; said another.</p>
<p>Last month, Aramco decided not to award a tender for up to 1.5 million barrels of similar quality gasoline for April delivery due to the high prices of offers.</p>
<p>At the time, offers into the tender for 95-octane 0.4 grammes per litre gasoline were at a premium of $5.00-$6.00 per barrel over the same Singapore quotes on a cost-and-freight basis to Ras Tanura.</p>
<p>-- London Newsroom, +44 171 542 7714</p>
</text>
<copyright>(c) Reuters Limited 1997</copyright>
<metadata>
<codes class="bip:countries:1.0">
  <code code="SAARAB">
    <editdetail attribution="Reuters BIP Coding Group" action="confirmed" date="1997-04-08"/>
  </code>
  <code code="UK">
    <editdetail attribution="Reuters BIP Coding Group" action="confirmed" date="1997-04-08"/>
  </code>
</codes>
<codes class="bip:topics:1.0">
  <code code="M14">
    <editdetail attribution="Reuters BIP Coding Group" action="confirmed" date="1997-04-08"/>
  </code>
  <code code="M143">
    <editdetail attribution="Reuters BIP Coding Group" action="confirmed" date="1997-04-08"/>
  </code>
  <code code="MCAT">
    <editdetail attribution="Reuters BIP Coding Group" action="confirmed" date="1997-04-08"/>
  </code>
</codes>
<dc element="dc.date.created" value="1997-04-08"/>
<dc element="dc.publisher" value="Reuters Holdings Plc"/>
<dc element="dc.date.published" value="1997-04-08"/>
<dc element="dc.source" value="Reuters"/>
<dc element="dc.creator.location" value="LONDON"/>
<dc element="dc.creator.location.country.name" value="UK"/>
<dc element="dc.source" value="Reuters"/>
</metadata>
</newsitem>
