<?xml version="1.0" encoding="iso-8859-1" ?>
<newsitem itemid="493232" id="root" date="1997-04-08" xml:lang="en">
<title>CANADA: Canadian dollar ends softer as U.S. dollar rises.</title>
<headline>Canadian dollar ends softer as U.S. dollar rises.</headline>
<text>
<p>FORECAST RANGE   1.3840/1.3890	    ASIAN CLOSE     1.3864</p>
<p>RESISTANCE 1.3740   SUPPORT 1.3925	HI 1.3885   LO  1.3858</p>
<p>CANADA OPEN  1.3856/61    HI 1.3888     EUROPE OPEN     1.3856</p>
<p>PREV CLOSE   1.3869/74    LO 1.3855     HI 1.3872   LO  1.3862</p>
<p>----------------------MARKET COMMENT--------------------------</p>
<p>* Canada's dollar ended softer on Tuesday at C$1.3878 (US$0.7205) from Monday's close of C$1.3869 (US$0.7210), left behind by a rising U.S. dollar, dealers said. * They said the Canadian dollar weakened in quiet trading as the U.S. dollar gained under power from U.S. stocks, which ended the day higher.  </p>
<p>&quot;It's been one of the quietest days we've had in six months,&quot; the currency trader said.</p>
<p>Analysts said underlying weakness for the Canadian dollar continued to arise from speculation about whether the Federal Reserve would raise rates and if the Bank of Canada would attempt to resist the growing pressure to follow the Fed.</p>
<p>On the crosses, the Canadian dollar edged up to 1.2347 marks compared to Monday's close of 1.2342 marks and firmed to 90.92 from Monday's 90.54 yen.</p>
<p>((Reuters Toronto Bureau 416 941-8100))</p>
</text>
<copyright>(c) Reuters Limited 1997</copyright>
<metadata>
<codes class="bip:countries:1.0">
  <code code="CANA">
    <editdetail attribution="Reuters BIP Coding Group" action="confirmed" date="1997-04-08"/>
  </code>
</codes>
<codes class="bip:topics:1.0">
  <code code="M13">
    <editdetail attribution="Reuters BIP Coding Group" action="confirmed" date="1997-04-08"/>
  </code>
  <code code="M132">
    <editdetail attribution="Reuters BIP Coding Group" action="confirmed" date="1997-04-08"/>
  </code>
  <code code="MCAT">
    <editdetail attribution="Reuters BIP Coding Group" action="confirmed" date="1997-04-08"/>
  </code>
</codes>
<dc element="dc.publisher" value="Reuters Holdings Plc"/>
<dc element="dc.date.published" value="1997-04-08"/>
<dc element="dc.source" value="Reuters"/>
<dc element="dc.creator.location.country.name" value="CANADA"/>
<dc element="dc.source" value="Reuters"/>
</metadata>
</newsitem>
