<?xml version="1.0" encoding="iso-8859-1" ?>
<newsitem itemid="493205" id="root" date="1997-04-08" xml:lang="en">
<title>UK: FOCUS-Oil price gains fail to extinguish bearish market.</title>
<headline>FOCUS-Oil price gains fail to extinguish bearish market.</headline>
<dateline>LONDON 1997-04-08</dateline>
<text>
<p>A modest rally in world oil prices could not dissuade market watchers that rising supplies would soon put prices back on a downward track.</p>
<p>Their view was supported by a report released on Tuesday by the West's energy watchdog, the International Energy Agency (IEA), which painted a bearish picture of healthy stock levels and surging supply from the Organisation of Petroleum Exporting Countries (OPEC) and elsewhere.</p>
<p>International benchmark Brent futures, which have shed some $7.00 a barrel in the space of three months, were trading 26 cents up at $18.02 at 1502 GMT.</p>
<p>&quot;It's ticked up today on very low volumes, but the overall trend is one of oversupply,&quot; said Peter Gignoux, head of the energy desk at brokers Smith Barney.</p>
<p>The IEA report said that industry oil stocks in OECD nations were drawn down by a mere 100,000 barrels per day (bpd) in the first quarter of this year, compared with 1.5 million bpd in the same period last year.</p>
<p>&quot;The impact of relatively mild weather on demand and strong growth in non-OPEC supply...is thought to have resulted in an abnormally low stock draw in the first quarter of 1997,&quot; the Paris-based agency said.</p>
<p>A move by refiners to run down oil stocks to a bare minimum in order to cut costs was a key driver behind last year's oil price rally to over $25 a barrel.</p>
<p>As a result, this year's return to healthy stock levels has set bearish alarm bells ringing, traders said.</p>
<p>And for the first time in five years, second quarter non-OPEC supply should exceed first quarter levels, thanks to new start-ups, repairs and upgrades to North Sea fields and accelerating Latin American production, the IEA report said.</p>
<p>This, combined with quota-busting OPEC supplies and rising Iraqi exports under the United Nations oil-for-food deal should ensure that second quarter stocks will remain virtually untouched in the second quarter.</p>
<p>&quot;The (first quarter) stock draw was slight and it doesn't look like there's going to be much of stock draw in the second quarter,&quot; Gignoux said.</p>
<p>Having breached a key support level at $19 a barrel last week, Brent could soon find itself trading in a $13-$19 range just a year after producers were enjoying windfall profits from a price range of $20 to $25, he said.</p>
<p>Crude oil prices in dollars per barrel:</p>
<p>						  Apr 8     Apr 7</p>
<p>						 (1502 GMT) (close)</p>
<p>    Dated Brent				$17.11    $16.83</p>
<p>    IPE London Brent Futures (May)     $18.02    $17.78</p>
<p>    NYMEX light crude futures (May)    $19.41    $19.29</p>
</text>
<copyright>(c) Reuters Limited 1997</copyright>
<metadata>
<codes class="bip:countries:1.0">
  <code code="UK">
    <editdetail attribution="Reuters BIP Coding Group" action="confirmed" date="1997-04-08"/>
  </code>
</codes>
<codes class="bip:topics:1.0">
  <code code="M14">
    <editdetail attribution="Reuters BIP Coding Group" action="confirmed" date="1997-04-08"/>
  </code>
  <code code="M143">
    <editdetail attribution="Reuters BIP Coding Group" action="confirmed" date="1997-04-08"/>
  </code>
  <code code="MCAT">
    <editdetail attribution="Reuters BIP Coding Group" action="confirmed" date="1997-04-08"/>
  </code>
</codes>
<dc element="dc.date.created" value="1997-04-08"/>
<dc element="dc.publisher" value="Reuters Holdings Plc"/>
<dc element="dc.date.published" value="1997-04-08"/>
<dc element="dc.source" value="Reuters"/>
<dc element="dc.creator.location" value="LONDON"/>
<dc element="dc.creator.location.country.name" value="UK"/>
<dc element="dc.source" value="Reuters"/>
</metadata>
</newsitem>
