<?xml version="1.0" encoding="iso-8859-1" ?>
<newsitem itemid="493211" id="root" date="1997-04-08" xml:lang="en">
<title>UK: LME people--Standard Bank adds post in South Africa.</title>
<headline>LME people--Standard Bank adds post in South Africa.</headline>
<dateline>LONDON 1997-04-08</dateline>
<text>
<p>Standard Bank London, a London Metal Exchange (LME) Associate Clearing member, has added a new post in Johannesburg.</p>
<p>Peter Buyze will join the bank in Johannesburg on June 1 with responsibility for base metal marketing, Standard Bank said in a statement.</p>
<p>Buyze was previously purchasing manager for Philips Electronics in Eindhoven, Netherlands.</p>
<p>-- London Newsroom +44 171 542-8065</p>
</text>
<copyright>(c) Reuters Limited 1997</copyright>
<metadata>
<codes class="bip:countries:1.0">
  <code code="SAFR">
    <editdetail attribution="Reuters BIP Coding Group" action="confirmed" date="1997-04-08"/>
  </code>
  <code code="UK">
    <editdetail attribution="Reuters BIP Coding Group" action="confirmed" date="1997-04-08"/>
  </code>
</codes>
<codes class="bip:industries:1.0">
  <code code="I63000">
    <editdetail attribution="Reuters BIP Coding Group" action="confirmed" date="1997-04-08"/>
  </code>
  <code code="I81402">
    <editdetail attribution="Reuters BIP Coding Group" action="confirmed" date="1997-04-08"/>
  </code>
</codes>
<codes class="bip:topics:1.0">
  <code code="C41">
    <editdetail attribution="Reuters BIP Coding Group" action="confirmed" date="1997-04-08"/>
  </code>
  <code code="C411">
    <editdetail attribution="Reuters BIP Coding Group" action="confirmed" date="1997-04-08"/>
  </code>
  <code code="CCAT">
    <editdetail attribution="Reuters BIP Coding Group" action="confirmed" date="1997-04-08"/>
  </code>
</codes>
<dc element="dc.date.created" value="1997-04-08"/>
<dc element="dc.publisher" value="Reuters Holdings Plc"/>
<dc element="dc.date.published" value="1997-04-08"/>
<dc element="dc.source" value="Reuters"/>
<dc element="dc.creator.location" value="LONDON"/>
<dc element="dc.creator.location.country.name" value="UK"/>
<dc element="dc.source" value="Reuters"/>
</metadata>
</newsitem>
