<?xml version="1.0" encoding="iso-8859-1" ?>
<newsitem itemid="501904" id="root" date="1997-04-11" xml:lang="en">
<title>PORTUGAL: TENNIS-TIRED MOYA SLUMPS OUT OF ESTORIL OPEN.</title>
<headline>TENNIS-TIRED MOYA SLUMPS OUT OF ESTORIL OPEN.</headline>
<dateline>ESTORIL, Portugal 1997-04-11</dateline>
<text>
<p>Spanish number one Carlos Moya lost limply in straight sets to compatriot Francisco Clavet in the quarter-finals of the Estorial Open on Friday as the tournament took on a totally Spanish flavour.</p>
<p>Clavet, who needed just 63 minutes to dispatch the Australian Open runner-up 6-1 6-3, now meets countryman Felix Mantilla for a place in Sunday's final.</p>
<p>The other semifinal on Saturday will be between Spaniards Javier Sanchez and Alex Corretja both of whom breezed into the last four after each of their opponents retired injured in the second set.</p>
<p>Sanchez beat Austria's Gilbert Schaller, surprise first round victor over world number four Yevgeny Kafelnikov of Russia, when the Austrian abandoned their quarter-final with a pulled muscle when he was trailing 6-0 4-1.</p>
<p>Frenchman Fabrice Santoro withdrew with a back injury when he was 4-0 down in the second set against Corretja after having lost the first 6-3.</p>
<p>Moya, world number eight, blamed tiredness and what he said was a heavy type of ball used in the tournament for his surprisingly easy defeat by Calvet, ranked 27 places below him.</p>
<p>Mantilla, who was delighted with his performance, defeated another Spaniard Alberto Berasategui 6-4 6-1 in the last of the quarter-finals.</p>
<p>Mantilla said he had been &quot;a bit lucky&quot; in the first set which could have gone either way, but that in the second his superior fitness began to tell as Berasategui tired.</p>
</text>
<copyright>(c) Reuters Limited 1997</copyright>
<metadata>
<codes class="bip:countries:1.0">
  <code code="AUSTR">
    <editdetail attribution="Reuters BIP Coding Group" action="confirmed" date="1997-04-11"/>
  </code>
  <code code="PORL">
    <editdetail attribution="Reuters BIP Coding Group" action="confirmed" date="1997-04-11"/>
  </code>
  <code code="SPAIN">
    <editdetail attribution="Reuters BIP Coding Group" action="confirmed" date="1997-04-11"/>
  </code>
</codes>
<codes class="bip:topics:1.0">
  <code code="GCAT">
    <editdetail attribution="Reuters BIP Coding Group" action="confirmed" date="1997-04-11"/>
  </code>
  <code code="GSPO">
    <editdetail attribution="Reuters BIP Coding Group" action="confirmed" date="1997-04-11"/>
  </code>
</codes>
<dc element="dc.date.created" value="1997-04-11"/>
<dc element="dc.publisher" value="Reuters Holdings Plc"/>
<dc element="dc.date.published" value="1997-04-11"/>
<dc element="dc.source" value="Reuters"/>
<dc element="dc.creator.location" value="ESTORIL, Portugal"/>
<dc element="dc.creator.location.country.name" value="PORTUGAL"/>
<dc element="dc.source" value="Reuters"/>
</metadata>
</newsitem>
