<?xml version="1.0" encoding="iso-8859-1" ?>
<newsitem itemid="501938" id="root" date="1997-04-11" xml:lang="en">
<title>MEXICO: BOXING-WORLD BOXING COUNCIL RANKINGS.</title>
<headline>BOXING-WORLD BOXING COUNCIL RANKINGS.</headline>
<dateline>MEXICO CITY 1997-04-11</dateline>
<text>
<p>Leading rankings issued by</p>
<p>the World Boxing Council (U.S. unless stated):</p>
<p>Heavyweight</p>
<p>Champion - Lennox Lewis (Britain)</p>
<p>1. Henry Akinwande (Britain)</p>
<p>2. Zeljko Mavrovic (Croatia)</p>
<p>3. David Tun (New Zealand)</p>
<p>4. Orlin Norris</p>
<p>5. Andrew Golota (Poland)</p>
<p>6. Ray Mercer</p>
<p>7. Tony Tucker</p>
<p>8. Cory Sanders (South Africa)</p>
<p>9. John Ruiz</p>
<p>10. Joe Hip</p>
<p>Cruiserweight</p>
<p>Champion: Marcelo Dominguez (Argentina)</p>
<p>1. Fabrice Tiozzo (France)</p>
<p>2. Akim Tafer (France)</p>
<p>3. Torston May (Germany)</p>
<p>4. Johnny Nelson (Britain)</p>
<p>5. Juan Carlos Gomez (Cuba)</p>
<p>6. Terry Dunstan (Britain)</p>
<p>7. Jacob Mofokeng (South Africa)</p>
<p>8. Yosukezan Nishjina (Japan)</p>
<p>9. Chris Okoh (Britain)</p>
<p>10. Alexei Nin (Russia)</p>
<p>Light-heavyweight</p>
<p>Champion: Montel Griffin</p>
<p>1. Roy Jones</p>
<p>2. Michael Nunn</p>
<p>3. Eddy Smulders (Netherlands)</p>
<p>4. William Guthrie</p>
<p>5. Graziano Rocchigiani (Germany)</p>
<p>6. Crawford Ashley (Britain)</p>
<p>7. Merqui Sosa (Dominican Republic)</p>
<p>8. Mohamad Sifuvangi (Zaire)</p>
<p>9. Chris Eubank (Britain)</p>
<p>10. Mark Prince (Britain)</p>
<p>Super-middleweight</p>
<p>Champion: Robin Reid (Britain)</p>
<p>1. Henry Wharton (Britain)</p>
<p>2. Thulane Malinga (South Africa)</p>
<p>3. Jorge Castro (Argentina)</p>
<p>4. Vincenzo Nardiello (Italy)</p>
<p>5. Andrei Shkalikov (Russia)</p>
<p>6. Joe Calzaghe (Britain)</p>
<p>7. Zafarou Ballogou (Togo)</p>
<p>8. Chris Johnson (Canada)</p>
<p>9. Joseph Kiwanuka (Uganda)</p>
<p>10. Gary Ballard (South Africa)</p>
<p>Middleweight</p>
<p>Champion: Keith Holmes</p>
<p>1. Hassini Cherifl (France)</p>
<p>2. Stephane Ouetlette (Canada)</p>
<p>3. Robert McCracken (Britain)</p>
<p>4. Julian Jackson (Virgin Islands)</p>
<p>5. Richie Woodhall (Britain)</p>
<p>6. John D. Jackson</p>
<p>7. Kevin Palmer</p>
<p>8. Olen Eoffe Johnson</p>
<p>9. Brian Barbosa</p>
<p>10. Glen Catley (Britain)</p>
<p>Super-welterweight</p>
<p>Champion: Terry Norris</p>
<p>1. Davide Ciarlante (Italy)</p>
<p>2. Troy Waters (Australia)</p>
<p>3. Julio Cesar Vasquez (Argentina)</p>
<p>4. Said Bennajern (France)</p>
<p>5. Faouzi Hattab (France)</p>
<p>6. Ernie Artango (Australia)</p>
<p>7. Francisco Javier Castillejo (Spain)</p>
<p>8. Ahmed Dottuev (Bulgaria)</p>
<p>9. Ronald Wright</p>
<p>10. Guillermo Jones (Panama)</p>
<p>Welterweight</p>
<p>Champion: Pernell Whitaker</p>
<p>1. Patrick Charpentier (France)</p>
<p>2. Derrell Coley</p>
<p>3. Wilfredo Rivera (Puerto Rico)</p>
<p>4. Andrie Pestrimov (Russia)</p>
<p>5. Ariel Chaves (Argentina)</p>
<p>6. Robert West</p>
<p>7. Diosbelys Hurtado (Cuba)</p>
<p>8. Yun Suk-hyun (South Korea)</p>
<p>9. Maxim Nestoronko (Russia)</p>
<p>10. Walter Saporiti (Argentina)</p>
<p>Super-lightweight</p>
<p>Champion: Oscar de la Hoya</p>
<p>1. Julio Cesar Chavez (Mexico)</p>
<p>2. Miguel Angel Gonzalez (Mexico)</p>
<p>3. Ismael Chaves (Argentina)</p>
<p>4. Rafael Ruelas (Mexico)</p>
<p>5. Soren Sondergaard (Denmark)</p>
<p>6. Charles Murray</p>
<p>7. Shamba Mitchell</p>
<p>8. Walter Crucce (Argentina)</p>
<p>9. Yuh Jong-hoom (South Korea)</p>
<p>10. Nicolas Cervera (Colombia)</p>
<p>Lightweight</p>
<p>Champion: Steve Johnston</p>
<p>1. Cesar Bazan (Mexico)</p>
<p>2. Jean-Baptiste Mendy (France)</p>
<p>3. Hiroyuki Sakamoto (Japan)</p>
<p>4. Leavander Johnson</p>
<p>5. Alberto Sicurella</p>
<p>6. Baek Jong-kwon (South Korea)</p>
<p>7. Jimmy Rangel (Colombia)</p>
<p>8. Daomai Sithkodam</p>
<p>9. Shane Mosley</p>
<p>10. Marco Rudolph (Germany)</p>
<p>Super-featherweight</p>
<p>Champion: Genaro Hernandez</p>
<p>1. Anatoly Alexandrov (Russia)</p>
<p>2. Gabriel Ruelas (Mexico)</p>
<p>3. Roberto Garcia</p>
<p>4. Azumah Nelson (Ghana)</p>
<p>5. Djanel Lifa (France)</p>
<p>6. Takanori Hatakeyama (Japan)</p>
<p>7. Douglas Villareal (Colombia)</p>
<p>8. Hector Lizarraga</p>
<p>9. Jorge Paez (Mexico)</p>
<p>10. Justin Juuko (Uganda)</p>
<p>Featherweight</p>
<p>Champion: Luisito Espinosa (Philippines)</p>
<p>1. Carlos Rios (Argentina)</p>
<p>2  Cesar Soto (Mexico)</p>
<p>3. Billy Hardy (Britain)</p>
<p>4. Ever Belendo (Colombia)</p>
<p>5. Alejandro Gonzalez (Mexico)</p>
<p>6. Mehdi Labdouni (France)</p>
<p>7. Manuel Medina (Mexico)</p>
<p>8. Frederic Perez (France)</p>
<p>9. Koji Matsumoto (Japan)</p>
<p>10. November Ntshingila (South Africa)</p>
<p>Super-bantamweight</p>
<p>Champion: Daniel Zaragoza (Mexico) 1. Erik Morales (Mexico) 2. Wayne McCullough (Ireland) 3. Joichiro Tatsuyoshi (Japan) 4. Hector Acero-Sanchez (Dominincan Republic) 5. Martin Kraslev (Bulgaria) 6. Enrique Sanchez (Mexico) 7. Enrique Jupiter (Mexico) 8. Reynanto Jamili (Philippines) 9. Arnel Barotillo (Australia) 10. Welcome Neita (South Africa)</p>
<p>Bantamweight</p>
<p>Champion: Sirimangkol Sirigmanassuk (Thailand) 1. Victor Manuel Rabanales (Mexico) 2. Pastor Maurin (Argentina) 3. Paul Ayala 4. Injin Chi (South Korea) 5. Dario Azuaga (Paraguay) 6. Jorge Monsalvo (Colombia) 7. Gerardo Martinez (Mexico) 8. Setauo Kawamasu (Japan) 9. Shosei Nitta (Japan) 10. Javier Campanario (Spain)</p>
<p>Super-flyweight</p>
<p>Champion: Gerry Penalosa (Philippines) 1. Joel Luna Zarate (Mexico) 2. Hiroshi Kawashima (Japan) 3. Luis Bolano (Colombia) 4. Jose Rafael Sosa (Argentina) 5. Luis Benavides (Colombia) 6. Vecraphol Sahaprom (Thailand) 7. Evangelio Perez (Panama) 8. Injoo Cho (South Korea) 9  Raffy Montalban (Philippines) 10. Lee Seung-koo (South Korea)</p>
<p>Flyweight</p>
<p>Champion: Yuri Arbachakov (Russia) 1. Isaias Zamudio 2. Chatchai Sasakul (Thailand) 3. Gabriel Mira (Mexico) 4. Youngsoon Chang (Korea) 5. Chokviwat Chokchai (Thailand) 6. Keiji Yamaguchi (Japan) 7. Jasper Jensen (Denmark) 8. Paul Weir (Britain) 9. Salvatore Fanni (Italy) 10. Peter Culshaw (Britain</p>
<p>Light-flyweight</p>
<p>Champion: Saman Sorjaturong (Thailand) 1. Ladislao Vazquez (Mexico) 2. Chol Yosim (South Korea) 3. Melchor Cob Castro (Mexico) 4. Manuel Jesus Herrera (Dominican Republic) 5. Kung Chartbandi (Thailand) 6. Shiro Yahiro (Japan) 7. Phanleng Sasiprabha-Poontarat (Thailand) 8. Takashi Shiohama (Japan) 9. Ramon Euroza (Mexico) 10. Julio Coronel (Colombia)</p>
<p>Strawweight</p>
<p>Champion: Ricardo Lopez (Mexico) 1. Rocky Lin (Japan) 2. Sinn Sow Ploenchit (Thailand) 3. Ala Villamor (Philippines) 4. Andy Tabanas (Philippines) 5. Morgan Ndumo (South Africa) 6. Payak Nakornluang (Thailand) 7. K. Guardia (Colombia) 8. Lindi Memuni (South Africa) 9. Cannelo Cacerca (Philippines) 10. Lee Changchul (South Korea)</p>
</text>
<copyright>(c) Reuters Limited 1997</copyright>
<metadata>
<codes class="bip:countries:1.0">
  <code code="MEX">
    <editdetail attribution="Reuters BIP Coding Group" action="confirmed" date="1997-04-11"/>
  </code>
  <code code="UK">
    <editdetail attribution="Reuters BIP Coding Group" action="confirmed" date="1997-04-11"/>
  </code>
  <code code="USA">
    <editdetail attribution="Reuters BIP Coding Group" action="confirmed" date="1997-04-11"/>
  </code>
</codes>
<codes class="bip:topics:1.0">
  <code code="GCAT">
    <editdetail attribution="Reuters BIP Coding Group" action="confirmed" date="1997-04-11"/>
  </code>
  <code code="GSPO">
    <editdetail attribution="Reuters BIP Coding Group" action="confirmed" date="1997-04-11"/>
  </code>
</codes>
<dc element="dc.date.created" value="1997-04-11"/>
<dc element="dc.publisher" value="Reuters Holdings Plc"/>
<dc element="dc.date.published" value="1997-04-11"/>
<dc element="dc.source" value="Reuters"/>
<dc element="dc.creator.location" value="MEXICO CITY"/>
<dc element="dc.creator.location.country.name" value="MEXICO"/>
<dc element="dc.source" value="Reuters"/>
</metadata>
</newsitem>
