<?xml version="1.0" encoding="iso-8859-1" ?>
<newsitem itemid="501949" id="root" date="1997-04-11" xml:lang="en">
<title>SHARJAH: CRICKET-SRI LANKA BEAT PAKISTAN BY 4 WICKETS IN SHARJAH FINAL.</title>
<headline>CRICKET-SRI LANKA BEAT PAKISTAN BY 4 WICKETS IN SHARJAH FINAL.</headline>
<dateline>SHARJAH, United Arab Emirates 1997-04-11</dateline>
<text>
<p>Sri Lanka beat Pakistan by four wickets in the final of the Sharjah Cup cricket tournament on Friday.</p>
<p>Scores: Pakistan 214 all out in 49.2 overs, Sri Lanka 215-6 in 49.2 overs.</p>
</text>
<copyright>(c) Reuters Limited 1997</copyright>
<metadata>
<codes class="bip:countries:1.0">
  <code code="PAKIS">
    <editdetail attribution="Reuters BIP Coding Group" action="confirmed" date="1997-04-11"/>
  </code>
  <code code="SHAJH">
    <editdetail attribution="Reuters BIP Coding Group" action="confirmed" date="1997-04-11"/>
  </code>
  <code code="SRILAN">
    <editdetail attribution="Reuters BIP Coding Group" action="confirmed" date="1997-04-11"/>
  </code>
  <code code="UAE">
    <editdetail attribution="Reuters BIP Coding Group" action="confirmed" date="1997-04-11"/>
  </code>
</codes>
<codes class="bip:topics:1.0">
  <code code="GCAT">
    <editdetail attribution="Reuters BIP Coding Group" action="confirmed" date="1997-04-11"/>
  </code>
  <code code="GSPO">
    <editdetail attribution="Reuters BIP Coding Group" action="confirmed" date="1997-04-11"/>
  </code>
</codes>
<dc element="dc.date.created" value="1997-04-11"/>
<dc element="dc.publisher" value="Reuters Holdings Plc"/>
<dc element="dc.date.published" value="1997-04-11"/>
<dc element="dc.source" value="Reuters"/>
<dc element="dc.creator.location" value="SHARJAH, United Arab Emirates"/>
<dc element="dc.creator.location.country.name" value="SHARJAH"/>
<dc element="dc.source" value="Reuters"/>
</metadata>
</newsitem>
