<?xml version="1.0" encoding="iso-8859-1" ?>
<newsitem itemid="501931" id="root" date="1997-04-11" xml:lang="en">
<title>ARGENTINA: MOTOR RACING-VILLENEUVE QUICKEST DESPITE ILLNESS.</title>
<headline>MOTOR RACING-VILLENEUVE QUICKEST DESPITE ILLNESS.</headline>
<dateline>BUENOS AIRES 1997-04-11</dateline>
<text>
<p>Jacques Villeneuve made light of illness and speculation about his future to set the fastest time in Friday's opening practice for the Argentine Grand Prix.</p>
<p>The Canadian had been forced to struggle with a stomach upset amid rumours that he may be leaving to set up his own team in the future and that he has already re-signed for Williams for 1998.</p>
<p>But a measured performance on the tight and twisty Autodromo Oscar Galvez showed Villeneuve was unconcerned by the rumours as he outpaced Brazilian Rubens Barrichello in a Stewart.</p>
<p>However, his team chief Frank Williams was angry and disappointed at reports which suggested he had re-signed the world championship favourite for next year and refused to confirm the stories.</p>
<p>&quot;I have no comment to make at all,&quot; he told reporters at the track on Friday.</p>
<p>Villeneuve's manager Craig Pollock also dismissed the speculation in which he had been linked as an intermediary in the creation of a new team for 1999 backed by British American Tobacco (BAT) using Reynard chassis.</p>
<p>&quot;We denied all this stuff in Brazil two weeks ago,&quot; he said. &quot;This report is just off the pace. That's all there is to say about it. Nothing was happening then and it is the same thing here.&quot;</p>
<p>Whatever Villeneuve felt about it all, he was not allowing it to affect his driving on Friday.</p>
</text>
<copyright>(c) Reuters Limited 1997</copyright>
<metadata>
<codes class="bip:countries:1.0">
  <code code="ARG">
    <editdetail attribution="Reuters BIP Coding Group" action="confirmed" date="1997-04-11"/>
  </code>
  <code code="CANA">
    <editdetail attribution="Reuters BIP Coding Group" action="confirmed" date="1997-04-11"/>
  </code>
</codes>
<codes class="bip:topics:1.0">
  <code code="GCAT">
    <editdetail attribution="Reuters BIP Coding Group" action="confirmed" date="1997-04-11"/>
  </code>
  <code code="GSPO">
    <editdetail attribution="Reuters BIP Coding Group" action="confirmed" date="1997-04-11"/>
  </code>
</codes>
<dc element="dc.date.created" value="1997-04-11"/>
<dc element="dc.publisher" value="Reuters Holdings Plc"/>
<dc element="dc.date.published" value="1997-04-11"/>
<dc element="dc.source" value="Reuters"/>
<dc element="dc.creator.location" value="BUENOS AIRES"/>
<dc element="dc.creator.location.country.name" value="ARGENTINA"/>
<dc element="dc.source" value="Reuters"/>
</metadata>
</newsitem>
