<?xml version="1.0" encoding="iso-8859-1" ?>
<newsitem itemid="501940" id="root" date="1997-04-11" xml:lang="en">
<title>NEW ZEALAND: RUGBY UNION-LAWLESS PUTS NATAL ON TOP.</title>
<headline>RUGBY UNION-LAWLESS PUTS NATAL ON TOP.</headline>
<dateline>WELLINGTON 1997-04-11</dateline>
<text>
<p>The Natal Sharks underlined their Super 12 title credentials with a 33-15 win over the Waikato Chiefs in Auckland which put them top of the table for at least 24 hours on Friday.</p>
<p>Full-back Gavin Lawless, who scored a record 50 points against Otago last month, contributed another 18 points with the boot and converted all three of his side's tries.</p>
<p>Natal pushed the offside laws to the limit in their attempts to put pressure on the Waikato defence and their pack had the edge up front from an early stage.</p>
<p>Even so, they led only 6-3 after 34 minutes when the game took a decisive turn. Waikato prop Richard Loe was yellow-carded for handling the ball on the ground near the line and hooker Paul Mitchell was sin-binned. From the ensuing penalty close to the line prop Adrian Garvey went over for a converted try.</p>
<p>Two minutes into the second half the Chiefs were penalised again to allow Lawless a third successful penalty and his fourth kick 15 minutes into the second half left the Chiefs hanging on.</p>
<p>Their fears were realised midway through the half when Springbok lock Mark Andrews took a two-handed ball on the Waikato 22 and Natal worked winger Cabous Van Der Westhuizen over for a try.</p>
<p>The Chiefs' efforts were rewarded four minutes from the end when Glenn Taylor barged over for a converted try, only for Garvey's second try to inflict further punishment.</p>
<p>Natal's lead in the standings could be short-lived depending on the outcome of Saturday's encounter between Auckland and ACT and the South African showdown between Gauteng Lions (formerly Transvaal) and Northern Transvaal.</p>
<p>Teams:</p>
<p>Natal Sharks - Gavin Lawless; Joost Joubert, Jeremy Thomson, Jeff Appleford, Cabous van der Westhuizen; Henry Honiball, Kevin Putt; Gary Teichmann (captain), Wayne Fyvie, John Slade, Mark Andrews, Wickus van Heerden, Adrian Garvey, John Allan, Rob Kempson.</p>
<p>Waikato Chiefs - Bruce Reihana; Eric Rush, Frank Bunce, Walter Little, Glen Osborne; Blair Feeney, Rhys Duggan; Deon Muir, Dean Anglesey, Ian Jones (captain), Glenn Taylor, Errol Brain, Richard Loe, Paul Mitchell, Michael Collins.</p>
</text>
<copyright>(c) Reuters Limited 1997</copyright>
<metadata>
<codes class="bip:countries:1.0">
  <code code="NZ">
    <editdetail attribution="Reuters BIP Coding Group" action="confirmed" date="1997-04-11"/>
  </code>
  <code code="SAFR">
    <editdetail attribution="Reuters BIP Coding Group" action="confirmed" date="1997-04-11"/>
  </code>
</codes>
<codes class="bip:topics:1.0">
  <code code="GCAT">
    <editdetail attribution="Reuters BIP Coding Group" action="confirmed" date="1997-04-11"/>
  </code>
  <code code="GSPO">
    <editdetail attribution="Reuters BIP Coding Group" action="confirmed" date="1997-04-11"/>
  </code>
</codes>
<dc element="dc.date.created" value="1997-04-11"/>
<dc element="dc.publisher" value="Reuters Holdings Plc"/>
<dc element="dc.date.published" value="1997-04-11"/>
<dc element="dc.source" value="Reuters"/>
<dc element="dc.creator.location" value="WELLINGTON"/>
<dc element="dc.creator.location.country.name" value="NEW ZEALAND"/>
<dc element="dc.source" value="Reuters"/>
</metadata>
</newsitem>
