<?xml version="1.0" encoding="iso-8859-1" ?>
<newsitem itemid="501924" id="root" date="1997-04-11" xml:lang="en">
<title>UK: ATHLETICS-BEDFORD PREDICTS BEST-EVER LONDON MARATHON.</title>
<headline>ATHLETICS-BEDFORD PREDICTS BEST-EVER LONDON MARATHON.</headline>
<byline>Phil Minshull</byline>
<dateline>LONDON 1997-04-11</dateline>
<text>
<p>David Bedford, race director of the London Marathon, believes that Sunday's race could be the best in the event's 16-year history.</p>
<p>&quot;We have assembled what I think are two of the most talented fields ever put together for a marathon,&quot; said Bedford, the former 10,000 metres world record holder.</p>
<p>The big attraction in the men's race is Olympic champion Josiah Thugwane and Bedford is known to have spent a considerable amount of his $1 million budget in obtaining the South African's services.</p>
<p>Thugwane is reputed to have been paid $100,000 to run although Bedford refused to name the figure. &quot;We never discuss appearance fees but getting an Olympic champion in the race was a priority,&quot; he said.</p>
<p>The South African faces a formidable challenge if he is to score his first victory since Atlanta.</p>
<p>Portugal's Antonio Pinto, winner in London in 1992 and third in 1995, has shown good form recently and will be a threat, as will reigning world half-marathon champion Stefano Baldini of Italy.</p>
<p>British hopes rest with Paul Evans, winner of the Chicago Marathon last October, and Richard Nerurkar, fifth in Atlanta.</p>
<p>The women's race also looks likely to be the most competitive to date.</p>
<p>Briton Liz McColgan won last year and will have to produce another outstanding performance if she is to retain her title.</p>
<p>Reigning world and European champion Manuela Machado of Portugal has all the credentials to win her fourth important marathon.</p>
<p>China also poses a strong threat in Ren Xiujuan.</p>
<p>Ren took the world half-marathon title last October and has won three of her five marathon outings to date despite being only 22.</p>
<p>She has asked for a pacemaker to take her through the halfway mark on world record schedule with the aim of breaking the world best for the classic 42.195-km distance held by Norway's Ingrid Kristiansen.</p>
<p>Kristiansen ran two hours 21 minutes and six seconds in London 12 years ago but none of Sunday's women's field has a best anything close to that.</p>
</text>
<copyright>(c) Reuters Limited 1997</copyright>
<metadata>
<codes class="bip:countries:1.0">
  <code code="UK">
    <editdetail attribution="Reuters BIP Coding Group" action="confirmed" date="1997-04-11"/>
  </code>
</codes>
<codes class="bip:topics:1.0">
  <code code="GCAT">
    <editdetail attribution="Reuters BIP Coding Group" action="confirmed" date="1997-04-11"/>
  </code>
  <code code="GSPO">
    <editdetail attribution="Reuters BIP Coding Group" action="confirmed" date="1997-04-11"/>
  </code>
</codes>
<dc element="dc.date.created" value="1997-04-11"/>
<dc element="dc.publisher" value="Reuters Holdings Plc"/>
<dc element="dc.date.published" value="1997-04-11"/>
<dc element="dc.source" value="Reuters"/>
<dc element="dc.creator.location" value="LONDON"/>
<dc element="dc.creator.location.country.name" value="UK"/>
<dc element="dc.source" value="Reuters"/>
</metadata>
</newsitem>
