<?xml version="1.0" encoding="iso-8859-1" ?>
<newsitem itemid="501965" id="root" date="1997-04-11" xml:lang="en">
<title>USA: NBA BASKETBALL-THURSDAY'S RESULTS.</title>
<headline>NBA BASKETBALL-THURSDAY'S RESULTS.</headline>
<dateline>NEW YORK 1997-04-10</dateline>
<text>
<p>Results of National</p>
<p>Basketball Association games on Thursday (home team in CAPS):</p>
<p> Orlando	    105  TORONTO	   69</p>
<p> MIAMI		 93  Detroit	   83</p>
<p> NEW JERSEY	  93  Milwaukee	 88</p>
<p> Chicago	    105  NEW YORK	 103</p>
<p> Seattle	     90  DALLAS	    82</p>
<p> HOUSTON	    102  Vancouver	 94</p>
<p> Portland	    98  SAN ANTONIO     81</p>
<p> GOLDEN STATE     109  Denver	   107 (OT)</p>
<p> Minnesota	  108  LA CLIPPERS     96</p>
<p> Phoenix	    101  SACRAMENTO	99</p>
</text>
<copyright>(c) Reuters Limited 1997</copyright>
<metadata>
<codes class="bip:countries:1.0">
  <code code="CANA">
    <editdetail attribution="Reuters BIP Coding Group" action="confirmed" date="1997-04-11"/>
  </code>
  <code code="USA">
    <editdetail attribution="Reuters BIP Coding Group" action="confirmed" date="1997-04-11"/>
  </code>
</codes>
<codes class="bip:topics:1.0">
  <code code="GCAT">
    <editdetail attribution="Reuters BIP Coding Group" action="confirmed" date="1997-04-11"/>
  </code>
  <code code="GSPO">
    <editdetail attribution="Reuters BIP Coding Group" action="confirmed" date="1997-04-11"/>
  </code>
</codes>
<dc element="dc.date.created" value="1997-04-10"/>
<dc element="dc.publisher" value="Reuters Holdings Plc"/>
<dc element="dc.date.published" value="1997-04-11"/>
<dc element="dc.source" value="Reuters"/>
<dc element="dc.creator.location" value="NEW YORK"/>
<dc element="dc.creator.location.country.name" value="USA"/>
<dc element="dc.source" value="Reuters"/>
</metadata>
</newsitem>
