<?xml version="1.0" encoding="iso-8859-1" ?>
<newsitem itemid="501915" id="root" date="1997-04-11" xml:lang="en">
<title>UK: SOCCER-ENGLISH LEAGUE RESULTS.</title>
<headline>SOCCER-ENGLISH LEAGUE RESULTS.</headline>
<dateline>LONDON 1997-04-11</dateline>
<text>
<p>Results of English league soccer</p>
<p>matches on Friday:</p>
<p>Division two</p>
<p> Rotherham		 0  Brentford		 1</p>
<p>Division three</p>
<p> Colchester		3  Swansea		   1</p>
<p> Mansfield		 0  Carlisle		  0</p>
</text>
<copyright>(c) Reuters Limited 1997</copyright>
<metadata>
<codes class="bip:countries:1.0">
  <code code="UK">
    <editdetail attribution="Reuters BIP Coding Group" action="confirmed" date="1997-04-11"/>
  </code>
</codes>
<codes class="bip:topics:1.0">
  <code code="GCAT">
    <editdetail attribution="Reuters BIP Coding Group" action="confirmed" date="1997-04-11"/>
  </code>
  <code code="GSPO">
    <editdetail attribution="Reuters BIP Coding Group" action="confirmed" date="1997-04-11"/>
  </code>
</codes>
<dc element="dc.date.created" value="1997-04-11"/>
<dc element="dc.publisher" value="Reuters Holdings Plc"/>
<dc element="dc.date.published" value="1997-04-11"/>
<dc element="dc.source" value="Reuters"/>
<dc element="dc.creator.location" value="LONDON"/>
<dc element="dc.creator.location.country.name" value="UK"/>
<dc element="dc.source" value="Reuters"/>
</metadata>
</newsitem>
