<?xml version="1.0" encoding="iso-8859-1" ?>
<newsitem itemid="501914" id="root" date="1997-04-11" xml:lang="en">
<title>USA: GOLF-WOODS REVERSES MOMENTUM TO CHARGE BACK INTO CONTENTION.</title>
<headline>GOLF-WOODS REVERSES MOMENTUM TO CHARGE BACK INTO CONTENTION.</headline>
<byline>Larry Fine</byline>
<dateline>AUGUSTA, Georgia 1997-04-10</dateline>
<text>
<p>Tiger Woods ran a reverse on Thursday, shrugging off a miserable 40 on the front nine before turning the tables with a red-hot 30 on the back half to leap into contention in the first round of the Masters.</p>
<p>The 21-year-old sensation came within one stroke of the record back-nine score at Augusta National as he zoomed to within three shots of first-round leader John Huston.</p>
<p>Woods was out of whack at the start, missing fairways and missing greens. He suffered four bogeys on his wayward, outward half, and got angry with himself.</p>
<p>&quot;I was pretty hot over the way I was playing,&quot; Woods said about how he felt during his trip from the ninth green to the 10th tee.</p>
<p>&quot;Augusta's fairways are pretty big and I wasn't able to hit them. I was driving the ball bad.&quot;</p>
<p>Woods reached for his 2-iron at the par-4 10th tee and somewhow regained his swing.</p>
<p>&quot;The tee shot on 10, I felt I was in a good (swing) position. I then just tried to carry that swing feeling all the way through the back nine and it worked.&quot;</p>
<p>His silky swing restored, the race against par was on.</p>
<p>Woods sank a 15-foot putt for birdie at the 10th, chipped in for birdie at the par-3 12th, birdied the 13th, eagled the 15th and then birdied the 17th.</p>
<p>At number 15, Woods exhibited the prodigious power that has turned most par-5s into child's play for the three-time U.S. Amateur champion, who won three of his first nine tournaments after turning professional.</p>
<p>He crushed a drive on the 500-yard hole that left him only 151 yards to the cup. Woods flew a wedge at the pin and dropped the ball four feet from the hole and converted for eagle.</p>
<p>&quot;It was a tough day initially, but I got through it,&quot; said Woods, who outshot playing partner Nick Faldo, the defending champion and winner of three green jackets, by five strokes.</p>
</text>
<copyright>(c) Reuters Limited 1997</copyright>
<metadata>
<codes class="bip:countries:1.0">
  <code code="USA">
    <editdetail attribution="Reuters BIP Coding Group" action="confirmed" date="1997-04-11"/>
  </code>
</codes>
<codes class="bip:topics:1.0">
  <code code="GCAT">
    <editdetail attribution="Reuters BIP Coding Group" action="confirmed" date="1997-04-11"/>
  </code>
  <code code="GSPO">
    <editdetail attribution="Reuters BIP Coding Group" action="confirmed" date="1997-04-11"/>
  </code>
</codes>
<dc element="dc.date.created" value="1997-04-10"/>
<dc element="dc.publisher" value="Reuters Holdings Plc"/>
<dc element="dc.date.published" value="1997-04-11"/>
<dc element="dc.source" value="Reuters"/>
<dc element="dc.creator.location" value="AUGUSTA, Georgia"/>
<dc element="dc.creator.location.country.name" value="USA"/>
<dc element="dc.source" value="Reuters"/>
</metadata>
</newsitem>
