<?xml version="1.0" encoding="iso-8859-1" ?>
<newsitem itemid="502010" id="root" date="1997-04-11" xml:lang="en">
<title>CZECH REPUBLIC: CZECH SEPAP CANCELS CONTRACT WITH EBRD FOR LOAN.</title>
<headline>CZECH SEPAP CANCELS CONTRACT WITH EBRD FOR LOAN.</headline>
<dateline>PRAGUE 1997-04-11</dateline>
<text>
<p>Czech paper maker Sepap a.s. has cancelled an agreement with the European Bank for Reconstruction and Development to lead manage a 111 million mark loan, the Prague Stock Exchange's official bulletin said on Friday.</p>
<p>It added that it would now seek a new manager for the credit, which should be in the &quot;region of 100 million marks&quot;.  </p>
<p>Company officials were not immediately available for comment. The bulletin gave no further details.</p>
<p>Swedish forestry group AssiDoman holds a 39 percent stake in Sepap.</p>
<p>-- Prague Newsroom, 420-2-2423-0003</p>
</text>
<copyright>(c) Reuters Limited 1997</copyright>
<metadata>
<codes class="bip:countries:1.0">
  <code code="CZREP">
    <editdetail attribution="Reuters BIP Coding Group" action="confirmed" date="1997-04-11"/>
  </code>
</codes>
<codes class="bip:industries:1.0">
  <code code="I47100">
    <editdetail attribution="Reuters BIP Coding Group" action="confirmed" date="1997-04-11"/>
  </code>
</codes>
<codes class="bip:topics:1.0">
  <code code="C17">
    <editdetail attribution="Reuters BIP Coding Group" action="confirmed" date="1997-04-11"/>
  </code>
  <code code="C173">
    <editdetail attribution="Reuters BIP Coding Group" action="confirmed" date="1997-04-11"/>
  </code>
  <code code="CCAT">
    <editdetail attribution="Reuters BIP Coding Group" action="confirmed" date="1997-04-11"/>
  </code>
</codes>
<dc element="dc.date.created" value="1997-04-11"/>
<dc element="dc.publisher" value="Reuters Holdings Plc"/>
<dc element="dc.date.published" value="1997-04-11"/>
<dc element="dc.source" value="Reuters"/>
<dc element="dc.creator.location" value="PRAGUE"/>
<dc element="dc.creator.location.country.name" value="CZECH REPUBLIC"/>
<dc element="dc.source" value="Reuters"/>
</metadata>
</newsitem>
