<?xml version="1.0" encoding="iso-8859-1" ?>
<newsitem itemid="502072" id="root" date="1997-04-11" xml:lang="en">
<title>UK: Bid talk, patent win boost Zeneca.</title>
<headline>Bid talk, patent win boost Zeneca.</headline>
<byline>Jonathan Birt</byline>
<dateline>LONDON 1997-04-11</dateline>
<text>
<p>Shares in British drugs company Zeneca Group Plc had another busy day on Friday as the bid rumour mill again started churning, overshadowing a key patent victory in the United States.</p>
<p>Zeneca shares climbed 35 pence to 18.55 pounds ($30.06) in late afternoon trading after a U.S. Appeals Court threw out a patent challenge to one of its top-selling drugs, breast cancer treatment Nolvadex.</p>
<p>The ruling, which follows a U.S. district court decision in Zeneca's favour a year ago, means that Canadian generic drug maker Novopharm Ltd will not be able to market a generic version of Nolvadex before Zeneca's patent runs out in 2002.</p>
<p>But analysts said the ruling was widely expected and pointed the finger instead at the Swiss magazine Cash for driving up Zeneca's shares.</p>
<p>Cash said Swiss giant Roche Holdings AG was about to announce an agreed takeover of the British group.</p>
<p>Stephen Putnam, analyst at Kleinwort Benson, said: &quot;I think this rise has more to do with rumours about a Roche bid. I can't believe anybody thought there would be a different outcome (to the Novopharm appeal).&quot;</p>
<p>In an unsourced article, Cash said Roche was planing to offer between 21 and 22 pounds per share for Zeneca, which it would then break up, selling off the agricultural chemical and specialty seeds divisions as well as Roche's own fragrances and aromas division.</p>
<p>Both companies, increasingly weary of the mounting bid speculation, again declined to comment. But London analysts laughed the suggestion out of court.</p>
<p>&quot;Frankly, for 21 pounds they'd be lucky to get the agricultural chemicals division. I think the bidding would start at 30 pounds,&quot; said one analyst who asked not to be identified. &quot;Zeneca is not interested and doesn't need to embark on a merger,&quot; he added.</p>
<p>Zeneca's patent victory against Novopharm has, however, strengthened its main attraction for any possible bidder -- its strong product portfolio.</p>
<p>Nolvadex is the world's top-selling breast cancer treatment, with sales of 2.7 billion pounds since its launch. Last year Zeneca sold 332 million pounds worth of Nolvadex, making it one of its biggest money spinners.</p>
<p>Zeneca began legal action against Novopharm in January 1995 after the Canadian company tried to get U.S. regulatory approval for a generic version of Nolvadex, also known as Tamoxifen Citrate.</p>
<p>Two other patent challenges for Nolvadex in the U.S, against Mylan Pharmaceuticals Inc and Pharmachemie BV, are outstanding. A third, against Lemmon Co, was dropped after Lemmon withdrew its marketing application.</p>
<p>Kevin Scotcher, analyst at NatWest Markets, said Zeneca's patent position was now much more secure as a result of the Novopharm ruling. &quot;This case must strengthen their hand significantly in those other cases,&quot; he said.</p>
<p>Novopharm has been very active in legal challenges recently, last week successfully winning the right to market a generic version of one of the world's biggest-selling drugs, Glaxo Wellcome Plc's Zantac, from July.</p>
</text>
<copyright>(c) Reuters Limited 1997</copyright>
<metadata>
<codes class="bip:countries:1.0">
  <code code="UK">
    <editdetail attribution="Reuters BIP Coding Group" action="confirmed" date="1997-04-11"/>
  </code>
  <code code="USA">
    <editdetail attribution="Reuters BIP Coding Group" action="confirmed" date="1997-04-11"/>
  </code>
</codes>
<codes class="bip:industries:1.0">
  <code code="I25000">
    <editdetail attribution="Reuters BIP Coding Group" action="confirmed" date="1997-04-11"/>
  </code>
  <code code="I25670">
    <editdetail attribution="Reuters BIP Coding Group" action="confirmed" date="1997-04-11"/>
  </code>
  <code code="I25700">
    <editdetail attribution="Reuters BIP Coding Group" action="confirmed" date="1997-04-11"/>
  </code>
</codes>
<codes class="bip:topics:1.0">
  <code code="C15">
    <editdetail attribution="Reuters BIP Coding Group" action="confirmed" date="1997-04-11"/>
  </code>
  <code code="C152">
    <editdetail attribution="Reuters BIP Coding Group" action="confirmed" date="1997-04-11"/>
  </code>
  <code code="CCAT">
    <editdetail attribution="Reuters BIP Coding Group" action="confirmed" date="1997-04-11"/>
  </code>
</codes>
<dc element="dc.date.created" value="1997-04-11"/>
<dc element="dc.publisher" value="Reuters Holdings Plc"/>
<dc element="dc.date.published" value="1997-04-11"/>
<dc element="dc.source" value="Reuters"/>
<dc element="dc.creator.location" value="LONDON"/>
<dc element="dc.creator.location.country.name" value="UK"/>
<dc element="dc.source" value="Reuters"/>
</metadata>
</newsitem>
