<?xml version="1.0" encoding="iso-8859-1" ?>
<newsitem itemid="502001" id="root" date="1997-04-11" xml:lang="en">
<title>ESTONIA: SHARE TRADE LOWER BUT PRICES GAIN.</title>
<headline>SHARE TRADE LOWER BUT PRICES GAIN.</headline>
<text>
<p>* Total trade on the Estonian bourse was 41.2 million</p>
<p>kroons versus more than 60 million kroons yesterday.</p>
<p>* Talse gained 0.49 percent to close on 248.83.</p>
<p>* Forekspank was the most active stock and turned</p>
<p>over 6.4 million kroons to gain by 1.65 to 184.10 kroons.</p>
<p>* Market capitalisation increased slightly to 13.6 billion</p>
<p>kroons from 13.5 billion kroons on Thursday.</p>
</text>
<copyright>(c) Reuters Limited 1997</copyright>
<metadata>
<codes class="bip:countries:1.0">
  <code code="ESTNIA">
    <editdetail attribution="Reuters BIP Coding Group" action="confirmed" date="1997-04-11"/>
  </code>
</codes>
<codes class="bip:topics:1.0">
  <code code="M11">
    <editdetail attribution="Reuters BIP Coding Group" action="confirmed" date="1997-04-11"/>
  </code>
  <code code="MCAT">
    <editdetail attribution="Reuters BIP Coding Group" action="confirmed" date="1997-04-11"/>
  </code>
</codes>
<dc element="dc.publisher" value="Reuters Holdings Plc"/>
<dc element="dc.date.published" value="1997-04-11"/>
<dc element="dc.source" value="Reuters"/>
<dc element="dc.creator.location.country.name" value="ESTONIA"/>
<dc element="dc.source" value="Reuters"/>
</metadata>
</newsitem>
