<?xml version="1.0" encoding="iso-8859-1" ?>
<newsitem itemid="502090" id="root" date="1997-04-11" xml:lang="en">
<title>UK: NWE gasoline firms on crude gains, prompt still weak.</title>
<headline>NWE gasoline firms on crude gains, prompt still weak.</headline>
<dateline>LONDON 1997-04-11</dateline>
<text>
<p>NWE gasoline was firmer on Friday on stronger crude and expectations of increased demand over the coming week, traders said.</p>
<p>Prompt Eurograde storage traded at $188.50 and $190 fob ARA, further out it was talked around $191/$191.50.</p>
<p>Running refinery material was slightly pricier, trading at $192 and $193 fob Rotterdam for full April delivery. May delivery material was talked around $194/$195 fob ARA.</p>
<p>Regular traded at $182 and $183 fob ARA in earlier trade.</p>
<p>Traders said prompt barge material continued to be pressured by aggressive selling by a Swiss trading house.</p>
<p>Some said the trader had been caught with material earmarked for export out of the region while others speculated the trader was attempting to lower quotes ahead of a delivery into the region.</p>
<p>On the whole, however, traders were mildly bullish for April and May delivery material with demand seen picking up considerably in the coming week as May approaches.</p>
<p>&quot;The cargo situation has cleared up and the barge situation is also clearing up,&quot; said one trader. &quot;Next week should be quite constructive.&quot; -- Melanie Goodfellow, London Newsroom, +44 171 542 7714.</p>
</text>
<copyright>(c) Reuters Limited 1997</copyright>
<metadata>
<codes class="bip:countries:1.0">
  <code code="UK">
    <editdetail attribution="Reuters BIP Coding Group" action="confirmed" date="1997-04-11"/>
  </code>
</codes>
<codes class="bip:topics:1.0">
  <code code="M14">
    <editdetail attribution="Reuters BIP Coding Group" action="confirmed" date="1997-04-11"/>
  </code>
  <code code="M143">
    <editdetail attribution="Reuters BIP Coding Group" action="confirmed" date="1997-04-11"/>
  </code>
  <code code="MCAT">
    <editdetail attribution="Reuters BIP Coding Group" action="confirmed" date="1997-04-11"/>
  </code>
</codes>
<dc element="dc.date.created" value="1997-04-11"/>
<dc element="dc.publisher" value="Reuters Holdings Plc"/>
<dc element="dc.date.published" value="1997-04-11"/>
<dc element="dc.source" value="Reuters"/>
<dc element="dc.creator.location" value="LONDON"/>
<dc element="dc.creator.location.country.name" value="UK"/>
<dc element="dc.source" value="Reuters"/>
</metadata>
</newsitem>
