<?xml version="1.0" encoding="iso-8859-1" ?>
<newsitem itemid="502050" id="root" date="1997-04-11" xml:lang="en">
<title>HUNGARY: HUNGARY O/N RATES END HIGHER AT 20.75/20.875 PCT.</title>
<headline>HUNGARY O/N RATES END HIGHER AT 20.75/20.875 PCT.</headline>
<dateline>BUDAPEST 1997-04-11</dateline>
<text>
<p>Hungary's overnight interest ended slightly up on Friday at 20.75/21.875 percent as a combination of the passing of a tax payment deadline and the approaching end of the current reserve period spurred some banks to top up funds, dealers said.</p>
<p>&quot;It was a very stable market - rates rose towards 21.00 percent in early trade but offers at that level saw no takers,&quot; said Erika Kaiser of Budapest Bank, adding that she did not expect rates to rise very much further on Monday.</p>
<p>&quot;Rates could rise a little more as we approach Tuesday's end of the reserve period but I don't expect them to go above 21 percent,&quot; she said.</p>
<p>The National Bank of Hungary's one-week reverse repo rate currently stands at 21 percent.</p>
<p>-- Duncan Shiels, Budapest newsroom +36 1 327 4040</p>
</text>
<copyright>(c) Reuters Limited 1997</copyright>
<metadata>
<codes class="bip:countries:1.0">
  <code code="HUNG">
    <editdetail attribution="Reuters BIP Coding Group" action="confirmed" date="1997-04-11"/>
  </code>
</codes>
<codes class="bip:topics:1.0">
  <code code="M13">
    <editdetail attribution="Reuters BIP Coding Group" action="confirmed" date="1997-04-11"/>
  </code>
  <code code="M131">
    <editdetail attribution="Reuters BIP Coding Group" action="confirmed" date="1997-04-11"/>
  </code>
  <code code="MCAT">
    <editdetail attribution="Reuters BIP Coding Group" action="confirmed" date="1997-04-11"/>
  </code>
</codes>
<dc element="dc.date.created" value="1997-04-11"/>
<dc element="dc.publisher" value="Reuters Holdings Plc"/>
<dc element="dc.date.published" value="1997-04-11"/>
<dc element="dc.source" value="Reuters"/>
<dc element="dc.creator.location" value="BUDAPEST"/>
<dc element="dc.creator.location.country.name" value="HUNGARY"/>
<dc element="dc.source" value="Reuters"/>
</metadata>
</newsitem>
