<?xml version="1.0" encoding="iso-8859-1" ?>
<newsitem itemid="502096" id="root" date="1997-04-11" xml:lang="en">
<title>UK: Cystic fibrosis tests could save costs - UK study.</title>
<headline>Cystic fibrosis tests could save costs - UK study.</headline>
<dateline>LONDON 1997-04-11</dateline>
<text>
<p>Screening newborn babies for cystic fibrosis could save tens of thousands of pounds (dollars) by allowing them to get early treatment, a British researcher said on Friday.</p>
<p>Treating a newborn baby helps prevent the lung damage that builds up during the repeated infections the disease can cause, Dr Jim Littlewood, chairman of the Cystic Fibrosis Trust's research medical advisory committee.</p>
<p>In a report timed to coincide with Cystic Fibrosis Week, he said the cost of treating a healthy newborn was about 10 percent that of treating a severely affected child.</p>
<p>&quot;Babies, if they are not diagnosed early, will get damage to the chest from infection which you can never completely recover from,&quot; he said.</p>
<p>&quot;The cost of treating a badly affected patient who requires a lot of antibiotics and nutritional support is 34,000 pounds ($55,000) a year. It is 4,000 pounds a year for a healthier patient.&quot;</p>
<p>Cystic fibrosis (CF) is the most common fatal recessive genetic disease among people of European origin. Among other things, it causes the lungs to overproduce mucus, which causes infection and scarring.</p>
<p>It is a favourite target of scientists developing gene therapy but they say the experimental treatment will do little good to patients with damaged organs.</p>
<p>Littlewood said a simple CF test would cost only 1.50 pounds. He said Italy, the Netherlands, Australia, France and the U.S. states of Wisconsin and Colorado already did such screening and had found it cost-effective.</p>
<p>Only about 20 percent of babies born in Britain are screened.</p>
</text>
<copyright>(c) Reuters Limited 1997</copyright>
<metadata>
<codes class="bip:countries:1.0">
  <code code="UK">
    <editdetail attribution="Reuters BIP Coding Group" action="confirmed" date="1997-04-11"/>
  </code>
</codes>
<codes class="bip:topics:1.0">
  <code code="GCAT">
    <editdetail attribution="Reuters BIP Coding Group" action="confirmed" date="1997-04-11"/>
  </code>
  <code code="GHEA">
    <editdetail attribution="Reuters BIP Coding Group" action="confirmed" date="1997-04-11"/>
  </code>
</codes>
<dc element="dc.date.created" value="1997-04-11"/>
<dc element="dc.publisher" value="Reuters Holdings Plc"/>
<dc element="dc.date.published" value="1997-04-11"/>
<dc element="dc.source" value="Reuters"/>
<dc element="dc.creator.location" value="LONDON"/>
<dc element="dc.creator.location.country.name" value="UK"/>
<dc element="dc.source" value="Reuters"/>
</metadata>
</newsitem>
