<?xml version="1.0" encoding="iso-8859-1" ?>
<newsitem itemid="502013" id="root" date="1997-04-11" xml:lang="en">
<title>ESTONIA: ESTONIA-UHISPANK BOARD TO GET NEW MEMBERS.</title>
<headline>ESTONIA-UHISPANK BOARD TO GET NEW MEMBERS.</headline>
<dateline>TALLINN 1997-04-11</dateline>
<text>
<p>Uhispank's shareholders will vote for four new board members at their meeting on Saturday, the bank said on Friday.</p>
<p>Eight of the present board members, which represent the investment companies which formed the bank, will resign.</p>
<p>Member of parliament Andres Lipstok, Pakterminal chairman Aadu Luukas, Tallinn mayor Robert Lepikson and Rakvere meat factory chairman Tiit Kouhkna will be put up as canditates for the board.</p>
<p>&quot;The board needs to be modernized, as a lot of changes have happened since the present board was formed in 1995,&quot; the vice president of Uhispank, Margus Schults, told Reuters.</p>
<p>-- Eva Palu, Tallinn newsroom, +372 630 8400, reuters@reuters.ee</p>
</text>
<copyright>(c) Reuters Limited 1997</copyright>
<metadata>
<codes class="bip:countries:1.0">
  <code code="ESTNIA">
    <editdetail attribution="Reuters BIP Coding Group" action="confirmed" date="1997-04-11"/>
  </code>
</codes>
<codes class="bip:industries:1.0">
  <code code="I81402">
    <editdetail attribution="Reuters BIP Coding Group" action="confirmed" date="1997-04-11"/>
  </code>
</codes>
<codes class="bip:topics:1.0">
  <code code="C41">
    <editdetail attribution="Reuters BIP Coding Group" action="confirmed" date="1997-04-11"/>
  </code>
  <code code="C411">
    <editdetail attribution="Reuters BIP Coding Group" action="confirmed" date="1997-04-11"/>
  </code>
  <code code="CCAT">
    <editdetail attribution="Reuters BIP Coding Group" action="confirmed" date="1997-04-11"/>
  </code>
</codes>
<dc element="dc.date.created" value="1997-04-11"/>
<dc element="dc.publisher" value="Reuters Holdings Plc"/>
<dc element="dc.date.published" value="1997-04-11"/>
<dc element="dc.source" value="Reuters"/>
<dc element="dc.creator.location" value="TALLINN"/>
<dc element="dc.creator.location.country.name" value="ESTONIA"/>
<dc element="dc.source" value="Reuters"/>
</metadata>
</newsitem>
