<?xml version="1.0" encoding="iso-8859-1" ?>
<newsitem itemid="502169" id="root" date="1997-04-11" xml:lang="en">
<title>ZAIRE: Zaire PM appoints national salvation government.</title>
<headline>Zaire PM appoints national salvation government.</headline>
<byline>Arthur Malu-Malu</byline>
<dateline>KINSHASA 1997-04-11</dateline>
<text>
<p>Zaire's emergency rule prime minister General Likulia Bolongo announced a 28-member national salvation government on Friday, with top army generals in charge of the key defence and interior ministries.</p>
<p>Likulia told a news conference that army chief of staff General Mahele Lieko Bokungo was his new defence minister and that General Ilunga Shamanga, who is close to President Mobutu Sese Seko, was his new interior minister.</p>
<p>Kamanda wa Kamanda, a member of the Kinshasa team at negotiations with rebels who control half the sprawling Central African nation, remains foreign minister.</p>
<p>Both Mahele, who remains army chief of staff, and Kamanda are deputy prime ministers.</p>
<p>Ilunga, the new interior minister, was previously Mobutu's personal chief of staff. &quot;We have given this ministry the mission of national reconciliation,&quot; Likulia said of Ilunga's new role.</p>
<p>He said that Mahele had the task of national defence and restructuring Zaire's ragged and notoriously ill-disciplined army and turning it into a force that protected individual rights and freedoms.</p>
<p>Zaire's army, repeatedly routed by rebels who took up arms in October vowing to topple Mobutu, has a reputation for looting and terrorising civilians unfortunate enough to find themselves in its path.</p>
<p>Mobutu, who has dominated Zaire since seizing power in 1965, declared a nationwide state of emergency on Tuesday and appointed Likulia prime minister on Wednesday.</p>
<p>In doing so, he shunted aside his arch-foe, veteran opposition leader Etienne Tshisekedi, who had been in the job for under a week.</p>
<p>Mobutu had prostate cancer surgery in Europe in August. He is now back in Kinshasa.</p>
</text>
<copyright>(c) Reuters Limited 1997</copyright>
<metadata>
<codes class="bip:countries:1.0">
  <code code="ZAIRE">
    <editdetail attribution="Reuters BIP Coding Group" action="confirmed" date="1997-04-11"/>
  </code>
</codes>
<codes class="bip:topics:1.0">
  <code code="GCAT">
    <editdetail attribution="Reuters BIP Coding Group" action="confirmed" date="1997-04-11"/>
  </code>
  <code code="GPOL">
    <editdetail attribution="Reuters BIP Coding Group" action="confirmed" date="1997-04-11"/>
  </code>
</codes>
<dc element="dc.date.created" value="1997-04-11"/>
<dc element="dc.publisher" value="Reuters Holdings Plc"/>
<dc element="dc.date.published" value="1997-04-11"/>
<dc element="dc.source" value="Reuters"/>
<dc element="dc.creator.location" value="KINSHASA"/>
<dc element="dc.creator.location.country.name" value="ZAIRE"/>
<dc element="dc.source" value="Reuters"/>
</metadata>
</newsitem>
