<?xml version="1.0" encoding="iso-8859-1" ?>
<newsitem itemid="502164" id="root" date="1997-04-11" xml:lang="en">
<title>CANADA: Canadian bank shares plunge on rate jitters.</title>
<headline>Canadian bank shares plunge on rate jitters.</headline>
<dateline>TORONTO 1997-04-11</dateline>
<text>
<p>Shares of the six major Canadian banks tumbled after the U.S. government reported higher than expected producer prices for March.</p>
<p>The bank index on the Toronto Stock Exchange tumbled 2.63 percent or down more than 11 points after the core producer price index rose 0.4 percent, compared to market expectations of 0.1 percent.</p>
<p>Shares of the Bank of Nova Scotia, Bank of Montreal and the Royal Bank of Canada fell furthest by midday, both down 1.45 to 48.70 a share for Scotia, 51.15 a share for Royal and 45.75 a share for Montreal.</p>
<p>Traders said the economic data increased market speculation that inflationary pressure in the U.S. will force the U.S. Federal Reserve to raise interest rates for the second time since 1995 when the Federal Open Market Committee meets in May. They said such a rise will increase pressure on the Bank of Canada to raise its domestic rates.</p>
<p>&quot;Interest rates are moving higher and the banks always get knocked down,&quot; one trader said.</p>
<p>Canadian Imperial Bank of Commerce shares fell 1.05 to 29.85 a share, Toronto-Dominion Bank shares fell 0.80 to 35.40 a share and National Bank of Canada shares were down 0.35 to 13.75 a share.</p>
<p>((Reuters Toronto Bureau 416 941-8100))</p>
</text>
<copyright>(c) Reuters Limited 1997</copyright>
<metadata>
<codes class="bip:countries:1.0">
  <code code="CANA">
    <editdetail attribution="Reuters BIP Coding Group" action="confirmed" date="1997-04-11"/>
  </code>
</codes>
<codes class="bip:industries:1.0">
  <code code="I81402">
    <editdetail attribution="Reuters BIP Coding Group" action="confirmed" date="1997-04-11"/>
  </code>
</codes>
<codes class="bip:topics:1.0">
  <code code="C15">
    <editdetail attribution="Reuters BIP Coding Group" action="confirmed" date="1997-04-11"/>
  </code>
  <code code="C152">
    <editdetail attribution="Reuters BIP Coding Group" action="confirmed" date="1997-04-11"/>
  </code>
  <code code="CCAT">
    <editdetail attribution="Reuters BIP Coding Group" action="confirmed" date="1997-04-11"/>
  </code>
</codes>
<dc element="dc.date.created" value="1997-04-11"/>
<dc element="dc.publisher" value="Reuters Holdings Plc"/>
<dc element="dc.date.published" value="1997-04-11"/>
<dc element="dc.source" value="Reuters"/>
<dc element="dc.creator.location" value="TORONTO"/>
<dc element="dc.creator.location.country.name" value="CANADA"/>
<dc element="dc.source" value="Reuters"/>
</metadata>
</newsitem>
