<?xml version="1.0" encoding="iso-8859-1" ?>
<newsitem itemid="502175" id="root" date="1997-04-11" xml:lang="en">
<title>ZAIRE: Zaire spotlight on Mobutu, talks next week?.</title>
<headline>Zaire spotlight on Mobutu, talks next week?.</headline>
<byline>Richard Meares</byline>
<dateline>LUBUMBASHI, Zaire 1997-04-11</dateline>
<text>
<p>Rebels are ratcheting up the pressure on Zaire's ailing and embattled President Mobutu Sese Seko as calls for the veteran strongman to quit proliferate.</p>
<p>With many of Mobutu's one-time allies urging him to stand aside, South Africa's Deputy President Thabo Mbeki told reporters in Washington on Thursday that there was no suggestion as yet that the Zairean president would want to seek asylum.</p>
<p>&quot;I don't think we would respond negatively,&quot; he added after talks with U.S. Secretary of State Madeleine Albright when asked about South Africa's response to any request.</p>
<p>The rebels, who control half the sprawling Central African nation including its economic heartland, have paused in their relentless advance and have given him until the weekend to signal that he is ready to quit.</p>
<p>Mbeki, who hosted a first round of talks between the warring parties last week, said he hoped negotiations would resume early next week and that he expected the question of Mobutu's future to be on the agenda.</p>
<p>&quot;What happens to the governance of Zaire is something that is on the agenda of the negotiations...and I'm sure that will be included, the future of Mobutu,&quot; he added. &quot;It's not a matter that can be decided outside of that process of negotiation.&quot;</p>
<p>The governor of the mining province of Shaba, waiting for word from rebel leader Laurent Kabila on his future in the job, said on Friday it was time for the ailing president to go.</p>
<p>&quot;Mobutu must retire now because of his health rather than continuing a war that is futile,&quot; Kyungu wa Kumwanza told reporters in Lubumbashi, Zaire's second city and capital of Shaba. Mobutu had prostate cancer surgery in Europe in August.</p>
<p>The rebels took up arms in October in a dispute over Zairean nationality for ethnic Tutsis. They ended the battle for Lubumbashi on Thursday, driving Mobutu loyalists from its airport and into the bush.</p>
<p>In Kinshasa, Mobutu, who has held sway over Africa's third largest country since a 1965 coup, had talks on Thursday with his new emergency rule prime minister General Likulia Bolongo.</p>
<p>The capital, rocked by clashes between Mobutu's army and supporters of ousted prime minister Etienne Tshisekedi on Wednesday, waited for Likulia to announce his government.</p>
<p>Radical opposition leader Tshisekedi, shunted aside after under a week in the job, has accused Mobutu of treason and urged Zaireans to step up pressure to force him from power.</p>
<p>Former colonial power Belgium says Mobutu engineered a military coup to cling on to power and denounces what it calls &quot;a military dictatorship&quot; in Kinshasa.</p>
<p>The United States, which helped prop up Mobutu during the Cold War fearing the spread of communism in strategic parts of Africa, says it was time for the veteran strongman to go. The State Department has urged an end to &quot;dictatorship&quot; in Zaire.</p>
<p>But France, a long-time Mobutu ally, called for an orderly transition and questioned Kabila's democratic credentials -- casting doubts on whether he would call elections.</p>
<p>Kabila gave Mobutu three days from Thursday to signal his willingness to stand down. &quot;I am waiting for a little period of three days for Mobutu to make a decision to contact us to negotiate his departure,&quot; he said at Mobutu's former palace in the eastern town Goma, now used as rebel headquarters.</p>
<p>&quot;If this doesn't happen we will be forced to advance on all fronts,&quot; Kabila said.</p>
</text>
<copyright>(c) Reuters Limited 1997</copyright>
<metadata>
<codes class="bip:countries:1.0">
  <code code="SAFR">
    <editdetail attribution="Reuters BIP Coding Group" action="confirmed" date="1997-04-11"/>
  </code>
  <code code="ZAIRE">
    <editdetail attribution="Reuters BIP Coding Group" action="confirmed" date="1997-04-11"/>
  </code>
</codes>
<codes class="bip:topics:1.0">
  <code code="GCAT">
    <editdetail attribution="Reuters BIP Coding Group" action="confirmed" date="1997-04-11"/>
  </code>
  <code code="GDIP">
    <editdetail attribution="Reuters BIP Coding Group" action="confirmed" date="1997-04-11"/>
  </code>
  <code code="GVIO">
    <editdetail attribution="Reuters BIP Coding Group" action="confirmed" date="1997-04-11"/>
  </code>
</codes>
<dc element="dc.date.created" value="1997-04-11"/>
<dc element="dc.publisher" value="Reuters Holdings Plc"/>
<dc element="dc.date.published" value="1997-04-11"/>
<dc element="dc.source" value="Reuters"/>
<dc element="dc.creator.location" value="LUBUMBASHI, Zaire"/>
<dc element="dc.creator.location.country.name" value="ZAIRE"/>
<dc element="dc.source" value="Reuters"/>
</metadata>
</newsitem>
