<?xml version="1.0" encoding="iso-8859-1" ?>
<newsitem itemid="502141" id="root" date="1997-04-11" xml:lang="en">
<title>ZAIRE: GOVERNMENT LIST.</title>
<headline>GOVERNMENT LIST.</headline>
<text>
<p>ZAIRE GOVERNMENT LIST (970411)</p>
<p> *************************************************************</p>
<p> * 11 Apr 97 - Emergency rule prime minister General Likulia *</p>
<p> *		 Bolongo announced a 28-member national	  *</p>
<p> *		 salvation government.				 *</p>
<p> *************************************************************</p>
<p> President..........................(Marshal) MOBUTU Sese Seko</p>
<p>				- - - - - - -</p>
<p>NATIONAL SALVATION GOVERNMENT (Formed 11 April 97)</p>
<p> Prime Minister (Apptd 9 Apr 97).......General LIKULIA Bolongo</p>
<p> Deputy Prime Minister............General MAHELE Lieko Bokungo</p>
<p> (Also Minister of Defence)</p>
<p> Deputy Prime Minister......................KAMANDA Wa Kamanda</p>
<p> (Also Minister of Foreign Affairs)</p>
<p>				- - - - - - -</p>
<p>MINISTERS (known so far)</p>
<p> Defence.............................See Deputy Prime Minister</p>
<p> Foreign Affairs.....................See Deputy Prime Minister</p>
<p> Interior..............................General ILUNGA Shamanga</p>
<p>				- - - - - - -</p>
<p> Central Bank Governor...........Patrice DJAMBOLEKA Okitongono</p>
<p>				- - - - - - -</p>
<p>	 NOTE: Any comments/queries on the content of this</p>
<p>		 government list, please contact the Reuter</p>
<p>		 Editorial Reference Unit, London, on (171) 542</p>
<p>		 7968.</p>
<p>			  (End government list)</p>
</text>
<copyright>(c) Reuters Limited 1997</copyright>
<metadata>
<codes class="bip:countries:1.0">
  <code code="ZAIRE">
    <editdetail attribution="Reuters BIP Coding Group" action="confirmed" date="1997-04-11"/>
  </code>
</codes>
<codes class="bip:topics:1.0">
  <code code="GCAT">
    <editdetail attribution="Reuters BIP Coding Group" action="confirmed" date="1997-04-11"/>
  </code>
  <code code="GPOL">
    <editdetail attribution="Reuters BIP Coding Group" action="confirmed" date="1997-04-11"/>
  </code>
</codes>
<dc element="dc.publisher" value="Reuters Holdings Plc"/>
<dc element="dc.date.published" value="1997-04-11"/>
<dc element="dc.source" value="Reuters"/>
<dc element="dc.creator.location.country.name" value="ZAIRE"/>
<dc element="dc.source" value="Reuters"/>
</metadata>
</newsitem>
