<?xml version="1.0" encoding="iso-8859-1" ?>
<newsitem itemid="502139" id="root" date="1997-04-11" xml:lang="en">
<title>INDIA: Soccer-China beat India in Nehru Gold Cup 3rd place play-off.</title>
<headline>Soccer-China beat India in Nehru Gold Cup 3rd place play-off.</headline>
<dateline>COCHIN, India 1997-04-11</dateline>
<text>
<p>China beat India 2-1 (halftime 2-1) in the play-off for third place in the Nehru Gold Cup soccer tournament on Friday.</p>
<p>Scorers:</p>
<p>China - Bao Wen Jie 17, Huang Yong 31</p>
<p>India - Baichung Bhutia 36</p>
</text>
<copyright>(c) Reuters Limited 1997</copyright>
<metadata>
<codes class="bip:countries:1.0">
  <code code="CHINA">
    <editdetail attribution="Reuters BIP Coding Group" action="confirmed" date="1997-04-11"/>
  </code>
  <code code="INDIA">
    <editdetail attribution="Reuters BIP Coding Group" action="confirmed" date="1997-04-11"/>
  </code>
</codes>
<codes class="bip:topics:1.0">
  <code code="GCAT">
    <editdetail attribution="Reuters BIP Coding Group" action="confirmed" date="1997-04-11"/>
  </code>
  <code code="GDIP">
    <editdetail attribution="Reuters BIP Coding Group" action="confirmed" date="1997-04-11"/>
  </code>
  <code code="GSPO">
    <editdetail attribution="Reuters BIP Coding Group" action="confirmed" date="1997-04-11"/>
  </code>
</codes>
<dc element="dc.date.created" value="1997-04-11"/>
<dc element="dc.publisher" value="Reuters Holdings Plc"/>
<dc element="dc.date.published" value="1997-04-11"/>
<dc element="dc.source" value="Reuters"/>
<dc element="dc.creator.location" value="COCHIN, India"/>
<dc element="dc.creator.location.country.name" value="INDIA"/>
<dc element="dc.source" value="Reuters"/>
</metadata>
</newsitem>
