<?xml version="1.0" encoding="iso-8859-1" ?>
<newsitem itemid="502138" id="root" date="1997-04-11" xml:lang="en">
<title>AUSTRALIA: Australian Yachting: Peter Campbell's Rhumbline Column.</title>
<headline>Australian Yachting: Peter Campbell's Rhumbline Column.</headline>
<text>
<p>By Peter Campbell*</p>
<p>OLYMPIC YACHTING PLAN REVEALED</p>
<p>The controversial plan for the Olympic yachting site at Rushcutters Bay will be released either today or early next week, confirming that the old Navy site and adjacent parkland will be shore base headquarters for the Sydney 2000 Olympic sailing, over-riding the strong objections of some local residents.</p>
</text>
<copyright>(c) Reuters Limited 1997</copyright>
<metadata>
<codes class="bip:countries:1.0">
  <code code="AUSTR">
    <editdetail attribution="Reuters BIP Coding Group" action="confirmed" date="1997-04-11"/>
  </code>
</codes>
<codes class="bip:topics:1.0">
  <code code="GCAT">
    <editdetail attribution="Reuters BIP Coding Group" action="confirmed" date="1997-04-11"/>
  </code>
  <code code="GSPO">
    <editdetail attribution="Reuters BIP Coding Group" action="confirmed" date="1997-04-11"/>
  </code>
</codes>
<dc element="dc.publisher" value="Reuters Holdings Plc"/>
<dc element="dc.date.published" value="1997-04-11"/>
<dc element="dc.source" value="Reuters"/>
<dc element="dc.creator.location.country.name" value="AUSTRALIA"/>
<dc element="dc.source" value="Reuters"/>
</metadata>
</newsitem>
