<?xml version="1.0" encoding="iso-8859-1" ?>
<newsitem itemid="502153" id="root" date="1997-04-11" xml:lang="en">
<title>CANADA: Canada temporarily recalls ambassador to Iran.</title>
<headline>Canada temporarily recalls ambassador to Iran.</headline>
<dateline>OTTAWA 1997-04-11</dateline>
<text>
<p>Canada said on Friday it recalled its ambassador to Iran for a few days of consultations after a Berlin court verdict that Iran ordered the killing of four dissidents.</p>
<p>&quot;This verdict is being carefully reviewed by the Canadian government,&quot; Foreign Affairs Minister Lloyd Axworthy said in a statement. &quot;It is not acceptable that Iran or any other country attack an opponent on foreign soil.&quot;</p>
<p>Axworthy said he was deeply concerned about Thursday's verdict, which implicated high-ranking Iranians in the killings of four Iranian Kurds in the Mykonos restaurant in Berlin in 1992.</p>
<p>Germany decided to expel four Iranian diplomats, and the European Union moved to recall ambassadors and break off &quot;critical dialogue&quot; with Iran.</p>
<p>Axworthy said Canada had been consulting with the European Union, the G7 and other partners about the crisis.</p>
</text>
<copyright>(c) Reuters Limited 1997</copyright>
<metadata>
<codes class="bip:countries:1.0">
  <code code="CANA">
    <editdetail attribution="Reuters BIP Coding Group" action="confirmed" date="1997-04-11"/>
  </code>
  <code code="GFR">
    <editdetail attribution="Reuters BIP Coding Group" action="confirmed" date="1997-04-11"/>
  </code>
  <code code="IRAN">
    <editdetail attribution="Reuters BIP Coding Group" action="confirmed" date="1997-04-11"/>
  </code>
</codes>
<codes class="bip:topics:1.0">
  <code code="GCAT">
    <editdetail attribution="Reuters BIP Coding Group" action="confirmed" date="1997-04-11"/>
  </code>
  <code code="GDIP">
    <editdetail attribution="Reuters BIP Coding Group" action="confirmed" date="1997-04-11"/>
  </code>
</codes>
<dc element="dc.date.created" value="1997-04-11"/>
<dc element="dc.publisher" value="Reuters Holdings Plc"/>
<dc element="dc.date.published" value="1997-04-11"/>
<dc element="dc.source" value="Reuters"/>
<dc element="dc.creator.location" value="OTTAWA"/>
<dc element="dc.creator.location.country.name" value="CANADA"/>
<dc element="dc.source" value="Reuters"/>
</metadata>
</newsitem>
