<?xml version="1.0" encoding="iso-8859-1" ?>
<newsitem itemid="502189" id="root" date="1997-04-11" xml:lang="en">
<title>ZAIRE: U.N. plane flies home 240 Zairean displaced.</title>
<headline>U.N. plane flies home 240 Zairean displaced.</headline>
<dateline>GOMA, Zaire 1997-04-11</dateline>
<text>
<p>A U.N. plane flew 240 Zaireans displaced by fighting back to the eastern Zairean border town of Goma on Friday in a test run for the repatriation of up to 100,000 Rwandan refugees, a U.N. spokeswoman said.</p>
<p>Brenda Barton of the U.N. World Food Programme (WFP) said an Ilyushin-76 transport plane carried 205 adults and 35 children from the northeastern Zairean capital of Kisangani to Goma.</p>
<p>&quot;The flight was a success as loading and unloading was fast and we had two hours of fuel spare. So with our three planes we estimate we should be able to do two rotations a day, bringing the number of people we can move to 1,300 a day,&quot; she said.</p>
<p>WFP has offered two Ilyushin-76s and a C-130 for a planned U.N. airlift of up to 100,000 Rwandan refugees from Kisangani either to eastern Zairean border towns of straight to Rwanda.</p>
<p>U.N. officials said this week it might take another week to organise. It would be one of the biggest ever refugee airlifts.</p>
<p>U.N. agencies are concentrating on feeding the refugees and caring for the sick before the airlift. A total of 108 died at two sites south of Kisangani on Wednesday from sickness and malnutrition.</p>
<p>The Hutu Rwandan refugees and Zaireans were uprooted by a Tutsi-dominated rebellion in east Zaire since October and have spent much of the past six months trekking through the jungle.</p>
<p>Some of the refugees took part in the genocide of 800,000 Tutsis and Hutu moderates in Rwanda in 1994. Former Rwandan troops and militiamen among them fought alongside Zairean troops against the advancing rebels in eastern Zaire.</p>
</text>
<copyright>(c) Reuters Limited 1997</copyright>
<metadata>
<codes class="bip:countries:1.0">
  <code code="UN">
    <editdetail attribution="Reuters BIP Coding Group" action="confirmed" date="1997-04-11"/>
  </code>
  <code code="ZAIRE">
    <editdetail attribution="Reuters BIP Coding Group" action="confirmed" date="1997-04-11"/>
  </code>
</codes>
<codes class="bip:topics:1.0">
  <code code="GCAT">
    <editdetail attribution="Reuters BIP Coding Group" action="confirmed" date="1997-04-11"/>
  </code>
  <code code="GDIP">
    <editdetail attribution="Reuters BIP Coding Group" action="confirmed" date="1997-04-11"/>
  </code>
  <code code="GVIO">
    <editdetail attribution="Reuters BIP Coding Group" action="confirmed" date="1997-04-11"/>
  </code>
</codes>
<dc element="dc.date.created" value="1997-04-11"/>
<dc element="dc.publisher" value="Reuters Holdings Plc"/>
<dc element="dc.date.published" value="1997-04-11"/>
<dc element="dc.source" value="Reuters"/>
<dc element="dc.creator.location" value="GOMA, Zaire"/>
<dc element="dc.creator.location.country.name" value="ZAIRE"/>
<dc element="dc.source" value="Reuters"/>
</metadata>
</newsitem>
