<?xml version="1.0" encoding="iso-8859-1" ?>
<newsitem itemid="502143" id="root" date="1997-04-11" xml:lang="en">
<title>NIGERIA: GOVERNMENT LIST.</title>
<headline>GOVERNMENT LIST.</headline>
<text>
<p>NIGERIA GOVERNMENT LIST (970411)</p>
<p> Head of State (Apptd 17 Nov 93)...............Gen Sani ABACHA</p>
<p>(Also Chairman of the Provisional Ruling Council,</p>
<p>Commander-in-Chief of the Armed Forces, Defence Minister,</p>
<p>Chairman of the Federal Executive Council)</p>
<p>			    - - - - - - - - -</p>
<p>PROVISIONAL RULING COUNCIL (PRC) (Sworn in 24 Nov 93, updated</p>
<p>13 Jan 97)</p>
<p> Chairman......See Head of State</p>
<p> Vice-Chairman..............Lt-Gen Oladipo DIYA</p>
<p>(Also Vice-Chairman of the Federal Executive Council,</p>
<p>Chief of General Staff)</p>
<p>Other members:</p>
<p>Maj-Gen Abdulsalam ABUBAKAR (Chief of Defence Staff)</p>
<p>Maj-Gen Ishaya BAMAIYI (Chief of Army Staff)</p>
<p>Commodore Mike AKHIGBE (Chief of Naval Staff)</p>
<p>Air Vice-Marshal Nsikak EDUOK (Chief of Air Staff)</p>
<p>Ibrahim COMMASSIE (Inspector General of Police)</p>
<p>Lt-Gen Mohammed HALADU</p>
<p>	 (Also Minister of Industry)</p>
<p>Lt-Gen Jeremiah USENI</p>
<p>	 (Also Minister of Federal Capital Territory)</p>
<p>Maj-Gen John Mark INIENGER (Commandant, Command &amp; Staff College, Jaji)</p>
<p>Maj-Gen Chris Abutu GARUBA (Commandant, National War College)</p>
<p>Air Vice-Marshall A. DAGGASH (Commandant, Nigerian Defence</p>
<p>									Academy)</p>
<p>Maj-Gen Abdullahi MUKTAR (General Officer Commanding,</p>
<p>				 1 Mechanised Division, Nigerian Army)</p>
<p>Brig-Gen Bashir MAGASHI (General Officer Commanding,</p>
<p>						2 Division, Nigerian Army)</p>
<p>Brig-Gen Peter SHAA (General Officer Comanding, 3 Armoured</p>
<p>						  Division, Nigerian Army)</p>
<p>Brig-Gen Felix MUJAKPERUO (General Officer Commanding,</p>
<p>					     82 Division, Nigerian Army)</p>
<p>Brig-Gen Patrick AZIZA (Commander, Lagos Garrison</p>
<p>								 Organisation)</p>
<p>Rear Admiral Rufus EYITAYO (Flag Officer Commanding, Western</p>
<p>Naval Command)</p>
<p>Commodore Victor OMBU (Flag Officer Commanding, Eastern</p>
<p>								Naval Command)</p>
<p>Air Commodore Emmanuel EDEM (Air Officer Commanding, Tactical</p>
<p>								  Air Command)</p>
<p>Air Vice-Marshall G.Y. KONTAGORA (Air Officer Commanding,</p>
<p>							   Training Command)</p>
<p>Maj-Gen Timothy SHELPIDI (Representative, Defence HQ)</p>
<p>Air Commodore Ibrahim MUSA (Representative, Defence HQ)</p>
<p>Maj-Gen Mufu BALOGUN (Repesentative, Defence HQ)</p>
<p>Commodore Taiwo ODEDINA</p>
<p>Navy Capt Anthony OGUGUO (Representatives,</p>
<p>							 Naval Headquarters)</p>
<p>Air Commdore Cannis UWENWALIRI (Representative, Air Force)</p>
<p>			    - - - - - - - - -</p>
<p>FEDERAL EXECUTIVE COUNCIL: (Sworn in 20 March 1995)</p>
<p> Chairman......See Head of State</p>
<p> Vice-Chairman........See Vice-chrmn of the PRC</p>
<p>			    - - - - - - - - -</p>
<p>MINISTERS:</p>
<p> Agriculture........Gambo JIMETA</p>
<p> Aviation............Air Commodore Ita UDOH-IME</p>
<p>Commerce &amp; Tourism.Rear Admiral Jubrila AYINLA</p>
<p>Communications.....Maj-Gen Tajudeen OLANREWAJU</p>
<p> Defence.......See Head of State</p>
<p> Education........Mohammed LIMAN</p>
<p> Finance.............Anthony ANI</p>
<p> Health......Ihechukwu MADUBUIKE</p>
<p> Federal Capital Territory......See Provisional Ruling Council</p>
<p> Foreign Affairs.......Tom IKIMI</p>
<p> Industry........See Provisional Ruling Council</p>
<p>Information....Walter OFONAGORO</p>
<p> Internal Affairs..............Babagana KINGIBE</p>
<p>Justice, Attorney-General....Michael AGBAMUCHE</p>
<p> Labour................Uba AHMED</p>
<p>National Planning..Ayo OGUNLADE</p>
<p>Petroleum Resources...Dan ETETE</p>
<p>Power &amp; Steel....Bashir DALHATU</p>
<p> Science &amp; Technology.........MAJ-Gen Sam MOMAH</p>
<p> Solid Mineral Resources.............Kaloma ALI</p>
<p> Transport................Maj-Gen Ibrahim GUMEL</p>
<p> Water Resources.....Aliyu YELWA</p>
<p> Womens Affairs &amp; Social Affairs....Judith ATTA</p>
<p> Works &amp; Housing......Maj-Gen Abdulkareem ADISA</p>
<p> Youth &amp; Sport.......Jim NWOBODO</p>
<p>			    - - - - - - - - -</p>
<p>MINISTERS OF STATE:</p>
<p>Agriculture.....Ademola ADESINA</p>
<p>Education...Mrs Iyabo ANISULOWO</p>
<p>Federal Capital Territory.....Mrs Marian CLARK</p>
<p> Finance..............Abu GIDADO</p>
<p> Foreign Affairs.........Alhassan Idrissa KPAKI</p>
<p> Health............David SADAUKI</p>
<p> Petroleum Resources...............Kabiru CHAFE</p>
<p>Power &amp; Steel..Iyorwuese HAGHER</p>
<p> Works &amp; Housing................Abdullahi ADAMU</p>
<p>			    - - - - - - - - -</p>
<p>MINISTERS WITHOUT PORTFOLIO:</p>
<p> Special Duties.........Wada NAS</p>
<p>Special Duties...Lazarus UNAOGU</p>
<p>Special Duties.....Wole OYELESE</p>
<p>			    - - - - - - - - -</p>
<p> Central Bank Governor..............Paul OGWUMA</p>
<p>			    - - - - - - - - -</p>
<p>	 NOTE: Any comments/queries on the content of this</p>
<p>		 government list, please contact the Reuter</p>
<p>		 Editorial Reference Unit, London, on (171) 542</p>
<p>		 7968.</p>
<p>			  (End Government List)</p>
</text>
<copyright>(c) Reuters Limited 1997</copyright>
<metadata>
<codes class="bip:countries:1.0">
  <code code="NIGEA">
    <editdetail attribution="Reuters BIP Coding Group" action="confirmed" date="1997-04-11"/>
  </code>
</codes>
<codes class="bip:topics:1.0">
  <code code="GCAT">
    <editdetail attribution="Reuters BIP Coding Group" action="confirmed" date="1997-04-11"/>
  </code>
  <code code="GPOL">
    <editdetail attribution="Reuters BIP Coding Group" action="confirmed" date="1997-04-11"/>
  </code>
</codes>
<dc element="dc.publisher" value="Reuters Holdings Plc"/>
<dc element="dc.date.published" value="1997-04-11"/>
<dc element="dc.source" value="Reuters"/>
<dc element="dc.creator.location.country.name" value="NIGERIA"/>
<dc element="dc.source" value="Reuters"/>
</metadata>
</newsitem>
