<?xml version="1.0" encoding="iso-8859-1" ?>
<newsitem itemid="502170" id="root" date="1997-04-11" xml:lang="en">
<title>NIGERIA: Nigerian singer Fela to face action by drugs squad.</title>
<headline>Nigerian singer Fela to face action by drugs squad.</headline>
<dateline>LAGOS 1997-04-11</dateline>
<text>
<p>Nigeria's drugs squad on Friday said it would take action against maverick musician Fela Anikulapo-Kuti who was arrested on Wednesday with more than 100 of his followers.</p>
<p>Major-General Musa Bamaiyi, who commands the National Drug Law Enforcement Agency (NDLEA), told reporters that action would be taken against the 107 people arrested in the raid on Anikulapo-Kuti's home and club. A large quantity of marijuana was seized in the raid.</p>
<p>Bamaiyi said his squad had tried to give Anikulapo-Kuti counselling for his drug habit.</p>
<p>&quot;After months of experimentation our assessment of the situation is that a drastic disease needs drastic surgery,&quot; he said. He did not say what type of action would be taken.</p>
<p>Afro-beat superstar Anikulapo-Kuti, 58, is no stranger to controversy -- or to the jail cell. He has a reputation for openly smoking marijuana and dressing only in his underpants.</p>
<p>Fela said in remarks broadcast on the independent Channels Television station that he was not responsible for other people smoking. &quot;I have been smoking for 40 years. It helps my music. People know I smoke worldwide. It is not drugs it is grass.&quot;</p>
<p>Some of the girls shown at the NDLEA with Fela denied they were involved with drugs. &quot;I am innocent and I have never smoked grass,&quot; said one on the television, adding &quot;I was only visiting a friend at Shrine. I don't live there.&quot;</p>
<p>Fela was in the past critical of Nigeria's military rulers, but recently he has kept to his home and club known as &quot;The Shrine&quot; in Ikeja, a working class suburb of Lagos.</p>
</text>
<copyright>(c) Reuters Limited 1997</copyright>
<metadata>
<codes class="bip:countries:1.0">
  <code code="NIGEA">
    <editdetail attribution="Reuters BIP Coding Group" action="confirmed" date="1997-04-11"/>
  </code>
</codes>
<codes class="bip:topics:1.0">
  <code code="GCAT">
    <editdetail attribution="Reuters BIP Coding Group" action="confirmed" date="1997-04-11"/>
  </code>
  <code code="GCRIM">
    <editdetail attribution="Reuters BIP Coding Group" action="confirmed" date="1997-04-11"/>
  </code>
  <code code="GENT">
    <editdetail attribution="Reuters BIP Coding Group" action="confirmed" date="1997-04-11"/>
  </code>
  <code code="GPRO">
    <editdetail attribution="Reuters BIP Coding Group" action="confirmed" date="1997-04-11"/>
  </code>
</codes>
<dc element="dc.date.created" value="1997-04-11"/>
<dc element="dc.publisher" value="Reuters Holdings Plc"/>
<dc element="dc.date.published" value="1997-04-11"/>
<dc element="dc.source" value="Reuters"/>
<dc element="dc.creator.location" value="LAGOS"/>
<dc element="dc.creator.location.country.name" value="NIGERIA"/>
<dc element="dc.source" value="Reuters"/>
</metadata>
</newsitem>
