<?xml version="1.0" encoding="iso-8859-1" ?>
<newsitem itemid="502193" id="root" date="1997-04-11" xml:lang="en">
<title>SOUTH AFRICA: S.Africa rand/bonds closing report.</title>
<headline>S.Africa rand/bonds closing report.</headline>
<dateline>JOHANNESBURG 1997-04-11</dateline>
<text>
<p>Renewed U.S. interest rate jitters triggered a sharp fall in U.S. Treasury bond prices which spilled over into the local gilt market and pushed yields to a critical technical juncture late on Friday, dealers said.</p>
<p>At 1400 GMT, the key R150 was pegged at a 15.29 percent yield from 15.22 percent on Thursday after having languished for much of the day between 15.20 and 15.26 percent in exceptionally dull trade.</p>
<p>In early New York trade, the benchmark 30-year Treasury bond kicked up to a 7.18 percent yield from 7.10 percent overnight in the wake of U.S. March PPI and retail sales which dealers said increased the prospect of a Fed tightening in the near future.</p>
<p>While overall U.S. PPI was flat in the month, falling 0.1 percent month-on-month, the market focussed on the core rate which rose 0.4 percent from February.</p>
<p>U.S. retail sales came in below expectations with a 0.2 percent rise. But that came after a sharp upward revision in February and January sales to 1.5 and 1.7 percent respectively from preliminary 0.8 and 1.5 percent increases.</p>
<p>Local traders said the data had renewed fears that the Federal Reserve would hike interest rates by a further 25 basis points at its next Federal Open Market Committee meeting on May 20, duplicating a move by the Fed on March 25.</p>
<p>The selloff on the U.S. market prompted heavy selling shortly after the data's release at 1230 GMT, pushing the R150 to 15.29 percent -- a key technical level.</p>
<p>&quot;15.29 is a double top, which is technically a crucial level. If it breaks we will be in a full blown bear market,&quot; a trader said, adding that the next target on the upside would be the 15.40 area.</p>
<p>But traders said the U.S. market was already looking toppish at the 7.18 percent level and the local market should retrace early next week to around the 15.24 percent level.</p>
<p>&quot;I wouldn't be surprised if we pull back from these levels,&quot; a trader said. &quot;The market seems to want to hold these levels.&quot;  </p>
<p>On the currency market, the rand staged something of a recovery after initially attempting to move back above the 4.46 level on speculative dollar demand out of London.</p>
<p>The rand was last quoted at 4.4530/4560 against the dollar from 4.4580/4610 overnight.</p>
<p>Initially, the speculative buying pushed the rand to its day's weakest level of 4.46 bid, before a local export order to sell dollars, said by dealers to be in the region of $100 million, helped the currency retrace some lost ground.</p>
<p>Dealers said the currency met technical resistance as well as importer demand for dollars below the 4.45 level, which brought it back to its 1400 GMT level.</p>
<p>Next week, dealers said the rand was expected to hold a 4.45 to 4.47 range, although much would depend on the dollar's performance over the weekend.</p>
<p>Against the crosses, the rand was last trading at 28.2963/3506 yen, 0.3868/3874 marks and 7.2321/2447 rand against sterling.</p>
<p>On the money market, three-month deposit rates were quoted unchanged in a 16.60 to 16.65 percent offered range, while the 90-day BA rate was slightly lower at between 15.95 and 16.10 percent from 15.95 to 16.15 percent on Thursday.</p>
<p>The Reserve Bank said the money market shortage rose to 8.780 billion rand on Thursday from 8.161 billion rand on Wednesday.</p>
<p>Bond Exchange figures showed foreigners were net buyers of 199.17 million rand's worth of South African bonds after selling 126.18 million rand's worth on Wednesday.</p>
<p>Nominal cumulative volumes were pegged at 35.91 billion rand on Thursday -- settlement day -- from 5.25 billion rand previously.</p>
<p>-- Paul Richardson, Johannesburg newsroom 27 11 482 1003</p>
</text>
<copyright>(c) Reuters Limited 1997</copyright>
<metadata>
<codes class="bip:countries:1.0">
  <code code="SAFR">
    <editdetail attribution="Reuters BIP Coding Group" action="confirmed" date="1997-04-11"/>
  </code>
</codes>
<codes class="bip:topics:1.0">
  <code code="M12">
    <editdetail attribution="Reuters BIP Coding Group" action="confirmed" date="1997-04-11"/>
  </code>
  <code code="M13">
    <editdetail attribution="Reuters BIP Coding Group" action="confirmed" date="1997-04-11"/>
  </code>
  <code code="M131">
    <editdetail attribution="Reuters BIP Coding Group" action="confirmed" date="1997-04-11"/>
  </code>
  <code code="M132">
    <editdetail attribution="Reuters BIP Coding Group" action="confirmed" date="1997-04-11"/>
  </code>
  <code code="MCAT">
    <editdetail attribution="Reuters BIP Coding Group" action="confirmed" date="1997-04-11"/>
  </code>
</codes>
<dc element="dc.date.created" value="1997-04-11"/>
<dc element="dc.publisher" value="Reuters Holdings Plc"/>
<dc element="dc.date.published" value="1997-04-11"/>
<dc element="dc.source" value="Reuters"/>
<dc element="dc.creator.location" value="JOHANNESBURG"/>
<dc element="dc.creator.location.country.name" value="SOUTH AFRICA"/>
<dc element="dc.source" value="Reuters"/>
</metadata>
</newsitem>
