<?xml version="1.0" encoding="iso-8859-1" ?>
<newsitem itemid="502214" id="root" date="1997-04-11" xml:lang="en">
<title>ANGOLA: Chronology of recent events in war-battered Angola.</title>
<headline>Chronology of recent events in war-battered Angola.</headline>
<dateline>LUANDA 1997-04-11</dateline>
<text>
<p>The Angolan government and its former rebel UNITA foes were scheduled to form a power-sharing government on Friday.</p>
<p>Following is a chronology of key events in Angola's recent history.</p>
<p>1975 - Left-wing revolution in Portugal spells end of Lisbon's African empire. In Angola three main guerrilla groups share power: Jonas Savimbi's National Union for the Total Independence of Angola (UNITA), the Marxist Popular Movement for the Liberation of Angola (MPLA) and the National Liberation Front of Angola (FNLA).</p>
<p>1976 - MPLA crushes FNLA and drives back UNITA.</p>
<p>1979 - MPLA leader Agostinho Neto dies, replaced by Soviet-trained Jose Eduardo dos Santos.</p>
<p>1987 - South African force enters southeast Angola to thwart MPLA and Cuban offensive against UNITA.</p>
<p>1988 - South Africans withdraw.</p>
<p>1989 - At African summit in Zaire dos Santos and Savimbi agree on ceasefire, which collapses in August.</p>
<p>1991</p>
<p>April - MPLA ditches Marxism-Leninism for social democracy and starts preparing for general elections.</p>
<p>May - Dos Santos, Savimbi sign peace accord in Lisbon.</p>
<p>1992</p>
<p>Sept - Angolans vote in first multiparty U.N.-monitored polls for president and 223-seat national assembly.</p>
<p>Oct - UNITA withdraws from the newly unified armed forces accusing government of election fraud. MPLA wins 53.7 percent and UNITA 34.1 percent of national assembly vote. Dos Santos takes 49.57 percent and Savimbi 40.07 percent of presidential vote, forcing second round. U.N. certifies poll as generally free and fair.</p>
<p>Oct-Nov - Fighting flares, more than 300 people killed in Luanda as UNITA refuses to accept election results.</p>
<p>1993 - U.N.-arranged peace talks open in Lusaka, Zambia.</p>
<p>1994</p>
<p>Nov - Angolan government and UNITA sign Lusaka Protocol peace accord.</p>
<p>1995</p>
<p>Feb - U.N. announces deployment of 7,000 peacekeepers.</p>
<p>May - Dos Santos and Savimbi hold peace summit in Lusaka, reiterate commitment to peace accord.</p>
<p>Sept - First peacekeepers arrive.</p>
<p>1996</p>
<p>March - Savimbi, dos Santos agree to form unity government and to merge forces into a new national army by July.</p>
<p>1997</p>
<p>March 22 - Savimbi announces he will be head of the largest opposition party, and not take a unity government post.</p>
<p>April 11 - Formation of new government of national unity, but Savimbi declines to attend inauguation ceremony in Luanda.</p>
</text>
<copyright>(c) Reuters Limited 1997</copyright>
<metadata>
<codes class="bip:countries:1.0">
  <code code="ANGOL">
    <editdetail attribution="Reuters BIP Coding Group" action="confirmed" date="1997-04-11"/>
  </code>
</codes>
<codes class="bip:topics:1.0">
  <code code="GCAT">
    <editdetail attribution="Reuters BIP Coding Group" action="confirmed" date="1997-04-11"/>
  </code>
  <code code="GPOL">
    <editdetail attribution="Reuters BIP Coding Group" action="confirmed" date="1997-04-11"/>
  </code>
  <code code="GVIO">
    <editdetail attribution="Reuters BIP Coding Group" action="confirmed" date="1997-04-11"/>
  </code>
</codes>
<dc element="dc.date.created" value="1997-04-11"/>
<dc element="dc.publisher" value="Reuters Holdings Plc"/>
<dc element="dc.date.published" value="1997-04-11"/>
<dc element="dc.source" value="Reuters"/>
<dc element="dc.creator.location" value="LUANDA"/>
<dc element="dc.creator.location.country.name" value="ANGOLA"/>
<dc element="dc.source" value="Reuters"/>
</metadata>
</newsitem>
