<?xml version="1.0" encoding="iso-8859-1" ?>
<newsitem itemid="502220" id="root" date="1997-04-11" xml:lang="en">
<title>SOUTH AFRICA: S.African average T-Bill rate 15.79 pct.</title>
<headline>S.African average T-Bill rate 15.79 pct.</headline>
<dateline>PRETORIA 1997-04-11</dateline>
<text>
<p>The average discount rate for South African three-month Treasury Bills rose to 15.79 percent at the latest weekly tender after dipping to 15.78 percent last week, the Reserve Bank said.</p>
<p>Applications for the 700 million rand of bills on offer totalled 1.56 billion rand. The average price was 96.065 rand percent.</p>
<p>The average rate for six-month bills was 15.27 percent from 15.18 percent. Applications for the 200 million rand of bills on offer totalled 695 million rand. The average price was 92.385 rand percent.</p>
</text>
<copyright>(c) Reuters Limited 1997</copyright>
<metadata>
<codes class="bip:countries:1.0">
  <code code="SAFR">
    <editdetail attribution="Reuters BIP Coding Group" action="confirmed" date="1997-04-11"/>
  </code>
</codes>
<codes class="bip:topics:1.0">
  <code code="M13">
    <editdetail attribution="Reuters BIP Coding Group" action="confirmed" date="1997-04-11"/>
  </code>
  <code code="M131">
    <editdetail attribution="Reuters BIP Coding Group" action="confirmed" date="1997-04-11"/>
  </code>
  <code code="MCAT">
    <editdetail attribution="Reuters BIP Coding Group" action="confirmed" date="1997-04-11"/>
  </code>
</codes>
<dc element="dc.date.created" value="1997-04-11"/>
<dc element="dc.publisher" value="Reuters Holdings Plc"/>
<dc element="dc.date.published" value="1997-04-11"/>
<dc element="dc.source" value="Reuters"/>
<dc element="dc.creator.location" value="PRETORIA"/>
<dc element="dc.creator.location.country.name" value="SOUTH AFRICA"/>
<dc element="dc.source" value="Reuters"/>
</metadata>
</newsitem>
