<?xml version="1.0" encoding="iso-8859-1" ?>
<newsitem itemid="502255" id="root" date="1997-04-11" xml:lang="en">
<title>BULGARIA: PRESS DIGEST - Bulgaria - April 11.</title>
<headline>PRESS DIGEST - Bulgaria - April 11.</headline>
<text>
<p>These are some of the main stories in Sofia newspapers today. Reuters has not verified these stories and does not vouch for their accuracy.</p>
<p>STANDART</p>
<p>-- The International Monetary Fund (IMF) board is expected to approve today a $659 million reform and funding agreement with Bulgaria, Bulgaria's President Petar Stoyanov said.</p>
<p>-- Bulgaria's Interim Prime Minister Stefan Sofianski postponed a visit to Moscow to sign a bilateral gas agreement at the request of the Russia's government, Bulgarian cabinet press centre said. Sofianski was initially expected to leave for Moscow today.</p>
<p>24 CHASA</p>
<p>-- Bulgaria's monthly consumer price inflation fell to 12.3 percent in March from 242.7 in February due to the rise of the national currency, the lev, on the local forex market, the National Statistics Institute said.</p>
<p>-- If the IMF board approves the reform and funding agreement, Bulgaria can receive $175 million as early as next week, Interim Prime Minister Stefan Sofianski said.</p>
<p>KONTINENT</p>
<p>-- Bulgaria's United Democratic Forces (UDF), favoured to win the April 19 general elections support the reform policies of the caretaker government and will continue them once in power, UDF leader Ivan Kostov said.</p>
<p>-- Bulgaria's Privatisation Agancy said it has sold 78 percent of Vinprom wine factory in Rousse for $7.7 million to Dunav-vino, a joint stock company in which the majority stake is held by an Irish firm.</p>
<p>TROUD</p>
<p>-- The Sofia City Court declared the private Trade and Savings Bank insolvent at the request of the Bulgarian National Bank.</p>
<p>-- Bulgaria's United Monarchists, a formation of 15 monarchist parties and organisations, said it would support the main anti-communist United Democratic Forces at the upcoming general elections.</p>
<p>DUMA</p>
<p>-- Bulgaria's Prosecutor General ordered the arrests of three former directors of bankrupt Mineralbank and set bail for three others on suspicion of abusing their positions and illegally extending credits to firms and individuals between 1992 and 1996.</p>
<p>DEMOCRATSIA</p>
<p>-- Bulgaria is expected to lift exports bans on farm products by the July 1 under pledges for trade liberalisation made to international lenders, the cabinet decided.</p>
<p>PARI</p>
<p>-- The European Commission said it has dropped any idea of extending 100,000 tonnes of wheat to Bulgaria as food aid because the country could pay for the grain now that foreign funding has been pledged to it.</p>
<p>-- Sofia Newsroom, (++359-2) 91188</p>
</text>
<copyright>(c) Reuters Limited 1997</copyright>
<metadata>
<codes class="bip:countries:1.0">
  <code code="BUL">
    <editdetail attribution="Reuters BIP Coding Group" action="confirmed" date="1997-04-11"/>
  </code>
</codes>
<codes class="bip:topics:1.0">
  <code code="GCAT">
    <editdetail attribution="Reuters BIP Coding Group" action="confirmed" date="1997-04-11"/>
  </code>
</codes>
<dc element="dc.publisher" value="Reuters Holdings Plc"/>
<dc element="dc.date.published" value="1997-04-11"/>
<dc element="dc.source" value="Reuters"/>
<dc element="dc.creator.location.country.name" value="BULGARIA"/>
<dc element="dc.source" value="Reuters"/>
</metadata>
</newsitem>
