<?xml version="1.0" encoding="iso-8859-1" ?>
<newsitem itemid="502281" id="root" date="1997-04-11" xml:lang="en">
<title>CROATIA: Croatian Serbs want international protection.</title>
<headline>Croatian Serbs want international protection.</headline>
<byline>Jovan Kovacic</byline>
<dateline>VUKOVAR, Croatia 1997-04-11</dateline>
<text>
<p>Exhausted by war, wary of their leaders and unwanted in Serbia, Serbs in eastern Slavonia are still undecided whether to stay or flee but many pin their hopes on the international community to protect them once the enclave reverts to Croatian control.</p>
<p>&quot;I have no option but to stay here, wait and pray that the returning Croats will not be vengeful and that the international community will keep its promise and protect us,&quot; Ljubica Skodro, a five-time refugee, told Reuters.</p>
<p>She queued along with some 50 other Serbs from all over Croatia for Croatian papers which will enable her to cast her ballot on Sunday in local elections for the first time since war broke out in the former Yugoslav republic six years ago.</p>
<p>Serbs in Eastern Slavonia rebelled against Croatia's independence from federal Yugoslavia in 1991 and carved out their own state, loosely linked with two other rebel enclaves.</p>
<p>But Zagreb recaptured the other two and agreed to peaceful reintegration of Eastern Slavonia, now monitored by some 5,000 U.N. peacekeepers (UNTAES), whose mandate expires on July 15.</p>
<p>Zagreb has pledged significant minority rights to Eastern Slavonia's Serbs and slashed an inflated list of Serb war crimes suspects down to 150 names to help satisfy Western conditions for urgent reconstruction aid.</p>
<p>Many Serbs, while signing up for Croatian citizenship papers qualifying them to vote, remain sceptical of Croatian conciliatory gestures made under immense pressure by the West, bearing in mind reports of persistent local persecution of Serbs who remained in areas reconquered in 1995.</p>
<p>True or not, these rumours and allegations have become facts in the minds of the scared refugees and local population who fear the wrath of returning Croats.</p>
<p>UNTAES believes that up to 25,000 might flee but the rest would stay. Some 60,000 Serbs have already obtained Croatian citizenship papers.</p>
<p>Almost half the estimated 120,000 Serbs in Eastern Slavonia are refugees. They will have to cede housing to returning Croat owners but face grave obstacles going back to homes in western Croatia destroyed or now occupied by Croats.</p>
<p>&quot;They are virtually boxed in. They can't return to their homes in Croatia and can't flee any more. Serbia, the only avenue of escape, will not have them,&quot; a senior UNTAES official told Reuters.</p>
<p>International aid organisations describe the refugee situation in Yugoslavia, already saddled by 600,000 refugees, as disastrous due to its moribund economy and international donors' fatigue.</p>
<p>Those who said they would stay saw their chance of resuming normal lives in the reconstruction of the battered region with Western aid.</p>
<p>Skodro found comfort in Croatian President Franjo Tudjman's conciliatory statement on Thursday calling on the Serbs to vote and become equal citizens of Croatia with guaranteed rights.</p>
<p>&quot;After so much hatred I find these words unbelievable. But I want to believe him, I want to draw comfort in that,&quot; she said. Her sentiment was echoed by most of the crowd.</p>
<p>Local Serb leaders, having prevailed over the hardliners with the help of their former patron Serbian President Slobodan Milosevic, are urging the people to obtain Croatian citizenship papers, which would qualify them for the first post-war voting in the enclave simultaneously with local polls in Croatia.</p>
<p>&quot;We call on the residents to get their documents until Saturday ... so we can gain an absolute majority in the cities and municipalities,&quot; Vojislav Stanimirovic, the new moderate leader, said.</p>
<p>But his efforts to pacify the restive population were disrupted by some diehards who fought until the last moment to disrupt the Sunday ballot. The regional Serb assembly, a relic of the old rebel administration with no real power, decided on Friday that the Serbs should vote.</p>
<p>&quot;We still have to tell the people where the polling stations are and there are only two days to go,&quot; a reporter from radio Vukovar said. &quot;We are going to play the public address system the whole day,&quot; she said.</p>
</text>
<copyright>(c) Reuters Limited 1997</copyright>
<metadata>
<codes class="bip:countries:1.0">
  <code code="CRTIA">
    <editdetail attribution="Reuters BIP Coding Group" action="confirmed" date="1997-04-11"/>
  </code>
  <code code="YUG">
    <editdetail attribution="Reuters BIP Coding Group" action="confirmed" date="1997-04-11"/>
  </code>
</codes>
<codes class="bip:topics:1.0">
  <code code="GCAT">
    <editdetail attribution="Reuters BIP Coding Group" action="confirmed" date="1997-04-11"/>
  </code>
  <code code="GDIP">
    <editdetail attribution="Reuters BIP Coding Group" action="confirmed" date="1997-04-11"/>
  </code>
  <code code="GPOL">
    <editdetail attribution="Reuters BIP Coding Group" action="confirmed" date="1997-04-11"/>
  </code>
  <code code="GVIO">
    <editdetail attribution="Reuters BIP Coding Group" action="confirmed" date="1997-04-11"/>
  </code>
</codes>
<dc element="dc.date.created" value="1997-04-11"/>
<dc element="dc.publisher" value="Reuters Holdings Plc"/>
<dc element="dc.date.published" value="1997-04-11"/>
<dc element="dc.source" value="Reuters"/>
<dc element="dc.creator.location" value="VUKOVAR, Croatia"/>
<dc element="dc.creator.location.country.name" value="CROATIA"/>
<dc element="dc.source" value="Reuters"/>
</metadata>
</newsitem>
