<?xml version="1.0" encoding="iso-8859-1" ?>
<newsitem itemid="502279" id="root" date="1997-04-11" xml:lang="en">
<title>POLAND: Poland picks JP Morgan to lead manage dollar bond.</title>
<headline>Poland picks JP Morgan to lead manage dollar bond.</headline>
<dateline>WARSAW 1997-04-11</dateline>
<text>
<p>Poland appointed JP Morgan to manage its planned dollar-denominated international bond issue in 1997, the Finance Ministry said in a statement on Friday.</p>
<p>&quot;After a detailed review of final offers the (selection) commission decided to entrust JP Morgan bank with the task of preparing the issue and leading the issue consortium,&quot; the ministry said.  </p>
<p>The ministry statement did not give details such as timing or size, and ministry officials were not immediately available for comment.</p>
<p>Poland previously said it planned either a yankee bond or a samurai bond or both this year to establish its presence in other markets after succesful issues of dollar and mark eurobonds in 1995 and 1996.</p>
<p>Ministry officials have said the first issue was planned for mid-year, possibly in July.</p>
<p>The government is authorised to issue up to $500 million worth of international bonds this year.  </p>
<p>The statement said six investment banks were invited to bid for the lead manager role apart from JP Morgan.</p>
<p>The ministry said the commission took into account the bidders' experience in arranging similar issues, proposed pricing, costs, placement strategy, the make-up of the offering team and the scope of their past cooperation with Poland. @</p>
<p>JP Morgan led Poland's $250 million eurobond in 1995 when the country returned to international financial markets after clinching a crucial debt restructuring deal with its commercial bank creditors.</p>
<p>Poland's sovereign debt now has a BBB-minus Standard &amp; Poor's rating, a Baa3 from Moody's and BBB from IBCA.</p>
<p>-- Warsaw Newsroom +48 22 653 9700</p>
</text>
<copyright>(c) Reuters Limited 1997</copyright>
<metadata>
<codes class="bip:countries:1.0">
  <code code="POL">
    <editdetail attribution="Reuters BIP Coding Group" action="confirmed" date="1997-04-11"/>
  </code>
</codes>
<codes class="bip:industries:1.0">
  <code code="I83100">
    <editdetail attribution="Reuters BIP Coding Group" action="confirmed" date="1997-04-11"/>
  </code>
</codes>
<codes class="bip:topics:1.0">
  <code code="C33">
    <editdetail attribution="Reuters BIP Coding Group" action="confirmed" date="1997-04-11"/>
  </code>
  <code code="CCAT">
    <editdetail attribution="Reuters BIP Coding Group" action="confirmed" date="1997-04-11"/>
  </code>
  <code code="E21">
    <editdetail attribution="Reuters BIP Coding Group" action="confirmed" date="1997-04-11"/>
  </code>
  <code code="E212">
    <editdetail attribution="Reuters BIP Coding Group" action="confirmed" date="1997-04-11"/>
  </code>
  <code code="ECAT">
    <editdetail attribution="Reuters BIP Coding Group" action="confirmed" date="1997-04-11"/>
  </code>
</codes>
<dc element="dc.date.created" value="1997-04-11"/>
<dc element="dc.publisher" value="Reuters Holdings Plc"/>
<dc element="dc.date.published" value="1997-04-11"/>
<dc element="dc.source" value="Reuters"/>
<dc element="dc.creator.location" value="WARSAW"/>
<dc element="dc.creator.location.country.name" value="POLAND"/>
<dc element="dc.source" value="Reuters"/>
</metadata>
</newsitem>
