<?xml version="1.0" encoding="iso-8859-1" ?>
<newsitem itemid="502271" id="root" date="1997-04-11" xml:lang="en">
<title>RUSSIA: Yeltsin sacks generals, courts Iran.</title>
<headline>Yeltsin sacks generals, courts Iran.</headline>
<byline>Oleg Shchedrov</byline>
<dateline>MOSCOW 1997-04-11</dateline>
<text>
<p>President Boris Yeltsin sacked four senior generals on Friday in a move which could signal the start of a new crusade against corruption among Russian officials.</p>
<p>The Kremlin leader also took a decisive, if controversial line in foreign policy, joining his conservative foes in courting a visiting Iranian parliamentary chief despite a German judicial ruling that Tehran was behind state terrorism.</p>
<p>A presidential spokesman said Yeltsin, who declared war on graft as part of a new policy push this week, had dismissed Land Forces Commander General Vladimir Semyonov, and his deputy in charge of training, Colonel General Anton Terentyev.</p>
<p>The spokesman said Admiral Igor Khmelnov, chief of the navy's general staff and Vice Admiral Vyacheslav Kharnikov, First Deputy Commander of the Northern Fleet, had also been sacked.</p>
<p>He gave no reason for the sackings, but both Interfax and Itar-tass news agencies quoted sources as saying all four had been accused of &quot;abuse of their official positions&quot;.</p>
<p>Semyonov was suspended in November after accusations of committing &quot;actions incompatible with his post&quot;.</p>
<p>He has said he plans to sue Defence Minister Igor Rodionov who, he said, was behind his dismissal. Neither he, nor the other sacked generals were immediately available for comment.</p>
<p>The dismissals came a day after Yeltsin, trying to combat a policy drift which set in while he struggled with months of illness until early this year, launched a campaign against widespread graft, calling it a threat to the nation.</p>
<p>&quot;Corruption is one of the main reasons that the authority of the Russian state is low today,&quot; Yeltsin said in a radio address on Thursday. &quot;This is preventing us from bringing order to the country and threatening the very security of Russia.</p>
<p>&quot;But I am determined, I have the political will and I have your backing in this fight,&quot; he added.</p>
<p>Top Russian officials have acknowledged that the web of bribery has penetrated every corner of life in the country and even reached the highest levels of government.</p>
<p>But many earlier attempts to fight the evil, some of them initiated by Yeltsin, have brought no significant results.</p>
<p>In a bid to show a firm hand in foreign as well as domestic policy, Yeltsin met the head of Iranian parliament, Ali Akbar Nateq-Nouri, and praised Russia's relations with Iran as Western nations distanced themselves from Tehran.</p>
<p>Germany expelled four Iranian diplomats on Thursday after a Berlin court announced its conclusion that Iran had ordered the 1992 murders of Kurdish activists in Berlin.</p>
<p>The European Union suggested after the verdict that member states recall their ambassadors from Iran &quot;for consultations&quot;.</p>
<p>&quot;We have good, positive co-operation with Iran, which shows a tendency to grow,&quot; Yeltsin told Nateq-Nouri in remarks sharply contrasting with the mood in Europe and the United States.</p>
<p>Russia has been seeking to diversify its foreign policy partners at a time when Western Europe is ignoring Moscow's protests and going ahead with plans to expand the NATO alliance into Eastern Europe.</p>
<p>The chairman of the State Duma (lower house), communist Gennady Seleznyov, told a joint news conference with Nateq-Nouri that the chamber did not differ with Yeltsin and his government on foreign policy, although they disagree on many other issues.</p>
<p>The Duma has no say in shaping Russia's foreign policy.</p>
<p>Seleznyov also issued veiled criticism of the German court verdict on Iran. &quot;One can take a person to court for a crime he has committed but there is no court in the world which has the authority to carry out a sentence on a whole nation,&quot; he said.</p>
</text>
<copyright>(c) Reuters Limited 1997</copyright>
<metadata>
<codes class="bip:countries:1.0">
  <code code="GFR">
    <editdetail attribution="Reuters BIP Coding Group" action="confirmed" date="1997-04-11"/>
  </code>
  <code code="IRAN">
    <editdetail attribution="Reuters BIP Coding Group" action="confirmed" date="1997-04-11"/>
  </code>
  <code code="RUSS">
    <editdetail attribution="Reuters BIP Coding Group" action="confirmed" date="1997-04-11"/>
  </code>
</codes>
<codes class="bip:topics:1.0">
  <code code="GCAT">
    <editdetail attribution="Reuters BIP Coding Group" action="confirmed" date="1997-04-11"/>
  </code>
  <code code="GDEF">
    <editdetail attribution="Reuters BIP Coding Group" action="confirmed" date="1997-04-11"/>
  </code>
  <code code="GDIP">
    <editdetail attribution="Reuters BIP Coding Group" action="confirmed" date="1997-04-11"/>
  </code>
  <code code="GPOL">
    <editdetail attribution="Reuters BIP Coding Group" action="confirmed" date="1997-04-11"/>
  </code>
</codes>
<dc element="dc.date.created" value="1997-04-11"/>
<dc element="dc.publisher" value="Reuters Holdings Plc"/>
<dc element="dc.date.published" value="1997-04-11"/>
<dc element="dc.source" value="Reuters"/>
<dc element="dc.creator.location" value="MOSCOW"/>
<dc element="dc.creator.location.country.name" value="RUSSIA"/>
<dc element="dc.source" value="Reuters"/>
</metadata>
</newsitem>
