<?xml version="1.0" encoding="iso-8859-1" ?>
<newsitem itemid="502290" id="root" date="1997-04-11" xml:lang="en">
<title>CZECH REPUBLIC: Direct equity trades on the Czech PSE - April 11.</title>
<headline>Direct equity trades on the Czech PSE - April 11.</headline>
<dateline>PRAGUE 1997-04-11</dateline>
<text>
<p>The following is a list of direct equity trades made on the Prague Stock Exchange:</p>
<p> ISSUE		    Min. Price  Max.Price  Volume   Turnover</p>
<p>				   CZK	  CZK   (shares)(CZK 000's)</p>
<p> BANKA HANA KOMB/98	 99.76    100.00     34500  343439.407</p>
<p> BRNO 11,1/03		 99.70     99.70	 100   10028.583</p>
<p> CEZ 10,90/01		 99.30     99.45	3000   32435.090</p>
<p> CEZ 11,0625/08	    100.55    100.55	1000   10936.930</p>
<p> CEZ 11,3/05		 100.40    100.75     11000  121428.660</p>
<p> CEZ 14 3/8 /01	    102.70    102.80	4000   42361.800</p>
<p> CSOB 11,00/00		99.90    100.25	5000   54668.900</p>
<p> CSOB 11,125/97	     99.50     99.50	 500   10660.760</p>
<p> IPB 11,125/98		98.75     98.90	5000   50862.450</p>
<p> IPB VAR/01		   98.59    100.00    109200 1125846.504</p>
<p> JME 10,8/01		  98.69     98.70	 200   21635.000</p>
<p> KB 11,1/98		   99.71     99.71	 200    2173.034</p>
<p> KB 11,4/01		  100.03    101.10     28280  302110.488</p>
<p> KB 2 VAR/99		 100.00    100.00	 355    3729.807</p>
<p> KB VAR/02		    99.90    100.05     12000  122505.400</p>
<p> KB VAR/97		   100.10    100.10	2000   20142.260</p>
<p> KB VAR/98		   101.27    101.40	 235    2366.813</p>
<p> SPT TELCOM 12,5/99	101.47    101.47	 300    3331.599</p>
<p> ST.DLUHOP.10,55/02	 99.40     99.50	5000   50635.454</p>
<p> ST.DLUHOP.11,4/98	 102.09    102.50	1150   12331.395</p>
<p> ST.DLUHOP.8,55/97	  99.75     99.75	 200    2146.526</p>
<p> ST.DLUHOP.9,45/01	 100.30    100.30	 402    4095.375</p>
<p> ZETOR 10 7/8 /00	   99.20     99.20	1000   10297.600</p>
<p>-- Prague Newsroom, 420-2-2423-0003</p>
</text>
<copyright>(c) Reuters Limited 1997</copyright>
<metadata>
<codes class="bip:countries:1.0">
  <code code="CZREP">
    <editdetail attribution="Reuters BIP Coding Group" action="confirmed" date="1997-04-11"/>
  </code>
</codes>
<codes class="bip:topics:1.0">
  <code code="M11">
    <editdetail attribution="Reuters BIP Coding Group" action="confirmed" date="1997-04-11"/>
  </code>
  <code code="MCAT">
    <editdetail attribution="Reuters BIP Coding Group" action="confirmed" date="1997-04-11"/>
  </code>
</codes>
<dc element="dc.date.created" value="1997-04-11"/>
<dc element="dc.publisher" value="Reuters Holdings Plc"/>
<dc element="dc.date.published" value="1997-04-11"/>
<dc element="dc.source" value="Reuters"/>
<dc element="dc.creator.location" value="PRAGUE"/>
<dc element="dc.creator.location.country.name" value="CZECH REPUBLIC"/>
<dc element="dc.source" value="Reuters"/>
</metadata>
</newsitem>
