<?xml version="1.0" encoding="iso-8859-1" ?>
<newsitem itemid="502312" id="root" date="1997-04-11" xml:lang="en">
<title>CZECH REPUBLIC: Czech central bank move to boost markets-analysts.</title>
<headline>Czech central bank move to boost markets-analysts.</headline>
<byline>Alan Crosby</byline>
<dateline>PRAGUE 1997-04-11</dateline>
<text>
<p>A reduction by the Czech central bank in its minimum reserve requirements for banks fell short of an expected interest rate cut, but should still lift bond and money markets, analysts said on Friday.</p>
<p>The Czech National Bank (CNB) on Thursday cut the level of compulsory deposits which banks must hold with the central bank to 9.5 from 11.5 percent, effective May 8. But it failed to trim offical interest rates.</p>
<p>Bond and money markets posted gains on Friday, with some analysts predicting the move could add up to 20 billion crowns ($670 million) in extra liquidity to those sectors.</p>
<p>&quot;(This) will be placed primarily in the money and bond markets. Short-term yields have already begun to decline and the long-end of the market should follow,&quot; said Jack Schrantz of Raiffeisen Capital and Investment in Prague.</p>
<p>Demand was also underpinned by investors asset-swapping.</p>
<p>&quot;There's an arbitrage opportunity developing between taking fixed income items in the Czech Republic and swapping them out into hard currency,&quot; said Matt Starr at Creditanstalt in Prague.</p>
<p>The CNB raised the minimum reserve requirement and put up interest rates last year as part of measures aimed at tackling stubbornly high inflation by slowing money supply growth. But it has come under heavy political pressure lately to ease off as the economy has slowed down.</p>
<p>Dealers said that while there was no rate cut on Thursday, the central bank might still act next week, in tandem with the government, which will announce a series of measures to spur the economy on April 16.</p>
<p>&quot;The market is building in a possible interest rate cut, which could come...as part of measures the government is preparing to help the trade deficit,&quot; said one London trader.</p>
<p>Senior government officials have blamed the central bank's tight monetary policy for the economic slowdown and many foreign exchange dealers are sure the CNB will cut rates soon. The official discount rate is 10.50 percent.</p>
<p>The Czech economy has enjoyed several years of demand-led growth, but cracks have begun to appear with industrial output failing to keep pace with wages, and even contracting recently.</p>
<p>Czech equities, slow to react to most market news, edged up at the Prague Stock Exchange's daily price fixing, with banking shares leading the way.</p>
<p>&quot;The news of a lowering of the reserve requirement could spark a rally in banking stocks, which would be a good time to take profits,&quot; said Schrantz.</p>
<p>Radek Vavra, head of Citicorp Securities in Prague, said he too expected banking stocks to rise, though the effects may be delayed. &quot;If there's going to be an impact, it'll be long-term -- six months down the road.&quot;</p>
<p>The crown held steady most of the day after an early dip against its dollar/mark basket. The CNB fixed the crown at 29.790 to the dollar and at 17.315 to the mark versus 29.621 and 17.262 on Thursday. ($ = 29.79 Czech Crowns)</p>
</text>
<copyright>(c) Reuters Limited 1997</copyright>
<metadata>
<codes class="bip:countries:1.0">
  <code code="CZREP">
    <editdetail attribution="Reuters BIP Coding Group" action="confirmed" date="1997-04-11"/>
  </code>
</codes>
<codes class="bip:topics:1.0">
  <code code="E12">
    <editdetail attribution="Reuters BIP Coding Group" action="confirmed" date="1997-04-11"/>
  </code>
  <code code="ECAT">
    <editdetail attribution="Reuters BIP Coding Group" action="confirmed" date="1997-04-11"/>
  </code>
</codes>
<dc element="dc.date.created" value="1997-04-11"/>
<dc element="dc.publisher" value="Reuters Holdings Plc"/>
<dc element="dc.date.published" value="1997-04-11"/>
<dc element="dc.source" value="Reuters"/>
<dc element="dc.creator.location" value="PRAGUE"/>
<dc element="dc.creator.location.country.name" value="CZECH REPUBLIC"/>
<dc element="dc.source" value="Reuters"/>
</metadata>
</newsitem>
