<?xml version="1.0" encoding="iso-8859-1" ?>
<newsitem itemid="502303" id="root" date="1997-04-11" xml:lang="en">
<title>POLAND: GM denies Corsa assembly plans in Poland.</title>
<headline>GM denies Corsa assembly plans in Poland.</headline>
<dateline>WARSAW 1997-04-11</dateline>
<text>
<p>A Polish unit of General Motors denied newspaper reports on Friday that it plans to assemble the company's Opel Corsa subcompact car at its Warsaw-based Zeran plant.</p>
<p>The unit's spokesman Zbigniew Lazar said journalists had misinterpreted a statement by the head of GM-Poland, Scott Mackie, at a news conference on Thursday.</p>
<p>&quot;There are no plans to assemble Corsa at Zeran,&quot; Lazar said.</p>
<p>He added that the assembly of the popular Corsa at a planned factory in southern Poland of GM's German subsidiary Adam Opel AG was also unlikely.</p>
<p>But Lazar said the Warsaw plant was considering starting a second shift to boost production of the Astra model it now assembles.</p>
<p>-- Warsaw Newsroom +48 22 653 9700</p>
</text>
<copyright>(c) Reuters Limited 1997</copyright>
<metadata>
<codes class="bip:countries:1.0">
  <code code="POL">
    <editdetail attribution="Reuters BIP Coding Group" action="confirmed" date="1997-04-11"/>
  </code>
</codes>
<codes class="bip:industries:1.0">
  <code code="I35101">
    <editdetail attribution="Reuters BIP Coding Group" action="confirmed" date="1997-04-11"/>
  </code>
</codes>
<codes class="bip:topics:1.0">
  <code code="C21">
    <editdetail attribution="Reuters BIP Coding Group" action="confirmed" date="1997-04-11"/>
  </code>
  <code code="C24">
    <editdetail attribution="Reuters BIP Coding Group" action="confirmed" date="1997-04-11"/>
  </code>
  <code code="CCAT">
    <editdetail attribution="Reuters BIP Coding Group" action="confirmed" date="1997-04-11"/>
  </code>
</codes>
<dc element="dc.date.created" value="1997-04-11"/>
<dc element="dc.publisher" value="Reuters Holdings Plc"/>
<dc element="dc.date.published" value="1997-04-11"/>
<dc element="dc.source" value="Reuters"/>
<dc element="dc.creator.location" value="WARSAW"/>
<dc element="dc.creator.location.country.name" value="POLAND"/>
<dc element="dc.source" value="Reuters"/>
</metadata>
</newsitem>
