<?xml version="1.0" encoding="iso-8859-1" ?>
<newsitem itemid="502341" id="root" date="1997-04-11" xml:lang="en">
<title>CROATIA: Croats see currency movements aiding tourism.</title>
<headline>Croats see currency movements aiding tourism.</headline>
<dateline>ZAGREB 1997-04-11</dateline>
<text>
<p>Croatian hoteliers hope for a boost in trade this year from foreign tourists because of the stronger Italian lira and weaker German mark, according to Croatian monthly business magazine Banka.</p>
<p>Foreign visitors are seen as vital to better tourism earnings, as many Croats go to their own cottages and spend only marginally more on holiday than they would at home.</p>
<p>This coming season is expected to mark the full return of Croatia to the maps of tour operators after its flagship trade languished because of conflicts in former Yugoslavia.</p>
<p>Leading operators put Croatian destinations in their brochures again this year after leaving them out since the 1991 outbreak of war in former Yugoslavia.</p>
<p>Among them are British Thompson and Germany's TUI and Neckermann that together control a half of the European travel market, Banka said.</p>
<p>If predictions about a return of foreigners come true, it may be a chance for some hoteliers particularly on the southern Dalmatian coast to recover from earlier losses.</p>
<p>They have invested heavily in refurbishing hotel rooms, camps and other facilities in preparation for it.</p>
<p>A recent decline of the mark against the dollar has made distant travel too expensive for Germans, making them opt for closer destinations instead, Banka said.</p>
<p>Judging by the bookings, they have seen the advantage of Croatia over its Adriatic neighbour Italy because of the firming lira, it quoted Franko Palma, director of hotel firm Riviera from Porec on the Istrian peninsula, as saying.</p>
<p>On the other hand, the lira's strength should in turn spur more business from Italians, said another hotelier.</p>
<p>Germans and Italians are reportedly the best spenders of all tourists, who also include Austrians, Britons and Dutch.</p>
<p>But hoteliers are also looking to Slovenes and tourists from the former Eastern bloc countries to help occupancy up in early and late summer.</p>
<p>Tourism Minister Niko Bulic forecast this year's earnings at between 13 and 14 billion kuna ($2.1-$2.3 billion) after a projected rise of 30-40 percent from 1996 -- the first year of recovery after trade slumped during the 1991-95 Balkan war.</p>
<p>He estimated total overnights at over 26.5 million, topping last year's by 20 percent.</p>
</text>
<copyright>(c) Reuters Limited 1997</copyright>
<metadata>
<codes class="bip:countries:1.0">
  <code code="CRTIA">
    <editdetail attribution="Reuters BIP Coding Group" action="confirmed" date="1997-04-11"/>
  </code>
  <code code="GFR">
    <editdetail attribution="Reuters BIP Coding Group" action="confirmed" date="1997-04-11"/>
  </code>
</codes>
<codes class="bip:topics:1.0">
  <code code="E51">
    <editdetail attribution="Reuters BIP Coding Group" action="confirmed" date="1997-04-11"/>
  </code>
  <code code="E511">
    <editdetail attribution="Reuters BIP Coding Group" action="confirmed" date="1997-04-11"/>
  </code>
  <code code="E512">
    <editdetail attribution="Reuters BIP Coding Group" action="confirmed" date="1997-04-11"/>
  </code>
  <code code="ECAT">
    <editdetail attribution="Reuters BIP Coding Group" action="confirmed" date="1997-04-11"/>
  </code>
  <code code="GCAT">
    <editdetail attribution="Reuters BIP Coding Group" action="confirmed" date="1997-04-11"/>
  </code>
  <code code="GTOUR">
    <editdetail attribution="Reuters BIP Coding Group" action="confirmed" date="1997-04-11"/>
  </code>
</codes>
<dc element="dc.date.created" value="1997-04-11"/>
<dc element="dc.publisher" value="Reuters Holdings Plc"/>
<dc element="dc.date.published" value="1997-04-11"/>
<dc element="dc.source" value="Reuters"/>
<dc element="dc.creator.location" value="ZAGREB"/>
<dc element="dc.creator.location.country.name" value="CROATIA"/>
<dc element="dc.source" value="Reuters"/>
</metadata>
</newsitem>
