<?xml version="1.0" encoding="iso-8859-1" ?>
<newsitem itemid="502376" id="root" date="1997-04-11" xml:lang="en">
<title>SLOVENIA: Probanka 96 net profit jumps 56 pct.</title>
<headline>Probanka 96 net profit jumps 56 pct.</headline>
<dateline>LJUBLJANA 1997-04-11</dateline>
<text>
<p>Slovenian bank Probanka said on Friday provisional 1996 net profit surged 56 percent to 340 million tolars ($2.17 million), adding it expected to turn in a profit of 500 million tolars in 1997.</p>
<p>&quot;Our profit was boosted by a very good performance and rise in almost all areas of our business, especially by expansion to Ljubljana and increase of cross-border transactions,&quot; Janez Senica, deputy chief executive of Probanka, told Reuters.</p>
<p>Balance sheet assets rose to to 22.3 billion tolars in 1996 from 17.9 billion in 1995.</p>
<p>The bank said its market share in 1996 rose to 1.29 percent from 1.25 and added it planned to increase it to about 1.33 percent this year.</p>
<p>Probanka said this year's dividend would most probably be higher than the 1,000 tolars per share paid last year, but said the exact figure had not yet been determined. -- Novica Mihajlovic, Ljubljana newsroom, 386-61-125-8439</p>
</text>
<copyright>(c) Reuters Limited 1997</copyright>
<metadata>
<codes class="bip:countries:1.0">
  <code code="SLVNIA">
    <editdetail attribution="Reuters BIP Coding Group" action="confirmed" date="1997-04-11"/>
  </code>
</codes>
<codes class="bip:industries:1.0">
  <code code="I81402">
    <editdetail attribution="Reuters BIP Coding Group" action="confirmed" date="1997-04-11"/>
  </code>
</codes>
<codes class="bip:topics:1.0">
  <code code="C15">
    <editdetail attribution="Reuters BIP Coding Group" action="confirmed" date="1997-04-11"/>
  </code>
  <code code="C151">
    <editdetail attribution="Reuters BIP Coding Group" action="confirmed" date="1997-04-11"/>
  </code>
  <code code="C1511">
    <editdetail attribution="Reuters BIP Coding Group" action="confirmed" date="1997-04-11"/>
  </code>
  <code code="CCAT">
    <editdetail attribution="Reuters BIP Coding Group" action="confirmed" date="1997-04-11"/>
  </code>
</codes>
<dc element="dc.date.created" value="1997-04-11"/>
<dc element="dc.publisher" value="Reuters Holdings Plc"/>
<dc element="dc.date.published" value="1997-04-11"/>
<dc element="dc.source" value="Reuters"/>
<dc element="dc.creator.location" value="LJUBLJANA"/>
<dc element="dc.creator.location.country.name" value="SLOVENIA"/>
<dc element="dc.source" value="Reuters"/>
</metadata>
</newsitem>
