<?xml version="1.0" encoding="iso-8859-1" ?>
<newsitem itemid="502301" id="root" date="1997-04-11" xml:lang="en">
<title>HUNGARY: Long basket deals feature on Hungary FX futures.</title>
<headline>Long basket deals feature on Hungary FX futures.</headline>
<dateline>BUDAPEST 1997-04-11</dateline>
<text>
<p>The opening of a new March 1998 contract for the dollar triggered a spate of long-term mark/dollar basket deals on the Budapest currency futures market as dealers anticipated a fall in short-term yields, traders said on Friday.</p>
<p>March sales of marks and dollars in proportion to their 70/30 percent proportion in the central bank's currency basket accounted for two-thirds of moderate turnover of 5.25 billion forints on the Budapest Commodity Exchange's financial futures market.</p>
<p>&quot;Many people think short yields will go down in the next few weeks so they are making basket deals as far ahead as they can,&quot; said Mihaly Eotvos of OTP Forex.</p>
<p>Basket deals are seen as a means of hedging against large fluctuations in the dollar/mark crosses.</p>
<p>Under the central bank's crawling peg devaluation system, the forint is devalued by 1.1 percent per month against a currency basket made uo 70 percent of the mark and 30 percent of the dollar.</p>
<p>The new March 1998 maturity for the dollar opened at 201 forints while the March mark was steady at 120 forints.</p>
<p>The Budapest Stock Exchange (BSE) forex futures market was tradeless.</p>
<p>Central bank spot rates for the mark and dollar were fixed at midday at 104.77 forints to the mark, down 0.05, and 180.26 to the dollar, up 0.42.</p>
<p>-- Duncan Shiels, Budapest newsroom +36 1 327-4040</p>
</text>
<copyright>(c) Reuters Limited 1997</copyright>
<metadata>
<codes class="bip:countries:1.0">
  <code code="HUNG">
    <editdetail attribution="Reuters BIP Coding Group" action="confirmed" date="1997-04-11"/>
  </code>
</codes>
<codes class="bip:topics:1.0">
  <code code="M13">
    <editdetail attribution="Reuters BIP Coding Group" action="confirmed" date="1997-04-11"/>
  </code>
  <code code="M132">
    <editdetail attribution="Reuters BIP Coding Group" action="confirmed" date="1997-04-11"/>
  </code>
  <code code="MCAT">
    <editdetail attribution="Reuters BIP Coding Group" action="confirmed" date="1997-04-11"/>
  </code>
</codes>
<dc element="dc.date.created" value="1997-04-11"/>
<dc element="dc.publisher" value="Reuters Holdings Plc"/>
<dc element="dc.date.published" value="1997-04-11"/>
<dc element="dc.source" value="Reuters"/>
<dc element="dc.creator.location" value="BUDAPEST"/>
<dc element="dc.creator.location.country.name" value="HUNGARY"/>
<dc element="dc.source" value="Reuters"/>
</metadata>
</newsitem>
