<?xml version="1.0" encoding="iso-8859-1" ?>
<newsitem itemid="502310" id="root" date="1997-04-11" xml:lang="en">
<title>RUSSIA: Russian MinFins ease following US data.</title>
<headline>Russian MinFins ease following US data.</headline>
<dateline>MOSCOW 1997-04-11</dateline>
<text>
<p>Prices of Russian MinFin bonds eased on Friday's U.S. data which were seen to hold out the possibility of a further US interest rate hike, dealers said.</p>
<p>They said trading was otherwise thin.</p>
<p>March U.S. producer prices slipped 0.1 percent while the rate without the volatile food and energy components rose 0.4 percent. Economists had expected overall PPI to remain flat, with a 0.1-percent core rate rise.</p>
<p>March retail sales firmed 0.2 percent, below the 0.6 percent rise expected.</p>
<p>MinFins closely track Brady Bonds and other emerging market debt.</p>
<p>			tranche   Apr 11		   Apr 10</p>
<p>    1999 maturity   (3)     84.50-84.80	   84.70-85.00</p>
<p>    2003 maturity   (4)     60.00-60.30	   60.30-60.60</p>
<p>    2008 maturity   (5)     41.15-41.45	   41.30-41.60</p>
<p>    2006 maturity   (6)     47.10-47.40	   47.30-47.60</p>
<p>    2011 maturity   (7)     36.50-36.80	   36.60-36.90</p>
<p>&quot;Figures, although quite neutral, are close to negative. U.S. Treasuries are being hit now and MinFins are tracking them, edging down,&quot; an International Moscow bank dealer said.</p>
<p>Moscow Business World Bank dealer Sergei Kovzharov said trading had been quiet earlier, as the market awaited U.S. data.</p>
<p>--Artyom Danielyan, Moscow Newsroom (095) 941 8520</p>
</text>
<copyright>(c) Reuters Limited 1997</copyright>
<metadata>
<codes class="bip:countries:1.0">
  <code code="RUSS">
    <editdetail attribution="Reuters BIP Coding Group" action="confirmed" date="1997-04-11"/>
  </code>
</codes>
<codes class="bip:topics:1.0">
  <code code="M12">
    <editdetail attribution="Reuters BIP Coding Group" action="confirmed" date="1997-04-11"/>
  </code>
  <code code="MCAT">
    <editdetail attribution="Reuters BIP Coding Group" action="confirmed" date="1997-04-11"/>
  </code>
</codes>
<dc element="dc.date.created" value="1997-04-11"/>
<dc element="dc.publisher" value="Reuters Holdings Plc"/>
<dc element="dc.date.published" value="1997-04-11"/>
<dc element="dc.source" value="Reuters"/>
<dc element="dc.creator.location" value="MOSCOW"/>
<dc element="dc.creator.location.country.name" value="RUSSIA"/>
<dc element="dc.source" value="Reuters"/>
</metadata>
</newsitem>
