<?xml version="1.0" encoding="iso-8859-1" ?>
<newsitem itemid="502380" id="root" date="1997-04-11" xml:lang="en">
<title>POLAND: Polish zloty slides ahead of likely NBP action.</title>
<headline>Polish zloty slides ahead of likely NBP action.</headline>
<dateline>WARSAW 1997-04-11</dateline>
<text>
<p>The zloty eased against the basket in early trade as several foreign investors sold Polish treasuries and players lenghtened currency exposure ahead of an expected zloty-depressing central bank intervention.</p>
<p>Dealers said small scale foreign withdrawal along with market expectations that the central bank would step in with a currency-buying operation pulled down the local unit to the key resistance level of three percent from the parity rate.</p>
<p>&quot;The zloty fell as foreign investors sold Polish T-bills and ahead of potential central bank intervention,&quot; said Katarzyna Solarz, forex dealer at Pekao SA.&quot;  </p>
<p>At 0905 GMT the zloty was at 3.06/3.01 percent from the parity rate, down from opening's 3.21/3.15 percent and Thursday's close at 3.24/3.20 percent.</p>
<p>It was at 3.1195/3.1210 to the dollar, down from opening's 3.1130.45 and at 1.8130/40 to the mark, down from 1.8113/28.</p>
<p>Dealers said that after the zloty's pre-emptive slide the central bank would likely refrain from an intervention unless the local unit again rose past 3.10 percent from parity.</p>
<p>On the money market one-day rates inched up after the central bank offered a 200 million zloty drainage and a 600 million NBP-bill sale on Friday.</p>
</text>
<copyright>(c) Reuters Limited 1997</copyright>
<metadata>
<codes class="bip:countries:1.0">
  <code code="POL">
    <editdetail attribution="Reuters BIP Coding Group" action="confirmed" date="1997-04-11"/>
  </code>
</codes>
<codes class="bip:topics:1.0">
  <code code="M13">
    <editdetail attribution="Reuters BIP Coding Group" action="confirmed" date="1997-04-11"/>
  </code>
  <code code="M132">
    <editdetail attribution="Reuters BIP Coding Group" action="confirmed" date="1997-04-11"/>
  </code>
  <code code="MCAT">
    <editdetail attribution="Reuters BIP Coding Group" action="confirmed" date="1997-04-11"/>
  </code>
</codes>
<dc element="dc.date.created" value="1997-04-11"/>
<dc element="dc.publisher" value="Reuters Holdings Plc"/>
<dc element="dc.date.published" value="1997-04-11"/>
<dc element="dc.source" value="Reuters"/>
<dc element="dc.creator.location" value="WARSAW"/>
<dc element="dc.creator.location.country.name" value="POLAND"/>
<dc element="dc.source" value="Reuters"/>
</metadata>
</newsitem>
