<?xml version="1.0" encoding="iso-8859-1" ?>
<newsitem itemid="502348" id="root" date="1997-04-11" xml:lang="en">
<title>RUSSIA: Yeltsin sacks four senior military officers.</title>
<headline>Yeltsin sacks four senior military officers.</headline>
<dateline>MOSCOW 1997-04-11</dateline>
<text>
<p>President Boris Yeltsin dismissed four senior military commanders on Friday, including the head of Russia's land forces, the Kremlin said.</p>
<p>A spokesman gave no reason for the sackings but they coincide with plans to shake up the armed forces and a crackdown on corruption. General Vladimir Semyonov, the land forces commander, had already been suspended and accused of &quot;actions incompatible with his post&quot;.  </p>
<p>The other three officers sacked under a Yeltsin decree included Colonel General Anton Terentyev, Semyonov's first deputy in charge of training.</p>
<p>Also dismissed were Vice Admiral Vyacheslav Kharnikov, First Deputy Commander of the Northern Fleet, and Admiral Igor Khmelnov, chief of the navy's general staff.</p>
<p>The Kremlin spokesman said the decrees stated only that they were dismissed and gave no explanation. Russian news agencies said all four had been accused of abusing their positions.</p>
<p>Yeltsin's planned reforms include an overhaul of the underfunded and demoralised armed forces and a war against corruption, which is rife in the military as in many other areas of Russian life.</p>
</text>
<copyright>(c) Reuters Limited 1997</copyright>
<metadata>
<codes class="bip:countries:1.0">
  <code code="RUSS">
    <editdetail attribution="Reuters BIP Coding Group" action="confirmed" date="1997-04-11"/>
  </code>
</codes>
<codes class="bip:topics:1.0">
  <code code="GCAT">
    <editdetail attribution="Reuters BIP Coding Group" action="confirmed" date="1997-04-11"/>
  </code>
  <code code="GDEF">
    <editdetail attribution="Reuters BIP Coding Group" action="confirmed" date="1997-04-11"/>
  </code>
  <code code="GPOL">
    <editdetail attribution="Reuters BIP Coding Group" action="confirmed" date="1997-04-11"/>
  </code>
</codes>
<dc element="dc.date.created" value="1997-04-11"/>
<dc element="dc.publisher" value="Reuters Holdings Plc"/>
<dc element="dc.date.published" value="1997-04-11"/>
<dc element="dc.source" value="Reuters"/>
<dc element="dc.creator.location" value="MOSCOW"/>
<dc element="dc.creator.location.country.name" value="RUSSIA"/>
<dc element="dc.source" value="Reuters"/>
</metadata>
</newsitem>
