<?xml version="1.0" encoding="iso-8859-1" ?>
<newsitem itemid="502322" id="root" date="1997-04-11" xml:lang="en">
<title>YUGOSLAVIA: Yugo Feb construction works worth 115 mln dinars.</title>
<headline>Yugo Feb construction works worth 115 mln dinars.</headline>
<dateline>BELGRADE 1997-04-11</dateline>
<text>
<p>The Federal Statistics Office reported the following economic indicator details.</p>
<p>CONSTRUCTION WORKS IN YUGOSLAVIA</p>
<p>						FEB 97   JAN 97    FEB 96</p>
<p> Completed works (in million dinars)    115.31   113.67     67.68</p>
<p> Hours (in million hours)		     6.06     5.63	6.44</p>
<p> Number of workers			55,407   55,523    59,621</p>
<p>NOTES -- Cumulative number of workers in the January-February period was seven percent below the same two months last year.</p>
<p>Cumulative number of hours put in by workers dropped nine percent against the same period last year.</p>
<p>At the end of February, the value of concluded building contracts stood at 1.054 billion dinars, compared to 805.164 million in January. The data refer to contracted construction works to be carried out during year regardless of when the orders were made.</p>
<p>The data covers major construction companies accounting for around 80 percent of total annual value of construction works.</p>
<p>The number of workers excludes engineers and technicians. -- Amra Kevic, Belgrade newsroom +381 11 222 4305</p>
</text>
<copyright>(c) Reuters Limited 1997</copyright>
<metadata>
<codes class="bip:countries:1.0">
  <code code="YUG">
    <editdetail attribution="Reuters BIP Coding Group" action="confirmed" date="1997-04-11"/>
  </code>
</codes>
<codes class="bip:industries:1.0">
  <code code="I50000">
    <editdetail attribution="Reuters BIP Coding Group" action="confirmed" date="1997-04-11"/>
  </code>
</codes>
<codes class="bip:topics:1.0">
  <code code="C31">
    <editdetail attribution="Reuters BIP Coding Group" action="confirmed" date="1997-04-11"/>
  </code>
  <code code="CCAT">
    <editdetail attribution="Reuters BIP Coding Group" action="confirmed" date="1997-04-11"/>
  </code>
</codes>
<dc element="dc.date.created" value="1997-04-11"/>
<dc element="dc.publisher" value="Reuters Holdings Plc"/>
<dc element="dc.date.published" value="1997-04-11"/>
<dc element="dc.source" value="Reuters"/>
<dc element="dc.creator.location" value="BELGRADE"/>
<dc element="dc.creator.location.country.name" value="YUGOSLAVIA"/>
<dc element="dc.source" value="Reuters"/>
</metadata>
</newsitem>
