<?xml version="1.0" encoding="iso-8859-1" ?>
<newsitem itemid="502382" id="root" date="1997-04-11" xml:lang="en">
<title>RUSSIA: Russian Inkombank to receive $27 mln credit.</title>
<headline>Russian Inkombank to receive $27 mln credit.</headline>
<dateline>MOSCOW 1997-04-11</dateline>
<text>
<p>Russian bank Inkombank said on Friday it had signed an agreement on Thursday on a $27 million syndicated credit from an international consortium of banks led by Bank Austria AG.</p>
<p>The 12-month unguaranteed credit, which will be used to to finance short-term investments and trading activities of bank clients, pays annual interest of 4.375 percentage points over LIBOR, it said in a statement.</p>
<p>Inkombank, which is one of the top five Russian banks by assets, received two other credits, $20 million and $25 million respectively, in 1996.</p>
<p>Inkombank assets totalled 16 trillion roubles at the beginning of the year and capital was 1.9 trillion roubles. Both figures were calculated according to Russian accounting standards.</p>
<p>--Moscow Newsroom, +7095 941 8520</p>
</text>
<copyright>(c) Reuters Limited 1997</copyright>
<metadata>
<codes class="bip:countries:1.0">
  <code code="RUSS">
    <editdetail attribution="Reuters BIP Coding Group" action="confirmed" date="1997-04-11"/>
  </code>
</codes>
<codes class="bip:industries:1.0">
  <code code="I81402">
    <editdetail attribution="Reuters BIP Coding Group" action="confirmed" date="1997-04-11"/>
  </code>
</codes>
<codes class="bip:topics:1.0">
  <code code="C17">
    <editdetail attribution="Reuters BIP Coding Group" action="confirmed" date="1997-04-11"/>
  </code>
  <code code="C173">
    <editdetail attribution="Reuters BIP Coding Group" action="confirmed" date="1997-04-11"/>
  </code>
  <code code="CCAT">
    <editdetail attribution="Reuters BIP Coding Group" action="confirmed" date="1997-04-11"/>
  </code>
</codes>
<dc element="dc.date.created" value="1997-04-11"/>
<dc element="dc.publisher" value="Reuters Holdings Plc"/>
<dc element="dc.date.published" value="1997-04-11"/>
<dc element="dc.source" value="Reuters"/>
<dc element="dc.creator.location" value="MOSCOW"/>
<dc element="dc.creator.location.country.name" value="RUSSIA"/>
<dc element="dc.source" value="Reuters"/>
</metadata>
</newsitem>
