<?xml version="1.0" encoding="iso-8859-1" ?>
<newsitem itemid="502379" id="root" date="1997-04-11" xml:lang="en">
<title>CROATIA: Croatian call money back up 50 bps to 10.5 pct.</title>
<headline>Croatian call money back up 50 bps to 10.5 pct.</headline>
<dateline>ZAGREB 1997-04-11</dateline>
<text>
<p>Croatian call money rate rose to 10.5 percent on Friday amid slightly strained end-of-week liquidity following Thursday's fall to 10 percent, dealers said.</p>
<p>&quot;The money market is experiencing a strong demand for kuna funds, but this is not matched by the money on offer,&quot; a dealer told Reuters.</p>
<p>She added that pension payments by local banks caused their strong demand today.</p>
<p>Fresh trade totalled 42.5 million kuna and all the deals were call money at 10.5 percent, back up 50 basis points.</p>
<p>Two banks borrowed 29 milllion kuna in overnight trade on Thursday to cover their shortfalls and maintain mandatory reserves. -- Sandra Kalogjera, Zagreb Newsroom, 385-1-4557075</p>
</text>
<copyright>(c) Reuters Limited 1997</copyright>
<metadata>
<codes class="bip:countries:1.0">
  <code code="CRTIA">
    <editdetail attribution="Reuters BIP Coding Group" action="confirmed" date="1997-04-11"/>
  </code>
</codes>
<codes class="bip:topics:1.0">
  <code code="M13">
    <editdetail attribution="Reuters BIP Coding Group" action="confirmed" date="1997-04-11"/>
  </code>
  <code code="M131">
    <editdetail attribution="Reuters BIP Coding Group" action="confirmed" date="1997-04-11"/>
  </code>
  <code code="MCAT">
    <editdetail attribution="Reuters BIP Coding Group" action="confirmed" date="1997-04-11"/>
  </code>
</codes>
<dc element="dc.date.created" value="1997-04-11"/>
<dc element="dc.publisher" value="Reuters Holdings Plc"/>
<dc element="dc.date.published" value="1997-04-11"/>
<dc element="dc.source" value="Reuters"/>
<dc element="dc.creator.location" value="ZAGREB"/>
<dc element="dc.creator.location.country.name" value="CROATIA"/>
<dc element="dc.source" value="Reuters"/>
</metadata>
</newsitem>
