<?xml version="1.0" encoding="iso-8859-1" ?>
<newsitem itemid="502305" id="root" date="1997-04-11" xml:lang="en">
<title>HUNGARY: Budapest bourse ends firmer in lower turnover.</title>
<headline>Budapest bourse ends firmer in lower turnover.</headline>
<dateline>BUDAPEST 1997-04-11</dateline>
<text>
<p>Gainers outnumbered losers on the Budapest Stock Exchange on Friday leaving the bourse in positive tone but traders said turnover was subdued before the release of an important U.S. indicator.</p>
<p>The BUX index finished at 5,500.25 points, up 35.49.</p>
<p>BUX futures strengthened for all maturities, by between 30.50 and 97.50 points. June BUX closed at 5,850, up 97.50.</p>
<p>&quot;If the U.S. data are good we'll go upward, if they're bad nothing good looks for us,&quot; said Balazs Szabo of Eastbrokers.</p>
<p>U.S. March PPI figures made a surprise jump and this, in addition with stronger first-quarter retail sales might increase the chance of another rate hike.</p>
<p>Traders said earlier the Dow's movement has perhaps been the most important driving factor on the Hungarian market recently, in the lack of major domestic news.</p>
<p>On Friday oil company MOL advanced to 3,080 forints before retreating to close at 3,060, up 30, in what traders said was triggered by local demand.</p>
<p>Plastics firm Pannonplast rose to a record high of 8,700 forints, up 200, after announcing its dividend plan.</p>
<p>The company plans to pay 90 forints dividend on a share, which have 100 forint face value, on the 1996 earnings, against 70 forints the year before.</p>
<p>Trading turnover was not particularly strong on Friday but analysts remain optimistic on the market's stability on grounds of recent developments.</p>
<p>&quot;The first was the Postabank crisis which, although had some effects on the market, really did not hit the market very hard,&quot; said Spencer Jakab, Budapest-based analyst at CS First Boston. &quot;It did not hit the currency (forint) at all.&quot;</p>
<p>In late February Postabank clients withdrew deposits worth over 20 billion forints triggered by rumours.</p>
<p>The second factor, Jakab said, was the steep fall of the Dow Jones index on two days around Easter, after which the Hungarian market lost 95 points. &quot;That (95 points) is nothing.&quot;</p>
<p>&quot;The main point in the fact is, I think, this market is probably the most stable among central European markets,&quot; Jakab said. &quot;Conventional wisdom says that it should be the least stable because it has the highest percentage foreign involvement and it has the most GDRs.&quot;</p>
<p>That has not been the case, however, he said, adding the Hungarian market was probably the least volatile.</p>
</text>
<copyright>(c) Reuters Limited 1997</copyright>
<metadata>
<codes class="bip:countries:1.0">
  <code code="HUNG">
    <editdetail attribution="Reuters BIP Coding Group" action="confirmed" date="1997-04-11"/>
  </code>
</codes>
<codes class="bip:topics:1.0">
  <code code="M11">
    <editdetail attribution="Reuters BIP Coding Group" action="confirmed" date="1997-04-11"/>
  </code>
  <code code="MCAT">
    <editdetail attribution="Reuters BIP Coding Group" action="confirmed" date="1997-04-11"/>
  </code>
</codes>
<dc element="dc.date.created" value="1997-04-11"/>
<dc element="dc.publisher" value="Reuters Holdings Plc"/>
<dc element="dc.date.published" value="1997-04-11"/>
<dc element="dc.source" value="Reuters"/>
<dc element="dc.creator.location" value="BUDAPEST"/>
<dc element="dc.creator.location.country.name" value="HUNGARY"/>
<dc element="dc.source" value="Reuters"/>
</metadata>
</newsitem>
