<?xml version="1.0" encoding="iso-8859-1" ?>
<newsitem itemid="709082" id="root" date="1997-07-06" xml:lang="en">
<title>UK: CRICKET-ENGLAND 130-5 SECOND INNINGS V AUSTRALIA, FOURTH DAY.</title>
<headline>CRICKET-ENGLAND 130-5 SECOND INNINGS V AUSTRALIA, FOURTH DAY.</headline>
<text>
<p>M.Butcher c McGrath b Gillespie 28</p>
<p> M.Atherton lbw b Gillespie	21</p>
<p> A.Stewart b Warne		    1</p>
<p> N.Hussain lbw b Gillespie	  1  - close -</p>
<p> G.Thorpe c Healy b Warne	   7</p>
<p> J.Crawley not out		   53</p>
<p> M.Ealham not out		     5</p>
<p> Extras				  14</p>
<p>Fall of wickets: 1-44 2-45 3-50 4-55 5-84</p>
<p>===================</p>
<p>England set win target of 469 from minimum of 141 overs.</p>
<p>=====================</p>
<p>Australia 235 and 395-8 declared (S.Waugh 116).</p>
<p>England first innings 162 (M.Butcher 51; S.Warne</p>
<p>6-48, G.McGrath 3-40).</p>
</text>
<copyright>(c) Reuters Limited 1997</copyright>
<metadata>
<codes class="bip:countries:1.0">
  <code code="AUSTR">
    <editdetail attribution="Reuters BIP Coding Group" action="confirmed" date="1997-07-06"/>
  </code>
  <code code="UK">
    <editdetail attribution="Reuters BIP Coding Group" action="confirmed" date="1997-07-06"/>
  </code>
</codes>
<codes class="bip:topics:1.0">
  <code code="GCAT">
    <editdetail attribution="Reuters BIP Coding Group" action="confirmed" date="1997-07-06"/>
  </code>
  <code code="GSPO">
    <editdetail attribution="Reuters BIP Coding Group" action="confirmed" date="1997-07-06"/>
  </code>
</codes>
<dc element="dc.publisher" value="Reuters Holdings Plc"/>
<dc element="dc.date.published" value="1997-07-06"/>
<dc element="dc.source" value="Reuters"/>
<dc element="dc.creator.location.country.name" value="UK"/>
<dc element="dc.source" value="Reuters"/>
</metadata>
</newsitem>
