<?xml version="1.0" encoding="iso-8859-1" ?>
<newsitem itemid="709097" id="root" date="1997-07-06" xml:lang="en">
<title>USA: BOXING-MARQUEZ STOPS ELLIS TO RETAIN IBF JR MIDDLEWEIGHT TITLE.</title>
<headline>BOXING-MARQUEZ STOPS ELLIS TO RETAIN IBF JR MIDDLEWEIGHT TITLE.</headline>
<text>
<p>LAKE CHARLES, Louisiana, July 6 (Ruter) - Undefeated Raul Marquez easily defended his International Boxing Federation junior middleweight title when he stopped Romallis Ellis in the fourth round on Saturday.</p>
<p>Marquez, making the first defence of the IBF belt he won by stopping Anthony Stephens last April, improved to 27-0.</p>
<p>Ellis, a bronze medallist for the United States in the 1988 Olympic Games, fell to 24-2.</p>
<p>Marquez dropped Ellis with a straight left hand with 35 seconds remaining in the second round but Ellis weathered the storm until the fourth round.</p>
<p>The Mexican proved to be too strong for Ellis, a late replacement for Argentine Ernesto Rafael Sena.</p>
<p>Marquez sent Ellis to the canvas for the second time in the fight early in the fourth round but it was ruled a slip by referee Elmo Adolph.</p>
<p>Ellis appeared to be hurt as Marquez went on the offensive, landing a barrage of unanswered punches. Adolph then stepped in to rescue the defenceless Ellis, halting the contest 74 seconds into the round.</p>
</text>
<copyright>(c) Reuters Limited 1997</copyright>
<metadata>
<codes class="bip:countries:1.0">
  <code code="USA">
    <editdetail attribution="Reuters BIP Coding Group" action="confirmed" date="1997-07-06"/>
  </code>
</codes>
<codes class="bip:topics:1.0">
  <code code="GCAT">
    <editdetail attribution="Reuters BIP Coding Group" action="confirmed" date="1997-07-06"/>
  </code>
  <code code="GSPO">
    <editdetail attribution="Reuters BIP Coding Group" action="confirmed" date="1997-07-06"/>
  </code>
</codes>
<dc element="dc.publisher" value="Reuters Holdings Plc"/>
<dc element="dc.date.published" value="1997-07-06"/>
<dc element="dc.source" value="Reuters"/>
<dc element="dc.creator.location.country.name" value="USA"/>
<dc element="dc.source" value="Reuters"/>
</metadata>
</newsitem>
