<?xml version="1.0" encoding="iso-8859-1" ?>
<newsitem itemid="709160" id="root" date="1997-07-06" xml:lang="en">
<title>UK: N.Ireland policewoman shot but not seriously hurt.</title>
<headline>N.Ireland policewoman shot but not seriously hurt.</headline>
<dateline>BELFAST 1997-07-06</dateline>
<text>
<p>A Northern Ireland policewoman received facial injuries on Sunday night when a gunman fired on a police vehicle in a wave of Catholic anger over the holding of an Orange Order parade in Portadown.</p>
<p>She was part of a patrol sitting in a vehicle in the town of Coalisland north of Portadown when a gunman emerged and fired what was thought to be a shotgun.</p>
<p>The policewoman was injured in the face but her wounds were not life-threatening, police said.</p>
<p>Further details were not immediately available but Irish Republican Army (IRA) guerrillas or a splinter faction fighting British rule of Northern Ireland were under suspicion, security sources said.</p>
<p>A music festival was being held in the town at the time and the patrol was thought to be part of a crowd control team.</p>
<p>It was the second shooting incident following the parade, which was held over the objections of Catholic Irish nationalists living along the Garvaghy Road of Portadown.</p>
<p>Earlier a masked gunman emerged from a Belfast side street in a Catholic area and fired five shots at a police vehicle without causing injury. He escaped into a side street.</p>
<p>Both incidents highlighted violent Catholic opposition to the holding of the parade by the Protestant order against the wishes of local pro-Irish residents.</p>
<p>Police said several cars were hijacked and set ablaze by youths as part of protests which hit Catholic areas of Belfast and the province's second city, Londonderry.</p>
<p>Sinn Fein, the political wing of the IRA, held two major rallies in the cities on Sunday night which were addressed by the party's leaders, Gerry Adams and Martin McGuinness.</p>
</text>
<copyright>(c) Reuters Limited 1997</copyright>
<metadata>
<codes class="bip:countries:1.0">
  <code code="UK">
    <editdetail attribution="Reuters BIP Coding Group" action="confirmed" date="1997-07-06"/>
  </code>
</codes>
<codes class="bip:topics:1.0">
  <code code="GCAT">
    <editdetail attribution="Reuters BIP Coding Group" action="confirmed" date="1997-07-06"/>
  </code>
  <code code="GVIO">
    <editdetail attribution="Reuters BIP Coding Group" action="confirmed" date="1997-07-06"/>
  </code>
</codes>
<dc element="dc.date.created" value="1997-07-06"/>
<dc element="dc.publisher" value="Reuters Holdings Plc"/>
<dc element="dc.date.published" value="1997-07-06"/>
<dc element="dc.source" value="Reuters"/>
<dc element="dc.creator.location" value="BELFAST"/>
<dc element="dc.creator.location.country.name" value="UK"/>
<dc element="dc.source" value="Reuters"/>
</metadata>
</newsitem>
