<?xml version="1.0" encoding="iso-8859-1" ?>
<newsitem itemid="709114" id="root" date="1997-07-06" xml:lang="en">
<title>UK: TENNIS-STATISTICS OF SAMPRAS V PIOLINE FINAL.</title>
<headline>TENNIS-STATISTICS OF SAMPRAS V PIOLINE FINAL.</headline>
<dateline>LONDON 1997-07-06</dateline>
<text>
<p>Statistics from the men's final</p>
<p>between Pete Sampras (U.S.) and Cedric Pioline (France) at</p>
<p>Wimbledon on Sunday:</p>
<p>Sampras won 6-4 6-2 6-4</p>
<p>Time: One hour 34 minutes</p>
<p>				    Sampras   Pioline    </p>
<p>Aces				  17	 13</p>
<p>Double faults			2	  1</p>
<p>Percentage first serves in    59	 59</p>
<p>Forehand winners		   5	  2</p>
<p>Backhand winners		   7	  6</p>
<p>Volley winners		     8	  7</p>
<p>Passing winners		    4	  4</p>
<p>Return winners		     6	  3</p>
<p>Percentage returns in	   60	 39</p>
<p>Break points			 8	  1</p>
<p>Break points won		   4	  0</p>
</text>
<copyright>(c) Reuters Limited 1997</copyright>
<metadata>
<codes class="bip:countries:1.0">
  <code code="FRA">
    <editdetail attribution="Reuters BIP Coding Group" action="confirmed" date="1997-07-06"/>
  </code>
  <code code="UK">
    <editdetail attribution="Reuters BIP Coding Group" action="confirmed" date="1997-07-06"/>
  </code>
  <code code="USA">
    <editdetail attribution="Reuters BIP Coding Group" action="confirmed" date="1997-07-06"/>
  </code>
</codes>
<codes class="bip:topics:1.0">
  <code code="GCAT">
    <editdetail attribution="Reuters BIP Coding Group" action="confirmed" date="1997-07-06"/>
  </code>
  <code code="GSPO">
    <editdetail attribution="Reuters BIP Coding Group" action="confirmed" date="1997-07-06"/>
  </code>
</codes>
<dc element="dc.date.created" value="1997-07-06"/>
<dc element="dc.publisher" value="Reuters Holdings Plc"/>
<dc element="dc.date.published" value="1997-07-06"/>
<dc element="dc.source" value="Reuters"/>
<dc element="dc.creator.location" value="LONDON"/>
<dc element="dc.creator.location.country.name" value="UK"/>
<dc element="dc.source" value="Reuters"/>
</metadata>
</newsitem>
