<?xml version="1.0" encoding="iso-8859-1" ?>
<newsitem itemid="709102" id="root" date="1997-07-06" xml:lang="en">
<title>UK: TENNIS-WIMBLEDON MIXED DOUBLES RESULTS.</title>
<headline>TENNIS-WIMBLEDON MIXED DOUBLES RESULTS.</headline>
<dateline>LONDON 1997-07-06</dateline>
<text>
<p>Results on Sunday from the</p>
<p>Wimbledon mixed doubles (prefix number denotes seeding)</p>
<p>Remaining quarter-final:</p>
<p>1-Grant Connell (Canada)/Lindsay Davenport (U.S.) beat 5-Rick</p>
<p>Leach (U.S.)/Manon Bollegraf (Netherlands) 6-4 6-4</p>
<p>Semifinals:</p>
<p>3-Andrei Olhovskiy (Russia)/Larisa Neiland (Latvia) beat Neil</p>
<p>Broad (Britain)/Mariaan De Swardt (South Africa) 7-6 (9-7) 4-6</p>
<p>6-3</p>
<p>4-Cyril Suk (Czech Republic)/Helena Sukova (Czech Republic)</p>
<p>beat 1-Grant Connell (Canada)/Lindsay Davenport (U.S.) 3-6 6-2</p>
<p>6-3</p>
<p>Final:</p>
<p>Suk/Sukova beat Olhovskiy/Neiland 4-6 6-3 6-4</p>
</text>
<copyright>(c) Reuters Limited 1997</copyright>
<metadata>
<codes class="bip:countries:1.0">
  <code code="UK">
    <editdetail attribution="Reuters BIP Coding Group" action="confirmed" date="1997-07-06"/>
  </code>
</codes>
<codes class="bip:topics:1.0">
  <code code="GCAT">
    <editdetail attribution="Reuters BIP Coding Group" action="confirmed" date="1997-07-06"/>
  </code>
  <code code="GSPO">
    <editdetail attribution="Reuters BIP Coding Group" action="confirmed" date="1997-07-06"/>
  </code>
</codes>
<dc element="dc.date.created" value="1997-07-06"/>
<dc element="dc.publisher" value="Reuters Holdings Plc"/>
<dc element="dc.date.published" value="1997-07-06"/>
<dc element="dc.source" value="Reuters"/>
<dc element="dc.creator.location" value="LONDON"/>
<dc element="dc.creator.location.country.name" value="UK"/>
<dc element="dc.source" value="Reuters"/>
</metadata>
</newsitem>
