<?xml version="1.0" encoding="iso-8859-1" ?>
<newsitem itemid="709157" id="root" date="1997-07-06" xml:lang="en">
<title>ITALY: SOCCER-DERBY BID FOR BAGGIO, PAPER SAYS.</title>
<headline>SOCCER-DERBY BID FOR BAGGIO, PAPER SAYS.</headline>
<dateline>MILAN 1997-07-06</dateline>
<text>
<p>English side Derby County have made a multi-million dollar bid for Roberto Baggio, Italy's Gazzetta dello Sport newspaper reported on Sunday.</p>
<p>Gazzetta said Derby were prepared to spend 27 billion lire ($16 million) to sign Baggio, once the world's most expensive player, from AC Milan.</p>
<p>Derby, who signed Italian international midfielder Stefano Eranio from Milan in May, made an offer for Baggio after talks between the two clubs last Thursday, the paper said.</p>
<p>Baggio said last month he would leave the five-times European champions before the start of next season.</p>
<p>Italian newspapers have linked him to several clubs, including Vicenza, Napoli, Sampdoria and Spain's Barcelona and Atletico Madrid.</p>
</text>
<copyright>(c) Reuters Limited 1997</copyright>
<metadata>
<codes class="bip:countries:1.0">
  <code code="ITALY">
    <editdetail attribution="Reuters BIP Coding Group" action="confirmed" date="1997-07-06"/>
  </code>
  <code code="UK">
    <editdetail attribution="Reuters BIP Coding Group" action="confirmed" date="1997-07-06"/>
  </code>
</codes>
<codes class="bip:topics:1.0">
  <code code="GCAT">
    <editdetail attribution="Reuters BIP Coding Group" action="confirmed" date="1997-07-06"/>
  </code>
  <code code="GSPO">
    <editdetail attribution="Reuters BIP Coding Group" action="confirmed" date="1997-07-06"/>
  </code>
</codes>
<dc element="dc.date.created" value="1997-07-06"/>
<dc element="dc.publisher" value="Reuters Holdings Plc"/>
<dc element="dc.date.published" value="1997-07-06"/>
<dc element="dc.source" value="Reuters"/>
<dc element="dc.creator.location" value="MILAN"/>
<dc element="dc.creator.location.country.name" value="ITALY"/>
<dc element="dc.source" value="Reuters"/>
</metadata>
</newsitem>
