<?xml version="1.0" encoding="iso-8859-1" ?>
<newsitem itemid="709198" id="root" date="1997-07-06" xml:lang="en">
<title>NEW ZEALAND: NZ SPORT - RUGBY UNION - Wallabies just a warm-up, says Dowd.</title>
<headline>NZ SPORT - RUGBY UNION - Wallabies just a warm-up, says Dowd.</headline>
<text>
<p>WELLINGTON, July 7 - The Springbok front row will be a much tougher proposition for the All Blacks on July 19 than the Wallabies were in their rugby test on Saturday in Christchurch, according to New Zealand prop Craig Dowd.</p>
<p>New Zealand won Saturday's Bledisloe Cup rugby match 30-13 because the tight five grabbed such an immediate scrum advantage that the Australians could not compete.</p>
<p>All three New Zealand front rowers were relieved afterwards, because until then they had been unable to generate the power this year they had in previous big games.  </p>
<p>Dowd said the improvement was due to the motivational challenge of playing better opposition -- and the South Africans presented the ultimate challenge at Ellis Park in Johannesburg.</p>
<p>&quot;They (the Boks) will be a hell of a lot better than the Wallabies,&quot; he said.</p>
<p>Both Dowd and fellow prop Olo Brown said the All Black tight five could scrum better than they did on Saturday.</p>
<p>&quot;I suppose it's the intensity of the game you're playing. It's easy to slacken off and give the ball to the backs against teams like Argentina, but games against teams like Australia and South Africa are those that really test us.  </p>
<p>&quot;The Boks' forwards are a very good unit. They base their game around their scrum. It's the physical thing again -- the South African mentality. They base everything on strength and size.&quot;</p>
</text>
<copyright>(c) Reuters Limited 1997</copyright>
<metadata>
<codes class="bip:countries:1.0">
  <code code="AUSTR">
    <editdetail attribution="Reuters BIP Coding Group" action="confirmed" date="1997-07-06"/>
  </code>
  <code code="NZ">
    <editdetail attribution="Reuters BIP Coding Group" action="confirmed" date="1997-07-06"/>
  </code>
  <code code="SAFR">
    <editdetail attribution="Reuters BIP Coding Group" action="confirmed" date="1997-07-06"/>
  </code>
</codes>
<codes class="bip:topics:1.0">
  <code code="GCAT">
    <editdetail attribution="Reuters BIP Coding Group" action="confirmed" date="1997-07-06"/>
  </code>
  <code code="GSPO">
    <editdetail attribution="Reuters BIP Coding Group" action="confirmed" date="1997-07-06"/>
  </code>
</codes>
<dc element="dc.publisher" value="Reuters Holdings Plc"/>
<dc element="dc.date.published" value="1997-07-06"/>
<dc element="dc.source" value="Reuters"/>
<dc element="dc.creator.location.country.name" value="NEW ZEALAND"/>
<dc element="dc.source" value="Reuters"/>
</metadata>
</newsitem>
