<?xml version="1.0" encoding="iso-8859-1" ?>
<newsitem itemid="709189" id="root" date="1997-07-06" xml:lang="en">
<title>UK: Foreign observers condemn N Irish police tactics.</title>
<headline>Foreign observers condemn N Irish police tactics.</headline>
<dateline>PORTADOWN, Northern Ireland 1997-07-06</dateline>
<text>
<p>Foreign politicians and Irish interest group representatives, in Portadown to monitor a pro-British parade, expressed shock on Sunday at police tactics designed to allow it to take place.</p>
<p>&quot;They just kept on beating people,&quot; Robert Cushing, a member of the House of Representatives in New Hampshire, told Reuters.</p>
<p>&quot;There was no announcement of dispersal. There was no warning. They just descended upon unarmed people sitting on the street.&quot;</p>
<p>Some 30 observers, including legislators from a number of countries, had set up a &quot;peace camp&quot; close to the Garvaghy Road in which Catholic women from the nationalist enclave in Portadown had held three all-night vigils.</p>
<p>But after police and troops swept into the flashpoint area in the early hours of Sunday, all that remained of the camp was a jumble of green plastic chairs and empty tents.</p>
<p>Cushing said the police had moved in on the people. &quot;It is an outrage. It is completely inconsistent with all decent tenets of human rights that are recognised by civilised nations,&quot; he said. Another observer, Georges Beriault, a schoolteacher from Montreal, said he had personally been attacked by baton-wielding police.</p>
<p>&quot;I sat down on the road as part of the crowd. I got carried off the road by police and, as soon as I was carried close to the Land Rover, I was beaten around the legs with batons,&quot; he said. Lawyer Alan McConnell of Toronto, who supports the Canadian-based Information on Ireland campaign, said there had been brutality. &quot;I am also struck by the fact that there was no forewarning,&quot; he said.</p>
<p>Niall O'Hegarty from Ottawa said: &quot;Specifically what I saw were successive waves of British troops charging into the Nationalist community. I saw plastic bullets fired at members of that community.</p>
<p>&quot;The level of force was excessive and entirely unnecessary,&quot; he added.</p>
</text>
<copyright>(c) Reuters Limited 1997</copyright>
<metadata>
<codes class="bip:countries:1.0">
  <code code="IRE">
    <editdetail attribution="Reuters BIP Coding Group" action="confirmed" date="1997-07-06"/>
  </code>
  <code code="UK">
    <editdetail attribution="Reuters BIP Coding Group" action="confirmed" date="1997-07-06"/>
  </code>
  <code code="USA">
    <editdetail attribution="Reuters BIP Coding Group" action="confirmed" date="1997-07-06"/>
  </code>
</codes>
<codes class="bip:topics:1.0">
  <code code="GCAT">
    <editdetail attribution="Reuters BIP Coding Group" action="confirmed" date="1997-07-06"/>
  </code>
  <code code="GDIP">
    <editdetail attribution="Reuters BIP Coding Group" action="confirmed" date="1997-07-06"/>
  </code>
  <code code="GPOL">
    <editdetail attribution="Reuters BIP Coding Group" action="confirmed" date="1997-07-06"/>
  </code>
  <code code="GVIO">
    <editdetail attribution="Reuters BIP Coding Group" action="confirmed" date="1997-07-06"/>
  </code>
</codes>
<dc element="dc.date.created" value="1997-07-06"/>
<dc element="dc.publisher" value="Reuters Holdings Plc"/>
<dc element="dc.date.published" value="1997-07-06"/>
<dc element="dc.source" value="Reuters"/>
<dc element="dc.creator.location" value="PORTADOWN, Northern Ireland"/>
<dc element="dc.creator.location.country.name" value="UK"/>
<dc element="dc.source" value="Reuters"/>
</metadata>
</newsitem>
