<?xml version="1.0" encoding="iso-8859-1" ?>
<newsitem itemid="709199" id="root" date="1997-07-06" xml:lang="en">
<title>NEW ZEALAND: NZ SPORT-RUGBY UNION-One-off crack at Boks eases mental strain.</title>
<headline>NZ SPORT-RUGBY UNION-One-off crack at Boks eases mental strain.</headline>
<text>
<p>WELLINGTON, July 7 - Mentally it will be easier than last year. Physically, just as tough.</p>
<p>That's the assessment from All Black centre Frank Bunce of the task awaiting the All Blacks at Ellis Park in Johannesburg on July 19.</p>
<p>Bunce, a happy man after his strong effort in Saturday's 30-13 Bledisloe Cup win over Australia in Christchurch, suggests the four consecutive tests against the Springboks last year became a grind that wore the All Blacks down.  </p>
<p>They ultimately lost the last test, at Ellis Park. This time it's a one-off match, and Bunce believes that alone will make New Zealand's task easier.</p>
<p>&quot;It became quite telling last year, when you know that you had to play the same team and that they would be just as hard as they were last time,&quot; Bunce said.</p>
<p>&quot;It became an ongoing thing, but this time there's just the one game, you get there and prepare and bang. You do it and get out of there.&quot;</p>
<p>Bunce said the South Africans and Australians were equally difficult &quot;but in different ways&quot;.  </p>
<p>&quot;That's going to be a hell of an afternoon up in Jo'burg. But these -- against the Wallabies and the Boks -- are the games you play rugby for, the big ones.&quot;</p>
</text>
<copyright>(c) Reuters Limited 1997</copyright>
<metadata>
<codes class="bip:countries:1.0">
  <code code="NZ">
    <editdetail attribution="Reuters BIP Coding Group" action="confirmed" date="1997-07-06"/>
  </code>
</codes>
<codes class="bip:topics:1.0">
  <code code="GCAT">
    <editdetail attribution="Reuters BIP Coding Group" action="confirmed" date="1997-07-06"/>
  </code>
  <code code="GSPO">
    <editdetail attribution="Reuters BIP Coding Group" action="confirmed" date="1997-07-06"/>
  </code>
</codes>
<dc element="dc.publisher" value="Reuters Holdings Plc"/>
<dc element="dc.date.published" value="1997-07-06"/>
<dc element="dc.source" value="Reuters"/>
<dc element="dc.creator.location.country.name" value="NEW ZEALAND"/>
<dc element="dc.source" value="Reuters"/>
</metadata>
</newsitem>
