<?xml version="1.0" encoding="iso-8859-1" ?>
<newsitem itemid="709196" id="root" date="1997-07-06" xml:lang="en">
<title>NEW ZEALAND: NZ SPORT-Hart wary of big men in Springbok pack.</title>
<headline>NZ SPORT-Hart wary of big men in Springbok pack.</headline>
<text>
<p>CHRISTCHURCH, July 7 - South Africa were reverting to their traditional strengths in rugby by re-introducing big men to their test team, All Black coach John Hart said.</p>
<p>Hart and his team head to Johannesburg on Wednesday for their first Tri-series clash of the season at Ellis Park on July 19, NZPA reports.</p>
<p>After watching the Springboks-British Lions test series, won by the Lions 2-1, on television, Hart said he thought the smaller, more mobile men were missing from the Springboks scrum.  </p>
<p>&quot;I think South Africa is going back to what had been their strength, to their history, their heritage -- strong physical approach in the forwards -- and it's quite fearsome. Very hard to combat really.&quot;</p>
<p>However, the musclemen in the All Black frontline were already looking forward to an unfinished business at Ellis Park no sooner had they consigned the first of their three Bledisloe Cup trans-Tasman rugby test to the archives.</p>
<p>&quot;We know it'll be tough as always but we love to meet the South Africans,&quot; prop Olo Brown said.  </p>
<p>Brown was part of the All Black pack that ground down the Australians at Lancaster Park on Saturday to take a 1-0 lead in the three cup matches.</p>
<p>The next two clashes in Melbourne and Dunedin will double up as the Tri-series matches.</p>
<p>&quot;I think it's in everybody's mind,&quot; the 100kg, 1.85m front rower, regarded as the best tighthead prop in the business, said of the All Blacks' two consecutive losses at Ellis Park.</p>
<p>Of three All Black matches at the magnificent rugby venue, the All Blacks have won one and lost two.  </p>
<p>The 27-24 1992 victory in the new South Africa test in 1992 -- the Springboks re-introduction to international competition after years of isolation -- was under coach Laurie Mains.</p>
<p>Brown, Sean Fitzpatrick and Richard Loe were the front trio then.</p>
<p>The All Blacks lost the 1995 World Cup final there and last year's last dead-rubber test.</p>
<p>&quot;We haven't got fond memories of the place, maybe we can change that this time -- that's out challenge,&quot; Brown said.  </p>
<p>All Black coach John Hart said the clash with South Africa, who won the third test against the Lions yesterday, was a major target for his players.</p>
<p>&quot;Sean (Fitzpatrick) is already excited about it,&quot; Hart added.</p>
<p>&quot;We'll get excited. It's a head-on challenge for us, we'll take, we'll give it all we've got.&quot;</p>
</text>
<copyright>(c) Reuters Limited 1997</copyright>
<metadata>
<codes class="bip:countries:1.0">
  <code code="NZ">
    <editdetail attribution="Reuters BIP Coding Group" action="confirmed" date="1997-07-06"/>
  </code>
  <code code="SAFR">
    <editdetail attribution="Reuters BIP Coding Group" action="confirmed" date="1997-07-06"/>
  </code>
</codes>
<codes class="bip:topics:1.0">
  <code code="GCAT">
    <editdetail attribution="Reuters BIP Coding Group" action="confirmed" date="1997-07-06"/>
  </code>
  <code code="GSPO">
    <editdetail attribution="Reuters BIP Coding Group" action="confirmed" date="1997-07-06"/>
  </code>
</codes>
<dc element="dc.publisher" value="Reuters Holdings Plc"/>
<dc element="dc.date.published" value="1997-07-06"/>
<dc element="dc.source" value="Reuters"/>
<dc element="dc.creator.location.country.name" value="NEW ZEALAND"/>
<dc element="dc.source" value="Reuters"/>
</metadata>
</newsitem>
