<?xml version="1.0" encoding="iso-8859-1" ?>
<newsitem itemid="709275" id="root" date="1997-07-06" xml:lang="en">
<title>AUSTRALIA: Top 20 Australian Dividend Yields - July 7.</title>
<headline>Top 20 Australian Dividend Yields - July 7.</headline>
<dateline>SYDNEY 1996-07-07</dateline>
<text>
<p>Twenty highest dividend yields for Australian companies included in the 320-share All Ordinaries Index based on closing prices on Friday.</p>
<p>Dividends based on rolling 12 months.</p>
<p>Yields are not grossed up for franking credits.</p>
<p>					   Dividend</p>
<p>Rank Name		     Yield    Close</p>
<p> 1   Mt Leyshon Gold	14.71    1.70</p>
<p> 2   Cudgen R.Z.	    10.20    2.45</p>
<p> 3   Natl Consol	     9.57    0.94</p>
<p> 4   Aust Tour		 9.26    0.81</p>
<p> 5   Prime Credit Tr	 9.18    1.06</p>
<p> 6   Prop Income Inv	 8.85    1.14</p>
<p> 7   BT Prop Trust	   8.54    1.91</p>
<p> 8   Centro Prop	     8.44    2.28</p>
<p> 9   Indu Property	   8.32    1.02</p>
<p>10   Sea World Prop	  8.21    1.45</p>
<p>11   Colonial Mutual	 8.14    1.31</p>
<p>12   Countrywide-PP	  8.13    1.25</p>
<p>13   Davids Limited	  8.06    1.24</p>
<p>14   Ipoh			8.00    2.25</p>
<p>15   Villa World	     7.87    1.27</p>
<p>16   Armstrong Retail	7.79    0.85</p>
<p>17   Schroder Prop	   7.77    2.38</p>
<p>18   Colonial Coml	   7.76    2.38</p>
<p>19   Natl In Prop	    7.76    1.13</p>
<p>20   Hills Inds		7.70    2.22</p>
<p>-- Sydney Newsroom 61-2 373-1800</p>
</text>
<copyright>(c) Reuters Limited 1997</copyright>
<metadata>
<codes class="bip:countries:1.0">
  <code code="AUSTR">
    <editdetail attribution="Reuters BIP Coding Group" action="confirmed" date="1997-07-06"/>
  </code>
</codes>
<codes class="bip:industries:1.0">
  <code code="I21000">
    <editdetail attribution="Reuters BIP Coding Group" action="confirmed" date="1997-07-06"/>
  </code>
  <code code="I22472">
    <editdetail attribution="Reuters BIP Coding Group" action="confirmed" date="1997-07-06"/>
  </code>
  <code code="I61000">
    <editdetail attribution="Reuters BIP Coding Group" action="confirmed" date="1997-07-06"/>
  </code>
  <code code="I66500">
    <editdetail attribution="Reuters BIP Coding Group" action="confirmed" date="1997-07-06"/>
  </code>
  <code code="I81502">
    <editdetail attribution="Reuters BIP Coding Group" action="confirmed" date="1997-07-06"/>
  </code>
  <code code="I8150206">
    <editdetail attribution="Reuters BIP Coding Group" action="confirmed" date="1997-07-06"/>
  </code>
  <code code="I83960">
    <editdetail attribution="Reuters BIP Coding Group" action="confirmed" date="1997-07-06"/>
  </code>
  <code code="I85000">
    <editdetail attribution="Reuters BIP Coding Group" action="confirmed" date="1997-07-06"/>
  </code>
  <code code="I8500029">
    <editdetail attribution="Reuters BIP Coding Group" action="confirmed" date="1997-07-06"/>
  </code>
</codes>
<codes class="bip:topics:1.0">
  <code code="C15">
    <editdetail attribution="Reuters BIP Coding Group" action="confirmed" date="1997-07-06"/>
  </code>
  <code code="C152">
    <editdetail attribution="Reuters BIP Coding Group" action="confirmed" date="1997-07-06"/>
  </code>
  <code code="CCAT">
    <editdetail attribution="Reuters BIP Coding Group" action="confirmed" date="1997-07-06"/>
  </code>
</codes>
<dc element="dc.date.created" value="1996-07-07"/>
<dc element="dc.publisher" value="Reuters Holdings Plc"/>
<dc element="dc.date.published" value="1997-07-06"/>
<dc element="dc.source" value="Reuters"/>
<dc element="dc.creator.location" value="SYDNEY"/>
<dc element="dc.creator.location.country.name" value="AUSTRALIA"/>
<dc element="dc.source" value="Reuters"/>
</metadata>
</newsitem>
