<?xml version="1.0" encoding="iso-8859-1" ?>
<newsitem itemid="709279" id="root" date="1997-07-06" xml:lang="en">
<title>AUSTRALIA: Australia Grains-El Nino uncertainty dogs wheat.</title>
<headline>Australia Grains-El Nino uncertainty dogs wheat.</headline>
<byline>James Regan</byline>
<dateline>MELBOURNE 1996-07-07</dateline>
<text>
<p>Added uncertainty is emerging over how much wheat Australia will produce in 1997/98 due to the El Nino weather pattern, which forecasters said promises to inflict drought on some growing regions.</p>
<p>For now, the Australian Wheat Board (AWB) said it is sticking with an estimate of around 18 million tonnes, although the Australian Bureau of Agricultural and Resource Economics (ABARE) has reiterated its forecast of only 16.3 million tonnes, based on the effects of El Nino.  </p>
<p>Weather experts meeting in Melbourne have left little doubt a major El Nino event is forming in the tropical Pacific Ocean. The phenomenom has the potential to overshadow the previous El Nino of the the 1990s and could reach proportions of the 1982/83 one, which caused widespread drought in Australia.</p>
<p>However, the forecasts did little to rattle local futures trading last week at the Sydney Futures Exchange.</p>
<p>Wheat futures saw no significant movement, with prices unchanged or firmer by between A$2 and A$4 a tonne, depending on locaion, the AWB noted.  </p>
<p>Central and southeastern New South Wales saw good rains over the previous weekend, easing concerns of drought in the region.</p>
<p>&quot;The market however, is still focussed on the dry conditions of the Victorian and South Australian Mallee and Central Eyre Peninsula and some of these areas may turn to barley, although their planting window extends to the end of July, &quot; the AWB said in its latest weekly grains report.</p>
<p>Old crop prices were underpinned by the tender results providing a price ceiling fro the trade around the low A$180 a tonne, deliverd to Port Kembla and Geelong, it said.  </p>
<p>June rainfall across much of southern Australia was significantly below average, consistent with the near-extreme low value of the southern oscillation index (SOI) and other strong El Nino characteristics, Australia's Bureau of Meteorology has warned.</p>
<p>Expectations the El Nino effect will persist for the rest of 1997 means there is a strong chance of significantly drier-than-normal conditions will prevail in comining months across much of eastern Australia.  </p>
<p>&quot;In terms of the warming of the water and the southern oscillation index, it is on a par with the 1982/83 pattern,&quot; Tom Spence, head of the climate observing system for the World Meteorological Organisation said.</p>
<p>The southern oscillation index is a measure of the difference in air pressure between Tahiti and Darwin, Australia. A low index means drought.</p>
<p>-- Melbourne newsroom 61-3 9286-1421</p>
</text>
<copyright>(c) Reuters Limited 1997</copyright>
<metadata>
<codes class="bip:countries:1.0">
  <code code="AUSTR">
    <editdetail attribution="Reuters BIP Coding Group" action="confirmed" date="1997-07-06"/>
  </code>
</codes>
<codes class="bip:industries:1.0">
  <code code="I01001">
    <editdetail attribution="Reuters BIP Coding Group" action="confirmed" date="1997-07-06"/>
  </code>
  <code code="I0100132">
    <editdetail attribution="Reuters BIP Coding Group" action="confirmed" date="1997-07-06"/>
  </code>
</codes>
<codes class="bip:topics:1.0">
  <code code="C21">
    <editdetail attribution="Reuters BIP Coding Group" action="confirmed" date="1997-07-06"/>
  </code>
  <code code="C24">
    <editdetail attribution="Reuters BIP Coding Group" action="confirmed" date="1997-07-06"/>
  </code>
  <code code="CCAT">
    <editdetail attribution="Reuters BIP Coding Group" action="confirmed" date="1997-07-06"/>
  </code>
  <code code="GCAT">
    <editdetail attribution="Reuters BIP Coding Group" action="confirmed" date="1997-07-06"/>
  </code>
  <code code="GWEA">
    <editdetail attribution="Reuters BIP Coding Group" action="confirmed" date="1997-07-06"/>
  </code>
  <code code="M14">
    <editdetail attribution="Reuters BIP Coding Group" action="confirmed" date="1997-07-06"/>
  </code>
  <code code="M141">
    <editdetail attribution="Reuters BIP Coding Group" action="confirmed" date="1997-07-06"/>
  </code>
  <code code="MCAT">
    <editdetail attribution="Reuters BIP Coding Group" action="confirmed" date="1997-07-06"/>
  </code>
</codes>
<dc element="dc.date.created" value="1996-07-07"/>
<dc element="dc.publisher" value="Reuters Holdings Plc"/>
<dc element="dc.date.published" value="1997-07-06"/>
<dc element="dc.source" value="Reuters"/>
<dc element="dc.creator.location" value="MELBOURNE"/>
<dc element="dc.creator.location.country.name" value="AUSTRALIA"/>
<dc element="dc.source" value="Reuters"/>
</metadata>
</newsitem>
