<?xml version="1.0" encoding="iso-8859-1" ?>
<newsitem itemid="709257" id="root" date="1997-07-06" xml:lang="en">
<title>MEXICO: Key facts about Mexico.</title>
<headline>Key facts about Mexico.</headline>
<dateline>MEXICO CITY 1997-07-06</dateline>
<text>
<p>The following is a profile of Mexico, which faces critical mid-term elections on Sunday in which the ruling Institutional Revolutionary Party (PRI) may suffer its biggest upset in 68 years of power.</p>
<p>AREA: 759,529 sq miles (1,967,183 sq km), with a varied geography ranging from lowland swamp to desert.</p>
<p>GEOGRAPHY: Mexico is bounded by the United States to the north, Guatemala to the south and Belize to the southeast. Its border with the United States is 1,864 miles (3,107 km) long.</p>
<p>POPULATION: 91.5 million (1995 estimate), with nearly a fifth -- about 17 million people -- crowded into the Mexico City valley ringed by volcanos and mountains.</p>
<p>Most Mexicans are mestizos, a blend of European and indigenous ancestry, with Indian blood predominating.</p>
<p>LANGUAGE: Spanish is the dominant language, but eight percent of the population also speak an indigenous language.</p>
<p>RELIGION: Ninety percent of Mexicans identify themselves as Catholic.</p>
<p>HISTORY: Mexico, named after the Mexica tribe which inhabited the central highlands when the Spaniards arrived in 1519, fell under Spanish rule two years later after Hernan Cortes defeated the Aztec stronghold of Tenochtitlan.</p>
<p>For the next 300 years, Spain ruled Mexico, which then included much of what is today the U.S. Southwest including Texas and California, and extracted its silver and gold.</p>
<p>After a failed uprising led by Father Miguel Hidalgo in 1810, Mexico won its independence from Spain in 1821.</p>
<p>Out of the turmoil following the 1910-17 Mexican Revolution was born in 1929 the National Revolutionary Party (PNR), which in 1946 became today's Institutional Revolutionary Party (PRI).</p>
<p>The PRI still runs the federal government, the presidency and 27 of the country's 31 states after 68 years of uninterrupted rule.</p>
<p>ECONOMY: GDP: $320 billion.</p>
<p>GDP per capita: $3,470</p>
<p>Economic growth: 5.1 percent in 1996</p>
<p>Inflation: 27.7 percent in 1996</p>
<p>Currency: The peso. Current exchange rate is 7.95 pesos per dollar</p>
<p>Foreign debt: $165 billion in 1996</p>
</text>
<copyright>(c) Reuters Limited 1997</copyright>
<metadata>
<codes class="bip:countries:1.0">
  <code code="MEX">
    <editdetail attribution="Reuters BIP Coding Group" action="confirmed" date="1997-07-06"/>
  </code>
</codes>
<codes class="bip:topics:1.0">
  <code code="ECAT">
    <editdetail attribution="Reuters BIP Coding Group" action="confirmed" date="1997-07-06"/>
  </code>
  <code code="GCAT">
    <editdetail attribution="Reuters BIP Coding Group" action="confirmed" date="1997-07-06"/>
  </code>
  <code code="GPOL">
    <editdetail attribution="Reuters BIP Coding Group" action="confirmed" date="1997-07-06"/>
  </code>
  <code code="GVOTE">
    <editdetail attribution="Reuters BIP Coding Group" action="confirmed" date="1997-07-06"/>
  </code>
</codes>
<dc element="dc.date.created" value="1997-07-06"/>
<dc element="dc.publisher" value="Reuters Holdings Plc"/>
<dc element="dc.date.published" value="1997-07-06"/>
<dc element="dc.source" value="Reuters"/>
<dc element="dc.creator.location" value="MEXICO CITY"/>
<dc element="dc.creator.location.country.name" value="MEXICO"/>
<dc element="dc.source" value="Reuters"/>
</metadata>
</newsitem>
