<?xml version="1.0" encoding="iso-8859-1" ?>
<newsitem itemid="709200" id="root" date="1997-07-06" xml:lang="en">
<title>SOUTH KOREA: Baseball-Results of S.Korean pro baseball games.</title>
<headline>Baseball-Results of S.Korean pro baseball games.</headline>
<dateline>SEOUL 1997-07-06</dateline>
<text>
<p>Results of South Korean professional baseball games played on Saturday.</p>
<p>    Haitai		  11	Lotte		2</p>
<p>    Samsung		  8	Hyundai	    3</p>
<p>    Ssangbangwool	  6	LG		   3</p>
<p>Standings after games played on Saturday: (tabulate under won, drawn, lost, winning percentage, games behind first place)</p>
<p>			  W   D    L     PCT	   GB</p>
<p>    LG		 41   2   24    .627	    -</p>
<p>    Haitai	   39   1   26    .598	    2</p>
<p>    Samsung	  36   4   25    .585	    3</p>
<p>    OB		 36   3   28    .560	4 1/2</p>
<p>    Ssangbangwool  31   0   30    .508	    8</p>
<p>    Hanwha	   24   2   39    .385	   16</p>
<p>    Hyundai	  25   3   41    .384     16 1/2</p>
<p>    Lotte	    22   1   41    .352	   18</p>
</text>
<copyright>(c) Reuters Limited 1997</copyright>
<metadata>
<codes class="bip:countries:1.0">
  <code code="SKOREA">
    <editdetail attribution="Reuters BIP Coding Group" action="confirmed" date="1997-07-06"/>
  </code>
</codes>
<codes class="bip:topics:1.0">
  <code code="GCAT">
    <editdetail attribution="Reuters BIP Coding Group" action="confirmed" date="1997-07-06"/>
  </code>
  <code code="GSPO">
    <editdetail attribution="Reuters BIP Coding Group" action="confirmed" date="1997-07-06"/>
  </code>
</codes>
<dc element="dc.date.created" value="1997-07-06"/>
<dc element="dc.publisher" value="Reuters Holdings Plc"/>
<dc element="dc.date.published" value="1997-07-06"/>
<dc element="dc.source" value="Reuters"/>
<dc element="dc.creator.location" value="SEOUL"/>
<dc element="dc.creator.location.country.name" value="SOUTH KOREA"/>
<dc element="dc.source" value="Reuters"/>
</metadata>
</newsitem>
