<?xml version="1.0" encoding="iso-8859-1" ?>
<newsitem itemid="709273" id="root" date="1997-07-06" xml:lang="en">
<title>AUSTRALIA: Australia says Cambodian peace accord doomed.</title>
<headline>Australia says Cambodian peace accord doomed.</headline>
<dateline>CANBERRA 1996-07-07</dateline>
<text>
<p>Australia on Monday said Cambodia's 1991 peace deal now appeared doomed and that it had despatched military aircraft for the possible evacuation of Australians from the troubled Southeast Asian nation.</p>
<p>Foreign Minister Alexander Downer said Cambodia's warring coalition government had collapsed and the October 1991 Paris peace accords ending three decades of fighting were unravelling.</p>
<p>&quot;Clearly, the breakdown in the coalition is now irretrievable,&quot; Downer said in a radio interview.</p>
<p>&quot;It's a tragic thing that the coalition that we hoped would remain in place until May of next year, when elections are scheduled to be held, has fallen apart in this sort of way. I do think the Paris peace accords are starting to unravel.&quot;</p>
<p>Downer said fighting between troops loyal to royalist First Prime Minister Prince Norodom Ranariddh and Second Prime Minister Hun Sen, a former communist ruler, had died down considerably overnight.</p>
<p>But it appeared Hun Sen's Cambodian People's Party (CPP) had taken control of the capital, Downer said. &quot;It would appear that the CPP forces have taken...90 percent of Phnom Penh and presumably seized control of the levers of government.&quot;</p>
<p>Prime Minister John Howard said an Australian military transport aircraft had been despatched to Malaysia and another was on its way to be on standby for the possible evacuation of more than 500 Australians stranded in Phnom Penh.</p>
<p>&quot;The information overnight is not good,&quot; Howard said in a television interview on Monday, but Downer said Australians would only be evacuated if it was considered safer than leaving them in Cambodia.</p>
<p>Hun Sen and Ranariddh formed an uneasy coalition government after United Nations-run elections in 1993, held under the 1991 peace accord. But the alliance has never been close and tensions and political violence have worsened over recent months.</p>
<p>But Australia said the international community would push for next year's elections to go ahead as scheduled.</p>
<p>&quot;There's no reason at this stage to believe the elections won't take place, but...it's important the elections are free, fair and open,&quot; Downer said.</p>
</text>
<copyright>(c) Reuters Limited 1997</copyright>
<metadata>
<codes class="bip:countries:1.0">
  <code code="AUSTR">
    <editdetail attribution="Reuters BIP Coding Group" action="confirmed" date="1997-07-06"/>
  </code>
  <code code="KAMPA">
    <editdetail attribution="Reuters BIP Coding Group" action="confirmed" date="1997-07-06"/>
  </code>
</codes>
<codes class="bip:topics:1.0">
  <code code="GCAT">
    <editdetail attribution="Reuters BIP Coding Group" action="confirmed" date="1997-07-06"/>
  </code>
  <code code="GDIP">
    <editdetail attribution="Reuters BIP Coding Group" action="confirmed" date="1997-07-06"/>
  </code>
  <code code="GVIO">
    <editdetail attribution="Reuters BIP Coding Group" action="confirmed" date="1997-07-06"/>
  </code>
</codes>
<dc element="dc.date.created" value="1996-07-07"/>
<dc element="dc.publisher" value="Reuters Holdings Plc"/>
<dc element="dc.date.published" value="1997-07-06"/>
<dc element="dc.source" value="Reuters"/>
<dc element="dc.creator.location" value="CANBERRA"/>
<dc element="dc.creator.location.country.name" value="AUSTRALIA"/>
<dc element="dc.source" value="Reuters"/>
</metadata>
</newsitem>
