<?xml version="1.0" encoding="iso-8859-1" ?>
<newsitem itemid="709294" id="root" date="1997-07-06" xml:lang="en">
<title>JAPAN: INSIGHT -JGBs seen edging upwards, focus on stocks.</title>
<headline>INSIGHT -JGBs seen edging upwards, focus on stocks.</headline>
<text>
<p>--------------------------------------------------------------</p>
<p>FUTURE RANGE/DAY   SPPRT    RSTNC    RSI-9   MA-5     MA-25</p>
<p>JGB 124.80-125.40  124.50   125.50   69 pct  124.54   123.68</p>
<p>OUTLOOK OF BOJ OPERATION AT 0020 GMT: DRAINAGE OF 200 BLN YEN</p>
<p>-------------VIEWS FROM THE MARKET - JULY 7 ------------------</p>
<p>*Key September 10-year JGB futures expected to edge upwards on Monday, supported by a tight supply/demand balance and positive technical charts, traders said.</p>
<p>*Tokyo share prices the primary focus, a trader for a city bank's securities unit said. If share prices continue to fall, JGBs will test upside, he said.</p>
</text>
<copyright>(c) Reuters Limited 1997</copyright>
<metadata>
<codes class="bip:countries:1.0">
  <code code="JAP">
    <editdetail attribution="Reuters BIP Coding Group" action="confirmed" date="1997-07-06"/>
  </code>
</codes>
<codes class="bip:topics:1.0">
  <code code="M12">
    <editdetail attribution="Reuters BIP Coding Group" action="confirmed" date="1997-07-06"/>
  </code>
  <code code="MCAT">
    <editdetail attribution="Reuters BIP Coding Group" action="confirmed" date="1997-07-06"/>
  </code>
</codes>
<dc element="dc.publisher" value="Reuters Holdings Plc"/>
<dc element="dc.date.published" value="1997-07-06"/>
<dc element="dc.source" value="Reuters"/>
<dc element="dc.creator.location.country.name" value="JAPAN"/>
<dc element="dc.source" value="Reuters"/>
</metadata>
</newsitem>
