<?xml version="1.0" encoding="iso-8859-1" ?>
<newsitem itemid="709292" id="root" date="1997-07-06" xml:lang="en">
<title>AUSTRALIA: Youth charged over Qantas bomb extortion threat.</title>
<headline>Youth charged over Qantas bomb extortion threat.</headline>
<dateline>SYDNEY 1997-07-06</dateline>
<text>
<p>A 17-year-old youth appeared in an Australian court on Sunday on a charge of trying to extort A$505,000 (US$379,000) from Qantas Airways Ltd with a threat to detonate a bomb on an aircraft flying from Sydney to Hong Kong on Friday.</p>
<p>A police prosecutor told an out-of-hours Children's Court hearing that police found information from the Internet on bomb-making at the youth's home when he was arrested.</p>
<p>&quot;He has accessed the Internet, where he has gleaned information relating to terrorist-type activity and gained information relating to the construction and detonation of explosive devices,&quot; prosecution sergeant Dave Perry told the court.</p>
<p>Perry said the teenager, from Belmore in Sydney's west, allegedly demanded payment of A$505,000 in used bank notes from Qantas or he would detonate by remote control a bomb he said he had placed on Qantas Flight 27, which had left Sydney for Hong Kong on Friday afternoon.</p>
<p>Perry did not tell the court whether a bomb was actually on the aircraft, which carried 95 passengers plus crew, and a Qantas spokeswoman said she could not make any comment.</p>
<p>The youth phoned Qantas about one-and-a-half hours after the flight's departure and made the threat using the pseudonym &quot;Mr Brown&quot;, Perry said.</p>
<p>The youth was not named because of his age. He did not enter a plea and was remanded in custody.</p>
</text>
<copyright>(c) Reuters Limited 1997</copyright>
<metadata>
<codes class="bip:countries:1.0">
  <code code="AUSTR">
    <editdetail attribution="Reuters BIP Coding Group" action="confirmed" date="1997-07-06"/>
  </code>
  <code code="HKONG">
    <editdetail attribution="Reuters BIP Coding Group" action="confirmed" date="1997-07-06"/>
  </code>
</codes>
<codes class="bip:industries:1.0">
  <code code="I75000">
    <editdetail attribution="Reuters BIP Coding Group" action="confirmed" date="1997-07-06"/>
  </code>
</codes>
<codes class="bip:topics:1.0">
  <code code="C12">
    <editdetail attribution="Reuters BIP Coding Group" action="confirmed" date="1997-07-06"/>
  </code>
  <code code="CCAT">
    <editdetail attribution="Reuters BIP Coding Group" action="confirmed" date="1997-07-06"/>
  </code>
  <code code="GCAT">
    <editdetail attribution="Reuters BIP Coding Group" action="confirmed" date="1997-07-06"/>
  </code>
  <code code="GCRIM">
    <editdetail attribution="Reuters BIP Coding Group" action="confirmed" date="1997-07-06"/>
  </code>
</codes>
<dc element="dc.date.created" value="1997-07-06"/>
<dc element="dc.publisher" value="Reuters Holdings Plc"/>
<dc element="dc.date.published" value="1997-07-06"/>
<dc element="dc.source" value="Reuters"/>
<dc element="dc.creator.location" value="SYDNEY"/>
<dc element="dc.creator.location.country.name" value="AUSTRALIA"/>
<dc element="dc.source" value="Reuters"/>
</metadata>
</newsitem>
