<?xml version="1.0" encoding="iso-8859-1" ?>
<newsitem itemid="709220" id="root" date="1997-07-06" xml:lang="en">
<title>RUSSIA: Leftist group plants explosives to protect Lenin.</title>
<headline>Leftist group plants explosives to protect Lenin.</headline>
<byline>Anatoly Verbin</byline>
<dateline>MOSCOW 1997-07-06</dateline>
<text>
<p>Police removed seven packets of plastic explosives from a huge monument in Moscow on Sunday, and a radical leftist group said it had planted them to protest against plans to bury Bolshevik leader Vladimir Lenin's body.</p>
<p>A police spokesman said the packages, containg altogether 1.4 kg (3 lbs) of plastic explosive, had been found and removed from the giant 60-metre (196 ft) statue of 18th century Tsar Peter the Great on the bank of the Moskva River.</p>
<p>He said no detonators had been found.</p>
<p>Early on Sunday, a group calling itself the Revolutionary Military Council faxed a statement to Interfax news agency saying it had planted the explosives inside the monument but decided not to set them off for fear of hurting innocent victims.</p>
<p>It said the explosives had been planted out of &quot;revenge against those lowly politicians who have started a foul press debate over reburial of the leader of the world proletariat, Vladimir Ilyich Lenin&quot;.</p>
<p>The statement threatened &quot;adequate measures of proletarian defence against initiators and instigators&quot; of the discussion on Lenin's burial.</p>
<p>A group with the same name claimed responsibility for blowing up Moscow's only monument to Russia's last tsar, Nicholas II, on April 1. The 10-metre (30 ft) bronze statue was only erected last year.</p>
<p>Lenin's embalmed body in its mausoleum on Red Square has been at the centre of heated public debate since President Boris Yeltsin's call for a national referendum on whether to bury it.</p>
<p>Yeltsin, who has long supported the removal and burial of the corpse, says it is un-Christian to keep a dead body on display and argues that the leader of the 1917 Russian Revolution had himself wanted to be buried.</p>
<p>The communists have aggressively denounced Yeltsin's proposal as &quot;sacrilegious&quot;, saying that no one can deny Lenin's role in turning the Soviet Union into a superpower feared by the rest of the world. They say Lenin never expressed any wish for the fate of his body.</p>
<p>The communists warn that any attempt to remove Lenin from Red Square could prompt public unrest around the country.</p>
<p>Last month the opposition-dominated State Duma, the lower house of parliament, passed a resolution urging Russian citizens and the authorities to oppose the burial of Lenin.</p>
<p>The Duma branded attempts to remove his body &quot;an act of political revenge against Lenin&quot; that would ruin the square's historical associations.</p>
<p>Peter the Great's monument, the latest work  of monumentalist sculptor Zurab Tsereteli, is itself a subject of public dispute.</p>
<p>The work shows the tsar, holding a ship's wheel as a symbol of the Russian fleet he created, on a huge spiked pedestal in the style of the bows of an ancient Roman warship. The monument looks something like a dragon's tail.</p>
<p>A group of intellectuals had demanded the demolition of the monument, whose overall cost is estimated at 100 billion roubles ($17.5 million). But a special commission, set up after Yeltsin added his voice to Tsereteli's critics, decided to recommend the monument be left in place.</p>
<p>Tsereteli told Interfax he was shocked by Sunday's incident and considered it &quot;barbaric&quot; to try to blow up his yet unfinished work. He said it was an insult to all Russians.</p>
</text>
<copyright>(c) Reuters Limited 1997</copyright>
<metadata>
<codes class="bip:countries:1.0">
  <code code="RUSS">
    <editdetail attribution="Reuters BIP Coding Group" action="confirmed" date="1997-07-06"/>
  </code>
</codes>
<codes class="bip:topics:1.0">
  <code code="GCAT">
    <editdetail attribution="Reuters BIP Coding Group" action="confirmed" date="1997-07-06"/>
  </code>
  <code code="GCRIM">
    <editdetail attribution="Reuters BIP Coding Group" action="confirmed" date="1997-07-06"/>
  </code>
  <code code="GVIO">
    <editdetail attribution="Reuters BIP Coding Group" action="confirmed" date="1997-07-06"/>
  </code>
</codes>
<dc element="dc.date.created" value="1997-07-06"/>
<dc element="dc.publisher" value="Reuters Holdings Plc"/>
<dc element="dc.date.published" value="1997-07-06"/>
<dc element="dc.source" value="Reuters"/>
<dc element="dc.creator.location" value="MOSCOW"/>
<dc element="dc.creator.location.country.name" value="RUSSIA"/>
<dc element="dc.source" value="Reuters"/>
</metadata>
</newsitem>
