<?xml version="1.0" encoding="iso-8859-1" ?>
<newsitem itemid="709235" id="root" date="1997-07-06" xml:lang="en">
<title>BULGARIA: FEATURE - Euphoria fades, problems remain for Bulgarian youth.</title>
<headline>FEATURE - Euphoria fades, problems remain for Bulgarian youth.</headline>
<byline>Galina Sabeva</byline>
<dateline>SOFIA 1997-07-06</dateline>
<text>
<p>A derelict basement by the construction site of the Sofia metro is an unpromising place for a nightclub, but the Muddy Cafe draws a regular crowd of young Bulgarians seeking escape from the gloom outside.</p>
<p>Taking its name from its surroundings, it offers the latest punk and techno hits to its disaffected clientele, whose future is as uncertain as that of the semi-abandoned building site.</p>
<p>Club DJ Ivailo Stanchev, known as Fozzy, was one of thousands of youngsters who joined month-long mass street protests which ousted the ex-communist government in February, paving the way for long-awaited change.</p>
<p>But as the euphoria died down, the 26-year-old found not much had changed for him and his friends.</p>
<p>&quot;The faces are the same, their problems are the same, only the hits I play are new,&quot; he said.</p>
<p>Fozzy works at the Muddy from about midnight to 5 a.m. and also plays at private parties to make ends meet.</p>
<p>&quot;Economic and political turmoil end at the Muddy's entrance, here we can forget about the uncertainty of life and just enjoy ourselves,&quot; said Krasi Petrov, who spends his nights at the club. &quot;We are not running away from reality, this is our reality.&quot;</p>
<p>FUTURE IS A MESS FOR YOUTH</p>
<p>Petrov, who has finished technical school and works as a technician at a heating plant, says that on his miserable salary the club has one more important advantage -- cheap beer.</p>
<p>The Muddy Cafe was set up in the bare cellar of a derelict house in the early 1990s after the collapse of 45 years of totalitarian rule.</p>
<p>The ousting of communist dictator Todor Zhivkov at the end of 1989 freed young people from the relentless grip of the Communist Party and its youth organisation, the Komsomol, but brought new problems unknown to their predecessors.</p>
<p>Nearly 90,000 young Bulgarians left their country in 1990 alone, fleeing economic crisis and poor employment prospects. Almost all went to Western Europe or Canada.</p>
<p>Seven years later, after lip service to economic reform by eight mostly Socialist-dominated governments led the country to the biggest crisis in its recent history, the young people who stayed said their future seemed a total mess.</p>
<p>&quot;Finding a job is difficult, but even if you get one the pay is miserable,&quot; said Petrov's friend Tomislava Sotirova, 22, who is finishing teacher training at Sofia University.</p>
<p>At the height of the economic crisis last winter, teachers were forced to stay at home because their daily transport fare added up to more than their salaries.</p>
<p>&quot;I don't see any point in looking for a job... I want to leave this country, but where shall I go?&quot; Sotirova said.</p>
<p>HIGH UNEMPLOYMENT BOOSTS DRUGS AND CRIME</p>
<p>One in eight Bulgarians is unemployed and the rate is set to rise further as the country introduces belated structural reforms.</p>
<p>Of the 56,207 jobless people who registered with the National Labour Exchange in May more than 23 percent were under 24 years old.</p>
<p>&quot;The high long-term unemployment among young people provokes social insecurity and the destructive feeling of a lack of prospects, it fosters drug addiction and criminal activities,&quot; the United Nations Development Programme said in a report published last month.</p>
<p>The Union of Democratic Forces (UDF), which won an early general election in April, praised young people as the backbone of the winter protests but has been unable to offer concrete pledges for their future.</p>
<p>The UDF cabinet in office since mid-May has taken ambitious steps to stabilise the economy, improve welfare, fight crime and bring Bulgaria closer to the European Union and NATO. It also hopes to revive the Sofia metro, whose construction was begun in the 1980s.</p>
<p>&quot;One of Bulgaria's main problems is the economic and physical survival of the young people,&quot; said Sasho Stoyanov, the UDF parliamentary deputy in charge of youth issues.</p>
<p>&quot;This is the country's biggest asset -- a new generation which has not been deformed by communist ideology and can build a new Bulgaria within a united Europe,&quot; he said.</p>
<p>But the high hopes of the new government have yet to filter down to the dancers crammed in the bare basement of the Muddy Cafe. &quot;They just want to listen to the music and forget,&quot; Fozzy said.</p>
</text>
<copyright>(c) Reuters Limited 1997</copyright>
<metadata>
<codes class="bip:countries:1.0">
  <code code="BUL">
    <editdetail attribution="Reuters BIP Coding Group" action="confirmed" date="1997-07-06"/>
  </code>
</codes>
<codes class="bip:topics:1.0">
  <code code="E12">
    <editdetail attribution="Reuters BIP Coding Group" action="confirmed" date="1997-07-06"/>
  </code>
  <code code="E41">
    <editdetail attribution="Reuters BIP Coding Group" action="confirmed" date="1997-07-06"/>
  </code>
  <code code="ECAT">
    <editdetail attribution="Reuters BIP Coding Group" action="confirmed" date="1997-07-06"/>
  </code>
  <code code="GCAT">
    <editdetail attribution="Reuters BIP Coding Group" action="confirmed" date="1997-07-06"/>
  </code>
  <code code="GCRIM">
    <editdetail attribution="Reuters BIP Coding Group" action="confirmed" date="1997-07-06"/>
  </code>
  <code code="GJOB">
    <editdetail attribution="Reuters BIP Coding Group" action="confirmed" date="1997-07-06"/>
  </code>
  <code code="GPOL">
    <editdetail attribution="Reuters BIP Coding Group" action="confirmed" date="1997-07-06"/>
  </code>
</codes>
<dc element="dc.date.created" value="1997-07-06"/>
<dc element="dc.publisher" value="Reuters Holdings Plc"/>
<dc element="dc.date.published" value="1997-07-06"/>
<dc element="dc.source" value="Reuters"/>
<dc element="dc.creator.location" value="SOFIA"/>
<dc element="dc.creator.location.country.name" value="BULGARIA"/>
<dc element="dc.source" value="Reuters"/>
</metadata>
</newsitem>
