<?xml version="1.0" encoding="iso-8859-1" ?>
<newsitem itemid="709204" id="root" date="1997-07-06" xml:lang="en">
<title>DEMOCRATIC REPUBLIC OF CONGO: Mobutu troops terrorise new Congo residents.</title>
<headline>Mobutu troops terrorise new Congo residents.</headline>
<byline>Arthur Malu-Malu</byline>
<dateline>KINSHASA 1997-07-06</dateline>
<text>
<p>Remnants of the defeated army of dictator Mobutu Sese Seko are terrorising the Democratic Republic of Congo's eastern Kasai province, local residents said on Sunday.</p>
<p>They said the notoriously indisciplined soldiers had wreaked havoc in the Sankuru region in Kasai and called on President Laurent Kabila's forces to mop up the last pockets of resistance there.</p>
<p>&quot;We don't know where these soldiers came from, but they have done so much harm to the locals. They have caused so much damage at gun point,&quot; Henri Lokandja, a Sankuru student who recently arrived in Kinshasa, told Reuters.</p>
<p>Speaking on state radio, a Sankuru resident said, &quot;The ex-FAZ (Zaire army) are terrorising everybody there. They are looting, stealing, raping women and killing. They have so far burned down 30 houses.&quot;</p>
<p>He said most of the 6,000 Sankuru inhabitants had fled into a nearby forest.</p>
<p>State television said on Saturday that a  delegation of Sankuru residents held talks with Interior minister Mwenze Kongolo in Kinshasa about the lack of security . The minister had promised to address the problem.</p>
<p>It quoted the minister as saying that the Alliance forces did not control Sankuru, which contains many towns including Lodja, Lomela and Lubefu.</p>
<p>Kabila's Tutsi-dominated Alliance forces launched a rebellion in eastern Kivu last October. They marched across the vast Central African country with no strong resistance from veteran president Mobutu's ragtag army.</p>
<p>They triumphantly entered the capital Kinshasa in May, putting an end to Mobutu's 32-year dictatorship.</p>
<p>Kabila has proclaimed himself president with sweeping powers. He has pledged to turn former Zaire, renamed Democratic Republic of the Congo, into a prosperous and peaceful state.</p>
<p>But the crime rate is still high in the nation of over 40 million people. Killings are regularly reported around the country, blamed on members of the disbanded army.</p>
<p>Jean Kalamasa, who does business in the interior of the country, said his trucks would not leave the capital until peace was restored to the Sankuru region.</p>
<p>&quot;They (soldiers) have to be stopped from misbehaving. The whole country has been liberated apart from that part of eastern Kasai,&quot; Kalamasa told Reuters.</p>
<p>Defeated soldiers have been told to go to a training centre in Kitona, 400 km (240 miles) south-west of Kinshasa, to be absorbed into the new goverenment army.</p>
<p>Many have refused, describing the order as humiliating.</p>
</text>
<copyright>(c) Reuters Limited 1997</copyright>
<metadata>
<codes class="bip:countries:1.0">
  <code code="ZAIRE">
    <editdetail attribution="Reuters BIP Coding Group" action="confirmed" date="1997-07-06"/>
  </code>
</codes>
<codes class="bip:topics:1.0">
  <code code="GCAT">
    <editdetail attribution="Reuters BIP Coding Group" action="confirmed" date="1997-07-06"/>
  </code>
  <code code="GVIO">
    <editdetail attribution="Reuters BIP Coding Group" action="confirmed" date="1997-07-06"/>
  </code>
</codes>
<dc element="dc.date.created" value="1997-07-06"/>
<dc element="dc.publisher" value="Reuters Holdings Plc"/>
<dc element="dc.date.published" value="1997-07-06"/>
<dc element="dc.source" value="Reuters"/>
<dc element="dc.creator.location" value="KINSHASA"/>
<dc element="dc.creator.location.country.name" value="DEMOCRATIC REPUBLIC OF CONGO"/>
<dc element="dc.source" value="Reuters"/>
</metadata>
</newsitem>
