<?xml version="1.0" encoding="iso-8859-1" ?>
<newsitem itemid="709262" id="root" date="1997-07-06" xml:lang="en">
<title>AUSTRALIA: Australia bond yields creep up a tad awaiting jobs.</title>
<headline>Australia bond yields creep up a tad awaiting jobs.</headline>
<dateline>SYDNEY 1996-07-07</dateline>
<text>
<p>----------(Snapshot at 9.00 A.M./2300 GMT)------------------</p>
<p>FUTURES					  CASH YIELD</p>
<p>90-DAY BILLS  (SEP) 94.83  (- 0.03)    5.35    (UNCH)</p>
<p>3-YR T-BONDS  (SEP) 94.01  (- 0.02)    5.74    (+ 0.04)</p>
<p>10-YR T-BONDS (SEP) 93.180 (-0.010)    6.81    (+ 0.02)</p>
<p>AUD/USD  0.7478 (PREV 0.7519) US 30-YR  6.62 THURSDAY'S CLOSE</p>
<p>---------------------(July 7)-------------------------------</p>
<p>*Australian bond yields crept up slightly in early trading as the market lacked immediate incentives to plough on with last week's hefty rally in front of Thursday's key labour force data. *ANZ job ads data due at 11.30 a.m. (0130 GMT).</p>
<p>Australian bond yields crept up slightly in early trading as the market lacked immediate incentives to plough on with last week's hefty rally in front of Thursday's key labour force data.</p>
<p>&quot;The market has had an extremely good run, but it hasn't really got too much to go on before the jobs data. So for now technicals are going to rule the roost,&quot; said one trader.</p>
<p>September 10-year bond futures struck a fresh contract high of 93.210 high in after hours trading, taking the equivalent yield well below 6.80 percent and it lowest level since mid-February 1994.  </p>
<p>However, technical analysts feel that the short-end of the futures curve needs to catch up on the long end's advance before the 10-year contract can realistically progress further to the next resistance level of 93.250.</p>
<p>The 10-year contract put on over 30 basis points last week, while the three-year added under 20 basis points, with the long end benefitting from a firm U.S. treasury market and offshore demand which was seen triggered by Moody's decision to Australia's credit ratings on a positive outlook.</p>
<p>The short end, meanwhile, continues to mull over the possibility of an easing in monetary policy.  </p>
<p>However, such thoughts are likely to hinge on the outcome of Thursday's June labour force data.</p>
<p>Median forecasts centre on a 40,250 rebound in employment, which would practically wipe out the 40,300 fall in May, although a much stronger figure would be need to cancel calls for a cut in current 5.5 percent official interest rates.</p>
<p>Economists expect unemployment to remain high at a median 8.7 percent, and only just below May's 8.8 percent, according to a Reuters survey.</p>
<p>Meanwhile, local interest is likely to be thin at the start of the week in the aftermath of Friday's U.S. holiday.</p>
<p>---------------------(SPREADS)---------------------------</p>
<p> AUD VS   3-YR	   10-YR	* AUD 3-YR/10-YR SPREAD</p>
<p> USD	-32 (+ 03)    51 (+ 01) * FUTURES  83    (- 00.5)</p>
<p> CAD	 91 (+ 04)    71 (+ 01) * CASH     107   (- 02)</p>
<p> NZD	-95 (+ 02)   -11 (- 02) *</p>
<p>---------------------------------------------------------</p>
<p>The local market's minor retracement in thin trading conditions saw it showing a mild underperforming bias against the U.S. and Canada, giving up some of last week's strong spread tightening.  </p>
<p>-------------------(TECHNICALS)--------------------------------</p>
<p>FUTURES     *SUP-RES	 *2ND SUP-RES   *3RD SUP-RES   *RSI</p>
<p>10-YEAR(SEP)*93.140-93.250 *93.100-93.310 *93.000-91.360 *75.21</p>
<p>3-YEAR (SEP)*93.95-94.08   *93.88-94.12   *93.83-94.18   *70.20</p>
<p>90-DAY (SEP)*94.80-94.85   *94.77-94.92   *94.72-94.97   *61.82</p>
<p>---------------------------------------------------------------</p>
<p>--Colin Brinsden 61-2 9373-1800</p>
</text>
<copyright>(c) Reuters Limited 1997</copyright>
<metadata>
<codes class="bip:countries:1.0">
  <code code="AUSTR">
    <editdetail attribution="Reuters BIP Coding Group" action="confirmed" date="1997-07-06"/>
  </code>
</codes>
<codes class="bip:topics:1.0">
  <code code="M12">
    <editdetail attribution="Reuters BIP Coding Group" action="confirmed" date="1997-07-06"/>
  </code>
  <code code="MCAT">
    <editdetail attribution="Reuters BIP Coding Group" action="confirmed" date="1997-07-06"/>
  </code>
</codes>
<dc element="dc.date.created" value="1996-07-07"/>
<dc element="dc.publisher" value="Reuters Holdings Plc"/>
<dc element="dc.date.published" value="1997-07-06"/>
<dc element="dc.source" value="Reuters"/>
<dc element="dc.creator.location" value="SYDNEY"/>
<dc element="dc.creator.location.country.name" value="AUSTRALIA"/>
<dc element="dc.source" value="Reuters"/>
</metadata>
</newsitem>
