<?xml version="1.0" encoding="iso-8859-1" ?>
<newsitem itemid="709233" id="root" date="1997-07-06" xml:lang="en">
<title>RUSSIA: Police find explosives at Moscow monument.</title>
<headline>Police find explosives at Moscow monument.</headline>
<dateline>MOSCOW 1997-07-06</dateline>
<text>
<p>Police removed seven packets of plastic explosives on Sunday from a huge monument in Moscow, and a radical leftist group said it planted them to protest against plans to bury Bolshevik leader Vladimir Lenin's body.</p>
<p>A police spokesman said the packages, containg altogether 1.4 kg (3 lbs) of plastic explosive, had been found and removed from the giant 60-metre (196 ft) statue of 18th century Tsar Peter the Great on the bank of the Moskva River.</p>
<p>He said no detonators had been found.</p>
<p>Early on Sunday, a group calling itself the  Revolutionary Military Council faxed a statement to Russia's Interfax news agency saying it had planted the explosives inside the monument but decided not to set them off for fear of causing innocent victims.</p>
<p>It said the explosives had been planted out of &quot;revenge against those lowly politicians who have started a foul press debate over reburial of the leader of the world proletariat, Vladimir Ilyich Lenin&quot;.</p>
<p>Lenin's embalmed body in its mausoleum on Red Square has been at the centre of heated public debate since President Boris Yeltsin's call for a national referendum on whether to bury it.</p>
<p>The president has long supported the removal and burial of the corpse, but Communists want to keep it on public display out of reverenece towards the leader of the 1917 Russian Revolution.</p>
</text>
<copyright>(c) Reuters Limited 1997</copyright>
<metadata>
<codes class="bip:countries:1.0">
  <code code="RUSS">
    <editdetail attribution="Reuters BIP Coding Group" action="confirmed" date="1997-07-06"/>
  </code>
</codes>
<codes class="bip:topics:1.0">
  <code code="GCAT">
    <editdetail attribution="Reuters BIP Coding Group" action="confirmed" date="1997-07-06"/>
  </code>
  <code code="GCRIM">
    <editdetail attribution="Reuters BIP Coding Group" action="confirmed" date="1997-07-06"/>
  </code>
</codes>
<dc element="dc.date.created" value="1997-07-06"/>
<dc element="dc.publisher" value="Reuters Holdings Plc"/>
<dc element="dc.date.published" value="1997-07-06"/>
<dc element="dc.source" value="Reuters"/>
<dc element="dc.creator.location" value="MOSCOW"/>
<dc element="dc.creator.location.country.name" value="RUSSIA"/>
<dc element="dc.source" value="Reuters"/>
</metadata>
</newsitem>
