<?xml version="1.0" encoding="iso-8859-1" ?>
<newsitem itemid="709373" id="root" date="1997-07-06" xml:lang="en">
<title>CHINA: China says price gap behind copper shipments.</title>
<headline>China says price gap behind copper shipments.</headline>
<dateline>BEIJING 1997-07-06</dateline>
<text>
<p>China's planned delivery of up to 10,000 tonnes of copper to Singapore warehouses is the result of low domestic prices and not an attempt to flood the world market, the China Daily Business Weekly said on Sunday.</p>
<p>China should export up to 50,000 tonnes of copper to help to balance a domestic market hit by heavy imports and restrained demand, the newspaper quoted an official of the China Nonferrous Metals Import and Export Corp as saying.</p>
<p>The newspaper gave no timescale for the suggested exports.</p>
<p>It dismissed suggestions from traders that the delivery of 8,000 to 10,000 tonnes of copper to London Metal Exchange (LME) warehouses in Singapore, announced in June, was a ploy to drive down international prices and allow future purchases.</p>
<p>At 23,000 yuan ($2,770) a tonne, the price of domestic copper was well below the 27,000 yuan final price tag on imported copper, a gap that had prompted the exports, it said.</p>
<p>($1 = 8.3 yuan)</p>
<p>-- Beijing Newsroom (8610) 6532 1921</p>
</text>
<copyright>(c) Reuters Limited 1997</copyright>
<metadata>
<codes class="bip:countries:1.0">
  <code code="CHINA">
    <editdetail attribution="Reuters BIP Coding Group" action="confirmed" date="1997-07-06"/>
  </code>
  <code code="SINGP">
    <editdetail attribution="Reuters BIP Coding Group" action="confirmed" date="1997-07-06"/>
  </code>
</codes>
<codes class="bip:industries:1.0">
  <code code="I22400">
    <editdetail attribution="Reuters BIP Coding Group" action="confirmed" date="1997-07-06"/>
  </code>
  <code code="I22460">
    <editdetail attribution="Reuters BIP Coding Group" action="confirmed" date="1997-07-06"/>
  </code>
</codes>
<codes class="bip:topics:1.0">
  <code code="C31">
    <editdetail attribution="Reuters BIP Coding Group" action="confirmed" date="1997-07-06"/>
  </code>
  <code code="C312">
    <editdetail attribution="Reuters BIP Coding Group" action="confirmed" date="1997-07-06"/>
  </code>
  <code code="CCAT">
    <editdetail attribution="Reuters BIP Coding Group" action="confirmed" date="1997-07-06"/>
  </code>
  <code code="M14">
    <editdetail attribution="Reuters BIP Coding Group" action="confirmed" date="1997-07-06"/>
  </code>
  <code code="M142">
    <editdetail attribution="Reuters BIP Coding Group" action="confirmed" date="1997-07-06"/>
  </code>
  <code code="MCAT">
    <editdetail attribution="Reuters BIP Coding Group" action="confirmed" date="1997-07-06"/>
  </code>
</codes>
<dc element="dc.date.created" value="1997-07-06"/>
<dc element="dc.publisher" value="Reuters Holdings Plc"/>
<dc element="dc.date.published" value="1997-07-06"/>
<dc element="dc.source" value="Reuters"/>
<dc element="dc.creator.location" value="BEIJING"/>
<dc element="dc.creator.location.country.name" value="CHINA"/>
<dc element="dc.source" value="Reuters"/>
</metadata>
</newsitem>
