<?xml version="1.0" encoding="iso-8859-1" ?>
<newsitem itemid="709398" id="root" date="1997-07-06" xml:lang="en">
<title>DUBAI: PLO receives $1 million in donations from Saudi.</title>
<headline>PLO receives $1 million in donations from Saudi.</headline>
<dateline>DUBAI 1997-07-06</dateline>
<text>
<p>Saudi Arabia on Sunday sent the Palestine Liberation Organisation $1 million in donations.</p>
<p>The Saudi Press Agency said the transfer to the PLO by the Popular Committee for the Support of the Mujahideen of Palestine was the first since the Islamic year started in May.</p>
<p>Palestinians in the diaspora are obliged to pay five percent of their salaries to the PLO. Most Gulf Arab states collect the funds and transfer them to the PLO every two months in addition to private donations and generous state grants.</p>
</text>
<copyright>(c) Reuters Limited 1997</copyright>
<metadata>
<codes class="bip:countries:1.0">
  <code code="ISRAEL">
    <editdetail attribution="Reuters BIP Coding Group" action="confirmed" date="1997-07-06"/>
  </code>
  <code code="SAARAB">
    <editdetail attribution="Reuters BIP Coding Group" action="confirmed" date="1997-07-06"/>
  </code>
</codes>
<codes class="bip:topics:1.0">
  <code code="GCAT">
    <editdetail attribution="Reuters BIP Coding Group" action="confirmed" date="1997-07-06"/>
  </code>
  <code code="GDIP">
    <editdetail attribution="Reuters BIP Coding Group" action="confirmed" date="1997-07-06"/>
  </code>
</codes>
<dc element="dc.date.created" value="1997-07-06"/>
<dc element="dc.publisher" value="Reuters Holdings Plc"/>
<dc element="dc.date.published" value="1997-07-06"/>
<dc element="dc.source" value="Reuters"/>
<dc element="dc.creator.location" value="DUBAI"/>
<dc element="dc.creator.location.country.name" value="DUBAI"/>
<dc element="dc.source" value="Reuters"/>
</metadata>
</newsitem>
