<?xml version="1.0" encoding="iso-8859-1" ?>
<newsitem itemid="709354" id="root" date="1997-07-06" xml:lang="en">
<title>TAIWAN: Taiwan to build fast boats carrying missiles - paper.</title>
<headline>Taiwan to build fast boats carrying missiles - paper.</headline>
<dateline>TAIPEI 1997-07-06</dateline>
<text>
<p>Taiwan's navy will build self-designed high-speed patrol boats carrying missiles to replace 50 existing missile-loaded vessels, the local China Times newspaper reported on Sunday.</p>
<p>The paper said the new boats would be large, but it did not specify capacity or weight. It did not mention how many the navy planned to build or how much it would cost.</p>
<p>The paper said the design of the new boats was almost complete, and the navy would soon seek to have tenders called to build them.</p>
<p>Navy officials were unvailable for comment, and a defence ministry spokesman said the ministry was unaware of the report.</p>
<p>&quot;We could not comment now. ...So far we don't know anything about this,&quot; the spokesman said by telephone.</p>
<p>Taiwan has ordered six Lafayettte-class missile frigates from France and has taken delivery of two so far.</p>
<p>Taiwan maintains it needs advanced weapons to counter the rapid military modernisation of China, the island's arch rival since a civil war split them in 1949.</p>
<p>China held war games and missile tests in the Taiwan Strait in the weeks before Taiwan's presidential election in March 1996 in what Beijing acknowledged was a bid to dissuade the island from pursuing independence.</p>
<p>Beijing vows to retake Taiwan by force if the island opts for independence.</p>
</text>
<copyright>(c) Reuters Limited 1997</copyright>
<metadata>
<codes class="bip:countries:1.0">
  <code code="TAIWAN">
    <editdetail attribution="Reuters BIP Coding Group" action="confirmed" date="1997-07-06"/>
  </code>
</codes>
<codes class="bip:industries:1.0">
  <code code="I36101">
    <editdetail attribution="Reuters BIP Coding Group" action="confirmed" date="1997-07-06"/>
  </code>
</codes>
<codes class="bip:topics:1.0">
  <code code="C33">
    <editdetail attribution="Reuters BIP Coding Group" action="confirmed" date="1997-07-06"/>
  </code>
  <code code="C331">
    <editdetail attribution="Reuters BIP Coding Group" action="confirmed" date="1997-07-06"/>
  </code>
  <code code="CCAT">
    <editdetail attribution="Reuters BIP Coding Group" action="confirmed" date="1997-07-06"/>
  </code>
  <code code="GCAT">
    <editdetail attribution="Reuters BIP Coding Group" action="confirmed" date="1997-07-06"/>
  </code>
  <code code="GDEF">
    <editdetail attribution="Reuters BIP Coding Group" action="confirmed" date="1997-07-06"/>
  </code>
</codes>
<dc element="dc.date.created" value="1997-07-06"/>
<dc element="dc.publisher" value="Reuters Holdings Plc"/>
<dc element="dc.date.published" value="1997-07-06"/>
<dc element="dc.source" value="Reuters"/>
<dc element="dc.creator.location" value="TAIPEI"/>
<dc element="dc.creator.location.country.name" value="TAIWAN"/>
<dc element="dc.source" value="Reuters"/>
</metadata>
</newsitem>
