<?xml version="1.0" encoding="iso-8859-1" ?>
<newsitem itemid="709363" id="root" date="1997-07-06" xml:lang="en">
<title>MALAYSIA: Malaysia new listings hot up as blue-chips cool.</title>
<headline>Malaysia new listings hot up as blue-chips cool.</headline>
<byline>Reme Ahmad</byline>
<dateline>KUALA LUMPUR 1997-07-06</dateline>
<text>
<p>Retail investors have begun turning to new share listings in Malaysia after becoming disenchanted by lagging blue chips, and analysts see the trend continuing in the medium-term.</p>
<p>The revival of small-capitalised issues on the Kuala Lumpur Stock Exchange (KLSE) was boosted by the return of trading syndicates who took losses in the past few months after the central bank announced measures to curb credit, they said.</p>
<p>&quot;I think there are syndicates behind these stocks,&quot; said Patrick Lim, president of the Malaysian Investors Association. &quot;Otherwise, with the general market weak, how can new listings command a premium to those already listed?&quot;</p>
<p>One newly-listed share, lingerie maker Audrey International (Malaysia) Bhd, triggered a stock exchange trading limit at its market debut, a rare occurrence.</p>
<p>Audrey opened trading on July 3 at 10.00 ringgit ($4.00), five times above its offer price of 2.00 ringgit. Potential buyers of the stock could only make further purchases if its price fell below 10.00 that day. It ended on Friday at 9.10 ringgit.</p>
<p>Analysts said prices of small-cap issues are easy to push higher due to the limited number of shares available to the public. A typical small company listing on the Second Board floats about only a quarter of its issued and paid-up share capital to the public.</p>
<p>&quot;They are easy to push. It's difficult to push up main board shares,&quot; said an institutional dealer at K&amp;N Kenanga stock brokerage.</p>
<p>Other Second Board stocks that have captured gains in heavy trading in the past few weeks include furniture maker Len Cheong Holding Bhd and toiletries producer Zaitun Bhd. Len Cheong listed on June 20 at 6.30 ringgit.</p>
<p>Zaitun was placed under trading restrictions on June 18 after its share price surged on apparent speculative buying. It listed on June 13 at 6.55 ringgit and ended on Friday at 11.80.</p>
<p>Trading syndicates -- individuals who group together to push up selected stocks -- are thought to be actively involved in boosting some of the shares, though nobody can say who exactly they are.</p>
<p>In contrast, institutional investors have been taking a lukewarm attitude toward Kuala Lumpur blue-chip stocks on concerns over still-firm interest rates and slower corporate earnings growth.</p>
<p>The March announcement by the central Bank Negara on credit curbs for property purchases also exposed worries of a property glut and started the share market's slide, analysts said.</p>
<p>From its peak of 1,270.67 points on February 28, the index of 100 large-capitalised issues on Friday ended at 1,073.31, 197.36 points or 15.53 percent below its highest level so far.</p>
<p>&quot;Interest rates are still quite firm. There's nothing much to tell my clients,&quot; said an equity sales manager at a Japanese brokerage in Singapore.</p>
<p>Other regional markets are also in vogue, attracting investors away from Malaysia. &quot;The action now is in Hong Kong and Thailand,&quot; said Gan Kim Khoon, research manager at SocGen-Crosby.</p>
<p>In Kuala Lumpur, analysts said the trend is likely to continue in the medium-term. &quot;For the next two, three months people are going for the speculatives, that's the trend we see,&quot; said the K&amp;N Kenanga dealer.</p>
<p>Demand to list Second Board shares also continued to be hot. A KLSE official said out of 38 companies listed on the exchange so far this year, 26 or two-thirds were headed for the smaller-capitalised sector.</p>
<p>($1=2.5 ringgit)</p>
</text>
<copyright>(c) Reuters Limited 1997</copyright>
<metadata>
<codes class="bip:countries:1.0">
  <code code="MALAY">
    <editdetail attribution="Reuters BIP Coding Group" action="confirmed" date="1997-07-06"/>
  </code>
</codes>
<codes class="bip:topics:1.0">
  <code code="M11">
    <editdetail attribution="Reuters BIP Coding Group" action="confirmed" date="1997-07-06"/>
  </code>
  <code code="MCAT">
    <editdetail attribution="Reuters BIP Coding Group" action="confirmed" date="1997-07-06"/>
  </code>
</codes>
<dc element="dc.date.created" value="1997-07-06"/>
<dc element="dc.publisher" value="Reuters Holdings Plc"/>
<dc element="dc.date.published" value="1997-07-06"/>
<dc element="dc.source" value="Reuters"/>
<dc element="dc.creator.location" value="KUALA LUMPUR"/>
<dc element="dc.creator.location.country.name" value="MALAYSIA"/>
<dc element="dc.source" value="Reuters"/>
</metadata>
</newsitem>
