<?xml version="1.0" encoding="iso-8859-1" ?>
<newsitem itemid="709335" id="root" date="1997-07-06" xml:lang="en">
<title>CHINA: 14 dead, 3 missing in south China floods - paper.</title>
<headline>14 dead, 3 missing in south China floods - paper.</headline>
<dateline>HONG KONG 1997-07-06</dateline>
<text>
<p>Heavy downpours caused severe flooding in the south China coastal province of Guangdong where 14 people have died and three are missing, a Hong Kong Chinese-language daily said on Sunday.</p>
<p>In the city of Maoming, the most affected region, 11 villagers were swept into a river as a bridge collapsed. Five people were drowned, the China-backed Ta Kung Pao said.</p>
<p>The report did not give further details.</p>
<p>Weather authorities in the provincial capital Guangzhou said the rainfall recorded this year was the highest for several decades.</p>
<p>The province had been hit by heavy rains since last week, but rainfall had been continuous and the capital city Guangzhou had seen only four dry days since the beginning of June, the report said.</p>
<p>Floods had caused the province economic losses estimated at over 300 million yuan (US$39 million), the paper said.</p>
<p>In central Guangdong's Qingxin city, heavy rainfall flooded farmland, trapped thousands of people and suspended the electricity supply, the report said.</p>
<p>Major roads in the eastern city of Jieyang were blocked, posing difficulties to the rescue work in the area.</p>
<p>According to the provincial government, the level of the Bei Jiang river, a tributary of the Yangtze river, exceeded warning levels on Friday.</p>
<p>The provincial government had already stepped up flood control measures and typhoon checks, the report said.</p>
</text>
<copyright>(c) Reuters Limited 1997</copyright>
<metadata>
<codes class="bip:countries:1.0">
  <code code="CHINA">
    <editdetail attribution="Reuters BIP Coding Group" action="confirmed" date="1997-07-06"/>
  </code>
  <code code="HKONG">
    <editdetail attribution="Reuters BIP Coding Group" action="confirmed" date="1997-07-06"/>
  </code>
</codes>
<codes class="bip:topics:1.0">
  <code code="GCAT">
    <editdetail attribution="Reuters BIP Coding Group" action="confirmed" date="1997-07-06"/>
  </code>
  <code code="GDIS">
    <editdetail attribution="Reuters BIP Coding Group" action="confirmed" date="1997-07-06"/>
  </code>
</codes>
<dc element="dc.date.created" value="1997-07-06"/>
<dc element="dc.publisher" value="Reuters Holdings Plc"/>
<dc element="dc.date.published" value="1997-07-06"/>
<dc element="dc.source" value="Reuters"/>
<dc element="dc.creator.location" value="HONG KONG"/>
<dc element="dc.creator.location.country.name" value="CHINA"/>
<dc element="dc.source" value="Reuters"/>
</metadata>
</newsitem>
