<?xml version="1.0" encoding="iso-8859-1" ?>
<newsitem itemid="709388" id="root" date="1997-07-06" xml:lang="en">
<title>ISRAEL: Israel destroys two tunnels linking Gaza, Egypt.</title>
<headline>Israel destroys two tunnels linking Gaza, Egypt.</headline>
<dateline>JERUSALEM 1997-07-06</dateline>
<text>
<p>The Israeli army on Sunday blew up two tunnels it said were dug illicitly by Palestinians for smuggling weapons from Egypt to the Gaza Strip.</p>
<p>&quot;The tunnels were exploded today. The army is investigating if weapons were transferred through the tunnels that were exposed,&quot; an army spokesman said.</p>
<p>He said the soldiers discovered the tunnels, linking the Egyptian and Palestinian sides of the border town Rafah, during a search along Israel's southern border with Egypt.</p>
<p>&quot;This tunnel (here) is about four and a half metres (15 feet) deep and it's big enough for a medium-sized person to pass through it,&quot; said an army commander who could be identified only as Colonel Lior.</p>
<p>&quot;I have almost no doubt that in the Palestinian Authority they know about its existence,&quot; he told reporters.</p>
<p>Palestinian officials have denied tunnels are used to smuggle weapons and said Israel refused to let them see the tunnels.</p>
<p>&quot;I don't think it's true,&quot; said Colonel Khaled Abu-Ola, commander of the Palestinian liaison office in southern Gaza.</p>
<p>The Palestinian Authority controls most of the Gaza Strip under a 1993 peace deal that left Israel in charge of overall security and border crossings.</p>
<p>Israel first found tunnels linking Gaza and Egypt in 1993, the same year it reached its landmark accord with the PLO. At the time the tunnels were used to smuggle food, weapons and wanted Palestinians in and out of Gaza, the army said.</p>
<p>Since then, Egyptian and Israeli security forces have found and destroyed more than 12 tunnels linking Rafah's two halves.</p>
</text>
<copyright>(c) Reuters Limited 1997</copyright>
<metadata>
<codes class="bip:countries:1.0">
  <code code="EGYPT">
    <editdetail attribution="Reuters BIP Coding Group" action="confirmed" date="1997-07-06"/>
  </code>
  <code code="ISRAEL">
    <editdetail attribution="Reuters BIP Coding Group" action="confirmed" date="1997-07-06"/>
  </code>
</codes>
<codes class="bip:topics:1.0">
  <code code="GCAT">
    <editdetail attribution="Reuters BIP Coding Group" action="confirmed" date="1997-07-06"/>
  </code>
  <code code="GPOL">
    <editdetail attribution="Reuters BIP Coding Group" action="confirmed" date="1997-07-06"/>
  </code>
  <code code="GVIO">
    <editdetail attribution="Reuters BIP Coding Group" action="confirmed" date="1997-07-06"/>
  </code>
</codes>
<dc element="dc.date.created" value="1997-07-06"/>
<dc element="dc.publisher" value="Reuters Holdings Plc"/>
<dc element="dc.date.published" value="1997-07-06"/>
<dc element="dc.source" value="Reuters"/>
<dc element="dc.creator.location" value="JERUSALEM"/>
<dc element="dc.creator.location.country.name" value="ISRAEL"/>
<dc element="dc.source" value="Reuters"/>
</metadata>
</newsitem>
