<?xml version="1.0" encoding="iso-8859-1" ?>
<newsitem itemid="709447" id="root" date="1997-07-06" xml:lang="en">
<title>USA: Lason, other stocks recommended - NY Times.</title>
<headline>Lason, other stocks recommended - NY Times.</headline>
<dateline>NEW YORK 1997-07-06</dateline>
<text>
<p>Shares of Lason Holdings Inc and other stocks are recommended by analysts, the New York Times reported in its latest edition.</p>
<p>Lason, which provides services to help companies manage their paperwork, has made 15 acquisitions in the last two and a half years, boosting annual revenue to $70 million in 1996 from $46 million in 1995, the paper said.</p>
<p>It quoted Robert Gardiner, manager of the Wasatch Micro-Cap fund, as saying the acquisitions should continue, adding at least $25 million a year in revenue going forward.</p>
<p>The company's shares closed up 5/8 Thursday at 27-1/8.</p>
<p>Cable Design Technologies Corp also has room for acquisitions because its industry -- cable manufacturing -- is highly fragmented, said Brian Cressey, a principal at Golder, Thoma.</p>
<p>Cressey said he expects Cable Design to make four acquisitions in the next 12 months that will boost annual revenues by $100 million.</p>
<p>Analysts also like shares of American Medserve Corp and CoreStaff Inc, the paper said.</p>
</text>
<copyright>(c) Reuters Limited 1997</copyright>
<metadata>
<codes class="bip:countries:1.0">
  <code code="USA">
    <editdetail attribution="Reuters BIP Coding Group" action="confirmed" date="1997-07-06"/>
  </code>
</codes>
<codes class="bip:industries:1.0">
  <code code="I34100">
    <editdetail attribution="Reuters BIP Coding Group" action="confirmed" date="1997-07-06"/>
  </code>
  <code code="I83953">
    <editdetail attribution="Reuters BIP Coding Group" action="confirmed" date="1997-07-06"/>
  </code>
  <code code="I83954">
    <editdetail attribution="Reuters BIP Coding Group" action="confirmed" date="1997-07-06"/>
  </code>
  <code code="I95100">
    <editdetail attribution="Reuters BIP Coding Group" action="confirmed" date="1997-07-06"/>
  </code>
</codes>
<codes class="bip:topics:1.0">
  <code code="C15">
    <editdetail attribution="Reuters BIP Coding Group" action="confirmed" date="1997-07-06"/>
  </code>
  <code code="C152">
    <editdetail attribution="Reuters BIP Coding Group" action="confirmed" date="1997-07-06"/>
  </code>
  <code code="CCAT">
    <editdetail attribution="Reuters BIP Coding Group" action="confirmed" date="1997-07-06"/>
  </code>
</codes>
<dc element="dc.date.created" value="1997-07-06"/>
<dc element="dc.publisher" value="Reuters Holdings Plc"/>
<dc element="dc.date.published" value="1997-07-06"/>
<dc element="dc.source" value="Reuters"/>
<dc element="dc.creator.location" value="NEW YORK"/>
<dc element="dc.creator.location.country.name" value="USA"/>
<dc element="dc.source" value="Reuters"/>
</metadata>
</newsitem>
