<?xml version="1.0" encoding="iso-8859-1" ?>
<newsitem itemid="709492" id="root" date="1997-07-06" xml:lang="en">
<title>REPUBLIC OF IRELAND: Irish govt disappointed over parade handling.</title>
<headline>Irish govt disappointed over parade handling.</headline>
<dateline>DUBLIN 1997-07-06</dateline>
<text>
<p>The Irish government said on Sunday it was deeply disappointed by Britain's decision to allow an Orange Order parade through a Catholic part of Portadown and had told the London authorities of its concern.</p>
<p>&quot;The government have learned with deep disappointment of the decision in relation to the routing of the Orange parade in Portadown and have left the British government in no doubt about our serious concern for its implications,&quot; a statement said.</p>
<p>The statement said the confrontation underlined the need to draw up new rules governing disputed parades and should not deflect a three-year-old Anglo-Irish attempt to forge a negotiated settlement to the 28-year conflict.</p>
<p>Government sources said British Prime Minister Tony Blair told Ireland's new premier, Bertie Ahern of the decision to allow the parade to go ahead over Catholic objections.</p>
<p>Ahern, who took power last month promising to safeguard Irish nationalist rights in the British province, said last week that he would prefer that the parade be banned.</p>
<p>His remarks provoked outrage in the Orange Order, which accused him of trying to interfere in the affairs of the British province.</p>
<p>The statement said the Dublin government had backed efforts by Britain's Northern Ireland Secretary, Mo Mowlam, to find a compromise between the Orange Order and Catholics on the Garvaghy Road area of Portadown who wanted the parade stopped.</p>
<p>&quot;We regret that our hopes for an agreed or acceptable solution on this occasion have been disappointed,&quot; the statement said.</p>
<p>Mowlam said police gave the parade the go-ahead to try to prevent violence on the scale provoked by last year's same parade, which provoked the worst civil strife in decades.</p>
<p>The statement called for restraint both from pro-British Loyalists and pro-Irish nationalists to avoid a repeat of last year's &quot;debacle&quot; when both sides rioted after the parade was initially banned then allowed to go ahead.</p>
<p>&quot;The government understands the strong feelings which the decision to allow an Orange parade on the Garvaghy Road would arouse among the residents and in the wider nationalist community but in the difficult period ahead all concerned on both sides must act with dignity and restraint,&quot; it said.</p>
<p>&quot;Above all, we must not allow this decision to deflect us from the search for peace,&quot; said the statement.</p>
<p>The two governments are co-sponsors of slow-moving Belfast peace talks aimed at reconciling the province's rival Loyalist and Nationalist traditions.</p>
</text>
<copyright>(c) Reuters Limited 1997</copyright>
<metadata>
<codes class="bip:countries:1.0">
  <code code="IRE">
    <editdetail attribution="Reuters BIP Coding Group" action="confirmed" date="1997-07-06"/>
  </code>
  <code code="UK">
    <editdetail attribution="Reuters BIP Coding Group" action="confirmed" date="1997-07-06"/>
  </code>
</codes>
<codes class="bip:topics:1.0">
  <code code="GCAT">
    <editdetail attribution="Reuters BIP Coding Group" action="confirmed" date="1997-07-06"/>
  </code>
  <code code="GDIP">
    <editdetail attribution="Reuters BIP Coding Group" action="confirmed" date="1997-07-06"/>
  </code>
  <code code="GPOL">
    <editdetail attribution="Reuters BIP Coding Group" action="confirmed" date="1997-07-06"/>
  </code>
  <code code="GVIO">
    <editdetail attribution="Reuters BIP Coding Group" action="confirmed" date="1997-07-06"/>
  </code>
</codes>
<dc element="dc.date.created" value="1997-07-06"/>
<dc element="dc.publisher" value="Reuters Holdings Plc"/>
<dc element="dc.date.published" value="1997-07-06"/>
<dc element="dc.source" value="Reuters"/>
<dc element="dc.creator.location" value="DUBLIN"/>
<dc element="dc.creator.location.country.name" value="REPUBLIC OF IRELAND"/>
<dc element="dc.source" value="Reuters"/>
</metadata>
</newsitem>
