<?xml version="1.0" encoding="iso-8859-1" ?>
<newsitem itemid="709453" id="root" date="1997-07-06" xml:lang="en">
<title>USA: IPO VIEW-Wall St hopes to keep IPO cycle going-analyst.</title>
<headline>IPO VIEW-Wall St hopes to keep IPO cycle going-analyst.</headline>
<byline>Jennifer Westhoven</byline>
<dateline>NEW YORK 1997-07-06</dateline>
<text>
<p>Underwriters are trying to even out the bumps and jolts in the cyclical market for new stocks and keep the lucrative &quot;IPO window&quot; open longer, according to one initial public offering analyst.</p>
<p>David Menlow, president of the IPO Financial Network, says Wall Street investment banks are pricing new stocks conservatively, knowing sky-high prices can dampen an otherwise healthy market.</p>
<p>Profits from underwriting bulged the bottom line at many firms, another reason to protect the market, he said.</p>
<p>&quot;The IPO market is here to stay. It's a cash cow. Underwriters are not going to kill the goose that lays the golden eggs. And they are no longer going to be held hostage to market cycles,&quot; Menlow said from his Springfield, N.J. headquarters.</p>
<p>If underwriters get a sense their upward price revisions &quot;are stretching the elastic band too far&quot;, they back off, he said. &quot;In the past, they kept pushing and pushing until the market fell under its own weight.</p>
<p>&quot;They are very cognizant of the fact that they can unseat positives in the marketplace easily if they raise prices hastily,&quot; he said.</p>
<p>That leaves underwriters battling between wanting to get the highest price for their client, helping the company go public, or allowing speculation into their profitable marketplace.</p>
<p>But underwriters were quick to disagree.</p>
<p>&quot;The market is a concern. But on a syndicate desk your role is to interpret the near-term demand and ... reflect the fair market price,&quot; said Mitch Whiteford, a principal at Robertson Stephens &amp; Co. working in capital markets and syndicate, the division that handles new issues.</p>
<p>He said when banks exercise restraint, it is by declining to bring some companies to the markets that might not be suitable for the public stock markets, not in the pricing.</p>
<p>Salomon Brothers' managing director of equity capital markets, William Schreier, also disagreed -- &quot;The market's going to do what it's going to. No amount of tweaking will change that. If investors stop becoming receptive to new issues, there's nothing any firm can do to change that,&quot; Schreier said.</p>
<p>Menlow said the recent spate of mergers could &quot;clear the way for larger deals and greater competition, which could ultimately be the IPO market's undoing. Larger deals take more money out of the marketplace,&quot; which can crimp demand.</p>
<p>This year, Nationsbank Corp. agreed to buy Montgomery Securities and BankAmerica Corp. said it would buy Robertson Stephens Inc.. Bankers Trust New York Corp. agreed to acquire Alex. Brown &amp; Sons Inc., and Swiss Bank Corp. agreed to buy Dillon Read &amp; Co.</p>
<p>The hottest deal at bat this week looks like At Home Corp., which analysts say could jump three to five points when shares of the Internet company open for trading. Morgan Stanley will lead the 8-million-share IPO going for $7 to $9 a share.</p>
<p>The biggest is a $300 million offering by Equity Office Properties, a Chicago real estate investment trust (REIT). It could rise based on the success of its chairman, real estate baron Samuel Zell; its large portfolio of properties and the recent popularity of REITS as defensive stocks, analysts say.</p>
<p>Other IPOs that could rise include Metals USA Inc., which aims to consolidate the metal processing industry, and Axiom Inc. from Lehman Brothers. Axiom's software is used to collect billing data.</p>
<p>Axiom could rise three-quarters to a point or more because of the popularity of its business, according to John Fitzgibbon, editor of the IPO aftermarket.</p>
<p>Also going public are international telecommunications services company Telegroup via Smith Barney; Allstar Systems Inc., a seller of computer and teleocommunications hardware and software; retail pharmacy chain Horizon Pharmacies Inc. ; Securacom Inc.; and Israeli company A.C.S. Electronics Ltd.</p>
<p>((Wall Street Desk 212-859-1881))</p>
</text>
<copyright>(c) Reuters Limited 1997</copyright>
<metadata>
<codes class="bip:countries:1.0">
  <code code="USA">
    <editdetail attribution="Reuters BIP Coding Group" action="confirmed" date="1997-07-06"/>
  </code>
</codes>
<codes class="bip:topics:1.0">
  <code code="C17">
    <editdetail attribution="Reuters BIP Coding Group" action="confirmed" date="1997-07-06"/>
  </code>
  <code code="C171">
    <editdetail attribution="Reuters BIP Coding Group" action="confirmed" date="1997-07-06"/>
  </code>
  <code code="CCAT">
    <editdetail attribution="Reuters BIP Coding Group" action="confirmed" date="1997-07-06"/>
  </code>
  <code code="M11">
    <editdetail attribution="Reuters BIP Coding Group" action="confirmed" date="1997-07-06"/>
  </code>
  <code code="MCAT">
    <editdetail attribution="Reuters BIP Coding Group" action="confirmed" date="1997-07-06"/>
  </code>
</codes>
<dc element="dc.date.created" value="1997-07-06"/>
<dc element="dc.publisher" value="Reuters Holdings Plc"/>
<dc element="dc.date.published" value="1997-07-06"/>
<dc element="dc.source" value="Reuters"/>
<dc element="dc.creator.location" value="NEW YORK"/>
<dc element="dc.creator.location.country.name" value="USA"/>
<dc element="dc.source" value="Reuters"/>
</metadata>
</newsitem>
