<?xml version="1.0" encoding="iso-8859-1" ?>
<newsitem itemid="709443" id="root" date="1997-07-06" xml:lang="en">
<title>DUBAI: PRESS DIGEST - United Arab Emirates - July 6.</title>
<headline>PRESS DIGEST - United Arab Emirates - July 6.</headline>
<dateline>DUBAI 1997-07-06</dateline>
<text>
<p>These are some of the leading stories in the United Arab Emirates (UAE) press on Sunday. Reuters has not verified these stories and does not vouch for their accuracy.</p>
<p>THE GULF TODAY</p>
<p>- The first sea water desalination plant in Ras al-Khaimah is likely to go on stream ahead of schedule in December, with more than 80 percent of the 105 million dirham plant already completed, the company setting up the plant said.</p>
<p>KHALEEJ TIMES</p>
<p>- Dubai's court of cassation upheld the death sentences of a UAE national and three Indians on drugs charges.</p>
<p>- Trading on the Kuwait Stock exchange soared in the first half of 1997 to nearly $19 billion, almost matching the figure for full-year 1996, an economic report said.</p>
<p>- The Kuwaiti government has sold its share in 22 local companies for a total of 778.6 million dinars, an economic report said.</p>
<p>EMIRATES NEWS</p>
<p>- An Arab Banking Corp study said average UAE oil production in the first quarter of 1997 rose to 2.233 million barrels per day from 2.173 million bpd in the year-ago period.</p>
<p>- Former BCCI affiliate Union National Bank said it posted net profits of 37.1 million dirhams in the second half of 1996 compared with a total of 47.7 million dirhams over the previous five and a half years.</p>
<p>AL-KHALEEJ</p>
<p>- A decline in world gold priced has lifted sales by five percent in the United Arab Emirates.</p>
<p>- An official study said the population of the UAE was expected to rise to 3.1 million by 2000.</p>
</text>
<copyright>(c) Reuters Limited 1997</copyright>
<metadata>
<codes class="bip:countries:1.0">
  <code code="UAE">
    <editdetail attribution="Reuters BIP Coding Group" action="confirmed" date="1997-07-06"/>
  </code>
</codes>
<codes class="bip:topics:1.0">
  <code code="GCAT">
    <editdetail attribution="Reuters BIP Coding Group" action="confirmed" date="1997-07-06"/>
  </code>
</codes>
<dc element="dc.date.created" value="1997-07-06"/>
<dc element="dc.publisher" value="Reuters Holdings Plc"/>
<dc element="dc.date.published" value="1997-07-06"/>
<dc element="dc.source" value="Reuters"/>
<dc element="dc.creator.location" value="DUBAI"/>
<dc element="dc.creator.location.country.name" value="DUBAI"/>
<dc element="dc.source" value="Reuters"/>
</metadata>
</newsitem>
