<?xml version="1.0" encoding="iso-8859-1" ?>
<newsitem itemid="709476" id="root" date="1997-07-06" xml:lang="en">
<title>USA: Mars rover deployed on surface of Red Planet.</title>
<headline>Mars rover deployed on surface of Red Planet.</headline>
<byline>Steve James</byline>
<dateline>PASADENA, Calif. 1997-07-06</dateline>
<text>
<p>The Pathfinder mission's Mars rover was parked in the Martian dust for the night early on Sunday before starting its exploration of the fourth planet from the sun after Earthrise.</p>
<p>After a day of suspense for U.S. space officials, the rover rolled out of the Pathfinder lander onto the surface of the &quot;Red Planet&quot; late on Saturday.</p>
<p>&quot;The first rover is on the surface of Mars,&quot; an ecstatic rover project manager Jake Matijevic told a late-night news conference.</p>
<p>&quot;The images you see today show a completely deployed rover, driven down a perfectly deployed ramp and making its first track in the soil of this planet, opening a new era of exploration,&quot; he continued.</p>
<p>Richard Cook, the Pathfinder mission manager, was equally elated: &quot;I didn't think we could top yesterday, but I certainly feel that way today,&quot; he said, referring to Friday's landing on Mars by the Pathfinder vehicle.</p>
<p>&quot;We've got some great images and all the scientists are in red heaven,&quot; he told reporters as some 70 members of the Pathfinder flight team whooped and shouted with joy.</p>
<p>Pictures transmitted from the surface of the planet showed the high-tech dune buggy named Sojourner sitting about a vehicle's length away from the lander. One image taken by the rover's binocular camera showed the ramp as it drove slowly down the 35-degree slope.</p>
<p>A distinct track from the six-wheeled rover was visible -- the first sign of terrestrial life since the Viking missions of the 1970's took thousands of photographs.</p>
<p>A mission control technician spliced together several still frames of the roll-out, to produce a short movie of the rover as it took about four minutes to drive down the ramp and onto the surface of Mars.</p>
<p>About an hour after it came down the ramp, the entire Pathfinder system was shut down for the night as the Earth set over Mars.</p>
<p>According to Cook, the rover, a 22-pound (10 kg) vehicle resembling a workbench or microwave oven on wheels, was to begin work on Sunday analysing rocks and soil. In addition to its on-board laboratory, it is equipped with lasers that will help it navigate the Martian terrain.</p>
<p>A camera on the lander will begin taking high-resolution photographs of the region in order to chart the solar-powered Sojourner's exploration over the next week.</p>
<p>Earlier in the day, the successful deployment had been in doubt when National Aeronautics and Space Administration officials struggled to overcome a communications problem between the rover and the lander.</p>
<p>System engineer Matt Wallace, announcing the glitch had been resolved, said the specific cause of the communications problem was not clear but that it was believed to be in the software. Data indicated the lander vehicle's computer re-set itself on Friday night and may have been awaiting further instructions from mission control.</p>
<p>The news ended some twelve hours of nail-biting tension at the Jet Propulsion Laboratory here as space engineers and techicians worked to salvage the $266-million Pathfinder mission.</p>
<p>Pathfinder crash-landed on the fourth rock from the sun on Friday after a journey of 309 million miles (497 million km) since being launched from Cape Canaveral last Dec. 4.</p>
<p>The mission marks the beginning of an ambitious U.S. programme over the next decade to explore Mars and determine if it ever supported any life forms.</p>
<p>Sojourner cannot communicate directly with Earth. Its signals must go through the lander and if the problem had not been solved, mission control would have been unable to control the movements of the Mars rover.</p>
<p>Meanwhile the Pathfinder lander, which was re-named after the late legendary NASA scientist and author Carl Sagan, continued to send spectacular images back to Earth.</p>
<p>Peter Smith, head of the imaging team, explained that Pathfinder landed in the area known as Ares Vallis, about 2-3 miles (3.2 km to 4.8 km) from a large crater.</p>
<p>He pointed out rocks and other objects on computer-enhanced pictures, including one peak on the horizon about 20 miles (32 km) away.</p>
</text>
<copyright>(c) Reuters Limited 1997</copyright>
<metadata>
<codes class="bip:countries:1.0">
  <code code="USA">
    <editdetail attribution="Reuters BIP Coding Group" action="confirmed" date="1997-07-06"/>
  </code>
</codes>
<codes class="bip:topics:1.0">
  <code code="GCAT">
    <editdetail attribution="Reuters BIP Coding Group" action="confirmed" date="1997-07-06"/>
  </code>
  <code code="GSCI">
    <editdetail attribution="Reuters BIP Coding Group" action="confirmed" date="1997-07-06"/>
  </code>
</codes>
<dc element="dc.date.created" value="1997-07-06"/>
<dc element="dc.publisher" value="Reuters Holdings Plc"/>
<dc element="dc.date.published" value="1997-07-06"/>
<dc element="dc.source" value="Reuters"/>
<dc element="dc.creator.location" value="PASADENA, Calif."/>
<dc element="dc.creator.location.country.name" value="USA"/>
<dc element="dc.source" value="Reuters"/>
</metadata>
</newsitem>
