<?xml version="1.0" encoding="iso-8859-1" ?>
<newsitem itemid="709410" id="root" date="1997-07-06" xml:lang="en">
<title>MOROCCO: Morocco health workers plan third strike.</title>
<headline>Morocco health workers plan third strike.</headline>
<dateline>RABAT 1997-07-06</dateline>
<text>
<p>Moroccan public health workers will hold a three-day strike from July 22 to 24 after two shorter stoppages failed to push the government into responding to their grievances, their union said on Sunday.</p>
<p>The Democratic Labour Confederation in a statement sent to Reuters said the government had failed to reply to their two-day strike last week to press for pay increases and compensation for medical risks. That protest followed a similar two-day stoppage the week before.</p>
<p>Emergency services are being provided, said the union, which last week reported that 92 to 100 percent of staff observed the protest in the main medical centres.</p>
<p>The union said there were 3,500 doctors and 40,000 paramedical staff in the public sector. It was not clear if all were members of the union.</p>
<p>Health Ministry officials were not available for comment.</p>
</text>
<copyright>(c) Reuters Limited 1997</copyright>
<metadata>
<codes class="bip:countries:1.0">
  <code code="MOROC">
    <editdetail attribution="Reuters BIP Coding Group" action="confirmed" date="1997-07-06"/>
  </code>
</codes>
<codes class="bip:topics:1.0">
  <code code="C42">
    <editdetail attribution="Reuters BIP Coding Group" action="confirmed" date="1997-07-06"/>
  </code>
  <code code="CCAT">
    <editdetail attribution="Reuters BIP Coding Group" action="confirmed" date="1997-07-06"/>
  </code>
  <code code="E41">
    <editdetail attribution="Reuters BIP Coding Group" action="confirmed" date="1997-07-06"/>
  </code>
  <code code="ECAT">
    <editdetail attribution="Reuters BIP Coding Group" action="confirmed" date="1997-07-06"/>
  </code>
  <code code="GCAT">
    <editdetail attribution="Reuters BIP Coding Group" action="confirmed" date="1997-07-06"/>
  </code>
  <code code="GHEA">
    <editdetail attribution="Reuters BIP Coding Group" action="confirmed" date="1997-07-06"/>
  </code>
  <code code="GJOB">
    <editdetail attribution="Reuters BIP Coding Group" action="confirmed" date="1997-07-06"/>
  </code>
</codes>
<dc element="dc.date.created" value="1997-07-06"/>
<dc element="dc.publisher" value="Reuters Holdings Plc"/>
<dc element="dc.date.published" value="1997-07-06"/>
<dc element="dc.source" value="Reuters"/>
<dc element="dc.creator.location" value="RABAT"/>
<dc element="dc.creator.location.country.name" value="MOROCCO"/>
<dc element="dc.source" value="Reuters"/>
</metadata>
</newsitem>
