<?xml version="1.0" encoding="iso-8859-1" ?>
<newsitem itemid="709468" id="root" date="1997-07-06" xml:lang="en">
<title>USA: Climber evacuated from McKinley after fall.</title>
<headline>Climber evacuated from McKinley after fall.</headline>
<dateline>ANCHORAGE, Alaska 1997-07-06</dateline>
<text>
<p>A climber was evacuated from Alaska's Mount McKinley early Sunday after he fell on his ice axe while travelling on the peak's Muldrow Glacier, the National Park Service said.</p>
<p>Jon Geisen of New York City, a member of a National Outdoor Leadership School expedition, injured his chest in the fall late Saturday night, said Park Service spokesman John Quinley.</p>
<p>The accident occurred at the 12,500-foot level of the 20,320-foot peak, Quinley said.</p>
<p>&quot;He was able to walk, with help from the group, down to their camp at 12,200 feet,&quot; Quinley said.</p>
<p>An official at the National Outdoor Leadership School Alaska headquarters, alerted to the accident by cellular telephone, notified the Park Service a few hours later, Quinley said.</p>
<p>The Park Service sent a rescue helicopter to the site early Sunday morning, and Geisen was flown to an Anchorage hospital, Quinley said.</p>
<p>The climber was treated and released, a spokeswoman said.</p>
<p>McKinley, located in Denali National Park, is North America's tallest peak.</p>
</text>
<copyright>(c) Reuters Limited 1997</copyright>
<metadata>
<codes class="bip:countries:1.0">
  <code code="USA">
    <editdetail attribution="Reuters BIP Coding Group" action="confirmed" date="1997-07-06"/>
  </code>
</codes>
<codes class="bip:topics:1.0">
  <code code="GCAT">
    <editdetail attribution="Reuters BIP Coding Group" action="confirmed" date="1997-07-06"/>
  </code>
  <code code="GDIS">
    <editdetail attribution="Reuters BIP Coding Group" action="confirmed" date="1997-07-06"/>
  </code>
</codes>
<dc element="dc.date.created" value="1997-07-06"/>
<dc element="dc.publisher" value="Reuters Holdings Plc"/>
<dc element="dc.date.published" value="1997-07-06"/>
<dc element="dc.source" value="Reuters"/>
<dc element="dc.creator.location" value="ANCHORAGE, Alaska"/>
<dc element="dc.creator.location.country.name" value="USA"/>
<dc element="dc.source" value="Reuters"/>
</metadata>
</newsitem>
