<?xml version="1.0" encoding="iso-8859-1" ?>
<newsitem itemid="709473" id="root" date="1997-07-06" xml:lang="en">
<title>USA: Gingrich says tax deal close with hard negotiating.</title>
<headline>Gingrich says tax deal close with hard negotiating.</headline>
<dateline>NEW YORK 1997-07-06</dateline>
<text>
<p>Americans could soon have their first federal tax cut in more than a decade if legislators and President Bill Clinton participate in some tough negotiations, House Speaker Newt Gingrich said on Sunday.</p>
<p>&quot;I think it will take about a week to 10 days of very hard negotiations and I think in the end, for the first time in 16 years, the American people will get a federal tax cut,&quot; Gingrich said on CBS-TV's &quot;Face The Nation&quot; programme.</p>
<p>Gingrich said he believed the president was committed to reaching an agreement.</p>
<p>Last week, Clinton's proposal moved toward Republican priorities on capital gains and estate tax relief. But Clinton sought more tax relief for college education and to give a $500 child tax credit to more lower-income families.</p>
<p>&quot;The president's people want us to take money from taxpayers and transfer it to people who are paying no federal income tax. We don't think a tax cut bill designed to help people who pay taxes should be turned into a welfare bill,&quot; Gingrich said. &quot;We'll have to talk that out.&quot;</p>
<p>The White House and Congress have had a long-running dispute over how to calculate the impact of proposed tax cuts on the middle class and the wealthy.</p>
<p>Congressional leaders and the president have agreed to find a bipartisan solution to wipe out the budget deficit by the year 2002. That pact included $85 billion in net tax cuts over five years.</p>
<p>Final negotiations were expected to start this week in which one bill would be carved largely from the three proposals offered by Clinton, the House and Senate.</p>
</text>
<copyright>(c) Reuters Limited 1997</copyright>
<metadata>
<codes class="bip:countries:1.0">
  <code code="USA">
    <editdetail attribution="Reuters BIP Coding Group" action="confirmed" date="1997-07-06"/>
  </code>
</codes>
<codes class="bip:topics:1.0">
  <code code="E21">
    <editdetail attribution="Reuters BIP Coding Group" action="confirmed" date="1997-07-06"/>
  </code>
  <code code="E211">
    <editdetail attribution="Reuters BIP Coding Group" action="confirmed" date="1997-07-06"/>
  </code>
  <code code="ECAT">
    <editdetail attribution="Reuters BIP Coding Group" action="confirmed" date="1997-07-06"/>
  </code>
  <code code="GCAT">
    <editdetail attribution="Reuters BIP Coding Group" action="confirmed" date="1997-07-06"/>
  </code>
  <code code="GPOL">
    <editdetail attribution="Reuters BIP Coding Group" action="confirmed" date="1997-07-06"/>
  </code>
</codes>
<dc element="dc.date.created" value="1997-07-06"/>
<dc element="dc.publisher" value="Reuters Holdings Plc"/>
<dc element="dc.date.published" value="1997-07-06"/>
<dc element="dc.source" value="Reuters"/>
<dc element="dc.creator.location" value="NEW YORK"/>
<dc element="dc.creator.location.country.name" value="USA"/>
<dc element="dc.source" value="Reuters"/>
</metadata>
</newsitem>
