<?xml version="1.0" encoding="iso-8859-1" ?>
<newsitem itemid="709413" id="root" date="1997-07-06" xml:lang="en">
<title>TURKEY: Turkish far-right nationalists chose new leader.</title>
<headline>Turkish far-right nationalists chose new leader.</headline>
<dateline>ISTANBUL 1997-07-06</dateline>
<text>
<p>The Turkish far-right National Action Party chose a new leader on Sunday after the death of its veteran chieftain, Alparslan Turkes, in April, state-run Anatolian news agency said.</p>
<p>Devlet Bahceli was elected ahead of Turkes' son and heir apparent Tugrul Turkes in a party congress held in Ankara after a similar meeting was abandonned in May when fist-fighting broke out between rival factions.</p>
<p>Bahceli and the party's &quot;Grey Wolf&quot; nationalists who espouse unity between Turkic-speaking peoples, failed to win any seats in parliament at the last election in 1995, but gained two MPs after defections from Tansu Ciller's True Path Party last month.</p>
</text>
<copyright>(c) Reuters Limited 1997</copyright>
<metadata>
<codes class="bip:countries:1.0">
  <code code="TURK">
    <editdetail attribution="Reuters BIP Coding Group" action="confirmed" date="1997-07-06"/>
  </code>
</codes>
<codes class="bip:topics:1.0">
  <code code="GCAT">
    <editdetail attribution="Reuters BIP Coding Group" action="confirmed" date="1997-07-06"/>
  </code>
  <code code="GPOL">
    <editdetail attribution="Reuters BIP Coding Group" action="confirmed" date="1997-07-06"/>
  </code>
  <code code="GVIO">
    <editdetail attribution="Reuters BIP Coding Group" action="confirmed" date="1997-07-06"/>
  </code>
  <code code="GVOTE">
    <editdetail attribution="Reuters BIP Coding Group" action="confirmed" date="1997-07-06"/>
  </code>
</codes>
<dc element="dc.date.created" value="1997-07-06"/>
<dc element="dc.publisher" value="Reuters Holdings Plc"/>
<dc element="dc.date.published" value="1997-07-06"/>
<dc element="dc.source" value="Reuters"/>
<dc element="dc.creator.location" value="ISTANBUL"/>
<dc element="dc.creator.location.country.name" value="TURKEY"/>
<dc element="dc.source" value="Reuters"/>
</metadata>
</newsitem>
