<?xml version="1.0" encoding="iso-8859-1" ?>
<newsitem itemid="709462" id="root" date="1997-07-06" xml:lang="en">
<title>USA: &quot;Men In Black&quot; zaps U.S. box office records.</title>
<headline>&quot;Men In Black&quot; zaps U.S. box office records.</headline>
<byline>Dean Goodman</byline>
<dateline>LOS ANGELES</dateline>
<text>
<p>&quot;Men in Black,&quot; an alien comedy starring Will Smith and Tommy Lee Jones, crunched the competition as it opened at the top of the holiday box office, according to studio estimates released on Sunday.</p>
<p>The picture earned about $84 million for the five-day Wednesday to Sunday period, which includes Tuesday night previews of $4.8 million, said Columbia Pictures, a unit of Sony Corp.</p>
<p>Its Friday-to-Sunday total of $51 million is the biggest non-sequel opening ever, and the third-biggest overall behind &quot;The Lost World: Jurassic Park&quot; and &quot;Batman Forever,&quot; the studio said. It's also the biggest opener in Sony history.</p>
<p>Last weekend's No. 1, &quot;Face/Off,&quot; starring Nicolas Cage and John Travolta, earned $16.5 million during the three days, a modest drop of 29 percent from the previous weekend. Its 10-day total stands at $52.06 million. Paramount Pictures, a unit of Viacom Inc., released the action thriller.</p>
<p>Third place went to Walt Disney Co.'s animated musical &quot;Hercules&quot; with $12.4 million for the three days, a 38 percent drop from last weekend when it opened in wide release. Its gross to date is $50.26 million.</p>
<p>&quot;Men in Black,&quot; one of the summer's most heralded movies, features Smith and Jones as top secret federal agents who monitor extraterrestrial life forms living in disguise on Earth. The spoof was directed by Barry Sonnenfeld (&quot;Get Shorty&quot;).</p>
<p>According to Robert Levin, president of marketing at Sony Pictures, the studio opted to downplay the film's tongue-in-cheek nature, which could have confused moviegoers, and instead focus on its &quot;cool&quot; aspects.</p>
<p>&quot;If we ever went to that area where it seemed like it was a spoof and it was just over the top filmmaking, I think we would have gone wrong,&quot; Levin told Reuters. &quot;But I think the idea that it was a very cool, hip execution really got through to people, and I think that was important.&quot;</p>
<p>He said exit polls showed that almost 80 percent of people said they would definitely recommend the movie, and this would ensure its box office strength in coming weeks.</p>
<p>&quot;Men in Black&quot; earned an average of $16,887 from 3,020 screens for the three-day period, followed by &quot;Face/Off&quot; with $6,257 per screen.</p>
<p>&quot;My Best Friend's Wedding&quot; was unchanged at fourth on the box office list with $11.0 million in its third weekend. The Julia Roberts romantic comedy fell 27 percent from last weekend, the smallest dip in the top 10, and averaged $4,926 per screen, the third-highest. Its total is $69.5 million. The film is released by Sony's TriStar Pictures studio.</p>
<p>&quot;Batman &amp; Robin&quot; fell two places to fifth in its third weekend with $8.6 million, bringing its total to $91.3 million. Its 45 percent drop was the biggest in the top 10, and it averaged a meager $2,923 per screen. The movie is released by Warner Bros. a unit of Time Warner Inc.</p>
<p>The top 10 contained two other new entries, each aimed at totally different demographics, but both faring poorly.</p>
<p>&quot;Out to Sea,&quot; a maritime comedy starring Walter Matthau and Jack Lemmon, opened in sixth with $5.6 million. &quot;Wild America,&quot; a road movie starring teen heartthrob Jonathan Taylor Thomas, opened in ninth with $1.8 million.</p>
<p>Twentieth Century Fox, a unit of News Corp., released &quot;Out to Sea,&quot; while Warner Bros. released &quot;Wild America.&quot;</p>
</text>
<copyright>(c) Reuters Limited 1997</copyright>
<metadata>
<codes class="bip:countries:1.0">
  <code code="USA">
    <editdetail attribution="Reuters BIP Coding Group" action="confirmed" date="1997-07-06"/>
  </code>
</codes>
<codes class="bip:industries:1.0">
  <code code="I34540">
    <editdetail attribution="Reuters BIP Coding Group" action="confirmed" date="1997-07-06"/>
  </code>
  <code code="I47500">
    <editdetail attribution="Reuters BIP Coding Group" action="confirmed" date="1997-07-06"/>
  </code>
  <code code="I83960">
    <editdetail attribution="Reuters BIP Coding Group" action="confirmed" date="1997-07-06"/>
  </code>
  <code code="I97100">
    <editdetail attribution="Reuters BIP Coding Group" action="confirmed" date="1997-07-06"/>
  </code>
  <code code="I97400">
    <editdetail attribution="Reuters BIP Coding Group" action="confirmed" date="1997-07-06"/>
  </code>
</codes>
<codes class="bip:topics:1.0">
  <code code="C31">
    <editdetail attribution="Reuters BIP Coding Group" action="confirmed" date="1997-07-06"/>
  </code>
  <code code="CCAT">
    <editdetail attribution="Reuters BIP Coding Group" action="confirmed" date="1997-07-06"/>
  </code>
  <code code="GCAT">
    <editdetail attribution="Reuters BIP Coding Group" action="confirmed" date="1997-07-06"/>
  </code>
  <code code="GENT">
    <editdetail attribution="Reuters BIP Coding Group" action="confirmed" date="1997-07-06"/>
  </code>
</codes>
<dc element="dc.publisher" value="Reuters Holdings Plc"/>
<dc element="dc.date.published" value="1997-07-06"/>
<dc element="dc.source" value="Reuters"/>
<dc element="dc.creator.location" value="LOS ANGELES"/>
<dc element="dc.creator.location.country.name" value="USA"/>
<dc element="dc.source" value="Reuters"/>
</metadata>
</newsitem>
