<?xml version="1.0" encoding="iso-8859-1" ?>
<newsitem itemid="709552" id="root" date="1997-07-06" xml:lang="en">
<title>GERMANY: German ministers air opposing views on NATO.</title>
<headline>German ministers air opposing views on NATO.</headline>
<byline>Erik Kirschbaum</byline>
<dateline>BONN 1997-07-06</dateline>
<text>
<p>German Defence Minister Volker Ruehe said on Sunday the first wave of NATO's expansion should be limited to three members even though Foreign Minister Klaus Kinkel said Bonn could support adding five.</p>
<p>Speaking to ZDF television before the NATO summit in Madrid on Tuesday, Ruehe said he favoured the U.S. position on NATO's eastern enlargement because the alliance could run into difficulties if the first wave were too large.</p>
<p>&quot;There are not five but 12 states wanting to enter NATO and there is no way we could take in all 12 at once,&quot; Ruehe said. &quot;That is why I favour starting with a small group. That would be easier for NATO to digest.</p>
<p>&quot;That would also be the strongest signal that the first admitted will not be the last and that the door will not be closing,&quot; he added.</p>
<p>Germany, whose position could be decisive in Madrid, has remained officially noncommital about the size of eastern enlargement even as many European states lined up behind France in calling for NATO to extend membership offers to five formerly communist states.</p>
<p>Poland, Hungary and the Czech Republic are expected to be invited to join the 16-nation North Atlantic Treaty Organisation at the summit.</p>
<p>But Many European NATO members want Slovenia and Romania included even though the United States has firmly stated it wants to limit the first enlargement to Poland, Hungary and the Czech Republic.</p>
<p>Kinkel said earlier on Sunday the German government could support a larger NATO expansion to include four or five new members.</p>
<p>Chancellor Helmut Kohl has said Germany supports the bids of Romania and Slovenia, but has avoided any public promise to either nation that they should be included in the first wave.</p>
<p>The opposing views expressed on Sunday by Kinkel and Ruehe reflect a long-held split on the issue within the Bonn government, but was the first time the two had carried out their campaigns in such a public manner.</p>
<p>Ruehe is a member of Kohl's Christians Democrats (CDU) and Kinkel is a member of the liberal Free Democrats (FDP), junior coalition partners in Kohl's three-party government.</p>
<p>&quot;The decision is still open,&quot; Kinkel told the Welt am Sonntag newspaper. &quot;It will be exciting in Madrid.&quot;</p>
<p>Kinkel said that just because the U.S. had taken a position limiting the enlargement to three nations that did not mean a final decision has already been made.</p>
<p>&quot;The (German) government could support a larger enlargement of four or five new members,&quot; Kinkel said. &quot;The alliance decisions are always a consensus. Germany's open position is oriented towards finding a consensus.&quot;</p>
<p>Kinkel said Germany was heading to the summit confident that there would be a compromise.</p>
</text>
<copyright>(c) Reuters Limited 1997</copyright>
<metadata>
<codes class="bip:countries:1.0">
  <code code="CZREP">
    <editdetail attribution="Reuters BIP Coding Group" action="confirmed" date="1997-07-06"/>
  </code>
  <code code="GFR">
    <editdetail attribution="Reuters BIP Coding Group" action="confirmed" date="1997-07-06"/>
  </code>
  <code code="HUNG">
    <editdetail attribution="Reuters BIP Coding Group" action="confirmed" date="1997-07-06"/>
  </code>
  <code code="NATO">
    <editdetail attribution="Reuters BIP Coding Group" action="confirmed" date="1997-07-06"/>
  </code>
  <code code="POL">
    <editdetail attribution="Reuters BIP Coding Group" action="confirmed" date="1997-07-06"/>
  </code>
  <code code="ROM">
    <editdetail attribution="Reuters BIP Coding Group" action="confirmed" date="1997-07-06"/>
  </code>
  <code code="SLVNIA">
    <editdetail attribution="Reuters BIP Coding Group" action="confirmed" date="1997-07-06"/>
  </code>
  <code code="SPAIN">
    <editdetail attribution="Reuters BIP Coding Group" action="confirmed" date="1997-07-06"/>
  </code>
  <code code="USA">
    <editdetail attribution="Reuters BIP Coding Group" action="confirmed" date="1997-07-06"/>
  </code>
</codes>
<codes class="bip:topics:1.0">
  <code code="GCAT">
    <editdetail attribution="Reuters BIP Coding Group" action="confirmed" date="1997-07-06"/>
  </code>
  <code code="GDEF">
    <editdetail attribution="Reuters BIP Coding Group" action="confirmed" date="1997-07-06"/>
  </code>
  <code code="GDIP">
    <editdetail attribution="Reuters BIP Coding Group" action="confirmed" date="1997-07-06"/>
  </code>
</codes>
<dc element="dc.date.created" value="1997-07-06"/>
<dc element="dc.publisher" value="Reuters Holdings Plc"/>
<dc element="dc.date.published" value="1997-07-06"/>
<dc element="dc.source" value="Reuters"/>
<dc element="dc.creator.location" value="BONN"/>
<dc element="dc.creator.location.country.name" value="GERMANY"/>
<dc element="dc.source" value="Reuters"/>
</metadata>
</newsitem>
