<?xml version="1.0" encoding="iso-8859-1" ?>
<newsitem itemid="709555" id="root" date="1997-07-06" xml:lang="en">
<title>FRANCE: French fire probe clears Eurotunnel - head.</title>
<headline>French fire probe clears Eurotunnel - head.</headline>
<dateline>PARIS 1997-07-06</dateline>
<text>
<p>A French judicial probe into a fire which seriously damaged a section of the Channel Tunnel last November has cleared Anglo-French operator Eurotunnel, the executive chairman said on Sunday.</p>
<p>&quot;Neither Eurotunnel nor the lorry company is responsible,&quot; Patrick Ponsolle told Europe 1 radio.</p>
<p>A fire broke out on a lorry on a Shuttle freight wagon operated by Eurotunnel SA/Plc on November 18, causing severe damage and disrupting passenger and freight services in the first half of the year.</p>
<p>Ponsolle said that a judicial inquiry into the causes of the fire would be made public in the near future but he refused to be drawn on whether it was an act of arson.</p>
<p>&quot;One is never immune from criminal acts,&quot; he said.</p>
<p>But the inquiry had already shown that Eurotunnel's installations and systems were not to blame for the fire, he said.</p>
<p>Some 700,000 Eurotunnel shareholders are due to vote next Thursday on a plan to restructure the company's 70 billion francs of junior-ranked bank debt.</p>
<p>Ponsolle said that institutional investors were backing the refinancing and reiterated his confidence that the required majority of small shareholders would also approve the debt deal.</p>
<p>But the big concern would be whether there would be a quorum of the 25 percent of the total shares, he said. &quot;The important thing is to vote,&quot; whether for or against, he said.</p>
<p>If there were no quorum next Thursday, the company would organise another shareholders meeting, he said.</p>
<p>If, at that third meeting, there were still no quorum or the vote went against the restructuring plan, Ponsolle, asked whether he would resign, responded, &quot;I will draw the consequences.&quot;</p>
<p>He did not elaborate.</p>
<p>Ponsolle has repeatedly said the company would go into bankruptcy if the shareholders did not back the debt deal, which is needed to ensure its survival.</p>
<p>Eurotunnel's hopes of securing shareholder approval won support last week when the French and British governments agreed conditionally to extend its operating licence by 34 years to at least 99 years.</p>
<p>But that extension depended on getting the refinancing approved, increasing rail freight traffic and a 25 percent share of Eurotunnel's net profits from 2052.</p>
<p>Ponsolle said the new British Labour government under Tony Blair and the Transport Minister and Deputy Prime Minister John Prescott had been more open to Europtunnel's request for an extension than the previous conservative administration under John Major.</p>
<p>Eurotunnel needs to refinance its debt owed to 174 lenders as its revenues fall short of paying its massive interest payments.</p>
<p>But the loan restructuring involves diluting the shareholders' capital to 54.5 percent of the equity base, with the issue of new stock to the banks in exchange for eight billion francs of debt.</p>
</text>
<copyright>(c) Reuters Limited 1997</copyright>
<metadata>
<codes class="bip:countries:1.0">
  <code code="FRA">
    <editdetail attribution="Reuters BIP Coding Group" action="confirmed" date="1997-07-06"/>
  </code>
  <code code="UK">
    <editdetail attribution="Reuters BIP Coding Group" action="confirmed" date="1997-07-06"/>
  </code>
</codes>
<codes class="bip:industries:1.0">
  <code code="I71000">
    <editdetail attribution="Reuters BIP Coding Group" action="confirmed" date="1997-07-06"/>
  </code>
</codes>
<codes class="bip:topics:1.0">
  <code code="C13">
    <editdetail attribution="Reuters BIP Coding Group" action="confirmed" date="1997-07-06"/>
  </code>
  <code code="CCAT">
    <editdetail attribution="Reuters BIP Coding Group" action="confirmed" date="1997-07-06"/>
  </code>
  <code code="GCAT">
    <editdetail attribution="Reuters BIP Coding Group" action="confirmed" date="1997-07-06"/>
  </code>
  <code code="GDIS">
    <editdetail attribution="Reuters BIP Coding Group" action="confirmed" date="1997-07-06"/>
  </code>
</codes>
<dc element="dc.date.created" value="1997-07-06"/>
<dc element="dc.publisher" value="Reuters Holdings Plc"/>
<dc element="dc.date.published" value="1997-07-06"/>
<dc element="dc.source" value="Reuters"/>
<dc element="dc.creator.location" value="PARIS"/>
<dc element="dc.creator.location.country.name" value="FRANCE"/>
<dc element="dc.source" value="Reuters"/>
</metadata>
</newsitem>
