<?xml version="1.0" encoding="iso-8859-1" ?>
<newsitem itemid="709554" id="root" date="1997-07-06" xml:lang="en">
<title>FRANCE: French minister rules out referendum on euro.</title>
<headline>French minister rules out referendum on euro.</headline>
<dateline>PARIS 1997-07-06</dateline>
<text>
<p>France's new leftist government does not intend to hold a referendum on whether Paris should proceed to European economic and monetary union, Parliamentary Relations Minister Daniel Vaillant said on Sunday.</p>
<p>Vaillant, in an interview on France 2 television, said he was clarifying a widely misinterpreted remark made by Socialist Prime Minister Lionel Jospin in an interview on the same station on Thursday.</p>
<p>&quot;He was not talking about a referendum in his remarks on France 2,&quot; Vaillant said.</p>
<p>Jospin, whose leftist government took power five weeks ago from the previous rightist government, had said he would &quot;sound out&quot; the French people if he had to choose between the terms for a single European currency and preserving economic growth.</p>
<p>Jospin aides had earlier said on Friday that the statement did not refer to a referendum.</p>
<p>&quot;He was not talking about a formal consultation of the French people,&quot; Vaillant reiterated.</p>
<p>He said the prime minister was instead talking about such tactics as opinion polls and discussions with elected officials and various public groups.</p>
<p>The French Communist Party, a part of the government leftist coalition, backs a referendum before any move to a single European currency.</p>
<p>In this year's parliamentary election campaign Jospin opposed a referendum on the euro, saying the French people had already approved the Maastricht treaty by referendum in September 1992 and France had given its word.</p>
<p>However, Jospin has raised doubts about his new government's commitment to the euro by ruling out further austerity to meet the criteria set out in the Maastricht Treaty for a single currency.</p>
</text>
<copyright>(c) Reuters Limited 1997</copyright>
<metadata>
<codes class="bip:countries:1.0">
  <code code="EEC">
    <editdetail attribution="Reuters BIP Coding Group" action="confirmed" date="1997-07-06"/>
  </code>
  <code code="FRA">
    <editdetail attribution="Reuters BIP Coding Group" action="confirmed" date="1997-07-06"/>
  </code>
</codes>
<codes class="bip:topics:1.0">
  <code code="G154">
    <editdetail attribution="Reuters BIP Coding Group" action="confirmed" date="1997-07-06"/>
  </code>
</codes>
<dc element="dc.date.created" value="1997-07-06"/>
<dc element="dc.publisher" value="Reuters Holdings Plc"/>
<dc element="dc.date.published" value="1997-07-06"/>
<dc element="dc.source" value="Reuters"/>
<dc element="dc.creator.location" value="PARIS"/>
<dc element="dc.creator.location.country.name" value="FRANCE"/>
<dc element="dc.source" value="Reuters"/>
</metadata>
</newsitem>
