<?xml version="1.0" encoding="iso-8859-1" ?>
<newsitem itemid="709515" id="root" date="1997-07-06" xml:lang="en">
<title>FRANCE: Cambodia's Ranariddh back in Cambodia - aide.</title>
<headline>Cambodia's Ranariddh back in Cambodia - aide.</headline>
<dateline>PARIS 1997-07-06</dateline>
<text>
<p>Cambodia's First Prime Minister Prince Norodom Ranariddh has left France and is back in Cambodia, an official of his FUNCINPEC party in France told Reuters on Sunday.</p>
<p>&quot;He is currently back in Cambodia,&quot; Chanrith Yao, the head of the FUNCINPEC party in France, told Reuters.  </p>
<p>Heavy fighting raged in Phnom Penh for a second day on Sunday as forces loyal to Ranariddh battled those supporting his rival, Second Prime Minister Hun Sen.</p>
<p>A second key Cambodian political figure in France, opposition leader Sam Rainsy, told Reuters that Ranariddh had left France and was headed for Bangkok.</p>
<p>Rainsy, a former Cambodian finance minister and now head of the officialy unrecognised Khmer Nation Party, said the first prime minister had intended to return to Cambodia by land from Bangkok as scheduled flights into the Asian nation have all been cancelled.</p>
<p>Rainsy is a bitter political foe of Hun Sen and allied with Ranariddh. The two prime ministers head a fractured coalition government formed after a United Nations-run election in 1993.</p>
<p>Rainsy said he had information from Bangkok that forces loyal to Ranariddh had destroyed several tanks controlled by Hun Sen's troops and were headed south to the town of Pak Mao, Hun Sen's stronghold 15 km (10 miles) south of the capital.</p>
</text>
<copyright>(c) Reuters Limited 1997</copyright>
<metadata>
<codes class="bip:countries:1.0">
  <code code="FRA">
    <editdetail attribution="Reuters BIP Coding Group" action="confirmed" date="1997-07-06"/>
  </code>
  <code code="KAMPA">
    <editdetail attribution="Reuters BIP Coding Group" action="confirmed" date="1997-07-06"/>
  </code>
</codes>
<codes class="bip:topics:1.0">
  <code code="GCAT">
    <editdetail attribution="Reuters BIP Coding Group" action="confirmed" date="1997-07-06"/>
  </code>
  <code code="GDIP">
    <editdetail attribution="Reuters BIP Coding Group" action="confirmed" date="1997-07-06"/>
  </code>
  <code code="GVIO">
    <editdetail attribution="Reuters BIP Coding Group" action="confirmed" date="1997-07-06"/>
  </code>
</codes>
<dc element="dc.date.created" value="1997-07-06"/>
<dc element="dc.publisher" value="Reuters Holdings Plc"/>
<dc element="dc.date.published" value="1997-07-06"/>
<dc element="dc.source" value="Reuters"/>
<dc element="dc.creator.location" value="PARIS"/>
<dc element="dc.creator.location.country.name" value="FRANCE"/>
<dc element="dc.source" value="Reuters"/>
</metadata>
</newsitem>
