<?xml version="1.0" encoding="iso-8859-1" ?>
<newsitem itemid="709501" id="root" date="1997-07-06" xml:lang="en">
<title>GERMANY: German army mock killing scenes recall Nazi horror.</title>
<headline>German army mock killing scenes recall Nazi horror.</headline>
<byline>Erik Kirschbaum</byline>
<dateline>BONN 1997-07-06</dateline>
<text>
<p>A German newspaper published on Sunday the first harrowing pictures from an amateur videotape of soldiers staging mock executions and rapes of civilians during a break in training for a peacekeeping mission in former Yugoslavia.</p>
<p>In a scene ghoulishly reminiscent of Nazi war atrocities, a youthful recruit in a Bundeswehr uniform is shown aiming a pistol into the mouth of another recruit in an image published on the front page of Bild am Sonntag newspaper.</p>
<p>Another photograph in the country's best-selling Sunday newspaper shows a German soldier wearing battle fatigues pretending to rape another recruit acting as a woman civilian, who is later shown being marched to &quot;her&quot; execution by soldiers.</p>
<p>Other photos show enactments of &quot;civilians&quot; being tortured and hanging from trees, images which carried horrifying recollections for Germans of World War Two atrocities carried out by Hitler's armies.</p>
<p>Private network SAT-1 said on Friday it had the tape and would broadcast it on Monday evening.</p>
<p>The army said eight recruits on the film made at the Hammelburg training ground near Wuerzburg in April 1996 had since completed their service and were no longer in the army.</p>
<p>Defence Minister Volker Ruehe condemned the &quot;unbelievable behaviour&quot; and vowed swift and severe punishments for those involved and responsible.</p>
<p>The Bundeswehr's probe was focusing on officers who  faced reprimands for failing to report on the incident, which took place during a break in a training for soldiers preparing for a mission in former Yugoslavia.</p>
<p>Lieutenant General Helmut Willmann, the army's inspector and top officer, said the acts by &quot;a handful of mentally disturbed individuals&quot; could not besmirch the German army's good name.</p>
<p>&quot;I am horrified by what happened at the Hammelburg training ground,&quot; Willmann said in a statement released by the Defence Ministry: &quot;This is an aberration that unfairly harms the reputation of every soldier.</p>
<p>&quot;It is out of line with the principles of our leadership and training,&quot; he added. &quot;Our soldiers have won praise and recognition in and out of Germany for the exemplary deployment at home and in former Yugoslavia. This fact will not be wiped away by a handful of mentally disturbed individuals.&quot;</p>
<p>The pacificist Greens party criticised Willmann for trying to write off the incident as an aberration as officers knew of the tape for more than a year but said nothing about it.</p>
<p>Juergin Trittin, chairman of the Greens, said the incident was the latest of a series of unsettling incidents. Trittin said there had been 53 reported incidents of right-wing extremism in the army in 1995.</p>
<p>&quot;Equipped with the mentality of their grandfathers, who took pictures of Wehrmach crimes, the German soldiers have now marched into former Yugoslavia where the grandsons entertain themselves by making videos of executions and terror on the civilians,&quot; Trittin said.</p>
<p>Wolfgang Schraut, commander of Jaeger Battalion 571 where the incident took place, said the recruits in the video were no longer in the army and could no longer be punished by the army.</p>
<p>&quot;We will not be able to get our hands on them any more,&quot; Schraut said. &quot;They were released from the army in an entirely normal fashion after completing their military service.&quot;</p>
<p>Schraut said he did not know of the existence of the videotape until Friday and had learned that it was shown &quot;on occasion in small circles among the comrades&quot;.</p>
<p>Some 3,000 Germans are in the NATO-led Stabilisation Force (SFOR) in Bosnia. Around 4,000 Germans took part in SFOR's predecessor, the peace Implementation Force (IFOR) but were stationed in nearby Croatia.</p>
<p>Ruehe said in a statement late on Friday there was no excuse for the macabre imitations of rape and execution.</p>
<p>&quot;This unbelievable behaviour is to be completely deplored,&quot; Ruehe said. &quot;An investigation was launched immediately. The participants and their superiors can count on most severe consequences and possibly legal action.&quot;</p>
</text>
<copyright>(c) Reuters Limited 1997</copyright>
<metadata>
<codes class="bip:countries:1.0">
  <code code="GFR">
    <editdetail attribution="Reuters BIP Coding Group" action="confirmed" date="1997-07-06"/>
  </code>
  <code code="YUG">
    <editdetail attribution="Reuters BIP Coding Group" action="confirmed" date="1997-07-06"/>
  </code>
</codes>
<codes class="bip:topics:1.0">
  <code code="GCAT">
    <editdetail attribution="Reuters BIP Coding Group" action="confirmed" date="1997-07-06"/>
  </code>
  <code code="GCRIM">
    <editdetail attribution="Reuters BIP Coding Group" action="confirmed" date="1997-07-06"/>
  </code>
  <code code="GDEF">
    <editdetail attribution="Reuters BIP Coding Group" action="confirmed" date="1997-07-06"/>
  </code>
  <code code="GPOL">
    <editdetail attribution="Reuters BIP Coding Group" action="confirmed" date="1997-07-06"/>
  </code>
</codes>
<dc element="dc.date.created" value="1997-07-06"/>
<dc element="dc.publisher" value="Reuters Holdings Plc"/>
<dc element="dc.date.published" value="1997-07-06"/>
<dc element="dc.source" value="Reuters"/>
<dc element="dc.creator.location" value="BONN"/>
<dc element="dc.creator.location.country.name" value="GERMANY"/>
<dc element="dc.source" value="Reuters"/>
</metadata>
</newsitem>
