<?xml version="1.0" encoding="iso-8859-1" ?>
<newsitem itemid="709514" id="root" date="1997-07-06" xml:lang="en">
<title>VATICAN: Pope says everyone has the right to a holiday.</title>
<headline>Pope says everyone has the right to a holiday.</headline>
<dateline>VATICAN CITY 1997-07-06</dateline>
<text>
<p>Pope John Paul added a new item to the list of human rights on Sunday -- the right to take a holiday.</p>
<p>Just days before he himself heads off for a short summer break to the Italian Alps, the Pope said everyone needed to get away from work once in a while.</p>
<p>&quot;Every so often we all need a period of prolonged physical, psychological and spiritual rest,&quot; the Pope told pilgrims in St Peter's Square during his Sunday Angelus address.</p>
<p>&quot;Especially for those who live in big cities, it is important to immerse yourself for some time in nature,&quot; he added.</p>
<p>But the Pontiff warned people against frittering away their vacations. &quot;I would like to suggest, particularly to young people, to have healthy holidays...avoiding transgressions that are harmful to the health of them and others.&quot;</p>
<p>And the Pope added that &quot;the right to holiday&quot; should not make people forget those who cannot get away. &quot;In the summer period certain public services are more important than ever,&quot; he told the crowd.</p>
<p>Pope John Paul is due to go to the Valle d'Aosta mountain region of northern Italy on July 9 for a 10-day holiday.</p>
</text>
<copyright>(c) Reuters Limited 1997</copyright>
<metadata>
<codes class="bip:countries:1.0">
  <code code="VCAN">
    <editdetail attribution="Reuters BIP Coding Group" action="confirmed" date="1997-07-06"/>
  </code>
</codes>
<codes class="bip:topics:1.0">
  <code code="GCAT">
    <editdetail attribution="Reuters BIP Coding Group" action="confirmed" date="1997-07-06"/>
  </code>
  <code code="GREL">
    <editdetail attribution="Reuters BIP Coding Group" action="confirmed" date="1997-07-06"/>
  </code>
</codes>
<dc element="dc.date.created" value="1997-07-06"/>
<dc element="dc.publisher" value="Reuters Holdings Plc"/>
<dc element="dc.date.published" value="1997-07-06"/>
<dc element="dc.source" value="Reuters"/>
<dc element="dc.creator.location" value="VATICAN CITY"/>
<dc element="dc.creator.location.country.name" value="VATICAN"/>
<dc element="dc.source" value="Reuters"/>
</metadata>
</newsitem>
