<?xml version="1.0" encoding="iso-8859-1" ?>
<newsitem itemid="709558" id="root" date="1997-07-06" xml:lang="en">
<title>CAMBODIA: Heavy fighting rocks Cambodian capital.</title>
<headline>Heavy fighting rocks Cambodian capital.</headline>
<byline>Robert Birsel</byline>
<dateline>PHNOM PENH 1997-07-06</dateline>
<text>
<p>Heavy fighting rocked the Cambodian capital on Sunday as forces loyal to the rival prime ministers battled for a second day and thousands of people fled the city.</p>
<p>Smoke billowed over the city centre where shells were falling. Explosions were heard near the palace and government buildings.</p>
<p>The fighting, which started on Saturday, resumed at dawn. First Prime Minister Prince Norodom Ranariddh accused his former battlefield enemy, Second Prime Minister Hun Sen, of attempting a coup.</p>
<p>Ranariddh, currently in France on what was described as a private visit, issued a statement there describing the actions against his forces as a coup.</p>
<p>&quot;We consider that what is currently happening in Phnom Penh is a coup d'etat perpetuated by Mr Hun Sen,&quot; said a statement issued in Paris in the name of Ranariddh.</p>
<p>But a radio station controlled by powerful Hun Sen denied on Sunday that a coup was under way. The radio urged people to remain calm, and said government troops were fighting Khmer Rouge guerrillas.</p>
<p>&quot;It is not a coup. If it were a coup FUNCINPEC ministers and officials would be arrested,&quot; the radio said, referring to Ranariddh's royalist party. &quot;The government would like to appeal to the people to remain calm,&quot; the radio said. &quot;The government is fighting with Khmer Rouge and the Khmer Rouge are shelling Phnom Penh like they did in 1975,&quot; the radio said, referring to the Maoist guerrillas' victory over a U.S.-backed government in April 1975.</p>
<p>The Vietnamese Foreign Ministry on Saturday said Hun Sen was in Vietnam on holiday. But a Cambodian diplomat in Hanoi said on Sunday the second prime minister was definitely not in Hanoi and was believed to have returned to Cambodia.</p>
<p>King Sihanouk, Ranariddh's father, was believed to be in Beijing undergoing medical treatment.</p>
<p>Thousands of people, heavily laden with belongings, were seen streaming out of the western part of the city where the fighting was taking place while many others were piling into cars and trucks.</p>
<p>Sustained shelling began just before dawn and continued into the morning. The fighting appeared to be in the area of a well-fortified compound where top generals and officials loyal to Ranariddh live.</p>
<p>Ranariddh's top military commander, General Nhiek Bun Chhay, denied rumours that he had surrendered. &quot;No surrender, the situation's getting more and more tense,&quot; the general, who was holed up at his main military base near Phnom Penh airport, told Reuters by mobile telephone.</p>
<p>Shells occasionally landed in the city centre, where short bursts of automatic weapons fire could also be heard. A huge cloud of black smoke rose from the area of the city where the fighting was taking place, apparently from a burning petrol station. Several houses in the area were also on fire, witnesses said.</p>
<p>Residents in the capital said prices in markets, which opened briefly on Sunday morning, had doubled overnight.</p>
<p>&quot;The markets were fairly busy early this morning with people buying food, but the stalls are dead right now,&quot; said a photographer. &quot;A lot of people are streaming out of the area of the fighting.&quot;</p>
<p>Military officials said casualty figures were not known, but at least four people were killed and 20 wounded on Saturday, hospital sources said. The Cambodian Red Cross said on Sunday there were 52 casualties but gave no breakdown on the number of dead or wounded.</p>
<p>Troops loyal to Hun Sen, who outnumber forces loyal to Ranariddh in the capital, were stationed on city streets. At least one tank was seen near Ranariddh's official residence and an armoured car was parked outside the Royal Palace.</p>
<p>The road to the airport was closed. Major airlines that normally fly into Phnom Penh announced cancellations of flights there on Saturday and several said they would also scrap scheduled flights on Sunday.</p>
<p>The fighting erupted on Saturday after Hun Sen ordered a crackdown against &quot;illegal troops&quot; being brought into the capital under Ranariddh's command.</p>
<p>Hun Sen said the prince was bringing Khmer Rouge defectors into the city to bolster his troop strength. Ranariddh denied the accusation.</p>
<p>The two prime ministers head a fractured coalition government foremed after a United Nations-run election in 1993.</p>
<p>A bitter row over power sharing has been inflamed in recent weeks after Ranariddh said he was negotiating peace with the Khmer Rouge guerrilla groups and might strike a deal with the rebels if they borke with hated leader Pol Pot and recognised the constitution.</p>
<p>Nominal Khmer Rouge leader Khieu Samphan announced on Sunday that he supported the constitution and said Pol Pot's regime had ended.</p>
</text>
<copyright>(c) Reuters Limited 1997</copyright>
<metadata>
<codes class="bip:countries:1.0">
  <code code="KAMPA">
    <editdetail attribution="Reuters BIP Coding Group" action="confirmed" date="1997-07-06"/>
  </code>
</codes>
<codes class="bip:topics:1.0">
  <code code="GCAT">
    <editdetail attribution="Reuters BIP Coding Group" action="confirmed" date="1997-07-06"/>
  </code>
  <code code="GVIO">
    <editdetail attribution="Reuters BIP Coding Group" action="confirmed" date="1997-07-06"/>
  </code>
</codes>
<dc element="dc.date.created" value="1997-07-06"/>
<dc element="dc.publisher" value="Reuters Holdings Plc"/>
<dc element="dc.date.published" value="1997-07-06"/>
<dc element="dc.source" value="Reuters"/>
<dc element="dc.creator.location" value="PHNOM PENH"/>
<dc element="dc.creator.location.country.name" value="CAMBODIA"/>
<dc element="dc.source" value="Reuters"/>
</metadata>
</newsitem>
