<?xml version="1.0" encoding="iso-8859-1" ?>
<newsitem itemid="578096" id="root" date="1997-05-13" xml:lang="en">
<title>USA: Olympic Cascade sued for $4.5 mln.</title>
<headline>Olympic Cascade sued for $4.5 mln.</headline>
<dateline>SANTA ANA, Calif. 1997-05-13</dateline>
<text>
<p>Olympic Cascade Financial Corp and its unit National Securities Corp have been sued for $4.5 million over allegations of fraud, negligent misrepresentation, breach of contract and other claims, the plaintiffs' attorneys said on Tuesday.</p>
<p>The suit, filed in U.S. District Court for the Central District of California, claims the companies &quot;engaged in a conspiracy and failed to perform&quot; on a pledge to purchase certain securities.</p>
<p>It seeks $4.5 million plus punitive damages.</p>
<p>Olympic Cascade officials were not available for comment.</p>
<p>Plaintiffs Maxal Trust of New York, Shropshire Capital Corp of Nevada and other individuals are being represented by the law firm Prevenost, Normandin, Bergh &amp; Dawe based in Santa Ana, California.</p>
<p>The suit was filed on April 24.</p>
</text>
<copyright>(c) Reuters Limited 1997</copyright>
<metadata>
<codes class="bip:countries:1.0">
  <code code="USA">
    <editdetail attribution="Reuters BIP Coding Group" action="confirmed" date="1997-05-13"/>
  </code>
</codes>
<codes class="bip:industries:1.0">
  <code code="I83100">
    <editdetail attribution="Reuters BIP Coding Group" action="confirmed" date="1997-05-13"/>
  </code>
</codes>
<codes class="bip:topics:1.0">
  <code code="C12">
    <editdetail attribution="Reuters BIP Coding Group" action="confirmed" date="1997-05-13"/>
  </code>
  <code code="CCAT">
    <editdetail attribution="Reuters BIP Coding Group" action="confirmed" date="1997-05-13"/>
  </code>
  <code code="GCAT">
    <editdetail attribution="Reuters BIP Coding Group" action="confirmed" date="1997-05-13"/>
  </code>
  <code code="GCRIM">
    <editdetail attribution="Reuters BIP Coding Group" action="confirmed" date="1997-05-13"/>
  </code>
</codes>
<dc element="dc.date.created" value="1997-05-13"/>
<dc element="dc.publisher" value="Reuters Holdings Plc"/>
<dc element="dc.date.published" value="1997-05-13"/>
<dc element="dc.source" value="Reuters"/>
<dc element="dc.creator.location" value="SANTA ANA, Calif."/>
<dc element="dc.creator.location.country.name" value="USA"/>
<dc element="dc.source" value="Reuters"/>
</metadata>
</newsitem>
