<?xml version="1.0" encoding="iso-8859-1" ?>
<newsitem itemid="578052" id="root" date="1997-05-13" xml:lang="en">
<title>USA: American Medserve Corp Q1 profit vs loss.</title>
<headline>American Medserve Corp Q1 profit vs loss.</headline>
<dateline>NAPERVILLE, Ill. 1997-05-13</dateline>
<text>
<p>1997			1996</p>
<p> Shr profit		 $0.07     loss	 $0.03</p>
<p> Net profit		   820     loss	   220</p>
<p> Revs			34,857		   15,921</p>
<p> Avg shrs		  12,178		    6,466</p>
<p>(All data above 000s except per share numbers)</p>
<p>NOTE: 1996 data includes extraordinary charge of $437,000, or $0.06 a share, for wreiteoff of deferred financing costs.</p>
<p>((Chicago newsdesk, 312-408-8787))</p>
</text>
<copyright>(c) Reuters Limited 1997</copyright>
<metadata>
<codes class="bip:countries:1.0">
  <code code="USA">
    <editdetail attribution="Reuters BIP Coding Group" action="confirmed" date="1997-05-13"/>
  </code>
</codes>
<codes class="bip:industries:1.0">
  <code code="I95100">
    <editdetail attribution="Reuters BIP Coding Group" action="confirmed" date="1997-05-13"/>
  </code>
</codes>
<codes class="bip:topics:1.0">
  <code code="C15">
    <editdetail attribution="Reuters BIP Coding Group" action="confirmed" date="1997-05-13"/>
  </code>
  <code code="C151">
    <editdetail attribution="Reuters BIP Coding Group" action="confirmed" date="1997-05-13"/>
  </code>
  <code code="CCAT">
    <editdetail attribution="Reuters BIP Coding Group" action="confirmed" date="1997-05-13"/>
  </code>
</codes>
<dc element="dc.date.created" value="1997-05-13"/>
<dc element="dc.publisher" value="Reuters Holdings Plc"/>
<dc element="dc.date.published" value="1997-05-13"/>
<dc element="dc.source" value="Reuters"/>
<dc element="dc.creator.location" value="NAPERVILLE, Ill."/>
<dc element="dc.creator.location.country.name" value="USA"/>
<dc element="dc.source" value="Reuters"/>
</metadata>
</newsitem>
