<?xml version="1.0" encoding="iso-8859-1" ?>
<newsitem itemid="578095" id="root" date="1997-05-13" xml:lang="en">
<title>USA: Class action brought against Arthur Andersen.</title>
<headline>Class action brought against Arthur Andersen.</headline>
<dateline>NEW YORK 1997-05-13</dateline>
<text>
<p>A law firm representing purchasers of Discovery Zone Inc securities said on Tuesday that the buyers had filed a class action lawsuit against Arthur Andersen LLP, alleging the accounting firm violated accounting principles.</p>
<p>The purchasers, who bought Discovery Zone securities in 1994 and 1995, said their suit relates to the accounting firm's unqualified or &quot;clean&quot; audit of Discovery Zone's 1993 and 1994 year-end finanacial statements.</p>
<p>No one was immediately available at the law firm, Abbey, Gardy &amp; Squitieri LLP, to comment on possible damages being sought by the shareholders, nor was anyone immediately available at Arthur Andersen to comment on the case.</p>
</text>
<copyright>(c) Reuters Limited 1997</copyright>
<metadata>
<codes class="bip:countries:1.0">
  <code code="USA">
    <editdetail attribution="Reuters BIP Coding Group" action="confirmed" date="1997-05-13"/>
  </code>
</codes>
<codes class="bip:industries:1.0">
  <code code="I83600">
    <editdetail attribution="Reuters BIP Coding Group" action="confirmed" date="1997-05-13"/>
  </code>
  <code code="I97911">
    <editdetail attribution="Reuters BIP Coding Group" action="confirmed" date="1997-05-13"/>
  </code>
</codes>
<codes class="bip:topics:1.0">
  <code code="C12">
    <editdetail attribution="Reuters BIP Coding Group" action="confirmed" date="1997-05-13"/>
  </code>
  <code code="CCAT">
    <editdetail attribution="Reuters BIP Coding Group" action="confirmed" date="1997-05-13"/>
  </code>
  <code code="GCAT">
    <editdetail attribution="Reuters BIP Coding Group" action="confirmed" date="1997-05-13"/>
  </code>
  <code code="GCRIM">
    <editdetail attribution="Reuters BIP Coding Group" action="confirmed" date="1997-05-13"/>
  </code>
</codes>
<dc element="dc.date.created" value="1997-05-13"/>
<dc element="dc.publisher" value="Reuters Holdings Plc"/>
<dc element="dc.date.published" value="1997-05-13"/>
<dc element="dc.source" value="Reuters"/>
<dc element="dc.creator.location" value="NEW YORK"/>
<dc element="dc.creator.location.country.name" value="USA"/>
<dc element="dc.source" value="Reuters"/>
</metadata>
</newsitem>
