<?xml version="1.0" encoding="iso-8859-1" ?>
<newsitem itemid="578050" id="root" date="1997-05-13" xml:lang="en">
<title>USA: Xenometrix Q3 shr loss $0.37 vs loss $0.34.</title>
<headline>Xenometrix Q3 shr loss $0.37 vs loss $0.34.</headline>
<dateline>BOULDER, Colo.,</dateline>
<text>
<p>Quarter Ended		Nine Months Ended</p>
<p>			 March 31,		    March 31,</p>
<p>			 1997	 1996	   1997	   1996</p>
<p>Sales and services</p>
<p>		  $ 152,000   $ 146,000    $ 532,000    $ 484,000</p>
<p>Cost of sales and</p>
<p>  services	157,000     123,000	505,000	373,000</p>
<p> Gross profit   (5,000)	23,000	 27,000	111,000</p>
<p>Research and development</p>
<p>		    282,000     325,000	871,000	782,000</p>
<p>Selling, general and</p>
<p>administrative</p>
<p>		    826,000     734,000    2,037,000    1,873,000</p>
<p>Total operating</p>
<p>  expense     1,108,000   1,059,000    2,908,000    2,655,000</p>
<p>Operating loss</p>
<p>		(1,113,000) (1,036,000)  (2,881,000)  (2,544,000)</p>
<p>Other income:</p>
<p> Grant income     5,000	     -	 64,000		-</p>
<p>Interest income, net</p>
<p>		     28,000	53,000	 99,000	 83,000</p>
<p>Gain on early</p>
<p>termination of lease</p>
<p>			    -	     -    1,028,000		-</p>
<p>Loss before</p>
<p>extraordinary item</p>
<p>		(1,080,000)   (983,000)  (1,690,000)  (2,461,000)</p>
<p>Extraordinary item:</p>
<p>Early extinguishment</p>
<p>of debt issuance</p>
<p>  cost		    -	     -		-    (115,000)</p>
<p> Net loss   (1,080,000)   (983,000)  (1,690,000)  (2,576,000)</p>
<p>Loss per common</p>
<p>share:</p>
<p>Loss before</p>
<p>extraordinary</p>
<p>  item	     (0.37)	(0.34)	 (0.58)	 (1.28)</p>
<p> Extraordinary item   -	     -		-	 (0.06)</p>
<p> Net loss	  (0.37)	(0.34)	 (0.58)	 (1.34)</p>
<p>Weighted average</p>
<p>common shares</p>
<p>outstanding</p>
<p>		  2,939,000   2,906,000    2,928,000    1,919,000</p>
<p>Full company name is Xenometrix Inc.</p>
<p>-- New York Newsdesk 212 859-1610</p>
</text>
<copyright>(c) Reuters Limited 1997</copyright>
<metadata>
<codes class="bip:countries:1.0">
  <code code="USA">
    <editdetail attribution="Reuters BIP Coding Group" action="confirmed" date="1997-05-13"/>
  </code>
</codes>
<codes class="bip:industries:1.0">
  <code code="I25000">
    <editdetail attribution="Reuters BIP Coding Group" action="confirmed" date="1997-05-13"/>
  </code>
</codes>
<codes class="bip:topics:1.0">
  <code code="C15">
    <editdetail attribution="Reuters BIP Coding Group" action="confirmed" date="1997-05-13"/>
  </code>
  <code code="C151">
    <editdetail attribution="Reuters BIP Coding Group" action="confirmed" date="1997-05-13"/>
  </code>
  <code code="CCAT">
    <editdetail attribution="Reuters BIP Coding Group" action="confirmed" date="1997-05-13"/>
  </code>
</codes>
<dc element="dc.publisher" value="Reuters Holdings Plc"/>
<dc element="dc.date.published" value="1997-05-13"/>
<dc element="dc.source" value="Reuters"/>
<dc element="dc.creator.location" value="BOULDER, Colo., )"/>
<dc element="dc.creator.location.country.name" value="USA"/>
<dc element="dc.source" value="Reuters"/>
</metadata>
</newsitem>
