<?xml version="1.0" encoding="iso-8859-1" ?>
<newsitem itemid="578099" id="root" date="1997-05-13" xml:lang="en">
<title>USA: Central Reserve shr loss $0.43 v loss $0.80.</title>
<headline>Central Reserve shr loss $0.43 v loss $0.80.</headline>
<dateline>STRONGSVILLE, Ohio 1997-05-13</dateline>
<text>
<p>Three Months Ended</p>
<p>							    March 31</p>
<p>							 1997	   1996</p>
<p>REVENUES</p>
<p> Premiums				   $67,224,069   $61,397,347</p>
<p> Net investment income		    1,624,855     1,689,206</p>
<p> Net realized investment gains		  850	     257</p>
<p>   Total				     68,849,774    63,086,810</p>
<p>BENEFITS, LOSSES &amp; EXPENSES</p>
<p>Benefits, claims, losses &amp; settlement</p>
<p>   expenses				  53,204,489    50,125,564</p>
<p> Commissions				  9,184,864     8,474,159</p>
<p> Other operating expenses		 8,763,446     8,725,844</p>
<p>   Total				     71,152,799    67,325,567</p>
<p>Income (loss) before federal</p>
<p>   income taxes			   (2,303,025)   (4,238,757)</p>
<p>Federal income tax expense (benefit)</p>
<p>						  (475,000)     (840,000)</p>
<p> Net income (loss)			(1,828,025)   (3,398,757)</p>
<p> Basic earnings (loss) per share	    (.44)	   (.84)</p>
<p> Diluted earnings (loss) per share	  (.43)	   (.80)</p>
<p>Full company name is Central Reserve Life Corp.</p>
<p>-- New York Newsdesk 212 859-1610</p>
</text>
<copyright>(c) Reuters Limited 1997</copyright>
<metadata>
<codes class="bip:countries:1.0">
  <code code="USA">
    <editdetail attribution="Reuters BIP Coding Group" action="confirmed" date="1997-05-13"/>
  </code>
</codes>
<codes class="bip:industries:1.0">
  <code code="I82002">
    <editdetail attribution="Reuters BIP Coding Group" action="confirmed" date="1997-05-13"/>
  </code>
</codes>
<codes class="bip:topics:1.0">
  <code code="C15">
    <editdetail attribution="Reuters BIP Coding Group" action="confirmed" date="1997-05-13"/>
  </code>
  <code code="C151">
    <editdetail attribution="Reuters BIP Coding Group" action="confirmed" date="1997-05-13"/>
  </code>
  <code code="CCAT">
    <editdetail attribution="Reuters BIP Coding Group" action="confirmed" date="1997-05-13"/>
  </code>
</codes>
<dc element="dc.date.created" value="1997-05-13"/>
<dc element="dc.publisher" value="Reuters Holdings Plc"/>
<dc element="dc.date.published" value="1997-05-13"/>
<dc element="dc.source" value="Reuters"/>
<dc element="dc.creator.location" value="STRONGSVILLE, Ohio"/>
<dc element="dc.creator.location.country.name" value="USA"/>
<dc element="dc.source" value="Reuters"/>
</metadata>
</newsitem>
