<?xml version="1.0" encoding="iso-8859-1" ?>
<newsitem itemid="578033" id="root" date="1997-05-13" xml:lang="en">
<title>USA: Apple's next operating syetem to run on Intel PC's.</title>
<headline>Apple's next operating syetem to run on Intel PC's.</headline>
<dateline>SAN JOSE 1997-05-13</dateline>
<text>
<p>Apple Computer Inc Chairman Gilbert Amelio Tuesday said the company's next generation operating system, code named Rhapsody, will also run on personal computers equipped with Intel Corp chips.</p>
<p>At an industry conference here, Amelio said developers will be able to write for Apple's Macintosh computer at the same time as Intel PC's.  </p>
<p>Apple said Rhapsody is the code name for Apple's next generation operating system for PowerPC and will be the primary development and deployment platform for Apple's Yellow Box applications.</p>
<p>The system includes four components: Core OS, based on Mach technology; Blue Box/Mac OS compatibility environment; the Yellow Box development environment; and Advanced Macintosh User Interface.</p>
<p>Apple intends to host the Yellow Box on a future version of the Mac OS, code named Allegro.  Allegro will be the follow on release from Mac OS 8, scheduled for introduction in July 1997. Expected to be available in mid-1998, Allegro will be based on current Mac OS underlying technology and will include both the traditional MacOS APIs as well as the capability of hosting the Yellow Box, Apple said.</p>
<p>Apple said Rhapsody for Intel is the code name for Apple's next generation operating system for Intel processor-based personal computers.  It includes three components: Core OS based on Mach technology; Yellow Box development environment; and Advanced Macintosh User Interface.</p>
</text>
<copyright>(c) Reuters Limited 1997</copyright>
<metadata>
<codes class="bip:countries:1.0">
  <code code="USA">
    <editdetail attribution="Reuters BIP Coding Group" action="confirmed" date="1997-05-13"/>
  </code>
</codes>
<codes class="bip:industries:1.0">
  <code code="I33020">
    <editdetail attribution="Reuters BIP Coding Group" action="confirmed" date="1997-05-13"/>
  </code>
  <code code="I3302003">
    <editdetail attribution="Reuters BIP Coding Group" action="confirmed" date="1997-05-13"/>
  </code>
  <code code="I34531">
    <editdetail attribution="Reuters BIP Coding Group" action="confirmed" date="1997-05-13"/>
  </code>
</codes>
<codes class="bip:topics:1.0">
  <code code="C22">
    <editdetail attribution="Reuters BIP Coding Group" action="confirmed" date="1997-05-13"/>
  </code>
  <code code="CCAT">
    <editdetail attribution="Reuters BIP Coding Group" action="confirmed" date="1997-05-13"/>
  </code>
</codes>
<dc element="dc.date.created" value="1997-05-13"/>
<dc element="dc.publisher" value="Reuters Holdings Plc"/>
<dc element="dc.date.published" value="1997-05-13"/>
<dc element="dc.source" value="Reuters"/>
<dc element="dc.creator.location" value="SAN JOSE"/>
<dc element="dc.creator.location.country.name" value="USA"/>
<dc element="dc.source" value="Reuters"/>
</metadata>
</newsitem>
