<?xml version="1.0" encoding="iso-8859-1" ?>
<newsitem itemid="578053" id="root" date="1997-05-13" xml:lang="en">
<title>USA: Stericycle Inc Q1 net profit vs loss.</title>
<headline>Stericycle Inc Q1 net profit vs loss.</headline>
<dateline>DEERFIELD, Ill. 1997-05-13</dateline>
<text>
<p>For the three months ended</p>
<p>							 March 31,</p>
<p>						     1997	     1996</p>
<p> Revenues					 $9,879	   $5,578</p>
<p>Costs and Expenses:</p>
<p> Cost of Revenues				7,911	    4,337</p>
<p> Selling, General and Administrative     1,969	    1,505</p>
<p> Total Costs and Expenses		    9,880	    5,842</p>
<p> Loss from Operations			    (1)	    (264)</p>
<p>Other Income (Expense):</p>
<p> Interest Income				   226		 --</p>
<p> Interest Expense				(123)	     (83)</p>
<p> Total other income (expense)		  103	     (83)</p>
<p> Net income (loss)				 102	   ( 347)</p>
<p> Net income (loss) per common share	 0.01	  ( 0.05)</p>
<p>Weighted average number of</p>
<p>  common shares outstanding	   10,517,105	6,577,287</p>
<p>	  (in thousands, except share and per share data)</p>
<p>((--Chicago newsdesk, 312-408-8787))</p>
</text>
<copyright>(c) Reuters Limited 1997</copyright>
<metadata>
<codes class="bip:countries:1.0">
  <code code="USA">
    <editdetail attribution="Reuters BIP Coding Group" action="confirmed" date="1997-05-13"/>
  </code>
</codes>
<codes class="bip:industries:1.0">
  <code code="I92110">
    <editdetail attribution="Reuters BIP Coding Group" action="confirmed" date="1997-05-13"/>
  </code>
</codes>
<codes class="bip:topics:1.0">
  <code code="C15">
    <editdetail attribution="Reuters BIP Coding Group" action="confirmed" date="1997-05-13"/>
  </code>
  <code code="C151">
    <editdetail attribution="Reuters BIP Coding Group" action="confirmed" date="1997-05-13"/>
  </code>
  <code code="CCAT">
    <editdetail attribution="Reuters BIP Coding Group" action="confirmed" date="1997-05-13"/>
  </code>
</codes>
<dc element="dc.date.created" value="1997-05-13"/>
<dc element="dc.publisher" value="Reuters Holdings Plc"/>
<dc element="dc.date.published" value="1997-05-13"/>
<dc element="dc.source" value="Reuters"/>
<dc element="dc.creator.location" value="DEERFIELD, Ill."/>
<dc element="dc.creator.location.country.name" value="USA"/>
<dc element="dc.source" value="Reuters"/>
</metadata>
</newsitem>
