<?xml version="1.0" encoding="iso-8859-1" ?>
<newsitem itemid="578167" id="root" date="1997-05-13" xml:lang="en">
<title>USA: Incomnet Inc Q1 net rises.</title>
<headline>Incomnet Inc Q1 net rises.</headline>
<dateline>WOODLAND HILLS, Calif. 1997-05-13</dateline>
<text>
<p>FIRST QUARTER ENDED MARCH 31, 1997</p>
<p>						1997	    1996</p>
<p> REVENUES ($ 000s)		    $31,169	 $24,399</p>
<p> NET INCOME ($ 000s)		    1,010	     418</p>
<p> PER SHARE				   0.07	    0.03</p>
<p>WEIGHTED AVERAGE COMMON</p>
<p> SHARES AND EQUIVALENTS	  13,550,000    13,278,242</p>
</text>
<copyright>(c) Reuters Limited 1997</copyright>
<metadata>
<codes class="bip:countries:1.0">
  <code code="USA">
    <editdetail attribution="Reuters BIP Coding Group" action="confirmed" date="1997-05-13"/>
  </code>
</codes>
<codes class="bip:industries:1.0">
  <code code="I33030">
    <editdetail attribution="Reuters BIP Coding Group" action="confirmed" date="1997-05-13"/>
  </code>
</codes>
<codes class="bip:topics:1.0">
  <code code="C15">
    <editdetail attribution="Reuters BIP Coding Group" action="confirmed" date="1997-05-13"/>
  </code>
  <code code="C151">
    <editdetail attribution="Reuters BIP Coding Group" action="confirmed" date="1997-05-13"/>
  </code>
  <code code="CCAT">
    <editdetail attribution="Reuters BIP Coding Group" action="confirmed" date="1997-05-13"/>
  </code>
</codes>
<dc element="dc.date.created" value="1997-05-13"/>
<dc element="dc.publisher" value="Reuters Holdings Plc"/>
<dc element="dc.date.published" value="1997-05-13"/>
<dc element="dc.source" value="Reuters"/>
<dc element="dc.creator.location" value="WOODLAND HILLS, Calif."/>
<dc element="dc.creator.location.country.name" value="USA"/>
<dc element="dc.source" value="Reuters"/>
</metadata>
</newsitem>
