<?xml version="1.0" encoding="iso-8859-1" ?>
<newsitem itemid="578139" id="root" date="1997-05-13" xml:lang="en">
<title>USA: AFTER THE BELL - Few stocks trade.</title>
<headline>AFTER THE BELL - Few stocks trade.</headline>
<dateline>NEW YORK 1997-05-13</dateline>
<text>
<p>The after-hours session remained uneventful with a few stocks making brief trades like Applied Materials Inc, which moved to 61-1/2 against a Nasdaq close of 60-7/16, dealers said Tuesday.</p>
<p>&quot;There isn't much going on,&quot; said one trader. &quot;Applied is trading but not very much.&quot;</p>
<p>During the session, the company said it had won a $182 million order for semiconductor production systems from a Taiwanese semiconductor company.  </p>
<p>Nasdaq halted trading in Micron Electronics Inc's stock moments before the company said personal computer price cuts and other costs would hurt its third-quarter earnings.</p>
<p>The New York Stock Exchange said Tuesday that session one had a volume of 45,600 shares against 6,500 the day before, while session two had 1.6 million against 2.2 million.</p>
</text>
<copyright>(c) Reuters Limited 1997</copyright>
<metadata>
<codes class="bip:countries:1.0">
  <code code="USA">
    <editdetail attribution="Reuters BIP Coding Group" action="confirmed" date="1997-05-13"/>
  </code>
</codes>
<codes class="bip:industries:1.0">
  <code code="I33020">
    <editdetail attribution="Reuters BIP Coding Group" action="confirmed" date="1997-05-13"/>
  </code>
  <code code="I3302003">
    <editdetail attribution="Reuters BIP Coding Group" action="confirmed" date="1997-05-13"/>
  </code>
  <code code="I34420">
    <editdetail attribution="Reuters BIP Coding Group" action="confirmed" date="1997-05-13"/>
  </code>
</codes>
<codes class="bip:topics:1.0">
  <code code="C15">
    <editdetail attribution="Reuters BIP Coding Group" action="confirmed" date="1997-05-13"/>
  </code>
  <code code="C152">
    <editdetail attribution="Reuters BIP Coding Group" action="confirmed" date="1997-05-13"/>
  </code>
  <code code="CCAT">
    <editdetail attribution="Reuters BIP Coding Group" action="confirmed" date="1997-05-13"/>
  </code>
  <code code="M11">
    <editdetail attribution="Reuters BIP Coding Group" action="confirmed" date="1997-05-13"/>
  </code>
  <code code="MCAT">
    <editdetail attribution="Reuters BIP Coding Group" action="confirmed" date="1997-05-13"/>
  </code>
</codes>
<dc element="dc.date.created" value="1997-05-13"/>
<dc element="dc.publisher" value="Reuters Holdings Plc"/>
<dc element="dc.date.published" value="1997-05-13"/>
<dc element="dc.source" value="Reuters"/>
<dc element="dc.creator.location" value="NEW YORK"/>
<dc element="dc.creator.location.country.name" value="USA"/>
<dc element="dc.source" value="Reuters"/>
</metadata>
</newsitem>
