<?xml version="1.0" encoding="iso-8859-1" ?>
<newsitem itemid="578106" id="root" date="1997-05-13" xml:lang="en">
<title>USA: Seitel &quot;impact&quot; find to produce this month.</title>
<headline>Seitel &quot;impact&quot; find to produce this month.</headline>
<dateline>HOUSTON 1997-05-13</dateline>
<text>
<p>Seitel Inc said Tuesday one of its new &quot;impact&quot; projects was a successful discovery well that is expected to begin production this month.</p>
<p>Seitel's DDD Energy Inc subsidiary has a 43.5 perecent working interest in the TexStar Petroleum 1 Board of Supervisors 16-3 well, located at Reedy Creek Field in northeastern Jones County, Mississippi.</p>
<p>The well is expected to start commercial sales by the end of May at an initial rate of 600 to 800 barrels of oil plus 450,000 to 600,000 cubic feet of natural gas per day from the Upper and Lower Smackover, Seitel said.  </p>
<p>It said flow rates as high as 1,250 barrels of oil and 900 thousand cubic feet of gas per day, on a 12/64-inch choke with flow tubing pressure of 1,750 pounds per square inch, were recorded during an extensive testing period.  Test production was from selective perforations between 14,494 and 14,450 feet. Total depth drilled was 15,195 feet and at least 115 feet of net pay was logged in four productive intervals -- the Cotton Valley, Upper and Lower Smackover and Norphlet Formations.</p>
<p>Seitel said an offset well at Reedy Creek is presently drilling and potentially could produce from two zones.</p>
<p>A third well, another potential dual producer, is scheduled to be drilled later this year.  Additional Reedy Creek drilling for oil prospects at shallower depths is expected to also start later in the year, following completion of more extensive technical evaluation.</p>
<p>&quot;Reedy Creek, which is one of our new 'impact plays,' could be contributing very material daily production revenues to DDD Energy later this year as a result of our large equity stake in this project,&quot; said Horace A. Calvert, Seitel's chief operating officer and DDD Energy's president. Four privately owned companies are DDD'S partners in the Reedy Creek project.</p>
<p>((-- New York Newsdesk 212-859-1610))</p>
</text>
<copyright>(c) Reuters Limited 1997</copyright>
<metadata>
<codes class="bip:countries:1.0">
  <code code="USA">
    <editdetail attribution="Reuters BIP Coding Group" action="confirmed" date="1997-05-13"/>
  </code>
</codes>
<codes class="bip:industries:1.0">
  <code code="I13000">
    <editdetail attribution="Reuters BIP Coding Group" action="confirmed" date="1997-05-13"/>
  </code>
</codes>
<codes class="bip:topics:1.0">
  <code code="C21">
    <editdetail attribution="Reuters BIP Coding Group" action="confirmed" date="1997-05-13"/>
  </code>
  <code code="C24">
    <editdetail attribution="Reuters BIP Coding Group" action="confirmed" date="1997-05-13"/>
  </code>
  <code code="CCAT">
    <editdetail attribution="Reuters BIP Coding Group" action="confirmed" date="1997-05-13"/>
  </code>
</codes>
<dc element="dc.date.created" value="1997-05-13"/>
<dc element="dc.publisher" value="Reuters Holdings Plc"/>
<dc element="dc.date.published" value="1997-05-13"/>
<dc element="dc.source" value="Reuters"/>
<dc element="dc.creator.location" value="HOUSTON"/>
<dc element="dc.creator.location.country.name" value="USA"/>
<dc element="dc.source" value="Reuters"/>
</metadata>
</newsitem>
