<?xml version="1.0" encoding="iso-8859-1" ?>
<newsitem itemid="578187" id="root" date="1997-05-13" xml:lang="en">
<title>USA: IES Industries names Thomas Walker CFO.</title>
<headline>IES Industries names Thomas Walker CFO.</headline>
<dateline>CEDAR RAPIDS, Iowa 1997-05-13</dateline>
<text>
<p>IES Industries Inc said on Tuesday that it named Thomas Walker its chief financial officer, replacing Blake Fischer, who left the company.</p>
<p>Walker most recently was chief financial and administrative officer at Information Resources Inc.</p>
</text>
<copyright>(c) Reuters Limited 1997</copyright>
<metadata>
<codes class="bip:countries:1.0">
  <code code="USA">
    <editdetail attribution="Reuters BIP Coding Group" action="confirmed" date="1997-05-13"/>
  </code>
</codes>
<codes class="bip:industries:1.0">
  <code code="I16100">
    <editdetail attribution="Reuters BIP Coding Group" action="confirmed" date="1997-05-13"/>
  </code>
</codes>
<codes class="bip:topics:1.0">
  <code code="C41">
    <editdetail attribution="Reuters BIP Coding Group" action="confirmed" date="1997-05-13"/>
  </code>
  <code code="C411">
    <editdetail attribution="Reuters BIP Coding Group" action="confirmed" date="1997-05-13"/>
  </code>
  <code code="CCAT">
    <editdetail attribution="Reuters BIP Coding Group" action="confirmed" date="1997-05-13"/>
  </code>
</codes>
<dc element="dc.date.created" value="1997-05-13"/>
<dc element="dc.publisher" value="Reuters Holdings Plc"/>
<dc element="dc.date.published" value="1997-05-13"/>
<dc element="dc.source" value="Reuters"/>
<dc element="dc.creator.location" value="CEDAR RAPIDS, Iowa"/>
<dc element="dc.creator.location.country.name" value="USA"/>
<dc element="dc.source" value="Reuters"/>
</metadata>
</newsitem>
