<?xml version="1.0" encoding="iso-8859-1" ?>
<newsitem itemid="578151" id="root" date="1997-05-13" xml:lang="en">
<title>USA: US stocks end slightly lower after record rally. [CORRECTED 00:35 GMT 14/5]</title>
<headline>US stocks end slightly lower after record rally. [CORRECTED 00:35 GMT 14/5]</headline>
<byline>Jennifer Westhoven</byline>
<dateline>NEW YORK 1997-05-13</dateline>
<text>
<p>U.S. stocks fell Tuesday after nervous investors locked in profits from Monday's record rally amid growing speculation that the Fed would engineer another interest rate rise, analysts said.</p>
<p>The stock market's mild losses were surprising because they defied steeper losses in the bond market. Treasuries tumbled on a report that the Fed is likely to raise the federal funds rate by 25 basis points at its policy-setting meeting next week.  </p>
<p>The Dow Jones Industrial Average closed down 18 points at 7274 points from its new record high of 7293 hit Monday. The Standard &amp; Poor's 500 Index lost more than four points to 833, also coming off a new high scored Monday of 838.</p>
<p>On the broader market, losing stocks outnumbered advancing stocks by 1,322 to 1,133 on moderate volume of about 493 million shares on the New York Stock Exchange.</p>
<p>&quot;I'm impressed. We've got multiple excuses to pull out the rug from under the Dow. It's acting very well considering the circumstances,&quot; said said Al Goldman, chief market analyst for A.G. Edwards and Sons.  </p>
<p>The mild losses in stocks came amid a downturn in the T-bond market and ahead of several key inflation reports due this week. However, several economists said this week's data should not contain any unexpected inflationary signals that could spook Wall Street.</p>
<p>The biggest hurdle facing stocks is next week's meeting of the Federal Open Market Committee (FOMC). A Reuter report, citing sources close to the Fed, said rates are likely to be raised in another bid to insure against potential overheating of the U.S. economy.  </p>
<p>The long bond fell 14/32, pushing the yield to 6.92 percent.</p>
<p>&quot;They could easily justify one more rate hike but not a series of rate hikes. We still don't see the whites of inflation's eyes yet. Although you could argue we see some seeds being planted,&quot; said Anthony Chan, chief economist for Banc One, citing low productivity and capacity utilization rates among other factors.</p>
<p>Chan said considering the headstrong gains made in the stock market in the past few weeks, he does not believe stock market has fully priced in the possibility of rate hike.  </p>
<p>Despite their modest closing levels, the Dow industrials exhibited some of their recent trademark volatility, lurching down 50 points late in the session, prompting curbs in index-arbitrage trading. But the average recovered, with the curbs lifted about ten minutes later.</p>
<p>Some profit-taking in the 30-stock blue chip average was masked for most of the day by strength in International Business Machines Corp. IBM surged to a new all-time intra-day high of 177-1/8, surpassing its previous high of 175-7/8, after Goldman Sachs &amp; Co added IBM to its recommended list.</p>
<p>The stock settled back, closing up 1-3/4 to 173-5/8.  </p>
<p>The Nasdaq Composite slumped 10 points to 1333, or 0.8 percent, led lower by sharp losses in Intel Corp. The world's biggest chipmaker fell 6-3/4 to 152-3/8 in heavy trading after rival Digital Equipment Corp filed a patent infringment suit against Intel and said it would seek a &quot;huge&quot; damage award.</p>
<p>Digital shares closed up 2-1/8 to 35-1/4.</p>
<p>General Motors lost 1-3/8 to 56-7/8 after 8,200 union workers at a parts plant in Ohio walked off the job, threatening a broad shutdown of GM's North American vehicle operations.  </p>
<p>Micron Electronics Inc shares lost 5-3/8 to close at 18-5/8 (corrects stock price from 34-3/8). After the market close, the computer hardware maker said it expected disappoining third quarter results.</p>
<p>On Wednesday, the government will report on April wholesale prices and on Thursday, retail prices. Economists expecting the U.S. Producer Price index to come in unchanged and a 0.1 percent rise in the U.S. Consumer Price Index.</p>
<p>On Friday, the market is expecting April housing starts. Wall Street is expecting a very minor rise, with 1.43 million compared to 1.425 last year.</p>
<p>The S&amp;P 500 fell 4.53 to 833.13.</p>
<p>The Nasdaq Composite fell 10.60 to 1333.59.</p>
<p>Volume on the NYSE was 489.7 million shares.</p>
<p>((-- Wall Street Desk, 212-859-1881))</p>
</text>
<copyright>(c) Reuters Limited 1997</copyright>
<metadata>
<codes class="bip:countries:1.0">
  <code code="USA">
    <editdetail attribution="Reuters BIP Coding Group" action="confirmed" date="1997-05-13"/>
  </code>
</codes>
<codes class="bip:topics:1.0">
  <code code="M11">
    <editdetail attribution="Reuters BIP Coding Group" action="confirmed" date="1997-05-13"/>
  </code>
  <code code="MCAT">
    <editdetail attribution="Reuters BIP Coding Group" action="confirmed" date="1997-05-13"/>
  </code>
</codes>
<dc element="dc.date.created" value="1997-05-13"/>
<dc element="dc.publisher" value="Reuters Holdings Plc"/>
<dc element="dc.date.published" value="1997-05-13"/>
<dc element="dc.source" value="Reuters"/>
<dc element="dc.creator.location" value="NEW YORK"/>
<dc element="dc.creator.location.country.name" value="USA"/>
<dc element="dc.source" value="Reuters"/>
</metadata>
</newsitem>
