<?xml version="1.0" encoding="iso-8859-1" ?>
<newsitem itemid="578152" id="root" date="1997-05-13" xml:lang="en">
<title>USA: Drop in large cap techs pressure Nasdaq.</title>
<headline>Drop in large cap techs pressure Nasdaq.</headline>
<dateline>NEW YORK 1997-05-13</dateline>
<text>
<p>Nasdaq shares cooled Tuesday as several large capitalization technology stocks took a beating, traders said.</p>
<p>Nasdaq shares dropped 10.60 points or 0.79 percent to 1333.59. The drop in the Nasdaq outpaced a slight drop in the Dow Industrials, which lost 18.54 points or 0.25 percent to close unofficially at 7274.21.</p>
<p>&quot;Tech stocks have had a good run lately, so today there was some fall off after folks like Intel set the tone for the day. When the heavy-weights take a breather, the rest become more cautious too,&quot; one trader said.</p>
<p>Intel Corp, the most active Nasdaq issue, dropped 6-3/4 to 152-3/8 after Digital Equipment Corp filed a patent infringement suit against Intel. Other technology issues such as Dell Computer Corp and Micron Electronics Inc also lost ground.</p>
<p>Andrew Corp, which dropped nearly 20 percent after two analysts downgraded the stock, citing concerns about the company's revenue stream.</p>
<p>Declining issues beat gaining issues 2170 to 2046 on total volume of 605 million. Nasdaq shares have lost ground in only three of past 10 sessions.</p>
</text>
<copyright>(c) Reuters Limited 1997</copyright>
<metadata>
<codes class="bip:countries:1.0">
  <code code="USA">
    <editdetail attribution="Reuters BIP Coding Group" action="confirmed" date="1997-05-13"/>
  </code>
</codes>
<codes class="bip:topics:1.0">
  <code code="M11">
    <editdetail attribution="Reuters BIP Coding Group" action="confirmed" date="1997-05-13"/>
  </code>
  <code code="MCAT">
    <editdetail attribution="Reuters BIP Coding Group" action="confirmed" date="1997-05-13"/>
  </code>
</codes>
<dc element="dc.date.created" value="1997-05-13"/>
<dc element="dc.publisher" value="Reuters Holdings Plc"/>
<dc element="dc.date.published" value="1997-05-13"/>
<dc element="dc.source" value="Reuters"/>
<dc element="dc.creator.location" value="NEW YORK"/>
<dc element="dc.creator.location.country.name" value="USA"/>
<dc element="dc.source" value="Reuters"/>
</metadata>
</newsitem>
