<?xml version="1.0" encoding="iso-8859-1" ?>
<newsitem itemid="578198" id="root" date="1997-05-13" xml:lang="en">
<title>USA: Collective sets date for vote on merger.</title>
<headline>Collective sets date for vote on merger.</headline>
<dateline>EGG HARBOR, N.J. 1997-05-13</dateline>
<text>
<p>Collective Bancorp Inc said Tuesday it will hold a special meeting of stockholders July 16, to vote on its merger with Summit Bancorp. Stockholders of record as of May 30, will be entitled to to vote at the meeting.</p>
<p>The deal, in which Collective will be subsumed into Summit, was valued at $867 million when it was announced in February.</p>
</text>
<copyright>(c) Reuters Limited 1997</copyright>
<metadata>
<codes class="bip:countries:1.0">
  <code code="USA">
    <editdetail attribution="Reuters BIP Coding Group" action="confirmed" date="1997-05-13"/>
  </code>
</codes>
<codes class="bip:industries:1.0">
  <code code="I81402">
    <editdetail attribution="Reuters BIP Coding Group" action="confirmed" date="1997-05-13"/>
  </code>
  <code code="I81403">
    <editdetail attribution="Reuters BIP Coding Group" action="confirmed" date="1997-05-13"/>
  </code>
</codes>
<codes class="bip:topics:1.0">
  <code code="C18">
    <editdetail attribution="Reuters BIP Coding Group" action="confirmed" date="1997-05-13"/>
  </code>
  <code code="C181">
    <editdetail attribution="Reuters BIP Coding Group" action="confirmed" date="1997-05-13"/>
  </code>
  <code code="CCAT">
    <editdetail attribution="Reuters BIP Coding Group" action="confirmed" date="1997-05-13"/>
  </code>
</codes>
<dc element="dc.date.created" value="1997-05-13"/>
<dc element="dc.publisher" value="Reuters Holdings Plc"/>
<dc element="dc.date.published" value="1997-05-13"/>
<dc element="dc.source" value="Reuters"/>
<dc element="dc.creator.location" value="EGG HARBOR, N.J."/>
<dc element="dc.creator.location.country.name" value="USA"/>
<dc element="dc.source" value="Reuters"/>
</metadata>
</newsitem>
