<?xml version="1.0" encoding="iso-8859-1" ?>
<newsitem itemid="578149" id="root" date="1997-05-13" xml:lang="en">
<title>USA: Bio-Vascular gets FDA Peri-Strip clearance.</title>
<headline>Bio-Vascular gets FDA Peri-Strip clearance.</headline>
<dateline>ST. PAUL, Minn. 1997-05-13</dateline>
<text>
<p>Bio-Vascular Inc said Tuesday it received 510(k) marketing clearance from the U.S. Food and Drug Administration for its Peri-Strips Dry product.</p>
<p>Peri-Strips are used to reinforce the surgical staple-line and prevent leakage of air during and after lung volume reduction surgery for treatment of late-stage emphysema.</p>
<p>Bio-Vascular said it expects to launch Peri-Strips Dry in July.  </p>
<p>The company said it filed its application with the FDA on March 20 and received on Tuesday the letter granting marketing clearance.</p>
<p>Bio-Vascular said it expects the Peri-Strips Dry to go over especially well in Europe because of the type of surgery usually done. It submitted its application for European clearance on May 2.</p>
<p>&quot;Reaction from the surgical community has been very enthusiastic, and more importantly, the results from the first European surgeries using Peri-Strips Dry confirmed the significant benefits of this new version,&quot; Bio-Vascular president and chief executive John Karcanes said.</p>
<p>((--Chicago newsdesk, 312-408-8787))</p>
</text>
<copyright>(c) Reuters Limited 1997</copyright>
<metadata>
<codes class="bip:countries:1.0">
  <code code="USA">
    <editdetail attribution="Reuters BIP Coding Group" action="confirmed" date="1997-05-13"/>
  </code>
</codes>
<codes class="bip:industries:1.0">
  <code code="I37200">
    <editdetail attribution="Reuters BIP Coding Group" action="confirmed" date="1997-05-13"/>
  </code>
</codes>
<codes class="bip:topics:1.0">
  <code code="C13">
    <editdetail attribution="Reuters BIP Coding Group" action="confirmed" date="1997-05-13"/>
  </code>
  <code code="C22">
    <editdetail attribution="Reuters BIP Coding Group" action="confirmed" date="1997-05-13"/>
  </code>
  <code code="CCAT">
    <editdetail attribution="Reuters BIP Coding Group" action="confirmed" date="1997-05-13"/>
  </code>
  <code code="GCAT">
    <editdetail attribution="Reuters BIP Coding Group" action="confirmed" date="1997-05-13"/>
  </code>
  <code code="GHEA">
    <editdetail attribution="Reuters BIP Coding Group" action="confirmed" date="1997-05-13"/>
  </code>
</codes>
<dc element="dc.date.created" value="1997-05-13"/>
<dc element="dc.publisher" value="Reuters Holdings Plc"/>
<dc element="dc.date.published" value="1997-05-13"/>
<dc element="dc.source" value="Reuters"/>
<dc element="dc.creator.location" value="ST. PAUL, Minn."/>
<dc element="dc.creator.location.country.name" value="USA"/>
<dc element="dc.source" value="Reuters"/>
</metadata>
</newsitem>
