<?xml version="1.0" encoding="iso-8859-1" ?>
<newsitem itemid="578295" id="root" date="1997-05-13" xml:lang="en">
<title>USA: Bonneville withdraws next-day peak power offers.</title>
<headline>Bonneville withdraws next-day peak power offers.</headline>
<dateline>LOS ANGELES 1997-05-13</dateline>
<text>
<p>The Bonneville Power Administration (BPA) dropped offers of surplus power during peak demand hours for Wednesday delivery, but continued to offer off-peak supplies, the agency said Tuesday.</p>
<p>On Monday, the agency had offered 100 megawatts (MW) of next-day power at $17.50 for Northwest and $18.50 for California-Oregon border (COB) sales.</p>
<p>For Wednesday pre-schedulings, BPA continued to offer non-firm power for hours ending at 0600 and 2300 PDT at $9.50 per megawatt hour (MWh) for both Northwest and COB deliveries, while delivered prices for hours ending 0100-0500 and 2400 were flat at $9.00.</p>
<p>Firm power during off-peak hours on Wednesday was also unchanged at $9.00 per MWh for all deliveries.</p>
<p>((--Los Angeles bureau +1 212 955 6761))</p>
</text>
<copyright>(c) Reuters Limited 1997</copyright>
<metadata>
<codes class="bip:countries:1.0">
  <code code="USA">
    <editdetail attribution="Reuters BIP Coding Group" action="confirmed" date="1997-05-13"/>
  </code>
</codes>
<codes class="bip:topics:1.0">
  <code code="M14">
    <editdetail attribution="Reuters BIP Coding Group" action="confirmed" date="1997-05-13"/>
  </code>
  <code code="M143">
    <editdetail attribution="Reuters BIP Coding Group" action="confirmed" date="1997-05-13"/>
  </code>
  <code code="MCAT">
    <editdetail attribution="Reuters BIP Coding Group" action="confirmed" date="1997-05-13"/>
  </code>
</codes>
<dc element="dc.date.created" value="1997-05-13"/>
<dc element="dc.publisher" value="Reuters Holdings Plc"/>
<dc element="dc.date.published" value="1997-05-13"/>
<dc element="dc.source" value="Reuters"/>
<dc element="dc.creator.location" value="LOS ANGELES"/>
<dc element="dc.creator.location.country.name" value="USA"/>
<dc element="dc.source" value="Reuters"/>
</metadata>
</newsitem>
