<?xml version="1.0" encoding="iso-8859-1" ?>
<newsitem itemid="578284" id="root" date="1997-05-13" xml:lang="en">
<title>USA: Polymer amends Merfin bid to C$7.20/shr cash.</title>
<headline>Polymer amends Merfin bid to C$7.20/shr cash.</headline>
<dateline>CHARLESTON, S.C. 1997-05-13</dateline>
<text>
<p>Polymer Group Inc said Tuesday that it is amending its bid to buy all outstanding common shares of Merfin International Inc to an all-cash offer of C$7.20 per share.</p>
<p>Polymer said that it made the new offer in response to concerns by Merfin's board of directors that the time required to accomplish the registration and regulatory approvals of its previous C$7.15 per share bid -- which combined cash and securities -- would unacceptably delay the transaction.</p>
<p>Polymer, said its new offer is subject to 75 percent of Canada-based Merfin's shares being tendered.</p>
<p>On May 9, Merfin directors recommended that its shareholders accept a competing C$7 per share all-cash offer from Buckeye Cellulose Corp.</p>
<p>Polymer said that its amended offer and the consummation of the purchase would not be subject to any financing conditions. It also said it has withdrawn a condition that no break-up fee be made by Merfin to Buckeye.</p>
</text>
<copyright>(c) Reuters Limited 1997</copyright>
<metadata>
<codes class="bip:countries:1.0">
  <code code="CANA">
    <editdetail attribution="Reuters BIP Coding Group" action="confirmed" date="1997-05-13"/>
  </code>
  <code code="USA">
    <editdetail attribution="Reuters BIP Coding Group" action="confirmed" date="1997-05-13"/>
  </code>
</codes>
<codes class="bip:industries:1.0">
  <code code="I25140">
    <editdetail attribution="Reuters BIP Coding Group" action="confirmed" date="1997-05-13"/>
  </code>
  <code code="I47100">
    <editdetail attribution="Reuters BIP Coding Group" action="confirmed" date="1997-05-13"/>
  </code>
</codes>
<codes class="bip:topics:1.0">
  <code code="C18">
    <editdetail attribution="Reuters BIP Coding Group" action="confirmed" date="1997-05-13"/>
  </code>
  <code code="C181">
    <editdetail attribution="Reuters BIP Coding Group" action="confirmed" date="1997-05-13"/>
  </code>
  <code code="CCAT">
    <editdetail attribution="Reuters BIP Coding Group" action="confirmed" date="1997-05-13"/>
  </code>
</codes>
<dc element="dc.date.created" value="1997-05-13"/>
<dc element="dc.publisher" value="Reuters Holdings Plc"/>
<dc element="dc.date.published" value="1997-05-13"/>
<dc element="dc.source" value="Reuters"/>
<dc element="dc.creator.location" value="CHARLESTON, S.C."/>
<dc element="dc.creator.location.country.name" value="USA"/>
<dc element="dc.source" value="Reuters"/>
</metadata>
</newsitem>
