<?xml version="1.0" encoding="iso-8859-1" ?>
<newsitem itemid="578261" id="root" date="1997-05-13" xml:lang="en">
<title>USA: FFP Partners Q1 shr loss $0.34 vs loss $0.05.</title>
<headline>FFP Partners Q1 shr loss $0.34 vs loss $0.05.</headline>
<dateline>FORT WORTH, Texas 1997-05-13</dateline>
<text>
<p>First Quarter</p>
<p>								 1997    1996</p>
<p>							     (In thousands,</p>
<p>						    except per unit data)</p>
<p> Total revenues					 $92,682 $94,391</p>
<p> Operating income (1)				   (837)     285</p>
<p> Net (loss)					     (1,262)   (169)</p>
<p>Net income/(loss) per Class A and Class B Unit</p>
<p>							     (0.34)  (0.05)</p>
<p>Weighted average number of Class A and Class B</p>
<p>  Units outstanding				     3,704   3,671</p>
<p>Note: The company said it is hopeful fuel margins will increase, and that there will be significantly improved performance during the remainder of the year.</p>
<p>-- New York Newsdesk 212 859-1610</p>
</text>
<copyright>(c) Reuters Limited 1997</copyright>
<metadata>
<codes class="bip:countries:1.0">
  <code code="USA">
    <editdetail attribution="Reuters BIP Coding Group" action="confirmed" date="1997-05-13"/>
  </code>
</codes>
<codes class="bip:industries:1.0">
  <code code="I65600">
    <editdetail attribution="Reuters BIP Coding Group" action="confirmed" date="1997-05-13"/>
  </code>
</codes>
<codes class="bip:topics:1.0">
  <code code="C15">
    <editdetail attribution="Reuters BIP Coding Group" action="confirmed" date="1997-05-13"/>
  </code>
  <code code="C151">
    <editdetail attribution="Reuters BIP Coding Group" action="confirmed" date="1997-05-13"/>
  </code>
  <code code="CCAT">
    <editdetail attribution="Reuters BIP Coding Group" action="confirmed" date="1997-05-13"/>
  </code>
</codes>
<dc element="dc.date.created" value="1997-05-13"/>
<dc element="dc.publisher" value="Reuters Holdings Plc"/>
<dc element="dc.date.published" value="1997-05-13"/>
<dc element="dc.source" value="Reuters"/>
<dc element="dc.creator.location" value="FORT WORTH, Texas"/>
<dc element="dc.creator.location.country.name" value="USA"/>
<dc element="dc.source" value="Reuters"/>
</metadata>
</newsitem>
