<?xml version="1.0" encoding="iso-8859-1" ?>
<newsitem itemid="578270" id="root" date="1997-05-13" xml:lang="en">
<title>USA: PathoGenesis Corp Q1 loss widens.</title>
<headline>PathoGenesis Corp Q1 loss widens.</headline>
<dateline>SEATTLE 1997-05-13</dateline>
<text>
<p>Consolidated Statements of Operations</p>
<p>		  (Dollars in thousands, except per share data)</p>
<p>							Three Months Ended</p>
<p>						   3/31/97	  3/31/96</p>
<p>Revenues:</p>
<p>   Grants and royalties			$  86	    $ ---</p>
<p>Operating expenses:</p>
<p>   Research and development		  5,823	    4,491</p>
<p>   General and administrative		1,340		833</p>
<p>	Total operating expenses	     7,163	    5,324</p>
<p>	Operating income (loss)	    (7,077)	  (5,324)</p>
<p> Investment income, net			  851		534</p>
<p>	Net loss				 (6,226)	  (4,790)</p>
<p> Net loss per common share		  (0.43)	   (0.44)</p>
<p>Weighted average common</p>
<p>   shares outstanding		   14,383,942     10,874,857</p>
<p> Balance Sheet Highlights			     March 31,</p>
<p> (in thousands)				  1997		1996</p>
<p>Cash, cash equivalents and</p>
<p>   investment securities		  $107,933	 $ 32,539</p>
<p> Total current assets			108,885	   33,339</p>
<p> Total assets				  117,595	   41,041</p>
<p> Total current liabilities		   3,586	    2,535</p>
<p> Long-term liability				25		319</p>
<p> Total stockholders' equity		113,984	   38,186</p>
</text>
<copyright>(c) Reuters Limited 1997</copyright>
<metadata>
<codes class="bip:countries:1.0">
  <code code="USA">
    <editdetail attribution="Reuters BIP Coding Group" action="confirmed" date="1997-05-13"/>
  </code>
</codes>
<codes class="bip:industries:1.0">
  <code code="I25700">
    <editdetail attribution="Reuters BIP Coding Group" action="confirmed" date="1997-05-13"/>
  </code>
</codes>
<codes class="bip:topics:1.0">
  <code code="C15">
    <editdetail attribution="Reuters BIP Coding Group" action="confirmed" date="1997-05-13"/>
  </code>
  <code code="C151">
    <editdetail attribution="Reuters BIP Coding Group" action="confirmed" date="1997-05-13"/>
  </code>
  <code code="CCAT">
    <editdetail attribution="Reuters BIP Coding Group" action="confirmed" date="1997-05-13"/>
  </code>
</codes>
<dc element="dc.date.created" value="1997-05-13"/>
<dc element="dc.publisher" value="Reuters Holdings Plc"/>
<dc element="dc.date.published" value="1997-05-13"/>
<dc element="dc.source" value="Reuters"/>
<dc element="dc.creator.location" value="SEATTLE"/>
<dc element="dc.creator.location.country.name" value="USA"/>
<dc element="dc.source" value="Reuters"/>
</metadata>
</newsitem>
