<?xml version="1.0" encoding="iso-8859-1" ?>
<newsitem itemid="578244" id="root" date="1997-05-13" xml:lang="en">
<title>USA: Tivoli Industries Inc Q2 shr $0.04.</title>
<headline>Tivoli Industries Inc Q2 shr $0.04.</headline>
<dateline>SANTA ANA, Calif. 1997-05-13</dateline>
<text>
<p>TIVOLI INDUSTRIES INC.</p>
<p>				 Statement of Operations</p>
<p>					(Unaudited)</p>
<p>			  Three Months Ended     Six Months Ended</p>
<p>				 March 31,		 March 31,</p>
<p>			    1997	 1996	 1997	 1996</p>
<p> Net sales	  $2,564,005 $1,498,412 $4,460,097 $2,907,046</p>
<p> Cost of sales     1,597,911    866,925  2,630,972  1,663,980</p>
<p>  Gross profit	 966,094    631,487  1,829,125  1,243,066</p>
<p>Selling, general and</p>
<p>administrative</p>
<p>  expenses	     818,075    620,921  1,611,631  1,182,741</p>
<p>Income (loss) from</p>
<p>operations before</p>
<p>interest and benefit</p>
<p>for income taxes</p>
<p>			   148,019     10,566    217,494     60,325</p>
<p>Interest (income) expense</p>
<p>  - Bank		 (5,620)    (5,970)    (4,725)   (15,327)</p>
<p>Income before benefit</p>
<p>for income taxes</p>
<p>			   153,639     16,536    222,219     75,652</p>
<p>Benefit for income taxes</p>
<p>				  --    (2,190)    (1,972)    (2,190)</p>
<p>Net income (loss)</p>
<p>			   153,639     18,726    224,191     77,872</p>
<p> Net income per share   0.04	   --	 0.06	 0.02</p>
<p>Weighted average shares</p>
<p>  outstanding	3,920,921  3,920,921  3,920,921  3,920,921</p>
</text>
<copyright>(c) Reuters Limited 1997</copyright>
<metadata>
<codes class="bip:countries:1.0">
  <code code="USA">
    <editdetail attribution="Reuters BIP Coding Group" action="confirmed" date="1997-05-13"/>
  </code>
</codes>
<codes class="bip:topics:1.0">
  <code code="C15">
    <editdetail attribution="Reuters BIP Coding Group" action="confirmed" date="1997-05-13"/>
  </code>
  <code code="C151">
    <editdetail attribution="Reuters BIP Coding Group" action="confirmed" date="1997-05-13"/>
  </code>
  <code code="CCAT">
    <editdetail attribution="Reuters BIP Coding Group" action="confirmed" date="1997-05-13"/>
  </code>
</codes>
<dc element="dc.date.created" value="1997-05-13"/>
<dc element="dc.publisher" value="Reuters Holdings Plc"/>
<dc element="dc.date.published" value="1997-05-13"/>
<dc element="dc.source" value="Reuters"/>
<dc element="dc.creator.location" value="SANTA ANA, Calif."/>
<dc element="dc.creator.location.country.name" value="USA"/>
<dc element="dc.source" value="Reuters"/>
</metadata>
</newsitem>
