<?xml version="1.0" encoding="iso-8859-1" ?>
<newsitem itemid="578206" id="root" date="1997-05-13" xml:lang="en">
<title>USA: Bay State says '98 EPS estimates too low.</title>
<headline>Bay State says '98 EPS estimates too low.</headline>
<dateline>WESTBOROUGH, Mass. 1997-05-13</dateline>
<text>
<p>Bay State Gas Co reported said Tuesday that given the early effects of 1996's restructuring and cost management efforts, current analyst consensus estimates appear low for the next two years.</p>
<p>The company said estimates for fiscal 1997 are $1.94 to $2.04 per share, but that it expects weather-adjusted earnings will be towards the upper half of this range.</p>
<p>The company also said it expects to exceed estimates of between $2.08  and $2.13 per share for fiscal 1998, given the continued improvement in its utility business and modest contributions from EnergyUSA its nonregulated subsidiary.  </p>
<p>Bay State said that it expects to invest between $1 million and $2 million in capital (excluding acquisitions) in 1997 in Energy USA, and to incur operating losses of $0.07 to $0.12 per share on revenues of $40-50 million as it proceeds to expand that business.</p>
<p>By 1998 however, the company said it expects to invest between $5 million and $10 million in capital (excluding acquisitions) and to achieve an earnings contribution of $0.07 to $0.12 per share on revenues of $80-100 million.</p>
<p>Bay State said its growth strategies include a combination of grassroots expansions, alliances, and continued mergers and acquisitions. It said capital to support the growth will come from a variety of sources, including divestiture of non-strategic assets, new stock issuances and alliances.</p>
</text>
<copyright>(c) Reuters Limited 1997</copyright>
<metadata>
<codes class="bip:countries:1.0">
  <code code="USA">
    <editdetail attribution="Reuters BIP Coding Group" action="confirmed" date="1997-05-13"/>
  </code>
</codes>
<codes class="bip:industries:1.0">
  <code code="I16200">
    <editdetail attribution="Reuters BIP Coding Group" action="confirmed" date="1997-05-13"/>
  </code>
</codes>
<codes class="bip:topics:1.0">
  <code code="C15">
    <editdetail attribution="Reuters BIP Coding Group" action="confirmed" date="1997-05-13"/>
  </code>
  <code code="C152">
    <editdetail attribution="Reuters BIP Coding Group" action="confirmed" date="1997-05-13"/>
  </code>
  <code code="CCAT">
    <editdetail attribution="Reuters BIP Coding Group" action="confirmed" date="1997-05-13"/>
  </code>
</codes>
<dc element="dc.date.created" value="1997-05-13"/>
<dc element="dc.publisher" value="Reuters Holdings Plc"/>
<dc element="dc.date.published" value="1997-05-13"/>
<dc element="dc.source" value="Reuters"/>
<dc element="dc.creator.location" value="WESTBOROUGH, Mass."/>
<dc element="dc.creator.location.country.name" value="USA"/>
<dc element="dc.source" value="Reuters"/>
</metadata>
</newsitem>
