<?xml version="1.0" encoding="iso-8859-1" ?>
<newsitem itemid="578285" id="root" date="1997-05-13" xml:lang="en">
<title>USA: Todd-AO names Strickley CFO.</title>
<headline>Todd-AO names Strickley CFO.</headline>
<dateline>LOS ANGELES 1997-05-13</dateline>
<text>
<p>Todd-AO Corp, a provider of postproduction film and television services, on Tuesday said it has named Randy Strickley to the new position of chief financial officer, effective May 19.</p>
<p>Strickley, 47, was managing director of enertainment/media and healthcare for BankAmerica Corp's principal unit, Bank of America, based in Los Angeles.</p>
<p>Over 25 years at the bank, Strickely managed corporate banking relationships and advised clients in capital raising, mergers and acquisitions and other corporate finance matters.  </p>
<p>&quot;Strickley brings the comprehensive knowledge of financial matters needed to coordinate (Todd-AO's) multinational expansion program,&quot; Salah Hassanein, chief executive officer, said in a statement.</p>
</text>
<copyright>(c) Reuters Limited 1997</copyright>
<metadata>
<codes class="bip:countries:1.0">
  <code code="USA">
    <editdetail attribution="Reuters BIP Coding Group" action="confirmed" date="1997-05-13"/>
  </code>
</codes>
<codes class="bip:industries:1.0">
  <code code="I97100">
    <editdetail attribution="Reuters BIP Coding Group" action="confirmed" date="1997-05-13"/>
  </code>
</codes>
<codes class="bip:topics:1.0">
  <code code="C41">
    <editdetail attribution="Reuters BIP Coding Group" action="confirmed" date="1997-05-13"/>
  </code>
  <code code="C411">
    <editdetail attribution="Reuters BIP Coding Group" action="confirmed" date="1997-05-13"/>
  </code>
  <code code="CCAT">
    <editdetail attribution="Reuters BIP Coding Group" action="confirmed" date="1997-05-13"/>
  </code>
</codes>
<dc element="dc.date.created" value="1997-05-13"/>
<dc element="dc.publisher" value="Reuters Holdings Plc"/>
<dc element="dc.date.published" value="1997-05-13"/>
<dc element="dc.source" value="Reuters"/>
<dc element="dc.creator.location" value="LOS ANGELES"/>
<dc element="dc.creator.location.country.name" value="USA"/>
<dc element="dc.source" value="Reuters"/>
</metadata>
</newsitem>
