<?xml version="1.0" encoding="iso-8859-1" ?>
<newsitem itemid="578282" id="root" date="1997-05-13" xml:lang="en">
<title>USA: GM stock pressured by PaineWebber downgrade.</title>
<headline>GM stock pressured by PaineWebber downgrade.</headline>
<dateline>DETROIT 1997-05-13</dateline>
<text>
<p>General Motors Corp shares were pressured Tuesday by PaineWebber Inc's downgrade of GM stock to neutral from attractive, analysts said.</p>
<p>A PaineWebber spokesman confirmed the downgrade, issued Monday, but details were not immediately available.  GM shares were off 1-5/8 to 56-5/8.  </p>
<p>Burnham Securities analyst David Healy said the PaineWebber downgrade is probably the biggest factor affecting GM shares. Goldman Sachs on Tuesday removed GM from its Private Client Focus Portfolio and added International Business Machines Corp., according to a Goldman source.</p>
<p>In addition, GM was hit with a third strike early Tuesday at its Warren, Ohio electrical wiring harness plants. The strike could force a broad shutdown of GM's North American operations because the Warren operations produce critical electrical parts used in nearly all GM vehicles.</p>
<p>But one analyst, who spoke on condition of anonymity, noted that Wall Street has typically supported GM's willingness to sustain costly strikes by its unions in order to gain local agreements that allow it to improve its competitiveness.</p>
<p>&quot;A strike is not worth two points on the stock,&quot; he said. &quot;These stocks are valued based on what happens next year and the year after.&quot;</p>
</text>
<copyright>(c) Reuters Limited 1997</copyright>
<metadata>
<codes class="bip:countries:1.0">
  <code code="USA">
    <editdetail attribution="Reuters BIP Coding Group" action="confirmed" date="1997-05-13"/>
  </code>
</codes>
<codes class="bip:industries:1.0">
  <code code="I35101">
    <editdetail attribution="Reuters BIP Coding Group" action="confirmed" date="1997-05-13"/>
  </code>
</codes>
<codes class="bip:topics:1.0">
  <code code="C15">
    <editdetail attribution="Reuters BIP Coding Group" action="confirmed" date="1997-05-13"/>
  </code>
  <code code="C152">
    <editdetail attribution="Reuters BIP Coding Group" action="confirmed" date="1997-05-13"/>
  </code>
  <code code="CCAT">
    <editdetail attribution="Reuters BIP Coding Group" action="confirmed" date="1997-05-13"/>
  </code>
</codes>
<dc element="dc.date.created" value="1997-05-13"/>
<dc element="dc.publisher" value="Reuters Holdings Plc"/>
<dc element="dc.date.published" value="1997-05-13"/>
<dc element="dc.source" value="Reuters"/>
<dc element="dc.creator.location" value="DETROIT"/>
<dc element="dc.creator.location.country.name" value="USA"/>
<dc element="dc.source" value="Reuters"/>
</metadata>
</newsitem>
