<?xml version="1.0" encoding="iso-8859-1" ?>
<newsitem itemid="578248" id="root" date="1997-05-13" xml:lang="en">
<title>USA: Independence Holding Q1 net shr $0.30.</title>
<headline>Independence Holding Q1 net shr $0.30.</headline>
<dateline>STAMFORD, Conn. 1997-05-13</dateline>
<text>
<p>1997			1996</p>
<p> Shr			  $0.30		    $0.24</p>
<p> Net			  2,260		    1,794</p>
<p> Revs			24,404		   21,796</p>
<p> Avg shrs		   7,474		    7,465</p>
<p>(All data above 000s except per share numbers)</p>
<p>Note: The company reported net income from continuing operations of $2.260 million compared to $1.363 million.</p>
<p>Earnings per share from continuing operations was $0.30 compared to $0.18.</p>
<p>The company reported income from discontinued operations in 1996 of $431,000, ot $0.06 per share. The full company name is Independence Holding Co.</p>
</text>
<copyright>(c) Reuters Limited 1997</copyright>
<metadata>
<codes class="bip:countries:1.0">
  <code code="USA">
    <editdetail attribution="Reuters BIP Coding Group" action="confirmed" date="1997-05-13"/>
  </code>
</codes>
<codes class="bip:industries:1.0">
  <code code="I83100">
    <editdetail attribution="Reuters BIP Coding Group" action="confirmed" date="1997-05-13"/>
  </code>
</codes>
<codes class="bip:topics:1.0">
  <code code="C15">
    <editdetail attribution="Reuters BIP Coding Group" action="confirmed" date="1997-05-13"/>
  </code>
  <code code="C151">
    <editdetail attribution="Reuters BIP Coding Group" action="confirmed" date="1997-05-13"/>
  </code>
  <code code="CCAT">
    <editdetail attribution="Reuters BIP Coding Group" action="confirmed" date="1997-05-13"/>
  </code>
</codes>
<dc element="dc.date.created" value="1997-05-13"/>
<dc element="dc.publisher" value="Reuters Holdings Plc"/>
<dc element="dc.date.published" value="1997-05-13"/>
<dc element="dc.source" value="Reuters"/>
<dc element="dc.creator.location" value="STAMFORD, Conn."/>
<dc element="dc.creator.location.country.name" value="USA"/>
<dc element="dc.source" value="Reuters"/>
</metadata>
</newsitem>
