<?xml version="1.0" encoding="iso-8859-1" ?>
<newsitem itemid="578366" id="root" date="1997-05-13" xml:lang="en">
<title>ITALY: TENNIS-ITALIAN OPEN MEN'S RESULTS.</title>
<headline>TENNIS-ITALIAN OPEN MEN'S RESULTS.</headline>
<dateline>ROME 1997-05-13</dateline>
<text>
<p>First round results in the $2.3 million Italian Open men's tennis tournament on Tuesday (prefix denotes seed):</p>
<p>Sergi Bruguera (Spain) beat Sandon Stolle (Australia)  6-1 6-4</p>
<p>11-Albert Costa (Spain) beat Alex Radulescu (Germany)  7-5 6-2</p>
<p>Alberto Berasategui (Spain) beat Daniel Vacek (Czech Republic) 6-3 6-4</p>
<p>Hernan Gumy (Argentina) beat 2-Michael Chang (U.S.) 6-3 6-2</p>
<p>Thomas Johansson (Sweden) beat Davide Sanguinetti (Italy) 5-7</p>
<p>6-3</p>
<p>6-2</p>
<p>Paul Haarhuis (Netherlands) beat Todd Woodbridge (Australia)</p>
<p>7-5 6-1</p>
<p>12-Boris Becker (Germany) beat Andrea Gaudenzi (Italy) 7-6</p>
<p>(7-3) 6-2</p>
<p>14-Tim Henman (Britain) beat Roberto Carretero (Spain) 4-6 7-5</p>
<p>2-0 retired</p>
<p>4-Yevgeny Kafelnikov (Russia) beat Javier Sanchez (Spain) 7-5</p>
<p>7-6 (7-5)</p>
<p>Scott Draper (Australia) beat Andrei Medvedev (Ukraine) 7-5</p>
<p>6-3</p>
<p>Jim Courier (U.S.) beat 1-Pete Sampras (U.S.) 7-6 (7-5) 6-4</p>
<p>Tommy Haas (Germany) beat Magnus Gustafsson (Sweden) 3-6 6-4 7-5 Patrick Rafter (Australia) beat Felix Mantilla (Spain) 6-1 3-6 6-4 Davide Scala (Italy) beat Daniele Musa (Italy) 6-4 6-7 (3-7) 7-6 (7-4) 6-Goran Ivanisevic (Croatia) beat Mark Woodforde (Australia) 6-2 6-7 (8-10) 6-4 7-Marcelo Rios (Chile) beat Omar Camporese (Italy) 6-3 7-5</p>
</text>
<copyright>(c) Reuters Limited 1997</copyright>
<metadata>
<codes class="bip:countries:1.0">
  <code code="ARG">
    <editdetail attribution="Reuters BIP Coding Group" action="confirmed" date="1997-05-13"/>
  </code>
  <code code="AUSTR">
    <editdetail attribution="Reuters BIP Coding Group" action="confirmed" date="1997-05-13"/>
  </code>
  <code code="CZREP">
    <editdetail attribution="Reuters BIP Coding Group" action="confirmed" date="1997-05-13"/>
  </code>
  <code code="GFR">
    <editdetail attribution="Reuters BIP Coding Group" action="confirmed" date="1997-05-13"/>
  </code>
  <code code="ITALY">
    <editdetail attribution="Reuters BIP Coding Group" action="confirmed" date="1997-05-13"/>
  </code>
  <code code="SPAIN">
    <editdetail attribution="Reuters BIP Coding Group" action="confirmed" date="1997-05-13"/>
  </code>
</codes>
<codes class="bip:topics:1.0">
  <code code="GCAT">
    <editdetail attribution="Reuters BIP Coding Group" action="confirmed" date="1997-05-13"/>
  </code>
  <code code="GSPO">
    <editdetail attribution="Reuters BIP Coding Group" action="confirmed" date="1997-05-13"/>
  </code>
</codes>
<dc element="dc.date.created" value="1997-05-13"/>
<dc element="dc.publisher" value="Reuters Holdings Plc"/>
<dc element="dc.date.published" value="1997-05-13"/>
<dc element="dc.source" value="Reuters"/>
<dc element="dc.creator.location" value="ROME"/>
<dc element="dc.creator.location.country.name" value="ITALY"/>
<dc element="dc.source" value="Reuters"/>
</metadata>
</newsitem>
