<?xml version="1.0" encoding="iso-8859-1" ?>
<newsitem itemid="578332" id="root" date="1997-05-13" xml:lang="en">
<title>SOUTH AFRICA: ATHLETICS-10 MLN RAND FOR S.AFRICAN DEVELOPMENT.</title>
<headline>ATHLETICS-10 MLN RAND FOR S.AFRICAN DEVELOPMENT.</headline>
<dateline>JOHANNESBURG 1997-05-13</dateline>
<text>
<p>Athletics South Africa (ASA) on Tuesday announced a talent-identification project which would plough 10 million rand into development over the next four years.</p>
<p>&quot;This plan can tap into the potential we know exists in South Africa. By November of this year we will have in place a select squad of 20 athletes who will receive specialist training,&quot; ASA development manager Richard Stander told a news conference.</p>
<p>&quot;This squad will be selected on affirmative action lines with a specific emphasis being placed on women and disadvantaged athletes.&quot;</p>
<p>ASA will be working in conjunction with the United Schools Sport Association, the National Sports Council a.d the National Olympic Committee. The money for the project has been raised through sponsorship donaions.</p>
</text>
<copyright>(c) Reuters Limited 1997</copyright>
<metadata>
<codes class="bip:countries:1.0">
  <code code="SAFR">
    <editdetail attribution="Reuters BIP Coding Group" action="confirmed" date="1997-05-13"/>
  </code>
</codes>
<codes class="bip:topics:1.0">
  <code code="GCAT">
    <editdetail attribution="Reuters BIP Coding Group" action="confirmed" date="1997-05-13"/>
  </code>
  <code code="GSPO">
    <editdetail attribution="Reuters BIP Coding Group" action="confirmed" date="1997-05-13"/>
  </code>
</codes>
<dc element="dc.date.created" value="1997-05-13"/>
<dc element="dc.publisher" value="Reuters Holdings Plc"/>
<dc element="dc.date.published" value="1997-05-13"/>
<dc element="dc.source" value="Reuters"/>
<dc element="dc.creator.location" value="JOHANNESBURG"/>
<dc element="dc.creator.location.country.name" value="SOUTH AFRICA"/>
<dc element="dc.source" value="Reuters"/>
</metadata>
</newsitem>
