<?xml version="1.0" encoding="iso-8859-1" ?>
<newsitem itemid="578358" id="root" date="1997-05-13" xml:lang="en">
<title>ITALY: TENNIS-BECKER'S CAREER WILL END AT THE SCHOOL GATE.</title>
<headline>TENNIS-BECKER'S CAREER WILL END AT THE SCHOOL GATE.</headline>
<byline>Alan Baldwin</byline>
<dateline>ROME 1997-05-13</dateline>
<text>
<p>Former Wimbledon champion Boris Becker, said on Tuesday his son's education could interfere with his tennis in the future.</p>
<p>&quot;It depends on so many things,&quot; the German replied when asked at the Italian Open whether he intended to retire professionally in three years' time.</p>
<p>&quot;My son has to go to school and then I cannot travel every week like I am doing now,&quot; said Becker, whose son Noah was three years old in January.</p>
<p>Then, smiling, he suggested a way ahead.</p>
<p>&quot;But maybe I can still play in the holidays and go to Wimbledon in the summer. You have to play when you can.&quot;</p>
<p>Becker, who won the Australian Open in 1991 and 1996 and the U.S. Open in 1990 as well s three Wimbledon titles, said that motivation was not a problem and neither was fitness.</p>
<p>&quot;I'm still at an age where I can do it,&quot; he said when asked if he had any motivational difficulties after winning so much and with many of his great former foes now retired.</p>
<p>&quot;Playing tennis is something I truly like to do. That's why I do it. Its easy.&quot;</p>
<p>&quot;Physically I feel 100 percent. My wrist injury did not stop me from going to the gym or from running a lot,&quot; the 29-year-old said after beating Italian Andrea Gaudenzi 7-6 6-2 in his first round match on the red clay of the Foro Italico.</p>
<p>&quot;Its just that I lack matches.&quot;</p>
<p>Becker has been plagued by injury and had a two-month break this year due to tendinitis in his right wrist.</p>
<p>He crashed out of the Monte Carlo Open to Italy's Renzo Furlan in the first round in his comeback last month and the Rome tournament is only his sixth of the year.</p>
<p>In his most recent tournament in Hamburg, the German who has never won a claycourt title reached the third round where he lost to Spain's Felix Mantilla.</p>
<p>Gaudenzi took Becker to a tie-break in the first set, losing 7-3, but Becker dispelled any creeping notion that the crowd might have had that their man could cause an upset.</p>
<p>He led the second set 4-0, with serves crashing in at more than 200 kph, before Gaudenzi managed to hold serve.</p>
<p>&quot;I don't remember when I last played four games like those in the second set,&quot; Becker said. &quot;They were perfect.&quot;</p>
<p>The fans, despite occasional whistles as Becker served, appeared evenly divided between the two men in a sign of the German's popularity and how much he will be missed.</p>
<p>Few other players could divide one of the most notoriously partisan crowds in tennis as Becker did.</p>
<p>&quot;It's good to know when there's a crisis on centre court that 50 percent of the crowd want you to do well,&quot; he said.</p>
</text>
<copyright>(c) Reuters Limited 1997</copyright>
<metadata>
<codes class="bip:countries:1.0">
  <code code="GFR">
    <editdetail attribution="Reuters BIP Coding Group" action="confirmed" date="1997-05-13"/>
  </code>
  <code code="ITALY">
    <editdetail attribution="Reuters BIP Coding Group" action="confirmed" date="1997-05-13"/>
  </code>
</codes>
<codes class="bip:topics:1.0">
  <code code="GCAT">
    <editdetail attribution="Reuters BIP Coding Group" action="confirmed" date="1997-05-13"/>
  </code>
  <code code="GSPO">
    <editdetail attribution="Reuters BIP Coding Group" action="confirmed" date="1997-05-13"/>
  </code>
</codes>
<dc element="dc.date.created" value="1997-05-13"/>
<dc element="dc.publisher" value="Reuters Holdings Plc"/>
<dc element="dc.date.published" value="1997-05-13"/>
<dc element="dc.source" value="Reuters"/>
<dc element="dc.creator.location" value="ROME"/>
<dc element="dc.creator.location.country.name" value="ITALY"/>
<dc element="dc.source" value="Reuters"/>
</metadata>
</newsitem>
