<?xml version="1.0" encoding="iso-8859-1" ?>
<newsitem itemid="578355" id="root" date="1997-05-13" xml:lang="en">
<title>FINLAND: ICE HOCKEY-CANADA FORCES THIRD GAME.</title>
<headline>ICE HOCKEY-CANADA FORCES THIRD GAME.</headline>
<dateline>HELSINKI 1997-05-13</dateline>
<text>
<p>Canada beat Olympic champions Sweden 3-1 on Tuesday to force a deciding game in the best-of- three gold medal final at the ice hockey world championships.</p>
<p>Canada got second period goals through Geoff Sanderson and Anson Carter then rode the goaltending of Hartford Whalers Sean Burke to a decisive third game on Wednesday.</p>
<p>In a scoreless first period Canada was able to avoid the costly penalties that led to a 3-2 defeat in game one but continued to be frustrated by New York Islander goaltender Tommy Salo in the Sweden net.</p>
<p>Canada outshot the Swedes 14-8 but were unable to beat the all-star netminder until midway through the second when Sanderson broke out of an eight game scoring slump to give them a 1-0 lead.</p>
<p>Travis Green set up the goal as he swung around behind the Sweden net and snapped a wristshot off Salo's mask, the puck deflecting in off Sanderson's stick.</p>
<p>Less than two minutes later Sweden levelled the score on a powerplay by Per Eklund.</p>
<p>Carter sent Canada into the second intermission up 2-1 when the Boston Bruin centre took a return pass from Chris Gratton and slapped it into the empty net.</p>
<p>Montreal Canadiens Mark Recchi added an insurance goal early in the third when his weak wrist shot, drifted between Salo's pads.</p>
</text>
<copyright>(c) Reuters Limited 1997</copyright>
<metadata>
<codes class="bip:countries:1.0">
  <code code="CANA">
    <editdetail attribution="Reuters BIP Coding Group" action="confirmed" date="1997-05-13"/>
  </code>
  <code code="FIN">
    <editdetail attribution="Reuters BIP Coding Group" action="confirmed" date="1997-05-13"/>
  </code>
  <code code="SWED">
    <editdetail attribution="Reuters BIP Coding Group" action="confirmed" date="1997-05-13"/>
  </code>
</codes>
<codes class="bip:topics:1.0">
  <code code="GCAT">
    <editdetail attribution="Reuters BIP Coding Group" action="confirmed" date="1997-05-13"/>
  </code>
  <code code="GSPO">
    <editdetail attribution="Reuters BIP Coding Group" action="confirmed" date="1997-05-13"/>
  </code>
</codes>
<dc element="dc.date.created" value="1997-05-13"/>
<dc element="dc.publisher" value="Reuters Holdings Plc"/>
<dc element="dc.date.published" value="1997-05-13"/>
<dc element="dc.source" value="Reuters"/>
<dc element="dc.creator.location" value="HELSINKI"/>
<dc element="dc.creator.location.country.name" value="FINLAND"/>
<dc element="dc.source" value="Reuters"/>
</metadata>
</newsitem>
