<?xml version="1.0" encoding="iso-8859-1" ?>
<newsitem itemid="578310" id="root" date="1997-05-13" xml:lang="en">
<title>USA: Synetic Inc Q3 loss after charges. [CORRECTED 22:15 GMT]</title>
<headline>Synetic Inc Q3 loss after charges. [CORRECTED 22:15 GMT]</headline>
<dateline>ELMWOOD PARK, N.J. 1997-05-13</dateline>
<text>
<p>1997			1996</p>
<p> Shr loss		   $0.12   profit	 $0.12</p>
<p> Net loss		   2,420   profit	 2,101</p>
<p> Revs			14,243		   11,311</p>
<p> Avg shrs		  19,452		   18,125</p>
<p>			9 MONTHS</p>
<p> Shr loss		   $1.38   profit	 $0.34</p>
<p>(corrects 1996 net income per share from $0.22 to $0.34)</p>
<p> Net loss		  25,965   profit	 6,098</p>
<p> Revs			37,327		   32,630</p>
<p> Avg shrs		  18,787		   17,947</p>
<p>(All Data Above 000s Except Per Share Numbers)</p>
<p>NOTE: 1997 losses include charges totaling $3.6 million, or $0.18/shr, in quarter and $32.2 million, or $1.71/shr, in nine months. ((-- New York Newsdesk 212-859-1610.))</p>
</text>
<copyright>(c) Reuters Limited 1997</copyright>
<metadata>
<codes class="bip:countries:1.0">
  <code code="USA">
    <editdetail attribution="Reuters BIP Coding Group" action="confirmed" date="1997-05-13"/>
  </code>
</codes>
<codes class="bip:topics:1.0">
  <code code="C15">
    <editdetail attribution="Reuters BIP Coding Group" action="confirmed" date="1997-05-13"/>
  </code>
  <code code="C151">
    <editdetail attribution="Reuters BIP Coding Group" action="confirmed" date="1997-05-13"/>
  </code>
  <code code="CCAT">
    <editdetail attribution="Reuters BIP Coding Group" action="confirmed" date="1997-05-13"/>
  </code>
</codes>
<dc element="dc.date.created" value="1997-05-13"/>
<dc element="dc.publisher" value="Reuters Holdings Plc"/>
<dc element="dc.date.published" value="1997-05-13"/>
<dc element="dc.source" value="Reuters"/>
<dc element="dc.creator.location" value="ELMWOOD PARK, N.J."/>
<dc element="dc.creator.location.country.name" value="USA"/>
<dc element="dc.source" value="Reuters"/>
</metadata>
</newsitem>
