<?xml version="1.0" encoding="iso-8859-1" ?>
<newsitem itemid="578379" id="root" date="1997-05-13" xml:lang="en">
<title>SOUTH AFRICA: HUNT LASCARIS, JUPITER SHARE TOP S.AFRICAN AD SPOT.</title>
<headline>HUNT LASCARIS, JUPITER SHARE TOP S.AFRICAN AD SPOT.</headline>
<dateline>JOHANNESBURG 1997-05-13</dateline>
<text>
<p>South Africa's first international advertising agency Hunt Lascaris TBWA and rising star the Jupiter Group jointly won the country's leading advertising award for 1996/97.</p>
<p>The Financial Mail, announcing the winner of its Agency of the Year award, said no other candidates possessed the required balance of growth and creativity, among other factors, to qualify in the way the two winners did.</p>
<p>Jupiter won in the agency growth category, by swelling its income in 1996 by 76 percent compared to Hunt Lascaris' 43 percent income growth.</p>
<p>&quot;During the past year, the Jupiter Group has made the transition from a medium-sized to a large agency, and from a focused advertising group to a diverse group of marketing communications companies,&quot; the FM said.</p>
<p>It added that Jupiter's income growth was higher than any other of the top 20 agencies in South Africa, making it the 10th largest agency from its previous 16th position.</p>
<p>But Hunt Lascaris defeated Jupiter in creative awards, snatching 7,372 points to Jupiter's 4,628 points.</p>
<p>&quot;Hunt's creative score was the highest since points have been tallied in this way, but in relation to its size Jupiter scored higher. It won more than twice as many creative points per rand of billing than Hunt Lascaris,&quot; the FM said.</p>
<p>The FM said that if Hunt Lascaris continued its current growth trend it would likely overtake South Africa's biggest agency Ogilvy &amp; Mather Rightford, pushing aside contender Lindsay Smithers-FCB in the process.</p>
<p>Hunt Lascaris became South Africa's first international agency when it joined forces with TBWA, an international agency which now holds a majority stake in Hunt lascaris TBWA.</p>
<p>The category of large agencies comprises those with 150 million rand minimum gross client billings.</p>
<p>-- Johannesburg newsroom +27 11 482-1003</p>
</text>
<copyright>(c) Reuters Limited 1997</copyright>
<metadata>
<codes class="bip:countries:1.0">
  <code code="SAFR">
    <editdetail attribution="Reuters BIP Coding Group" action="confirmed" date="1997-05-13"/>
  </code>
</codes>
<codes class="bip:industries:1.0">
  <code code="I83800">
    <editdetail attribution="Reuters BIP Coding Group" action="confirmed" date="1997-05-13"/>
  </code>
</codes>
<codes class="bip:topics:1.0">
  <code code="C32">
    <editdetail attribution="Reuters BIP Coding Group" action="confirmed" date="1997-05-13"/>
  </code>
  <code code="CCAT">
    <editdetail attribution="Reuters BIP Coding Group" action="confirmed" date="1997-05-13"/>
  </code>
</codes>
<dc element="dc.date.created" value="1997-05-13"/>
<dc element="dc.publisher" value="Reuters Holdings Plc"/>
<dc element="dc.date.published" value="1997-05-13"/>
<dc element="dc.source" value="Reuters"/>
<dc element="dc.creator.location" value="JOHANNESBURG"/>
<dc element="dc.creator.location.country.name" value="SOUTH AFRICA"/>
<dc element="dc.source" value="Reuters"/>
</metadata>
</newsitem>
