<?xml version="1.0" encoding="iso-8859-1" ?>
<newsitem itemid="578347" id="root" date="1997-05-13" xml:lang="en">
<title>USA: NBA-JAZZ BEAT LAKERS TO REACH CONFERENCE FINAL, KNICKS UP 3-1.</title>
<headline>NBA-JAZZ BEAT LAKERS TO REACH CONFERENCE FINAL, KNICKS UP 3-1.</headline>
<dateline>SALT LAKE CITY, Utah 1997-05-12</dateline>
<text>
<p>Karl Malone scored six of his 32 points in overtime and grabbed 20 rebounds to lead the Utah Jazz into the Western Conference finals with a tough 98-93 win over the young Los Angeles Lakers Monday.</p>
<p>&quot;It was a hardfought victory,&quot; said Malone.</p>
<p>&quot;They played their butts off, they gave us all we could handle.&quot;</p>
<p>The Jazz's 4-1 victory in the best-of-seven series put Utah in the conference finals for the fourth time in six years. The Jazz will play the winner of the other West semifinal between Houston and Seattle.</p>
<p>In Monday's other NBA playoff game, the New York Knicks went up 3-1 over the Miami Heat with an 89-76 victory sparked by 21 points from John Starks and 20 from Patrick Ewing.</p>
<p>The Lakers showed their youth with a flurry of choke shots at crunch time.</p>
<p>These included an air ball from 25-year-old Nick Van Exel, who led Los Angeles with 26 points, and 18-year-old Kobe Bryant -- who had an air ball on a potential game-winner at the end of regulation and three more bad misses, two of them air balls, in overtime.</p>
<p>&quot;The most important thing, we didn't panic,&quot; said Malone. &quot;We went into that overtime after dodging that bullet saying, we've got a chance.&quot;</p>
<p>&quot;L.A., they're young, they still got a lot to learn, but they'll learn,&quot; said Utah's Bryon Russell.</p>
<p>The Lakers 25-year-old centre Shaquille O'Neal fouled out with 1:46 remaining in regulation and Los Angeles leading by three. He finished with 23 points and 13 rebounds.</p>
<p>&quot;The big fella, he fouled out and we took advantage of it,&quot; said Russell.</p>
<p>John Stockton had 24 points on 11-of-13 shooting from the field and 10 assists and Russell added 22 points for the Jazz.</p>
<p>The Jazz extended their home winning streak to 19 games and improved to 43-3 at the Delta Centre this season. Utah has the homecourt advantage in the West finals.</p>
<p>Malone had 19 points and 11 rebounds in the first half when the Jazz built a 53-45 lead.</p>
<p>The Jazz held a 60-51 advantage when Los Angeles's Robert Horry was ejected for throwing a punch at Utah's Jeff Hornacek with 8:02 left in the third quarter.</p>
<p>Utah opened its biggest lead at 66-53, but the Lakers scored the last eight points of the third quarter and eight of the first 10 points of the fourth quarter to take a 69-68 lead.</p>
<p>In New York, Starks, who hit just 5-of-24 shots from the field in the first three games of the series, converted 9-of-12 this time.</p>
<p>&quot;I needed to come out and take charge and play more aggressively,&quot; the NBA's Sixth Man of the Year said. &quot;I needed to be John Starks. Patrick Ewing kind of burned me, he prompted me, I guess you could call it. Now we need to go to Miami and take care of business.&quot;</p>
<p>New York could close out the series by winning Game 5 Wednesday night at Miami. The Knicks, who are 6-1 in the postseason, have won three of four games at Miami this season.</p>
<p>Allan Houston scored 15 of his 17 points in the first half when the Knicks built a 15-point lead. Houston had 10 points and Starks eight in a decisive 21-5 second-quarter run.</p>
<p>&quot;Allen had a big first half,&quot; said Ewing. &quot;They couldn't stop him.&quot;</p>
<p>&quot;We got their best game of the series, without a doubt,&quot; said Miami coach Pat Riley. &quot;They were just excellent in all facets of the game.</p>
<p>&quot;They outplayed us, that's the way I feel,&quot; said the Heat's star guard Tim Hardaway. &quot;They outplayed us.&quot;</p>
<p>Charles Oakley had nine rebounds and sparked the team with his hustling, diving style. Larry Johnson, who had just eight points in Game 3 Sunday, scored nine of his 15 in the first quarter.</p>
<p>Miami hit just 3-of-13 shots from the field and missed 7-of-15 free throws in the second quarter when they were outscored 28-14, giving New York a 51-36 halftime lead. The Knicks shot 60 percent from the field (9-of-15) in the quarter.</p>
<p>Hardaway finished with 14 points, but was held to three in the second half.</p>
<p>Centre Alonzo Mourning had just 13 points on 5-of-16 shooting from the field and fouled out with 4:59 left in the game after several physical moments with Ewing and Oakley.</p>
<p>&quot;Zo is OK,&quot; said Oakley of Mourning. &quot;I like him, so does Patrick. But I can handle him on the boards and Patrick can always outscore him.&quot;</p>
<p>The Heat shot 38 percent from the field and missed 14-of-32 free throws.</p>
<p>&quot;I'm just mystified at the free throw shooting,&quot; said Riley. &quot;I have no explanation for it.&quot;</p>
<p>The Knicks were 51 percent from the field and converted 15-of-21 free throws.</p>
</text>
<copyright>(c) Reuters Limited 1997</copyright>
<metadata>
<codes class="bip:countries:1.0">
  <code code="USA">
    <editdetail attribution="Reuters BIP Coding Group" action="confirmed" date="1997-05-13"/>
  </code>
</codes>
<codes class="bip:topics:1.0">
  <code code="GCAT">
    <editdetail attribution="Reuters BIP Coding Group" action="confirmed" date="1997-05-13"/>
  </code>
  <code code="GSPO">
    <editdetail attribution="Reuters BIP Coding Group" action="confirmed" date="1997-05-13"/>
  </code>
</codes>
<dc element="dc.date.created" value="1997-05-12"/>
<dc element="dc.publisher" value="Reuters Holdings Plc"/>
<dc element="dc.date.published" value="1997-05-13"/>
<dc element="dc.source" value="Reuters"/>
<dc element="dc.creator.location" value="SALT LAKE CITY, Utah"/>
<dc element="dc.creator.location.country.name" value="USA"/>
<dc element="dc.source" value="Reuters"/>
</metadata>
</newsitem>
