<?xml version="1.0" encoding="iso-8859-1" ?>
<newsitem itemid="578383" id="root" date="1997-05-13" xml:lang="en">
<title>LATVIA: ALL BLUE-CHIPS LOSE GROUND AMID SLOW TRADE.</title>
<headline>ALL BLUE-CHIPS LOSE GROUND AMID SLOW TRADE.</headline>
<dateline>RIGA 1997-05-13</dateline>
<text>
<p>* Total turnover on Tuesday was a whisker up at 58,000 against 51,000 lats but all blue-chips lost ground amid generally slow trade</p>
<p>* Rietumu index fell 1.82 pct to 183.35.</p>
<p>* Official list's Kaija cannery and Unibanka were the most traded as they had volume of 7,000 and 6,900 lats respectively.</p>
<p>Kaija was three santimes down to 2.35 lats and Unibanka also fell by seven santimes to 3.29 lats.</p>
<p>* Daugavpils Chain led the secondary list with 6,300 lats of shares traded as it slipped five santimes to 2.35 lats.</p>
<p>Latvian blue-chips lost ground amid continued slow trade on Tuesday and the fall was not seen bottomming out as investors wait on the sidelines, dealers said.</p>
<p>Total turnover rose slightly to 58,000 from Monday's 51,000 lats but bourse indices were down.</p>
<p>The Rietumu index fell 1.82 percent to 183.35 and Saules Bank's Saule10 also closed down 1.61 percent to 143.78.</p>
<p>&quot;Prices are falling and will keep doing so as there are no buyers,&quot; Robert Idelsons, the head of Trasta Bank's securities department, told Reuters.</p>
<p>&quot;There are no clear signs yet that the fall will bottom out soon,&quot; he added.</p>
<p>Official list's Kaija cannery and Unibanka were the most traded as they had volume of 7,000 and 6,900 lats respectively.</p>
<p>Kaija was three santimes down to 2.35 lats and Unibanka also fell by seven santimes to 3.29 lats.</p>
<p>Daugavpils Chain led the secondary list with 6,300 lats of shares traded as it slipped five santimes to 2.35 lats.  </p>
<p>Riga Transport Fleet (RTF), Staburadze confectionery and Riga Shipyard on the official list all eased.</p>
<p>RTF registered trade of 7,100 lats and it slipped to 1.19 lats from 1.20 lats and Staburadze saw 3,900 lats of volume.</p>
<p>It lost one santime to fall to 2.69 lats.</p>
<p>The Riga Shipyard fell to 1.33 lats from 1.36 lats on 2,000 lats turnover.</p>
<p>Elsewhere on the secondary list, the Lode Brick was in comparative demand as it saw 6,000 lats worth of its shares change hands and it lost one santime to 2.39 lats.</p>
<p>Salacgriva95 was among the few gainers today, jumping 20 santimes to 4.20 lats on trade of 2,200 lats.</p>
<p>&quot;Salacgriva's rise today is more of a fluctuation on a small volume rather than a sign of the correction reversing itself,&quot; Idelsons said.</p>
<p>-- Martinsh Gravitis, Riga Newsroom, +371 721 5240</p>
</text>
<copyright>(c) Reuters Limited 1997</copyright>
<metadata>
<codes class="bip:countries:1.0">
  <code code="LATV">
    <editdetail attribution="Reuters BIP Coding Group" action="confirmed" date="1997-05-13"/>
  </code>
</codes>
<codes class="bip:topics:1.0">
  <code code="M11">
    <editdetail attribution="Reuters BIP Coding Group" action="confirmed" date="1997-05-13"/>
  </code>
  <code code="MCAT">
    <editdetail attribution="Reuters BIP Coding Group" action="confirmed" date="1997-05-13"/>
  </code>
</codes>
<dc element="dc.date.created" value="1997-05-13"/>
<dc element="dc.publisher" value="Reuters Holdings Plc"/>
<dc element="dc.date.published" value="1997-05-13"/>
<dc element="dc.source" value="Reuters"/>
<dc element="dc.creator.location" value="RIGA"/>
<dc element="dc.creator.location.country.name" value="LATVIA"/>
<dc element="dc.source" value="Reuters"/>
</metadata>
</newsitem>
