<?xml version="1.0" encoding="iso-8859-1" ?>
<newsitem itemid="578333" id="root" date="1997-05-13" xml:lang="en">
<title>KENYA: SOCCER-KENYA GIVES COACH FABISCH FOUR-YEAR CONTRACT.</title>
<headline>SOCCER-KENYA GIVES COACH FABISCH FOUR-YEAR CONTRACT.</headline>
<dateline>NAIROBI 1997-05-13</dateline>
<text>
<p>The Kenya Football Federation (KFF) has agreed to a new four-year contract for German coach Reinhardt Fabisch when his current one-year term ends in July.</p>
<p>A KFF official said on Tuesday Fabisch's responsiblities would include developing a youth programme.</p>
<p>Fabisch arrived in Kenya last year after an absence of nine years. He had coached the East Africans to the finals of the 4th All Africa Games in Nairobi in 1987.</p>
<p>The Kenyan team, with an average age of 23 and only two professionals, was due to leave Nairobi on Tuesday for a three-week training stint in Germany.</p>
<p>The team will fly to Nigeria for their crucial June 7 World Cup qualifier directly from their training camp near Munich.</p>
<p>Squad - Goalkeepers: Francis Onyiso, Victor Onyango, Duncan Ochieng. Defenders: John Luchuku, Musa Otieno (captain), Josiah Ougo, Oscar Ambani Kambona, Francis Odhiambo, Robert Ochan Olang', Vincent Kwarula. Midfielders: John Odhiambo, Eric Omondi, Eric Ochieng, Seif Mutie, Seleman Rashid, Geoffrey Osama, Edward Karanja. Forwards: Mike Okoth Origi, Tom Ogweno, Mike Mururi, Kennedy Simiyu, Francis Were.</p>
</text>
<copyright>(c) Reuters Limited 1997</copyright>
<metadata>
<codes class="bip:countries:1.0">
  <code code="KENYA">
    <editdetail attribution="Reuters BIP Coding Group" action="confirmed" date="1997-05-13"/>
  </code>
</codes>
<codes class="bip:topics:1.0">
  <code code="GCAT">
    <editdetail attribution="Reuters BIP Coding Group" action="confirmed" date="1997-05-13"/>
  </code>
  <code code="GSPO">
    <editdetail attribution="Reuters BIP Coding Group" action="confirmed" date="1997-05-13"/>
  </code>
</codes>
<dc element="dc.date.created" value="1997-05-13"/>
<dc element="dc.publisher" value="Reuters Holdings Plc"/>
<dc element="dc.date.published" value="1997-05-13"/>
<dc element="dc.source" value="Reuters"/>
<dc element="dc.creator.location" value="NAIROBI"/>
<dc element="dc.creator.location.country.name" value="KENYA"/>
<dc element="dc.source" value="Reuters"/>
</metadata>
</newsitem>
