<?xml version="1.0" encoding="iso-8859-1" ?>
<newsitem itemid="578320" id="root" date="1997-05-13" xml:lang="en">
<title>GERMANY: TENNIS-GRAF STRETCHED AFTER INJURY ABSENCE.</title>
<headline>TENNIS-GRAF STRETCHED AFTER INJURY ABSENCE.</headline>
<dateline>BERLIN 1997-05-13</dateline>
<text>
<p>Steffi Graf, playing her first match after three months out with a knee injury, struggled to a three-set win over American Chanda Rubin at the German Open on Tuesday.</p>
<p>Graf, who lost her world number one ranking to Swiss Martina Hingis in March and is seeking her 10th Berlin title, triumphed 6-3 3-6 6-1.</p>
<p>But she was slow to get into the match, losing two service games to love in the first set but benefited from dozens of unforced errors by her opponent.</p>
<p>The top seed appeared visibly stunned at losing the second set as Rubin, unseeded and ranked 27th in the world, broke Graf's consistently fragile service in the eighth game and then held her own to square the match.</p>
<p>But with a menacing glare Graf rattled off the first four games of the decider, as Rubin's service became even more unreliable then her own, to demonstrate that a return to full fitness may not be far off.</p>
<p>&quot;I felt very uncertain out there at first,&quot; Graf said. &quot;I gave away a lot of easy points. I wasn't in the shape that I would like to be. I am not very happy with my performance, but happy that I made it through my first match.&quot;</p>
<p>It was Graf's sixth win in six matches against Rubin, who climbed as high as sixth in the world rankings in 1996 before an injury to her playing hand forced a long lay-off.</p>
<p>Graf had received a bye into the second round and now meets 15th seed Ruxandra Dragomir of Romania, a finalist at the Hamburg Open earlier this month.</p>
<p>Newly-crowned Italian Open champion Mary Pierce of France, seeded 12th, maintained her form. She brushed aside Germany's Elena Wagner 6-2 6-3 to set up a second round tie against Slovakian ninth seed Karina Habsudova.</p>
<p>But Spain's world number six Arantxa Sanchez Vicario had to fight to overcome Austria's Barbara Schett 6-2 4-6 7-5.</p>
</text>
<copyright>(c) Reuters Limited 1997</copyright>
<metadata>
<codes class="bip:countries:1.0">
  <code code="GFR">
    <editdetail attribution="Reuters BIP Coding Group" action="confirmed" date="1997-05-13"/>
  </code>
</codes>
<codes class="bip:topics:1.0">
  <code code="GCAT">
    <editdetail attribution="Reuters BIP Coding Group" action="confirmed" date="1997-05-13"/>
  </code>
  <code code="GSPO">
    <editdetail attribution="Reuters BIP Coding Group" action="confirmed" date="1997-05-13"/>
  </code>
</codes>
<dc element="dc.date.created" value="1997-05-13"/>
<dc element="dc.publisher" value="Reuters Holdings Plc"/>
<dc element="dc.date.published" value="1997-05-13"/>
<dc element="dc.source" value="Reuters"/>
<dc element="dc.creator.location" value="BERLIN"/>
<dc element="dc.creator.location.country.name" value="GERMANY"/>
<dc element="dc.source" value="Reuters"/>
</metadata>
</newsitem>
