<?xml version="1.0" encoding="iso-8859-1" ?>
<newsitem itemid="578377" id="root" date="1997-05-13" xml:lang="en">
<title>ZIMBABWE: ZIMBABWE DOLLAR ENDS TUESDAY LARGELY STRONGER.</title>
<headline>ZIMBABWE DOLLAR ENDS TUESDAY LARGELY STRONGER.</headline>
<dateline>HARARE 1997-05-13</dateline>
<text>
<p>The Zimbabwe dollar closed on Tuesday firmer on the U.S. unit, the mark and the rand but was quoted easier against pound sterling, said dealers.</p>
<p>The local currency was trading weaker against the U.S. dollar earlier in the day, in the aftermath of a big import payment that went out the previous day but later recovered on the back of some export receipts.</p>
<p>&quot;As today progressed we saw one bank selling (foreign currency) in the interbank market and the Zimbabwe dollar appreciated on the back of that,&quot; one dealer said.</p>
<p>The local money finished Tuesday's sesssion firmer at 11.3000/3100 against the key U.S. dollar compared to Monday's 11.3060/3160. It also registered gains on the mark at 6.6500/6700 from 6.6730/6795 and was at 2.5200/5400 versus the rand from 2.5320/5360.</p>
<p>It however slipped against sterling to 18.4300/4500 from 18.2585/2860, tracking a softer U.S. dollar overseas.</p>
<p>--Stella Mapenzauswa, Harare Newsroom: +263-4 72 52 27/8/9</p>
</text>
<copyright>(c) Reuters Limited 1997</copyright>
<metadata>
<codes class="bip:countries:1.0">
  <code code="ZIMBAB">
    <editdetail attribution="Reuters BIP Coding Group" action="confirmed" date="1997-05-13"/>
  </code>
</codes>
<codes class="bip:topics:1.0">
  <code code="M13">
    <editdetail attribution="Reuters BIP Coding Group" action="confirmed" date="1997-05-13"/>
  </code>
  <code code="M132">
    <editdetail attribution="Reuters BIP Coding Group" action="confirmed" date="1997-05-13"/>
  </code>
  <code code="MCAT">
    <editdetail attribution="Reuters BIP Coding Group" action="confirmed" date="1997-05-13"/>
  </code>
</codes>
<dc element="dc.date.created" value="1997-05-13"/>
<dc element="dc.publisher" value="Reuters Holdings Plc"/>
<dc element="dc.date.published" value="1997-05-13"/>
<dc element="dc.source" value="Reuters"/>
<dc element="dc.creator.location" value="HARARE"/>
<dc element="dc.creator.location.country.name" value="ZIMBABWE"/>
<dc element="dc.source" value="Reuters"/>
</metadata>
</newsitem>
