<?xml version="1.0" encoding="iso-8859-1" ?>
<newsitem itemid="578346" id="root" date="1997-05-13" xml:lang="en">
<title>USA: BASEBALL-NEWS CORP SET TO BUY LA DODGERS - REPORT.</title>
<headline>BASEBALL-NEWS CORP SET TO BUY LA DODGERS - REPORT.</headline>
<dateline>NEW YORK 1997-05-13</dateline>
<text>
<p>News Corp Ltd has reached a tentative agreement to buy the Los Angeles Dodgers baseball team for about $350 million, the Wall Street Journal said.</p>
<p>In Tuesday's electronic edition, the Journal quoted unnamed sources familiar with the agreement as saying the deal would include Dodger Stadium in Los Angeles, and training complexes in Florida and the Dominican Republic.</p>
<p>Dodgers President Peter O'Malley said he has asked Major League Baseball for permission to negotiate seriously with News Corp.</p>
<p>The league must give its permission in order for the baseball club to provide financial information about national broadcasting, marketing and licensing deals.</p>
<p>The Journal said O'Malley had issued a statement identifying the potential buyer as Fox Group, News Corp's Fox Sports unit.</p>
<p>A spokesman for the Dodgers was not immediately available for comment.</p>
</text>
<copyright>(c) Reuters Limited 1997</copyright>
<metadata>
<codes class="bip:countries:1.0">
  <code code="DOMR">
    <editdetail attribution="Reuters BIP Coding Group" action="confirmed" date="1997-05-13"/>
  </code>
  <code code="USA">
    <editdetail attribution="Reuters BIP Coding Group" action="confirmed" date="1997-05-13"/>
  </code>
</codes>
<codes class="bip:industries:1.0">
  <code code="I47500">
    <editdetail attribution="Reuters BIP Coding Group" action="confirmed" date="1997-05-13"/>
  </code>
</codes>
<codes class="bip:topics:1.0">
  <code code="C33">
    <editdetail attribution="Reuters BIP Coding Group" action="confirmed" date="1997-05-13"/>
  </code>
  <code code="CCAT">
    <editdetail attribution="Reuters BIP Coding Group" action="confirmed" date="1997-05-13"/>
  </code>
  <code code="GCAT">
    <editdetail attribution="Reuters BIP Coding Group" action="confirmed" date="1997-05-13"/>
  </code>
  <code code="GSPO">
    <editdetail attribution="Reuters BIP Coding Group" action="confirmed" date="1997-05-13"/>
  </code>
</codes>
<dc element="dc.date.created" value="1997-05-13"/>
<dc element="dc.publisher" value="Reuters Holdings Plc"/>
<dc element="dc.date.published" value="1997-05-13"/>
<dc element="dc.source" value="Reuters"/>
<dc element="dc.creator.location" value="NEW YORK"/>
<dc element="dc.creator.location.country.name" value="USA"/>
<dc element="dc.source" value="Reuters"/>
</metadata>
</newsitem>
