<?xml version="1.0" encoding="iso-8859-1" ?>
<newsitem itemid="578315" id="root" date="1997-05-13" xml:lang="en">
<title>USA: GOLF-WOODS NOT QUITE READY TO FORGIVE AND FORGET WITH ZOELLER.</title>
<headline>GOLF-WOODS NOT QUITE READY TO FORGIVE AND FORGET WITH ZOELLER.</headline>
<byline>Art Stricklin</byline>
<dateline>IRVING, Texas 1997-05-13</dateline>
<text>
<p>Tiger Woods says he is eager to resume his tour schedule in this week's Byron Nelson Classic, but made it clear he's not in the forgive and forget mood when it comes to fellow PGA golfer Fuzzy Zoeller.</p>
<p>Woods will play his first competitive round since his record-breaking, historic Masters victory one month ago when he tees it up for the first 18 holes here on Thursday.</p>
<p>The 21-year-old Woods, who became the first black player to win a major golf championship with his awesome triumph in Augusta, told a news conference Tuesday that drew 21 television crews that he was also looking forward to his next tournament and a chance to talk with Zoeller.</p>
<p>Both Woods and Zoeller have tentatively committed to next week's Colonial event in Fort Worth, Texas.</p>
<p>&quot;I'd like to ask him what exactly he meant by his comments,&quot; Woods said. &quot;I want to go face-to-face and have a heart to heart talk with him and find out what he was thinking.&quot;</p>
<p>Zoeller, the 1979 Masters champion, touched off a firestorm of controversy when he said he hoped Woods wouldn't serve &quot;fried chicken and collard greens,&quot; at next year's Masters champions dinner.</p>
<p>Woods said what bothered him the most was Zoeller's parting shot in the television interview on Masters Sunday when he added: &quot;or whatever the hell they serve.&quot;</p>
<p>&quot;I'll talk with him about it if he's at Colonial next week,&quot; said Woods, who won the Masters with a record score and by a record margin and became the youngest ever winner.</p>
<p>Zoeller later issued an apology to anyone he offended and Woods publicly accepted.</p>
<p>Tuesday, however, Woods said he felt uncomfortable having to issue any statement about the remarks.</p>
<p>&quot;I didn't want to issue a statement, because I didn't do anything wrong. I'm not the one that got into trouble,&quot; said Woods. &quot;I didn't want to be involved and feel that I got dragged into a hole.&quot;</p>
<p>Woods also discussed his controversial interview with GQ magazine where he was quoted as telling several off-colour jokes involving blacks and homosexuals. Woods drew a distinction between his remarks and Zoeller's.</p>
<p>&quot;I feel like we both learned something, but Fuzzy said his remarks in public with a bunch of reporters around. I said my remarks jokingly to a limo driver who happened to be miked, there's a big difference,&quot; insisted Woods.</p>
<p>During his four-week vacation, Woods said he played golf with Michael Jordan, visited a movie set with Kevin Costner, and was interviewed by Oprah Winfrey and Barbara Walters.</p>
<p>Woods sidestepped another public appearance during his hiatus when he declined an invitation from President Bill Clinton to take part in the Jackie Robinson celebration in New York City.</p>
<p>Woods sounded miffed at being asked only days before the ceremonies that marked the 50th anniversary of Robinson's breaking the colour line in baseball.</p>
<p>&quot;Why did he wait until after the Masters to invite me?&quot; said Woods, who acknowledged his debt to early black athletes after his Augusta triumph.</p>
<p>&quot;If he wanted me to come, he should have invited me earlier, before the Masters, along with the other athletes.&quot;</p>
<p>Woods shot an unofficial 64 Tuesday in a practice round and said he was raring to go.</p>
<p>&quot;I'm hitting the ball well. I'm surprised, I'm hitting it so well,&quot; he said. &quot;I expect to win this week. I expect to win every tournament I play.&quot;</p>
</text>
<copyright>(c) Reuters Limited 1997</copyright>
<metadata>
<codes class="bip:countries:1.0">
  <code code="USA">
    <editdetail attribution="Reuters BIP Coding Group" action="confirmed" date="1997-05-13"/>
  </code>
</codes>
<codes class="bip:topics:1.0">
  <code code="GCAT">
    <editdetail attribution="Reuters BIP Coding Group" action="confirmed" date="1997-05-13"/>
  </code>
  <code code="GSPO">
    <editdetail attribution="Reuters BIP Coding Group" action="confirmed" date="1997-05-13"/>
  </code>
</codes>
<dc element="dc.date.created" value="1997-05-13"/>
<dc element="dc.publisher" value="Reuters Holdings Plc"/>
<dc element="dc.date.published" value="1997-05-13"/>
<dc element="dc.source" value="Reuters"/>
<dc element="dc.creator.location" value="IRVING, Texas"/>
<dc element="dc.creator.location.country.name" value="USA"/>
<dc element="dc.source" value="Reuters"/>
</metadata>
</newsitem>
