<?xml version="1.0" encoding="iso-8859-1" ?>
<newsitem itemid="578317" id="root" date="1997-05-13" xml:lang="en">
<title>USA: MURDOCH'S FOX OUT TO BUY BASEBALL'S STORIED DODGERS.</title>
<headline>MURDOCH'S FOX OUT TO BUY BASEBALL'S STORIED DODGERS.</headline>
<byline>Steve James</byline>
<dateline>LOS ANGELES 1997-05-13</dateline>
<text>
<p>Media mogul Rupert Murdoch moved closer to owning one of America's most famous sports franchises Tuesday when the Los Angeles Dodgers sought permission to sell the baseball team to Fox Sports.</p>
<p>The sale, which reportedly could top $350 million, would set up an intriguing confrontation between Murdoch and his rival media mogul, CNN founder Ted Turner. Turner is vice chairman of Time Warner Inc., which owns the Atlanta Braves, a National League competitor of the Dodgers.</p>
<p>A Fox sale also would represent a major move into U.S. sports ownership by a company that has up until now only been involved in broadcasting sports, movies and television programmes around the world.</p>
<p>Fox stunned the U.S. sports world by outbidding CBS in 1993 for the right to show some National Football League games.</p>
<p>The upstart network added insult to injury a few months later by snatching eight affiliated stations from CBS on the strength of its football broadcasts.</p>
<p>Under Murdoch, Fox has sought to expand its influence and compete with other entertainment giants such as Walt Disney Co. and Time Warner, both of which have been snatching up entertainment and sports assets in recent years.</p>
<p>Fox also has a deal with the National Hockey League and Major League Baseball to air games nationally.</p>
<p>Corporate ownership of baseball teams is a growing trend. Already the Tribune Co. owns the Chicago Cubs and Disney owns 25 percent of the Anaheim Angels.</p>
<p>In a statement, the Dodgers said the team was seeking permission from the league to enter into serious discussions with the Fox Group, an affiliate of News Corp.</p>
<p>Permission was expected to be granted by Major League Baseball's Executive Council for the talks to continue and the deal could be presented next month for league approval. It would require 75 percent approval by the other 27 team owners.</p>
<p>Fox, a unit of Murdoch's News Corp., had no comment on the proposed deal, which was worth a reported $350 million -- about twice the previous record of $173 million paid for the Baltimore Orioles in 1993.</p>
<p>If Dodger Stadium in Los Angeles and the club's spring training facilities at Dodger Town in Florida are included in the deal, it could top $400 million.</p>
<p>A source close to News Corp. confirmed the two sides were in talks, and said something should happen in the middle or end of next week. The Wall Street Journal, quoting sources familar with the negotiations, said O'Malley and Murdoch had already reached a tentative agreement.</p>
<p>The Dodgers, controlled since 1950 by the O'Malley family, said Fox was one of several groups that had expressed interest in the team.</p>
<p>&quot;We're in the fifth month of what we expected to be a six-month process,&quot; said O'Malley, who shocked the sports world in January when he announced he was putting the Dodgers up for sale.</p>
<p>At the time, he said the era of family-owned sports franchises was over. O'Malley's father Walter broke millions of hearts in New York when he moved the Brooklyn Dodgers to Los Angeles for the 1958 season.</p>
<p>Under Peter O'Malley's presidency since 1970, the Dodgers have won two World Series titles, five National League pennants and finished first or second in their division 19 times.</p>
<p>And in an era of managerial revolving doors, the team has had only three managers -- Walter Alston, Tommy Lasorda and now Bill Russell.</p>
<p>It has also earned a reputation for developing new talent. The last five National League Rookies of the Year have been Dodgers -- Eric Karros, Mike Piazza, Raul Mondesi, Hideo Nomo and Todd Hollandsworth.</p>
</text>
<copyright>(c) Reuters Limited 1997</copyright>
<metadata>
<codes class="bip:countries:1.0">
  <code code="USA">
    <editdetail attribution="Reuters BIP Coding Group" action="confirmed" date="1997-05-13"/>
  </code>
</codes>
<codes class="bip:topics:1.0">
  <code code="GCAT">
    <editdetail attribution="Reuters BIP Coding Group" action="confirmed" date="1997-05-13"/>
  </code>
  <code code="GSPO">
    <editdetail attribution="Reuters BIP Coding Group" action="confirmed" date="1997-05-13"/>
  </code>
</codes>
<dc element="dc.date.created" value="1997-05-13"/>
<dc element="dc.publisher" value="Reuters Holdings Plc"/>
<dc element="dc.date.published" value="1997-05-13"/>
<dc element="dc.source" value="Reuters"/>
<dc element="dc.creator.location" value="LOS ANGELES"/>
<dc element="dc.creator.location.country.name" value="USA"/>
<dc element="dc.source" value="Reuters"/>
</metadata>
</newsitem>
