<?xml version="1.0" encoding="iso-8859-1" ?>
<newsitem itemid="578371" id="root" date="1997-05-13" xml:lang="en">
<title>NETHERLANDS: SOCCER-RECORDS TO FALL IN CUP WINNERS' CUP FINAL.</title>
<headline>SOCCER-RECORDS TO FALL IN CUP WINNERS' CUP FINAL.</headline>
<dateline>ROTTERDAM 1997-05-13</dateline>
<text>
<p>Whatever the result, records</p>
<p>are bound to fall in Wednesday's European Cup Winners' Cup final</p>
<p>between Barcelona of Spain and France's Paris St Germain.</p>
<p>Barcelona are playing in their 14th European final, beating</p>
<p>the record of 13 they shared with Spanish arch-rivals Real</p>
<p>Madrid, and could become the first club to win the Cup Winners'</p>
<p>Cup four times.</p>
<p>Paris St Germain, who beat Rapid Vienna of Austria in last</p>
<p>year's final, stand to become the first team to retain a</p>
<p>European Cup Winners' Cup title.</p>
<p>Statistics for Wednesday's match:</p>
<p>Path to the final (asterisk denotes home leg)</p>
<p>Barcelona:</p>
<p>  First round v AEK Larnaca (Cyprus)		2-0* 0-0</p>
<p>Second round v Red Star Belgrade (Yugoslavia) 3-1* 1-1</p>
<p>  Quarter-final v AIK Stockholm (Sweden)	  3-1* 1-1</p>
<p>  Semifinal v Fiorentina (Italy)		    1-1* 2-0</p>
<p>Paris St Germain:</p>
<p>  First round v Vaduz (Liechtenstein)	     4-0  3-0*</p>
<p>  Second round v Galatasaray (Turkey)	     2-4  4-0*</p>
<p>  Quarter-final v AEK Athens (Greece)	     0-0* 3-0</p>
<p>  Semifinal v Liverpool (England)		   3-0* 0-2</p>
<p>Scorers</p>
<p>Barcelona: Ronaldo 4, Giovanni 3, Fernando Couto 1, Luis Figo</p>
<p>1, Josep Guardiola 1, Miguel Angel Nadal 1, Juan Pizzi 1,</p>
<p>Gheorghe Popescu 1</p>
<p>Paris St Germain: Patrice Loko 4, Julio Cesar Dely Valdes 3,</p>
<p>Leonardo 3, Bernard Allou 2, Paul Le Guen 2, Benoit Cauet 1,</p>
<p>Jerome Leroy 1, Patrice Mboma 1, Rai 1, Alain Roche 1</p>
<p>Record scorers in Europe</p>
<p>Barcelona: Evaristo 27 (1957-1962)</p>
<p>Paris St Germain: George Weah 15 (1992-95)</p>
<p>Previous ties between clubs</p>
<p>1994-95 European Cup quarter-final</p>
<p>Barcelona v Paris St Germain 1-1 1-2</p>
<p>(PSG won 3-2 on aggregate)</p>
<p>Other ties between Barcelona and French clubs: 4 (Barcelona</p>
<p>won one, lost three)</p>
<p>1964-65 Fairs Cup third round v Strasbourg 0-0 2-2* 0-0</p>
<p>(Barcelona lost toss after third match)</p>
<p>1973-74 UEFA Cup first round v Nice 0-3 2-0*</p>
<p>1984-85 Cup Winners' Cup first round v Metz 4-2 1-4*</p>
<p>1993-94 European Cup, Champions' League v Monaco 2-0* 1-0</p>
<p>Other ties between Paris St Germain and Spanish clubs: 3</p>
<p>(PSG won three)</p>
<p>1992-93 UEFA Cup quarter-finals v Real Madrid 1-3 4-1*</p>
<p>1993-94 Cup Winners' Cup quarter-finals v Real Madrid 1-0 1-1*</p>
<p>1995-96 Cup Winners' Cup semifinals v Deportivo Coruna 1-0 1-0*</p>
<p>Previous finals</p>
<p>Barcelona</p>
<p>   Fairs Cup	  1958 v London XI (England) 2-2 6-0</p>
<p>   Fairs Cup	  1960 v Birmingham City (England) 0-0 4-1</p>
<p>   European Cup     1961 v Benfica (Portugal) 2-3</p>
<p>   Fairs Cup	  1962 v Valencia (Spain) 2-6 1-1</p>
<p>   Fairs Cup	  1966 v Real Zaragoza (Spain) 0-1 4-2</p>
<p>Cup Winners' Cup 1969 v Slovan Bratislava (Czechoslovakia)</p>
<p>2-3</p>
<p>Cup Winners' Cup 1979 v Fortuna Duesseldorf (West Germany)</p>
<p>4-3</p>
<p>Cup Winners' Cup 1982 v Standard Liege (Belgium) 2-1</p>
<p>   European Cup     1986 v Steaua Bucharest (Romania) 0-0 (lost</p>
<p>on penalties)</p>
<p>Cup Winners' Cup 1989 v Sampdoria (Italy) 2-0</p>
<p>Cup Winners' Cup 1991 v Manchester United (England) 1-2</p>
<p>   European Cup     1992 v Sampdoria (Italy) 1-0</p>
<p>   European Cup     1994 v AC Milan (Italy)  0-4</p>
<p>Paris St Germain</p>
<p>Cup Winners' Cup 1996 v Rapid Vienna (Austria) 1-0</p>
<p>Best results in Europe</p>
<p>Barcelona v Apollon Limassol (Cyprus) 8-0, 1982-83 Cup Winners'</p>
<p>Cup</p>
<p>Paris St Germain v Lokomotiv Sofia (Bulgaria) 5-1, 1982-83 Cup</p>
<p>Winners' Cup</p>
<p>Worst results in Europe</p>
<p>Barcelona v Valencia (Spain) 2-6, 1961-62 UEFA Cup</p>
<p>Paris St Germain v Waterschei (Belgium) 0-3, 1982-83 Cup</p>
<p>Winners' Cup</p>
<p>Curious facts</p>
<p>Barcelona will equal Real Madrid's record of eight European</p>
<p>titles if they win. The Spaniards will be playing in their 287th</p>
<p>European match, another record. They are also playing in a</p>
<p>record sixth Cup Winners' Cup final.</p>
<p>Paris St Germain this season equalled a record held jointly by</p>
<p>Real Madrid and Ajax Amsterdam of reaching the semifinals of a</p>
<p>European competition in five successive seasons.</p>
<p>The following seven clubs have reached the Cup Winners' Cup</p>
<p>final the season after winning the title. All ended as losers.</p>
<p>    Fiorentina (Italy)	     1962</p>
<p>    Atletico Madrid (Spain)	1963</p>
<p>    AC Milan (Italy)		 1974</p>
<p>    Anderlecht (Belgium)	   1977</p>
<p>Ajax Amsterdam (Netherlands) 1988</p>
<p>    Parma (Italy)		    1994</p>
<p>    Arsenal (England)		1995</p>
</text>
<copyright>(c) Reuters Limited 1997</copyright>
<metadata>
<codes class="bip:countries:1.0">
  <code code="FRA">
    <editdetail attribution="Reuters BIP Coding Group" action="confirmed" date="1997-05-13"/>
  </code>
  <code code="NETH">
    <editdetail attribution="Reuters BIP Coding Group" action="confirmed" date="1997-05-13"/>
  </code>
  <code code="SPAIN">
    <editdetail attribution="Reuters BIP Coding Group" action="confirmed" date="1997-05-13"/>
  </code>
</codes>
<codes class="bip:topics:1.0">
  <code code="GCAT">
    <editdetail attribution="Reuters BIP Coding Group" action="confirmed" date="1997-05-13"/>
  </code>
  <code code="GSPO">
    <editdetail attribution="Reuters BIP Coding Group" action="confirmed" date="1997-05-13"/>
  </code>
</codes>
<dc element="dc.date.created" value="1997-05-13"/>
<dc element="dc.publisher" value="Reuters Holdings Plc"/>
<dc element="dc.date.published" value="1997-05-13"/>
<dc element="dc.source" value="Reuters"/>
<dc element="dc.creator.location" value="ROTTERDAM"/>
<dc element="dc.creator.location.country.name" value="NETHERLANDS"/>
<dc element="dc.source" value="Reuters"/>
</metadata>
</newsitem>
