<?xml version="1.0" encoding="iso-8859-1" ?>
<newsitem itemid="578486" id="root" date="1997-05-13" xml:lang="en">
<title>UK: Tax doesn't stop poor from smoking, study finds.</title>
<headline>Tax doesn't stop poor from smoking, study finds.</headline>
<dateline>LONDON 1996-05-14</dateline>
<text>
<p>The poor smoke more than the rich and even high taxes on cigarettes do little to deter them, experts reported on Wednesday.</p>
<p>Surveys of 240,000 U.S. adults, made over 11 years, show those living below the poverty line are up to 40 percent more likely to smoke than their wealthier compatriots.</p>
<p>Although smoking was on the decline in the United States in general, this did not hold true for the least well-off, Alan Flint and Thomas Novotny of the University of California at San Francisco found.</p>
<p>&quot;Our findings suggest that individuals below the poverty threshold may need strengthened efforts (beyond those focused on blacks and women) to prevent recruitment of new smokers and to help those who already smoke to quit,&quot; Flint wrote in a report in the journal Tobacco Control.</p>
<p>Alan Marsh, a social psychologist at London's Policy Studies Institute, said he had found raising tax on cigarettes did little to deter the poor from smoking.</p>
<p>&quot;These data almost certainly speak for other countries, too,&quot; he wrote in a commentary on Flint's report.</p>
<p>He said he found Britain's poorest returned 16 percent of welfare benefits to the government in the form of tobacco duties -- 600 million pounds ($975 million) a year.</p>
<p>&quot;If you go on hiking up the price of cigarettes...they continue spending their welfare money on cigarettes,&quot; he said in a telephone interview.</p>
<p>Psychology played an important role, he added. &quot;The state of mind that leads you to give up smoking is not one of despair -- it's one of optimism,&quot; he said. &quot;And the poor have very little to feel optimistic about.&quot;</p>
<p>But Marsh said black Americans and Britons both tended to smoke less than their white counterparts, whatever their income level. Asian women in Britain also smoked very little even if they were poor.</p>
<p>Marsh said experts should investigate why that was. &quot;How come their culture protects them from smoking?&quot; he asked.</p>
</text>
<copyright>(c) Reuters Limited 1997</copyright>
<metadata>
<codes class="bip:countries:1.0">
  <code code="UK">
    <editdetail attribution="Reuters BIP Coding Group" action="confirmed" date="1997-05-13"/>
  </code>
  <code code="USA">
    <editdetail attribution="Reuters BIP Coding Group" action="confirmed" date="1997-05-13"/>
  </code>
</codes>
<codes class="bip:industries:1.0">
  <code code="I42900">
    <editdetail attribution="Reuters BIP Coding Group" action="confirmed" date="1997-05-13"/>
  </code>
</codes>
<codes class="bip:topics:1.0">
  <code code="E21">
    <editdetail attribution="Reuters BIP Coding Group" action="confirmed" date="1997-05-13"/>
  </code>
  <code code="E211">
    <editdetail attribution="Reuters BIP Coding Group" action="confirmed" date="1997-05-13"/>
  </code>
  <code code="ECAT">
    <editdetail attribution="Reuters BIP Coding Group" action="confirmed" date="1997-05-13"/>
  </code>
  <code code="GCAT">
    <editdetail attribution="Reuters BIP Coding Group" action="confirmed" date="1997-05-13"/>
  </code>
  <code code="GHEA">
    <editdetail attribution="Reuters BIP Coding Group" action="confirmed" date="1997-05-13"/>
  </code>
</codes>
<dc element="dc.date.created" value="1996-05-14"/>
<dc element="dc.publisher" value="Reuters Holdings Plc"/>
<dc element="dc.date.published" value="1997-05-13"/>
<dc element="dc.source" value="Reuters"/>
<dc element="dc.creator.location" value="LONDON"/>
<dc element="dc.creator.location.country.name" value="UK"/>
<dc element="dc.source" value="Reuters"/>
</metadata>
</newsitem>
