<?xml version="1.0" encoding="iso-8859-1" ?>
<newsitem itemid="578479" id="root" date="1997-05-13" xml:lang="en">
<title>UK: Catholic killed in N.Ireland sectarian attack.</title>
<headline>Catholic killed in N.Ireland sectarian attack.</headline>
<byline>Andrew Hill</byline>
<dateline>BELFAST 1997-05-13</dateline>
<text>
<p>The body of a 62-year-old Roman Catholic was found on a Northern Ireland country road on Tuesday after what police said was a sectarian murder.</p>
<p>He had been abducted from a club of the Gaelic Athletic Association (GAA), an Irish nationalist and Catholic sports group, on Monday night and was shot after a struggle, police at Randalstown, scene of the crime, said.</p>
<p>It was thought to be the third sectarian killing this year after the shooting of a Catholic father of nine in Belfast in April and the beating to death of a Catholic in Portadown earlier this month.</p>
<p>No group immediately claimed responsibility for the killing but Protestant Loyalists were under suspicion.</p>
<p>The killing took place amid fears that Loyalist extremists, who want the province to remain British, have abandoned a ceasefire they declared in October 1994.</p>
<p>In Dublin, the leader of Ireland's Protestants told his church's annual synod that he feared sectarian tension bubbling under Northern Ireland's tense political climate could erupt.</p>
<p>&quot;If sectarianism continues at its present level, the whole of our society will be plunged into a new nightmare of suffering and uncertainty,&quot; Archbishop Robin Eames said.</p>
<p>He wondered aloud whether new laws might be needed to outlaw sectarianism after a spate of church-burning in Northern Ireland and tit-for-tat attacks by extremists.</p>
<p>&quot;Are changes in the law desirable to give greater assistance to this process? Is the current law really geared to outlaw sectarianism?&quot; he asked.</p>
<p>Loyalists, so-called because of their allegiance to Britain, have been blamed for a series of attacks on Catholic or Irish nationalist targets in recent months since their Irish Republican Army (IRA) foes ended their own truce in 1996.</p>
<p>The IRA, a Catholic-backed guerrilla organisation which is fighting to end British rule of Northern Ireland, is demanding that its political wing, Sinn Fein, gain a place at Northern Ireland peace talks without preconditions.</p>
<p>Tuesday's victim was described by police superintendent Robin Campbell as an &quot;upstanding member of the community&quot; whose death bore &quot;all the hallmarks of a sectarian murder.&quot;</p>
<p>The murder took place as representatives of the Loyalists' political wings were due to hold talks with Majorie Mowlam, Northern Ireland Secretary in the Labour government which won elections on May 1.</p>
<p>Sinn Fein, which saw its top two leaders win British parliamentary seats on May 1, is excluded from the talks because of the IRA's ending of its ceasefire.</p>
<p>Tension has been high in recent months with the IRA targeting British security force members and Loyalists launching a spate of apparently retaliatory attacks.</p>
</text>
<copyright>(c) Reuters Limited 1997</copyright>
<metadata>
<codes class="bip:countries:1.0">
  <code code="UK">
    <editdetail attribution="Reuters BIP Coding Group" action="confirmed" date="1997-05-13"/>
  </code>
</codes>
<codes class="bip:topics:1.0">
  <code code="GCAT">
    <editdetail attribution="Reuters BIP Coding Group" action="confirmed" date="1997-05-13"/>
  </code>
  <code code="GCRIM">
    <editdetail attribution="Reuters BIP Coding Group" action="confirmed" date="1997-05-13"/>
  </code>
  <code code="GVIO">
    <editdetail attribution="Reuters BIP Coding Group" action="confirmed" date="1997-05-13"/>
  </code>
</codes>
<dc element="dc.date.created" value="1997-05-13"/>
<dc element="dc.publisher" value="Reuters Holdings Plc"/>
<dc element="dc.date.published" value="1997-05-13"/>
<dc element="dc.source" value="Reuters"/>
<dc element="dc.creator.location" value="BELFAST"/>
<dc element="dc.creator.location.country.name" value="UK"/>
<dc element="dc.source" value="Reuters"/>
</metadata>
</newsitem>
