<?xml version="1.0" encoding="iso-8859-1" ?>
<newsitem itemid="578426" id="root" date="1997-05-13" xml:lang="en">
<title>HUNGARY: HUNGARY ONE-MONTH T-BILL YIELD DROPS TO 20.92 PCT.</title>
<headline>HUNGARY ONE-MONTH T-BILL YIELD DROPS TO 20.92 PCT.</headline>
<dateline>BUDAPEST 1997-05-13</dateline>
<text>
<p>The average annual yield on the</p>
<p>latest issue of Hungary's one-month discount Treasury bills was</p>
<p>set by auction at 20.92 percent, down from 21.20 percent at</p>
<p>auction one week ago, the Government Debt Management Agency</p>
<p>said on Tuesday.</p>
<p>    Total on offer	     1,000 million forints</p>
<p>    Total bids received	3,665.27 million forints</p>
<p>    Total allocated	    1,000 million forints</p>
<p>    Total issued		 1,000 million forints</p>
<p>    Average annual yield	    20.92 pct</p>
<p>    Average price		     98.4205 pct</p>
<p>-- Budapest newsroom (36 1) 327 4040</p>
</text>
<copyright>(c) Reuters Limited 1997</copyright>
<metadata>
<codes class="bip:countries:1.0">
  <code code="HUNG">
    <editdetail attribution="Reuters BIP Coding Group" action="confirmed" date="1997-05-13"/>
  </code>
</codes>
<codes class="bip:topics:1.0">
  <code code="M12">
    <editdetail attribution="Reuters BIP Coding Group" action="confirmed" date="1997-05-13"/>
  </code>
  <code code="M13">
    <editdetail attribution="Reuters BIP Coding Group" action="confirmed" date="1997-05-13"/>
  </code>
  <code code="M131">
    <editdetail attribution="Reuters BIP Coding Group" action="confirmed" date="1997-05-13"/>
  </code>
  <code code="MCAT">
    <editdetail attribution="Reuters BIP Coding Group" action="confirmed" date="1997-05-13"/>
  </code>
</codes>
<dc element="dc.date.created" value="1997-05-13"/>
<dc element="dc.publisher" value="Reuters Holdings Plc"/>
<dc element="dc.date.published" value="1997-05-13"/>
<dc element="dc.source" value="Reuters"/>
<dc element="dc.creator.location" value="BUDAPEST"/>
<dc element="dc.creator.location.country.name" value="HUNGARY"/>
<dc element="dc.source" value="Reuters"/>
</metadata>
</newsitem>
