<?xml version="1.0" encoding="iso-8859-1" ?>
<newsitem itemid="578428" id="root" date="1997-05-13" xml:lang="en">
<title>BULGARIA: BULGARIA DELAYS RULING ON SLAVYANI BANK INSOLVENCY.</title>
<headline>BULGARIA DELAYS RULING ON SLAVYANI BANK INSOLVENCY.</headline>
<dateline>SOFIA 1997-05-13</dateline>
<text>
<p>The Sofia City Court postponed ruling on an insolvency case against private Slavyani bank by three weeks due to delayed preparation of experts' statement on its financial state, a bank official said on Tuesday.</p>
<p>&quot;The court postponed ruling on the case for June 3 because the financial experts it has appointed failed to submit their report in due time,&quot; the official, who declined to be named told Reuters.</p>
<p>Court officials declined comment.</p>
<p>The Bulgarian National Bank (BNB) put Slavyani bank in receivership on September 23 due to a danger of insolvency, citing a capital-to-risk assets ratio of minus 38.67 percent and oustanding payments of 223 million levs.</p>
<p>The BNB decided to seek the bank's insolvency on October 30.</p>
<p>So far Bulgarian courts have declared bankrupt four banks out of a total of 17 private and state owned institutions or a third of the country's banks, whose insolvency has been sought by the BNB in several waves since May 1996.</p>
<p>These were the private Crystalbank, the Private Agricultural and Investment Bank, private Trade and Savings Bank and the state-owned Mineralbank.</p>
<p>Of the 17 banks only private Mollov bank, now named Eurobank avoided bankruptcy after Slovak investment fund Istrocapital invested $6.25 million in it to acquire some 90 percent of its capital.</p>
<p>Under a funding agreement with the International Monetary Fund (IMF) sealed in March Bulgaria is to amend its legislation to speed up bankruptcy procedures for banks whose insolvency has been ascertained by the BNB.</p>
<p>Under a new Banking Act draft, pending a government approval courts would be required to rule on bank bankruptcy cases not later than 30 days after the BNB files the suit and would not be able to appoint experts to prepare independent reports on the banks' financial state.</p>
<p>Delayed reports by court experts have been cited as the reason for postponement of ruling on most bank bankruptcy cases so far. -- Roumiana Tikholova, Sofia Newsroom, (++359-2) 911 88</p>
</text>
<copyright>(c) Reuters Limited 1997</copyright>
<metadata>
<codes class="bip:countries:1.0">
  <code code="BUL">
    <editdetail attribution="Reuters BIP Coding Group" action="confirmed" date="1997-05-13"/>
  </code>
</codes>
<codes class="bip:industries:1.0">
  <code code="I81402">
    <editdetail attribution="Reuters BIP Coding Group" action="confirmed" date="1997-05-13"/>
  </code>
</codes>
<codes class="bip:topics:1.0">
  <code code="C16">
    <editdetail attribution="Reuters BIP Coding Group" action="confirmed" date="1997-05-13"/>
  </code>
  <code code="CCAT">
    <editdetail attribution="Reuters BIP Coding Group" action="confirmed" date="1997-05-13"/>
  </code>
</codes>
<dc element="dc.date.created" value="1997-05-13"/>
<dc element="dc.publisher" value="Reuters Holdings Plc"/>
<dc element="dc.date.published" value="1997-05-13"/>
<dc element="dc.source" value="Reuters"/>
<dc element="dc.creator.location" value="SOFIA"/>
<dc element="dc.creator.location.country.name" value="BULGARIA"/>
<dc element="dc.source" value="Reuters"/>
</metadata>
</newsitem>
