<?xml version="1.0" encoding="iso-8859-1" ?>
<newsitem itemid="578498" id="root" date="1997-05-13" xml:lang="en">
<title>UK: LME copper gives back some more gains in late trade.</title>
<headline>LME copper gives back some more gains in late trade.</headline>
<dateline>LONDON 1997-05-13</dateline>
<text>
<p>Profit taking eroded some of the gains on the London Metal Exchange's copper contract during Tuesday's late trading and tin levelled out after higher prices proved unsustainable earlier, dealers said.</p>
<p>At 1800 GMT copper was available at $2,410/2,413 about $6.00 under the kerb close while tin held on to unchanged levels from the last ring at $5,730/$5,735.</p>
<p>Three months copper skipped to $2,433 per tonne in earlier inter-office trade after hectic activity on the morning kerb, the highest since early March. Widespread buying was seen, including by funds, traders said</p>
<p>But once ring trading resumed in the afternoon, producer selling and profit-taking eroded the gains, and prices ended the afternoon kerb only $8 higher at $2,417.</p>
<p>&quot;Fundamentally it still looks good, but I think it may need to build a base above $2,400,&quot; said analyst Helen Williamson of broker Brandeis.</p>
<p>The next major target is $2,440, the high of March 7.</p>
<p>The other metals were barely changed in generally sparse business.</p>
<p>-- London Nesroom +44 171 542 8058</p>
</text>
<copyright>(c) Reuters Limited 1997</copyright>
<metadata>
<codes class="bip:countries:1.0">
  <code code="UK">
    <editdetail attribution="Reuters BIP Coding Group" action="confirmed" date="1997-05-13"/>
  </code>
</codes>
<codes class="bip:topics:1.0">
  <code code="M14">
    <editdetail attribution="Reuters BIP Coding Group" action="confirmed" date="1997-05-13"/>
  </code>
  <code code="M142">
    <editdetail attribution="Reuters BIP Coding Group" action="confirmed" date="1997-05-13"/>
  </code>
  <code code="MCAT">
    <editdetail attribution="Reuters BIP Coding Group" action="confirmed" date="1997-05-13"/>
  </code>
</codes>
<dc element="dc.date.created" value="1997-05-13"/>
<dc element="dc.publisher" value="Reuters Holdings Plc"/>
<dc element="dc.date.published" value="1997-05-13"/>
<dc element="dc.source" value="Reuters"/>
<dc element="dc.creator.location" value="LONDON"/>
<dc element="dc.creator.location.country.name" value="UK"/>
<dc element="dc.source" value="Reuters"/>
</metadata>
</newsitem>
