<?xml version="1.0" encoding="iso-8859-1" ?>
<newsitem itemid="578492" id="root" date="1997-05-13" xml:lang="en">
<title>UK: IPE Brent crude ends day slightly lower pre API's.</title>
<headline>IPE Brent crude ends day slightly lower pre API's.</headline>
<dateline>LONDON 1997-05-13</dateline>
<text>
<p>June IPE Brent ended the day just a few cents lower on Tuesday as the expected retracement failed to happen. Brokers said many locals had taken short postions early in the day but bought back as the early downward move failed to hold its momentum.</p>
<p>&quot;Everyone expected a retracement so the market went lower early but there was no momentum and they lost their bottle and covered themselves. No-body wanted to be short before the API's,&quot; one said.</p>
<p>June Brent ended Tuesday down some nine cents at $19.63, well off the day's low of $19.44 a barrel. The contract, which expires on Thursday, gained almost 80 cents on Monday.</p>
<p>The weekly U.S. stock figures from the API are due out after markets close on Tuesday. Preliminary trader estimates for the week ended May 9 were for a crude build of 0.75 million barrels, a build on distillates of 2.2 million barrels and an increase in gasoline stocks of one million barrels.</p>
<p>&quot;But when you see the market recovering like it just has on a Tuesday night it looks like someone is taking a punt on bullish API's,&quot; another broker said.</p>
<p>A fire at a 132,500 barrel per day Citgo refinery in the U.S. gave gasoline on ACCESS an early boost. But testing prior to the restart of Tosco Corp's Pennsylvanian refinery later dampened enthusiasm and levels on crudes and products fell off.</p>
<p>The Tosco plant is expected to add about 100,000 bpd to the Atlantic basin gasoline market.</p>
<p>June gas oil closed earlier down 50 cents at $173.25 a tonne</p>
<p>--Siobhan Hayden London Newsroom +44 171 542 8978</p>
</text>
<copyright>(c) Reuters Limited 1997</copyright>
<metadata>
<codes class="bip:countries:1.0">
  <code code="UK">
    <editdetail attribution="Reuters BIP Coding Group" action="confirmed" date="1997-05-13"/>
  </code>
</codes>
<codes class="bip:topics:1.0">
  <code code="M14">
    <editdetail attribution="Reuters BIP Coding Group" action="confirmed" date="1997-05-13"/>
  </code>
  <code code="M143">
    <editdetail attribution="Reuters BIP Coding Group" action="confirmed" date="1997-05-13"/>
  </code>
  <code code="MCAT">
    <editdetail attribution="Reuters BIP Coding Group" action="confirmed" date="1997-05-13"/>
  </code>
</codes>
<dc element="dc.date.created" value="1997-05-13"/>
<dc element="dc.publisher" value="Reuters Holdings Plc"/>
<dc element="dc.date.published" value="1997-05-13"/>
<dc element="dc.source" value="Reuters"/>
<dc element="dc.creator.location" value="LONDON"/>
<dc element="dc.creator.location.country.name" value="UK"/>
<dc element="dc.source" value="Reuters"/>
</metadata>
</newsitem>
