<?xml version="1.0" encoding="iso-8859-1" ?>
<newsitem itemid="578417" id="root" date="1997-05-13" xml:lang="en">
<title>LITHUANIA: EKRANAS JAN-APRIL NET PROFIT 5.5 MLN LITAS.</title>
<headline>EKRANAS JAN-APRIL NET PROFIT 5.5 MLN LITAS.</headline>
<dateline>VILNIUS 1997-05-12</dateline>
<text>
<p>Lithuanian TV screen producer Ekranas said on Tuesday that its net profit in the first four months of 1997 was 5.5 million litas compared to 5.3 million litas for the same period last year.  </p>
<p>The company's spokeswoman Angelija Zokaitiene also told Reuters that the company's net profit in April was 1.4 million litas and that its sales for the month reached 21 million litas.</p>
<p>She added that the company's sales for the first four months of the year fell to 96 million litas from 114 million litas.</p>
<p>&quot;The company's sales have fallen because of the growing difference in the rate between the German mark and the U.S. dollar,&quot; she said.</p>
<p>The litas is pegged to the dollar at a rate of four to one.</p>
<p>Zokaitiene said that the main contracts with its clients were signed in German marks and the company had to reduce its production capacity by around 20 percent while waiting for a more favourable exchange rate.</p>
<p>&quot;We were planning average monthly sales of 25-27 million litas for 1997 but if the current exchange rate remains longer we might be forced to revise the figures,&quot; Zokaitiene said.</p>
<p>She added that the company hoped that the ratification of a Turkish-Lithuanian free-trade pact later this year would help boost sales, as one of its main customers is the Turkish firm Profilio-Telra.</p>
<p>The company's shares fell steeply on Tuesday, dropping to 4.50 litas from 5.00 litas, but dealers said they expected it to bounce back.</p>
<p>--Andrius Vilkanvas, Vilnius newsroom +370 2 22 35 17</p>
</text>
<copyright>(c) Reuters Limited 1997</copyright>
<metadata>
<codes class="bip:countries:1.0">
  <code code="LITH">
    <editdetail attribution="Reuters BIP Coding Group" action="confirmed" date="1997-05-13"/>
  </code>
</codes>
<codes class="bip:industries:1.0">
  <code code="I34000">
    <editdetail attribution="Reuters BIP Coding Group" action="confirmed" date="1997-05-13"/>
  </code>
</codes>
<codes class="bip:topics:1.0">
  <code code="C15">
    <editdetail attribution="Reuters BIP Coding Group" action="confirmed" date="1997-05-13"/>
  </code>
  <code code="C151">
    <editdetail attribution="Reuters BIP Coding Group" action="confirmed" date="1997-05-13"/>
  </code>
  <code code="CCAT">
    <editdetail attribution="Reuters BIP Coding Group" action="confirmed" date="1997-05-13"/>
  </code>
</codes>
<dc element="dc.date.created" value="1997-05-12"/>
<dc element="dc.publisher" value="Reuters Holdings Plc"/>
<dc element="dc.date.published" value="1997-05-13"/>
<dc element="dc.source" value="Reuters"/>
<dc element="dc.creator.location" value="VILNIUS"/>
<dc element="dc.creator.location.country.name" value="LITHUANIA"/>
<dc element="dc.source" value="Reuters"/>
</metadata>
</newsitem>
