<?xml version="1.0" encoding="iso-8859-1" ?>
<newsitem itemid="495698" id="root" date="1997-04-09" xml:lang="en">
<title>CANADA: AEC to post C$179 mln Q2 gain.</title>
<headline>AEC to post C$179 mln Q2 gain.</headline>
<dateline>CALGARY 1997-04-09</dateline>
<text>
<p>Alberta Energy Co Ltd said on Wednesday that it expected to post a second-quarter gain of C$161 million or $1.61 a share from the reorganization of its pipeline division.</p>
<p>The units of AEC Pipelines, which were offered to the public in a C$1.1 billion limited partnership, began trading on the Toronto Stock Exchange on Wednesday.</p>
<p>AEC retained 70 percent of the limited partnerhip units and received about C$300 million in proceeds from the offering.</p>
<p>Meanwhile, AEC said big jumps in oil and natural gas prices and production volumes led to record first-quarter cash flow.</p>
<p>Cash flow in the period rose to C$165 million or C$1.41 a share, a 64 percent increase from C$101 million or C$1 a share last year.</p>
<p>The company said gas sales in the first quarter averaged 645 million cubic feet per day, up 20 percent from last year.</p>
<p>Crude oil and gas liquids production was 56,000 barrels a day, a 10 percent increase from the first quarter of 1996.</p>
<p>Of total liquids output, conventional production rose 23 percent to 29,417 barrels a day and synthetic production from its stake in Syncrude Canada Ltd decreased slightly to 26,583 barrels a day.</p>
<p>Prices for conventional oil averaged C$24.69 a barrel in the first quarter, up 23 percent, while synthetic crude fetched C$30.13 a barrel, up 29 percent, AEC said.</p>
<p>The company's average gas price was C$2.10 per million British thermal units, a jump from C$1.75 in the first quarter of 1996.</p>
<p>It said drilling activity included 71 exploration wells and 120 development wells with an overall sucess rate of 83 percent. Of the 191 wells, 191 were oil, 23 were gas and 23 were cased for further evaluation, the company said.</p>
<p>AEC's C$600 million 1997 drilling program, which includes 250 exploration and 200 development wells was on target, the company said.</p>
<p>((Reuters Calgary Bureau (403) 531-1624))</p>
</text>
<copyright>(c) Reuters Limited 1997</copyright>
<metadata>
<codes class="bip:countries:1.0">
  <code code="CANA">
    <editdetail attribution="Reuters BIP Coding Group" action="confirmed" date="1997-04-09"/>
  </code>
</codes>
<codes class="bip:industries:1.0">
  <code code="I13000">
    <editdetail attribution="Reuters BIP Coding Group" action="confirmed" date="1997-04-09"/>
  </code>
  <code code="I1300003">
    <editdetail attribution="Reuters BIP Coding Group" action="confirmed" date="1997-04-09"/>
  </code>
</codes>
<codes class="bip:topics:1.0">
  <code code="C15">
    <editdetail attribution="Reuters BIP Coding Group" action="confirmed" date="1997-04-09"/>
  </code>
  <code code="C152">
    <editdetail attribution="Reuters BIP Coding Group" action="confirmed" date="1997-04-09"/>
  </code>
  <code code="CCAT">
    <editdetail attribution="Reuters BIP Coding Group" action="confirmed" date="1997-04-09"/>
  </code>
</codes>
<dc element="dc.date.created" value="1997-04-09"/>
<dc element="dc.publisher" value="Reuters Holdings Plc"/>
<dc element="dc.date.published" value="1997-04-09"/>
<dc element="dc.source" value="Reuters"/>
<dc element="dc.creator.location" value="CALGARY"/>
<dc element="dc.creator.location.country.name" value="CANADA"/>
<dc element="dc.source" value="Reuters"/>
</metadata>
</newsitem>
