<?xml version="1.0" encoding="iso-8859-1" ?>
<newsitem itemid="495786" id="root" date="1997-04-09" xml:lang="en">
<title>USA: Exide Corp unit to issue D-mark junk bonds.</title>
<headline>Exide Corp unit to issue D-mark junk bonds.</headline>
<dateline>NEW YORK 1997-04-09</dateline>
<text>
<p>Exide Holdings Europe SA, a unit of Exide Corp, is planning a global offering of 150 million marks ($90 million) in high-yield bonds next week, market sources said.</p>
<p>Market players are saying the rare Deutschemark-denominated offering of unsecured debt is a sign of the increase in demand for high-yield paper from European investors.</p>
<p>Morgan Stanely &amp; Co will be the lead-manager of the 144a Eurobond offering of seven-year notes.</p>
<p>Proceeds will be used to repay bank debt and for acquisitions. Exide is a manufacturer of starting, lighting and ignition batteries.  </p>
<p>The European roadshow for the offering kicked off on Tuesday and will end on Friday. A roadshow in the U.S. will be held next Monday and Tuesday, sources said.</p>
<p>Exide's offering will follow what some market players said is the first Deutschemark-denominated junk bond deal -- a 157.5 million offering from Geberit International SA</p>
<p>The issue of 10-year global senior subordinated notes, rated B2/BB, is expected to price via Merrill Lynch &amp; Co on Thursday. Price talk is 10 1/8 percent to 10 3/8 percent, sources said.</p>
<p>Geberit, a maker of sanitary plumbing systems, is a unit of Geberit Betelingungs AG which was recently the subject of a leveraged buyout.</p>
<p>-U.S. Corporate Bond Unit, 212-859-1662</p>
</text>
<copyright>(c) Reuters Limited 1997</copyright>
<metadata>
<codes class="bip:countries:1.0">
  <code code="USA">
    <editdetail attribution="Reuters BIP Coding Group" action="confirmed" date="1997-04-09"/>
  </code>
</codes>
<codes class="bip:industries:1.0">
  <code code="I34320">
    <editdetail attribution="Reuters BIP Coding Group" action="confirmed" date="1997-04-09"/>
  </code>
</codes>
<codes class="bip:topics:1.0">
  <code code="C17">
    <editdetail attribution="Reuters BIP Coding Group" action="confirmed" date="1997-04-09"/>
  </code>
  <code code="C172">
    <editdetail attribution="Reuters BIP Coding Group" action="confirmed" date="1997-04-09"/>
  </code>
  <code code="CCAT">
    <editdetail attribution="Reuters BIP Coding Group" action="confirmed" date="1997-04-09"/>
  </code>
</codes>
<dc element="dc.date.created" value="1997-04-09"/>
<dc element="dc.publisher" value="Reuters Holdings Plc"/>
<dc element="dc.date.published" value="1997-04-09"/>
<dc element="dc.source" value="Reuters"/>
<dc element="dc.creator.location" value="NEW YORK"/>
<dc element="dc.creator.location.country.name" value="USA"/>
<dc element="dc.source" value="Reuters"/>
</metadata>
</newsitem>
