<?xml version="1.0" encoding="iso-8859-1" ?>
<newsitem itemid="495754" id="root" date="1997-04-09" xml:lang="en">
<title>USA: Braun's March same-store sales up.</title>
<headline>Braun's March same-store sales up.</headline>
<dateline>MINNEAPOLIS 1997-04-09</dateline>
<text>
<p>Braun's Fashions Corp said Wednesday same-store sales for the four weeks ended March 29 rose 35 percent.</p>
<p>It said total sales in March were $7.0 million, up 16 percent from last year. It said this is despite the company having closed 51 unprofitable stores last year related to its successful Chapter 11 reorganization action.</p>
<p>The company attributed its strong performance to ongoing customer acceptance of its updated merchandise offerings. Braun's said the early Easter this year had a positive impact on sales as well.</p>
<p>		((Reuters Chicago Newsdesk (312) 408-8787))</p>
</text>
<copyright>(c) Reuters Limited 1997</copyright>
<metadata>
<codes class="bip:countries:1.0">
  <code code="USA">
    <editdetail attribution="Reuters BIP Coding Group" action="confirmed" date="1997-04-09"/>
  </code>
</codes>
<codes class="bip:industries:1.0">
  <code code="I64500">
    <editdetail attribution="Reuters BIP Coding Group" action="confirmed" date="1997-04-09"/>
  </code>
</codes>
<codes class="bip:topics:1.0">
  <code code="C31">
    <editdetail attribution="Reuters BIP Coding Group" action="confirmed" date="1997-04-09"/>
  </code>
  <code code="CCAT">
    <editdetail attribution="Reuters BIP Coding Group" action="confirmed" date="1997-04-09"/>
  </code>
</codes>
<dc element="dc.date.created" value="1997-04-09"/>
<dc element="dc.publisher" value="Reuters Holdings Plc"/>
<dc element="dc.date.published" value="1997-04-09"/>
<dc element="dc.source" value="Reuters"/>
<dc element="dc.creator.location" value="MINNEAPOLIS"/>
<dc element="dc.creator.location.country.name" value="USA"/>
<dc element="dc.source" value="Reuters"/>
</metadata>
</newsitem>
