<?xml version="1.0" encoding="iso-8859-1" ?>
<newsitem itemid="495797" id="root" date="1997-04-09" xml:lang="en">
<title>USA: Borg-Warner Automotive seeks buyer for unit.</title>
<headline>Borg-Warner Automotive seeks buyer for unit.</headline>
<dateline>CHICAGO 1997-04-09</dateline>
<text>
<p>Borg-Warner Automotive Inc said Wednesday it planned to seek a buyer for its forged powdered metal engine connecting rod business unit, citing a lack of strategic fit with its core businesses.</p>
<p>Borg-Warner said it has retained Lehman Brothers to solicit proposals from qualified purchasers. The company said it will only sell the business if an acceptable buyer is found.  </p>
<p>The connecting rod product line was acquired as part of the company's 1995 purchase of the Precision Forged Products Division from Federal-Mogul Corp.</p>
<p>The connecting rod product line represented less than 15 percent of the division's total revenue at the time but is expected to grow to almost $35 million in 1997, Borg-Warner said.</p>
<p>&quot;While the connecting rod business is experiencing rapid growth and is a solid, process-oriented business, it does not offer a strategic fit with our core businesses,&quot; John Fiedler, Borg-Warner Automotive chairman and chief executive, said in a statement.</p>
<p>Borg-Warner said the company knew the line was not a good fit but continued to invest in it to assure continued service and to take full advantage of the growth opportunities.</p>
<p>&quot;Our resources are better spent, however, on the core technologies that will drive our growth and profitability in highly-engineered products and systems,&quot; Fiedler said.</p>
<p>The connecting rod business is located in Romulus, Michigan, and employs 330 people.</p>
<p>Borg-Warner supplies engineered components and systems, primarily for automotive drivetrain applications.</p>
<p>((--Chicago newsdesk, 312-408-8787))</p>
</text>
<copyright>(c) Reuters Limited 1997</copyright>
<metadata>
<codes class="bip:countries:1.0">
  <code code="USA">
    <editdetail attribution="Reuters BIP Coding Group" action="confirmed" date="1997-04-09"/>
  </code>
</codes>
<codes class="bip:industries:1.0">
  <code code="I32600">
    <editdetail attribution="Reuters BIP Coding Group" action="confirmed" date="1997-04-09"/>
  </code>
  <code code="I35300">
    <editdetail attribution="Reuters BIP Coding Group" action="confirmed" date="1997-04-09"/>
  </code>
</codes>
<codes class="bip:topics:1.0">
  <code code="C18">
    <editdetail attribution="Reuters BIP Coding Group" action="confirmed" date="1997-04-09"/>
  </code>
  <code code="C181">
    <editdetail attribution="Reuters BIP Coding Group" action="confirmed" date="1997-04-09"/>
  </code>
  <code code="CCAT">
    <editdetail attribution="Reuters BIP Coding Group" action="confirmed" date="1997-04-09"/>
  </code>
</codes>
<dc element="dc.date.created" value="1997-04-09"/>
<dc element="dc.publisher" value="Reuters Holdings Plc"/>
<dc element="dc.date.published" value="1997-04-09"/>
<dc element="dc.source" value="Reuters"/>
<dc element="dc.creator.location" value="CHICAGO"/>
<dc element="dc.creator.location.country.name" value="USA"/>
<dc element="dc.source" value="Reuters"/>
</metadata>
</newsitem>
