<?xml version="1.0" encoding="iso-8859-1" ?>
<newsitem itemid="495714" id="root" date="1997-04-09" xml:lang="en">
<title>USA: RESEARCH ALERT - Radiant Systems raised.</title>
<headline>RESEARCH ALERT - Radiant Systems raised.</headline>
<text>
<p>-- Deutsche Morgan Grenfell said it upgraded Radiant Systems Inc to buy from accumulate.</p>
<p>-- Cited solid fundamentals and the company's current valuation.</p>
<p>-- Maintained 12-month price target of $25 a share.</p>
<p>-- Radiant Systems launched its initial public offering Feb 13.</p>
<p>-- Shares gained 1 to 8-3/8.</p>
</text>
<copyright>(c) Reuters Limited 1997</copyright>
<metadata>
<codes class="bip:countries:1.0">
  <code code="USA">
    <editdetail attribution="Reuters BIP Coding Group" action="confirmed" date="1997-04-09"/>
  </code>
</codes>
<codes class="bip:industries:1.0">
  <code code="I83940">
    <editdetail attribution="Reuters BIP Coding Group" action="confirmed" date="1997-04-09"/>
  </code>
</codes>
<codes class="bip:topics:1.0">
  <code code="C15">
    <editdetail attribution="Reuters BIP Coding Group" action="confirmed" date="1997-04-09"/>
  </code>
  <code code="C152">
    <editdetail attribution="Reuters BIP Coding Group" action="confirmed" date="1997-04-09"/>
  </code>
  <code code="CCAT">
    <editdetail attribution="Reuters BIP Coding Group" action="confirmed" date="1997-04-09"/>
  </code>
</codes>
<dc element="dc.publisher" value="Reuters Holdings Plc"/>
<dc element="dc.date.published" value="1997-04-09"/>
<dc element="dc.source" value="Reuters"/>
<dc element="dc.creator.location.country.name" value="USA"/>
<dc element="dc.source" value="Reuters"/>
</metadata>
</newsitem>
