<?xml version="1.0" encoding="iso-8859-1" ?>
<newsitem itemid="495744" id="root" date="1997-04-09" xml:lang="en">
<title>USA: US FTC seeks to halt Staples/Office Depot merger.</title>
<headline>US FTC seeks to halt Staples/Office Depot merger.</headline>
<dateline>WASHINGTON 1997-04-09</dateline>
<text>
<p>The U.S. Federal Trade Commission made a court filing on Wednesday to halt the merger of Staples Inc and Office Depot Inc, implementing a decision agreed by the commissioners last week.</p>
<p>The FTC asked the federal district court in Washington for a temporary restraining order and a preliminary injunction to stop the merger from going ahead while the FTC's administrative proceedings against the merger were under way.  </p>
<p>Officials at Staples indicated earlier this year that, if the government wins an injunction, the two companies may give up their efforts to merge. Pursuing legal battles has proved costly, and few companies have chosen to fight beyond that point.</p>
<p>If the injunction is denied, Staples and Office Depot would have the right to merge immediately. But it is possible the government could win later on an appeal, which could go as far as the Supreme Court, forcing the merger to stop.</p>
<p>Staples and Office Depot each have about 500 stores. A merged firm would be the largest player in the field, leaving OfficeMax Inc as the next biggest competitor with between 700 and 800 office-supply superstores.</p>
<p>In seeking the restraining order and injunction, the FTC told the court that it would likely succeed in showing that a merger would violate the Clayton antitrust act.</p>
</text>
<copyright>(c) Reuters Limited 1997</copyright>
<metadata>
<codes class="bip:countries:1.0">
  <code code="USA">
    <editdetail attribution="Reuters BIP Coding Group" action="confirmed" date="1997-04-09"/>
  </code>
</codes>
<codes class="bip:industries:1.0">
  <code code="I61000">
    <editdetail attribution="Reuters BIP Coding Group" action="confirmed" date="1997-04-09"/>
  </code>
  <code code="I65400">
    <editdetail attribution="Reuters BIP Coding Group" action="confirmed" date="1997-04-09"/>
  </code>
</codes>
<codes class="bip:topics:1.0">
  <code code="C18">
    <editdetail attribution="Reuters BIP Coding Group" action="confirmed" date="1997-04-09"/>
  </code>
  <code code="C181">
    <editdetail attribution="Reuters BIP Coding Group" action="confirmed" date="1997-04-09"/>
  </code>
  <code code="C34">
    <editdetail attribution="Reuters BIP Coding Group" action="confirmed" date="1997-04-09"/>
  </code>
  <code code="CCAT">
    <editdetail attribution="Reuters BIP Coding Group" action="confirmed" date="1997-04-09"/>
  </code>
</codes>
<dc element="dc.date.created" value="1997-04-09"/>
<dc element="dc.publisher" value="Reuters Holdings Plc"/>
<dc element="dc.date.published" value="1997-04-09"/>
<dc element="dc.source" value="Reuters"/>
<dc element="dc.creator.location" value="WASHINGTON"/>
<dc element="dc.creator.location.country.name" value="USA"/>
<dc element="dc.source" value="Reuters"/>
</metadata>
</newsitem>
