<?xml version="1.0" encoding="iso-8859-1" ?>
<newsitem itemid="495700" id="root" date="1997-04-09" xml:lang="en">
<title>CANADA: Canada's Reform abandons official opposition bid.</title>
<headline>Canada's Reform abandons official opposition bid.</headline>
<dateline>OTTAWA 1997-04-09</dateline>
<text>
<p>Canada's Reform Party abandoned on Wednesday its latest bid to oust the separatist Bloc Quebecois as official opposition in the House of Commons, after failing to win the support of independent members.</p>
<p>Reform is tied with the Bloc at 50 members of Parliament each and argues it is more suited as a government-in-waiting than a party dedicated to breaking up Canada.</p>
<p>Last month, Reform leader Preston Manning challenged the 16 members who do not belong to the ruling Liberals, the Bloc or Reform to support Reform's bid to replace the Bloc.</p>
<p>But he said today that none agreed.</p>
<p>&quot;Each of them chose to put their partisan reasons ahead of federalism versus separatism and this is something we'd like to hold them accountable for in their ridings,&quot; Manning told reporters.</p>
<p>&quot;Canadians will ultimately decide this issue at the polls.&quot;</p>
<p>A federal election is widely expected in June or October.</p>
<p>((Paula Jardine, Reuters Ottawa Bureau 613-235-6745))</p>
</text>
<copyright>(c) Reuters Limited 1997</copyright>
<metadata>
<codes class="bip:countries:1.0">
  <code code="CANA">
    <editdetail attribution="Reuters BIP Coding Group" action="confirmed" date="1997-04-09"/>
  </code>
</codes>
<codes class="bip:topics:1.0">
  <code code="GCAT">
    <editdetail attribution="Reuters BIP Coding Group" action="confirmed" date="1997-04-09"/>
  </code>
  <code code="GPOL">
    <editdetail attribution="Reuters BIP Coding Group" action="confirmed" date="1997-04-09"/>
  </code>
</codes>
<dc element="dc.date.created" value="1997-04-09"/>
<dc element="dc.publisher" value="Reuters Holdings Plc"/>
<dc element="dc.date.published" value="1997-04-09"/>
<dc element="dc.source" value="Reuters"/>
<dc element="dc.creator.location" value="OTTAWA"/>
<dc element="dc.creator.location.country.name" value="CANADA"/>
<dc element="dc.source" value="Reuters"/>
</metadata>
</newsitem>
