<?xml version="1.0" encoding="iso-8859-1" ?>
<newsitem itemid="495787" id="root" date="1997-04-09" xml:lang="en">
<title>USA: Nasdaq delists Cincinnati Microwave.</title>
<headline>Nasdaq delists Cincinnati Microwave.</headline>
<dateline>CINCINNATI 1997-04-09</dateline>
<text>
<p>Cincinnati Microwave Inc said Nasdaq has delisted its securities effective today as a result of its ongoing bankruptcy proceeding and its failure to meet the net tangible assets and minimum bid price requirements set forth in the NASD's marketplace rules.</p>
<p>The company is continuing its efforts to find purchasers for its phone and modem businesses, and to determine whether a plan of reorganization is possible.  </p>
<p>Cincinnati Microwave said that to date, it appears that even if it emerges from bankruptcy proceedings, there is little likelihood that any plan of reorganization would provide any value, or more than only minimum value, to its existing shareholders.</p>
</text>
<copyright>(c) Reuters Limited 1997</copyright>
<metadata>
<codes class="bip:countries:1.0">
  <code code="USA">
    <editdetail attribution="Reuters BIP Coding Group" action="confirmed" date="1997-04-09"/>
  </code>
</codes>
<codes class="bip:industries:1.0">
  <code code="I34400">
    <editdetail attribution="Reuters BIP Coding Group" action="confirmed" date="1997-04-09"/>
  </code>
</codes>
<codes class="bip:topics:1.0">
  <code code="C14">
    <editdetail attribution="Reuters BIP Coding Group" action="confirmed" date="1997-04-09"/>
  </code>
  <code code="C16">
    <editdetail attribution="Reuters BIP Coding Group" action="confirmed" date="1997-04-09"/>
  </code>
  <code code="CCAT">
    <editdetail attribution="Reuters BIP Coding Group" action="confirmed" date="1997-04-09"/>
  </code>
</codes>
<dc element="dc.date.created" value="1997-04-09"/>
<dc element="dc.publisher" value="Reuters Holdings Plc"/>
<dc element="dc.date.published" value="1997-04-09"/>
<dc element="dc.source" value="Reuters"/>
<dc element="dc.creator.location" value="CINCINNATI"/>
<dc element="dc.creator.location.country.name" value="USA"/>
<dc element="dc.source" value="Reuters"/>
</metadata>
</newsitem>
