<?xml version="1.0" encoding="iso-8859-1" ?>
<newsitem itemid="495782" id="root" date="1997-04-09" xml:lang="en">
<title>USA: AFTER THE BELL - PairGain trading lower.</title>
<headline>AFTER THE BELL - PairGain trading lower.</headline>
<dateline>NEW YORK 1997-04-09</dateline>
<text>
<p>PairGain Technologies Inc fell almost three points in after-hours trading on Wednesday, dealers said after the company released first-quarter results that were slightly short of analysts' expectations.</p>
<p>PairGain was trading at 27 after closing at 29-7/8. After regular trading ended, the company reported first quarter net income of $0.15 per share, up from $0.09 from the same quarter the year before, but below the consensus analysts estimate of $0.17.</p>
<p>During regular trading, PairGain was up 1/8 for the day.  </p>
<p>Altera Corp was also trading lower after releasing financial results late Wednesday, dealers said.</p>
<p>Altera was trading at 48-1/2 after the bell, after closing down 7/8 to 49-1/4during regular trading.</p>
<p>Altera reported first quarter fully diluted net income per share of $0.35, compared to $0.33 for the same quarter the year before.</p>
<p>Yahoo! Inc was trading up 9/16 to 35 in late trading after reporting first quarter net income of $0.01 per share, which is above analysts' estimates. Yahoo! had closed at 34-7/16, up 1-3/16 during regular trading hours.  </p>
<p>The New York Stock Exchange said session one volume was 13,600, compared with 176,600 on Tuesday. Session two volume was 17,510,978, while on Tuesday it was 1,694,400.</p>
</text>
<copyright>(c) Reuters Limited 1997</copyright>
<metadata>
<codes class="bip:countries:1.0">
  <code code="USA">
    <editdetail attribution="Reuters BIP Coding Group" action="confirmed" date="1997-04-09"/>
  </code>
</codes>
<codes class="bip:industries:1.0">
  <code code="I79020">
    <editdetail attribution="Reuters BIP Coding Group" action="confirmed" date="1997-04-09"/>
  </code>
</codes>
<codes class="bip:topics:1.0">
  <code code="C15">
    <editdetail attribution="Reuters BIP Coding Group" action="confirmed" date="1997-04-09"/>
  </code>
  <code code="C152">
    <editdetail attribution="Reuters BIP Coding Group" action="confirmed" date="1997-04-09"/>
  </code>
  <code code="CCAT">
    <editdetail attribution="Reuters BIP Coding Group" action="confirmed" date="1997-04-09"/>
  </code>
</codes>
<dc element="dc.date.created" value="1997-04-09"/>
<dc element="dc.publisher" value="Reuters Holdings Plc"/>
<dc element="dc.date.published" value="1997-04-09"/>
<dc element="dc.source" value="Reuters"/>
<dc element="dc.creator.location" value="NEW YORK"/>
<dc element="dc.creator.location.country.name" value="USA"/>
<dc element="dc.source" value="Reuters"/>
</metadata>
</newsitem>
