<?xml version="1.0" encoding="iso-8859-1" ?>
<newsitem itemid="495706" id="root" date="1997-04-09" xml:lang="en">
<title>USA: KCBT Value Line Stock Index volume/open interest.</title>
<headline>KCBT Value Line Stock Index volume/open interest.</headline>
<text>
<p>for April 8 in contracts</p>
<p>		  Volume   Open   Change</p>
<p> June '97	 46     195    -	2</p>
<p> Sep '97	   0	 3    +	0</p>
<p> Dec '97	   0	 0    +	0</p>
<p> TOTAL	    46     198    -	2</p>
<p>KCBT Mini Value Line</p>
<p>		 Volume   Open   Change</p>
<p> June '97	641    1189     -	46</p>
<p> Sep '97	   3	17     +	 1</p>
<p> Dec '97	   0	 0     +	 0</p>
<p> TOTAL	   644    1206     -	45</p>
</text>
<copyright>(c) Reuters Limited 1997</copyright>
<metadata>
<codes class="bip:countries:1.0">
  <code code="USA">
    <editdetail attribution="Reuters BIP Coding Group" action="confirmed" date="1997-04-09"/>
  </code>
</codes>
<codes class="bip:topics:1.0">
  <code code="M14">
    <editdetail attribution="Reuters BIP Coding Group" action="confirmed" date="1997-04-09"/>
  </code>
  <code code="M141">
    <editdetail attribution="Reuters BIP Coding Group" action="confirmed" date="1997-04-09"/>
  </code>
  <code code="MCAT">
    <editdetail attribution="Reuters BIP Coding Group" action="confirmed" date="1997-04-09"/>
  </code>
</codes>
<dc element="dc.publisher" value="Reuters Holdings Plc"/>
<dc element="dc.date.published" value="1997-04-09"/>
<dc element="dc.source" value="Reuters"/>
<dc element="dc.creator.location.country.name" value="USA"/>
<dc element="dc.source" value="Reuters"/>
</metadata>
</newsitem>
