<?xml version="1.0" encoding="iso-8859-1" ?>
<newsitem itemid="495704" id="root" date="1997-04-09" xml:lang="en">
<title>CANADA: IPL says pipes almost back to full tilt.</title>
<headline>IPL says pipes almost back to full tilt.</headline>
<dateline>CALGARY 1997-04-09</dateline>
<text>
<p>IPL Energy Inc unit Interprovincial Pipe Line said Wednesday all its oil pipelines stretching to Ontario and the U.S. Midwest from western Canada had resumed pumping and full power was expected to be restored to Minnesota pumping units later today.</p>
<p>IPL spokesman Alan Roth said the system was moving about 1.15 million barrels per day, up from 860,000 late Tuesday, as utilities in Minnesota provided more power to pumping stations that were knocked off line in last weekend's brutal storm.</p>
<p>The company's target throughput for April was about 1.4 million barrels per day.  </p>
<p>&quot;Partial power in some cases, and full in other cases, has been restored to all but one of the pump stations that were down,&quot; Roth said. &quot;And utilities in the region have indicated that full electrical service would be likely returned to all the stations today.&quot;</p>
<p>Volumes on the pipeline system, the world's longest for crude oil and petroleum products, were brought to a standstill last weekend when a power outage knocked out the pumping stations.</p>
<p>The company has been scrambling since Sunday to fix the situation which was made worse by the difficulty utilities have had in restoring power to their market regions following the snow-, ice- and windstorm.</p>
<p>The shutdown initially forced to a halt one million barrels of crude oil, which is equal to about half of Canada's total daily production.</p>
<p>&quot;We're continuously working with shippers and we're still hoping to mitigate much of the impact on the industry customers by the end of the month,&quot; Roth said.</p>
<p>((Reuters Calgary Bureau (403) 531-1624))</p>
</text>
<copyright>(c) Reuters Limited 1997</copyright>
<metadata>
<codes class="bip:countries:1.0">
  <code code="CANA">
    <editdetail attribution="Reuters BIP Coding Group" action="confirmed" date="1997-04-09"/>
  </code>
  <code code="USA">
    <editdetail attribution="Reuters BIP Coding Group" action="confirmed" date="1997-04-09"/>
  </code>
</codes>
<codes class="bip:industries:1.0">
  <code code="I13000">
    <editdetail attribution="Reuters BIP Coding Group" action="confirmed" date="1997-04-09"/>
  </code>
</codes>
<codes class="bip:topics:1.0">
  <code code="C24">
    <editdetail attribution="Reuters BIP Coding Group" action="confirmed" date="1997-04-09"/>
  </code>
  <code code="CCAT">
    <editdetail attribution="Reuters BIP Coding Group" action="confirmed" date="1997-04-09"/>
  </code>
</codes>
<dc element="dc.date.created" value="1997-04-09"/>
<dc element="dc.publisher" value="Reuters Holdings Plc"/>
<dc element="dc.date.published" value="1997-04-09"/>
<dc element="dc.source" value="Reuters"/>
<dc element="dc.creator.location" value="CALGARY"/>
<dc element="dc.creator.location.country.name" value="CANADA"/>
<dc element="dc.source" value="Reuters"/>
</metadata>
</newsitem>
