<?xml version="1.0" encoding="iso-8859-1" ?>
<newsitem itemid="495772" id="root" date="1997-04-09" xml:lang="en">
<title>USA: Pinnacle Financial Q1 full results.</title>
<headline>Pinnacle Financial Q1 full results.</headline>
<dateline>ST. JOSEPH, Mich. 1997-04-09</dateline>
<text>
<p>(In thousands except per share data and ratios. 1997 data unaudited)</p>
<p>						  1997		   1996</p>
<p> Net income				  $  2,970	  $  2,444</p>
<p> Net income per share			   .50		 .42</p>
<p>	  ((Reuters Chicago Newsdesk (312) 408-8787))</p>
<p>NOTE: Full name is Pinnacle Financial Services Inc.</p>
<p>		((Reuters Chicago Newsdesk (312) 408-8787))</p>
</text>
<copyright>(c) Reuters Limited 1997</copyright>
<metadata>
<codes class="bip:countries:1.0">
  <code code="USA">
    <editdetail attribution="Reuters BIP Coding Group" action="confirmed" date="1997-04-09"/>
  </code>
</codes>
<codes class="bip:industries:1.0">
  <code code="I81402">
    <editdetail attribution="Reuters BIP Coding Group" action="confirmed" date="1997-04-09"/>
  </code>
</codes>
<codes class="bip:topics:1.0">
  <code code="C15">
    <editdetail attribution="Reuters BIP Coding Group" action="confirmed" date="1997-04-09"/>
  </code>
  <code code="C151">
    <editdetail attribution="Reuters BIP Coding Group" action="confirmed" date="1997-04-09"/>
  </code>
  <code code="CCAT">
    <editdetail attribution="Reuters BIP Coding Group" action="confirmed" date="1997-04-09"/>
  </code>
</codes>
<dc element="dc.date.created" value="1997-04-09"/>
<dc element="dc.publisher" value="Reuters Holdings Plc"/>
<dc element="dc.date.published" value="1997-04-09"/>
<dc element="dc.source" value="Reuters"/>
<dc element="dc.creator.location" value="ST. JOSEPH, Mich."/>
<dc element="dc.creator.location.country.name" value="USA"/>
<dc element="dc.source" value="Reuters"/>
</metadata>
</newsitem>
