<?xml version="1.0" encoding="iso-8859-1" ?>
<newsitem itemid="495877" id="root" date="1997-04-09" xml:lang="en">
<title>USA: Citicorp CEO sees Q1 EPS meeting forecasts.</title>
<headline>Citicorp CEO sees Q1 EPS meeting forecasts.</headline>
<dateline>MIAMI 1997-04-09</dateline>
<text>
<p>Citicorp chief executive John Reed told shareholders on Wednesday that first-quarter profits would meet Wall Street forecasts, saying &quot;nothing special&quot; was likely to appear in the report due next Tuesday.</p>
<p>Reed gave no figures at Citicorp's annual meeting, but analysts polled by I/B/E/S are forecasting the global banking group will report share profits between $1.75 and $2.07. I/B/E/S has a mean estimate of $1.99, while the First Call mean estimate is $2.00, versus $1.75 in last year's first quarter.  </p>
<p>&quot;The quarter should be pretty much in line with expectations,&quot; Reed said.  &quot;There is nothing special in it I can share with you.&quot;</p>
<p>Reed did not discuss sector performance in the three months ended March 31, but banking analysts worry that U.S. credit-card losses at Citicorp could have enlarged from late 1996.</p>
<p>In last year's fourth quarter, Citicorp reported that &quot;credit costs&quot; were 5.45 percent of average managed loans, up from 5.11 percent in the previous quarter.  The rate was only 3.89 percent in the fourth quarter of 1995.</p>
<p>Reed, who is also chairman, said 1997 and 1998 would be more difficult years for Citicorp than 1996, &quot;only because last year was so benign.&quot;</p>
<p>((-- Michael Connor - 305-374-5013))</p>
</text>
<copyright>(c) Reuters Limited 1997</copyright>
<metadata>
<codes class="bip:countries:1.0">
  <code code="USA">
    <editdetail attribution="Reuters BIP Coding Group" action="confirmed" date="1997-04-09"/>
  </code>
</codes>
<codes class="bip:industries:1.0">
  <code code="I81402">
    <editdetail attribution="Reuters BIP Coding Group" action="confirmed" date="1997-04-09"/>
  </code>
</codes>
<codes class="bip:topics:1.0">
  <code code="C15">
    <editdetail attribution="Reuters BIP Coding Group" action="confirmed" date="1997-04-09"/>
  </code>
  <code code="C152">
    <editdetail attribution="Reuters BIP Coding Group" action="confirmed" date="1997-04-09"/>
  </code>
  <code code="CCAT">
    <editdetail attribution="Reuters BIP Coding Group" action="confirmed" date="1997-04-09"/>
  </code>
</codes>
<dc element="dc.date.created" value="1997-04-09"/>
<dc element="dc.publisher" value="Reuters Holdings Plc"/>
<dc element="dc.date.published" value="1997-04-09"/>
<dc element="dc.source" value="Reuters"/>
<dc element="dc.creator.location" value="MIAMI"/>
<dc element="dc.creator.location.country.name" value="USA"/>
<dc element="dc.source" value="Reuters"/>
</metadata>
</newsitem>
