<?xml version="1.0" encoding="iso-8859-1" ?>
<newsitem itemid="495871" id="root" date="1997-04-09" xml:lang="en">
<title>USA: Alliance Imaging wins two contracts.</title>
<headline>Alliance Imaging wins two contracts.</headline>
<dateline>ORANGE, Calif. 1997-04-09</dateline>
<text>
<p>Alliance Imaging Inc, a supplier of radiology and diagnostic imaging systems, on Wednesday said it signed two hospitals to seven-year contracts for full-time magnetic resonance imaging systems and services.</p>
<p>Financial details were undisclosed.</p>
<p>The two hospitals are Washington Hospital in Fremont, Calif., amd CGH Medical Center in Sterling, Ill.</p>
<p>Alliance will install a 1.5 Tesla MRI system at Washington Hospital in 1997's second quarter with revenues expected by the third quarter. CGH Medical Center plans to receive a 1.5 Tesla MRI system in the fourth quarter.</p>
</text>
<copyright>(c) Reuters Limited 1997</copyright>
<metadata>
<codes class="bip:countries:1.0">
  <code code="USA">
    <editdetail attribution="Reuters BIP Coding Group" action="confirmed" date="1997-04-09"/>
  </code>
</codes>
<codes class="bip:industries:1.0">
  <code code="I95100">
    <editdetail attribution="Reuters BIP Coding Group" action="confirmed" date="1997-04-09"/>
  </code>
</codes>
<codes class="bip:topics:1.0">
  <code code="C33">
    <editdetail attribution="Reuters BIP Coding Group" action="confirmed" date="1997-04-09"/>
  </code>
  <code code="CCAT">
    <editdetail attribution="Reuters BIP Coding Group" action="confirmed" date="1997-04-09"/>
  </code>
</codes>
<dc element="dc.date.created" value="1997-04-09"/>
<dc element="dc.publisher" value="Reuters Holdings Plc"/>
<dc element="dc.date.published" value="1997-04-09"/>
<dc element="dc.source" value="Reuters"/>
<dc element="dc.creator.location" value="ORANGE, Calif."/>
<dc element="dc.creator.location.country.name" value="USA"/>
<dc element="dc.source" value="Reuters"/>
</metadata>
</newsitem>
