<?xml version="1.0" encoding="iso-8859-1" ?>
<newsitem itemid="495813" id="root" date="1997-04-09" xml:lang="en">
<title>USA: Omnicom Group to buy Fleishman-Hillard.</title>
<headline>Omnicom Group to buy Fleishman-Hillard.</headline>
<dateline>ST. LOUIS 1997-04-09</dateline>
<text>
<p>Omnicom Group Inc on Wednesday said it signed a letter of intent to acquire Fleishman-Hillard Inc, an employee-owned public relations company formed in 1946, for cash and stock.</p>
<p>New York-based Omnicom said the transaction would create the largest global public relations group, which would include Fleishman-Hillard and its Porter Novelli International unit. Combined sales would reach about $300 million in 1997, Omnicom said.  </p>
<p>John Graham, chairman and chief executive officer of Fleishman-Hillard, also will serve as chairman and CEO of the new group, reporting to John Wren, president and chief executive officer of Omnicom.</p>
<p>Robert Druckenmiller, president and CEO of Porter Novelli, will become president of the newly formed group.</p>
<p>Financial terms were not disclosed. Earlier, sources familiar with the pending transaction valued the deal between $85 million and $100 million.</p>
<p>Ketchum Public Relations Worldwide, which was purchased by Omnicom in 1996, will operate as a separate agency outside the group.</p>
<p>Omnicom Group is a large communications and advertising company, which includes the ad agencies BBDO Worldwide; DDB Needham Worldwide and TBWA Chiat/Day.</p>
<p>((Reuters Chicago Newsdesk (312) 408-8787))</p>
</text>
<copyright>(c) Reuters Limited 1997</copyright>
<metadata>
<codes class="bip:countries:1.0">
  <code code="USA">
    <editdetail attribution="Reuters BIP Coding Group" action="confirmed" date="1997-04-09"/>
  </code>
</codes>
<codes class="bip:industries:1.0">
  <code code="I83800">
    <editdetail attribution="Reuters BIP Coding Group" action="confirmed" date="1997-04-09"/>
  </code>
  <code code="I83952">
    <editdetail attribution="Reuters BIP Coding Group" action="confirmed" date="1997-04-09"/>
  </code>
</codes>
<codes class="bip:topics:1.0">
  <code code="C18">
    <editdetail attribution="Reuters BIP Coding Group" action="confirmed" date="1997-04-09"/>
  </code>
  <code code="C181">
    <editdetail attribution="Reuters BIP Coding Group" action="confirmed" date="1997-04-09"/>
  </code>
  <code code="CCAT">
    <editdetail attribution="Reuters BIP Coding Group" action="confirmed" date="1997-04-09"/>
  </code>
</codes>
<dc element="dc.date.created" value="1997-04-09"/>
<dc element="dc.publisher" value="Reuters Holdings Plc"/>
<dc element="dc.date.published" value="1997-04-09"/>
<dc element="dc.source" value="Reuters"/>
<dc element="dc.creator.location" value="ST. LOUIS"/>
<dc element="dc.creator.location.country.name" value="USA"/>
<dc element="dc.source" value="Reuters"/>
</metadata>
</newsitem>
