<?xml version="1.0" encoding="iso-8859-1" ?>
<newsitem itemid="495879" id="root" date="1997-04-09" xml:lang="en">
<title>USA: Union Pacific sees growth for US operations.</title>
<headline>Union Pacific sees growth for US operations.</headline>
<byline>David Chance</byline>
<dateline>NEW ORLEANS 1997-04-09</dateline>
<text>
<p>Union Pacific Resources will continue to grow its domestic operations and is looking at opportunities in broking electricity and wholesaling natural gas, chief operating officer George Lindahl said.</p>
<p>&quot;We have no plans to do high risk exploration and production outside the U.S., we see years and years of opportunities domestically, so it makes sense to stay here,&quot; Lindahl said in an interview on Wednesday.</p>
<p>The company said it intends to move further down the supply chain to its customers and diversifying its business.  </p>
<p>&quot;We are looking very seriously at extending into broking electricity and wholesaling natural gas right to the city gate so as to extend the profit chain,&quot; Lindahl said.</p>
<p>Union Pacific produces 1.8 billion cubic feet of natural gas annually and has the largest domestic capital spending plans for 1997 of any indenpendent energy company and will spend over $1.0 billion this year, mostly in the Austin Chalk area in Texas and in the Rockies.  </p>
<p>Lindahl said that Union Pacific had hedged 70 percent of its natural gas output at $2.00 per thousand cubic feet, 15 percent higher than in 1996 and 85 percent of its oil at a level that was 50 cents higher than 1996.</p>
<p>New pipeline capacity for Canadian natural gas coming online later this decade would have little impact on UPR's Rockies production, which could be shipped into the MidWest via the Crazy Horse pipeline.</p>
<p>&quot;Also, we own the leases, whereas most other producers are repaying 20 percent royalties, so we can compete at lower prices,&quot; Lindahl noted.</p>
</text>
<copyright>(c) Reuters Limited 1997</copyright>
<metadata>
<codes class="bip:countries:1.0">
  <code code="USA">
    <editdetail attribution="Reuters BIP Coding Group" action="confirmed" date="1997-04-09"/>
  </code>
</codes>
<codes class="bip:industries:1.0">
  <code code="I13000">
    <editdetail attribution="Reuters BIP Coding Group" action="confirmed" date="1997-04-09"/>
  </code>
</codes>
<codes class="bip:topics:1.0">
  <code code="C15">
    <editdetail attribution="Reuters BIP Coding Group" action="confirmed" date="1997-04-09"/>
  </code>
  <code code="C152">
    <editdetail attribution="Reuters BIP Coding Group" action="confirmed" date="1997-04-09"/>
  </code>
  <code code="CCAT">
    <editdetail attribution="Reuters BIP Coding Group" action="confirmed" date="1997-04-09"/>
  </code>
</codes>
<dc element="dc.date.created" value="1997-04-09"/>
<dc element="dc.publisher" value="Reuters Holdings Plc"/>
<dc element="dc.date.published" value="1997-04-09"/>
<dc element="dc.source" value="Reuters"/>
<dc element="dc.creator.location" value="NEW ORLEANS"/>
<dc element="dc.creator.location.country.name" value="USA"/>
<dc element="dc.source" value="Reuters"/>
</metadata>
</newsitem>
