<?xml version="1.0" encoding="iso-8859-1" ?>
<newsitem itemid="495884" id="root" date="1997-04-09" xml:lang="en">
<title>USA: Research Frontiers signs deal with Hankuk.</title>
<headline>Research Frontiers signs deal with Hankuk.</headline>
<dateline>WOODBURY, N.Y. 1997-04-09</dateline>
<text>
<p>Research Frontiers Inc said it had signed a license agreement with Hankuk Glass Industries Inc of South Korea to sell products using its technology.</p>
<p>Research said the license allows Hankuk to sell a variety of products using its proprietary suspended particle device technology for the control of light. The technology permits light transmission to be electrically controlled instantly.</p>
<p>Hankuk is a flat glass company with various joint ventures around the world, it added.  </p>
<p>Hankuk will make products like sunroofs, skylights and windows for markets at home and abroad, Research said.</p>
<p>It said the license increases the percentage royalty on net sales of licensed products from prior levels under earlier agreements. It also requires that Hankuk achieve certain commercialization and sales milestones, it said.</p>
<p>Research said the agreement also permits Hankuk to produce and sell SPD light control film to a selected list of its other licensees and prospective licensees.</p>
<p>The Nasdaq exchange resumed trading in Research's stock at 1228 EDT (1628 GMT) after halting it for news pending. The stock was at 6-3/8 in mid-afternoon against Tuesday's close of 5-3/4.</p>
<p>In 1990, Hankuk entered into a license with Research Frontiers covering SPD smart windows, which essentially limited Hankuk to manufacturing SPD smart windows in South Korea and selling them for architectural applications only, it said.</p>
</text>
<copyright>(c) Reuters Limited 1997</copyright>
<metadata>
<codes class="bip:countries:1.0">
  <code code="SKOREA">
    <editdetail attribution="Reuters BIP Coding Group" action="confirmed" date="1997-04-09"/>
  </code>
  <code code="USA">
    <editdetail attribution="Reuters BIP Coding Group" action="confirmed" date="1997-04-09"/>
  </code>
</codes>
<codes class="bip:industries:1.0">
  <code code="I24700">
    <editdetail attribution="Reuters BIP Coding Group" action="confirmed" date="1997-04-09"/>
  </code>
  <code code="I34420">
    <editdetail attribution="Reuters BIP Coding Group" action="confirmed" date="1997-04-09"/>
  </code>
</codes>
<codes class="bip:topics:1.0">
  <code code="C33">
    <editdetail attribution="Reuters BIP Coding Group" action="confirmed" date="1997-04-09"/>
  </code>
  <code code="CCAT">
    <editdetail attribution="Reuters BIP Coding Group" action="confirmed" date="1997-04-09"/>
  </code>
</codes>
<dc element="dc.date.created" value="1997-04-09"/>
<dc element="dc.publisher" value="Reuters Holdings Plc"/>
<dc element="dc.date.published" value="1997-04-09"/>
<dc element="dc.source" value="Reuters"/>
<dc element="dc.creator.location" value="WOODBURY, N.Y."/>
<dc element="dc.creator.location.country.name" value="USA"/>
<dc element="dc.source" value="Reuters"/>
</metadata>
</newsitem>
