<?xml version="1.0" encoding="iso-8859-1" ?>
<newsitem itemid="495831" id="root" date="1997-04-09" xml:lang="en">
<title>USA: Quickturn Q1 shr loss $0.13 vs profit.</title>
<headline>Quickturn Q1 shr loss $0.13 vs profit.</headline>
<dateline>MOUNTAIN VIEW, Calif. 1997-04-09</dateline>
<text>
<p>Quickturn Design Systems, Inc.</p>
<p>	     Condensed Consolidated Statements of Operations</p>
<p>		(amounts in thousands except per share data)</p>
<p>							Three Months Ended</p>
<p>							    March 31,</p>
<p>						     1997	   1996(a)</p>
<p>					    (unaudited)     (unaudited)</p>
<p> Revenue				     $ 21,402	  $ 23,868</p>
<p> Cost of revenue				6,834	     7,144</p>
<p>   Gross profit				14,568	    16,724</p>
<p>Operating expenses:</p>
<p>   Research and development		 5,787	     4,267</p>
<p>   Sales and marketing			8,534	     7,187</p>
<p>   General and administrative	     2,508	     1,563</p>
<p>   Merger related costs		     1,200		   0</p>
<p>     Total operating expenses	    18,029	    13,017</p>
<p>     Operating income (loss)	    (3,461)	     3,707</p>
<p> Other income, net				392		 312</p>
<p>Net income (loss) before provision</p>
<p>    for income taxes			(3,069)	     4,019</p>
<p> Provision for income taxes		 (951)	     1,275</p>
<p>   Net income (loss)			(2,118)	     2,744</p>
<p> Net income (loss) per share	     (0.13)		0.16</p>
<p>Shares used in per share calculations</p>
<p>						   16,562	    17,445</p>
<p>NOTES: Latest quarter includes a one-time expense of $1.2 million or $0.05 a share from the merger with SpeedSim Inc.</p>
<p>(a) Q1 1996 restated to reflect pooling-of-interests merger with SpeedSim.</p>
</text>
<copyright>(c) Reuters Limited 1997</copyright>
<metadata>
<codes class="bip:countries:1.0">
  <code code="USA">
    <editdetail attribution="Reuters BIP Coding Group" action="confirmed" date="1997-04-09"/>
  </code>
</codes>
<codes class="bip:industries:1.0">
  <code code="I34420">
    <editdetail attribution="Reuters BIP Coding Group" action="confirmed" date="1997-04-09"/>
  </code>
</codes>
<codes class="bip:topics:1.0">
  <code code="C15">
    <editdetail attribution="Reuters BIP Coding Group" action="confirmed" date="1997-04-09"/>
  </code>
  <code code="C151">
    <editdetail attribution="Reuters BIP Coding Group" action="confirmed" date="1997-04-09"/>
  </code>
  <code code="CCAT">
    <editdetail attribution="Reuters BIP Coding Group" action="confirmed" date="1997-04-09"/>
  </code>
</codes>
<dc element="dc.date.created" value="1997-04-09"/>
<dc element="dc.publisher" value="Reuters Holdings Plc"/>
<dc element="dc.date.published" value="1997-04-09"/>
<dc element="dc.source" value="Reuters"/>
<dc element="dc.creator.location" value="MOUNTAIN VIEW, Calif."/>
<dc element="dc.creator.location.country.name" value="USA"/>
<dc element="dc.source" value="Reuters"/>
</metadata>
</newsitem>
