<?xml version="1.0" encoding="iso-8859-1" ?>
<newsitem itemid="495847" id="root" date="1997-04-09" xml:lang="en">
<title>USA: U.S. mortgage-backeds mostly flat, seek direction.</title>
<headline>U.S. mortgage-backeds mostly flat, seek direction.</headline>
<dateline>NEW YORK 1997-04-09</dateline>
<text>
<p>Most prices of U.S. mortgage-backed securities were at par to two ticks lower and spreads to Treasuries barely budged in a quiet session on Wednesday.</p>
<p>With no economic data to stir any excitement, some market participants continued to dabble in dollar rolls, traders said.</p>
<p>&quot;The only action today was in the Fannie 8.0 percent rolls,&quot; said one pass-through trader, referring to players trying to cover their short positions in April with bonds in May.  </p>
<p>In key coupons, Ginnie Mae 30-year 8.0 percent paper was off 1/32 at 100-23/32 bid, yielding 118 basis points over the five-year Treasury note.</p>
<p>Comparable Fannie Mae and Freddie Mac issues were 1/32 lower as well, at 100-23/32 bid and 100-30/32 bid, respectively.</p>
<p>The five-year Treasury note was down 2/32 at 99-13/32 bid to yield 6.77 percent, and the 10-year Treasury note was off 3/32 to yield 6.90 percent.  </p>
<p>Traders said yield spreads for the past week have been stuck in narrow range -- about 37.5 basis points.</p>
<p>&quot;Until we get some more economic news, we will be in that range,&quot; said on Ginnie trader in New York.</p>
<p>He said spreads may break out of that range if retail sales and producer prices in March, slated for release on Friday, defy market expectations.</p>
<p>Economists in a Reuters poll forecast the March headline producer price index and retail sales figures to be unchanged and 0.6 percent higher, respectively.</p>
<p>(( -- Jeff Coelho, 212-859-1660 ))</p>
</text>
<copyright>(c) Reuters Limited 1997</copyright>
<metadata>
<codes class="bip:countries:1.0">
  <code code="USA">
    <editdetail attribution="Reuters BIP Coding Group" action="confirmed" date="1997-04-09"/>
  </code>
</codes>
<codes class="bip:topics:1.0">
  <code code="M12">
    <editdetail attribution="Reuters BIP Coding Group" action="confirmed" date="1997-04-09"/>
  </code>
  <code code="MCAT">
    <editdetail attribution="Reuters BIP Coding Group" action="confirmed" date="1997-04-09"/>
  </code>
</codes>
<dc element="dc.date.created" value="1997-04-09"/>
<dc element="dc.publisher" value="Reuters Holdings Plc"/>
<dc element="dc.date.published" value="1997-04-09"/>
<dc element="dc.source" value="Reuters"/>
<dc element="dc.creator.location" value="NEW YORK"/>
<dc element="dc.creator.location.country.name" value="USA"/>
<dc element="dc.source" value="Reuters"/>
</metadata>
</newsitem>
