<?xml version="1.0" encoding="iso-8859-1" ?>
<newsitem itemid="495888" id="root" date="1997-04-09" xml:lang="en">
<title>USA: Vectra files registration for cumulative.</title>
<headline>Vectra files registration for cumulative.</headline>
<dateline>DENVER 1997-04-09</dateline>
<text>
<p>Vectra Banking Corporation said it filed a registration statement with the Securities and Exchange Commission for a proposed offering of $17.5 million of cumulative capital securities by VBC Capital I, a Delaware business trust subsidiary of Vectra Banking Corporation.</p>
<p>The offering will be made through Dain Bosworth Incorporated and Howe Barnes Investments Inc.  Vectra Banking Corporation intends to use approximately $8.3 million of the net proceeds of the offering to redeem its outstanding $0.95 Series A cumulative preferred stock.</p>
</text>
<copyright>(c) Reuters Limited 1997</copyright>
<metadata>
<codes class="bip:countries:1.0">
  <code code="USA">
    <editdetail attribution="Reuters BIP Coding Group" action="confirmed" date="1997-04-09"/>
  </code>
</codes>
<codes class="bip:industries:1.0">
  <code code="I81402">
    <editdetail attribution="Reuters BIP Coding Group" action="confirmed" date="1997-04-09"/>
  </code>
</codes>
<codes class="bip:topics:1.0">
  <code code="C13">
    <editdetail attribution="Reuters BIP Coding Group" action="confirmed" date="1997-04-09"/>
  </code>
  <code code="C17">
    <editdetail attribution="Reuters BIP Coding Group" action="confirmed" date="1997-04-09"/>
  </code>
  <code code="C171">
    <editdetail attribution="Reuters BIP Coding Group" action="confirmed" date="1997-04-09"/>
  </code>
  <code code="CCAT">
    <editdetail attribution="Reuters BIP Coding Group" action="confirmed" date="1997-04-09"/>
  </code>
</codes>
<dc element="dc.date.created" value="1997-04-09"/>
<dc element="dc.publisher" value="Reuters Holdings Plc"/>
<dc element="dc.date.published" value="1997-04-09"/>
<dc element="dc.source" value="Reuters"/>
<dc element="dc.creator.location" value="DENVER"/>
<dc element="dc.creator.location.country.name" value="USA"/>
<dc element="dc.source" value="Reuters"/>
</metadata>
</newsitem>
