<?xml version="1.0" encoding="iso-8859-1" ?>
<newsitem itemid="495894" id="root" date="1997-04-09" xml:lang="en">
<title>USA: PECO &quot;confident&quot; about maintaining dividend.</title>
<headline>PECO &quot;confident&quot; about maintaining dividend.</headline>
<dateline>PHILADELPHIA 1997-04-09</dateline>
<text>
<p>PECO Energy Co on Wednesday told shareholders at its annual meeting it is &quot;confident&quot; it can maintain its dividend as it positions itself in the competitive electric marketplace.</p>
<p>Chairman Joseph Paquette Jr said PECO is well positioned to compete, and expects to maintain the annual dividend of $1.80 per share &quot;for the immediate future, because we remain confident that the PUC will reach a just and reasonable decision on our application to recover stranded costs.&quot;</p>
<p>But he said prospects for increasing the dividend &quot;are diminished.&quot;</p>
</text>
<copyright>(c) Reuters Limited 1997</copyright>
<metadata>
<codes class="bip:countries:1.0">
  <code code="USA">
    <editdetail attribution="Reuters BIP Coding Group" action="confirmed" date="1997-04-09"/>
  </code>
</codes>
<codes class="bip:industries:1.0">
  <code code="I16000">
    <editdetail attribution="Reuters BIP Coding Group" action="confirmed" date="1997-04-09"/>
  </code>
</codes>
<codes class="bip:topics:1.0">
  <code code="C15">
    <editdetail attribution="Reuters BIP Coding Group" action="confirmed" date="1997-04-09"/>
  </code>
  <code code="C152">
    <editdetail attribution="Reuters BIP Coding Group" action="confirmed" date="1997-04-09"/>
  </code>
  <code code="C31">
    <editdetail attribution="Reuters BIP Coding Group" action="confirmed" date="1997-04-09"/>
  </code>
  <code code="CCAT">
    <editdetail attribution="Reuters BIP Coding Group" action="confirmed" date="1997-04-09"/>
  </code>
</codes>
<dc element="dc.date.created" value="1997-04-09"/>
<dc element="dc.publisher" value="Reuters Holdings Plc"/>
<dc element="dc.date.published" value="1997-04-09"/>
<dc element="dc.source" value="Reuters"/>
<dc element="dc.creator.location" value="PHILADELPHIA"/>
<dc element="dc.creator.location.country.name" value="USA"/>
<dc element="dc.source" value="Reuters"/>
</metadata>
</newsitem>
