<?xml version="1.0" encoding="iso-8859-1" ?>
<newsitem itemid="495869" id="root" date="1997-04-09" xml:lang="en">
<title>USA: 99 Cents Only Q1 same store sales rise.</title>
<headline>99 Cents Only Q1 same store sales rise.</headline>
<dateline>CITY OF COMMERCE, Calif. 1997-04-09</dateline>
<text>
<p>99 Cents Only Stores said its same store sales rose 2.4 percent in the first quarter ended March 31, excluding new stores that were opened within three miles of existing stores.</p>
<p>Including the adjustment, same store sales were up 0.1 percent, 99 Cents said in a statement issued late on Tuesday.</p>
<p>Total first quarter sales rose to $50.7 million, a 20 percent increase over $42.3 million in first quarter 1996.</p>
<p>Of the total, sales at retails stores rose to $39.2 million, up 21.4 percent from $32.2 million last year, and wholesales sales rose to $11.6 million, up 15.6 percent.</p>
<p>99 Cents said it opened two stores during the first quarter of 1997 boosting the total store count to 45 at March 31. The company has secured locations for five more stores. It plans to open new stores at an annual growth rate of at least 20 percent.</p>
</text>
<copyright>(c) Reuters Limited 1997</copyright>
<metadata>
<codes class="bip:countries:1.0">
  <code code="USA">
    <editdetail attribution="Reuters BIP Coding Group" action="confirmed" date="1997-04-09"/>
  </code>
</codes>
<codes class="bip:industries:1.0">
  <code code="I65600">
    <editdetail attribution="Reuters BIP Coding Group" action="confirmed" date="1997-04-09"/>
  </code>
</codes>
<codes class="bip:topics:1.0">
  <code code="C31">
    <editdetail attribution="Reuters BIP Coding Group" action="confirmed" date="1997-04-09"/>
  </code>
  <code code="CCAT">
    <editdetail attribution="Reuters BIP Coding Group" action="confirmed" date="1997-04-09"/>
  </code>
</codes>
<dc element="dc.date.created" value="1997-04-09"/>
<dc element="dc.publisher" value="Reuters Holdings Plc"/>
<dc element="dc.date.published" value="1997-04-09"/>
<dc element="dc.source" value="Reuters"/>
<dc element="dc.creator.location" value="CITY OF COMMERCE, Calif."/>
<dc element="dc.creator.location.country.name" value="USA"/>
<dc element="dc.source" value="Reuters"/>
</metadata>
</newsitem>
