<?xml version="1.0" encoding="iso-8859-1" ?>
<newsitem itemid="495931" id="root" date="1997-04-09" xml:lang="en">
<title>USA: Bonneville offers no surplus power for Thursday.</title>
<headline>Bonneville offers no surplus power for Thursday.</headline>
<dateline>LOS ANGELES 1997-04-09</dateline>
<text>
<p>The Bonneville Power Administration (BPA) offered no surplus power for Thursday delivery due to low streamflows and the start of fish spill programs, the agency said Wednesday.</p>
<p>On April 10, spill related to the migration of endangered fish species is required to begin at Snake River hydropower project, while spill testing will start at The Dalles dam on theLower Columbia River, a BPA trade source said.</p>
<p>But cooler-than-expected regional temperatures have slowed inflows into the dams, resulting in less water available for flows through power turbines.</p>
<p>For Tuesday, BPA had offered firm power during off-peak hours at $9.00 per megawatt hour (MWh) for both Northwest and California-Oregon border (COB) deliveries.</p>
<p>BPA had also offered non-firm power at $9.00 per MWh during hours ending 0100-0500 and 2400 PDT and at $9.50 for hours ending 0600 and 2300 on Wednesday.</p>
<p>((--Los Angeles bureau +1 213 622 0056))</p>
</text>
<copyright>(c) Reuters Limited 1997</copyright>
<metadata>
<codes class="bip:countries:1.0">
  <code code="USA">
    <editdetail attribution="Reuters BIP Coding Group" action="confirmed" date="1997-04-09"/>
  </code>
</codes>
<codes class="bip:industries:1.0">
  <code code="I16100">
    <editdetail attribution="Reuters BIP Coding Group" action="confirmed" date="1997-04-09"/>
  </code>
</codes>
<codes class="bip:topics:1.0">
  <code code="C21">
    <editdetail attribution="Reuters BIP Coding Group" action="confirmed" date="1997-04-09"/>
  </code>
  <code code="CCAT">
    <editdetail attribution="Reuters BIP Coding Group" action="confirmed" date="1997-04-09"/>
  </code>
</codes>
<dc element="dc.date.created" value="1997-04-09"/>
<dc element="dc.publisher" value="Reuters Holdings Plc"/>
<dc element="dc.date.published" value="1997-04-09"/>
<dc element="dc.source" value="Reuters"/>
<dc element="dc.creator.location" value="LOS ANGELES"/>
<dc element="dc.creator.location.country.name" value="USA"/>
<dc element="dc.source" value="Reuters"/>
</metadata>
</newsitem>
