<?xml version="1.0" encoding="iso-8859-1" ?>
<newsitem itemid="495944" id="root" date="1997-04-09" xml:lang="en">
<title>USA: U.S. House budget chief says must see accord soon.</title>
<headline>U.S. House budget chief says must see accord soon.</headline>
<dateline>WASHINGTON 1997-04-09</dateline>
<text>
<p>House Budget Committee chairman John Kasich said Wednesday a budget agreement must be reached with the White House by the middle of next week or Republicans will offer their own balanced budget plan.</p>
<p>Kasich said his talks with administration officials have been very positive. &quot;We have been able to establish a level of trust,&quot; he said in a speech before the Independent Insurance Agents.</p>
<p>The Ohio Republican said he believed it would be possible to reach an accord to balance the budget in five years, but he said the administration would need to offer more changes.</p>
<p>&quot;We will know into the middle of next week whether we can reach an agreement,&quot; Kasich said.</p>
<p>He also reiterated his view that tax rates should be reduced as part of a tax cut included in the budget. &quot;The marginal rates are too high. The incentive to go to work has been reduced,&quot; he said. Kasich went further to state that tax rates were too high in part because of increased benefits provided to senior citizens over the last 30-40 years. &quot;We need to achieve some generational balance,&quot; he said.</p>
</text>
<copyright>(c) Reuters Limited 1997</copyright>
<metadata>
<codes class="bip:countries:1.0">
  <code code="USA">
    <editdetail attribution="Reuters BIP Coding Group" action="confirmed" date="1997-04-09"/>
  </code>
</codes>
<codes class="bip:topics:1.0">
  <code code="E21">
    <editdetail attribution="Reuters BIP Coding Group" action="confirmed" date="1997-04-09"/>
  </code>
  <code code="E211">
    <editdetail attribution="Reuters BIP Coding Group" action="confirmed" date="1997-04-09"/>
  </code>
  <code code="ECAT">
    <editdetail attribution="Reuters BIP Coding Group" action="confirmed" date="1997-04-09"/>
  </code>
  <code code="GCAT">
    <editdetail attribution="Reuters BIP Coding Group" action="confirmed" date="1997-04-09"/>
  </code>
  <code code="GPOL">
    <editdetail attribution="Reuters BIP Coding Group" action="confirmed" date="1997-04-09"/>
  </code>
</codes>
<dc element="dc.date.created" value="1997-04-09"/>
<dc element="dc.publisher" value="Reuters Holdings Plc"/>
<dc element="dc.date.published" value="1997-04-09"/>
<dc element="dc.source" value="Reuters"/>
<dc element="dc.creator.location" value="WASHINGTON"/>
<dc element="dc.creator.location.country.name" value="USA"/>
<dc element="dc.source" value="Reuters"/>
</metadata>
</newsitem>
