<?xml version="1.0" encoding="iso-8859-1" ?>
<newsitem itemid="495951" id="root" date="1997-04-09" xml:lang="en">
<title>USA: Mississippi Chemical sees Q3 EPS $0.35-$0.40.</title>
<headline>Mississippi Chemical sees Q3 EPS $0.35-$0.40.</headline>
<dateline>YAZOO CITY, Miss. 1997-04-09</dateline>
<text>
<p>Mississippi Chemical Corp, a major fertilizer manufacturer, said Wednesday it expects earnings of $0.35 to $0.40 a share for the fiscal third quarter ended March 31 -- below analysts' consensus estimate.</p>
<p>The projection, which is based on preliminary sales and cost figures, primarily reflects a delay in seasonal fertilizer applications due to wet weather throughout the company's primary trade area, it said.  </p>
<p>Charles Dunn, president and chief executive officer, said the company was confronted with an unusual number of adverse events during the quarter, particularly the persistent rains during March. By the end of the month, however, the weather outlook had improved and the fertilizer season is now in full swing, he said.</p>
<p>&quot;While we remain cautious about the near-term pricing outlook, we expect to recover in the fourth quarter much of the weather-related lost volume,&quot; he said. The company has also overcome start-up difficulties at its Ampro ammonia facility, he added.  </p>
<p>The company said weak demand for nitrogen products during the quarter caused prices for most of its products to decline.</p>
<p>Phosphate prices were also well below year-ago levels due to soft international demand, while production at its Ampro facility was lower than expected due to a major modification at the site.</p>
<p>It said it experienced significantly higher production costs at its Carlsbad, N.M., potash facilities due to operating difficulties at two newly acquired potash mines, as well as higher energy costs and the mining of a low-grade ore zone.</p>
</text>
<copyright>(c) Reuters Limited 1997</copyright>
<metadata>
<codes class="bip:countries:1.0">
  <code code="USA">
    <editdetail attribution="Reuters BIP Coding Group" action="confirmed" date="1997-04-09"/>
  </code>
</codes>
<codes class="bip:industries:1.0">
  <code code="I25130">
    <editdetail attribution="Reuters BIP Coding Group" action="confirmed" date="1997-04-09"/>
  </code>
</codes>
<codes class="bip:topics:1.0">
  <code code="C15">
    <editdetail attribution="Reuters BIP Coding Group" action="confirmed" date="1997-04-09"/>
  </code>
  <code code="C152">
    <editdetail attribution="Reuters BIP Coding Group" action="confirmed" date="1997-04-09"/>
  </code>
  <code code="CCAT">
    <editdetail attribution="Reuters BIP Coding Group" action="confirmed" date="1997-04-09"/>
  </code>
</codes>
<dc element="dc.date.created" value="1997-04-09"/>
<dc element="dc.publisher" value="Reuters Holdings Plc"/>
<dc element="dc.date.published" value="1997-04-09"/>
<dc element="dc.source" value="Reuters"/>
<dc element="dc.creator.location" value="YAZOO CITY, Miss."/>
<dc element="dc.creator.location.country.name" value="USA"/>
<dc element="dc.source" value="Reuters"/>
</metadata>
</newsitem>
