<?xml version="1.0" encoding="iso-8859-1" ?>
<newsitem itemid="495918" id="root" date="1997-04-09" xml:lang="en">
<title>USA: Lasertechnics sees $1.4 mln Q1 operating loss.</title>
<headline>Lasertechnics sees $1.4 mln Q1 operating loss.</headline>
<dateline>CARROLLTON, Texas 1997-04-09</dateline>
<text>
<p>Lasertechnics Inc said Wednesday that based on preliminary indications, its operating loss for the first quarter of 1997 will be about $1.4 million, compared with $1.75 million in the first quarter of 1996 and $2.5 million in the fourth quarter of 1996.</p>
<p>The company added that operating losses have been on a declining trend since the second quarter of last year.</p>
<p>Lasertechnics also said that it expects consolidated revenue for the first quarter to be slightly in excess of the $4.1 million posted a year ago and up sharply from the $2.8 million recorded in the fourth quarter last year.</p>
<p>The company said its 1997 business plan was developed on the premise that the company would not need to raise additional permanent capital.  Results for the first quarter were ahead of plan in all material respects and the company said it expects it will have sufficient working capital to execute its operating plan for the year.</p>
</text>
<copyright>(c) Reuters Limited 1997</copyright>
<metadata>
<codes class="bip:countries:1.0">
  <code code="USA">
    <editdetail attribution="Reuters BIP Coding Group" action="confirmed" date="1997-04-09"/>
  </code>
</codes>
<codes class="bip:industries:1.0">
  <code code="I34420">
    <editdetail attribution="Reuters BIP Coding Group" action="confirmed" date="1997-04-09"/>
  </code>
</codes>
<codes class="bip:topics:1.0">
  <code code="C15">
    <editdetail attribution="Reuters BIP Coding Group" action="confirmed" date="1997-04-09"/>
  </code>
  <code code="C152">
    <editdetail attribution="Reuters BIP Coding Group" action="confirmed" date="1997-04-09"/>
  </code>
  <code code="CCAT">
    <editdetail attribution="Reuters BIP Coding Group" action="confirmed" date="1997-04-09"/>
  </code>
</codes>
<dc element="dc.date.created" value="1997-04-09"/>
<dc element="dc.publisher" value="Reuters Holdings Plc"/>
<dc element="dc.date.published" value="1997-04-09"/>
<dc element="dc.source" value="Reuters"/>
<dc element="dc.creator.location" value="CARROLLTON, Texas"/>
<dc element="dc.creator.location.country.name" value="USA"/>
<dc element="dc.source" value="Reuters"/>
</metadata>
</newsitem>
