<?xml version="1.0" encoding="iso-8859-1" ?>
<newsitem itemid="495984" id="root" date="1997-04-09" xml:lang="en">
<title>ROMANIA: SOCCER-ROMANIAN FIRST DIVISION RESULTS/STANDINGS.</title>
<headline>SOCCER-ROMANIAN FIRST DIVISION RESULTS/STANDINGS.</headline>
<dateline>BUCHAREST 1997-04-09</dateline>
<text>
<p>Results of the Romanian first</p>
<p>division soccer matches on Wednesday:</p>
<p> Gloria Bistrita		  1   Steaua Bucharest	   1</p>
<p> Dinamo Bucharest		 2   Universitatea Craiova    0</p>
<p> Sportul Studentesc	     0   National Bucharest	 0</p>
<p> Petrolul Ploiesti		1   Chindia Tirgoviste	 1</p>
<p> Arges Dacia Pitesti	    1   Politehnica Timisoara    0</p>
<p> Jiul Petrosani		   2   Universitatea Cluj	 1</p>
<p> Farul Constanta		  4   FCM Bacau		    0</p>
<p> Brasov			     1   Ceahlaul Piatra Neamt    0</p>
<p> Otelul Galati		    1   Rapid Bucharest	    1</p>
<p>	  Standings		   P   W    D   L  F   A  Pts:</p>
<p>  1. National Bucharest	  24  15   4   5  47  26  49</p>
<p>  2. Steaua Bucharest	    24  14   4   6  40  19  46</p>
<p>  3. Dinamo Bucharest	    24  13   5   6  40  19  44</p>
<p>  4. Otelul Galati		 24  11   6   7  37  30  39</p>
<p>  5. Arges Dacia Pitesti	 24  10   7   7  33  26  37</p>
<p>  6. Ceahlaul Piatra Neamt     24  10   6   8  38  36  36</p>
<p>  7. Universitatea Cluj	  24  10   4  10  45  43  34</p>
<p>  8. FCM Bacau		     24  10   4  10  31  33  34</p>
<p>  9. Jiul Petrosani		24  10   4  10  26  40  34</p>
<p> 10. Rapid Bucharest	     24   9   4  11  33  33  31</p>
<p> 11. Farul Constanta	     24   9   4  11  34  37  31</p>
<p> 12. Sportul Studentesc	  24   9   4  11  27  34  31</p>
<p> 13. Chindia Tirgoviste	  24   9   4  11  24  32  31</p>
<p> 14. Petrolul Ploiesti	   24   8   6  10  32  32  30</p>
<p> 15. Universitatea Craiova     24   8   5  11  36  39  29</p>
<p> 16. Gloria Bistrita	     24   7   6  11  25  31  27</p>
<p> 17. Brasov			  24   7   3  14  31  47  24</p>
<p> 18. Politehnica Timisoara     24   5   4  15  27  47  19</p>
</text>
<copyright>(c) Reuters Limited 1997</copyright>
<metadata>
<codes class="bip:countries:1.0">
  <code code="ROM">
    <editdetail attribution="Reuters BIP Coding Group" action="confirmed" date="1997-04-09"/>
  </code>
</codes>
<codes class="bip:topics:1.0">
  <code code="GCAT">
    <editdetail attribution="Reuters BIP Coding Group" action="confirmed" date="1997-04-09"/>
  </code>
  <code code="GSPO">
    <editdetail attribution="Reuters BIP Coding Group" action="confirmed" date="1997-04-09"/>
  </code>
</codes>
<dc element="dc.date.created" value="1997-04-09"/>
<dc element="dc.publisher" value="Reuters Holdings Plc"/>
<dc element="dc.date.published" value="1997-04-09"/>
<dc element="dc.source" value="Reuters"/>
<dc element="dc.creator.location" value="BUCHAREST"/>
<dc element="dc.creator.location.country.name" value="ROMANIA"/>
<dc element="dc.source" value="Reuters"/>
</metadata>
</newsitem>
