<?xml version="1.0" encoding="iso-8859-1" ?>
<newsitem itemid="495956" id="root" date="1997-04-09" xml:lang="en">
<title>GERMANY: SOCCER-BORUSSIA DORTMUND 1 MANCHESTER UNITED 0 - RESULT.</title>
<headline>SOCCER-BORUSSIA DORTMUND 1 MANCHESTER UNITED 0 - RESULT.</headline>
<dateline>DORTMUND, Germany 1997-04-09</dateline>
<text>
<p>Borussia Dortmund of Germany beat Manchester United of England 1-0 (halftime 0-0) in their European Cup semifinal first leg on Wednesday.</p>
<p>Scorer: Rene Tretschok 76</p>
<p>Attendance: 48,500</p>
</text>
<copyright>(c) Reuters Limited 1997</copyright>
<metadata>
<codes class="bip:countries:1.0">
  <code code="GFR">
    <editdetail attribution="Reuters BIP Coding Group" action="confirmed" date="1997-04-09"/>
  </code>
  <code code="UK">
    <editdetail attribution="Reuters BIP Coding Group" action="confirmed" date="1997-04-09"/>
  </code>
</codes>
<codes class="bip:topics:1.0">
  <code code="GCAT">
    <editdetail attribution="Reuters BIP Coding Group" action="confirmed" date="1997-04-09"/>
  </code>
  <code code="GSPO">
    <editdetail attribution="Reuters BIP Coding Group" action="confirmed" date="1997-04-09"/>
  </code>
</codes>
<dc element="dc.date.created" value="1997-04-09"/>
<dc element="dc.publisher" value="Reuters Holdings Plc"/>
<dc element="dc.date.published" value="1997-04-09"/>
<dc element="dc.source" value="Reuters"/>
<dc element="dc.creator.location" value="DORTMUND, Germany"/>
<dc element="dc.creator.location.country.name" value="GERMANY"/>
<dc element="dc.source" value="Reuters"/>
</metadata>
</newsitem>
