<?xml version="1.0" encoding="iso-8859-1" ?>
<newsitem itemid="495986" id="root" date="1997-04-09" xml:lang="en">
<title>RUSSIA: ICE HOCKEY-RUSSIA SET SIGHTS ON WORLD CUP SEMIFINAL.</title>
<headline>ICE HOCKEY-RUSSIA SET SIGHTS ON WORLD CUP SEMIFINAL.</headline>
<byline>Andrei Khalip</byline>
<dateline>MOSCOW 1997-04-09</dateline>
<text>
<p>Russia said on Wednesday they were aiming for at least a semifinal place at the ice hockey World Cup but their success depended on how many of their foreign-based players would be available.</p>
<p>&quot;The aim is to be among the four best teams at the championship and this may well be achieved,&quot; Mikhail Govorkov, spokesman for Russia's ice hockey federation, said.</p>
<p>&quot;But it will depend on how well we manage to bring players together and how we manage to reinforce the team with Russians playing in the National Hockey League (of North America) and in European clubs.&quot;</p>
<p>The Soviet Union once dominated ice hockey but Russia have rarely tasted glory since the Soviet empire collapsed in 1991 and many of their top players have gone abroad. Russia last won a world championship in 1993, under coach Boris Mikhailov.</p>
<p>The squad started training in the suburbs of Moscow last week but the line-up is far from complete because coaches are anxiously awaiting the foreign-based players for the tournament in Finland starting on April 26.</p>
<p>Chief coach Igor Dmitriyev said last week he expected some NHL players to join the squad just days before the tournament. Govorkov suggested some might arrive even later.</p>
<p>&quot;Dmitriyev's plan is to have about three places in the squad reserved for NHL reinforcements even after the championship starts,&quot; he said.</p>
<p>Vancouver Canucks' &quot;Russian Rocket&quot; Pavel Bure said he wanted to represent Russia but wanted to prove his fitness with the Canucks first after a back injury.</p>
<p>Alexander Mogilny, who also plays for the Canucks, has ruled himself out completely because he wants to be with his wife who is about to give birth.</p>
<p>Govorkov said Russia was negotiating with Ottawa Senators' forward Alexei Yashin, Toronto Maple Leafs' rookie Segei Berezin, former Whaler Andrei Nikolishin of Washington Capitals, Edmonton's Andrei Kovalenko and Andrei Nazarov of San Jose Sharks.</p>
<p>Govorkov said the players already training formed a good nucleus and that Alexei Gorshkov and Dmitry Krasotkin were likely to join the squad from Torpedo Yaroslavl when the Russian championship ended.</p>
<p>Torpedo, undefeated in eight play-off games so far, look well positioned to win the Russian ice hockey crown from Lada Togliatti. Lada, known for their collective game rather than their individuals, are unlikely to provide any squad players.</p>
<p>Other Russian players will be Sergei Fokin and Sergei Bautin who play in Sweden, Dmitry Yerofeyev and Alexander Prokopyev of Czech team Vitkowitse, Anatoly Fedotov and Alexander Barkov of Finland's Tappara and Alexander Kharitonov of Dynamo Moscow.</p>
</text>
<copyright>(c) Reuters Limited 1997</copyright>
<metadata>
<codes class="bip:countries:1.0">
  <code code="RUSS">
    <editdetail attribution="Reuters BIP Coding Group" action="confirmed" date="1997-04-09"/>
  </code>
</codes>
<codes class="bip:topics:1.0">
  <code code="GCAT">
    <editdetail attribution="Reuters BIP Coding Group" action="confirmed" date="1997-04-09"/>
  </code>
  <code code="GSPO">
    <editdetail attribution="Reuters BIP Coding Group" action="confirmed" date="1997-04-09"/>
  </code>
</codes>
<dc element="dc.date.created" value="1997-04-09"/>
<dc element="dc.publisher" value="Reuters Holdings Plc"/>
<dc element="dc.date.published" value="1997-04-09"/>
<dc element="dc.source" value="Reuters"/>
<dc element="dc.creator.location" value="MOSCOW"/>
<dc element="dc.creator.location.country.name" value="RUSSIA"/>
<dc element="dc.source" value="Reuters"/>
</metadata>
</newsitem>
