<?xml version="1.0" encoding="iso-8859-1" ?>
<newsitem itemid="495999" id="root" date="1997-04-09" xml:lang="en">
<title>USA: GOLF-LYLE BRAVES JINX, WINS MASTERS' PAR 3 CONTEST.</title>
<headline>GOLF-LYLE BRAVES JINX, WINS MASTERS' PAR 3 CONTEST.</headline>
<dateline>AUGUSTA, Georgia 1997-04-09</dateline>
<text>
<p>Briton Sandy Lyle won the annual Par 3 Contest at Augusta National on Wednesday and immediately became the biggest longshot at the 61st Masters starting on Thursday.</p>
<p>Lyle, the 1988 Masters champion, became the first European player ever to win the crystal trophy, but gained the burden of the Par 3 jinx as well.</p>
<p>None of the previous 37 winners of the contest, held on the eve of the Masters on the nine-hole course adjacent to the famed Augusta National layout, has ever gone on to win the major championship.</p>
<p>Last year's winner, Jay Haas, finished tied for 36th.</p>
<p>Lyle and Mark McNulty of Zimbabwe were tied after nine holes at five-under-par 22. They both parred the first extra hole but McNulty found the water with his tee shot on the second playoff hole after Lyle had put his ball within two feet.</p>
<p>This year's Par 3 Contest, always a lighthearted affair and a treat for practice day spectators, featured a couple of celebrity caddies.</p>
<p>David Robinson, the injured star centre for the NBA's San Antonio Spurs, carried friend Corey Pavin's bag, and rock musician Glenn Frey, formerly of the Eagles, toted for Brad Faxon.</p>
</text>
<copyright>(c) Reuters Limited 1997</copyright>
<metadata>
<codes class="bip:countries:1.0">
  <code code="UK">
    <editdetail attribution="Reuters BIP Coding Group" action="confirmed" date="1997-04-09"/>
  </code>
  <code code="USA">
    <editdetail attribution="Reuters BIP Coding Group" action="confirmed" date="1997-04-09"/>
  </code>
</codes>
<codes class="bip:topics:1.0">
  <code code="GCAT">
    <editdetail attribution="Reuters BIP Coding Group" action="confirmed" date="1997-04-09"/>
  </code>
  <code code="GSPO">
    <editdetail attribution="Reuters BIP Coding Group" action="confirmed" date="1997-04-09"/>
  </code>
</codes>
<dc element="dc.date.created" value="1997-04-09"/>
<dc element="dc.publisher" value="Reuters Holdings Plc"/>
<dc element="dc.date.published" value="1997-04-09"/>
<dc element="dc.source" value="Reuters"/>
<dc element="dc.creator.location" value="AUGUSTA, Georgia"/>
<dc element="dc.creator.location.country.name" value="USA"/>
<dc element="dc.source" value="Reuters"/>
</metadata>
</newsitem>
