<?xml version="1.0" encoding="iso-8859-1" ?>
<newsitem itemid="496007" id="root" date="1997-04-09" xml:lang="en">
<title>USA: BASEBALL-TUESDAY'S MAJOR LEAGUE RESULTS.</title>
<headline>BASEBALL-TUESDAY'S MAJOR LEAGUE RESULTS.</headline>
<dateline>NEW YORK 1997-04-09</dateline>
<text>
<p>Results of Major League</p>
<p>Baseball games played on Tuesday (home team in CAPS):</p>
<p>	     American League</p>
<p> ANAHEIM	   10  Ny Yankees	 9 (12 inns)</p>
<p> Boston	    13  OAKLAND	    7</p>
<p> SEATTLE	   14  Cleveland	  8</p>
<p>(PPD - Toronto AT WHITE SOX)</p>
<p>	     National League</p>
<p> Florida	    5  CHICAGO CUBS     3</p>
<p> ATLANTA	    4  Houston	    2</p>
<p> ST LOUIS	   2  Montreal	   1</p>
<p> Ny Mets	    5  LOS ANGELES	3</p>
<p> Pittsburgh	 2  SAN DIEGO	  0</p>
<p> Philadelphia     2  SAN FRANCISCO    1</p>
</text>
<copyright>(c) Reuters Limited 1997</copyright>
<metadata>
<codes class="bip:countries:1.0">
  <code code="CANA">
    <editdetail attribution="Reuters BIP Coding Group" action="confirmed" date="1997-04-09"/>
  </code>
  <code code="USA">
    <editdetail attribution="Reuters BIP Coding Group" action="confirmed" date="1997-04-09"/>
  </code>
</codes>
<codes class="bip:topics:1.0">
  <code code="GCAT">
    <editdetail attribution="Reuters BIP Coding Group" action="confirmed" date="1997-04-09"/>
  </code>
  <code code="GSPO">
    <editdetail attribution="Reuters BIP Coding Group" action="confirmed" date="1997-04-09"/>
  </code>
</codes>
<dc element="dc.date.created" value="1997-04-09"/>
<dc element="dc.publisher" value="Reuters Holdings Plc"/>
<dc element="dc.date.published" value="1997-04-09"/>
<dc element="dc.source" value="Reuters"/>
<dc element="dc.creator.location" value="NEW YORK"/>
<dc element="dc.creator.location.country.name" value="USA"/>
<dc element="dc.source" value="Reuters"/>
</metadata>
</newsitem>
