<?xml version="1.0" encoding="iso-8859-1" ?>
<newsitem itemid="496005" id="root" date="1997-04-09" xml:lang="en">
<title>USA: GOLF-MONTGOMERIE READY FOR MASTERS BREAKTHROUGH.</title>
<headline>GOLF-MONTGOMERIE READY FOR MASTERS BREAKTHROUGH.</headline>
<byline>Walter Bagley</byline>
<dateline>AUGUSTA, Georgia 1997-04-09</dateline>
<text>
<p>Colin Montgomerie, the best golfer on the European tour for the past four years, has finally realised what it takes to win the Masters, the one major championship in which he has failed to perform well.</p>
<p>&quot;You never find a bad putter winning here,&quot; Montgomerie said Wednesday morning before heading off for his final practice before the Masters begins Thursday.</p>
<p>&quot;You can't win here not holing putts,&quot; the big Briton added for emphasis as he discussed why he thought this year may mark his breakthrough at Augusta National, where his best Masters finish was joint 17th two years ago.</p>
<p>The 33-year-old Scot was so intent on improving his record in the Masters that he sought out Ryder Cup rival Brad Faxon to play a practice round so he could observe the American's putting technique and pick his brain about Augusta's huge, rolling greens, which may be the fastest in the world.</p>
<p>&quot;It's amazing how much break you have to give these putts,&quot; Montgomerie said.</p>
<p>&quot;On ultra-fast greens 85 percent of missed putts are on the low side,&quot; he added. &quot;That means either your pace was wrong or you mis-read the line. You're not going to make any putts hitting them on the low side.&quot;</p>
<p>Montgomerie, who has top-10 finishes in the other three major championships -- incuding playoff losses in the U.S. Open and PGA Championship -- said his putting was one of several factors that gave him added confidence going into the year's first major.</p>
<p>&quot;I'm putting quite well,&quot; he said. &quot;I've putted better in practice here than ever before.&quot;</p>
<p>Montgomerie, who played four consecutive tournaments in the United States to prepare for the Masters, finishing in the top 20 in each, also said there were other reasons for his confidence this week.</p>
<p>&quot;Coming in here I've never hit the ball better,&quot; he said. &quot;I'm looking forward to competing in this tournament for the first time. This is the first year that I will actually compete,&quot; he added, putting emphasis on the last word.</p>
<p>Montgomerie, whose professional record has been one of almost constant improvement, has shot only two rounds in the 60s at Augusta -- a pair of 69s in his best showing in 1995.</p>
<p>&quot;I haven't coped so well here so far,&quot; he admitted. &quot;I've been frustrated with Augusta over the years.&quot;</p>
<p>Montgomerie did not even break par 72 last year, when he tied for 39th.</p>
<p>&quot;I am a better player than I was last year,&quot; he insisted. &quot;I am hitting the ball right to left with ease&quot; -- a shot that is required to play Augusta well, as Jack Nicklaus proved over the years in winning six green jackets.</p>
<p>Montgomerie, who said Faxon's positive approach to the game rubbed off on him during their practice round, even found a good omen in his starting time for Thursday.</p>
<p>&quot;I've got a good time tomorrow,&quot; he said. &quot;It is the first time that I've started here before 1:30 (p.m.).&quot; He was scheduled to tee off with Davis Love at 11:56 a.m. (1556 GMT).</p>
<p>Players who start late often encounter more difficult conditions than earlier starters -- including more spike marks on the greens and more challenging weather conditions.</p>
<p>&quot;Tomorrow will be vital for me to put a 69 or 70 on the board,&quot; Montgomerie said. &quot;Tomorrow is a very important day.&quot;</p>
</text>
<copyright>(c) Reuters Limited 1997</copyright>
<metadata>
<codes class="bip:countries:1.0">
  <code code="USA">
    <editdetail attribution="Reuters BIP Coding Group" action="confirmed" date="1997-04-09"/>
  </code>
</codes>
<codes class="bip:topics:1.0">
  <code code="GCAT">
    <editdetail attribution="Reuters BIP Coding Group" action="confirmed" date="1997-04-09"/>
  </code>
  <code code="GSPO">
    <editdetail attribution="Reuters BIP Coding Group" action="confirmed" date="1997-04-09"/>
  </code>
</codes>
<dc element="dc.date.created" value="1997-04-09"/>
<dc element="dc.publisher" value="Reuters Holdings Plc"/>
<dc element="dc.date.published" value="1997-04-09"/>
<dc element="dc.source" value="Reuters"/>
<dc element="dc.creator.location" value="AUGUSTA, Georgia"/>
<dc element="dc.creator.location.country.name" value="USA"/>
<dc element="dc.source" value="Reuters"/>
</metadata>
</newsitem>
