<?xml version="1.0" encoding="iso-8859-1" ?>
<newsitem itemid="496044" id="root" date="1997-04-09" xml:lang="en">
<title>POLAND: ZLOTY JUMPS VS BASKET AS FOREIGNERS BUY.</title>
<headline>ZLOTY JUMPS VS BASKET AS FOREIGNERS BUY.</headline>
<dateline>WARSAW 1997-04-09</dateline>
<text>
<p>The zloty closed at 3.25/3.20 pct from the trading band centre, stronger than Tuesday's 3.17/3.13 pct as foreign investors bought Polish T-bills, dealers said.</p>
<p>* The central bank did not stage any currency-buying interventions, likely because it did not want to knock down the zloty before Thursday's 500 million zloty T-bill auction.</p>
<p>* It closed at 3.1080/00 to the dollar, down from 3.1070/80 on Tuesday and at 1.8085/00 to the mark, up from 1.8120/30.</p>
<p>* O/N at 22.70/23.30 pct, down from opening's 23.20/23.40.</p>
<p>* T/N dip to 22.80/23.30 pct from Tuesday's 23.10/23.30.</p>
<p>-- Warsaw Newsroom +48 22 653 9700</p>
</text>
<copyright>(c) Reuters Limited 1997</copyright>
<metadata>
<codes class="bip:countries:1.0">
  <code code="POL">
    <editdetail attribution="Reuters BIP Coding Group" action="confirmed" date="1997-04-09"/>
  </code>
</codes>
<codes class="bip:topics:1.0">
  <code code="M13">
    <editdetail attribution="Reuters BIP Coding Group" action="confirmed" date="1997-04-09"/>
  </code>
  <code code="M132">
    <editdetail attribution="Reuters BIP Coding Group" action="confirmed" date="1997-04-09"/>
  </code>
  <code code="MCAT">
    <editdetail attribution="Reuters BIP Coding Group" action="confirmed" date="1997-04-09"/>
  </code>
</codes>
<dc element="dc.date.created" value="1997-04-09"/>
<dc element="dc.publisher" value="Reuters Holdings Plc"/>
<dc element="dc.date.published" value="1997-04-09"/>
<dc element="dc.source" value="Reuters"/>
<dc element="dc.creator.location" value="WARSAW"/>
<dc element="dc.creator.location.country.name" value="POLAND"/>
<dc element="dc.source" value="Reuters"/>
</metadata>
</newsitem>
