<?xml version="1.0" encoding="iso-8859-1" ?>
<newsitem itemid="496020" id="root" date="1997-04-09" xml:lang="en">
<title>NETHERLANDS: SOCCER-JUVENTUS MOVE TOWARDS FINAL WITH WIN AT AJAX.</title>
<headline>SOCCER-JUVENTUS MOVE TOWARDS FINAL WITH WIN AT AJAX.</headline>
<byline>David Evans</byline>
<dateline>AMSTERDAM 1997-04-09</dateline>
<text>
<p>Champions Juventus moved to within sight of the European Cup final with a disciplined 2-1 win away against Ajax Amsterdam in the first leg of their semifinal on Wednesday.</p>
<p>Ajax managed to prevent a demolition job by the Italians, who destroyed AC Milan 6-1 at the weekend, and scored what may prove to be a vital second half goal.</p>
<p>But the Dutch champions could not stop the tie, a replay of last year's final, going to Juventus again.</p>
<p>Ajax now have an uphill task, knowing they need to score at least twice in Turin.</p>
<p>The match was played in front of a capacity 51,000 crowd including Dutch Prime Minister Wim Kok and some 2,500 supporters who had made the journey from Turin.</p>
<p>Ajax began well, attacking down the flanks through Marc Overmars and Nigerian international Tijani Babangida, but Juventus, playing a flat back four marshalled by the dominant Ciro Ferrara, were rarely troubled.</p>
<p>But Juve, tight in defence then swift on the counter, lived up to their pre-match billing. Ajax's Finnish striker Jari Litmanen last week called them the best club side in the world.</p>
<p>In the 14th minute a Juventus counter involving Italy's new international Christian Vieri and France's Zinedine Zidane undid the Ajax defence and found Nicola Amoruso on hand at the edge of the six-yard box to slot the ball home.</p>
<p>Juve's second goal in the 41st minute again involved a quick break from defence. This time, France's Didier Deschamps found Vieri with enough space on the edge of the penalty area to fire a well-placed shot beyond the diving grasp of Edwin van der Saar.</p>
<p>For all the good work in the first half by Overmars and Babangida, Ajax sorely missed the central target of Patrick Kluivert, who underwent a knee operation earlier on Wednesday which was expected to keep him out for up to six weeks.</p>
<p>In the second half, the Ajax defence continued to struggle with the omnipresent Vieri but in the 66th minute Ronald de Boer threaded a pass through to Litmanen, who with only keeper Angelo Peruzzi to beat, kept his cool to score.</p>
<p>The goal lifted Ajax, but it was too little too late and the Dutch side, already unlikely to win any domestic silverware, face a tough return leg in the cavernous 69,000 seater Delle Alpi stadium in Turin on April 23.</p>
<p>Ajax coach Louis van Gaal said Juventus were as good as he had expected.</p>
<p>&quot;(Juventus) were a fantastic team. They all worked for each and they seem to have the time to make the right choices,&quot; he said.</p>
<p>Midfieder Richard Witschge also acknowledged the Italian's strength. &quot;They were superior, tactically very strong,&quot; he said.</p>
<p>Juventus coach Marcello Lippi's only problem appears to be the loss of Vladimir Jugovic for the second leg. The Yugoslav international picked up his second yellow card of the tournament.</p>
</text>
<copyright>(c) Reuters Limited 1997</copyright>
<metadata>
<codes class="bip:countries:1.0">
  <code code="ITALY">
    <editdetail attribution="Reuters BIP Coding Group" action="confirmed" date="1997-04-09"/>
  </code>
  <code code="NETH">
    <editdetail attribution="Reuters BIP Coding Group" action="confirmed" date="1997-04-09"/>
  </code>
</codes>
<codes class="bip:topics:1.0">
  <code code="GCAT">
    <editdetail attribution="Reuters BIP Coding Group" action="confirmed" date="1997-04-09"/>
  </code>
  <code code="GSPO">
    <editdetail attribution="Reuters BIP Coding Group" action="confirmed" date="1997-04-09"/>
  </code>
</codes>
<dc element="dc.date.created" value="1997-04-09"/>
<dc element="dc.publisher" value="Reuters Holdings Plc"/>
<dc element="dc.date.published" value="1997-04-09"/>
<dc element="dc.source" value="Reuters"/>
<dc element="dc.creator.location" value="AMSTERDAM"/>
<dc element="dc.creator.location.country.name" value="NETHERLANDS"/>
<dc element="dc.source" value="Reuters"/>
</metadata>
</newsitem>
