<?xml version="1.0" encoding="iso-8859-1" ?>
<newsitem itemid="496099" id="root" date="1997-04-09" xml:lang="en">
<title>UK: Dollar hits mark/yen peaks,euro stocks lifted.</title>
<headline>Dollar hits mark/yen peaks,euro stocks lifted.</headline>
<byline>Leonard Santorelli</byline>
<dateline>LONDON 1997-04-09</dateline>
<text>
<p>The dollar soared to new peaks against the mark and yen on Wednesday, triggering a rally on European bourses as investors anticipated bigger profits among exporting companies.</p>
<p>Stocks in Paris, Frankfurt and London closed with  healthy gains as the U.S. currency chalked up a three-year high against the mark and touched a 56-month peak against the yen.</p>
<p>The dollar drew strength from widespread expectations of another rise in U.S. interest rates and the mark came under pressure from recent data indicating little likelihood of a near-term rise in German interest rates.</p>
<p>The mark was also undermined by growing talk that flexibility in interpreting the Maastricht criteria would see the European single currency go ahead on time. That is seen as bad news for a robust currency like the mark.</p>
<p>The dollar had climbed to 1.7250 marks in late European trade, up over a pfennig on Tuesday's deals and its highest level since April 1994.</p>
<p>But some traders were getting cold feet about the chances of more rapid advances.</p>
<p>&quot;I think people may be getting a little bit nervous... The Bundesbank has expressed concern not too long ago about the level of dollar/mark when it wasn't as high as this,&quot; said Pat Magill, head of corporate trading at Daiwa Europe here.</p>
<p>&quot;I wouldn't be surprised to see comments from Bundesbank members now expressing some concerns about the level,&quot; he said.</p>
<p>Expectations of higher U.S. interest rates also drove the dollar up against the yen. It was trading at 126.83 yen late in the session, up over half a yen on Tuesday and at its highest level since August 1992.</p>
<p>Sterling was lifted by the dollar's rise and a strong bond market in Europe, climbing to 2.7947 marks in late trade compared with 2.7775 on Tuesday.</p>
<p>The dollar's advance helped boost European equities, which were seen as profiting from cheaper exports.</p>
<p>The rebound came despite an unsteady performance on Wall Street, which normally strongly influences bourses in Europe. It was down a few points as Europe closed after three days of gains.</p>
<p>Paris was the best performer, showing gains of 1.49 percent at the close. Traders said the franc's strength had encouraged hopes of an interest rate cut.</p>
<p>Frankfurt, which fell heavily last week, closed floor trade with gains of 0.9 percent. The market was up 1.1 percent in after-hours computerised trade near the close.</p>
<p>&quot;The dollar is the major theme today...&quot; a Frankfurt trader said.</p>
<p>London's advance, up 0.5 percent at the close, was more modest and reflected uncertainty over the May 1 election and fears that interest rates could be increased to curb a booming British economy.</p>
<p>&quot;Our market's strength is all about Wall Street. The Dow has been strong the past few days and we've been riding its coatails,&quot; the head of sales and trading at a major investment bank said.</p>
<p>CURRENCIES AT 1600 GMT</p>
<p>The dollar was quoted around 1.7250 marks and 126.83 yen, up from 1.7103 and 126.20 in late European trade on Tuesday.</p>
<p>STOCK MARKETS</p>
<p>LONDON - The FTSE-100 index ended up 23.0 points at 4,292.3.</p>
<p>FRANKFURT - The 30-share DAX index finished up 29.7 points at 3,359.46.</p>
<p>PARIS - The CAC-40 index closed up 38.55 points at 2,617.55.</p>
<p>PRECIOUS METALS</p>
<p>Gold closed at $347.95 an ounce, compared with the London close of $348.45 on Tuesday. Silver was at $4.79 in late trade, barely changed.</p>
</text>
<copyright>(c) Reuters Limited 1997</copyright>
<metadata>
<codes class="bip:countries:1.0">
  <code code="FRA">
    <editdetail attribution="Reuters BIP Coding Group" action="confirmed" date="1997-04-09"/>
  </code>
  <code code="GFR">
    <editdetail attribution="Reuters BIP Coding Group" action="confirmed" date="1997-04-09"/>
  </code>
  <code code="UK">
    <editdetail attribution="Reuters BIP Coding Group" action="confirmed" date="1997-04-09"/>
  </code>
</codes>
<codes class="bip:topics:1.0">
  <code code="M11">
    <editdetail attribution="Reuters BIP Coding Group" action="confirmed" date="1997-04-09"/>
  </code>
  <code code="M13">
    <editdetail attribution="Reuters BIP Coding Group" action="confirmed" date="1997-04-09"/>
  </code>
  <code code="M132">
    <editdetail attribution="Reuters BIP Coding Group" action="confirmed" date="1997-04-09"/>
  </code>
  <code code="M14">
    <editdetail attribution="Reuters BIP Coding Group" action="confirmed" date="1997-04-09"/>
  </code>
  <code code="M142">
    <editdetail attribution="Reuters BIP Coding Group" action="confirmed" date="1997-04-09"/>
  </code>
  <code code="MCAT">
    <editdetail attribution="Reuters BIP Coding Group" action="confirmed" date="1997-04-09"/>
  </code>
</codes>
<dc element="dc.date.created" value="1997-04-09"/>
<dc element="dc.publisher" value="Reuters Holdings Plc"/>
<dc element="dc.date.published" value="1997-04-09"/>
<dc element="dc.source" value="Reuters"/>
<dc element="dc.creator.location" value="LONDON"/>
<dc element="dc.creator.location.country.name" value="UK"/>
<dc element="dc.source" value="Reuters"/>
</metadata>
</newsitem>
