<?xml version="1.0" encoding="iso-8859-1" ?>
<newsitem itemid="496092" id="root" date="1997-04-09" xml:lang="en">
<title>FINLAND: NOKIA, UPM INVIGORATE HELSINKI, BUT JITTERS REMAIN.</title>
<headline>NOKIA, UPM INVIGORATE HELSINKI, BUT JITTERS REMAIN.</headline>
<dateline>HELSINKI 1997-04-09</dateline>
<text>
<p>Shares ended higher on</p>
<p>Wednesday, with the HEX index tacking on more than a percent</p>
<p>after moderate trading with Nokia and UPM standing out, but</p>
<p>doubts remained about the strength of the trend, brokers said.</p>
<p>&quot;We'll live in uncertainty until the Fed's next meeting,&quot;</p>
<p>one broker said, referring to the May FOMC meeting which may</p>
<p>produce a move in key rates.</p>
<p>Nokia A closed 3.90 markka higher at 308.90 after touching</p>
<p>309.00 in fair 161 million markka volume, helped by recent</p>
<p>strength in U.S. tech stocks and in the dollar, brokers said.</p>
<p>Forestries outperformed: UPM was lively, up 5.00 to 116.00.</p>
<p>&quot;The strong dollar explains UPM's gains,&quot; one broker said,</p>
<p>but another said investors were buying in ahead of the April 11</p>
<p>ex-dividend date.</p>
<p>Tamro rose 0.40 markka to 33.00 on several block trades</p>
<p>carried out at buy-order prices, brokers said.</p>
<p>Neste ended flat at 126.00 markka, recoverying from early</p>
<p>declines as it went ex dividend.</p>
<p>Valmet rose 2.50 markka to 89.50, also helped by the strong</p>
<p>dollar, brokers said.</p>
<p>-- Helsinki newsroom +3589 6805 0247, e-mail news@reuters.fi</p>
</text>
<copyright>(c) Reuters Limited 1997</copyright>
<metadata>
<codes class="bip:countries:1.0">
  <code code="FIN">
    <editdetail attribution="Reuters BIP Coding Group" action="confirmed" date="1997-04-09"/>
  </code>
</codes>
<codes class="bip:topics:1.0">
  <code code="M11">
    <editdetail attribution="Reuters BIP Coding Group" action="confirmed" date="1997-04-09"/>
  </code>
  <code code="MCAT">
    <editdetail attribution="Reuters BIP Coding Group" action="confirmed" date="1997-04-09"/>
  </code>
</codes>
<dc element="dc.date.created" value="1997-04-09"/>
<dc element="dc.publisher" value="Reuters Holdings Plc"/>
<dc element="dc.date.published" value="1997-04-09"/>
<dc element="dc.source" value="Reuters"/>
<dc element="dc.creator.location" value="HELSINKI"/>
<dc element="dc.creator.location.country.name" value="FINLAND"/>
<dc element="dc.source" value="Reuters"/>
</metadata>
</newsitem>
