<?xml version="1.0" encoding="iso-8859-1" ?>
<newsitem itemid="496080" id="root" date="1997-04-09" xml:lang="en">
<title>ESTONIA: HOIUPANK SAYS NOT INTERESTED IN LITIMPEKS BANK.</title>
<headline>HOIUPANK SAYS NOT INTERESTED IN LITIMPEKS BANK.</headline>
<dateline>TALLINN 1997-04-09</dateline>
<text>
<p>Estonia's Hoiupank said on Wednesdsay that it was no longer interested in buying a stake in Lithuania's Litimpeks Bank.</p>
<p>&quot;We don't see opportunities to invest in Litimpeks now,&quot; Aare Kilp, a member of Hoiupank's board, said in response to a question at a news conference.</p>
<p>&quot;We will not make an offer,&quot; he said.</p>
<p>The bank's chairman, Olari Taal, said at the same news conference that &quot;We have lost interest in light of our present knowledge about the bank,&quot; but would not elaborate.</p>
<p>Officials at Litimpeks were not immeidately available for comment.</p>
<p>In January, Hoiupank's board decided to discuss investment possibilities with three Lithuanian banks, Ukio Bank, the Agricultural Bank and Litimpeks Bank.</p>
<p>The bank said earlier that it wanted to begin operations in Lithuania by this summer.</p>
<p>--Eva Palu, Tallinn newsroom +372 6 308400</p>
</text>
<copyright>(c) Reuters Limited 1997</copyright>
<metadata>
<codes class="bip:countries:1.0">
  <code code="ESTNIA">
    <editdetail attribution="Reuters BIP Coding Group" action="confirmed" date="1997-04-09"/>
  </code>
  <code code="LITH">
    <editdetail attribution="Reuters BIP Coding Group" action="confirmed" date="1997-04-09"/>
  </code>
</codes>
<codes class="bip:industries:1.0">
  <code code="I81402">
    <editdetail attribution="Reuters BIP Coding Group" action="confirmed" date="1997-04-09"/>
  </code>
  <code code="I81403">
    <editdetail attribution="Reuters BIP Coding Group" action="confirmed" date="1997-04-09"/>
  </code>
</codes>
<codes class="bip:topics:1.0">
  <code code="C18">
    <editdetail attribution="Reuters BIP Coding Group" action="confirmed" date="1997-04-09"/>
  </code>
  <code code="C181">
    <editdetail attribution="Reuters BIP Coding Group" action="confirmed" date="1997-04-09"/>
  </code>
  <code code="CCAT">
    <editdetail attribution="Reuters BIP Coding Group" action="confirmed" date="1997-04-09"/>
  </code>
</codes>
<dc element="dc.date.created" value="1997-04-09"/>
<dc element="dc.publisher" value="Reuters Holdings Plc"/>
<dc element="dc.date.published" value="1997-04-09"/>
<dc element="dc.source" value="Reuters"/>
<dc element="dc.creator.location" value="TALLINN"/>
<dc element="dc.creator.location.country.name" value="ESTONIA"/>
<dc element="dc.source" value="Reuters"/>
</metadata>
</newsitem>
