<?xml version="1.0" encoding="iso-8859-1" ?>
<newsitem itemid="496045" id="root" date="1997-04-09" xml:lang="en">
<title>SLOVAKIA: PRESS DIGEST - CENTRAL/EAST EUROPE - APRIL 9.</title>
<headline>PRESS DIGEST - CENTRAL/EAST EUROPE - APRIL 9.</headline>
<dateline>VIENNA 1997-04-09</dateline>
<text>
<p>(Contains Slovakia, Slovenia and Austria)</p>
<p>SLOVAKIA:</p>
<p>PRAVDA - Opposition Christian Democratic Movement (KDH) deputy Mikulas Dzurinda said the the planned joint-venture between Slovakia's state-run gas distrubutor SPP and the Russian Gazprom will increase Bratislava's dependance on Russia.</p>
<p>HOSPODARSKE NOVINY - The Economics Ministry said it was not considering re-imposing an import surcharge, but added that prepared measures designed to help improve the trade balance could include quotas on unspecified imports.</p>
<p>- Finance Minister Sergej Kozlik and the EBRD are expected to negotiate the sale of the bank's stake in Slovak oil refiner Slovnaft to the government at the fortchoming annual meeting of the EBRD.</p>
<p>- Slovakia and Greece on Tuesday signed an air traffic agreement.</p>
<p>NARODNA OBRODA - Steel producer VSZ will suply steel pipes to a planned water system in Montenegro. The contract is worth some $12 million, the main contractor is Slovak construction company Hydrostav.</p>
<p>SME - The Slovak government demands that Czech President Vaclav Havel apologises for his recent comments on Slovakia's integration into NATO. -- Bratislava Newsroom, 421-7-521-8402</p>
<p>SLOVENIA:</p>
<p>DELO</p>
<p>- Slovenian Foreign Minister Zoran Thaler met his Hungarian counterpart Laszlo Kovacs on Tuesday, they discussed  mutual cooperation and possibilities of the two states to join NATO in the first round of its enlargement.</p>
<p>- Prime Minster Janez Drnovsek on Tuesday called trade unions and employers to sign an agreement on social benefits as soon as possible.</p>
<p>- Costs for opening custodian accounts for international portfolio investors should be lower in order to increase compatitiveness of Slovenian banks, finance minister said on Tuesday.</p>
<p>- A four-day financial fair Kapital 97 was opened by Finance Minister Mitja Gaspari, on Tuesday.</p>
<p>- Slovenian government said it will ensure 3.2 billion tolars ($20.4 million) for science and research activities in the first half of this year.</p>
<p>- Paper-mill Radece said it managed to cut its 1996 losses to 127 million tolars down from 1.7 billion in 1995. Radece planned to lift this year's paper production to 38,000 tonnes from 32,000 in the previous year.</p>
<p>DNEVNIK</p>
<p>- Slovenian government is expected to decide whether to lift drug prices by 6.3 percent on Thursday.</p>
<p>FINANCE</p>
<p>- Construction company SCT on Tuesday reported its 1996 profit of 26 million tolars, breaking out of red figures for the first time after three years of lack of business. REUTER</p>
<p>AUSTRIA:</p>
<p>The following are the main stories from Wednesday morning's Austrian newspapers:</p>
<p>DER STANDARD</p>
<p>- New legal action is planned against the labour contract laws, which were introduced last year, after the constitutional court decided the charges so far were not suitable.</p>
<p>- Steelmaker Boehler-Uddeholm will raise its dividend to 26 schillings from 25 even though pre-tax profits slacked to 1.3 billion schillings from 1.5 billion. After restructuring measures expansion is planned. A minority share in a unit of Germany's steelmaker Thyssen is also planned.</p>
<p>- Oil and chemicals producer OMV plans to cut more jobs even though pre-tax profits jumped to 2.92 billion schillngs from 2.19 billion. The dividend will be raised by three to 23 schillings.</p>
<p>- Austia's Chamber of Economy wants to save 500 million schillings by demanding fees for its assistance of export.</p>
<p>- The City of Vienna will subsidise innovative and technological companies with 470 million schillings this year.</p>
<p>- Constructor Porr, a unit of Creditanstalt, is slowly starting cooperation with contructor Universale both of which were brought together by the latter's parent Bank Austria's takeover of Creditanstalt.</p>
<p>- Austria's paper industry hopes for a slow improvement of the economy as sales went down ten percent in 1996.</p>
<p>- Papermaker Frantschach expects to be awarded the majority stake of Poland's biggest papermaker. A co-operation with Germany's Vereingte Papierfabriken is also planned.</p>
<p>- The European Union's ruling on transit through the Alps is expected for June at a special minister's council. Austria threatens to impose a ban on trucks driving at night on the country's main transit route.</p>
<p>DIE PRESSE</p>
<p>- The Social Democrat Party has sold its 100-million-schilling stake in Austria's central bank. It is expected that the stake was sold to Bank Austria.</p>
<p>- Health Minister Lore Hostasch announced the government will continue its austerity measures in the health area too as long as it does not threaten the quality of treatment for patients.</p>
<p>- Austria's exporters are showing too little interest in trade with Asia. While the trading deficit with Japan could successfully be reduced, trade with China can still be improved.</p>
<p>- Austria's state-owned Post &amp; Telekom Austria (PTA) plans to double pofits by the year 2000 even though the market will be liberalised and telephone prices will sink by cutting up to 8,000 jobs and increasing the profitability of the company.</p>
<p>- A strategic partner for PTA's mobile phone unit Mobilkom should be found by the end of the month. Four international groups have shown interest so far.</p>
<p>- Wolfgang Ruttenstorfer, state secretary for the Finance Ministry, has repeated the government's stand that the introduction of the European Union's single currency euro will not lead to rises of prices or fees. The government will check on retailers not to raise prices.</p>
<p>KURIER</p>
<p>- First balances of Austria's budget in the first quarter show a slump in tax income.</p>
<p>- Conservative party leader Wolfgang Schuessel says his party is &quot;consciously conservative&quot; to increase the difference to the senior coalition partners.</p>
<p>- Austrian papermakers demand free access to a liberalised electricity market as it fears high costs in international competition.</p>
<p>WIRTSCHAFTSBLATT</p>
<p>- Shareholders are protesting against a new takeover law which would make offers for small shareholders up to 25 percent lower.</p>
<p>- Real estate company Erste Immobilien AG will raise its capital to 1.215 million schillings by the sale of shares worth 202,5 million schillings.</p>
</text>
<copyright>(c) Reuters Limited 1997</copyright>
<metadata>
<codes class="bip:countries:1.0">
  <code code="AUST">
    <editdetail attribution="Reuters BIP Coding Group" action="confirmed" date="1997-04-09"/>
  </code>
  <code code="HUNG">
    <editdetail attribution="Reuters BIP Coding Group" action="confirmed" date="1997-04-09"/>
  </code>
  <code code="SLVAK">
    <editdetail attribution="Reuters BIP Coding Group" action="confirmed" date="1997-04-09"/>
  </code>
  <code code="SLVNIA">
    <editdetail attribution="Reuters BIP Coding Group" action="confirmed" date="1997-04-09"/>
  </code>
</codes>
<codes class="bip:topics:1.0">
  <code code="GCAT">
    <editdetail attribution="Reuters BIP Coding Group" action="confirmed" date="1997-04-09"/>
  </code>
</codes>
<dc element="dc.date.created" value="1997-04-09"/>
<dc element="dc.publisher" value="Reuters Holdings Plc"/>
<dc element="dc.date.published" value="1997-04-09"/>
<dc element="dc.source" value="Reuters"/>
<dc element="dc.creator.location" value="VIENNA"/>
<dc element="dc.creator.location.country.name" value="SLOVAKIA"/>
<dc element="dc.source" value="Reuters"/>
</metadata>
</newsitem>
