<?xml version="1.0" encoding="iso-8859-1" ?>
<newsitem itemid="496066" id="root" date="1997-04-09" xml:lang="en">
<title>ESTONIA: ESTONIA - GREY ECONOMY ESTIMATED AT 13.6 PCT OF GDP.</title>
<headline>ESTONIA - GREY ECONOMY ESTIMATED AT 13.6 PCT OF GDP.</headline>
<dateline>TALLINN 1997-04-09</dateline>
<text>
<p>The share of Estonia's gross domestic product (GDP) attributable to the grey or shadow economy is 13.6 percent, according to estimates released by the country's statistics department on Wednesday.  </p>
<p>The state missed out on 2.1 billion kroons in taxes because of the shadow economy's operation, the office said in a statement.</p>
<p>The lost revenue includes enterprise income taxes worth 200 million kroons, an additional 200 million kroons in private income tax, 400 million kroons in social insurance tax and indirect taxes worth 400 million kroons.</p>
<p>-- Tallinn newsroom, +372 630 8400, reuters@reuters.ee</p>
</text>
<copyright>(c) Reuters Limited 1997</copyright>
<metadata>
<codes class="bip:countries:1.0">
  <code code="ESTNIA">
    <editdetail attribution="Reuters BIP Coding Group" action="confirmed" date="1997-04-09"/>
  </code>
</codes>
<codes class="bip:topics:1.0">
  <code code="E11">
    <editdetail attribution="Reuters BIP Coding Group" action="confirmed" date="1997-04-09"/>
  </code>
  <code code="ECAT">
    <editdetail attribution="Reuters BIP Coding Group" action="confirmed" date="1997-04-09"/>
  </code>
</codes>
<dc element="dc.date.created" value="1997-04-09"/>
<dc element="dc.publisher" value="Reuters Holdings Plc"/>
<dc element="dc.date.published" value="1997-04-09"/>
<dc element="dc.source" value="Reuters"/>
<dc element="dc.creator.location" value="TALLINN"/>
<dc element="dc.creator.location.country.name" value="ESTONIA"/>
<dc element="dc.source" value="Reuters"/>
</metadata>
</newsitem>
