<?xml version="1.0" encoding="iso-8859-1" ?>
<newsitem itemid="496011" id="root" date="1997-04-09" xml:lang="en">
<title>USA: BASEBALL-BRAVES WIN FIFTH STRAIGHT GAME.</title>
<headline>BASEBALL-BRAVES WIN FIFTH STRAIGHT GAME.</headline>
<dateline>ATLANTA 1997-04-09</dateline>
<text>
<p>Tom Glavine allowed four hits over seven scoreless innings and Jeff Blauser went 4-for-4 with three runs as the Atlanta Braves won their fifth straight game, 4-2 over the Houston Astros on Tuesday.</p>
<p>Glavine (2-0) walked two and struck out four in improving to 8-10 lifetime against the Astros. He is the winningest pitcher in the major leagues since 1991, with 108 victories. Mark Wohlers struck out two in a perfect ninth inning for his third save.</p>
<p>Blauser has hit in his last eight at-bats, two away from the National League record shared by nine players.</p>
<p>Kenny Lofton had three hits and two RBI for the Braves.</p>
<p>In Los Angeles, John Olerud went 4-for-4 with two runs scored and an RBI while Bobby Jones pitched eight solid innings for his second win as the New York Mets defeated the Los Angeles Dodgers, 5-3.</p>
<p>Todd Hundley and Bernard Gilkey drove in two runs apiece for the Mets. Greg McMichael worked a 1-2-3 ninth for his first save.</p>
<p>&quot;Just location,&quot; Dodgers manager Bill Russell responded when asked what was wrong with Valdes' performance.  &quot;Olerud came up in the right spot and Johnson was getting on base in front of him.&quot;</p>
<p>&quot;I felt good,&quot; said Olerud. &quot;He (Valdes) came after me with a lot of fastballs. &quot;He tried to get ahead early.  I'm trying to get more out of my lower body and I had a real good spring.&quot;</p>
<p>In San Diego, Steve Cooke, Rich Loiselle and John Ericks combined on a one-hitter and Tony Womack's two-run triple accounted for all the scoring as the Pittsburgh Pirates blanked the San Diego Padres, 2-0.</p>
<p>Cooke (1-1) allowed one hit, walked one and struck out three in seven innings for his first win since July 10th, 1994 as he improved to 2-2 lifetime against the Padres. Cooke threw just 73 pitches and retired 12 consecutive batters before he was replaced by Loiselle to begin the eighth.</p>
<p>&quot;I worked my butt off to get back to this point,&quot; said Cooke missed all of 1995 with shoulder trouble and pitched just three games last season.</p>
<p>In St Louis, Willie McGee's solo homer with two outs in the bottom of the ninth inning lifted the St. Louis Cardinals to their first win of the season, 2-1 over the Montreal Expos.</p>
<p>Ugueth Urbina (1-1) got Tom Lampkin to foul out and struck out Roberto Mejia on three pitches to begin the ninth before McGee hit his first pitch over the right-field wall for his first home run of the season.</p>
<p>&quot;You dream of things like that, but I'm not that type of hitter,&quot; McGee said. &quot;I've always been strong enough but I'm a line-drive hitter that's why I think I've been consistent over the years because I stay within myself.&quot;</p>
<p>Reliever Mark Petkovsek (1-1) limited Montreal to two hits and struck out three over four scoreless innings for the victory.</p>
<p>In San Francisco, Scott Rolen's two-out single in the seventh scored Gregg Jefferies with the go-ahead run as the Philadelphia Phillies nipped the San Francisco Giants, 2-1.</p>
<p>Mark Leiter (1-1) became the first person other than Curt Schilling to win for Philadelphia, giving up an unearned run and three hits over seven innings for his first win against his former team.</p>
<p>Ricky Bottalico struck out three of the four batters he faced for his third save.</p>
</text>
<copyright>(c) Reuters Limited 1997</copyright>
<metadata>
<codes class="bip:countries:1.0">
  <code code="USA">
    <editdetail attribution="Reuters BIP Coding Group" action="confirmed" date="1997-04-09"/>
  </code>
</codes>
<codes class="bip:topics:1.0">
  <code code="GCAT">
    <editdetail attribution="Reuters BIP Coding Group" action="confirmed" date="1997-04-09"/>
  </code>
  <code code="GSPO">
    <editdetail attribution="Reuters BIP Coding Group" action="confirmed" date="1997-04-09"/>
  </code>
</codes>
<dc element="dc.date.created" value="1997-04-09"/>
<dc element="dc.publisher" value="Reuters Holdings Plc"/>
<dc element="dc.date.published" value="1997-04-09"/>
<dc element="dc.source" value="Reuters"/>
<dc element="dc.creator.location" value="ATLANTA"/>
<dc element="dc.creator.location.country.name" value="USA"/>
<dc element="dc.source" value="Reuters"/>
</metadata>
</newsitem>
