<?xml version="1.0" encoding="iso-8859-1" ?>
<newsitem itemid="496059" id="root" date="1997-04-09" xml:lang="en">
<title>ESTONIA: ESTONIA-BOURSE SAYS GETS 80 PCT OF SHARE TRADE.</title>
<headline>ESTONIA-BOURSE SAYS GETS 80 PCT OF SHARE TRADE.</headline>
<dateline>TALLINN 1997-04-09</dateline>
<text>
<p>The turnover of Tallinn stock exchange accounts for 80 percent of Estonia's total stock market turnover, bourse managing director Helo Meigas said Wednesday.</p>
<p>&quot;Almost the whole trade goes through the stock exchange,&quot; Meigas told Reuters in an interview.</p>
<p>The turnover of Estonian shares was 1.4 billion kroons in March and the Tallinn stock exchange saw trade of 1.26 billion kroons. In Latvia, the OTC market accounted for 44.8 percent of total turnover in March.</p>
<p>Shares quoted on the over-the-counter market include textile firm Klementi, Leks Insurance, which is soon to join the stock exchange, Emex, a metals trader, Liviko, Estonia's largest producer of alchohol, and various bonds.</p>
<p>Stocks which are also quoted on the stock exchange or traded on the free market account for one to four percent of OTC trade.</p>
<p>Meigas said that Tallinn stock exchange accounted for 90 percent of actual trades.</p>
<p>The high share of stock exchange in total turnover has been stable since last October, Meigas said. The size of OTC trade market was about 30 percent before October, she added.</p>
<p>&quot;The opening of the free-market has played an important role here,&quot; she said.</p>
<p>The companies on the free market have no listing obligations but use the infrastructure of the bourse.</p>
<p>&quot;Market participants have realised that it is more convenient to make deals through the stock exchange,&quot; she added.</p>
<p>-- Eva Palu, Tallinn newsroom, +372 630 8400, reuters@reuters.ee</p>
</text>
<copyright>(c) Reuters Limited 1997</copyright>
<metadata>
<codes class="bip:countries:1.0">
  <code code="ESTNIA">
    <editdetail attribution="Reuters BIP Coding Group" action="confirmed" date="1997-04-09"/>
  </code>
</codes>
<codes class="bip:topics:1.0">
  <code code="M11">
    <editdetail attribution="Reuters BIP Coding Group" action="confirmed" date="1997-04-09"/>
  </code>
  <code code="MCAT">
    <editdetail attribution="Reuters BIP Coding Group" action="confirmed" date="1997-04-09"/>
  </code>
</codes>
<dc element="dc.date.created" value="1997-04-09"/>
<dc element="dc.publisher" value="Reuters Holdings Plc"/>
<dc element="dc.date.published" value="1997-04-09"/>
<dc element="dc.source" value="Reuters"/>
<dc element="dc.creator.location" value="TALLINN"/>
<dc element="dc.creator.location.country.name" value="ESTONIA"/>
<dc element="dc.source" value="Reuters"/>
</metadata>
</newsitem>
