<?xml version="1.0" encoding="iso-8859-1" ?>
<newsitem itemid="496048" id="root" date="1997-04-09" xml:lang="en">
<title>LATVIA: LATEST ECONOMIC INDICATORS - LATVIA.</title>
<headline>LATEST ECONOMIC INDICATORS - LATVIA.</headline>
<text>
<p>RIGA, Reuter - Latvia's latest economic statistics for 1997, in percentage changes on a month-to-month basis unless otherwise indicated. (* = updated this week)</p>
<p> INDICATOR		   PERIOD     PCT    A YR AGO</p>
<p> Consumer Price Index*     March    0.4	1.5</p>
<p> Consumer prices (Yr/Yr)   March    8.7     20.2</p>
<p> Trade balance (mln lats)  1996    -483     -271</p>
<p> GDP (mln lats)		Q3 96    718.61   580.80</p>
<p> GDP change yr/yr	    Q3 96   +3.8     -2.3</p>
<p> Producer Price Index (PPI)Feb	0.8	0.9</p>
<p> PPI (yr/yr)		   Feb	5.3	N/A</p>
<p> Unemployment (LB)	   Feb	7.5	6.8</p>
<p>LB=Labour Board figures based on percentage of workforce actively seeking jobs through the state labour exchange.</p>
<p>-- Riga Newsroom, +371 721 5240</p>
</text>
<copyright>(c) Reuters Limited 1997</copyright>
<metadata>
<codes class="bip:countries:1.0">
  <code code="LATV">
    <editdetail attribution="Reuters BIP Coding Group" action="confirmed" date="1997-04-09"/>
  </code>
</codes>
<codes class="bip:topics:1.0">
  <code code="E71">
    <editdetail attribution="Reuters BIP Coding Group" action="confirmed" date="1997-04-09"/>
  </code>
  <code code="ECAT">
    <editdetail attribution="Reuters BIP Coding Group" action="confirmed" date="1997-04-09"/>
  </code>
</codes>
<dc element="dc.publisher" value="Reuters Holdings Plc"/>
<dc element="dc.date.published" value="1997-04-09"/>
<dc element="dc.source" value="Reuters"/>
<dc element="dc.creator.location.country.name" value="LATVIA"/>
<dc element="dc.source" value="Reuters"/>
</metadata>
</newsitem>
