<?xml version="1.0" encoding="iso-8859-1" ?>
<newsitem itemid="496062" id="root" date="1997-04-09" xml:lang="en">
<title>ESTONIA: ESTONIA-HANSA SAYS THOMSON RATING POSITIVE.</title>
<headline>ESTONIA-HANSA SAYS THOMSON RATING POSITIVE.</headline>
<dateline>TALLINN 1997-04-09</dateline>
<text>
<p>Hansapank said on Wednesday the rating of Estonia and Hansapank by Thomson Bankwatch was positive and it wanted to get a rating from another top agency.</p>
<p>&quot;We think it is good and especially pleasant is their vision of Estonia, which is essentially better than Thomson's appraisal of Latvia and Lithuania,&quot; Rain Lohmus, Hansapank vice-chairman, told Reuters.</p>
<p>&quot;It makes us believe that if we order a rating from the other agencies, it would be quite good,&quot; he added.</p>
<p>&quot;It would be worth to get a rating to lower our interest expenses,&quot; he added.</p>
<p>Thomson earlier gave Estonia a sovereign risk rating of BBB- and rated Hansapank's short-term local currency debt of LC-1.</p>
<p>Lohmus said his bank would see a lower interest charge on a recently launched 100 million mark syndicated loan if the bank gets a rating by Moody's or Standard &amp; Poor's of at least BBB-.</p>
<p>&quot;Actually it would be good if the Estonian Republic got the rating for itself,&quot; Lohmus said.</p>
<p>-- Eva Palu, Tallinn Newsroom, +372 630 8400, reuters@reuters.ee</p>
</text>
<copyright>(c) Reuters Limited 1997</copyright>
<metadata>
<codes class="bip:countries:1.0">
  <code code="ESTNIA">
    <editdetail attribution="Reuters BIP Coding Group" action="confirmed" date="1997-04-09"/>
  </code>
  <code code="LATV">
    <editdetail attribution="Reuters BIP Coding Group" action="confirmed" date="1997-04-09"/>
  </code>
  <code code="LITH">
    <editdetail attribution="Reuters BIP Coding Group" action="confirmed" date="1997-04-09"/>
  </code>
</codes>
<codes class="bip:industries:1.0">
  <code code="I81402">
    <editdetail attribution="Reuters BIP Coding Group" action="confirmed" date="1997-04-09"/>
  </code>
</codes>
<codes class="bip:topics:1.0">
  <code code="C17">
    <editdetail attribution="Reuters BIP Coding Group" action="confirmed" date="1997-04-09"/>
  </code>
  <code code="C174">
    <editdetail attribution="Reuters BIP Coding Group" action="confirmed" date="1997-04-09"/>
  </code>
  <code code="CCAT">
    <editdetail attribution="Reuters BIP Coding Group" action="confirmed" date="1997-04-09"/>
  </code>
  <code code="E21">
    <editdetail attribution="Reuters BIP Coding Group" action="confirmed" date="1997-04-09"/>
  </code>
  <code code="E212">
    <editdetail attribution="Reuters BIP Coding Group" action="confirmed" date="1997-04-09"/>
  </code>
  <code code="ECAT">
    <editdetail attribution="Reuters BIP Coding Group" action="confirmed" date="1997-04-09"/>
  </code>
</codes>
<dc element="dc.date.created" value="1997-04-09"/>
<dc element="dc.publisher" value="Reuters Holdings Plc"/>
<dc element="dc.date.published" value="1997-04-09"/>
<dc element="dc.source" value="Reuters"/>
<dc element="dc.creator.location" value="TALLINN"/>
<dc element="dc.creator.location.country.name" value="ESTONIA"/>
<dc element="dc.source" value="Reuters"/>
</metadata>
</newsitem>
