<?xml version="1.0" encoding="iso-8859-1" ?>
<newsitem itemid="496006" id="root" date="1997-04-09" xml:lang="en">
<title>USA: BASEBALL-MAJOR LEAGUE STANDINGS AFTER TUESDAY'S GAMES.</title>
<headline>BASEBALL-MAJOR LEAGUE STANDINGS AFTER TUESDAY'S GAMES.</headline>
<dateline>NEW YORK 1997-04-09</dateline>
<text>
<p>Standings of Major League</p>
<p>Baseball teams after games played on Tuesday (tabulate under</p>
<p>wins, losses, winning percentage and games behind first):</p>
<p>	    AMERICAN LEAGUE</p>
<p>	    EAST DIVISION</p>
<p>			 W    L   PCT  GB</p>
<p> BALTIMORE	   4    2  .667   -</p>
<p> BOSTON		4    3  .571     1/2</p>
<p> NY YANKEES	  3    4  .429   1 1/2</p>
<p> DETROIT	     3    4  .429   1 1/2</p>
<p> TORONTO	     2    3  .400   1 1/2</p>
<p>	     CENTRAL DIVISION</p>
<p>			 W    L   PCT  GB</p>
<p> MILWAUKEE	   3    2  .600   -</p>
<p> CLEVELAND	   4    3  .571   -</p>
<p> MINNESOTA	   4    3  .571   -</p>
<p> KANSAS CITY	 3    3  .500     1/2</p>
<p> CHI WHITE SOX     2    3  .400   1</p>
<p>	     WEST DIVISION</p>
<p>			 W    L   PCT  GB</p>
<p> OAKLAND	     4    3  .571   -</p>
<p> ANAHEIM	     3    4  .429   1</p>
<p> SEATTLE	     3    4  .429   1</p>
<p> TEXAS		 2    3  .400   1</p>
<p>WEDNESDAY, APRIL 9TH SCHEDULE</p>
<p> MINNESOTA AT DETROIT	    </p>
<p> TORONTO AT CHI WHITE SOX	</p>
<p> BOSTON AT OAKLAND		 </p>
<p> CLEVELAND AT SEATTLE	    </p>
<p> TEXAS AT MILWAUKEE		</p>
<p> BALTIMORE AT KANSAS CITY	</p>
<p> NY YANKEES AT ANAHEIM	   </p>
<p>	     NATIONAL LEAGUE</p>
<p>	     EAST DIVISION</p>
<p>			 W    L   PCT  GB</p>
<p> FLORIDA	     6    1  .857   -</p>
<p> ATLANTA	     5    2  .714   1</p>
<p> MONTREAL	    3    4  .429   3</p>
<p> PHILADELPHIA	3    5  .375   3 1/2</p>
<p> NY METS	     3    5  .375   3 1/2</p>
<p>	     CENTRAL DIVISION</p>
<p>			 W    L   PCT  GB</p>
<p> HOUSTON	     5    2  .714   -</p>
<p> CINCINNATI	  3    4  .429   2</p>
<p> PITTSBURGH	  3    4  .429   2</p>
<p> ST LOUIS	    1    6  .143   4</p>
<p> CHICAGO CUBS	0    7  .000   5</p>
<p>	     WEST DIVISION</p>
<p>			 W    L   PCT  GB</p>
<p> COLORADO	    5    2  .714   -</p>
<p> SAN DIEGO	   5    3  .625     1/2</p>
<p> LOS ANGELES	 5    3  .625     1/2</p>
<p> SAN FRANCISCO     4    3  .571   1</p>
<p>WEDNESDAY, APRIL 9TH SCHEDULE</p>
<p>PHILADELPHIA AT SAN FRANCISCO </p>
<p> CINCINNATI AT COLORADO	  </p>
<p> HOUSTON AT ATLANTA		</p>
<p> NY METS AT LOS ANGELES	  </p>
<p> PITTSBURGH AT SAN DIEGO</p>
</text>
<copyright>(c) Reuters Limited 1997</copyright>
<metadata>
<codes class="bip:countries:1.0">
  <code code="USA">
    <editdetail attribution="Reuters BIP Coding Group" action="confirmed" date="1997-04-09"/>
  </code>
</codes>
<codes class="bip:topics:1.0">
  <code code="GCAT">
    <editdetail attribution="Reuters BIP Coding Group" action="confirmed" date="1997-04-09"/>
  </code>
  <code code="GSPO">
    <editdetail attribution="Reuters BIP Coding Group" action="confirmed" date="1997-04-09"/>
  </code>
</codes>
<dc element="dc.date.created" value="1997-04-09"/>
<dc element="dc.publisher" value="Reuters Holdings Plc"/>
<dc element="dc.date.published" value="1997-04-09"/>
<dc element="dc.source" value="Reuters"/>
<dc element="dc.creator.location" value="NEW YORK"/>
<dc element="dc.creator.location.country.name" value="USA"/>
<dc element="dc.source" value="Reuters"/>
</metadata>
</newsitem>
