<?xml version="1.0" encoding="iso-8859-1" ?>
<newsitem itemid="496131" id="root" date="1997-04-09" xml:lang="en">
<title>UK: Portugal's EDP buys up to 75,000 tonnes HS fuel.</title>
<headline>Portugal's EDP buys up to 75,000 tonnes HS fuel.</headline>
<dateline>LONDON 1997-04-09</dateline>
<text>
<p>Portugal's state electricty company Electricidade de Portugal EdP bought up to 75,000 tonnes of high sulphur fuel oil by tender on Wednesday, company officials and trade sources said.</p>
<p>German trading firm Stinnes will supply one cargo while U.S. refiner and trading company Koch won the bid to supply two others, traders said. Delivery dates are April 21-25, April 26-30 and May 4-8.</p>
<p>The price was heard to be around $8 above the average of the north European and Mediterranean fob quotations.</p>
<p>-- London newsroom +44 171 542 8060</p>
</text>
<copyright>(c) Reuters Limited 1997</copyright>
<metadata>
<codes class="bip:countries:1.0">
  <code code="PORL">
    <editdetail attribution="Reuters BIP Coding Group" action="confirmed" date="1997-04-09"/>
  </code>
  <code code="UK">
    <editdetail attribution="Reuters BIP Coding Group" action="confirmed" date="1997-04-09"/>
  </code>
</codes>
<codes class="bip:topics:1.0">
  <code code="M14">
    <editdetail attribution="Reuters BIP Coding Group" action="confirmed" date="1997-04-09"/>
  </code>
  <code code="M143">
    <editdetail attribution="Reuters BIP Coding Group" action="confirmed" date="1997-04-09"/>
  </code>
  <code code="MCAT">
    <editdetail attribution="Reuters BIP Coding Group" action="confirmed" date="1997-04-09"/>
  </code>
</codes>
<dc element="dc.date.created" value="1997-04-09"/>
<dc element="dc.publisher" value="Reuters Holdings Plc"/>
<dc element="dc.date.published" value="1997-04-09"/>
<dc element="dc.source" value="Reuters"/>
<dc element="dc.creator.location" value="LONDON"/>
<dc element="dc.creator.location.country.name" value="UK"/>
<dc element="dc.source" value="Reuters"/>
</metadata>
</newsitem>
