<?xml version="1.0" encoding="iso-8859-1" ?>
<newsitem itemid="496127" id="root" date="1997-04-09" xml:lang="en">
<title>UK: Iran buys cargo of white sugar - traders.</title>
<headline>Iran buys cargo of white sugar - traders.</headline>
<dateline>LONDON 1997-04-09</dateline>
<text>
<p>Iran bought at least one cargo of white sugar at its recent tender, European sugar traders said on Wednesday.</p>
<p>The specified shipment period was May 15/June 15 and traders said the reported price was $316.00, fob basis, though this has yet to be confirmed.</p>
<p>Iran tendered on Monday to buy one to two cargoes of white sugar but market sources said it was still uncertain whether any business was concluded.</p>
<p>This might have prompted Iran's Government Trading Corporation (GTC) to enter the market again on Wednesday, they said.</p>
<p>Last month Iran bought a cargo of whites for April/May shipment at around $314 from a leading London trade house. --London Newsroom +44 171 542 8064</p>
</text>
<copyright>(c) Reuters Limited 1997</copyright>
<metadata>
<codes class="bip:countries:1.0">
  <code code="UK">
    <editdetail attribution="Reuters BIP Coding Group" action="confirmed" date="1997-04-09"/>
  </code>
</codes>
<codes class="bip:topics:1.0">
  <code code="M14">
    <editdetail attribution="Reuters BIP Coding Group" action="confirmed" date="1997-04-09"/>
  </code>
  <code code="M141">
    <editdetail attribution="Reuters BIP Coding Group" action="confirmed" date="1997-04-09"/>
  </code>
  <code code="MCAT">
    <editdetail attribution="Reuters BIP Coding Group" action="confirmed" date="1997-04-09"/>
  </code>
</codes>
<dc element="dc.date.created" value="1997-04-09"/>
<dc element="dc.publisher" value="Reuters Holdings Plc"/>
<dc element="dc.date.published" value="1997-04-09"/>
<dc element="dc.source" value="Reuters"/>
<dc element="dc.creator.location" value="LONDON"/>
<dc element="dc.creator.location.country.name" value="UK"/>
<dc element="dc.source" value="Reuters"/>
</metadata>
</newsitem>
