<?xml version="1.0" encoding="iso-8859-1" ?>
<newsitem itemid="496109" id="root" date="1997-04-09" xml:lang="en">
<title>UK: UK opinion polls send mixed messages.</title>
<headline>UK opinion polls send mixed messages.</headline>
<dateline>LONDON 1997-04-09</dateline>
<text>
<p>Prime Minister John Major's Conservatives took heart from an opinion poll to be published on Thursday showing a significant erosion of Labour's lead ahead of Britain's general election on May 1.</p>
<p>But another poll suggested that Labour had widened its lead and was heading for a landslide victory.</p>
<p>A MORI poll for The Times showed a six point rise in Conservative support to 34 percent and a six point fall for Labour to 49 percent, with the Liberal Democrats on 12 percent.</p>
<p>Major told reporters the reduction in Labour's lead to 15 points, compared with 27 points last week, indicated that the election campaign was finally taking off, with voters focussing on issues rather than so-called &quot;sleaze&quot; stories.</p>
<p>Party officials said the Conservatives also drew comfort from a Gallup poll for Channel 4 television news which said 50 percent of voters were not firmly committed to voting for one party or another.</p>
<p>The poll gave Labour 54 percent support, the Conservatives 31 percent and the Liberal Democrats 10 percent.</p>
<p>But the Labour lead dropped to 14 points when people who were not certain to vote, those who might switch their vote and those with no history of vote switching were excluded.</p>
<p>A Gallup poll for Thursday's Daily Telegraph gave Labour 53 percent, the Conservatives 30 percent and the Liberal Democrats 11 percent. It said Labour's lead had widened to 23 points from 19 points last Wednesday.</p>
<p>&quot;Key to the Tories' (Conservatives') inability to make consistent inroads on the Labour lead is the issue of trust,&quot; The Telegraph said.</p>
<p>&quot;Attempts by the Tories to show the Labour Party are shifting their ground on policy issues such as privatisation seem to be backfiring.&quot;</p>
</text>
<copyright>(c) Reuters Limited 1997</copyright>
<metadata>
<codes class="bip:countries:1.0">
  <code code="UK">
    <editdetail attribution="Reuters BIP Coding Group" action="confirmed" date="1997-04-09"/>
  </code>
</codes>
<codes class="bip:topics:1.0">
  <code code="GCAT">
    <editdetail attribution="Reuters BIP Coding Group" action="confirmed" date="1997-04-09"/>
  </code>
  <code code="GPOL">
    <editdetail attribution="Reuters BIP Coding Group" action="confirmed" date="1997-04-09"/>
  </code>
  <code code="GVOTE">
    <editdetail attribution="Reuters BIP Coding Group" action="confirmed" date="1997-04-09"/>
  </code>
</codes>
<dc element="dc.date.created" value="1997-04-09"/>
<dc element="dc.publisher" value="Reuters Holdings Plc"/>
<dc element="dc.date.published" value="1997-04-09"/>
<dc element="dc.source" value="Reuters"/>
<dc element="dc.creator.location" value="LONDON"/>
<dc element="dc.creator.location.country.name" value="UK"/>
<dc element="dc.source" value="Reuters"/>
</metadata>
</newsitem>
