<?xml version="1.0" encoding="iso-8859-1" ?>
<newsitem itemid="496110" id="root" date="1997-04-09" xml:lang="en">
<title>UK: IPE Brent closes down after technical sell-off.</title>
<headline>IPE Brent closes down after technical sell-off.</headline>
<dateline>LONDON 1997-04-09</dateline>
<text>
<p>IPE May Brent futures shed earlier gains on Wednesday, closing 20 cents lower at $17.73, as the contract was pushed down by last-hour technical selling after breaking through $18.00 support. &quot;There's no new news out...It's pretty good trade selling on a break of $18.00,&quot; one broker said.</p>
<p>The May Brent contract gained value earlier in the  day, hitting a high of $18.34 a barrel shortly after NYMEX opened.</p>
<p>Traders said the contract was buoyed earlier by technicals and the gains the contract made throughout most of the day followed modestly bullish weekly American Petroleum Institute (API) inventory data, released late on Tuesday. &quot;We went through support at $18.03 then (the psychologically important) $18.00 and then the stops got triggered,&quot; a second broker said of Brent's downward trend in the late trading in London.</p>
<p>Brokers said the next support level for May Brent was $17.65 -- the nine-month low it hit last Friday. Brent touched a low of $17.72 in late afternoon trade on.</p>
<p>April gas oil futures closed 25 cents down at $162.50 per tonne after good paper selling in the contract which expires on Thursday, brokers said.</p>
<p>&quot;Obviously the market closed on the low side. We had a bounce an hour or so before the close back up to $163.50. Heating oil once again ticked off and we got a quite a lot of good paper selling in (April) gas oil,&quot; one broker said.</p>
<p>&quot;Gas oil has actually given up a little bit against the heating oil,&quot; he added.</p>
<p>April gas oil closed $2.00 off the day's high of $164.50.</p>
<p>May gas oil, which hit a high of $166 in earlier trade, closed up 25 cents at $164.25.</p>
<p>--Haitham Haddadin, London newsroom +44 171 542 8145</p>
</text>
<copyright>(c) Reuters Limited 1997</copyright>
<metadata>
<codes class="bip:countries:1.0">
  <code code="UK">
    <editdetail attribution="Reuters BIP Coding Group" action="confirmed" date="1997-04-09"/>
  </code>
</codes>
<codes class="bip:topics:1.0">
  <code code="M14">
    <editdetail attribution="Reuters BIP Coding Group" action="confirmed" date="1997-04-09"/>
  </code>
  <code code="M143">
    <editdetail attribution="Reuters BIP Coding Group" action="confirmed" date="1997-04-09"/>
  </code>
  <code code="MCAT">
    <editdetail attribution="Reuters BIP Coding Group" action="confirmed" date="1997-04-09"/>
  </code>
</codes>
<dc element="dc.date.created" value="1997-04-09"/>
<dc element="dc.publisher" value="Reuters Holdings Plc"/>
<dc element="dc.date.published" value="1997-04-09"/>
<dc element="dc.source" value="Reuters"/>
<dc element="dc.creator.location" value="LONDON"/>
<dc element="dc.creator.location.country.name" value="UK"/>
<dc element="dc.source" value="Reuters"/>
</metadata>
</newsitem>
