<?xml version="1.0" encoding="iso-8859-1" ?>
<newsitem itemid="496189" id="root" date="1997-04-09" xml:lang="en">
<title>UK: Grand Met up after Kleinwort, UBS support.</title>
<headline>Grand Met up after Kleinwort, UBS support.</headline>
<dateline>LONDON 1997-04-09</dateline>
<text>
<p>Shares in Grand Metropolitan Plc, the Burger King to Smirnoff vodka food and drinks group, rose on Wednesday after positive comment from analysts at Dresdner Kleinwort Benson and UBS, dealers said.</p>
<p>At Kleinwort, analysts advised switching into the stock and out of Allied Domecq Plc while at UBS analysts repeated a &quot;buy&quot; recommendation.</p>
<p>Analysts at both brokerages were not immediately available for comment.</p>
<p>The stock was up 7p or 1.45 percent at 490 by 1414 GMT, near its year's high of 504p set on March 20. Allied was down 2-1/2p at 441-1/2.</p>
<p>-- David Holmes, London Newsroom + 44 171 542 4367</p>
</text>
<copyright>(c) Reuters Limited 1997</copyright>
<metadata>
<codes class="bip:countries:1.0">
  <code code="UK">
    <editdetail attribution="Reuters BIP Coding Group" action="confirmed" date="1997-04-09"/>
  </code>
</codes>
<codes class="bip:industries:1.0">
  <code code="I42400">
    <editdetail attribution="Reuters BIP Coding Group" action="confirmed" date="1997-04-09"/>
  </code>
</codes>
<codes class="bip:topics:1.0">
  <code code="C15">
    <editdetail attribution="Reuters BIP Coding Group" action="confirmed" date="1997-04-09"/>
  </code>
  <code code="C152">
    <editdetail attribution="Reuters BIP Coding Group" action="confirmed" date="1997-04-09"/>
  </code>
  <code code="CCAT">
    <editdetail attribution="Reuters BIP Coding Group" action="confirmed" date="1997-04-09"/>
  </code>
</codes>
<dc element="dc.date.created" value="1997-04-09"/>
<dc element="dc.publisher" value="Reuters Holdings Plc"/>
<dc element="dc.date.published" value="1997-04-09"/>
<dc element="dc.source" value="Reuters"/>
<dc element="dc.creator.location" value="LONDON"/>
<dc element="dc.creator.location.country.name" value="UK"/>
<dc element="dc.source" value="Reuters"/>
</metadata>
</newsitem>
