<?xml version="1.0" encoding="iso-8859-1" ?>
<newsitem itemid="496190" id="root" date="1997-04-09" xml:lang="en">
<title>UK: Tomkins to buy U.S. Strant for 372 mln stg.</title>
<headline>Tomkins to buy U.S. Strant for 372 mln stg.</headline>
<dateline>LONDON 1997-04-09</dateline>
<text>
<p>UK engineering-to-baking combine Tomkins Plc said on Wednesday that it has agreed to buy U.S. firm Stant Corp for 372 million pounds ($604.7 million).</p>
<p>It said in a statement that a tender offer for all Stant's shares will be launched at $21.50 per share in cash, valuing Stant's equity at $406 million.  </p>
<p>Tomkins will also assume Stant's estimated debt of around 200 million pounds ($325.1 million) and will fund the purchase from its cash resources.</p>
<p>The company said that Bessemer Capital Partners LP of New York, which owns 56.9 percent of Stant, had agreed to tender its shares to Tomkins.</p>
<p>&quot;Stant expands our product offering to the automotive original equipment market and increases the range and volume of products we can distribute through Gates Rubber Company,&quot; said Tomkins' chairman Greg Hutchings.</p>
<p>Tomkins said it was confident that the purchase would enhance earnings.</p>
<p>Stant, which employs over 7,000 people, manufactures automotive wind-shielding systems, wiper blades, closure caps and engine thermostats.</p>
<p>--London Newsroom +44 171 542 4019</p>
<p>($ = 0.615 British Pounds)</p>
</text>
<copyright>(c) Reuters Limited 1997</copyright>
<metadata>
<codes class="bip:countries:1.0">
  <code code="UK">
    <editdetail attribution="Reuters BIP Coding Group" action="confirmed" date="1997-04-09"/>
  </code>
  <code code="USA">
    <editdetail attribution="Reuters BIP Coding Group" action="confirmed" date="1997-04-09"/>
  </code>
</codes>
<codes class="bip:industries:1.0">
  <code code="I35300">
    <editdetail attribution="Reuters BIP Coding Group" action="confirmed" date="1997-04-09"/>
  </code>
  <code code="I83960">
    <editdetail attribution="Reuters BIP Coding Group" action="confirmed" date="1997-04-09"/>
  </code>
</codes>
<codes class="bip:topics:1.0">
  <code code="C18">
    <editdetail attribution="Reuters BIP Coding Group" action="confirmed" date="1997-04-09"/>
  </code>
  <code code="C181">
    <editdetail attribution="Reuters BIP Coding Group" action="confirmed" date="1997-04-09"/>
  </code>
  <code code="CCAT">
    <editdetail attribution="Reuters BIP Coding Group" action="confirmed" date="1997-04-09"/>
  </code>
</codes>
<dc element="dc.date.created" value="1997-04-09"/>
<dc element="dc.publisher" value="Reuters Holdings Plc"/>
<dc element="dc.date.published" value="1997-04-09"/>
<dc element="dc.source" value="Reuters"/>
<dc element="dc.creator.location" value="LONDON"/>
<dc element="dc.creator.location.country.name" value="UK"/>
<dc element="dc.source" value="Reuters"/>
</metadata>
</newsitem>
