<?xml version="1.0" encoding="iso-8859-1" ?>
<newsitem itemid="496134" id="root" date="1997-04-09" xml:lang="en">
<title>UK: LIFFE sugar futures end firm, May tests resistance.</title>
<headline>LIFFE sugar futures end firm, May tests resistance.</headline>
<dateline>LONDON 1997-04-09</dateline>
<text>
<p>LIFFE white sugar futures continued to push higher during Wednesday evening trading, bouyed by a strong New York market, and ended firmer across the spectrum.</p>
<p>Traders said spot May tested the waters above $312.50 resistance at one point before closing just below the highs as the position continued to square up ahead of expiry next week.</p>
<p>The trend was reflective of New York futures, where technical strength lifted that market to six-month peaks.</p>
<p>May closed at $312.50 a tonne, slightly off seven-week highs, but still up $1.90 from Tuesday. Turnover was 6,462 lots.</p>
<p>Traders said the London market was likely to see more more against actuals and crosses in the overall volume as part of the usual book-squaring before the spot May contract goes off the board next week.</p>
<p>--London Newsroom 44 171 542 8080</p>
</text>
<copyright>(c) Reuters Limited 1997</copyright>
<metadata>
<codes class="bip:countries:1.0">
  <code code="UK">
    <editdetail attribution="Reuters BIP Coding Group" action="confirmed" date="1997-04-09"/>
  </code>
</codes>
<codes class="bip:topics:1.0">
  <code code="M14">
    <editdetail attribution="Reuters BIP Coding Group" action="confirmed" date="1997-04-09"/>
  </code>
  <code code="M141">
    <editdetail attribution="Reuters BIP Coding Group" action="confirmed" date="1997-04-09"/>
  </code>
  <code code="MCAT">
    <editdetail attribution="Reuters BIP Coding Group" action="confirmed" date="1997-04-09"/>
  </code>
</codes>
<dc element="dc.date.created" value="1997-04-09"/>
<dc element="dc.publisher" value="Reuters Holdings Plc"/>
<dc element="dc.date.published" value="1997-04-09"/>
<dc element="dc.source" value="Reuters"/>
<dc element="dc.creator.location" value="LONDON"/>
<dc element="dc.creator.location.country.name" value="UK"/>
<dc element="dc.source" value="Reuters"/>
</metadata>
</newsitem>
