<?xml version="1.0" encoding="iso-8859-1" ?>
<newsitem itemid="645035" id="root" date="1997-06-07" xml:lang="en">
<title>USA: GOLF-THIRD ROUND LEADERS AT KEMPER OPEN.</title>
<headline>GOLF-THIRD ROUND LEADERS AT KEMPER OPEN.</headline>
<dateline>POTOMAC, Maryland 1997-06-07</dateline>
<text>
<p>Leading scores after</p>
<p>the third round of the $1.5 million Kemper Open golf</p>
<p>tournament on Saturday (U.S. unless noted):</p>
<p>202 Mark Wiebe 69 67 66</p>
<p>205 Mike Springer 68 70 67</p>
<p>206 Nick Faldo (Britain) 73 65 68</p>
<p>207 Joey Sindelar 71 68 68, Justin Leonard 69 69 69</p>
<p>208 David Sutherland 72 71 65, Dan Forsman 72 71 65, Loren</p>
<p>Roberts 70 69 69, Paul Stankowski 67 72 69, John Morse 69 68</p>
<p>71</p>
<p>209 Jeff Maggert 72 69 68, Jim McGovern 72 69 68, Mark Brooks</p>
<p>69 71 69</p>
<p>210 Rafael Alarcon (Mexico) 70 72 68, Phil Mickelson 69 73</p>
<p>68, Jay Don Blake 70 72 68, Davis Love 73 68 69, Taylor Smith</p>
<p>69 71 70, Paul Azinger 69 71 70, Stuart Appleby (Australia) 71</p>
<p>69 70, Jose Maria Olazabal (Spain) 70 69 71, Nick Price</p>
<p>(Zimbabwe) 66 72 72, Greg Norman (Australia) 66 71 73, Tom</p>
<p>Lehman 68 69 73</p>
<p>Add non-U.S. scores:</p>
<p>211 Brad Hughes (Australia) 69 73 69, Phil Tataurangi (New</p>
<p>Zealand) 71 71 69</p>
<p>212 Kazuhiko Hosokawa (Japan) 70 70 72</p>
<p>213 David Frost (South Africa) 73 68 72</p>
<p>214 Vijay Singh (Fiji) 73 70 71</p>
<p>216 Craig Parry (Australia) 73 68 75</p>
</text>
<copyright>(c) Reuters Limited 1997</copyright>
<metadata>
<codes class="bip:countries:1.0">
  <code code="USA">
    <editdetail attribution="Reuters BIP Coding Group" action="confirmed" date="1997-06-07"/>
  </code>
</codes>
<codes class="bip:topics:1.0">
  <code code="GCAT">
    <editdetail attribution="Reuters BIP Coding Group" action="confirmed" date="1997-06-07"/>
  </code>
  <code code="GSPO">
    <editdetail attribution="Reuters BIP Coding Group" action="confirmed" date="1997-06-07"/>
  </code>
</codes>
<dc element="dc.date.created" value="1997-06-07"/>
<dc element="dc.publisher" value="Reuters Holdings Plc"/>
<dc element="dc.date.published" value="1997-06-07"/>
<dc element="dc.source" value="Reuters"/>
<dc element="dc.creator.location" value="POTOMAC, Maryland"/>
<dc element="dc.creator.location.country.name" value="USA"/>
<dc element="dc.source" value="Reuters"/>
</metadata>
</newsitem>
