<?xml version="1.0" encoding="iso-8859-1" ?>
<newsitem itemid="645065" id="root" date="1997-06-07" xml:lang="en">
<title>UK: CRICKET-BANGLADESH SEEK TEST STATUS.</title>
<headline>CRICKET-BANGLADESH SEEK TEST STATUS.</headline>
<dateline>BIRMINGHAM, England 1997-06-07</dateline>
<text>
<p>Bangladesh  could become the next test-playing country, but may have to wait a while longer, the International Cricket Council (ICC) chief executive said on Saturday.</p>
<p>Their application is on the agenda of the ICC annual meeting in London next week.</p>
<p>&quot;They've got 115 million people and have won the ICC Trophy (to qualify for the 1999 World Cup),&quot; said David Richards, the ICC's chief executive.</p>
<p>&quot;Their cricket culture goes back a long time. But it's probably more likely in the foreseeable future rather than next week.&quot;</p>
<p>Full membership of the ICC, granted at present to only nine countries, is required before a country can play test matches. Bangladesh became an associate member in 1977.</p>
<p>A cricket world championship, based on test match results, will also be discussed at the meeting.</p>
<p>At present there are only unofficial versions, such as that promoted by the influential Wisden Cricketers' Almanack.</p>
</text>
<copyright>(c) Reuters Limited 1997</copyright>
<metadata>
<codes class="bip:countries:1.0">
  <code code="BANDH">
    <editdetail attribution="Reuters BIP Coding Group" action="confirmed" date="1997-06-07"/>
  </code>
  <code code="UK">
    <editdetail attribution="Reuters BIP Coding Group" action="confirmed" date="1997-06-07"/>
  </code>
</codes>
<codes class="bip:topics:1.0">
  <code code="GCAT">
    <editdetail attribution="Reuters BIP Coding Group" action="confirmed" date="1997-06-07"/>
  </code>
  <code code="GSPO">
    <editdetail attribution="Reuters BIP Coding Group" action="confirmed" date="1997-06-07"/>
  </code>
</codes>
<dc element="dc.date.created" value="1997-06-07"/>
<dc element="dc.publisher" value="Reuters Holdings Plc"/>
<dc element="dc.date.published" value="1997-06-07"/>
<dc element="dc.source" value="Reuters"/>
<dc element="dc.creator.location" value="BIRMINGHAM, England"/>
<dc element="dc.creator.location.country.name" value="UK"/>
<dc element="dc.source" value="Reuters"/>
</metadata>
</newsitem>
