<?xml version="1.0" encoding="iso-8859-1" ?>
<newsitem itemid="645098" id="root" date="1997-06-07" xml:lang="en">
<title>SOUTH AFRICA: RUGBY-NORTHERN TRANSVAAL BEAT BRITISH LIONS 35-30 IN TOUR MATCH.</title>
<headline>RUGBY-NORTHERN TRANSVAAL BEAT BRITISH LIONS 35-30 IN TOUR MATCH.</headline>
<dateline>PRETORIA 1997-06-07</dateline>
<text>
<p>Northern Transvaal beat the British Lions 35-30 (halftime 18-7)in their rugby union tour match on Saturday:</p>
<p>Scorers:</p>
<p>Northern Transvaal - Tries: Danie van Schalkwyk (2), Casper Steyn, Adriaan Richter. Conversions: Steyn (3). Penalties: Steyn (3)</p>
<p>British Lions - Tries: Jeremy Guscott (2), Gregor Townsend. Conversions: Tim Stimpson (3). Penalties: Stimpson (3).</p>
</text>
<copyright>(c) Reuters Limited 1997</copyright>
<metadata>
<codes class="bip:countries:1.0">
  <code code="SAFR">
    <editdetail attribution="Reuters BIP Coding Group" action="confirmed" date="1997-06-07"/>
  </code>
  <code code="UK">
    <editdetail attribution="Reuters BIP Coding Group" action="confirmed" date="1997-06-07"/>
  </code>
</codes>
<codes class="bip:topics:1.0">
  <code code="GCAT">
    <editdetail attribution="Reuters BIP Coding Group" action="confirmed" date="1997-06-07"/>
  </code>
  <code code="GSPO">
    <editdetail attribution="Reuters BIP Coding Group" action="confirmed" date="1997-06-07"/>
  </code>
</codes>
<dc element="dc.date.created" value="1997-06-07"/>
<dc element="dc.publisher" value="Reuters Holdings Plc"/>
<dc element="dc.date.published" value="1997-06-07"/>
<dc element="dc.source" value="Reuters"/>
<dc element="dc.creator.location" value="PRETORIA"/>
<dc element="dc.creator.location.country.name" value="SOUTH AFRICA"/>
<dc element="dc.source" value="Reuters"/>
</metadata>
</newsitem>
