<?xml version="1.0" encoding="iso-8859-1" ?>
<newsitem itemid="645124" id="root" date="1997-06-07" xml:lang="en">
<title>MOROCCO: SOCCER-MOROCCO BEAT GHANA 1-0 IN WORLD CUP QUALIFIER.</title>
<headline>SOCCER-MOROCCO BEAT GHANA 1-0 IN WORLD CUP QUALIFIER.</headline>
<dateline>CASABLANCA, Morocco 1997-06-07</dateline>
<text>
<p>Morocco beat Ghana</p>
<p>1-0 in a World Cup African zone group five qualifier on</p>
<p>Saturday.</p>
<p>Scorer - Khalid Raghib 77.</p>
<p>Halftime 0-0. Attendance 90,000.</p>
<p>    Standings	    P   W   D   L   F   A    Pts</p>
<p> Morocco		   5   4   1   0  12   2     13</p>
<p> Ghana		     5   1   3   1   7   5	6</p>
<p> Sierra Leone	    4   1   1   2   2   6	4</p>
<p> Gabon		     4   0   1   3   1   9	1</p>
<p>Remaining matches: Aug 17 Morocco v Gabon, TBA Gabon v</p>
<p>Sierra Leone, Ghana v Sierra Leone.</p>
</text>
<copyright>(c) Reuters Limited 1997</copyright>
<metadata>
<codes class="bip:countries:1.0">
  <code code="GHANA">
    <editdetail attribution="Reuters BIP Coding Group" action="confirmed" date="1997-06-07"/>
  </code>
  <code code="MOROC">
    <editdetail attribution="Reuters BIP Coding Group" action="confirmed" date="1997-06-07"/>
  </code>
</codes>
<codes class="bip:topics:1.0">
  <code code="GCAT">
    <editdetail attribution="Reuters BIP Coding Group" action="confirmed" date="1997-06-07"/>
  </code>
  <code code="GSPO">
    <editdetail attribution="Reuters BIP Coding Group" action="confirmed" date="1997-06-07"/>
  </code>
</codes>
<dc element="dc.date.created" value="1997-06-07"/>
<dc element="dc.publisher" value="Reuters Holdings Plc"/>
<dc element="dc.date.published" value="1997-06-07"/>
<dc element="dc.source" value="Reuters"/>
<dc element="dc.creator.location" value="CASABLANCA, Morocco"/>
<dc element="dc.creator.location.country.name" value="MOROCCO"/>
<dc element="dc.source" value="Reuters"/>
</metadata>
</newsitem>
