<?xml version="1.0" encoding="iso-8859-1" ?>
<newsitem itemid="645153" id="root" date="1997-06-07" xml:lang="en">
<title>GERMANY: SOCCER-BAYERN STRIP MATTHAEUS OF CAPTAINCY.</title>
<headline>SOCCER-BAYERN STRIP MATTHAEUS OF CAPTAINCY.</headline>
<dateline>BONN 1997-06-07</dateline>
<text>
<p>Lothar Matthaeus was dropped as captain of German champions Bayern Munich on Saturday following the newspaper publication of his &quot;Secret Diaries&quot;, an insight into the club's season.</p>
<p>Bayern chairman Franz Beckenbauer said defender Thomas Helmer would take over as skipper.</p>
<p>&quot;There are serious problems for Lothar. The diary was taken very badly by the board,&quot; said Bayern business manager Uli Hoeness.</p>
<p>The diary appeared on Friday and included details of a 10,000 marks ($5,800) bet Matthaeus made against former Bayern striker Juergen Klinsmann scoring 15 goals in the season.</p>
<p>Matthaeus lost the wager, made with Hoeness last winter, as Klinsmann scored precisely 15 goals helping Bayern win a record 14th title.</p>
<p>Sampdoria-bound Klinsmann was shocked by the bet and said he could no longer take his former team mate seriously.</p>
</text>
<copyright>(c) Reuters Limited 1997</copyright>
<metadata>
<codes class="bip:countries:1.0">
  <code code="GFR">
    <editdetail attribution="Reuters BIP Coding Group" action="confirmed" date="1997-06-07"/>
  </code>
</codes>
<codes class="bip:topics:1.0">
  <code code="GCAT">
    <editdetail attribution="Reuters BIP Coding Group" action="confirmed" date="1997-06-07"/>
  </code>
  <code code="GSPO">
    <editdetail attribution="Reuters BIP Coding Group" action="confirmed" date="1997-06-07"/>
  </code>
</codes>
<dc element="dc.date.created" value="1997-06-07"/>
<dc element="dc.publisher" value="Reuters Holdings Plc"/>
<dc element="dc.date.published" value="1997-06-07"/>
<dc element="dc.source" value="Reuters"/>
<dc element="dc.creator.location" value="BONN"/>
<dc element="dc.creator.location.country.name" value="GERMANY"/>
<dc element="dc.source" value="Reuters"/>
</metadata>
</newsitem>
