<?xml version="1.0" encoding="iso-8859-1" ?>
<newsitem itemid="645105" id="root" date="1997-06-07" xml:lang="en">
<title>HUNGARY: SOCCER-HUNGARY V NORWAY TEAMS.</title>
<headline>SOCCER-HUNGARY V NORWAY TEAMS.</headline>
<dateline>BUDAPEST 1997-06-07</dateline>
<text>
<p>Hungary and Norway teams named on Saturday for Sunday's World Cup European group three qualifier:</p>
<p>Hungary: Gabor Babos; Emil Lorincz, Janos Banfi, Attila Kuttor, Tibor Dombi, Laszlo Farkashazy, Tamas Sandor, Gabor Halmai, Norbert Nagy, Ferenc Orosz, Zoltan Kovacs.</p>
<p>Norway: Frode Grodaas; Alf-Inge Haland, Henning Berg, Ronny Johnsen, Stig Inge Bjorneby, Petter Rudi, Erik Mykland, Kjetil Rekdal, Oyvind Leonhardsen, Frank Strandli, Tore A. Flo.</p>
</text>
<copyright>(c) Reuters Limited 1997</copyright>
<metadata>
<codes class="bip:countries:1.0">
  <code code="HUNG">
    <editdetail attribution="Reuters BIP Coding Group" action="confirmed" date="1997-06-07"/>
  </code>
  <code code="NORW">
    <editdetail attribution="Reuters BIP Coding Group" action="confirmed" date="1997-06-07"/>
  </code>
</codes>
<codes class="bip:topics:1.0">
  <code code="GCAT">
    <editdetail attribution="Reuters BIP Coding Group" action="confirmed" date="1997-06-07"/>
  </code>
  <code code="GSPO">
    <editdetail attribution="Reuters BIP Coding Group" action="confirmed" date="1997-06-07"/>
  </code>
</codes>
<dc element="dc.date.created" value="1997-06-07"/>
<dc element="dc.publisher" value="Reuters Holdings Plc"/>
<dc element="dc.date.published" value="1997-06-07"/>
<dc element="dc.source" value="Reuters"/>
<dc element="dc.creator.location" value="BUDAPEST"/>
<dc element="dc.creator.location.country.name" value="HUNGARY"/>
<dc element="dc.source" value="Reuters"/>
</metadata>
</newsitem>
