<?xml version="1.0" encoding="iso-8859-1" ?>
<newsitem itemid="645146" id="root" date="1997-06-07" xml:lang="en">
<title>BELGIUM: SOCCER-BELGIUM BEAT SAN MARINO 6-0 IN WORLD CUP QUALIFIER.</title>
<headline>SOCCER-BELGIUM BEAT SAN MARINO 6-0 IN WORLD CUP QUALIFIER.</headline>
<dateline>BRUSSELS 1997-06-07</dateline>
<text>
<p>Belgium beat San Marino</p>
<p>6-0 (halftime 5-0) in their World Cup European group seven</p>
<p>qualifier on Saturday.</p>
<p>Scorers: Lorenzo Staelens 16, 85, Eric Van Meir 26, Lokonda</p>
<p>Mpenza 27, 45, Luis Oliveira 33</p>
<p>Attendance: 22,000</p>
<p>Teams:</p>
<p>Belgium: 1-Filip De Wilde, 2-Bertrand Crasson (13-Filip</p>
<p>Haagdoren 73), 3-Bart De Roover, 4-Eric Van Meir, 5-Gordan</p>
<p>Vidovic, 6-Franky Van der Elst (17-Rudi Smidts 85), 7-Lorenzo</p>
<p>Staelens, 10-Dominique Lemoine, 11-Nico Van Kerckhoven, 8-Luis</p>
<p>Oliveira, 9-Lokonda Mpenza (14-Gilles De Bilde 73)</p>
<p>San Marino: 1-Federico Gasperoni, 2-Vittorio Valentini,</p>
<p>3-Damiano Vannucci, 4-Luca Gobbi (16-Angelo Manzaroli 72),</p>
<p>5-Mauro Valentini, 6-William Guerra, 8-Marco Mazza, 10-Domenico</p>
<p>Della Valle, 11-Bryan Gasperoni, 9- Paolo Montagna (14-Luca</p>
<p>Gatti 55), 7-Nicola Bacciocchi (15-Luciano Mularoni 82)</p>
<p>    Standings     P   W   D   L   F  A   Pts</p>
<p> Netherlands	6   5   0   1  23   3   15</p>
<p> Belgium	    6   5   0   1  16   6   15</p>
<p> Turkey	     5   2   1   2  10   5    7</p>
<p> Wales		6   2   1   3  14  12    7</p>
<p> San Marino	 7   0   0   7   0  37    0</p>
<p>Next match: Aug 20 - Turkey v Wales</p>
</text>
<copyright>(c) Reuters Limited 1997</copyright>
<metadata>
<codes class="bip:countries:1.0">
  <code code="BELG">
    <editdetail attribution="Reuters BIP Coding Group" action="confirmed" date="1997-06-07"/>
  </code>
  <code code="SMARNO">
    <editdetail attribution="Reuters BIP Coding Group" action="confirmed" date="1997-06-07"/>
  </code>
</codes>
<codes class="bip:topics:1.0">
  <code code="GCAT">
    <editdetail attribution="Reuters BIP Coding Group" action="confirmed" date="1997-06-07"/>
  </code>
  <code code="GSPO">
    <editdetail attribution="Reuters BIP Coding Group" action="confirmed" date="1997-06-07"/>
  </code>
</codes>
<dc element="dc.date.created" value="1997-06-07"/>
<dc element="dc.publisher" value="Reuters Holdings Plc"/>
<dc element="dc.date.published" value="1997-06-07"/>
<dc element="dc.source" value="Reuters"/>
<dc element="dc.creator.location" value="BRUSSELS"/>
<dc element="dc.creator.location.country.name" value="BELGIUM"/>
<dc element="dc.source" value="Reuters"/>
</metadata>
</newsitem>
