<?xml version="1.0" encoding="iso-8859-1" ?>
<newsitem itemid="645132" id="root" date="1997-06-07" xml:lang="en">
<title>USA: BASEBALL-FRIDAY'S MAJOR LEAGUE RESULTS.</title>
<headline>BASEBALL-FRIDAY'S MAJOR LEAGUE RESULTS.</headline>
<dateline>NEW YORK 1997-06-07</dateline>
<text>
<p>Results of Major League</p>
<p>Baseball games on Friday (home team in CAPS):</p>
<p>		American League</p>
<p> Cleveland	   7    BOSTON	   3</p>
<p> Seattle	     6    DETROIT	  3</p>
<p> NY YANKEES	  6    Milwaukee	3</p>
<p> TORONTO	     4    Oakland	  1</p>
<p> CHI WHITE SOX     7    Baltimore	3</p>
<p> KANSAS CITY	 2    Texas	    1</p>
<p> MINNESOTA	   9    Anaheim	  7</p>
<p>		National League</p>
<p> CINCINNATI	  5    Ny Mets	  2</p>
<p> MONTREAL	    3    Chi Cubs	 0</p>
<p> PITTSBURGH	  5    Philadelphia   4 (10 innings)</p>
<p> St Louis	    3    LOS ANGELES    1</p>
<p> Houston	     8    SAN DIEGO	7</p>
<p> Atlanta	     9    SAN FRANCISCO  5</p>
<p> Florida	    at    COLORADO	   postponed-rain</p>
</text>
<copyright>(c) Reuters Limited 1997</copyright>
<metadata>
<codes class="bip:countries:1.0">
  <code code="CANA">
    <editdetail attribution="Reuters BIP Coding Group" action="confirmed" date="1997-06-07"/>
  </code>
  <code code="USA">
    <editdetail attribution="Reuters BIP Coding Group" action="confirmed" date="1997-06-07"/>
  </code>
</codes>
<codes class="bip:topics:1.0">
  <code code="GCAT">
    <editdetail attribution="Reuters BIP Coding Group" action="confirmed" date="1997-06-07"/>
  </code>
  <code code="GSPO">
    <editdetail attribution="Reuters BIP Coding Group" action="confirmed" date="1997-06-07"/>
  </code>
</codes>
<dc element="dc.date.created" value="1997-06-07"/>
<dc element="dc.publisher" value="Reuters Holdings Plc"/>
<dc element="dc.date.published" value="1997-06-07"/>
<dc element="dc.source" value="Reuters"/>
<dc element="dc.creator.location" value="NEW YORK"/>
<dc element="dc.creator.location.country.name" value="USA"/>
<dc element="dc.source" value="Reuters"/>
</metadata>
</newsitem>
