<?xml version="1.0" encoding="iso-8859-1" ?>
<newsitem itemid="645188" id="root" date="1997-06-07" xml:lang="en">
<title>LATVIA: GOVERNMENT LIST.</title>
<headline>GOVERNMENT LIST.</headline>
<text>
<p>LATVIA GOVERNMENT LIST (970607-2)</p>
<p> President......................................Guntis ULMANIS</p>
<p>(Re-elected 18 June 96 for a second term)</p>
<p>				- - - - - - -</p>
<p>CABINET (February 1997 - see end of list for party</p>
<p>affiliations)</p>
<p> Prime Minister..................................Andris SHKELE</p>
<p> Deputy Prime Minister Without Portfolio..Juris KAKSITIS (DPS)</p>
<p> Deputy Prime Minister..................Anatoly GORBUNOVS (LW)</p>
<p>(also Minister for Environment Protection &amp; Regional</p>
<p>Development)</p>
<p>				- - - - - - -</p>
<p>MINISTERS</p>
<p> Agriculture.................................Robert DILBA (FU)</p>
<p> Culture......................................Rihard PIKS (FU)</p>
<p> Defence...................................Talavs JUNDZIS (CD)</p>
<p> Economy....................................Guntar KRASTS (FF)</p>
<p> Education &amp; Science......................Juris CELMINSH (DPS)</p>
<p>Environment Protection &amp; Regional</p>
<p>     Development................................See Deputy Pms</p>
<p> Finance......................................Robert ZILE (FF)</p>
<p> Foreign...................................Valdis BIRKAVS (LW)</p>
<p> Interior.................................Dainis TURLAIS (DPS)</p>
<p> Justice..................................Dzintar RASNACH (FF)</p>
<p> Transport..............................Vilis KRISHTOPANS (LW)</p>
<p> Welfare.................................Vladimir MAKAROV (FF)</p>
<p>Without Portfolio, European</p>
<p>     Affairs........................Alexander KIRSHTEIN (LNNK)</p>
<p>			     - - - - - - -</p>
<p>STATE MINISTERS</p>
<p> Environment.............................Indulis EMSIS (Green)</p>
<p> Healthcare................................Juris VINKELIS (FF)</p>
<p> Local government.............................Erik ZUNDA (DPS)</p>
<p> Revenue.......................................Aija POCHA (LW)</p>
<p>			     - - - - - - -</p>
<p> Speaker of Parliament.........................Alfred CHEPANIS</p>
<p>			     - - - - - - -</p>
<p> Central Bank President..........................Einars REPSHE</p>
<p>			     - - - - - - -</p>
<p>PARTY AFFILIATIONS</p>
<p>CD - Christian Democrat</p>
<p>DPS - Democratic Party Saimnieks</p>
<p>FF - Fatherland and Freedom</p>
<p>FU - Farmers Union</p>
<p>LNNK - Latvian National Indepence Movement</p>
<p>LW - Latvia's Way</p>
<p>			     - - - - - - -</p>
<p>	 NOTE: Any comments/queries on the content of this</p>
<p>		 government list, please contact the Reuter</p>
<p>		 Editorial Reference Unit, London, on (171) 542</p>
<p>		 7968.</p>
<p>			  (End government list)</p>
</text>
<copyright>(c) Reuters Limited 1997</copyright>
<metadata>
<codes class="bip:countries:1.0">
  <code code="LATV">
    <editdetail attribution="Reuters BIP Coding Group" action="confirmed" date="1997-06-07"/>
  </code>
</codes>
<codes class="bip:topics:1.0">
  <code code="GCAT">
    <editdetail attribution="Reuters BIP Coding Group" action="confirmed" date="1997-06-07"/>
  </code>
  <code code="GPOL">
    <editdetail attribution="Reuters BIP Coding Group" action="confirmed" date="1997-06-07"/>
  </code>
</codes>
<dc element="dc.publisher" value="Reuters Holdings Plc"/>
<dc element="dc.date.published" value="1997-06-07"/>
<dc element="dc.source" value="Reuters"/>
<dc element="dc.creator.location.country.name" value="LATVIA"/>
<dc element="dc.source" value="Reuters"/>
</metadata>
</newsitem>
