<?xml version="1.0" encoding="iso-8859-1" ?>
<newsitem itemid="645182" id="root" date="1997-06-07" xml:lang="en">
<title>UK: Clarke favourite for UK Tory leadership first round.</title>
<headline>Clarke favourite for UK Tory leadership first round.</headline>
<dateline>LONDON 1997-06-07</dateline>
<text>
<p>Former British finance minister Kenneth Clarke is favourite to win the first round of voting for the leadership of the Conservative Party, ousted from government in elections on May 1.</p>
<p>Bookmakers William Hill make Clarke 5/6 favourite in Tuesday's ballot of Conservative members of parliament.</p>
<p>William Hague is second favourite at 6/5 with Peter Lilley at 11/2, Michael Howard at 16/1 and John Redwood a 33/1 outsider. All are former ministers.</p>
<p>The leadership contest is however likely to go to a second round between the two leading contenders.</p>
<p>Conservative leader John Major expressed his wish to step down from the job after the Labour Party won a landslide victory in the election.</p>
</text>
<copyright>(c) Reuters Limited 1997</copyright>
<metadata>
<codes class="bip:countries:1.0">
  <code code="UK">
    <editdetail attribution="Reuters BIP Coding Group" action="confirmed" date="1997-06-07"/>
  </code>
</codes>
<codes class="bip:topics:1.0">
  <code code="GCAT">
    <editdetail attribution="Reuters BIP Coding Group" action="confirmed" date="1997-06-07"/>
  </code>
  <code code="GPOL">
    <editdetail attribution="Reuters BIP Coding Group" action="confirmed" date="1997-06-07"/>
  </code>
  <code code="GVOTE">
    <editdetail attribution="Reuters BIP Coding Group" action="confirmed" date="1997-06-07"/>
  </code>
</codes>
<dc element="dc.date.created" value="1997-06-07"/>
<dc element="dc.publisher" value="Reuters Holdings Plc"/>
<dc element="dc.date.published" value="1997-06-07"/>
<dc element="dc.source" value="Reuters"/>
<dc element="dc.creator.location" value="LONDON"/>
<dc element="dc.creator.location.country.name" value="UK"/>
<dc element="dc.source" value="Reuters"/>
</metadata>
</newsitem>
