<?xml version="1.0" encoding="iso-8859-1" ?>
<newsitem itemid="645115" id="root" date="1997-06-07" xml:lang="en">
<title>GEORGIA: SOCCER-GEORGIA BEAT MOLDOVA 2-0 IN WORLD CUP QUALIFIER.</title>
<headline>SOCCER-GEORGIA BEAT MOLDOVA 2-0 IN WORLD CUP QUALIFIER.</headline>
<dateline>TBILISI 1997-06-07</dateline>
<text>
<p>Georgia beat Moldova 2-0</p>
<p>(halftime 1-0) in their World Cup European group two qualifier</p>
<p>in Batumi on Saturday.</p>
<p>Scorers: Shota Arveladze 27, Georgy Kinkladze 51 pen</p>
<p>Attendance: 17,000</p>
<p>    Standings	 P   W   D   L   F   A  Pts</p>
<p> Italy		  6   5   1   0  11   1  16</p>
<p> England		6   5   0   1  11   2  15</p>
<p> Poland		 5   1   1   3   3   8   4</p>
<p> Georgia		4   1   0   3   2   5   3</p>
<p> Moldova		5   0   0   5   2  13   0</p>
<p>Next match: June 14 - Poland v Georgia</p>
</text>
<copyright>(c) Reuters Limited 1997</copyright>
<metadata>
<codes class="bip:countries:1.0">
  <code code="GRGIA">
    <editdetail attribution="Reuters BIP Coding Group" action="confirmed" date="1997-06-07"/>
  </code>
  <code code="MOLDV">
    <editdetail attribution="Reuters BIP Coding Group" action="confirmed" date="1997-06-07"/>
  </code>
</codes>
<codes class="bip:topics:1.0">
  <code code="GCAT">
    <editdetail attribution="Reuters BIP Coding Group" action="confirmed" date="1997-06-07"/>
  </code>
  <code code="GSPO">
    <editdetail attribution="Reuters BIP Coding Group" action="confirmed" date="1997-06-07"/>
  </code>
</codes>
<dc element="dc.date.created" value="1997-06-07"/>
<dc element="dc.publisher" value="Reuters Holdings Plc"/>
<dc element="dc.date.published" value="1997-06-07"/>
<dc element="dc.source" value="Reuters"/>
<dc element="dc.creator.location" value="TBILISI"/>
<dc element="dc.creator.location.country.name" value="GEORGIA"/>
<dc element="dc.source" value="Reuters"/>
</metadata>
</newsitem>
