<?xml version="1.0" encoding="iso-8859-1" ?>
<newsitem itemid="645240" id="root" date="1997-06-07" xml:lang="en">
<title>COLOMBIA: Colombia to open coffee registrations Monday.</title>
<headline>Colombia to open coffee registrations Monday.</headline>
<dateline>BOGOTA 1997-06-06</dateline>
<text>
<p>Colombia's National Coffee Growers' Federation said it would open July-August coffee registrations for shipments by private exporters on Monday.</p>
<p>The federation previously announced, in a statement late Thursday, that no limits would be placed on shipments during the two-month period -- meaning that private exporters would be free to ship as much coffee as they can get their hands on given the extremely tight domestic supply situation.</p>
<p>A brief statement announcing the opening of regsitrations noted that a $0.30 premimum would be demanded for every pound of coffee sold on international markets. The preimum was previously set at $0.13 per pound but it was raised to $0.30 in mid-May, when the federation reopened May-June coffee registrations.</p>
<p>The federation gave no indication, in its statement Friday, as to when June registrations will close.</p>
<p>((-- Tom Brown, Bogota newsroom, 571 610 7944))</p>
</text>
<copyright>(c) Reuters Limited 1997</copyright>
<metadata>
<codes class="bip:countries:1.0">
  <code code="COL">
    <editdetail attribution="Reuters BIP Coding Group" action="confirmed" date="1997-06-07"/>
  </code>
</codes>
<codes class="bip:industries:1.0">
  <code code="I01001">
    <editdetail attribution="Reuters BIP Coding Group" action="confirmed" date="1997-06-07"/>
  </code>
  <code code="I0100137">
    <editdetail attribution="Reuters BIP Coding Group" action="confirmed" date="1997-06-07"/>
  </code>
</codes>
<codes class="bip:topics:1.0">
  <code code="C13">
    <editdetail attribution="Reuters BIP Coding Group" action="confirmed" date="1997-06-07"/>
  </code>
  <code code="C31">
    <editdetail attribution="Reuters BIP Coding Group" action="confirmed" date="1997-06-07"/>
  </code>
  <code code="CCAT">
    <editdetail attribution="Reuters BIP Coding Group" action="confirmed" date="1997-06-07"/>
  </code>
  <code code="M14">
    <editdetail attribution="Reuters BIP Coding Group" action="confirmed" date="1997-06-07"/>
  </code>
  <code code="M141">
    <editdetail attribution="Reuters BIP Coding Group" action="confirmed" date="1997-06-07"/>
  </code>
  <code code="MCAT">
    <editdetail attribution="Reuters BIP Coding Group" action="confirmed" date="1997-06-07"/>
  </code>
</codes>
<dc element="dc.date.created" value="1997-06-06"/>
<dc element="dc.publisher" value="Reuters Holdings Plc"/>
<dc element="dc.date.published" value="1997-06-07"/>
<dc element="dc.source" value="Reuters"/>
<dc element="dc.creator.location" value="BOGOTA"/>
<dc element="dc.creator.location.country.name" value="COLOMBIA"/>
<dc element="dc.source" value="Reuters"/>
</metadata>
</newsitem>
