<?xml version="1.0" encoding="iso-8859-1" ?>
<newsitem itemid="645270" id="root" date="1997-06-07" xml:lang="en">
<title>CHINA: China province sees record summer grain harvest.</title>
<headline>China province sees record summer grain harvest.</headline>
<dateline>BEIJING 1997-06-07</dateline>
<text>
<p>China's big grain producing province of Henan is expected to have a record summer grain harvest of 23.68 billion kg, a year-on-year increase of 15.4 percent, the official Xinhua news agency said.</p>
<p>The expected rise in output in the central province was attributed to favourable weather and encouraging farmers to plant high-yield strains of wheat.</p>
<p>It also said local governments were offering farmers more credit and state purchasing prices for grain had been raised. It gave no further details.</p>
</text>
<copyright>(c) Reuters Limited 1997</copyright>
<metadata>
<codes class="bip:countries:1.0">
  <code code="CHINA">
    <editdetail attribution="Reuters BIP Coding Group" action="confirmed" date="1997-06-07"/>
  </code>
</codes>
<codes class="bip:industries:1.0">
  <code code="I01001">
    <editdetail attribution="Reuters BIP Coding Group" action="confirmed" date="1997-06-07"/>
  </code>
  <code code="I0100132">
    <editdetail attribution="Reuters BIP Coding Group" action="confirmed" date="1997-06-07"/>
  </code>
</codes>
<codes class="bip:topics:1.0">
  <code code="C21">
    <editdetail attribution="Reuters BIP Coding Group" action="confirmed" date="1997-06-07"/>
  </code>
  <code code="C24">
    <editdetail attribution="Reuters BIP Coding Group" action="confirmed" date="1997-06-07"/>
  </code>
  <code code="CCAT">
    <editdetail attribution="Reuters BIP Coding Group" action="confirmed" date="1997-06-07"/>
  </code>
</codes>
<dc element="dc.date.created" value="1997-06-07"/>
<dc element="dc.publisher" value="Reuters Holdings Plc"/>
<dc element="dc.date.published" value="1997-06-07"/>
<dc element="dc.source" value="Reuters"/>
<dc element="dc.creator.location" value="BEIJING"/>
<dc element="dc.creator.location.country.name" value="CHINA"/>
<dc element="dc.source" value="Reuters"/>
</metadata>
</newsitem>
