<?xml version="1.0" encoding="iso-8859-1" ?>
<newsitem itemid="645296" id="root" date="1997-06-07" xml:lang="en">
<title>TUNISIA: PRESS DIGEST - Tunisia - June 7.</title>
<headline>PRESS DIGEST - Tunisia - June 7.</headline>
<dateline>TUNIS 1997-06-07</dateline>
<text>
<p>These are the leading stories in the Tunisian press on Saturday. Reuters has not verified these stories and does not vouch for their accuracy.</p>
<p>LA PRESSE</p>
<p>- Public Health Minister Hedi Mhenni and his Mauritanian counterpart Mohamed Mahmoud Ould Dahmane chaired the Tunisian-Mauritanian joint health commission in Tunis.</p>
<p>- Organisation and modernisation of all Tunisian maritime commercial ports by end 1997.</p>
<p>LE TEMPS</p>
<p>- Qatar Emir Sheikh Hamad bin Khalifa al-Thani ends a two-day official visit to Tunis.</p>
<p>LE RENOUVEAU</p>
<p>- Tunisian embassy in Saudi Arabia to hold a seminar from June 11-12 to encourage Tunisian businessmen in the Gulf countries to invest in Tunisia.</p>
</text>
<copyright>(c) Reuters Limited 1997</copyright>
<metadata>
<codes class="bip:countries:1.0">
  <code code="TUNIS">
    <editdetail attribution="Reuters BIP Coding Group" action="confirmed" date="1997-06-07"/>
  </code>
</codes>
<codes class="bip:topics:1.0">
  <code code="GCAT">
    <editdetail attribution="Reuters BIP Coding Group" action="confirmed" date="1997-06-07"/>
  </code>
</codes>
<dc element="dc.date.created" value="1997-06-07"/>
<dc element="dc.publisher" value="Reuters Holdings Plc"/>
<dc element="dc.date.published" value="1997-06-07"/>
<dc element="dc.source" value="Reuters"/>
<dc element="dc.creator.location" value="TUNIS"/>
<dc element="dc.creator.location.country.name" value="TUNISIA"/>
<dc element="dc.source" value="Reuters"/>
</metadata>
</newsitem>
