<?xml version="1.0" encoding="iso-8859-1" ?>
<newsitem itemid="645301" id="root" date="1997-06-07" xml:lang="en">
<title>LEBANON: Lebanese judge releases leftist labour leader.</title>
<headline>Lebanese judge releases leftist labour leader.</headline>
<dateline>BEIRUT 1997-06-07</dateline>
<text>
<p>A judge on Saturday ordered that leftist labour leader Elias Abou Rizk be released after eight days in jail for claiming to head Lebanon's divided labour movement, judicial sources said.</p>
<p>They said investigative judge Said Mirza ordered Abou Rizk released on bail of 400,000 Lebanese pounds ($260) after rival unionist Ghneim al-Zoghbi's lawyer agreed.</p>
<p>Abou Rizk was arrested after General Labour Confederation (CGTL) elections in April produced two leaderships -- one headed by him and one by Zoghbi, who was recognised by the government.</p>
<p>The release of Abou Rizk pending trial is a sign the split is on its way to being solved, unionist sources told Reuters.</p>
<p>Abou Rizk, who was seeking a second four-year term as CGTL chief, harried Prime Minister Rafik al-Hariri during his first term with general strikes and demonstrations to demand better conditions for workers.</p>
<p>Abou Rizk's campaign against the government gained wide support from the opposition and he came close to winning election to parliament on a leftwing ticket last summer.</p>
</text>
<copyright>(c) Reuters Limited 1997</copyright>
<metadata>
<codes class="bip:countries:1.0">
  <code code="LEBAN">
    <editdetail attribution="Reuters BIP Coding Group" action="confirmed" date="1997-06-07"/>
  </code>
</codes>
<codes class="bip:topics:1.0">
  <code code="E41">
    <editdetail attribution="Reuters BIP Coding Group" action="confirmed" date="1997-06-07"/>
  </code>
  <code code="ECAT">
    <editdetail attribution="Reuters BIP Coding Group" action="confirmed" date="1997-06-07"/>
  </code>
  <code code="GCAT">
    <editdetail attribution="Reuters BIP Coding Group" action="confirmed" date="1997-06-07"/>
  </code>
  <code code="GCRIM">
    <editdetail attribution="Reuters BIP Coding Group" action="confirmed" date="1997-06-07"/>
  </code>
  <code code="GJOB">
    <editdetail attribution="Reuters BIP Coding Group" action="confirmed" date="1997-06-07"/>
  </code>
  <code code="GPOL">
    <editdetail attribution="Reuters BIP Coding Group" action="confirmed" date="1997-06-07"/>
  </code>
</codes>
<dc element="dc.date.created" value="1997-06-07"/>
<dc element="dc.publisher" value="Reuters Holdings Plc"/>
<dc element="dc.date.published" value="1997-06-07"/>
<dc element="dc.source" value="Reuters"/>
<dc element="dc.creator.location" value="BEIRUT"/>
<dc element="dc.creator.location.country.name" value="LEBANON"/>
<dc element="dc.source" value="Reuters"/>
</metadata>
</newsitem>
