<?xml version="1.0" encoding="iso-8859-1" ?>
<newsitem itemid="645373" id="root" date="1997-06-07" xml:lang="en">
<title>GERMANY: German petrol tax hike would hurt carmakers - VDA.</title>
<headline>German petrol tax hike would hurt carmakers - VDA.</headline>
<dateline>FRANKFURT 1997-06-07</dateline>
<text>
<p>The president of the VDA German automobile industry association Bernd Gottschalk said an increase in German petrol taxes would hurt German carmakers, a German newspaper reported on Saturday.</p>
<p>In a release ahead of publication on Sunday, Bild am Sonntag reported that Gottschalk said German drivers already felt overburdened by high taxes and that talk of further increases was bad for the economy.</p>
<p>Previous increases in petrol taxes had hurt car demand, he added.</p>
<p>Media reports have said Finance Minister Theo Waigel was considering rising petrol taxes to help plug a gaping budget hole.</p>
<p>--Frankfurt Newsroom +49 69 756525</p>
</text>
<copyright>(c) Reuters Limited 1997</copyright>
<metadata>
<codes class="bip:countries:1.0">
  <code code="GFR">
    <editdetail attribution="Reuters BIP Coding Group" action="confirmed" date="1997-06-07"/>
  </code>
</codes>
<codes class="bip:industries:1.0">
  <code code="I14000">
    <editdetail attribution="Reuters BIP Coding Group" action="confirmed" date="1997-06-07"/>
  </code>
  <code code="I35101">
    <editdetail attribution="Reuters BIP Coding Group" action="confirmed" date="1997-06-07"/>
  </code>
  <code code="I65200">
    <editdetail attribution="Reuters BIP Coding Group" action="confirmed" date="1997-06-07"/>
  </code>
</codes>
<codes class="bip:topics:1.0">
  <code code="C13">
    <editdetail attribution="Reuters BIP Coding Group" action="confirmed" date="1997-06-07"/>
  </code>
  <code code="C31">
    <editdetail attribution="Reuters BIP Coding Group" action="confirmed" date="1997-06-07"/>
  </code>
  <code code="CCAT">
    <editdetail attribution="Reuters BIP Coding Group" action="confirmed" date="1997-06-07"/>
  </code>
</codes>
<dc element="dc.date.created" value="1997-06-07"/>
<dc element="dc.publisher" value="Reuters Holdings Plc"/>
<dc element="dc.date.published" value="1997-06-07"/>
<dc element="dc.source" value="Reuters"/>
<dc element="dc.creator.location" value="FRANKFURT"/>
<dc element="dc.creator.location.country.name" value="GERMANY"/>
<dc element="dc.source" value="Reuters"/>
</metadata>
</newsitem>
