<?xml version="1.0" encoding="iso-8859-1" ?>
<newsitem itemid="645351" id="root" date="1997-06-07" xml:lang="en">
<title>FRANCE: Jospin still eyeing stability change talks - aide.</title>
<headline>Jospin still eyeing stability change talks - aide.</headline>
<dateline>PARIS 1997-06-07</dateline>
<text>
<p>Prime Minister Lionel Jospin has not softened his desire for more talks on the stability pact intended to keep deficits in check in a single currency, as a French daily suggested, an aide said on Saturday.</p>
<p>&quot;In any case, the prime minister's position is undeniably very far from an article in this morning's press,&quot; Jospin aide Manuel Valls told reporters.  </p>
<p>An article in Saturday's daily Liberation said Jospin had dropped plans to seek a renegotiation of the pact, which was agreed in Dublin last year and was due to be ratified at a European Union summit in Amsterdam beginning on June 16.</p>
<p>The pact, negotiated by all 15 member states, imposes fiscal restraints on those states participating in European monetary union, due to be launched in 1999.</p>
<p>During his election campaign, Jospin said he did not feel bound by the pact's terms and wanted to renegotiate it with more focus on employment.</p>
<p>There has been growing speculation in financial markets that the new leftist government swept into power in last Sunday's parliamentary election could cause tension with other member states, especially Germany, and possibly delay the launch of the euro.</p>
</text>
<copyright>(c) Reuters Limited 1997</copyright>
<metadata>
<codes class="bip:countries:1.0">
  <code code="EEC">
    <editdetail attribution="Reuters BIP Coding Group" action="confirmed" date="1997-06-07"/>
  </code>
  <code code="FRA">
    <editdetail attribution="Reuters BIP Coding Group" action="confirmed" date="1997-06-07"/>
  </code>
</codes>
<codes class="bip:topics:1.0">
  <code code="E12">
    <editdetail attribution="Reuters BIP Coding Group" action="confirmed" date="1997-06-07"/>
  </code>
  <code code="E21">
    <editdetail attribution="Reuters BIP Coding Group" action="confirmed" date="1997-06-07"/>
  </code>
  <code code="E211">
    <editdetail attribution="Reuters BIP Coding Group" action="confirmed" date="1997-06-07"/>
  </code>
  <code code="ECAT">
    <editdetail attribution="Reuters BIP Coding Group" action="confirmed" date="1997-06-07"/>
  </code>
  <code code="G15">
    <editdetail attribution="Reuters BIP Coding Group" action="confirmed" date="1997-06-07"/>
  </code>
  <code code="G154">
    <editdetail attribution="Reuters BIP Coding Group" action="confirmed" date="1997-06-07"/>
  </code>
  <code code="GCAT">
    <editdetail attribution="Reuters BIP Coding Group" action="confirmed" date="1997-06-07"/>
  </code>
  <code code="M13">
    <editdetail attribution="Reuters BIP Coding Group" action="confirmed" date="1997-06-07"/>
  </code>
  <code code="M132">
    <editdetail attribution="Reuters BIP Coding Group" action="confirmed" date="1997-06-07"/>
  </code>
  <code code="MCAT">
    <editdetail attribution="Reuters BIP Coding Group" action="confirmed" date="1997-06-07"/>
  </code>
</codes>
<dc element="dc.date.created" value="1997-06-07"/>
<dc element="dc.publisher" value="Reuters Holdings Plc"/>
<dc element="dc.date.published" value="1997-06-07"/>
<dc element="dc.source" value="Reuters"/>
<dc element="dc.creator.location" value="PARIS"/>
<dc element="dc.creator.location.country.name" value="FRANCE"/>
<dc element="dc.source" value="Reuters"/>
</metadata>
</newsitem>
