<?xml version="1.0" encoding="iso-8859-1" ?>
<newsitem itemid="645406" id="root" date="1997-06-07" xml:lang="en">
<title>INDIA: Guerrillas kill seven Indian soldiers.</title>
<headline>Guerrillas kill seven Indian soldiers.</headline>
<dateline>GUWAHATI, India 1997-06-07</dateline>
<text>
<p>At least seven Indian security personnel were killed and four injured in an ambush by separatist guerrillas on Saturday in the northeastern state of Manipur, police said.</p>
<p>They said the guerrillas ambushed the security vehicle near Nambol police station in Imphal district.</p>
<p>The northeast is linked to the rest of India only by a narrow strip of land passing north of Bangladesh. Five of the seven states, Manipur, Nagaland, Assam, Tripura and Mizoram, have been hit by insurgency movements.</p>
<p>Dozens of guerrilla groups have been fighting for independent homelands.</p>
</text>
<copyright>(c) Reuters Limited 1997</copyright>
<metadata>
<codes class="bip:countries:1.0">
  <code code="INDIA">
    <editdetail attribution="Reuters BIP Coding Group" action="confirmed" date="1997-06-07"/>
  </code>
</codes>
<codes class="bip:topics:1.0">
  <code code="GCAT">
    <editdetail attribution="Reuters BIP Coding Group" action="confirmed" date="1997-06-07"/>
  </code>
  <code code="GVIO">
    <editdetail attribution="Reuters BIP Coding Group" action="confirmed" date="1997-06-07"/>
  </code>
</codes>
<dc element="dc.date.created" value="1997-06-07"/>
<dc element="dc.publisher" value="Reuters Holdings Plc"/>
<dc element="dc.date.published" value="1997-06-07"/>
<dc element="dc.source" value="Reuters"/>
<dc element="dc.creator.location" value="GUWAHATI, India"/>
<dc element="dc.creator.location.country.name" value="INDIA"/>
<dc element="dc.source" value="Reuters"/>
</metadata>
</newsitem>
