<?xml version="1.0" encoding="iso-8859-1" ?>
<newsitem itemid="645403" id="root" date="1997-06-07" xml:lang="en">
<title>PAKISTAN: *Pakistan key economic indicators - June 7.</title>
<headline>*Pakistan key economic indicators - June 7.</headline>
<text>
<p>====== DAILY INDICATORS ======</p>
<p>					  FRIDAY		PREVIOUS</p>
<p> Rupee/US $ (inter-bank)	  40.6324	     40.6324</p>
<p> SBP Reference Rate (Rs/$)	40.5920	     40.5920</p>
<p> Rupee/US $ (kerb market)	 42.15		 42.20</p>
<p> Karachi 100-share index	  1,530.77	    1,506.26</p>
<p> Call money rate		    20.00 pct	   20.00 pct</p>
<p> Gold (Karachi) Rs/10 gm	  4,723		 4,696</p>
<p> Silver .999 (Rs/kg)		6,600		 6,600</p>
<p>Short-term Federal Bonds Data</p>
<p>  Maturity Yield Per Annum	16.50 pct	   16.39 pct</p>
<p>Sovereign Bond Data</p>
<p>  ISMA Closing			101.50/102.50   101.62/102.75</p>
<p>  Maturity Yield Per Annum	10.854	     10.765</p>
<p>  Maturity Yield Semi-Annual    10.575	     10.490</p>
<p>Floating Rate Note Data</p>
<p>  ISMA Closing			99.80/100.80     N.A./N.A.</p>
<p>  Accrued Interest		  1.634		1.612</p>
<p>			   -------------**************-------------</p>
<p> WEEKLY				May 31     May 24     YEAR-AGO</p>
<p>  Forex reserves    (SBP)	$1.743bln  $1.502bln  $2.141bln</p>
<p>  Forex within  Pak (SBP)	$0.516bln  $0.570bln  $1.254bln</p>
<p>  Forex outside Pak (SBP)	$0.555bln  $0.260bln  $0.190bln</p>
<p>  Gold, SDRs	  (SBP)	$0.672bln  $0.672bln  $0.697bln</p>
<p>			   -------------**************-------------</p>
<p> MONTHLY				     CURRENT	   YEAR-AGO</p>
<p>Growth in:</p>
<p>  Consumer price index  (FBS) APR   13.57 pct	 11.03 pct</p>
<p>  Wholesale price index (FBS) APR   13.21 pct	 N.A.</p>
<p>  M2 yr-on-yr	     (SBP) JUN   16.6 pct	  16.9  pct</p>
<p> Forex reserves	   (SBP) MAY   $1.743bln	 $2.141bln</p>
<p>  Forex within  Pak     (SBP) MAY   $0.516bln	 $1.254bln</p>
<p>  Forex outside Pak     (SBP) MAY   $0.555bln	 $0.190bln</p>
<p>  Gold, SDRs		(SBP) MAY   $0.672bln	 $0.697bln</p>
<p> Trade Balance	    (FBS) APR  -$274  million	-$153  million</p>
<p>  Exports		   (FBS) APR   $683  million	 $811  million</p>
<p>  Imports		   (FBS) APR   $957  million	 $964  million</p>
<p>			   --------------*************--------------</p>
<p>    ANNUAL (State Bank of Pakistan)  1995/96	  1994/95</p>
<p> Population (millions)		   131.45	    127.75</p>
<p> Per capita income (market prices) Rs4,828**	  Rs4,697</p>
<p> External debt			    $28.6bln*	  $27.07bln</p>
<p> Debt service ratio			52.2*	     55.7</p>
<p> Real GDP growth (pct)		   6.1		  4.4</p>
<p> Fiscal deficit (pct of GDP)	   6.3		  5.5</p>
<p> Trade balance (July/June)	   -$3.666bln**     -$2.537bln</p>
<p>  Exports				   $8.3 bln**	 $7.759bln</p>
<p>  Imports				   $11.966bln**     $10.296bln</p>
<p> Current a/c balance (July/June)   -$4.244bln**     -$2.163bln</p>
<p> As pct of GDP			    6.6**		3.6</p>
<p> Industrial production (1980-81=100) 245.7*	     238.3</p>
<p> index (pct growth)			6.1		  2.9</p>
<p> Agricultural production (1959=100)  167		  152</p>
<p> index (pct growth)			6.74		 4.67</p>
<p>*  = estimate</p>
<p>** = provisional</p>
<p>SBP= State (central) Bank of Pakistan</p>
<p>FBS= Federal Bureau of Statistics</p>
<p>N.A.= Not available</p>
<p>-- Karachi newsroom 9221-5685192</p>
</text>
<copyright>(c) Reuters Limited 1997</copyright>
<metadata>
<codes class="bip:countries:1.0">
  <code code="PAKIS">
    <editdetail attribution="Reuters BIP Coding Group" action="confirmed" date="1997-06-07"/>
  </code>
</codes>
<codes class="bip:topics:1.0">
  <code code="E71">
    <editdetail attribution="Reuters BIP Coding Group" action="confirmed" date="1997-06-07"/>
  </code>
  <code code="ECAT">
    <editdetail attribution="Reuters BIP Coding Group" action="confirmed" date="1997-06-07"/>
  </code>
</codes>
<dc element="dc.publisher" value="Reuters Holdings Plc"/>
<dc element="dc.date.published" value="1997-06-07"/>
<dc element="dc.source" value="Reuters"/>
<dc element="dc.creator.location.country.name" value="PAKISTAN"/>
<dc element="dc.source" value="Reuters"/>
</metadata>
</newsitem>
