<?xml version="1.0" encoding="iso-8859-1" ?>
<newsitem itemid="645416" id="root" date="1997-06-07" xml:lang="en">
<title>BANGLADESH: Bangladesh port users threaten strike.</title>
<headline>Bangladesh port users threaten strike.</headline>
<dateline>CHITTAGONG, Bangladesh 1997-06-07</dateline>
<text>
<p>Bangladeshi port users on Saturday threatened to boycott the country's main Chittagong port indefinitely from June 15 unless the government allows them to operate their own equipment.</p>
<p>&quot;The boycott for an indefinite period will begin at 7 a.m on June 15 if the government fails to meet our demand,&quot; Kamaluddin Ahmed, Convenor of the Port Users Forum (PUF), told a news conference.</p>
<p>&quot;We have been waiting for the last four months for a firm government decision on this issue,&quot; he said.</p>
<p>The PUF is a body of stevedores, clearing and forwarding agents and shipping agencies. They want to use their own equipment in jetties and container yards for loading and unloading, which the government earlier agreed in principle to allow.</p>
<p>But the decision was held back in the wake of protests by the port labour union.</p>
<p>Eighty percent of the country's exports and imports are handled by Chittagong port.</p>
</text>
<copyright>(c) Reuters Limited 1997</copyright>
<metadata>
<codes class="bip:countries:1.0">
  <code code="BANDH">
    <editdetail attribution="Reuters BIP Coding Group" action="confirmed" date="1997-06-07"/>
  </code>
</codes>
<codes class="bip:industries:1.0">
  <code code="I76300">
    <editdetail attribution="Reuters BIP Coding Group" action="confirmed" date="1997-06-07"/>
  </code>
</codes>
<codes class="bip:topics:1.0">
  <code code="C42">
    <editdetail attribution="Reuters BIP Coding Group" action="confirmed" date="1997-06-07"/>
  </code>
  <code code="CCAT">
    <editdetail attribution="Reuters BIP Coding Group" action="confirmed" date="1997-06-07"/>
  </code>
  <code code="E41">
    <editdetail attribution="Reuters BIP Coding Group" action="confirmed" date="1997-06-07"/>
  </code>
  <code code="ECAT">
    <editdetail attribution="Reuters BIP Coding Group" action="confirmed" date="1997-06-07"/>
  </code>
  <code code="GCAT">
    <editdetail attribution="Reuters BIP Coding Group" action="confirmed" date="1997-06-07"/>
  </code>
  <code code="GJOB">
    <editdetail attribution="Reuters BIP Coding Group" action="confirmed" date="1997-06-07"/>
  </code>
</codes>
<dc element="dc.date.created" value="1997-06-07"/>
<dc element="dc.publisher" value="Reuters Holdings Plc"/>
<dc element="dc.date.published" value="1997-06-07"/>
<dc element="dc.source" value="Reuters"/>
<dc element="dc.creator.location" value="CHITTAGONG, Bangladesh"/>
<dc element="dc.creator.location.country.name" value="BANGLADESH"/>
<dc element="dc.source" value="Reuters"/>
</metadata>
</newsitem>
