<?xml version="1.0" encoding="iso-8859-1" ?>
<newsitem itemid="645412" id="root" date="1997-06-07" xml:lang="en">
<title>INDIA: Indian forces kill 13 separatists in Kashmir.</title>
<headline>Indian forces kill 13 separatists in Kashmir.</headline>
<dateline>SRINAGAR, India 1997-06-07</dateline>
<text>
<p>At least 13 separatist guerrillas were killed on Saturday in a gunbattle with Indian security forces in Jammu and Kashmir state near the Pakistan border, a defence spokesman said.</p>
<p>&quot;Thirteen militants were killed near the border when the militants infiltrated from Pakistan through Kaubal Gali in Kupwara district,&quot; Colonel Sunil Kapoor told Reuters.  </p>
<p>Kupwara lies on the Indian-Pakistan frontier 75 kms (47 miles) north of Srinagar, summer capital of Jammu and Kashmir.</p>
<p>&quot;A group of heavily armed militants were challenged by the soldiers when they crossed to this side of border. The militants opened fire which resulted in a fierce encounter and 13 militants were killed,&quot; Kapoor said. &quot;The operation is still going on.&quot;</p>
<p>India controls two-thirds of Kashmir and Pakistan the rest.</p>
<p>More than a dozen guerrilla groups have fought a rebellion in Indian-administered Kashmir since 1990. Some demand an independent homeland while others want a merger with Pakistan.</p>
</text>
<copyright>(c) Reuters Limited 1997</copyright>
<metadata>
<codes class="bip:countries:1.0">
  <code code="INDIA">
    <editdetail attribution="Reuters BIP Coding Group" action="confirmed" date="1997-06-07"/>
  </code>
  <code code="PAKIS">
    <editdetail attribution="Reuters BIP Coding Group" action="confirmed" date="1997-06-07"/>
  </code>
</codes>
<codes class="bip:topics:1.0">
  <code code="GCAT">
    <editdetail attribution="Reuters BIP Coding Group" action="confirmed" date="1997-06-07"/>
  </code>
  <code code="GVIO">
    <editdetail attribution="Reuters BIP Coding Group" action="confirmed" date="1997-06-07"/>
  </code>
</codes>
<dc element="dc.date.created" value="1997-06-07"/>
<dc element="dc.publisher" value="Reuters Holdings Plc"/>
<dc element="dc.date.published" value="1997-06-07"/>
<dc element="dc.source" value="Reuters"/>
<dc element="dc.creator.location" value="SRINAGAR, India"/>
<dc element="dc.creator.location.country.name" value="INDIA"/>
<dc element="dc.source" value="Reuters"/>
</metadata>
</newsitem>
