<?xml version="1.0" encoding="iso-8859-1" ?>
<newsitem itemid="645428" id="root" date="1997-06-07" xml:lang="en">
<title>INDIA: India forex reserves rise to $28.13 bln on May 30.</title>
<headline>India forex reserves rise to $28.13 bln on May 30.</headline>
<dateline>BOMBAY 1997-06-07</dateline>
<text>
<p>India's foreign exchange reserves rose to $28.13 billion on May 30 from $27.79 billion on May 23, the Reserve Bank of India (RBI) said in its weekly statistical supplement on Saturday.  </p>
<p>	 Foreign exchange reserves (in million U.S. dollars)</p>
<p>					  May 30	May 23	 May 31</p>
<p>					   1997	  1997	   1996</p>
<p>    Foreign currency assets     24,165	23,820	 17,105</p>
<p>    Gold				 3,966	 3,966	  4,520</p>
<p>    SDRs				     3	     3	     15</p>
<p>    Total			     28,134	27,789	 21,640</p>
<p>.</p>
<p>-- Bombay newsroom +91-22-265 9000</p>
</text>
<copyright>(c) Reuters Limited 1997</copyright>
<metadata>
<codes class="bip:countries:1.0">
  <code code="INDIA">
    <editdetail attribution="Reuters BIP Coding Group" action="confirmed" date="1997-06-07"/>
  </code>
</codes>
<codes class="bip:topics:1.0">
  <code code="E51">
    <editdetail attribution="Reuters BIP Coding Group" action="confirmed" date="1997-06-07"/>
  </code>
  <code code="E513">
    <editdetail attribution="Reuters BIP Coding Group" action="confirmed" date="1997-06-07"/>
  </code>
  <code code="ECAT">
    <editdetail attribution="Reuters BIP Coding Group" action="confirmed" date="1997-06-07"/>
  </code>
</codes>
<dc element="dc.date.created" value="1997-06-07"/>
<dc element="dc.publisher" value="Reuters Holdings Plc"/>
<dc element="dc.date.published" value="1997-06-07"/>
<dc element="dc.source" value="Reuters"/>
<dc element="dc.creator.location" value="BOMBAY"/>
<dc element="dc.creator.location.country.name" value="INDIA"/>
<dc element="dc.source" value="Reuters"/>
</metadata>
</newsitem>
