<?xml version="1.0" encoding="iso-8859-1" ?>
<newsitem itemid="645431" id="root" date="1997-06-07" xml:lang="en">
<title>INDIA: India 96/97 cotton crop seen at 16.78 mln bales.</title>
<headline>India 96/97 cotton crop seen at 16.78 mln bales.</headline>
<dateline>BOMBAY 1997-06-07</dateline>
<text>
<p>India's 1996/97 (October/September) cotton crop is estimated at 16.78 million 170 kg bales, compared with 16.27 million bales in the previous crop year, the East India Cotton Association said on Saturday.  </p>
<p>Delegates to a national conference of cotton trade organisations called by the association on Saturday said fair weather had contributed to the rise in the current year's crop.</p>
<p>The conference estimated the 1996/97 crop in Maharashtra and Gujarat in western India at 3.25 million bales and 3.35 million respectively after the previous year's 2.86 million and 3.22 million.</p>
<p>The northern states of Punjab and Haryana and the central state of Madhya Pradesh also reported a marginal rise in their cotton crop, it added.</p>
<p>Bombay Commodities +91-22-265 9000</p>
</text>
<copyright>(c) Reuters Limited 1997</copyright>
<metadata>
<codes class="bip:countries:1.0">
  <code code="INDIA">
    <editdetail attribution="Reuters BIP Coding Group" action="confirmed" date="1997-06-07"/>
  </code>
</codes>
<codes class="bip:industries:1.0">
  <code code="I01001">
    <editdetail attribution="Reuters BIP Coding Group" action="confirmed" date="1997-06-07"/>
  </code>
  <code code="I0100138">
    <editdetail attribution="Reuters BIP Coding Group" action="confirmed" date="1997-06-07"/>
  </code>
</codes>
<codes class="bip:topics:1.0">
  <code code="C21">
    <editdetail attribution="Reuters BIP Coding Group" action="confirmed" date="1997-06-07"/>
  </code>
  <code code="C24">
    <editdetail attribution="Reuters BIP Coding Group" action="confirmed" date="1997-06-07"/>
  </code>
  <code code="CCAT">
    <editdetail attribution="Reuters BIP Coding Group" action="confirmed" date="1997-06-07"/>
  </code>
  <code code="M14">
    <editdetail attribution="Reuters BIP Coding Group" action="confirmed" date="1997-06-07"/>
  </code>
  <code code="M141">
    <editdetail attribution="Reuters BIP Coding Group" action="confirmed" date="1997-06-07"/>
  </code>
  <code code="MCAT">
    <editdetail attribution="Reuters BIP Coding Group" action="confirmed" date="1997-06-07"/>
  </code>
</codes>
<dc element="dc.date.created" value="1997-06-07"/>
<dc element="dc.publisher" value="Reuters Holdings Plc"/>
<dc element="dc.date.published" value="1997-06-07"/>
<dc element="dc.source" value="Reuters"/>
<dc element="dc.creator.location" value="BOMBAY"/>
<dc element="dc.creator.location.country.name" value="INDIA"/>
<dc element="dc.source" value="Reuters"/>
</metadata>
</newsitem>
