<?xml version="1.0" encoding="iso-8859-1" ?>
<newsitem itemid="645433" id="root" date="1997-06-07" xml:lang="en">
<title>INDIA: Bombay bourse carry forward trades - June 7.</title>
<headline>Bombay bourse carry forward trades - June 7.</headline>
<dateline>BOMBAY 1997-06-07</dateline>
<text>
<p>The following is the latest trade data for the top stocks at the Bombay Stock Exchange (BSE) for the carry-forward or &quot;badla&quot; account on Saturday at 11.30 a.m.</p>
<p>.</p>
<p>SCRIP	 BUY	SELL     AV     LAST	 VOL	VAL</p>
<p>		RATE     RATE    BADLA   RATE	 QTY     (million)</p>
<p>		QTY	QTY     (Rs)    QTY	 ('000)</p>
<p>---------------------------------------------------------------</p>
<p>SBI	   0.73     0.74    0.70    0.73     236.90    74.70</p>
<p>		 350     2200		2150</p>
<p>ITC	  -2.95    -2.86   -2.67   -2.95	62.70    30.20</p>
<p>		 400	400		 600</p>
<p>TISCO	 0.33     0.34    0.34    0.34     288.80    48.00</p>
<p>		3900     8050		7750</p>
<p>RELIANCE    0.23     0.25    0.11    0.25     178.55    54.40</p>
<p>		 150	 50		 350</p>
<p>---------------------------------------------------------------</p>
<p>The &quot;badla&quot; is interest rate for carry-forward trades. These are arrived through unique transactions which takes into account oversold and overbought positions and money supply.</p>
<p>--Bombay Newsroom +91-22-265-9000</p>
</text>
<copyright>(c) Reuters Limited 1997</copyright>
<metadata>
<codes class="bip:countries:1.0">
  <code code="INDIA">
    <editdetail attribution="Reuters BIP Coding Group" action="confirmed" date="1997-06-07"/>
  </code>
</codes>
<codes class="bip:topics:1.0">
  <code code="M11">
    <editdetail attribution="Reuters BIP Coding Group" action="confirmed" date="1997-06-07"/>
  </code>
  <code code="MCAT">
    <editdetail attribution="Reuters BIP Coding Group" action="confirmed" date="1997-06-07"/>
  </code>
</codes>
<dc element="dc.date.created" value="1997-06-07"/>
<dc element="dc.publisher" value="Reuters Holdings Plc"/>
<dc element="dc.date.published" value="1997-06-07"/>
<dc element="dc.source" value="Reuters"/>
<dc element="dc.creator.location" value="BOMBAY"/>
<dc element="dc.creator.location.country.name" value="INDIA"/>
<dc element="dc.source" value="Reuters"/>
</metadata>
</newsitem>
