<?xml version="1.0" encoding="iso-8859-1" ?>
<newsitem itemid="645405" id="root" date="1997-06-07" xml:lang="en">
<title>INDIA: India fire the latest in series of disasters.</title>
<headline>India fire the latest in series of disasters.</headline>
<dateline>NEW DELHI 1997-06-07</dateline>
<text>
<p>The fire which tore through a famous Hindu temple in southern India on Saturday, killing at least 50 worshippers, was the latest disaster to strike the world's second most populous nation.</p>
<p>Following is a chronology of disasters in India over the past 13 years:</p>
<p>December 1984 - Deadly gas leaks from a pesticide plant owned by U.S.-based Union Carbide Corp in central city of Bhopal, killing some 6,500 people and injuring 20,000 in world's worst industrial disaster.</p>
<p>June 1985 - Air-India plane explodes and crashes into sea off the coast of Ireland, killing 329 people. Sikh extremists claim responsibility.</p>
<p>November 1985 - Sixty people killed when a boat capsizes in northern state of Uttar Pradesh.</p>
<p>January 1986 - A fire in a luxury hotel in the Indian capital kills 38 people, including 22 foreigners.</p>
<p>November 1986 - Nearly 40 killed when an avalanche sweeps away a highway in Jammu and Kashmir state.</p>
<p>April 1987 - A devastating fire guts a tribal settlement in Orissa state, killing 20 people and injuring 100. Nearly 2,500 houses are destroyed, leaving 13,000 homeless.</p>
<p>August 1988 - Poisoned cooking oil paralyses more than 400 people in the eastern city of Calcutta.</p>
<p>November 1988 - Some 100 people killed in a cyclone that strikes southern part of West Bengal state.</p>
<p>March 1989 - At least 125 people die in the western state of Gujarat after drinking lethal bootleg liquor.</p>
<p>May 1990 - A cyclone ravages southern state of Andhra Pradesh, killing nearly 1,000 people.</p>
<p>November 1991 - At least 185 people die in New Delhi after consuming cheap herbal tonic laced with raw alcohol.</p>
<p>January 1992 - Liquor laced with methyl alcohol kills 82 revellers celebrating the New Year in Bombay.</p>
<p>February 1992 - Nearly 50 people die in a stampede at a Hindu religious bathing festival in Tamil Nadu state.</p>
<p>May 1992 - About 210 people die after consuming poisonous liquor in Orissa.</p>
<p>August 1995 - At least 335 people are killed in one of India's worst train crashes near New Delhi.</p>
<p>September 1995 - About 70 miners are drowned when water from a flooded river gushes into two coal mines in Bihar state.</p>
<p>December 1995 - Nearly 425 people die when a blaze rips through a school prize-giving ceremony in the northern town of Dabwali in Haryana state, near the Indian capital.</p>
<p>July 1996 - Thirty-nine Hindu devotees are killed when scores of worshippers stampede through a temple complex at Ujjain in central state of Madhya Pradesh.</p>
<p>August 1996 - Nearly 225 Hindu devotees killed in cold weather during an annual trek to a holy cave in the Himalayas.</p>
<p>November 1996 - A Saudi Arabian Boeing 747 jumbo jet and a Kazakhstan Ilyushin cargo plane collide near New Delhi, killing 351 people in the world's deadliest mid-air collision.</p>
<p>November 1996 - More than 900 people are killed in a cyclone that savages the country's southeastern coast.</p>
<p>December 1996 - Seventy Hindu devotees killed when a truck carrying them plunges into a pond in Bihar state.</p>
<p>February 23 1997 - A raging fire sweeps through bamboo straw shelters at a Hindu convention in Orissa killing at least 120 devotees and injuring 165.</p>
<p>June 7, 1997 - A major fire engulfs a famous Hindu temple in southern India killing at least 50 worshippers and injuring 100.</p>
</text>
<copyright>(c) Reuters Limited 1997</copyright>
<metadata>
<codes class="bip:countries:1.0">
  <code code="INDIA">
    <editdetail attribution="Reuters BIP Coding Group" action="confirmed" date="1997-06-07"/>
  </code>
</codes>
<codes class="bip:topics:1.0">
  <code code="GCAT">
    <editdetail attribution="Reuters BIP Coding Group" action="confirmed" date="1997-06-07"/>
  </code>
  <code code="GDIS">
    <editdetail attribution="Reuters BIP Coding Group" action="confirmed" date="1997-06-07"/>
  </code>
</codes>
<dc element="dc.date.created" value="1997-06-07"/>
<dc element="dc.publisher" value="Reuters Holdings Plc"/>
<dc element="dc.date.published" value="1997-06-07"/>
<dc element="dc.source" value="Reuters"/>
<dc element="dc.creator.location" value="NEW DELHI"/>
<dc element="dc.creator.location.country.name" value="INDIA"/>
<dc element="dc.source" value="Reuters"/>
</metadata>
</newsitem>
