<?xml version="1.0" encoding="iso-8859-1" ?>
<newsitem itemid="645400" id="root" date="1997-06-07" xml:lang="en">
<title>SRI LANKA: Sri Lanka key economic indicators June 7.</title>
<headline>Sri Lanka key economic indicators June 7.</headline>
<text>
<p>.............DAILY INDICATORS..............</p>
<p>					     FRIDAY	     PREVIOUS</p>
<p>					   ---------	     --------</p>
<p>Rupee/US				   58.54		  58.65</p>
<p>Rupee/Stg				  95.59		  95.71</p>
<p>All Share Price Index		 739.3		  733.8</p>
<p>Sensitive Index		     1,153.1		1,140.4</p>
<p>Daily Turnover (Rs.Mln)		61.22		  43.14</p>
<p>WEEKLY				    MAY 30		 WEEK AGO</p>
<p>Prime lending rate %		  17.6		    15.09</p>
<p>Treasury bill (1 yr yield)	  12.74		    12.74</p>
<p>Call money rate %		     15.7		     13.6</p>
<p>Central Bank REPO %		    9.0			9.0</p>
<p> MONTHLY				    CURRENT	   YEAR-AGO</p>
<p>Growth in:</p>
<p>Consumer price index</p>
<p> (1952=100)(CCPI)	 APR	   2,016.0	    1,811.7</p>
<p>Annual Average Change   MAR	    14.9 %		 7.1%</p>
<p>M1 Rs. Bln.	    END-MAR	   80.8		   81.8</p>
<p>M2 Rs. Bln.	    END-MAR	  260.7		  239.2</p>
<p>External Debt	  END-FEB	   $6.1bln	   $6.4bln</p>
<p>Total reserves	 END-MAR     $2,346 million	$2,441 million</p>
<p>Official reserves    END-MAR     $1,779 million	$1,938 million</p>
<p>Trade balance	  JAN-MAR	-$412 million	 -$343 million</p>
<p>Exports		  JAN-MAR     $1,005 million	$  907 million</p>
<p>Imports		  JAN-MAR     $1,417 million	$1,251 million</p>
<p>Manufacturing ExportsJAN-MAR     $  736 million	$  653 million</p>
<p>    ANNUAL		   *1996     1995	1994	 1993</p>
<p>				  ----     ----	----	 ----</p>
<p>GDP growth rate %	    3.8     5.5	  5.6	  6.9</p>
<p>Inflation %		   15.9     7.7	  8.4	 11.7</p>
<p>Budget deficit as %</p>
<p>of GDP			  -8.9    -9.6	-10.0	 -8.4</p>
<p>Per capita GDP US$	   760     719	  656	  588</p>
<p>Debt service ratio %	15.2    13.9	 13.3	 13.8</p>
<p>Trade balance SDR million     -909     -997	-1,089     -825</p>
<p>Foreign Reserves US$ bln   1.9     2.6	  2.6	  2.0</p>
<p>Population (million)	18.3    18.1	 17.9	 17.6</p>
<p>Source: Central Bank, Finance &amp; Planning Ministry</p>
<p>* Provisional</p>
<p>(SDR1=81.38 rupees end 1996)</p>
</text>
<copyright>(c) Reuters Limited 1997</copyright>
<metadata>
<codes class="bip:countries:1.0">
  <code code="SRILAN">
    <editdetail attribution="Reuters BIP Coding Group" action="confirmed" date="1997-06-07"/>
  </code>
</codes>
<codes class="bip:topics:1.0">
  <code code="E71">
    <editdetail attribution="Reuters BIP Coding Group" action="confirmed" date="1997-06-07"/>
  </code>
  <code code="ECAT">
    <editdetail attribution="Reuters BIP Coding Group" action="confirmed" date="1997-06-07"/>
  </code>
</codes>
<dc element="dc.publisher" value="Reuters Holdings Plc"/>
<dc element="dc.date.published" value="1997-06-07"/>
<dc element="dc.source" value="Reuters"/>
<dc element="dc.creator.location.country.name" value="SRI LANKA"/>
<dc element="dc.source" value="Reuters"/>
</metadata>
</newsitem>
