<?xml version="1.0" encoding="iso-8859-1" ?>
<newsitem itemid="645427" id="root" date="1997-06-07" xml:lang="en">
<title>INDIA: Police seize rare skins worth $2.8 mln in Kashmir.</title>
<headline>Police seize rare skins worth $2.8 mln in Kashmir.</headline>
<dateline>SRINAGAR, India 1997-06-07</dateline>
<text>
<p>Indian authorities in Kashmir have seized 15,000 rare animal skins worth at least 100 million rupees ($2.8 million), a police spokesman said on Saturday.</p>
<p>He said police on Friday raided houses in Baramullah town, 54 km (32 miles) north of Srinagar, and recovered the skins of wild cats, jackals, leopards and rabbits.</p>
<p>&quot;The seizure includes skins of rare wildlife species. We have asked for the help of wildlife experts for the identification of these skins,&quot; the spokesman told Reuters.</p>
<p>&quot;We have arrested six people who wanted to smuggle these skins out of India. The minimum value of these skins is 100 million rupees.&quot;</p>
<p>Police last month seized 800 skins worth some $200,000 in Srinagar, the summer capital of India's Himalayan state of Jammu and Kashmir.</p>
<p>Environmental activists say the government has neglected severe environmental degradation in the region, famous for its pristine lakes and houseboats, since 1990, when a separatist revolt erupted in the province. Police and hospitals say more than 20,000 people have died in insurgency-related violence.</p>
</text>
<copyright>(c) Reuters Limited 1997</copyright>
<metadata>
<codes class="bip:countries:1.0">
  <code code="INDIA">
    <editdetail attribution="Reuters BIP Coding Group" action="confirmed" date="1997-06-07"/>
  </code>
</codes>
<codes class="bip:topics:1.0">
  <code code="GCAT">
    <editdetail attribution="Reuters BIP Coding Group" action="confirmed" date="1997-06-07"/>
  </code>
  <code code="GCRIM">
    <editdetail attribution="Reuters BIP Coding Group" action="confirmed" date="1997-06-07"/>
  </code>
</codes>
<dc element="dc.date.created" value="1997-06-07"/>
<dc element="dc.publisher" value="Reuters Holdings Plc"/>
<dc element="dc.date.published" value="1997-06-07"/>
<dc element="dc.source" value="Reuters"/>
<dc element="dc.creator.location" value="SRINAGAR, India"/>
<dc element="dc.creator.location.country.name" value="INDIA"/>
<dc element="dc.source" value="Reuters"/>
</metadata>
</newsitem>
