<?xml version="1.0" encoding="iso-8859-1" ?>
<newsitem itemid="504998" id="root" date="1997-04-13" xml:lang="en">
<title>UK: SOCCER-LIVERPOOL RECOVER FROM PSG EXPERIENCE.</title>
<headline>SOCCER-LIVERPOOL RECOVER FROM PSG EXPERIENCE.</headline>
<dateline>LONDON 1997-04-13</dateline>
<text>
<p>Liverpool bounced back from their disastrous European encounter with Paris St Germain to beat Sunderland 2-1 and keep up the pressure on English league leaders Manchester United.</p>
<p>Beaten 3-0 in their European Cup Winners Cup semifinal first leg this week, Liverpool went 2-0 ahead with goals from Robbie Fowler and Steve McManaman and a Paul Stewart header was insufficient to save relegation-threatened Sunderland.</p>
<p>They are still in the drop-zone, a point ahead of Middlesbrough who have played two games more, while Liverpool lie three points behind United in third place.</p>
<p>Newcastle and Sheffield Wednesday stayed in fifth and sixth places respectively after a 1-1 draw at Hillsborough.</p>
<p>Robbie Elliot bundled Newcastle into the lead in the 35th minute but Mark Pembridge ensured a point for Wednesday in the second-half with a fierce left-foot volley.</p>
</text>
<copyright>(c) Reuters Limited 1997</copyright>
<metadata>
<codes class="bip:countries:1.0">
  <code code="FRA">
    <editdetail attribution="Reuters BIP Coding Group" action="confirmed" date="1997-04-13"/>
  </code>
  <code code="UK">
    <editdetail attribution="Reuters BIP Coding Group" action="confirmed" date="1997-04-13"/>
  </code>
</codes>
<codes class="bip:topics:1.0">
  <code code="GCAT">
    <editdetail attribution="Reuters BIP Coding Group" action="confirmed" date="1997-04-13"/>
  </code>
  <code code="GSPO">
    <editdetail attribution="Reuters BIP Coding Group" action="confirmed" date="1997-04-13"/>
  </code>
</codes>
<dc element="dc.date.created" value="1997-04-13"/>
<dc element="dc.publisher" value="Reuters Holdings Plc"/>
<dc element="dc.date.published" value="1997-04-13"/>
<dc element="dc.source" value="Reuters"/>
<dc element="dc.creator.location" value="LONDON"/>
<dc element="dc.creator.location.country.name" value="UK"/>
<dc element="dc.source" value="Reuters"/>
</metadata>
</newsitem>
