<?xml version="1.0" encoding="iso-8859-1" ?>
<newsitem itemid="504969" id="root" date="1997-04-13" xml:lang="en">
<title>ITALY: SOCCER-ITALIAN FIRST DIVISION RESULTS AND STANDINGS.</title>
<headline>SOCCER-ITALIAN FIRST DIVISION RESULTS AND STANDINGS.</headline>
<dateline>ROME 1997-04-13</dateline>
<text>
<p>(After late match)</p>
<p>Results and standings of Italian</p>
<p>first division soccer matches played on Sunday after late</p>
<p>match:</p>
<p> Inter	3 Milan	1</p>
<p>Played earlier on Sunday:</p>
<p> Atalanta   1 Bologna    1</p>
<p> Juventus   0 Udinese    3</p>
<p> Napoli     1 Cagliari   1</p>
<p> Piacenza   1 Fiorentina 1</p>
<p> Reggiana   0 Vicenza    0</p>
<p> Roma	 0 Parma	1</p>
<p> Sampdoria  1 Lazio	0</p>
<p> Verona     2 Perugia    0</p>
<p>Standings:</p>
<p> 1.  Juventus   27   14  10    3   40  19   52</p>
<p> 2.  Parma	27   14   7    6   31  20   49</p>
<p> 3.  Inter	27   11  12    4   38  26   45</p>
<p> 4.  Sampdoria  27   12   7    8   49  39   43</p>
<p> 5.  Bologna    27   12   7    8   43  34   43</p>
<p> 6.  Lazio	27   11   7    9   32  27   40</p>
<p> 7.  Udinese    27   10   8    9   37  34   38</p>
<p> 8.  Fiorentina 27    8  12    7   34  29   36</p>
<p> 9.  Vicenza    27    9   9    9   35  32   36</p>
<p> 10. Roma	 27    9   9    9   39  37   36</p>
<p> 11. Atalanta   27    9   9    9   36  35   36</p>
<p> 12. Milan	27   10   6   11   36  37   36</p>
<p> 13. Napoli     27    7  13    7   30  34   34</p>
<p> 14. Piacenza   27    5  13    9   21  33   28</p>
<p> 15. Cagliari   27    6   9   12   32  44   27</p>
<p> 16. Perugia    27    7   6   14   33  49   27</p>
<p> 17. Verona     27    5   7   15   33  52   22</p>
<p> 18. Reggiana   27    2  13   12   24  42   19</p>
</text>
<copyright>(c) Reuters Limited 1997</copyright>
<metadata>
<codes class="bip:countries:1.0">
  <code code="ITALY">
    <editdetail attribution="Reuters BIP Coding Group" action="confirmed" date="1997-04-13"/>
  </code>
</codes>
<codes class="bip:topics:1.0">
  <code code="GCAT">
    <editdetail attribution="Reuters BIP Coding Group" action="confirmed" date="1997-04-13"/>
  </code>
  <code code="GSPO">
    <editdetail attribution="Reuters BIP Coding Group" action="confirmed" date="1997-04-13"/>
  </code>
</codes>
<dc element="dc.date.created" value="1997-04-13"/>
<dc element="dc.publisher" value="Reuters Holdings Plc"/>
<dc element="dc.date.published" value="1997-04-13"/>
<dc element="dc.source" value="Reuters"/>
<dc element="dc.creator.location" value="ROME"/>
<dc element="dc.creator.location.country.name" value="ITALY"/>
<dc element="dc.source" value="Reuters"/>
</metadata>
</newsitem>
