<?xml version="1.0" encoding="iso-8859-1" ?>
<newsitem itemid="504965" id="root" date="1997-04-13" xml:lang="en">
<title>USA: TENNIS-DAVENPORT BEATS PIERCE IN AMELIA ISLAND FINAL.</title>
<headline>TENNIS-DAVENPORT BEATS PIERCE IN AMELIA ISLAND FINAL.</headline>
<dateline>AMELIA ISLAND, Florida 1997-04-13</dateline>
<text>
<p>Sixth seed Lindsay Davenport won her third tournament of the year and her fifth career clay court title Sunday with a speedy 6-2 6-3 victory over 11th seed Mary Pierce of France at the Bausch &amp; Lomb Championships.</p>
<p>Except for top-ranked Martina Hingis who has won six titles this year, no one has won more trophies in 1997 than Davenport.</p>
<p>It was the second consecutive year that the 15th-ranked Pierce has been on the losing side of the final match at Amelia Island. Last year, Irina Spirlea of Romania sent Pierce home without the trophy.</p>
<p>Despite being on clay, the two women played a decidedly hardcourt brand of tennis in their 68-minute match. The power and variety of the shots kept the points briefer than usually seen on the surface.</p>
<p>Interestingly, Davenport considers herself not much of a threat on clay but has had winning experiences on the dirt courts.</p>
<p>&quot;I don't put too much expectations on myself on the clay surface,&quot; Davenport said. &quot;I don't go out there with expectations of winning, but maybe that helps me because I don't put any pressure on myself.&quot;</p>
<p>Davenport, who won a $79,000 winner's prize, played impressive tennis all week</p>
<p>&quot;It's tough to play good solid tennis many days in a row,&quot; Davenport said.</p>
<p>The eighth-ranked Davenport, who will move up one spot in the rankings Monday, is the first American to win at Amelia Island since Czech expatriate Martina Navratilova in 1988.</p>
<p>Davenport has won 10 career titles and this year also won titles at Oklahoma City and Indian Wells, back-to-back.</p>
<p>Pierce, the 1995 Australian Open champion, hasn't won a title since Tokyo in September 1995. This year she lost to Martina Hingis in the finals of the Australian Open, but has played in only five events, including the Fed Cup.</p>
<p>The Bausch &amp; Lomb Championships was Pierce's first tournament in five weeks because she was home nursing a calf injury.</p>
<p>Both players recorded 25 outright winners in the match, but Pierce executed far more errors than Davenport. Pierce had 33 unforced errors to 14 for the American.</p>
<p>&quot;I was a little off,&quot; said Pierce, who earned $31,500. &quot;I didn't have that little extra it takes to win a match like today. She plays a similar game to me and hits the ball quite hard. I just didn't feel I was in charge.&quot;</p>
<p>Pierce had problems with her serve against Davenport, double faulting six times in the match. She lost two service games in the first set by double faulting -- at 15-40 in the fifth game and at ad-out on the third break point she faced in the seventh game.</p>
<p>At 2-2 in the first set, Davenport won the next four games for a one-set lead.</p>
<p>At 3-2 for Pierce in the second set, Davenport won four straight games to take the match.</p>
<p>Another double fault did Pierce in in the final game. Serving at 3-5, 40-30 she double faulted to deuce and lost the next two points.</p>
</text>
<copyright>(c) Reuters Limited 1997</copyright>
<metadata>
<codes class="bip:countries:1.0">
  <code code="USA">
    <editdetail attribution="Reuters BIP Coding Group" action="confirmed" date="1997-04-13"/>
  </code>
</codes>
<codes class="bip:topics:1.0">
  <code code="GCAT">
    <editdetail attribution="Reuters BIP Coding Group" action="confirmed" date="1997-04-13"/>
  </code>
  <code code="GSPO">
    <editdetail attribution="Reuters BIP Coding Group" action="confirmed" date="1997-04-13"/>
  </code>
</codes>
<dc element="dc.date.created" value="1997-04-13"/>
<dc element="dc.publisher" value="Reuters Holdings Plc"/>
<dc element="dc.date.published" value="1997-04-13"/>
<dc element="dc.source" value="Reuters"/>
<dc element="dc.creator.location" value="AMELIA ISLAND, Florida"/>
<dc element="dc.creator.location.country.name" value="USA"/>
<dc element="dc.source" value="Reuters"/>
</metadata>
</newsitem>
