<?xml version="1.0" encoding="iso-8859-1" ?>
<newsitem itemid="504973" id="root" date="1997-04-13" xml:lang="en">
<title>ITALY: SOCCER-JUVENTUS BROUGHT DOWN TO EARTH BY UDINESE.</title>
<headline>SOCCER-JUVENTUS BROUGHT DOWN TO EARTH BY UDINESE.</headline>
<byline>Chris Endean</byline>
<dateline>ROME 1997-04-13</dateline>
<text>
<p>Juventus, fresh from successive victories over former European Cup holders Milan and Ajax, were brought back to earth on Sunday with an astonishing 3-0 upset at home to 10-man Udinese.</p>
<p>Defeat left Parma, 1-0 winners at Roma, breathing down Juve's neck -- just three-points behind with seven matches of the season still to play.</p>
<p>Fifth-placed Inter can go third if they add to Milan's recent misery with a victory in the late night derby.</p>
<p>It was Juventus's third league defeat of the season and their first in 16 league and cup outings.</p>
<p>It was also their second successive home defeat to Udinese and their first in Turin since losing to Sampdoria by the same score exactly a year ago.</p>
<p>&quot;We paid the price for a special week with two very special matches,&quot; said coach Marcello Lippi. &quot;We had nothing left.&quot;</p>
<p>After last Sunday's historic 6-1 destruction of Milan and their midweek 2-1 victory in Amsterdam, Lippi had rested international midfielders Didier Deschamps and Angelo Di Livio.</p>
<p>The decision looked to have been vindicated when Regis Genaux, Udinese's Belgian defender, was sent off in the third minute for dissent.</p>
<p>But Udinese manager Alberto Zaccheroni bravely turned the match by persisting with three defenders and keeping Brazilian Marcio Amoroso and Germany's Oliver Bierhoff up front.</p>
<p>The move confused Juve who rarely looked like scoring and fell apart in 10 minutes either side of halftime.</p>
<p>First, Amoroso sent Peruzzi the wrong way with a 43rd minute penalty awarded for a foul on Bierhoff.</p>
<p>A minute after the interval, the German striker outjumped Ciro Ferrara to head his side's second, and, with Juve still recovering from that shock, Amoroso dribbled through their defence to add a third.</p>
<p>The European champions spurned two golden opportunities to get back into the match.</p>
<p>First, Christian Vieri blasted a penalty against the crossbar. Then, when the referee blew for a handball in the Udinese area, France's Zinedine Zidane saw his spotkick saved by Luigi Turci.</p>
<p>In the 59th minute, Juve's hopes of a comeback disappeared when midfielder Alessio Tacchinardi was dismissed for his second bookable offence.</p>
<p>The only bright note on Juve's dark day was the return of team captain Antonio Conte as a second-half substitute, out for six months after a knee operation.</p>
<p>But even that was clouded by news that their nearest rivals Parma had taken full advantage with victory at Roma, courtesy of a 43rd minute goal from Argentine Hernan Crespo.</p>
<p>Crespo's seventh goal of the season - and fourth in three matches - spoilt Nils Liedholm's return to football management at the age of 74 -- a record for Serie A.</p>
<p>Nicknamed &quot;The Baron&quot;, Liedholm, who coached Roma to a league title in the 1980s, was brought in to replace Argentine Carlos Bianchi, sacked last week.</p>
<p>Roma fans, unhappy with their side's irratic form, went on strike for most of the match, filling the Olympic stadium with the sound of silence as Parma, coached by former Roma great Carlo Ancelotti, made all the running.</p>
<p>Sampdoria moved into third place after Vincenzo Montella's 18th goal of the season - from the penalty spot - accounted for Lazio, the club Samp's manager Sven-Goran Eriksson is widely expected to join at the end of the season.</p>
<p>Thanks in part to Montella's goals, the Genoa side enjoy a better goal difference than Bologna, who fought back from Stefano Torrisi's own-goal at Atalanta to force a 1-1 draw with Cristiano Scapolo's equaliser.</p>
</text>
<copyright>(c) Reuters Limited 1997</copyright>
<metadata>
<codes class="bip:countries:1.0">
  <code code="ITALY">
    <editdetail attribution="Reuters BIP Coding Group" action="confirmed" date="1997-04-13"/>
  </code>
</codes>
<codes class="bip:topics:1.0">
  <code code="GCAT">
    <editdetail attribution="Reuters BIP Coding Group" action="confirmed" date="1997-04-13"/>
  </code>
  <code code="GSPO">
    <editdetail attribution="Reuters BIP Coding Group" action="confirmed" date="1997-04-13"/>
  </code>
</codes>
<dc element="dc.date.created" value="1997-04-13"/>
<dc element="dc.publisher" value="Reuters Holdings Plc"/>
<dc element="dc.date.published" value="1997-04-13"/>
<dc element="dc.source" value="Reuters"/>
<dc element="dc.creator.location" value="ROME"/>
<dc element="dc.creator.location.country.name" value="ITALY"/>
<dc element="dc.source" value="Reuters"/>
</metadata>
</newsitem>
