<?xml version="1.0" encoding="iso-8859-1" ?>
<newsitem itemid="505056" id="root" date="1997-04-13" xml:lang="en">
<title>MALAYSIA: MOTORCYCLING-MALAYSIAN GRAND PRIX RESULTS.</title>
<headline>MOTORCYCLING-MALAYSIAN GRAND PRIX RESULTS.</headline>
<dateline>KUALA LUMPUR 1997-04-13</dateline>
<text>
<p>Results of the Malaysian</p>
<p>motorcycle Grand Prix on Sunday:</p>
<p>125cc</p>
<p>Race distance: 29 laps, 101.645 kilometres</p>
<p>1. Valentino Rossi  (Italy)  Aprilia 48 minutes 09.930 secs</p>
<p>    2. Kazuto Sakata    (Japan)  Aprilia	   48:10.924</p>
<p>    3. Noboru Ueda	(Japan)  Honda	     48:42.128</p>
<p>    4. Mirko Giansanti  (Italy)  Honda	     48:46.763</p>
<p>    5. Masaki Tokudome  (Japan)  Aprilia	   48:47.432</p>
<p>    6. Jorge Martinez   (Spain)  Aprilia	   48:55.852</p>
<p>    7. Tomomi Manako    (Japan)  Honda	     48:56.288</p>
<p>    8. Yoshiaki Katoh   (Japan)  Yamaha	    48:56.836</p>
<p>    9. Frederic Petit   (France) Honda	     49:08.660</p>
<p>    10.Lucio Cecchinello(Italy)  Honda	     49:09.547</p>
<p>250cc</p>
<p>Race distance: 31 laps, 108.655 kilometres</p>
<p>    1. Max  Biaggi	    (Italy)    Honda 45 min 29.692 secs</p>
<p>    2. Tetsuya Harada	 (Japan)    Aprilia	45:43.562</p>
<p>    3. Olivier Jacque	 (France)   Honda	  46:01.026</p>
<p>    4. Ralf Waldmann	  (Germany)  Honda	  46:04.291</p>
<p>    5. Haruchika Aoki	 (Japan)    Honda	  46:04.449</p>
<p>    6. Tohru Ukawa	    (Japan)    Honda	  46:33.290</p>
<p>    7. Emilio Alzamora	(Spain)    Honda	  45:32.751</p>
<p>	 (one lap short)</p>
<p>    8. Cristiano Migliorati (Italy)    Honda	  45:43.195</p>
<p>	 (one lap short)</p>
<p>    9. Jeremy McWilliams    (Britain)  Honda	  45:48.762</p>
<p>	 (one lap short)</p>
<p>   10. Olivier Petrucciani  (Switz)    Aprilia	45:52.063</p>
<p>	 (one lap short)</p>
<p>500cc</p>
<p>Race distance: 33 laps, 115.665 kms</p>
<p>    1. Michael Doohan (Australia) Honda	47 minutes 11.545</p>
<p>seconds</p>
<p>    2. Alex Criville    (Spain)   Honda	    47:23.341</p>
<p>    3. Nobuatsu Aoki    (Japan)   Honda	    47:24.948</p>
<p>    4. Luca Cadalora    (Italy)   Yamaha	   47:33.776</p>
<p>    5. Takuma Aoki	(Japan)   Honda	    47:34.154</p>
<p>    6. Carlos Checa     (Spain)   Honda	    47:46.060</p>
<p>    7. Alberto Puig     (Spain)   Honda	    47:46.413</p>
<p>    8. Norifumi Abe     (Japan)   Yamaha	   47:46.453</p>
<p>    9. Sete Gibernau    (Spain)   Yamaha	   47:54.678</p>
<p>   10. Tadayuki Okada   (Japan)   Honda	    47:55.398</p>
</text>
<copyright>(c) Reuters Limited 1997</copyright>
<metadata>
<codes class="bip:countries:1.0">
  <code code="MALAY">
    <editdetail attribution="Reuters BIP Coding Group" action="confirmed" date="1997-04-13"/>
  </code>
</codes>
<codes class="bip:topics:1.0">
  <code code="GCAT">
    <editdetail attribution="Reuters BIP Coding Group" action="confirmed" date="1997-04-13"/>
  </code>
  <code code="GSPO">
    <editdetail attribution="Reuters BIP Coding Group" action="confirmed" date="1997-04-13"/>
  </code>
</codes>
<dc element="dc.date.created" value="1997-04-13"/>
<dc element="dc.publisher" value="Reuters Holdings Plc"/>
<dc element="dc.date.published" value="1997-04-13"/>
<dc element="dc.source" value="Reuters"/>
<dc element="dc.creator.location" value="KUALA LUMPUR"/>
<dc element="dc.creator.location.country.name" value="MALAYSIA"/>
<dc element="dc.source" value="Reuters"/>
</metadata>
</newsitem>
