<?xml version="1.0" encoding="iso-8859-1" ?>
<newsitem itemid="505004" id="root" date="1997-04-13" xml:lang="en">
<title>UK: SOCCER-ENGLISH CUP AND LEAGUE RESULTS.</title>
<headline>SOCCER-ENGLISH CUP AND LEAGUE RESULTS.</headline>
<dateline>LONDON 1997-04-13</dateline>
<text>
<p>Results of English cup and</p>
<p>league matches on Sunday:</p>
<p>F.A. Cup semifinals</p>
<p> Middlesbrough	  2   Chesterfield	     2 (extra time</p>
<p>being played)</p>
<p> Chelsea		  3   Wimbledon		  0</p>
<p>Premier league</p>
<p> Sheffield Wednesday  1    Newcastle		 1</p>
<p> Sunderland	     1    Liverpool		 2</p>
<p>Played on Saturday</p>
<p> Arsenal		   2  Leicester		  0</p>
<p> Blackburn		 2  Manchester United	3</p>
<p> Derby		     2  Aston Villa		1</p>
<p> Everton		   1  Tottenham		  0</p>
<p> Southampton	     2  West Ham		   0</p>
</text>
<copyright>(c) Reuters Limited 1997</copyright>
<metadata>
<codes class="bip:countries:1.0">
  <code code="UK">
    <editdetail attribution="Reuters BIP Coding Group" action="confirmed" date="1997-04-13"/>
  </code>
</codes>
<codes class="bip:topics:1.0">
  <code code="GCAT">
    <editdetail attribution="Reuters BIP Coding Group" action="confirmed" date="1997-04-13"/>
  </code>
  <code code="GSPO">
    <editdetail attribution="Reuters BIP Coding Group" action="confirmed" date="1997-04-13"/>
  </code>
</codes>
<dc element="dc.date.created" value="1997-04-13"/>
<dc element="dc.publisher" value="Reuters Holdings Plc"/>
<dc element="dc.date.published" value="1997-04-13"/>
<dc element="dc.source" value="Reuters"/>
<dc element="dc.creator.location" value="LONDON"/>
<dc element="dc.creator.location.country.name" value="UK"/>
<dc element="dc.source" value="Reuters"/>
</metadata>
</newsitem>
