<?xml version="1.0" encoding="iso-8859-1" ?>
<newsitem itemid="505058" id="root" date="1997-04-13" xml:lang="en">
<title>JAPAN: SOCCER-JAPANESE J.LEAGUE RESULTS, STANDINGS.</title>
<headline>SOCCER-JAPANESE J.LEAGUE RESULTS, STANDINGS.</headline>
<dateline>TOKYO 1997-04-13</dateline>
<text>
<p>Results of Japan's professional</p>
<p>J.League soccer matches played on late Saturday:</p>
<p> Kashima Antlers	5  Vissel Kobe	   2</p>
<p> Kashiwa Reysol	 0  Shimizu S-Pulse     1</p>
<p> Yokohama Flugels     3  Fukuoka Avispa	1</p>
<p> Nagoya Grampus Eight 2  Osaka Cerezo	  3</p>
<p> Gamba Osaka	    4  Bellmare Hiratsuka  1</p>
<p> Jubilo Iwata	   2  Hiroshima Sanfrecce 1</p>
<p> Urawa Reds	     2  Yokohama Marinos    3</p>
<p> Verdy Kawasaki	 0  JEF United	    2</p>
<p>Standings (tabulate under game played, won, lost, goals for,</p>
<p>goals against, points):</p>
<p>    W   L   GF  GA  Pts</p>
<p> Kashima	1   0   5   2    3</p>
<p> Osaka G	1   0   4   1    3</p>
<p> Yokohama F   1   0   3   1    3</p>
<p> Ichihara     1   0   2   0    3</p>
<p> Osaka C	1   0   3   2    3</p>
<p> Yokohama M   1   0   3   2    3</p>
<p> Iwata	  1   0   2   1    3</p>
<p> Shimizu	1   0   1   0    3</p>
<p> Nagoya	 0   1   2   3    0</p>
<p> Urawa	  0   1   2   3    0</p>
<p> Hiroshima    0   1   1   2    0</p>
<p> Kashiwa	0   1   0   1    0</p>
<p> Fukuoka	0   1   1   3    0</p>
<p> Kawasaki     0   1   0   2    0</p>
<p> Kobe	   0   1   2   5    0</p>
<p> Hiratsuka    0   1   1   4    0</p>
<p> Kyoto	  -   (was idle)   -</p>
</text>
<copyright>(c) Reuters Limited 1997</copyright>
<metadata>
<codes class="bip:countries:1.0">
  <code code="JAP">
    <editdetail attribution="Reuters BIP Coding Group" action="confirmed" date="1997-04-13"/>
  </code>
</codes>
<codes class="bip:topics:1.0">
  <code code="GCAT">
    <editdetail attribution="Reuters BIP Coding Group" action="confirmed" date="1997-04-13"/>
  </code>
  <code code="GSPO">
    <editdetail attribution="Reuters BIP Coding Group" action="confirmed" date="1997-04-13"/>
  </code>
</codes>
<dc element="dc.date.created" value="1997-04-13"/>
<dc element="dc.publisher" value="Reuters Holdings Plc"/>
<dc element="dc.date.published" value="1997-04-13"/>
<dc element="dc.source" value="Reuters"/>
<dc element="dc.creator.location" value="TOKYO"/>
<dc element="dc.creator.location.country.name" value="JAPAN"/>
<dc element="dc.source" value="Reuters"/>
</metadata>
</newsitem>
