<?xml version="1.0" encoding="iso-8859-1" ?>
<newsitem itemid="505042" id="root" date="1997-04-13" xml:lang="en">
<title>ARGENTINA: MOTOR RACING-VILLENEUVE HOLDS OFF IRVINE IN ARGENTINA.</title>
<headline>MOTOR RACING-VILLENEUVE HOLDS OFF IRVINE IN ARGENTINA.</headline>
<dateline>BUENOS AIRES 1997-04-13</dateline>
<text>
<p>Canadian Jacques</p>
<p>Villeneuve opened up a 10-point lead in the world drivers'</p>
<p>championship on Sunday when he beat off a robust challenge from</p>
<p>Briton Eddie Irvine to win the Argentine Grand Prix.</p>
<p>Villeneuve, in a Williams, finished just 0.9 of a second</p>
<p>clear of the Ferrari driver after a dramatic tussle over the</p>
<p>closing 10 laps.</p>
<p>German Ralf Schumacher,  younger brother of double world</p>
<p>champion Michael Schumacher, was third for Jordan in the team's</p>
<p>100th grand prix.</p>
<p>It was 21-year-old Schumacher's first points finish in</p>
<p>Formula One and Irvine's best result in his 51-race career at</p>
<p>the top level.</p>
<p>Villeneuve's victory was his sixth and put him level in the</p>
<p>record books with his late father Gilles.</p>
<p>The Canadian boosted his points tally to 20 after three</p>
<p>races with Briton David Coulthard and Austrian Gerhard Berger</p>
<p>sharing second place on 10.</p>
</text>
<copyright>(c) Reuters Limited 1997</copyright>
<metadata>
<codes class="bip:countries:1.0">
  <code code="ARG">
    <editdetail attribution="Reuters BIP Coding Group" action="confirmed" date="1997-04-13"/>
  </code>
  <code code="CANA">
    <editdetail attribution="Reuters BIP Coding Group" action="confirmed" date="1997-04-13"/>
  </code>
  <code code="UK">
    <editdetail attribution="Reuters BIP Coding Group" action="confirmed" date="1997-04-13"/>
  </code>
</codes>
<codes class="bip:topics:1.0">
  <code code="GCAT">
    <editdetail attribution="Reuters BIP Coding Group" action="confirmed" date="1997-04-13"/>
  </code>
  <code code="GSPO">
    <editdetail attribution="Reuters BIP Coding Group" action="confirmed" date="1997-04-13"/>
  </code>
</codes>
<dc element="dc.date.created" value="1997-04-13"/>
<dc element="dc.publisher" value="Reuters Holdings Plc"/>
<dc element="dc.date.published" value="1997-04-13"/>
<dc element="dc.source" value="Reuters"/>
<dc element="dc.creator.location" value="BUENOS AIRES"/>
<dc element="dc.creator.location.country.name" value="ARGENTINA"/>
<dc element="dc.source" value="Reuters"/>
</metadata>
</newsitem>
