<?xml version="1.0" encoding="iso-8859-1" ?>
<newsitem itemid="505083" id="root" date="1997-04-13" xml:lang="en">
<title>NORWAY: SOCCER-NORWAY ELITE DIVISION RESULTS/STANDINGS.</title>
<headline>SOCCER-NORWAY ELITE DIVISION RESULTS/STANDINGS.</headline>
<dateline>OSLO 1997-04-13</dateline>
<text>
<p>Results of Norwegian elite</p>
<p>division soccer matches at the weekend:</p>
<p> Stabaek		   4	 Lillestroem	1</p>
<p> Haugesund		 1	 Tromsoe	    1</p>
<p> Lyn			 1	 Kongsvinger	2</p>
<p> Rosenborg		 1	 Brann		1</p>
<p> Stroemsgodset	   4	 Skeid		0</p>
<p> Viking		    2	 Sogndal	    2</p>
<p> Bodoe/Glimt	     v	 Molde		postponed.</p>
<p>    Standings		P  W  D  L  F A  PTS</p>
<p> Stroemsgodset	     1  1  0  0  4 0  3</p>
<p> Stabaek		     1  1  0  0  4 1  3</p>
<p> Kongsvinger		 1  1  0  0  2 1  3</p>
<p> Sogndal		     1  0  1  0  2 2  1</p>
<p> Viking			1  0  1  0  2 2  1</p>
<p> Haugesund		   1  0  1  0  1 1  1</p>
<p> Tromsoe		     1  0  1  0  1 1  1</p>
<p> Brann			 1  0  1  0  1 1  1</p>
<p> Rosenborg		   1  0  1  0  1 1  1</p>
<p> Bodoe/Glimt		 0  0  0  0  0 0  0</p>
<p> Molde			 0  0  0  0  0 0  0</p>
<p> Lyn			   1  0  0  1  1 2  0</p>
<p> Lillestroem		 1  0  0  1  1 4  0</p>
<p> Skeid			 1  0  0  1  0 4  0</p>
</text>
<copyright>(c) Reuters Limited 1997</copyright>
<metadata>
<codes class="bip:countries:1.0">
  <code code="NORW">
    <editdetail attribution="Reuters BIP Coding Group" action="confirmed" date="1997-04-13"/>
  </code>
</codes>
<codes class="bip:topics:1.0">
  <code code="GCAT">
    <editdetail attribution="Reuters BIP Coding Group" action="confirmed" date="1997-04-13"/>
  </code>
  <code code="GSPO">
    <editdetail attribution="Reuters BIP Coding Group" action="confirmed" date="1997-04-13"/>
  </code>
</codes>
<dc element="dc.date.created" value="1997-04-13"/>
<dc element="dc.publisher" value="Reuters Holdings Plc"/>
<dc element="dc.date.published" value="1997-04-13"/>
<dc element="dc.source" value="Reuters"/>
<dc element="dc.creator.location" value="OSLO"/>
<dc element="dc.creator.location.country.name" value="NORWAY"/>
<dc element="dc.source" value="Reuters"/>
</metadata>
</newsitem>
