<?xml version="1.0" encoding="iso-8859-1" ?>
<newsitem itemid="505046" id="root" date="1997-04-13" xml:lang="en">
<title>AUSTRALIA: RUGBY LEAGUE-AUSTRALIAN RESULTS/STANDINGS.</title>
<headline>RUGBY LEAGUE-AUSTRALIAN RESULTS/STANDINGS.</headline>
<dateline>SYDNEY 1997-04-13</dateline>
<text>
<p>Results of Australian rugby</p>
<p>league matches played at the weekend:</p>
<p>Played Sunday:</p>
<p> St George	   16  Balmain	 10</p>
<p> Sydney City	 20  Illawarra     26</p>
<p> South Queensland  14  Gold Coast    22</p>
<p>Played Saturday:</p>
<p> North Sydney	34  South Sydney  14</p>
<p> Parramatta	   8  Manly	   18</p>
<p>Played Friday:</p>
<p> Western Suburbs    4  Newcastle	8</p>
<p>Premiership standings (tabulate under played, won, drawn,</p>
<p>lost, points for, points against, total points):</p>
<p> Manly		  6    6    0    0   132    80    12</p>
<p> Newcastle	    6    5    0    1   140    70    10</p>
<p> Illawarra	    6    4    1    1   134    84     9</p>
<p> St George	    6    4    0    2   108    63     8</p>
<p> North Sydney	 6    3    1    2   122    90     7</p>
<p> Gold Coast	   6    3    0    3   116   100     6</p>
<p> Sydney City	  6    3    0    3   120   106     6</p>
<p> Balmain		6    2    0    4    86    90     4</p>
<p> South Sydney	 6    2    0    4    87   164     4</p>
<p> Western Suburbs    6    1    0    5    59   109     2</p>
<p> Parramatta	   6    1    0    5    50   111     2</p>
<p> South Queensland   6    1    0    5    69   156     2</p>
</text>
<copyright>(c) Reuters Limited 1997</copyright>
<metadata>
<codes class="bip:countries:1.0">
  <code code="AUSTR">
    <editdetail attribution="Reuters BIP Coding Group" action="confirmed" date="1997-04-13"/>
  </code>
</codes>
<codes class="bip:topics:1.0">
  <code code="GCAT">
    <editdetail attribution="Reuters BIP Coding Group" action="confirmed" date="1997-04-13"/>
  </code>
  <code code="GSPO">
    <editdetail attribution="Reuters BIP Coding Group" action="confirmed" date="1997-04-13"/>
  </code>
</codes>
<dc element="dc.date.created" value="1997-04-13"/>
<dc element="dc.publisher" value="Reuters Holdings Plc"/>
<dc element="dc.date.published" value="1997-04-13"/>
<dc element="dc.source" value="Reuters"/>
<dc element="dc.creator.location" value="SYDNEY"/>
<dc element="dc.creator.location.country.name" value="AUSTRALIA"/>
<dc element="dc.source" value="Reuters"/>
</metadata>
</newsitem>
