<?xml version="1.0" encoding="iso-8859-1" ?>
<newsitem itemid="505048" id="root" date="1997-04-13" xml:lang="en">
<title>AUSTRALIA: AUSTRALIAN RULES-AFL RESULTS AND STANDINGS.</title>
<headline>AUSTRALIAN RULES-AFL RESULTS AND STANDINGS.</headline>
<dateline>MELBOURNE 1997-04-13</dateline>
<text>
<p>Results of Australian</p>
<p>Football League matches played at the weekend:</p>
<p>Played Sunday:</p>
<p> West Coast	  16.15  (111)  Fremantle	   9.17   (71)</p>
<p> Essendon	    18.14  (122)  North Melbourne  12.8    (80)</p>
<p> Carlton	     15.18  (108)  Adelaide	   12.8    (80)</p>
<p> Hawthorn	    12.15   (87)  Brisbane	   11.9    (75)</p>
<p>Played Saturday:</p>
<p> Western Bulldogs  16.9   (105)  Richmond	   12.14   (86)</p>
<p> St Kilda	    19.11  (125)  Collingwood	17.16  (118)</p>
<p> Port Adelaide     18.21  (129)  Geelong	    14.6    (90)</p>
<p>Played Friday:</p>
<p> Sydney		15.9    (99)  Melbourne	  14.7    (91)</p>
<p>Standings (tabulate under played, won, drawn, lost, points</p>
<p>for, against, percentage, total points):</p>
<p> Essendon	    3   3   0   0    321   239   134.3    12</p>
<p> Collingwood	 3   2   0   1    447   268   166.8     8</p>
<p> West Coast	  3   2   0   1    261   186   140.3     8</p>
<p> Western Bulldogs  3   2   0   1    271   249   108.8     8</p>
<p> Richmond	    3   2   0   1    318   300   106.0     8</p>
<p> Hawthorn	    3   2   0   1    237   233   101.7     8</p>
<p> Fremantle	   3   2   0   1    238   260    91.5     8</p>
<p> Brisbane	    3   1   0   2    325   276   117.8     4</p>
<p> Carlton	     3   1   0   2    267   272    98.2     4</p>
<p> Adelaide	    3   1   0   2    312   332    94.0     4</p>
<p> North Melbourne   3   1   0   2    221   252    87.7     4</p>
<p> Geelong	     3   1   0   2    263   305    86.2     4</p>
<p> Sydney		3   1   0   2    219   259    84.6     4</p>
<p> Port Adelaide     3   1   0   2    276   349    79.1     4</p>
<p> St Kilda	    3   1   0   2    253   349    72.5     4</p>
<p> Melbourne	   3   1   0   2    217   317    68.5     4</p>
</text>
<copyright>(c) Reuters Limited 1997</copyright>
<metadata>
<codes class="bip:countries:1.0">
  <code code="AUSTR">
    <editdetail attribution="Reuters BIP Coding Group" action="confirmed" date="1997-04-13"/>
  </code>
</codes>
<codes class="bip:topics:1.0">
  <code code="GCAT">
    <editdetail attribution="Reuters BIP Coding Group" action="confirmed" date="1997-04-13"/>
  </code>
  <code code="GSPO">
    <editdetail attribution="Reuters BIP Coding Group" action="confirmed" date="1997-04-13"/>
  </code>
</codes>
<dc element="dc.date.created" value="1997-04-13"/>
<dc element="dc.publisher" value="Reuters Holdings Plc"/>
<dc element="dc.date.published" value="1997-04-13"/>
<dc element="dc.source" value="Reuters"/>
<dc element="dc.creator.location" value="MELBOURNE"/>
<dc element="dc.creator.location.country.name" value="AUSTRALIA"/>
<dc element="dc.source" value="Reuters"/>
</metadata>
</newsitem>
