<?xml version="1.0" encoding="iso-8859-1" ?>
<newsitem itemid="505015" id="root" date="1997-04-13" xml:lang="en">
<title>UK: ATHLETICS-LONDON MARATHON RESULTS.</title>
<headline>ATHLETICS-LONDON MARATHON RESULTS.</headline>
<dateline>LONDON 1997-04-13</dateline>
<text>
<p>Leading results of the London</p>
<p>Marathon on Sunday:</p>
<p>Women (26.2 miles)</p>
<p>1. Joyce Chepchumba (Kenya)  2 hours 26 minutes 51</p>
<p>seconds</p>
<p>  2. Liz McColgan (Britain)		 2:26:52 3</p>
<p>  3..Lidia Simon (Romania)		  2:27:11 4</p>
<p>  4. Sonja Krolik (Germany)		 2:28:02 5</p>
<p>  5. Ramilia Burangulova (Russia)	 2:28:07 6</p>
<p>  6. Manuela Machado (Portugal)	   2:28:12 7</p>
<p>  7. Christine McNamara (U.S.)	    2:28:18 8</p>
<p>  8..Renata Kokowska (Poland)	     2:28:21 9</p>
<p>  9. Yelena Mazovka (Belarus)	     2:29:06 10</p>
<p> 10. Helen Kimaiyo (Kenya)		  2:29:45</p>
<p>Men (26.2 miles)</p>
<p>  1. Antonio Pinto (Portugal)	  2:07:55</p>
<p>  2. Stefano Baldini (Italy)	   2:07:57 3</p>
<p>  3. Josiah Thugwane (South Africa)  2:08:06 4</p>
<p>  4. Eric Kimaiyo (Kenya)		2:08:08 5</p>
<p>  5. Richard Nerurkar (Britain)	2:08:36 6</p>
<p>  6. Steve Moneghetti (Australia)    2:08:45</p>
<p>  7. Lawrence Peu (South Africa)     2:09:10 8</p>
<p>  8. Paul Evans (Britain)		2:09:18 9</p>
<p>  9. Jose Garcia (Spain)		 2:09:30 10</p>
<p> 10. Stephane Franke (Germany)	 2:11:26</p>
</text>
<copyright>(c) Reuters Limited 1997</copyright>
<metadata>
<codes class="bip:countries:1.0">
  <code code="UK">
    <editdetail attribution="Reuters BIP Coding Group" action="confirmed" date="1997-04-13"/>
  </code>
</codes>
<codes class="bip:topics:1.0">
  <code code="GCAT">
    <editdetail attribution="Reuters BIP Coding Group" action="confirmed" date="1997-04-13"/>
  </code>
  <code code="GSPO">
    <editdetail attribution="Reuters BIP Coding Group" action="confirmed" date="1997-04-13"/>
  </code>
</codes>
<dc element="dc.date.created" value="1997-04-13"/>
<dc element="dc.publisher" value="Reuters Holdings Plc"/>
<dc element="dc.date.published" value="1997-04-13"/>
<dc element="dc.source" value="Reuters"/>
<dc element="dc.creator.location" value="LONDON"/>
<dc element="dc.creator.location.country.name" value="UK"/>
<dc element="dc.source" value="Reuters"/>
</metadata>
</newsitem>
