<?xml version="1.0" encoding="iso-8859-1" ?>
<newsitem itemid="505031" id="root" date="1997-04-13" xml:lang="en">
<title>YUGOSLAVIA: SOCCER-YUGOSLAV LEAGUE RESULTS/STANDINGS.</title>
<headline>SOCCER-YUGOSLAV LEAGUE RESULTS/STANDINGS.</headline>
<dateline>BELGRADE 1997-04-13</dateline>
<text>
<p>Results of Yugoslav league</p>
<p>soccer matches played at the weekend:</p>
<p>Division A</p>
<p>Played on Saturday:</p>
<p> Red Star	 1     Rad		 0</p>
<p> Vojvodina	2     Cukaricki	 1</p>
<p> Hajduk	   2     Buducnost (P)   0</p>
<p> Zemun	    2     Proleter	  1</p>
<p> Mladost (L)    1     Becej	     0</p>
<p> Partizan	 4     Borac	     0</p>
<p>    Standings	P     W    D    L   F   A   Pts</p>
<p>  1. Partizan	23   20    3    0   66  11   63</p>
<p>  2. Red Star	23   18    2    2   52  17   56</p>
<p>  3. Vojvodina     23   12    7    4   33  19   43</p>
<p>  4. Mladost (L)   23   11    3    9   32  32   36</p>
<p>  5. Zemun	   23    8    7    8   28  25   31</p>
<p>  6. Hajduk	  23    8    7    8   20  23   31</p>
<p>  7. Buducnost     23    7    4   12   17  29   25</p>
<p>  8. Proleter	23    7    3   13   34  39   24</p>
<p>  9. Becej	   23    6    5   12   22  33   23</p>
<p> 10. Cukaricki     23    6    5   12   21  39   23</p>
<p> 11. Rad	     23    5    7   11   20  29   22</p>
<p> 12. Borac	   23    3    1   19   14  65   10</p>
<p>Division B</p>
<p>Played on Sunday:</p>
<p> Zeleznik	 3    OFK Kikinda	1</p>
<p>Played on Saturday:</p>
<p> Obilic	   5    Mladost (BJ)     1</p>
<p> OFK Beograd    4    Sloboda	    0</p>
<p> Radnicki	 7    Sutjeska	   0</p>
<p> Loznica	  1    Spartak	    0</p>
<p> Rudar	    1    Buducnost (V)    0</p>
<p>Standings:</p>
<p>  1. Obilic	  23   20    2    1   49   9   62</p>
<p>  2. Loznica	 23   15    1    7   35  16   46</p>
<p>  3. OFK Beograd   23   11    6    6   29  19   39</p>
<p>  4. Radnicki	23   11    5    7   43  24   38</p>
<p>  5. Zeleznik	23   12    2    9   32  25   38</p>
<p>  6. Rudar	   23   11    3    9   35  25   36</p>
<p>  7. Buducnost (V) 23    9    3   11   31  35   30</p>
<p>  8. Sutjeska	23    9    2   12   28  41   29</p>
<p>  9. OFK Kikinda   23    8    2   13   16  26   26</p>
<p> 10. Sloboda	 23    5    5   13   22  34   20</p>
<p> 11. Spartak	 23    5    2   15   17  53   17</p>
<p> 12. Mladost (BJ)  23    2    7   14   12  42   13</p>
</text>
<copyright>(c) Reuters Limited 1997</copyright>
<metadata>
<codes class="bip:countries:1.0">
  <code code="YUG">
    <editdetail attribution="Reuters BIP Coding Group" action="confirmed" date="1997-04-13"/>
  </code>
</codes>
<codes class="bip:topics:1.0">
  <code code="GCAT">
    <editdetail attribution="Reuters BIP Coding Group" action="confirmed" date="1997-04-13"/>
  </code>
  <code code="GSPO">
    <editdetail attribution="Reuters BIP Coding Group" action="confirmed" date="1997-04-13"/>
  </code>
</codes>
<dc element="dc.date.created" value="1997-04-13"/>
<dc element="dc.publisher" value="Reuters Holdings Plc"/>
<dc element="dc.date.published" value="1997-04-13"/>
<dc element="dc.source" value="Reuters"/>
<dc element="dc.creator.location" value="BELGRADE"/>
<dc element="dc.creator.location.country.name" value="YUGOSLAVIA"/>
<dc element="dc.source" value="Reuters"/>
</metadata>
</newsitem>
