<?xml version="1.0" encoding="iso-8859-1" ?>
<newsitem itemid="505026" id="root" date="1997-04-13" xml:lang="en">
<title>SOUTH AFRICA: CRICKET-AUSTRALIA PUT SOUTH AFRICA IN TO BAT IN ONE-DAY MATCH.</title>
<headline>CRICKET-AUSTRALIA PUT SOUTH AFRICA IN TO BAT IN ONE-DAY MATCH.</headline>
<dateline>BLOEMFONTEIN, South Africa 1997-04-13</dateline>
<text>
<p>Australia won the toss and asked South Africa to bat in their seventh and final one-day international cricket match on Sunday.</p>
<p>Teams:</p>
<p>South Africa - Lance Klusener, Herschelle Gibbs, Hansie Cronje (captain), Daryll Cullinan, Jacques Kallis, Jonty Rhodes, Shaun Pollock, Derek Crookes, Dave Richardson, Pat Symcox, Allan Donald.</p>
<p>Australia - Mark Waugh, Michael Di Venuto, Stuart Law, Steve Waugh (captain), Michael Bevan, Greg Blewett, Adam Gilchrist, Brendon Julian, Paul Reiffel, Andrew Bichel, Adam Dale.</p>
</text>
<copyright>(c) Reuters Limited 1997</copyright>
<metadata>
<codes class="bip:countries:1.0">
  <code code="AUSTR">
    <editdetail attribution="Reuters BIP Coding Group" action="confirmed" date="1997-04-13"/>
  </code>
  <code code="SAFR">
    <editdetail attribution="Reuters BIP Coding Group" action="confirmed" date="1997-04-13"/>
  </code>
</codes>
<codes class="bip:topics:1.0">
  <code code="GCAT">
    <editdetail attribution="Reuters BIP Coding Group" action="confirmed" date="1997-04-13"/>
  </code>
  <code code="GSPO">
    <editdetail attribution="Reuters BIP Coding Group" action="confirmed" date="1997-04-13"/>
  </code>
</codes>
<dc element="dc.date.created" value="1997-04-13"/>
<dc element="dc.publisher" value="Reuters Holdings Plc"/>
<dc element="dc.date.published" value="1997-04-13"/>
<dc element="dc.source" value="Reuters"/>
<dc element="dc.creator.location" value="BLOEMFONTEIN, South Africa"/>
<dc element="dc.creator.location.country.name" value="SOUTH AFRICA"/>
<dc element="dc.source" value="Reuters"/>
</metadata>
</newsitem>
