<?xml version="1.0" encoding="iso-8859-1" ?>
<newsitem itemid="505071" id="root" date="1997-04-13" xml:lang="en">
<title>USA: NHL ICE HOCKEY-STANDINGS AFTER SATURDAY'S GAMES.</title>
<headline>NHL ICE HOCKEY-STANDINGS AFTER SATURDAY'S GAMES.</headline>
<dateline>NEW YORK 1997-04-13</dateline>
<text>
<p>Standings of National Hockey</p>
<p>League teams after games played on Saturday (tabulate under</p>
<p>won, lost, tied, goals for, goals against, points):</p>
<p>		   EASTERN CONFERENCE</p>
<p>		   NORTHEAST DIVISION</p>
<p>		    W   L   T   GF   GA   PTS</p>
<p> Y-BUFFALO     40  29  12  234  200   92</p>
<p> X-PITTSBURGH  38  35   8  282  273   84</p>
<p> X-OTTAWA	31  36  15  226  234   77</p>
<p> X-MONTREAL    31  36  15  249  276   77</p>
<p> HARTFORD	31  39  11  224  255   73</p>
<p> BOSTON	  25  47   9  227  297   59</p>
<p>		   ATLANTIC DIVISION</p>
<p>		    W   L   T   GF   GA   PTS</p>
<p>YZ-NEW JERSEY 45  22  14  227  177  104</p>
<p>X-PHILADELPHIA44  24  13  269  213  101</p>
<p> X-FLORIDA     35  28  19  221  201   89</p>
<p> X-NY RANGERS  38  34  10  258  231   86</p>
<p> TAMPA BAY     32  39  10  216  245   74</p>
<p> WASHINGTON    32  40   9  206  228   73</p>
<p> NY ISLANDERS  29  41  12  240  250   70</p>
<p>		   WESTERN CONFERENCE</p>
<p>		   CENTRAL DIVISION</p>
<p>		    W   L   T   GF   GA   PTS</p>
<p> Y-DALLAS	48  25   8  250  193  104</p>
<p> X-DETROIT     38  25  18  252  194   94</p>
<p> X-PHOENIX     38  37   7  240  243   83</p>
<p> X-ST LOUIS    35  35  11  233  238   81</p>
<p> X-CHICAGO     33  35  13  218  208   79</p>
<p> TORONTO	 30  44   8  230  273   68</p>
<p>		   PACIFIC DIVISION</p>
<p>		    W   L   T   GF   GA   PTS</p>
<p> YZ-COLORADO   49  23   9  275  201  107</p>
<p> X-ANAHEIM     36  33  13  245  233   85</p>
<p> X-EDMONTON    36  37   9  252  247   81</p>
<p> VANCOUVER     35  40   7  257  273   77</p>
<p> CALGARY	 32  41   9  214  239   73</p>
<p> LOS ANGELES   27  43  11  210  266   65</p>
<p> SAN JOSE	27  47   8  211  278   62</p>
<p>X -- CLINCHED PLAYOFF BERTH</p>
<p>Y -- CLINCHED DIVISION TITLE</p>
<p>Z -- CLINCHED CONFERENCE TITLE</p>
<p>SUNDAY, APRIL 13 SCHEDULE</p>
<p>PITTSBURGH AT BOSTON</p>
<p>TAMPA BAY AT HARTFORD</p>
<p> CHICAGO AT DALLAS   </p>
<p>ST LOUIS AT DETROIT </p>
<p>WASHINGTON AT BUFFALO</p>
<p>NEW JERSEY AT PHILADELPHIA</p>
<p>LOS ANGELES AT COLORADO</p>
</text>
<copyright>(c) Reuters Limited 1997</copyright>
<metadata>
<codes class="bip:countries:1.0">
  <code code="CANA">
    <editdetail attribution="Reuters BIP Coding Group" action="confirmed" date="1997-04-13"/>
  </code>
  <code code="USA">
    <editdetail attribution="Reuters BIP Coding Group" action="confirmed" date="1997-04-13"/>
  </code>
</codes>
<codes class="bip:topics:1.0">
  <code code="GCAT">
    <editdetail attribution="Reuters BIP Coding Group" action="confirmed" date="1997-04-13"/>
  </code>
  <code code="GSPO">
    <editdetail attribution="Reuters BIP Coding Group" action="confirmed" date="1997-04-13"/>
  </code>
</codes>
<dc element="dc.date.created" value="1997-04-13"/>
<dc element="dc.publisher" value="Reuters Holdings Plc"/>
<dc element="dc.date.published" value="1997-04-13"/>
<dc element="dc.source" value="Reuters"/>
<dc element="dc.creator.location" value="NEW YORK"/>
<dc element="dc.creator.location.country.name" value="USA"/>
<dc element="dc.source" value="Reuters"/>
</metadata>
</newsitem>
