<?xml version="1.0" encoding="iso-8859-1" ?>
<newsitem itemid="505002" id="root" date="1997-04-13" xml:lang="en">
<title>UK: SOCCER-MIDDLESBROUGH 3 CHESTERFIELD 2 - LATEST.</title>
<headline>SOCCER-MIDDLESBROUGH 3 CHESTERFIELD 2 - LATEST.</headline>
<dateline>LONDON 1997-04-13</dateline>
<text>
<p>Middlesbrough led Chesterfield</p>
<p>3-2 in extra time in their English F.A. Cup semifinal match at</p>
<p>Old Trafford on Sunday.</p>
<p>Scorers:</p>
<p>Chesterfield - Andy Morris 54, Sean Dyche 60 pen</p>
<p>Middlesbrough - Fabrizio Ravanelli 64, Craig Hignett 70 pen,</p>
<p>Gianluca Festa 100</p>
</text>
<copyright>(c) Reuters Limited 1997</copyright>
<metadata>
<codes class="bip:countries:1.0">
  <code code="UK">
    <editdetail attribution="Reuters BIP Coding Group" action="confirmed" date="1997-04-13"/>
  </code>
</codes>
<codes class="bip:topics:1.0">
  <code code="GCAT">
    <editdetail attribution="Reuters BIP Coding Group" action="confirmed" date="1997-04-13"/>
  </code>
  <code code="GSPO">
    <editdetail attribution="Reuters BIP Coding Group" action="confirmed" date="1997-04-13"/>
  </code>
</codes>
<dc element="dc.date.created" value="1997-04-13"/>
<dc element="dc.publisher" value="Reuters Holdings Plc"/>
<dc element="dc.date.published" value="1997-04-13"/>
<dc element="dc.source" value="Reuters"/>
<dc element="dc.creator.location" value="LONDON"/>
<dc element="dc.creator.location.country.name" value="UK"/>
<dc element="dc.source" value="Reuters"/>
</metadata>
</newsitem>
