<?xml version="1.0" encoding="iso-8859-1" ?>
<newsitem itemid="505188" id="root" date="1997-04-13" xml:lang="en">
<title>COMOROS: Too short a skirt could mean jail in Comoros.</title>
<headline>Too short a skirt could mean jail in Comoros.</headline>
<dateline>MORONI 1997-04-13</dateline>
<text>
<p>The army chief-of-staff in the Comoro Islands warned local women and girls on Sunday that any of them caught wearing mini-skirts or tight-fitting dresses would be imprisoned by his troops.</p>
<p>&quot;They must wear the veil,&quot; Muilim Djoussouf said on radio.</p>
<p>Djoussouff also warned men not to sport dreadlocks and not to wear necklaces or earrings on the Indian Ocean islands with their predominantly Moslem population.</p>
<p>He said the army would carry out sweeps this week and would arrest anyone ignoring his order. &quot;They will remain in prison until they become healed,&quot; he said.</p>
<p>Earlier this year Comoros President Mohamed Taki banned the sale of alcoholic drinks, but exempted sales to foreign tourists staying in hotels.</p>
<p>Soldiers recently seized and destroyed alcoholic drinks after traders had been warned not to sell them, residents said.</p>
<p>Taki, elected last year, has taken a tough line in enforcing Islamic standards in the federal Islamic republic's estimated 500,000 population. Islam is the official religion and 99 percent of the population are Moslems.</p>
</text>
<copyright>(c) Reuters Limited 1997</copyright>
<metadata>
<codes class="bip:countries:1.0">
  <code code="COMOR">
    <editdetail attribution="Reuters BIP Coding Group" action="confirmed" date="1997-04-13"/>
  </code>
</codes>
<codes class="bip:topics:1.0">
  <code code="GCAT">
    <editdetail attribution="Reuters BIP Coding Group" action="confirmed" date="1997-04-13"/>
  </code>
  <code code="GCRIM">
    <editdetail attribution="Reuters BIP Coding Group" action="confirmed" date="1997-04-13"/>
  </code>
  <code code="GODD">
    <editdetail attribution="Reuters BIP Coding Group" action="confirmed" date="1997-04-13"/>
  </code>
</codes>
<dc element="dc.date.created" value="1997-04-13"/>
<dc element="dc.publisher" value="Reuters Holdings Plc"/>
<dc element="dc.date.published" value="1997-04-13"/>
<dc element="dc.source" value="Reuters"/>
<dc element="dc.creator.location" value="MORONI"/>
<dc element="dc.creator.location.country.name" value="COMOROS"/>
<dc element="dc.source" value="Reuters"/>
</metadata>
</newsitem>
