<?xml version="1.0" encoding="iso-8859-1" ?>
<newsitem itemid="505165" id="root" date="1997-04-13" xml:lang="en">
<title>AUSTRALIA: RUGBY UNION-Hurricanes blow away Queensland.</title>
<headline>RUGBY UNION-Hurricanes blow away Queensland.</headline>
<text>
<p>BRISBANE, April 14 - The Wellington Hurricanes passed a test of character not totally confined to rugby when they beat Queensland 47-29 in their Super 12 rugby match in Brisbane on Saturday night.</p>
<p>In the days leading up to the match, the Hurricanes had to deal with the emotional and mental wreckage associated with the rape charge levelled against player Roger Randle in South Africa.</p>
<p>The squad were in the Durban courtroom where Randle appeared for a pre-trial hearing after being charged with the rape of a woman in the team's hotel.  </p>
<p>They then made the arduous trip from South Africa to Perth, then to Sydney -- where Randle left them to return home -- and on to Brisbane.</p>
<p>Jet-lagged and with many of the team unable to sleep at night, the Hurricanes had one of the worst preparations imaginable.</p>
<p>After 12 minutes of the game it was reflected in the score -- down 0-17 -- before captain Mark Allen launched them on a defiant fightback.  </p>
<p>Afterwards, Wellington wouldn't talk directly about Randle and the effect his ordeal had on the team, but coach Frank Oliver admitted his side had been sorely tested by all that had befallen them in the previous week.</p>
<p>&quot;The challenge to any team when you're up against it, when the odds are stacked against you, is to show heart, character and courage and this team has plenty of that,&quot; Oliver told NZPA after the match.</p>
<p>However, he said the challenge now for the team was to maintain the form they'd found on their short tour of South Africa and Brisbane.  </p>
<p>&quot;This win is a great present to take home after all we've been through, but we've got to keep going now.</p>
<p>&quot;This win has given us the springboard. It's lifted us out of the middle of the pack and near the leaders, now we have to maintain it and keep winning at home.&quot;</p>
<p>Allen inspired his team to come back from their disastrous start, saying the Hurricanes were on the point of capitulation at one stage.</p>
<p>&quot;If they'd scored again after getting ahead 17-0 we would have been hurting,&quot; Allen said.  </p>
<p>&quot;We were already teetering at that point and another try would have broken us.</p>
<p>&quot;But this team's got a lot of character and they dug really deep to start going forward and get back into the game.&quot;</p>
<p>Allen wouldn't say so himself, but the Hurricanes' revival rested almost solely on his broad shoulders. When they were down, it was Allen who showed the way with some characteristic surges.</p>
<p>It was his charge in the 16th minute that set the platform for the backline to get their first try -- a double skip pass for Tana Umaga to score with a strong finish.  </p>
<p>Umaga made the burst that allowed Steven Bachop a free run to the line for the Hurricanes' second try four minutes later.</p>
<p>And it was Allen again, bursting down field from a maul, who sparked a try for Alex Telea two minutes before halftime for an important 25-17 lead at the break.</p>
<p>Queensland stayed in the contest in the second half, thanks to a string of penalties conceded by Wellington, but the game ebbed away from them again midway through the spell when the powerful Hurricanes pack shoved them off the ball on their own scrum and two phases later had a try to Telea.  </p>
<p>The stuffing seemed to fall out of Queensland after that with Jason O'Halloran busting through some weak defence to score under the crossbar and Jon Preston scoring a bizarre try after pouncing on his own kick after a penalty attempt hit the post.</p>
<p>Wellington: 47 (A Telea 2, T Umaga, S Bachop, J O'Halloran, J Preston tries; J Preston 4 cons, 3 pens).</p>
<p>Queensland: 29 (T Horan, W Carne tries; J Eales 2 cons, 5 pens). Halftime: 25-17.</p>
</text>
<copyright>(c) Reuters Limited 1997</copyright>
<metadata>
<codes class="bip:countries:1.0">
  <code code="AUSTR">
    <editdetail attribution="Reuters BIP Coding Group" action="confirmed" date="1997-04-13"/>
  </code>
  <code code="NZ">
    <editdetail attribution="Reuters BIP Coding Group" action="confirmed" date="1997-04-13"/>
  </code>
</codes>
<codes class="bip:topics:1.0">
  <code code="GCAT">
    <editdetail attribution="Reuters BIP Coding Group" action="confirmed" date="1997-04-13"/>
  </code>
  <code code="GSPO">
    <editdetail attribution="Reuters BIP Coding Group" action="confirmed" date="1997-04-13"/>
  </code>
</codes>
<dc element="dc.publisher" value="Reuters Holdings Plc"/>
<dc element="dc.date.published" value="1997-04-13"/>
<dc element="dc.source" value="Reuters"/>
<dc element="dc.creator.location.country.name" value="AUSTRALIA"/>
<dc element="dc.source" value="Reuters"/>
</metadata>
</newsitem>
