<?xml version="1.0" encoding="iso-8859-1" ?>
<newsitem itemid="505167" id="root" date="1997-04-13" xml:lang="en">
<title>AUSTRALIA: Rugby union-New South Wales overwhelm Free State.</title>
<headline>Rugby union-New South Wales overwhelm Free State.</headline>
<dateline>SYDNEY 1996-04-14</dateline>
<text>
<p>New South Wales breathed life into their Super 12 campaign with a convincing 36-11 win over Free State on Saturday to stay in contention for a semifinal berth.</p>
<p>The Waratahs earned a maximum five competition points from an enthralling match at the Sydney Football Stadium to move into sixth place on the Super 12 table on 16 points from six games.</p>
<p>Free State made a strong contribution to an open, attacking encounter but their hopes were dashed by a combination of poor finishing and resolute defence by the home side.</p>
</text>
<copyright>(c) Reuters Limited 1997</copyright>
<metadata>
<codes class="bip:countries:1.0">
  <code code="AUSTR">
    <editdetail attribution="Reuters BIP Coding Group" action="confirmed" date="1997-04-13"/>
  </code>
</codes>
<codes class="bip:topics:1.0">
  <code code="GCAT">
    <editdetail attribution="Reuters BIP Coding Group" action="confirmed" date="1997-04-13"/>
  </code>
  <code code="GSPO">
    <editdetail attribution="Reuters BIP Coding Group" action="confirmed" date="1997-04-13"/>
  </code>
</codes>
<dc element="dc.date.created" value="1996-04-14"/>
<dc element="dc.publisher" value="Reuters Holdings Plc"/>
<dc element="dc.date.published" value="1997-04-13"/>
<dc element="dc.source" value="Reuters"/>
<dc element="dc.creator.location" value="SYDNEY"/>
<dc element="dc.creator.location.country.name" value="AUSTRALIA"/>
<dc element="dc.source" value="Reuters"/>
</metadata>
</newsitem>
