<?xml version="1.0" encoding="iso-8859-1" ?>
<newsitem itemid="505179" id="root" date="1997-04-13" xml:lang="en">
<title>ETHIOPIA: Ethiopia blast kills one, wounds Britons and French.</title>
<headline>Ethiopia blast kills one, wounds Britons and French.</headline>
<dateline>ADDIS ABABA 1997-04-13</dateline>
<text>
<p>At least one person was killed and four Britons and two French citizens were among 42 wounded in grenade blasts in the Ethiopian capital on Saturday night, diplomats and state radio reported on Sunday.</p>
<p>&quot;I can confirm that four British people and two French people were injured by a grenade attack at the Blue Tops restaurant,&quot; the British consul in Addis Ababa, Florence Napthen, told Reuters by telephone.</p>
<p>&quot;The two British men were reasonably seriously injured, mostly from flying glass. But their wives are not too bad and none of their lives is in danger,&quot; Napthen said.</p>
<p>Ethiopian radio said at least one person was killed and 42 injured when grenades were lobbed into the Tigray hotel, in the Piazza area of the city centre, and Blue Tops, an Italian restaurant which is a favourite haunt of wealthy Ethiopians and foreigners.</p>
<p>Unconfirmed reports said there were two other blasts on Saturday night in the capital.</p>
<p>Police sealed off the restaurant and hotel on Sunday and journalists were denied entry to the Black Lion hospital where two of the wounded Britons were being treated.</p>
<p>Napthen said one or more unidentified assailants threw the grenade into the Blue Tops at about 7.30 p.m. (1630 GMT) on Saturday before the restaurant was at its busiest.</p>
<p>She declined to release the names of the British casualties but said they were residents not tourists.</p>
<p>The French embassy was not immediately available for comment.</p>
<p>State radio, quoting police officials, said one person was killed and 34 wounded at the Tigray hotel.</p>
<p>The report did not say if any suspects had been arrested.</p>
<p>Several bombs have exploded in Addis and provincial cities in the past year and last November an Ethiopian Airlines plane was hijacked and crashed into the sea off the Comoro Islands, killing some 125 people on board.</p>
</text>
<copyright>(c) Reuters Limited 1997</copyright>
<metadata>
<codes class="bip:countries:1.0">
  <code code="ETHPA">
    <editdetail attribution="Reuters BIP Coding Group" action="confirmed" date="1997-04-13"/>
  </code>
  <code code="FRA">
    <editdetail attribution="Reuters BIP Coding Group" action="confirmed" date="1997-04-13"/>
  </code>
  <code code="UK">
    <editdetail attribution="Reuters BIP Coding Group" action="confirmed" date="1997-04-13"/>
  </code>
</codes>
<codes class="bip:topics:1.0">
  <code code="GCAT">
    <editdetail attribution="Reuters BIP Coding Group" action="confirmed" date="1997-04-13"/>
  </code>
  <code code="GVIO">
    <editdetail attribution="Reuters BIP Coding Group" action="confirmed" date="1997-04-13"/>
  </code>
</codes>
<dc element="dc.date.created" value="1997-04-13"/>
<dc element="dc.publisher" value="Reuters Holdings Plc"/>
<dc element="dc.date.published" value="1997-04-13"/>
<dc element="dc.source" value="Reuters"/>
<dc element="dc.creator.location" value="ADDIS ABABA"/>
<dc element="dc.creator.location.country.name" value="ETHIOPIA"/>
<dc element="dc.source" value="Reuters"/>
</metadata>
</newsitem>
