<?xml version="1.0" encoding="iso-8859-1" ?>
<newsitem itemid="505104" id="root" date="1997-04-13" xml:lang="en">
<title>NETHERLANDS: SOCCER-DUTCH FIRST DIVISION SUMMARIES.</title>
<headline>SOCCER-DUTCH FIRST DIVISION SUMMARIES.</headline>
<dateline>AMSTERDAM 1997-04-13</dateline>
<text>
<p>Summaries of Dutch first</p>
<p>division soccer matches played on Sunday:</p>
<p> Vitesse Arnhem	     1 - Makaay 31</p>
<p> Volendam		     1 - Samardzic pen 81</p>
<p>    HT: 1-0	Att: 6,777</p>
<p> Utrecht			2 - Vanenburg 51, Nascimento 64</p>
<p> Heerenveen		   2 - Talan 13, Echteld 77</p>
<p>    HT: 0-1	Att: 12,500</p>
<p> Graafschap Doetinchem    2 - Van der Haar 69, Breetveld 90</p>
<p> NAC			    2 - Arambasic 33, Roelofsen 57</p>
<p>    HT: 0-1	Att: 7,400</p>
<p> Twente Enschede	    0</p>
<p> Groningen		    1 - Huistra 85</p>
<p>    HT: 0-0	Att: 9,000</p>
<p> Willem II Tilburg	  0</p>
<p> Feyenoord		    2 - Fernando 72, Fraser 81</p>
<p>    HT: 0-0	Att: 11,000</p>
<p> PSV Eindhoven		2 - Cocu 15, De Bilde 54</p>
<p> Ajax Amsterdam	     0</p>
<p>    HT: 1-0	Att: 28,500</p>
<p>Played on Saturday:</p>
<p> Roda JC Kerkrade	   4 - Doomernik 8, 58, Lawal 12, Sibon</p>
<p>					18</p>
<p> Sparta Rotterdam	   1 - Van der Laan 4</p>
<p>    HT: 3-1	Att: 5,000</p>
<p> Fortuna Sittard	    1 - Dirkx 59</p>
<p> AZ Alkmaar		   0</p>
<p>    HT: 0-0	Att: 2,500</p>
</text>
<copyright>(c) Reuters Limited 1997</copyright>
<metadata>
<codes class="bip:countries:1.0">
  <code code="NETH">
    <editdetail attribution="Reuters BIP Coding Group" action="confirmed" date="1997-04-13"/>
  </code>
</codes>
<codes class="bip:topics:1.0">
  <code code="GCAT">
    <editdetail attribution="Reuters BIP Coding Group" action="confirmed" date="1997-04-13"/>
  </code>
  <code code="GSPO">
    <editdetail attribution="Reuters BIP Coding Group" action="confirmed" date="1997-04-13"/>
  </code>
</codes>
<dc element="dc.date.created" value="1997-04-13"/>
<dc element="dc.publisher" value="Reuters Holdings Plc"/>
<dc element="dc.date.published" value="1997-04-13"/>
<dc element="dc.source" value="Reuters"/>
<dc element="dc.creator.location" value="AMSTERDAM"/>
<dc element="dc.creator.location.country.name" value="NETHERLANDS"/>
<dc element="dc.source" value="Reuters"/>
</metadata>
</newsitem>
