<?xml version="1.0" encoding="iso-8859-1" ?>
<newsitem itemid="505150" id="root" date="1997-04-13" xml:lang="en">
<title>UK: Sears chief prepares break-up plan - paper.</title>
<headline>Sears chief prepares break-up plan - paper.</headline>
<dateline>LONDON 1997-04-13</dateline>
<text>
<p>British retailer Sears Plc is planning to announce the disposal of its ailing British Shoe Corporation (BSC) in two weeks' time, the Observer newspaper said on Sunday.</p>
<p>Sears is expected to announce profits 20 percent down on the 100 million pounds ($162.8 million) made in the year to January 31 1996 when it reports its results later this month.</p>
<p>The company was not immediately available for comment on the Observer report which said Sears chief executive Liam Strong wants to reshape the group into two divisions, the Selfridges department store plus its women's clothing shops.</p>
<p>The paper said Strong would present the plan to executive directors this week. It said analysts beleived the cost of shedding its shoe business could be &quot;as little as 50 million pounds&quot;.</p>
<p>The Sunday Times said Strong was likely to step down once the break-up had been completed.</p>
<p>It said his plan was &quot;thought to involve a restructuring that would unshackle Sears' more successful busineses from BSC&quot;.</p>
<p>The Sunday Telegraph said that Sir Bob Reid, chairman of the group, was considering putting himself up for re-election at the annual meeting in June to end what he calls &quot;a whispering campaign&quot; against the group.</p>
<p>The paper said Reid was responding to suggestions that he and Strong were about to be axed in a board room coup by non-executive directors of the group.</p>
<p>It quoted Reid as saying there was a &quot;deliberate destabilisation campaign by people who want to get Sears assets on the cheap&quot;. He was &quot;determined to prevent this&quot;, the Sunday Telegraph added.</p>
<p>($ = 0.614 British Pounds)</p>
</text>
<copyright>(c) Reuters Limited 1997</copyright>
<metadata>
<codes class="bip:countries:1.0">
  <code code="UK">
    <editdetail attribution="Reuters BIP Coding Group" action="confirmed" date="1997-04-13"/>
  </code>
</codes>
<codes class="bip:industries:1.0">
  <code code="I64000">
    <editdetail attribution="Reuters BIP Coding Group" action="confirmed" date="1997-04-13"/>
  </code>
</codes>
<codes class="bip:topics:1.0">
  <code code="C11">
    <editdetail attribution="Reuters BIP Coding Group" action="confirmed" date="1997-04-13"/>
  </code>
  <code code="C15">
    <editdetail attribution="Reuters BIP Coding Group" action="confirmed" date="1997-04-13"/>
  </code>
  <code code="C151">
    <editdetail attribution="Reuters BIP Coding Group" action="confirmed" date="1997-04-13"/>
  </code>
  <code code="C18">
    <editdetail attribution="Reuters BIP Coding Group" action="confirmed" date="1997-04-13"/>
  </code>
  <code code="C181">
    <editdetail attribution="Reuters BIP Coding Group" action="confirmed" date="1997-04-13"/>
  </code>
  <code code="CCAT">
    <editdetail attribution="Reuters BIP Coding Group" action="confirmed" date="1997-04-13"/>
  </code>
</codes>
<dc element="dc.date.created" value="1997-04-13"/>
<dc element="dc.publisher" value="Reuters Holdings Plc"/>
<dc element="dc.date.published" value="1997-04-13"/>
<dc element="dc.source" value="Reuters"/>
<dc element="dc.creator.location" value="LONDON"/>
<dc element="dc.creator.location.country.name" value="UK"/>
<dc element="dc.source" value="Reuters"/>
</metadata>
</newsitem>
