<?xml version="1.0" encoding="iso-8859-1" ?>
<newsitem itemid="505120" id="root" date="1997-04-13" xml:lang="en">
<title>UK: EBRD chides backsliders on road to economic reform.</title>
<headline>EBRD chides backsliders on road to economic reform.</headline>
<byline>Richard Murphy</byline>
<dateline>LONDON 1996-04-14</dateline>
<text>
<p>The European Bank for Reconstruction and Development (EBRD) chided some of its protege countries in central and eastern Europe for backsliding on the road to economic reform.</p>
<p>But at the start of its annual meeting, the EBRD, set up in 1991 to help former communist states to make the transition to market economies, also assured Western banks that their loans to the region were perfectly safe.</p>
<p>EBRD first vice-president Ron Freemen acknowledged that the Czech Republic, once the darling of Western investors, had caused some concern by failing to combat financial fraud vigorously enough.</p>
<p>&quot;Some of this regulation was slow in coming into the Czech Republic,&quot; he told a news conference. &quot;Dishonest people took advantage of honest people in a financial sense.</p>
<p>&quot;Clearly there is an opportunity for the Czech Republic to regulate a bit more carefully the financial sector so that people are better protected from fraud and misrepresentation.&quot;</p>
<p>Some foreign investors have been frightened away from Prague by a lack of transparency on Czech markets and a perception that insider trading is rife.</p>
<p>After a weekend of business presentations and seminars, the governors of the EBRD gather on Monday for their annual meeting.</p>
<p>Freeman also singled out Bulgaria, which he said needed to do more to achieve macro-economic stabilisation, and Belarus, Russia's economically backward western neighbour, which has made minimal reforms since the collapse of the Soviet Union.</p>
<p>He urged Bulgaria to establish proper regulation for its banks so that the EBRD could put money into them and enable them to make loans to businesses.</p>
<p>&quot;There are plenty of opportunities there, but you need a macro-economic stabilisation, you need to have banks that function well,&quot; he said.</p>
<p>Belarus was struggling but the EBRD still believed in its government's good faith.</p>
<p>Freeman said political conditions in the country, where President Alexander Lukashenko has been accused of wielding near-dictatorial powers, could be a factor in its relations with the EBRD.</p>
<p>&quot;It's within the responsibility and the authority of our board of directors to say that a given country -- and I'm not pointing to Belarus in particular -- is not complying with Article 1 of the EBRD's charter, which requires that they be moving towards a multi-party democracy,&quot; he said.</p>
<p>This would mean instructing EBRD staff in the country to cease operations. &quot;The board has not done that,&quot; Freeman said.</p>
<p>He said the most advanced reform states -- the Czech Republic, Poland, Hungary and Slovakia -- were now much less marginal than other emerging markets and less vulnerable to any global tightening in the availability of credit.</p>
<p>&quot;The Czech Republic and several of the other countries have better credit ratings than countries that are already members of the European Union or donor countries of the EBRD,&quot; he said.</p>
<p>&quot;I think the great majority of loans are in very good shape. That's certainly our experience. People are taking their borrowing obligations...very seriously. I think the lenders, by and large, who have made loans will be OK.&quot;</p>
</text>
<copyright>(c) Reuters Limited 1997</copyright>
<metadata>
<codes class="bip:countries:1.0">
  <code code="EEUR">
    <editdetail attribution="Reuters BIP Coding Group" action="confirmed" date="1997-04-13"/>
  </code>
  <code code="UK">
    <editdetail attribution="Reuters BIP Coding Group" action="confirmed" date="1997-04-13"/>
  </code>
</codes>
<codes class="bip:industries:1.0">
  <code code="I81501">
    <editdetail attribution="Reuters BIP Coding Group" action="confirmed" date="1997-04-13"/>
  </code>
  <code code="I8150106">
    <editdetail attribution="Reuters BIP Coding Group" action="confirmed" date="1997-04-13"/>
  </code>
</codes>
<codes class="bip:topics:1.0">
  <code code="E12">
    <editdetail attribution="Reuters BIP Coding Group" action="confirmed" date="1997-04-13"/>
  </code>
  <code code="ECAT">
    <editdetail attribution="Reuters BIP Coding Group" action="confirmed" date="1997-04-13"/>
  </code>
</codes>
<dc element="dc.date.created" value="1996-04-14"/>
<dc element="dc.publisher" value="Reuters Holdings Plc"/>
<dc element="dc.date.published" value="1997-04-13"/>
<dc element="dc.source" value="Reuters"/>
<dc element="dc.creator.location" value="LONDON"/>
<dc element="dc.creator.location.country.name" value="UK"/>
<dc element="dc.source" value="Reuters"/>
</metadata>
</newsitem>
