<?xml version="1.0" encoding="iso-8859-1" ?>
<newsitem itemid="505148" id="root" date="1997-04-13" xml:lang="en">
<title>UK: Uzbekistan plans double gold output in five years.</title>
<headline>Uzbekistan plans double gold output in five years.</headline>
<dateline>LONDON 1997-04-13</dateline>
<text>
<p>The resource-rich Central Asian state of Uzbekistan plans to double its output of gold within five years, a senior banker said on Sunday.</p>
<p>The former Soviet republic produces some 60 tonnes of gold a year and is the world's seventh biggest producer.</p>
<p>&quot;We are not happy with this position and we are expecting that within the next few years we will double gold production,&quot; Rustam Azimov, chairman of the National Bank for Foreign Economic Activity, said during a presentation at the annual meeting of the European Bank for Reconstruction and Development.</p>
<p>&quot;It will take a maximum of five years,&quot; he said.</p>
<p>Azimov said Uzbekistan had 39 approved gold deposits but extracted from only 12.</p>
<p>He said Uzbek authorities were in talks with several foreign producers about joint venture gold projects.</p>
<p>--Nigel Stephenson, EBRD newsroom, +44 171 956 5146</p>
</text>
<copyright>(c) Reuters Limited 1997</copyright>
<metadata>
<codes class="bip:countries:1.0">
  <code code="UK">
    <editdetail attribution="Reuters BIP Coding Group" action="confirmed" date="1997-04-13"/>
  </code>
  <code code="UZBK">
    <editdetail attribution="Reuters BIP Coding Group" action="confirmed" date="1997-04-13"/>
  </code>
</codes>
<codes class="bip:industries:1.0">
  <code code="I21000">
    <editdetail attribution="Reuters BIP Coding Group" action="confirmed" date="1997-04-13"/>
  </code>
  <code code="I22472">
    <editdetail attribution="Reuters BIP Coding Group" action="confirmed" date="1997-04-13"/>
  </code>
  <code code="I81501">
    <editdetail attribution="Reuters BIP Coding Group" action="confirmed" date="1997-04-13"/>
  </code>
  <code code="I8150106">
    <editdetail attribution="Reuters BIP Coding Group" action="confirmed" date="1997-04-13"/>
  </code>
</codes>
<codes class="bip:topics:1.0">
  <code code="C21">
    <editdetail attribution="Reuters BIP Coding Group" action="confirmed" date="1997-04-13"/>
  </code>
  <code code="CCAT">
    <editdetail attribution="Reuters BIP Coding Group" action="confirmed" date="1997-04-13"/>
  </code>
  <code code="E12">
    <editdetail attribution="Reuters BIP Coding Group" action="confirmed" date="1997-04-13"/>
  </code>
  <code code="ECAT">
    <editdetail attribution="Reuters BIP Coding Group" action="confirmed" date="1997-04-13"/>
  </code>
</codes>
<dc element="dc.date.created" value="1997-04-13"/>
<dc element="dc.publisher" value="Reuters Holdings Plc"/>
<dc element="dc.date.published" value="1997-04-13"/>
<dc element="dc.source" value="Reuters"/>
<dc element="dc.creator.location" value="LONDON"/>
<dc element="dc.creator.location.country.name" value="UK"/>
<dc element="dc.source" value="Reuters"/>
</metadata>
</newsitem>
