<?xml version="1.0" encoding="iso-8859-1" ?>
<newsitem itemid="505219" id="root" date="1997-04-13" xml:lang="en">
<title>USA: Fed's Greenspan sees less govt regulation ahead.</title>
<headline>Fed's Greenspan sees less govt regulation ahead.</headline>
<dateline>WASHINGTON 1997-04-12</dateline>
<text>
<p>Federal Reserve Chairman Alan Greenspan said on Saturday that he foresaw a bright future where much unwieldy government regulation was swept away by new technology.</p>
<p>In a speech prepared for delivery to the Association of Private Enterprise Education in nearby Arlington, Va., the central bank chief said the impact of computer technology already was evident in fields like finance, communications and transportation.  </p>
<p>&quot;As we move into a new century, the market-stabilizing private regulatory forces should gradually displace many cumbersome, increasingly ineffective government structures,&quot; he said in remarks that were released in advance of delivery.</p>
<p>Regulatory restraints against interstate banking and against combinations of investment and commercial banking already are being pushed aside by the pressure of technological change, Greenspan said.</p>
<p>Big banking conglomerates now offer many more services than merely deposit-taking and loans, taking advantage of powerful computers to expand their competitive reach.  </p>
<p>&quot;...The rapidly changing technology that is rendering much government bank regulation irrelevant also bids fair to undercut regulatory efforts in a much wider segment of our economy,&quot; Greenspan said.</p>
<p>He said the reason was that regulation was inherently conservative and sought to preserve the staus quo while the creation of wealth necessarily requires risk-taking.</p>
<p>&quot;With technological change clearly accelerating, existing regulatory structures are being bypassed, freeing market forces to enhance wealth creation and economic growth,&quot; Greenspan said.  </p>
<p>The pace of computer-driven change might be unsettling for many  Americans, the Fed chief said, but it was not a threat.</p>
<p>&quot;Fortunately, our children appear to thrive on it,&quot; said Greenspan. &quot;The future accordingly looks bright.&quot;</p>
</text>
<copyright>(c) Reuters Limited 1997</copyright>
<metadata>
<codes class="bip:countries:1.0">
  <code code="USA">
    <editdetail attribution="Reuters BIP Coding Group" action="confirmed" date="1997-04-13"/>
  </code>
</codes>
<codes class="bip:topics:1.0">
  <code code="C13">
    <editdetail attribution="Reuters BIP Coding Group" action="confirmed" date="1997-04-13"/>
  </code>
  <code code="CCAT">
    <editdetail attribution="Reuters BIP Coding Group" action="confirmed" date="1997-04-13"/>
  </code>
  <code code="E12">
    <editdetail attribution="Reuters BIP Coding Group" action="confirmed" date="1997-04-13"/>
  </code>
  <code code="ECAT">
    <editdetail attribution="Reuters BIP Coding Group" action="confirmed" date="1997-04-13"/>
  </code>
</codes>
<dc element="dc.date.created" value="1997-04-12"/>
<dc element="dc.publisher" value="Reuters Holdings Plc"/>
<dc element="dc.date.published" value="1997-04-13"/>
<dc element="dc.source" value="Reuters"/>
<dc element="dc.creator.location" value="WASHINGTON"/>
<dc element="dc.creator.location.country.name" value="USA"/>
<dc element="dc.source" value="Reuters"/>
</metadata>
</newsitem>
