<?xml version="1.0" encoding="iso-8859-1" ?>
<newsitem itemid="505294" id="root" date="1997-04-13" xml:lang="en">
<title>NEW ZEALAND: RBNZ may act if monetary conditions stay tight-ANZ.</title>
<headline>RBNZ may act if monetary conditions stay tight-ANZ.</headline>
<dateline>WELLINGTON 1997-04-11</dateline>
<text>
<p>If New Zealand monetary conditions remain around current levels after the release on Tuesday of the Consumer Price Index (CPI), the Reserve Bank is likely to take some action, ANZ Bank said on Monday.</p>
<p>With the recent strengthening of the New Zealand dollar and its Trade-Weighted Index countered by only limited falls in bill rates, ANZ said monetary conditions had tightened to levels close to those prevailing when the RBNZ last eased.  </p>
<p>&quot;Current conditions are close to the levels prevailing in the period immediately prior to the release of the March Economic Projections that the RBNZ considered too tight,&quot; ANZ said in its weekly Market Focus.</p>
<p>&quot;Indeed, we consider the only thing holding back the RBNZ from taking action at this time is the upcoming CPI release.</p>
<p>&quot;However, should the result be in line with expectations and monetary conditions remain around current levels, then we would expect the RBNZ to take some action.&quot;</p>
<p>One way or another, ANZ said it expected some easing in monetary conditions from current levels.  </p>
<p>On the basis of 90-day bill rates of 7.7 percent and a TWI of 68.8 (at the time of writing last week), ANZ said 90-day rates would have to fall almost 75 basis points or the TWI around 100 points for monetary conditions to be equivalent to the RBNZ's policy call.</p>
<p>ANZ said it was touch more optimistic than the Reserve Bank that Tuesday's CPI would include more encouraging signs on the inflation front.</p>
<p>&quot;We expect underlying inflation to be 0.4 percent in the March quarter, taking the annual rate down to 2.2 percent from 2.4 percent in the December year,&quot; the bank said.  </p>
<p>Headline inflation was expected to be 0.1 percent for the quarter and 2.2 percent for the year to March.</p>
<p>&quot;A March quarter CPI result in line with our expectations may provide much needed reassurance to the financial markets that New Zealand is on track to achieve lower inflation over the year ahead,&quot; ANZ said.</p>
<p>&quot;Regardless of the impact of increased government spending on the longer term inflation outlook, it may cause the markets to question why monetary conditions are tighter than the RBNZ requires at this time.  </p>
<p>&quot;This could lead to some retracement in short rates and/or the New Zealand dollar.&quot;</p>
<p>--Wellington Newsroom (64 4) 4734746</p>
</text>
<copyright>(c) Reuters Limited 1997</copyright>
<metadata>
<codes class="bip:countries:1.0">
  <code code="NZ">
    <editdetail attribution="Reuters BIP Coding Group" action="confirmed" date="1997-04-13"/>
  </code>
</codes>
<codes class="bip:topics:1.0">
  <code code="E12">
    <editdetail attribution="Reuters BIP Coding Group" action="confirmed" date="1997-04-13"/>
  </code>
  <code code="ECAT">
    <editdetail attribution="Reuters BIP Coding Group" action="confirmed" date="1997-04-13"/>
  </code>
</codes>
<dc element="dc.date.created" value="1997-04-11"/>
<dc element="dc.publisher" value="Reuters Holdings Plc"/>
<dc element="dc.date.published" value="1997-04-13"/>
<dc element="dc.source" value="Reuters"/>
<dc element="dc.creator.location" value="WELLINGTON"/>
<dc element="dc.creator.location.country.name" value="NEW ZEALAND"/>
<dc element="dc.source" value="Reuters"/>
</metadata>
</newsitem>
