<?xml version="1.0" encoding="iso-8859-1" ?>
<newsitem itemid="505242" id="root" date="1997-04-13" xml:lang="en">
<title>ALBANIA: Italy's Prodi pledges &quot;new dawn&quot; for Albania.</title>
<headline>Italy's Prodi pledges &quot;new dawn&quot; for Albania.</headline>
<byline>Erik Kirschbaum</byline>
<dateline>TIRANA 1997-04-13</dateline>
<text>
<p>Italian Prime Minister Romano Prodi said on Sunday that a multi-national security force could aid the &quot;rebirth&quot; of Albania after weeks of violent unrest.</p>
<p>Prodi, warmly welcomed by thousands of cheering Albanians, said the mission, codenamed &quot;Alba&quot; (dawn) by the Italians, could help Europe's poorest nation restore law and order.</p>
<p>&quot;The mission is called 'Alba',&quot; Prodi said. &quot;And this could be the dawn in the history of Albania, the rebirth of Albania.&quot;</p>
<p>Nearly 300 people have been killed and about 700 hurt in an armed uprising over the last six weeks since the collapse of get-rich-quick investment schemes in which many Albanians lost their life savings.</p>
<p>Prodi, at the cost of a rift with his hard left allies, won parliament's approval last week for Italy to spearhead the 6,000-strong multinational force.</p>
<p>Its mission is to safeguard emergency food and medicine supplies. Advance units arrived on Friday and the bulk of the force is due on Tuesday.</p>
<p>Escorted by heavily-armed Italian marines, Prodi arrived in a convoy of three Italian army helicopters in the rebel-held southern port city of Vlore, where he was welcomed by more than 10,000 Albanians.</p>
<p>Prodi met Albania's Prime Minister Bashkim Fino in Vlore, where they discussed the precise role of the Italian-led force.</p>
<p>&quot;We want it to be rapid, efficient and peaceful,&quot; Prodi told a news conference. &quot;We do not intend to intervene in domestic Albanian politics.&quot;</p>
<p>Prodi also expressed his condolences to the victims of a refugee boat that was sunk off Italy on March 28 after colliding with an Italian naval vessel.</p>
<p>Prodi called for a moment of silence for the victims of Albania's worst maritime disaster. About 60 journalists and local officials at the news conference stood quietly.</p>
<p>Tirana says at least 80 Albanians, mostly from Vlore, were killed and many of the 34 survivors accused the Italians of ramming the boat, charges Italy denied.</p>
<p>Vlore has been a focal point of the recent unrest, with 135 people killed and 537 wounded. Prodi planned to visit last week, but a new outbreak of violence prompted Fino to urge postponement of the meeting.</p>
<p>The Italian leader was due to meet Albania's President Sali Berisha in Tirana later on Sunday.</p>
<p>Although Kalashnikov rifles were visible everywhere in Vlore, security for Prodi was extremely tight and the prime minister received a thunderous welcome from local residents.</p>
<p>Thousands lined the road leading into town and cheered as he rode by in a motorcade of about 30 cars and armoured vehicles.</p>
<p>Banners reading &quot;Welcome Mr Prodi&quot; along with &quot;We Want Our Money Back&quot; were held up by spectators along the road into town.</p>
<p>An estimated 10,000 people jammed a central town square in front of a university building where Prodi and Fino met local leaders in the rebel stronghold.</p>
<p>&quot;It is a privilege to have Prime Minister Prodi here in our city,&quot; said Albert Shyti, the leader of the national salvation committee in Vlore. The rebel group took control of the south during the armed uprising earlier this year.</p>
<p>&quot;I do not think there will be any danger to the Italians here,&quot; said Shyti, who also welcomed Prodi.</p>
<p>Outside the meeting, the crowd also chanted profanities, in Italian, deriding President Berisha, whom many southern Albanians blame for the chaos sweeping the nation.</p>
<p>Advance Italian troops of the 6,000-strong mission have already arrived to make preparations for the main force, which will also include soldiers from France, Spain, Greece, Turkey, Austria, Denmark and Romania.</p>
<p>Some 3,500 Albanian troops, including commandos and tank brigades, will help the multinational mission, officials said.</p>
<p>The first French troops joining the mission arrived in the western port city of Durres on Sunday. Forty French soldiers from the ship Chamberlain disembarked after sailing across the Adriatic from the Italian port of Brindisi.</p>
</text>
<copyright>(c) Reuters Limited 1997</copyright>
<metadata>
<codes class="bip:countries:1.0">
  <code code="ALB">
    <editdetail attribution="Reuters BIP Coding Group" action="confirmed" date="1997-04-13"/>
  </code>
  <code code="ITALY">
    <editdetail attribution="Reuters BIP Coding Group" action="confirmed" date="1997-04-13"/>
  </code>
</codes>
<codes class="bip:topics:1.0">
  <code code="GCAT">
    <editdetail attribution="Reuters BIP Coding Group" action="confirmed" date="1997-04-13"/>
  </code>
  <code code="GDEF">
    <editdetail attribution="Reuters BIP Coding Group" action="confirmed" date="1997-04-13"/>
  </code>
  <code code="GDIP">
    <editdetail attribution="Reuters BIP Coding Group" action="confirmed" date="1997-04-13"/>
  </code>
  <code code="GVIO">
    <editdetail attribution="Reuters BIP Coding Group" action="confirmed" date="1997-04-13"/>
  </code>
</codes>
<dc element="dc.date.created" value="1997-04-13"/>
<dc element="dc.publisher" value="Reuters Holdings Plc"/>
<dc element="dc.date.published" value="1997-04-13"/>
<dc element="dc.source" value="Reuters"/>
<dc element="dc.creator.location" value="TIRANA"/>
<dc element="dc.creator.location.country.name" value="ALBANIA"/>
<dc element="dc.source" value="Reuters"/>
</metadata>
</newsitem>
