<?xml version="1.0" encoding="iso-8859-1" ?>
<newsitem itemid="505249" id="root" date="1997-04-13" xml:lang="en">
<title>RUSSIA: Russian defence minister flies to China.</title>
<headline>Russian defence minister flies to China.</headline>
<dateline>MOSCOW 1997-04-13</dateline>
<text>
<p>Russia's defence minister Igor Rodionov left on Sunday morning for an official visit to China, a spokesman said, in the latest sign of warming relations between the two nations.</p>
<p>During the visit, Rodionov will have talks with China's defence minister, hold a meeting at a local military academy, and visit military sites as well as cultural monuments, a defence ministry spokesman said.</p>
<p>He plans to return to Moscow on April 18.</p>
<p>The visit comes just prior to a scheduled visit of Chinese President Jiang Zemin to Moscow from April 22 to 26 aimed at building closer ties after decades of distrust.</p>
<p>Jiang's trip will step up Russian efforts to strengthen relations in the East as it faces difficulties in ties with the West over the NATO alliance's plans to expand eastwards.</p>
</text>
<copyright>(c) Reuters Limited 1997</copyright>
<metadata>
<codes class="bip:countries:1.0">
  <code code="CHINA">
    <editdetail attribution="Reuters BIP Coding Group" action="confirmed" date="1997-04-13"/>
  </code>
  <code code="RUSS">
    <editdetail attribution="Reuters BIP Coding Group" action="confirmed" date="1997-04-13"/>
  </code>
</codes>
<codes class="bip:topics:1.0">
  <code code="GCAT">
    <editdetail attribution="Reuters BIP Coding Group" action="confirmed" date="1997-04-13"/>
  </code>
  <code code="GDEF">
    <editdetail attribution="Reuters BIP Coding Group" action="confirmed" date="1997-04-13"/>
  </code>
  <code code="GDIP">
    <editdetail attribution="Reuters BIP Coding Group" action="confirmed" date="1997-04-13"/>
  </code>
</codes>
<dc element="dc.date.created" value="1997-04-13"/>
<dc element="dc.publisher" value="Reuters Holdings Plc"/>
<dc element="dc.date.published" value="1997-04-13"/>
<dc element="dc.source" value="Reuters"/>
<dc element="dc.creator.location" value="MOSCOW"/>
<dc element="dc.creator.location.country.name" value="RUSSIA"/>
<dc element="dc.source" value="Reuters"/>
</metadata>
</newsitem>
