<?xml version="1.0" encoding="iso-8859-1" ?>
<newsitem itemid="505333" id="root" date="1997-04-13" xml:lang="en">
<title>HONG KONG: HK protesters seek higher elderly welfare payments.</title>
<headline>HK protesters seek higher elderly welfare payments.</headline>
<dateline>HONG KONG 1997-04-13</dateline>
<text>
<p>Hundreds of protesters and leading politicians took to the streets in Hong Kong on Sunday to demand an immediate rise in social security payments to the elderly.</p>
<p>About five hundred elderly people and political party representatives demonstrated outside government offices in Central District on Sunday, calling for an increase of HK$300 ($38.50) in welfare payments to HK$2,900 a month.</p>
<p>Democratic Party representative Fred Li said his group would vote against the budget if the government did not agree to immediately increase the payment, government radio reported.</p>
<p>&quot;I think the message is strong and hopefully the Financial Secretary will respond to our request when he has a chance to stand up and speak at this Wednesday's Legco sitting,&quot; he said, referring to the next session of the territory's Legislative Council.</p>
<p>Passage of the budget is virtually assured despite protests that growth in social welfare spending fell to 9.1 percent from 20.8 percent last year.</p>
<p>The Legislative Council will be abolished on July 1 and is being replaced by the Beijing-approved Provisional Legislature.</p>
<p>China participated in the creation of the 1997/98 budget straddling the return of the territory to Chinese control at midnight on June 30.</p>
</text>
<copyright>(c) Reuters Limited 1997</copyright>
<metadata>
<codes class="bip:countries:1.0">
  <code code="HKONG">
    <editdetail attribution="Reuters BIP Coding Group" action="confirmed" date="1997-04-13"/>
  </code>
</codes>
<codes class="bip:topics:1.0">
  <code code="GCAT">
    <editdetail attribution="Reuters BIP Coding Group" action="confirmed" date="1997-04-13"/>
  </code>
  <code code="GPOL">
    <editdetail attribution="Reuters BIP Coding Group" action="confirmed" date="1997-04-13"/>
  </code>
  <code code="GVIO">
    <editdetail attribution="Reuters BIP Coding Group" action="confirmed" date="1997-04-13"/>
  </code>
  <code code="GWELF">
    <editdetail attribution="Reuters BIP Coding Group" action="confirmed" date="1997-04-13"/>
  </code>
</codes>
<dc element="dc.date.created" value="1997-04-13"/>
<dc element="dc.publisher" value="Reuters Holdings Plc"/>
<dc element="dc.date.published" value="1997-04-13"/>
<dc element="dc.source" value="Reuters"/>
<dc element="dc.creator.location" value="HONG KONG"/>
<dc element="dc.creator.location.country.name" value="HONG KONG"/>
<dc element="dc.source" value="Reuters"/>
</metadata>
</newsitem>
