<?xml version="1.0" encoding="iso-8859-1" ?>
<newsitem itemid="505305" id="root" date="1997-04-13" xml:lang="en">
<title>JAPAN: PRESS DIGEST - Top Japan business news - April 14.</title>
<headline>PRESS DIGEST - Top Japan business news - April 14.</headline>
<text>
<p>There are no newspaper reports on Monday morning due to a Japanese newspaper holiday.</p>
</text>
<copyright>(c) Reuters Limited 1997</copyright>
<metadata>
<codes class="bip:countries:1.0">
  <code code="JAP">
    <editdetail attribution="Reuters BIP Coding Group" action="confirmed" date="1997-04-13"/>
  </code>
</codes>
<codes class="bip:topics:1.0">
  <code code="GCAT">
    <editdetail attribution="Reuters BIP Coding Group" action="confirmed" date="1997-04-13"/>
  </code>
</codes>
<dc element="dc.publisher" value="Reuters Holdings Plc"/>
<dc element="dc.date.published" value="1997-04-13"/>
<dc element="dc.source" value="Reuters"/>
<dc element="dc.creator.location.country.name" value="JAPAN"/>
<dc element="dc.source" value="Reuters"/>
</metadata>
</newsitem>
