<?xml version="1.0" encoding="iso-8859-1" ?>
<newsitem itemid="505325" id="root" date="1997-04-13" xml:lang="en">
<title>THAILAND: Thousands of passengers still stranded in Bangkok.</title>
<headline>Thousands of passengers still stranded in Bangkok.</headline>
<dateline>BANGKOK 1997-04-13</dateline>
<text>
<p>Thousands of passengers remained stranded in the Thai capital Bangkok late on Sunday as airlines struggled to clear a backlog of delays caused by an Indian air traffic controllers strike, airline officials said.</p>
<p>The industrial action indefinitely delayed scheduled Friday flights on a number of airlines carrying passengers from Bangkok to Europe, officials said. Other airports in the region, including Singapore and Hong Kong, were similarly affected.</p>
<p>The strike was called off on Saturday and normal flight services have been resumed, officials said.</p>
<p>But around 3,000 passengers remain stuck in Thailand where where a four day public holiday has left airlines struggling to lay on extra flights to clear the backlog, officials said.</p>
<p>Passengers said tempers had flared at Bangkok's Don Muang International airport in the early hours of Sunday morning and security guards were called to protect staff from irate passengers.</p>
<p>&quot;There could have been a riot at the airport last night, they called guards after one man broke a table, no one wants to make decisons, or take responsibility and nobody seems to know anything,&quot; said Marc Heinze, from Essen.</p>
<p>&quot;People were banging fists on the desks and shouting ... they called security guards who stood infront of the desks to make sure the passengers couldn't reach the staff,&quot; said Roswitha Hullman, also from Essen in Germany.</p>
<p>&quot;People have been treated like dirt ... They told us to come to the airport and then put us all on standby for a flight that was already fully booked,&quot; she said.</p>
<p>Most airlines had booked passengers into hotels in the outskirts of Bangkok, hotel managers said.</p>
<p>Thai Airways officials said some extra flights to Europe had been arranged for Sunday night.</p>
<p>In the lounge of one hotel Helen Randolph, from London, hugged her two sons, and said she just hoped their ordeal would end soon.</p>
<p>&quot;One of the children is ill, we are at the end of our holiday, we are nearly out of money and clean clothes,&quot; she said.</p>
<p>&quot;We had to spend the first night in the airport where the children were being bitten by mosquitos. We really just want to go home,&quot; she said.</p>
</text>
<copyright>(c) Reuters Limited 1997</copyright>
<metadata>
<codes class="bip:countries:1.0">
  <code code="INDIA">
    <editdetail attribution="Reuters BIP Coding Group" action="confirmed" date="1997-04-13"/>
  </code>
  <code code="THAIL">
    <editdetail attribution="Reuters BIP Coding Group" action="confirmed" date="1997-04-13"/>
  </code>
</codes>
<codes class="bip:industries:1.0">
  <code code="I75000">
    <editdetail attribution="Reuters BIP Coding Group" action="confirmed" date="1997-04-13"/>
  </code>
  <code code="I76400">
    <editdetail attribution="Reuters BIP Coding Group" action="confirmed" date="1997-04-13"/>
  </code>
</codes>
<codes class="bip:topics:1.0">
  <code code="C21">
    <editdetail attribution="Reuters BIP Coding Group" action="confirmed" date="1997-04-13"/>
  </code>
  <code code="C42">
    <editdetail attribution="Reuters BIP Coding Group" action="confirmed" date="1997-04-13"/>
  </code>
  <code code="CCAT">
    <editdetail attribution="Reuters BIP Coding Group" action="confirmed" date="1997-04-13"/>
  </code>
  <code code="E41">
    <editdetail attribution="Reuters BIP Coding Group" action="confirmed" date="1997-04-13"/>
  </code>
  <code code="ECAT">
    <editdetail attribution="Reuters BIP Coding Group" action="confirmed" date="1997-04-13"/>
  </code>
  <code code="GCAT">
    <editdetail attribution="Reuters BIP Coding Group" action="confirmed" date="1997-04-13"/>
  </code>
  <code code="GJOB">
    <editdetail attribution="Reuters BIP Coding Group" action="confirmed" date="1997-04-13"/>
  </code>
</codes>
<dc element="dc.date.created" value="1997-04-13"/>
<dc element="dc.publisher" value="Reuters Holdings Plc"/>
<dc element="dc.date.published" value="1997-04-13"/>
<dc element="dc.source" value="Reuters"/>
<dc element="dc.creator.location" value="BANGKOK"/>
<dc element="dc.creator.location.country.name" value="THAILAND"/>
<dc element="dc.source" value="Reuters"/>
</metadata>
</newsitem>
