<?xml version="1.0" encoding="iso-8859-1" ?>
<newsitem itemid="505346" id="root" date="1997-04-13" xml:lang="en">
<title>HONG KONG: WEEK AHEAD - Rate fears seen sparking HK stocks slide.</title>
<headline>WEEK AHEAD - Rate fears seen sparking HK stocks slide.</headline>
<byline>Jennifer Genevieve</byline>
<dateline>HONG KONG 1997-04-13</dateline>
<text>
<p>Hong Kong stocks look set for an early tumble in the week ahead after U.S. inflation figures released on Friday heightened fears that the Federal Reserve may become more aggressive in raising interest rates, analysts said.</p>
<p>The U.S. Producer Price Index rose 0.4 percent in March compared with expectations of a 0.1 percent rise.</p>
<p>The data prompted a slide of 21/32 in the benchmark 30-year U.S. Treasury bond, bringing the yield to 7.17 percent, and a drop of 148.36 points in the Dow industrials to 6,391.69.</p>
<p>&quot;The HSI (Hang Seng Index) is set to fall sharply on Monday,&quot; Cheerful Research Co said in its weekly market letter.</p>
<p>&quot;We anticipate volatile trading throughout this week.&quot;</p>
<p>Some investors had been hoping Hong Kong share prices had reached a short-term bottom after a recovery last week from a recent six-month low, analysts said.</p>
<p>The Hang Seng Index rose 157.90 points last Friday to 12,516.60, bringing the week's gains to 312.01 points, or 2.56 percent. The index had hit a six-month low the previous week.</p>
<p>&quot;We may see about a 200 to 300-point drop on Monday. Initial support will be at around 12,200,&quot; said Ben Kwong, director of research at Dharmala Securities.</p>
<p>He said investors had already discounted a possible 25 basis point rise in U.S. interest rates at the next Federal Reserve policy-setting meeting on May 20 but were now fearing a larger increase.</p>
<p>&quot;It seems like investors are worried that there may be more rises in interest rates and also that maybe interest rates will be increased by more than 25 basis points in May,&quot; Kwong said.</p>
<p>He said U.S. March consumer price data, due on Tuesday, would be watched closely for more signs on the interest rate outlook.</p>
<p>&quot;Overall sentiment will turn a little bit cautious and investors will wait for more indications on the interest rate front,&quot; Kwong said, adding he expected a trading range of 12,000 to 12,600 points for the week.</p>
<p>Patrick Chia, research director at China Everbright Research, agreed. &quot;At least the Hang Seng Index has found short-term support around 12,000,&quot; he said, adding that 12,600 points was likely to be a short-term top.</p>
<p>Alex Tang, head of research at Yamaichi International, said the H-share index may continue to outperform the overall market.</p>
<p>The index of mainland Chinese companies listed in Hong Kong surged 9.55 percent last week to close at 1,034.90 on Friday.</p>
<p>A number of H-share companies are due to report final results this coming week including Shanghai Petrochemical Co Ltd, Qingling Motors Co Ltd and Yizheng Chemical Fibre Co Ltd.</p>
<p>&quot;People are expecting that after the results announcement, H-shares may outperform again and some are buying shares ahead of the results announcement,&quot; Tang said.</p>
<p>China Light &amp; Power Co Ltd is due to release its interim results on Friday.</p>
<p>-- Hong Kong newsroom (852) 2843 6345</p>
</text>
<copyright>(c) Reuters Limited 1997</copyright>
<metadata>
<codes class="bip:countries:1.0">
  <code code="HKONG">
    <editdetail attribution="Reuters BIP Coding Group" action="confirmed" date="1997-04-13"/>
  </code>
</codes>
<codes class="bip:topics:1.0">
  <code code="M11">
    <editdetail attribution="Reuters BIP Coding Group" action="confirmed" date="1997-04-13"/>
  </code>
  <code code="MCAT">
    <editdetail attribution="Reuters BIP Coding Group" action="confirmed" date="1997-04-13"/>
  </code>
</codes>
<dc element="dc.date.created" value="1997-04-13"/>
<dc element="dc.publisher" value="Reuters Holdings Plc"/>
<dc element="dc.date.published" value="1997-04-13"/>
<dc element="dc.source" value="Reuters"/>
<dc element="dc.creator.location" value="HONG KONG"/>
<dc element="dc.creator.location.country.name" value="HONG KONG"/>
<dc element="dc.source" value="Reuters"/>
</metadata>
</newsitem>
