<?xml version="1.0" encoding="iso-8859-1" ?>
<newsitem itemid="505344" id="root" date="1997-04-13" xml:lang="en">
<title>INDONESIA: Indonesia rights body urges military care.</title>
<headline>Indonesia rights body urges military care.</headline>
<dateline>JAKARTA 1997-04-13</dateline>
<text>
<p>Indonesia's human rights commission has urged the nation's powerful armed forces to carefully resolve tensions that sparked recent riots, Antara news agency reported on Sunday.</p>
<p>Riots in several areas of Indonesia have rocked the multi-ethnic country since late last year and the military has been criticised for its handling of the disturbances.</p>
<p>&quot;ABRI (armed forces) must solve the riots wisely and the government must solve the problems honestly, otherwise they will continue to happen,&quot; Antara quoted Baharuddin Lopa, secretary-general of the National Commission of Human Rights, as saying on Saturday.</p>
<p>Lopa, speaking to reporters before attending a seminar, said unfair settlement of the riots would only prompt people to oppose the government and its security apparatuses.</p>
<p>Lopa also said the May 29 general elections should be carried out in an honest way to avoid unrest which could disrupt the polls. Antara gave no further details.</p>
<p>On Wednesday, at least three government offices, 11 vehicles and dozens of homes were damaged and 14 people were injured in Wonosobo, Central Java, in clashes between supporters of the Moslem-based United Development Party (PPP) and the ruling Golkar party, newspapers have said.</p>
<p>Five people had been questioned after the riots.</p>
<p>Wonosobo was one of several towns in Central Java hit by violence in the past two weeks, sparked by clashes between PPP and Golkar supporters.</p>
<p>Riots broke out in the coastal town of Pekalongan, a PPP stronghold, two weeks ago after reports that a popular folk singer who has campaigned for the PPP in the past would be a Golkar candidate in the May 29 general elections.</p>
<p>Pekalongan's riot was the first violent disturbance in Java since a mob attacked Chinese homes and businesses, Christian churches and Buddhist temples in Tasikmalaya town in West Java in January.</p>
<p>Four people died in those riots, sparked by police brutality against a Moslem teacher.</p>
<p>At least 200 people died in clashes between local Dayaks and immigrant Madurese in West Kalimantan province on Borneo island which started in December and lasted through February.</p>
<p>Only three political parties -- the PPP, Golkar and the Indonesian Democratic Party (PDI) -- are allowed to contest Indonesia's general elections.</p>
</text>
<copyright>(c) Reuters Limited 1997</copyright>
<metadata>
<codes class="bip:countries:1.0">
  <code code="INDON">
    <editdetail attribution="Reuters BIP Coding Group" action="confirmed" date="1997-04-13"/>
  </code>
</codes>
<codes class="bip:topics:1.0">
  <code code="GCAT">
    <editdetail attribution="Reuters BIP Coding Group" action="confirmed" date="1997-04-13"/>
  </code>
  <code code="GDEF">
    <editdetail attribution="Reuters BIP Coding Group" action="confirmed" date="1997-04-13"/>
  </code>
  <code code="GPOL">
    <editdetail attribution="Reuters BIP Coding Group" action="confirmed" date="1997-04-13"/>
  </code>
  <code code="GVIO">
    <editdetail attribution="Reuters BIP Coding Group" action="confirmed" date="1997-04-13"/>
  </code>
</codes>
<dc element="dc.date.created" value="1997-04-13"/>
<dc element="dc.publisher" value="Reuters Holdings Plc"/>
<dc element="dc.date.published" value="1997-04-13"/>
<dc element="dc.source" value="Reuters"/>
<dc element="dc.creator.location" value="JAKARTA"/>
<dc element="dc.creator.location.country.name" value="INDONESIA"/>
<dc element="dc.source" value="Reuters"/>
</metadata>
</newsitem>
