<?xml version="1.0" encoding="iso-8859-1" ?>
<newsitem itemid="505398" id="root" date="1997-04-13" xml:lang="en">
<title>BAHRAIN: Germany's Linde to build Saudi plant.</title>
<headline>Germany's Linde to build Saudi plant.</headline>
<dateline>MANAMA 1997-04-13</dateline>
<text>
<p>Saudi Arabia's National Industrial Gases Company (GAS) on Sunday said it had awarded German engineering group Linde AG and Riyadh-based Linarco Ltd a contract to build a grassroots air separation plant in Yanbu on the Red Sea.</p>
<p>GAS is 70 percent owned by Saudi Arabia's industrial giant Saudi Basic Industries Corp (SABIC). The rest is held by a group of Saudi companies.</p>
<p>A company statement on Sunday quoted SABIC's vice-chairman and managing director Ibrahim Ibn Salameh as saying the plant at Yanbu on the Red Sea would produce 1,200 metric tonnes a year of oxygen and 1,500 metric tonnes a year of nitrogen.</p>
<p>He said the total cost of the project was estimated to be around 400 million riyals ($107 million) and was scheduled to be completed in 27 months. The contract was signed on April 7.</p>
<p>&quot;This (the plant) is a very important step for SABIC as well as GAS as the new plant will go a long way in meeting the burgeoning demand for industrial gases,&quot; Ibn Salameh said.</p>
<p>GAS was established in 1983. It had doubled its paid-in capital in 1996 to 248 million riyals.</p>
</text>
<copyright>(c) Reuters Limited 1997</copyright>
<metadata>
<codes class="bip:countries:1.0">
  <code code="BAHRN">
    <editdetail attribution="Reuters BIP Coding Group" action="confirmed" date="1997-04-13"/>
  </code>
  <code code="GFR">
    <editdetail attribution="Reuters BIP Coding Group" action="confirmed" date="1997-04-13"/>
  </code>
  <code code="SAARAB">
    <editdetail attribution="Reuters BIP Coding Group" action="confirmed" date="1997-04-13"/>
  </code>
</codes>
<codes class="bip:industries:1.0">
  <code code="I25120">
    <editdetail attribution="Reuters BIP Coding Group" action="confirmed" date="1997-04-13"/>
  </code>
  <code code="I32550">
    <editdetail attribution="Reuters BIP Coding Group" action="confirmed" date="1997-04-13"/>
  </code>
</codes>
<codes class="bip:topics:1.0">
  <code code="C24">
    <editdetail attribution="Reuters BIP Coding Group" action="confirmed" date="1997-04-13"/>
  </code>
  <code code="C33">
    <editdetail attribution="Reuters BIP Coding Group" action="confirmed" date="1997-04-13"/>
  </code>
  <code code="CCAT">
    <editdetail attribution="Reuters BIP Coding Group" action="confirmed" date="1997-04-13"/>
  </code>
</codes>
<dc element="dc.date.created" value="1997-04-13"/>
<dc element="dc.publisher" value="Reuters Holdings Plc"/>
<dc element="dc.date.published" value="1997-04-13"/>
<dc element="dc.source" value="Reuters"/>
<dc element="dc.creator.location" value="MANAMA"/>
<dc element="dc.creator.location.country.name" value="BAHRAIN"/>
<dc element="dc.source" value="Reuters"/>
</metadata>
</newsitem>
