<?xml version="1.0" encoding="iso-8859-1" ?>
<newsitem itemid="505368" id="root" date="1997-04-13" xml:lang="en">
<title>ISRAEL: Israeli industrial exports rise in March.</title>
<headline>Israeli industrial exports rise in March.</headline>
<dateline>JERUSALEM 1997-04-13</dateline>
<text>
<p>Israeli industrial exports rose last month by 5.5 percent to $1.6 billion compared with March 1996 levels, the Industry and Trade Ministry said Sunday.</p>
<p>In the first quarter of 1997, industrial exports increased by almost 6.7 percent to $4.47 billion against $4.19 billion in the same period a year ago.</p>
<p>Industrial exports, excluding diamonds, rose 6.8 percent to $1.26 billion in March compared with March 1996. First-quarter industrial exports, excluding diamonds, climbed 7.8 percent to $3.34 billion compared with January-March 1996.</p>
<p>The ministry said exports of communications and medical equipment showed the strongest gains, followed by chemicals, fuel and electronic components.</p>
</text>
<copyright>(c) Reuters Limited 1997</copyright>
<metadata>
<codes class="bip:countries:1.0">
  <code code="ISRAEL">
    <editdetail attribution="Reuters BIP Coding Group" action="confirmed" date="1997-04-13"/>
  </code>
</codes>
<codes class="bip:topics:1.0">
  <code code="E51">
    <editdetail attribution="Reuters BIP Coding Group" action="confirmed" date="1997-04-13"/>
  </code>
  <code code="E512">
    <editdetail attribution="Reuters BIP Coding Group" action="confirmed" date="1997-04-13"/>
  </code>
  <code code="ECAT">
    <editdetail attribution="Reuters BIP Coding Group" action="confirmed" date="1997-04-13"/>
  </code>
</codes>
<dc element="dc.date.created" value="1997-04-13"/>
<dc element="dc.publisher" value="Reuters Holdings Plc"/>
<dc element="dc.date.published" value="1997-04-13"/>
<dc element="dc.source" value="Reuters"/>
<dc element="dc.creator.location" value="JERUSALEM"/>
<dc element="dc.creator.location.country.name" value="ISRAEL"/>
<dc element="dc.source" value="Reuters"/>
</metadata>
</newsitem>
