<?xml version="1.0" encoding="iso-8859-1" ?>
<newsitem itemid="505385" id="root" date="1997-04-13" xml:lang="en">
<title>EGYPT: Egypt impounds Ukrainian ship for unpaid bills.</title>
<headline>Egypt impounds Ukrainian ship for unpaid bills.</headline>
<dateline>CAIRO 1997-04-13</dateline>
<text>
<p>Egyptian authorities on Sunday impounded a Ukrainian cargo ship in the Red Sea port of Suez after its owners failed to pay $42,000 to local provision suppliers, shipping sources said.</p>
<p>The suppliers got a legal order to impound Matvey Muranov after they could not get their money from the ship owners, Azov Shipping Co., they added.</p>
<p>Matvey Muranov, with a gross-weight of 3,935 tonnes, was carrying general merchandise from Singapore to Odessa, on the Black Sea, when it was impounded.</p>
<p>Egypt has impounded several ships in recent months for unpaid dues and some of them fled from its territorial waters.</p>
</text>
<copyright>(c) Reuters Limited 1997</copyright>
<metadata>
<codes class="bip:countries:1.0">
  <code code="EGYPT">
    <editdetail attribution="Reuters BIP Coding Group" action="confirmed" date="1997-04-13"/>
  </code>
  <code code="UKRN">
    <editdetail attribution="Reuters BIP Coding Group" action="confirmed" date="1997-04-13"/>
  </code>
</codes>
<codes class="bip:topics:1.0">
  <code code="C13">
    <editdetail attribution="Reuters BIP Coding Group" action="confirmed" date="1997-04-13"/>
  </code>
  <code code="C31">
    <editdetail attribution="Reuters BIP Coding Group" action="confirmed" date="1997-04-13"/>
  </code>
  <code code="CCAT">
    <editdetail attribution="Reuters BIP Coding Group" action="confirmed" date="1997-04-13"/>
  </code>
  <code code="GCAT">
    <editdetail attribution="Reuters BIP Coding Group" action="confirmed" date="1997-04-13"/>
  </code>
  <code code="GDIP">
    <editdetail attribution="Reuters BIP Coding Group" action="confirmed" date="1997-04-13"/>
  </code>
</codes>
<dc element="dc.date.created" value="1997-04-13"/>
<dc element="dc.publisher" value="Reuters Holdings Plc"/>
<dc element="dc.date.published" value="1997-04-13"/>
<dc element="dc.source" value="Reuters"/>
<dc element="dc.creator.location" value="CAIRO"/>
<dc element="dc.creator.location.country.name" value="EGYPT"/>
<dc element="dc.source" value="Reuters"/>
</metadata>
</newsitem>
