<?xml version="1.0" encoding="iso-8859-1" ?>
<newsitem itemid="505361" id="root" date="1997-04-13" xml:lang="en">
<title>DUBAI: Iran-EU row widens as Tehran to recall envoys.</title>
<headline>Iran-EU row widens as Tehran to recall envoys.</headline>
<dateline>DUBAI 1997-04-13</dateline>
<text>
<p>Iran says it will recall its ambassadors from European Union states that have summoned their Tehran envoys home after a German court's verdict that the Islamic republic ordered political killings in Berlin.</p>
<p>The Iranian parliament held a closed session to review the court verdict, and a second protest march on the German embassy in Tehran was planned for Sunday, two days after hundreds of protesters pelted the building with tomatoes.</p>
<p>The official Iranian news agency IRNA late on Saturday quoted a Foreign Ministry source as saying Iran &quot;would reciprocate the decision of the (EU) governments to recall their ambassadors from Tehran&quot;.</p>
<p>EU members, with the exception of Greece, summoned their envoys for consultations following Thursday's Berlin court ruling that Iranian leaders ordered the 1992 killings of four Kurdish dissidents in Germany.</p>
<p>Iran, which has repeatedly denied all involvement in the killings, has urged EU states not to jeopardise their interests in Iran over the verdict.</p>
<p>The court decision forced the EU to abandon its &quot;critical dialogue&quot; with Iran in a move which delighted the United States and other opponents of Tehran's Islamic government.</p>
<p>The Iranian plan to recall its EU envoys comes amid growing tensions between Iran and Germany, until recently Tehran's biggest trade partner and closest Western friend.</p>
<p>Bonn has been a staunch advocate of critical dialogue with Iran, a policy which means maintaining good relations and trade ties while also engaging in dialogue over human rights.</p>
<p>A large number of Iranians plan to march from Tehran university's mosque to the German embassy in Tehran on Sunday to demonstrate against the ruling, according to Tehran radio.</p>
<p>IRNA said parliament held a closed session early on Sunday to review the verdict. Further meetings are planned.</p>
<p>Iran's English-language daily Iran News said on Sunday &quot;the diplomatic crisis between the European Union and Iran has begun,&quot; but urged EU states not to join an American economic and political campaign to isolate Iran.</p>
<p>&quot;The EU countries will not let the U.S. fuel the fire of the present crisis. Say again a big NO to the same U.S. that called on the EU to join its policy in isolating Iran by limiting trade with Tehran,&quot; it said.</p>
<p>Washington accuses Tehran of sponsoring international terrorism, a charge which Iran has repeatedly denied.</p>
<p>The court ruling said the assassinations were ordered by a secret special operations committee whose members included Iran's president, its religious leader, intelligence minister and the head of foreign policy.</p>
<p>But it stopped short of explicitly naming Iranian President Akbar Hashemi Rafsanjani and spiritual leader Ayatollah Ali Khamenei, whom prosecutors had accused of ultimate responsibility for the attack in Berlin's Mykonos restaurant.</p>
<p>Germany has ordered four Iranian diplomats to leave the country and recalled its ambassador in Tehran immediately after the court verdict. Iran also recalled its ambassador and expelled four German diplomats.</p>
<p>Rafsanjani on Friday criticised the verdict but said the diplomatic row was a &quot;passing storm&quot; provoked by the United States and Israel.</p>
<p>German Foreign Minister Klaus Kinkel said on Saturday that Iran must show respect for international law before Bonn could discuss a fresh start in relations.</p>
</text>
<copyright>(c) Reuters Limited 1997</copyright>
<metadata>
<codes class="bip:countries:1.0">
  <code code="EEC">
    <editdetail attribution="Reuters BIP Coding Group" action="confirmed" date="1997-04-13"/>
  </code>
  <code code="GFR">
    <editdetail attribution="Reuters BIP Coding Group" action="confirmed" date="1997-04-13"/>
  </code>
  <code code="IRAN">
    <editdetail attribution="Reuters BIP Coding Group" action="confirmed" date="1997-04-13"/>
  </code>
</codes>
<codes class="bip:topics:1.0">
  <code code="G15">
    <editdetail attribution="Reuters BIP Coding Group" action="confirmed" date="1997-04-13"/>
  </code>
  <code code="G158">
    <editdetail attribution="Reuters BIP Coding Group" action="confirmed" date="1997-04-13"/>
  </code>
  <code code="GCAT">
    <editdetail attribution="Reuters BIP Coding Group" action="confirmed" date="1997-04-13"/>
  </code>
  <code code="GDIP">
    <editdetail attribution="Reuters BIP Coding Group" action="confirmed" date="1997-04-13"/>
  </code>
</codes>
<dc element="dc.date.created" value="1997-04-13"/>
<dc element="dc.publisher" value="Reuters Holdings Plc"/>
<dc element="dc.date.published" value="1997-04-13"/>
<dc element="dc.source" value="Reuters"/>
<dc element="dc.creator.location" value="DUBAI"/>
<dc element="dc.creator.location.country.name" value="DUBAI"/>
<dc element="dc.source" value="Reuters"/>
</metadata>
</newsitem>
