<?xml version="1.0" encoding="iso-8859-1" ?>
<newsitem itemid="505389" id="root" date="1997-04-13" xml:lang="en">
<title>SYRIA: Big share for investment in Syria's 97 budget.</title>
<headline>Big share for investment in Syria's 97 budget.</headline>
<byline>Issam Hamza</byline>
<dateline>DAMASCUS 1997-04-13</dateline>
<text>
<p>Syria's parliament on Sunday began discussing a 1997 draft budget that allocates the largest share to investment ever planned, officials said on Sunday.</p>
<p>They said the draft, presented by Finance Minister Khaled Mahayni on Saturday, set expenditure at 211.125 billion Syrian pounds ($4.85 billion) of which 108.7 billion ($2.5 billion) would go for investment and the rest current expenditure.</p>
<p>Revenues were projected at 211.125 pounds, but included local and foreign loans to cover the deficit in the budget for year beginning January 1, 1997, officials said.</p>
<p>They did not give a figure for the expected deficit and the finance minister's report, obtained by Reuters on Sunday, did not mention it. Final figures for a year are approved over four years later.</p>
<p>Syrian ministries have been spending on allocations based on the 1996 budget that set spending at 188.05 billion pounds. The new budget must be approved by parliament and issued by President Hafez al-Assad.</p>
<p>Economic sources said the real increase in the 1997 budget over last year was only 12.064 billion pounds, while the other 11.011 billion pounds was caused by changing the exchange rate from 23 pounds to 35 pounds to a U.S. dollar.</p>
<p>The rate was mainly used to calculate oil revenues. Syria produces around 600,000 barrels per day of crude oil and exports about 320,000.</p>
<p>Officials said several exchange rates were still used in the budget, although the main rate was the &quot;encouragement rate&quot; of 43.5 pounds to a dollar.</p>
<p>The 1996 budget was mainly based on the &quot;encouragement rate&quot; of 42 pounds to a dollar. The rate on the black market currently ranges between 50 and 52 pounds to a dollar.</p>
<p>The Syrian finance minister said the government would continue trying to unify the exchange rate against hard currencies but did not set a deadline.</p>
<p>Officials quoted Economy and Foreign Trade Minister Mohammed Imadi as saying in a separate meeting that the 1998 budget would be based on one rate.</p>
<p>&quot;The government will continue its efforts to gradually unify the pound's rate and continue at the same time its efforts to keep stability in the pound's value,&quot; Mahayni said.</p>
<p>The minister said investment in 1997, 51.5 per cent of the total budget, was the largest share ever in a Syrian budget. He said the money would go to projects in the agricultural, industrial, electricity and communications sectors.</p>
<p>Investment spending in the 1996 budget stood at 91.5 billion pounds while current expenditure was 96.58 billion pounds.</p>
</text>
<copyright>(c) Reuters Limited 1997</copyright>
<metadata>
<codes class="bip:countries:1.0">
  <code code="SYRIA">
    <editdetail attribution="Reuters BIP Coding Group" action="confirmed" date="1997-04-13"/>
  </code>
</codes>
<codes class="bip:topics:1.0">
  <code code="E21">
    <editdetail attribution="Reuters BIP Coding Group" action="confirmed" date="1997-04-13"/>
  </code>
  <code code="E211">
    <editdetail attribution="Reuters BIP Coding Group" action="confirmed" date="1997-04-13"/>
  </code>
  <code code="ECAT">
    <editdetail attribution="Reuters BIP Coding Group" action="confirmed" date="1997-04-13"/>
  </code>
  <code code="GCAT">
    <editdetail attribution="Reuters BIP Coding Group" action="confirmed" date="1997-04-13"/>
  </code>
  <code code="GPOL">
    <editdetail attribution="Reuters BIP Coding Group" action="confirmed" date="1997-04-13"/>
  </code>
</codes>
<dc element="dc.date.created" value="1997-04-13"/>
<dc element="dc.publisher" value="Reuters Holdings Plc"/>
<dc element="dc.date.published" value="1997-04-13"/>
<dc element="dc.source" value="Reuters"/>
<dc element="dc.creator.location" value="DAMASCUS"/>
<dc element="dc.creator.location.country.name" value="SYRIA"/>
<dc element="dc.source" value="Reuters"/>
</metadata>
</newsitem>
