<?xml version="1.0" encoding="iso-8859-1" ?>
<newsitem itemid="505408" id="root" date="1997-04-13" xml:lang="en">
<title>TURKEY: Turkey kills 46 Kurdish rebels in southeast.</title>
<headline>Turkey kills 46 Kurdish rebels in southeast.</headline>
<dateline>DIYARBAKIR, Turkey 1997-04-13</dateline>
<text>
<p>Turkish security forces have killed 46 Kurdish rebels in the last two days in clashes in eastern Turkey, the emergency rule governor's office said in a statement on Sunday.</p>
<p>The statement said that 33 guerillas of the separatist Kurdistan Workers Party (PKK) were killed in the remote mountains of Tunceli province, with another 10 rebels killed in Batman province.</p>
<p>Three others were killed in separate clashes in the provinces of Van and Siirt, the statement said.</p>
<p>Military sources in Tunceli said about 50 PKK members were encircled early on Saturday near the town of Cemisgezek in an operation backed by tanks, U.S.-made Cobra helicopter gunships and some 3,000 troops.</p>
<p>Twenty rebels were killed on Saturday and a further 13 killed in the continuing clashes on Sunday, the sources said. One wounded rebel was captured, they said.</p>
<p>More than 22,000 people have died in the struggle between the Turkish armed forces and the PKK who are fighting for independence or autonomy in the mainly Kurdish southeast.</p>
</text>
<copyright>(c) Reuters Limited 1997</copyright>
<metadata>
<codes class="bip:countries:1.0">
  <code code="TURK">
    <editdetail attribution="Reuters BIP Coding Group" action="confirmed" date="1997-04-13"/>
  </code>
</codes>
<codes class="bip:topics:1.0">
  <code code="GCAT">
    <editdetail attribution="Reuters BIP Coding Group" action="confirmed" date="1997-04-13"/>
  </code>
  <code code="GVIO">
    <editdetail attribution="Reuters BIP Coding Group" action="confirmed" date="1997-04-13"/>
  </code>
</codes>
<dc element="dc.date.created" value="1997-04-13"/>
<dc element="dc.publisher" value="Reuters Holdings Plc"/>
<dc element="dc.date.published" value="1997-04-13"/>
<dc element="dc.source" value="Reuters"/>
<dc element="dc.creator.location" value="DIYARBAKIR, Turkey"/>
<dc element="dc.creator.location.country.name" value="TURKEY"/>
<dc element="dc.source" value="Reuters"/>
</metadata>
</newsitem>
