<?xml version="1.0" encoding="iso-8859-1" ?>
<newsitem itemid="505438" id="root" date="1997-04-13" xml:lang="en">
<title>KUWAIT: Kuwait premier to fly to U.S. for medical checks.</title>
<headline>Kuwait premier to fly to U.S. for medical checks.</headline>
<dateline>KUWAIT 1997-04-13</dateline>
<text>
<p>Kuwait's Crown Prince and Prime Minister Sheikh Saad al-Abdulla al-Sabah, recovering in London from colon surgery, will fly on Sunday to the United States for medical checks at the Mayo Clinic, Kuwaiti newspapers said.</p>
<p>They said Sheikh Saad, born in 1930, planned to spend an unspecified period of time in the United States after his medical checkup. He had been scheduled to go to Rome from London this month.</p>
<p>Sheikh Saad, whose Gulf Arab state controls 10 percent of the world's proven oil reserves, had emergency colon surgery in Kuwait in early march. He flew to London a few days later on board a medical aircraft supplied by Saudi Arabian King Fahd for followup treatment.</p>
<p>Veteran Foreign Minister Sheikh Sabah al-Ahmad al-Sabah is running Kuwait's government as acting prime minister. Sheikh Saad has been prime minister and heir apparent since 1978.</p>
</text>
<copyright>(c) Reuters Limited 1997</copyright>
<metadata>
<codes class="bip:countries:1.0">
  <code code="KUWAIT">
    <editdetail attribution="Reuters BIP Coding Group" action="confirmed" date="1997-04-13"/>
  </code>
  <code code="UK">
    <editdetail attribution="Reuters BIP Coding Group" action="confirmed" date="1997-04-13"/>
  </code>
  <code code="USA">
    <editdetail attribution="Reuters BIP Coding Group" action="confirmed" date="1997-04-13"/>
  </code>
</codes>
<codes class="bip:topics:1.0">
  <code code="GCAT">
    <editdetail attribution="Reuters BIP Coding Group" action="confirmed" date="1997-04-13"/>
  </code>
  <code code="GPOL">
    <editdetail attribution="Reuters BIP Coding Group" action="confirmed" date="1997-04-13"/>
  </code>
  <code code="GPRO">
    <editdetail attribution="Reuters BIP Coding Group" action="confirmed" date="1997-04-13"/>
  </code>
</codes>
<dc element="dc.date.created" value="1997-04-13"/>
<dc element="dc.publisher" value="Reuters Holdings Plc"/>
<dc element="dc.date.published" value="1997-04-13"/>
<dc element="dc.source" value="Reuters"/>
<dc element="dc.creator.location" value="KUWAIT"/>
<dc element="dc.creator.location.country.name" value="KUWAIT"/>
<dc element="dc.source" value="Reuters"/>
</metadata>
</newsitem>
