<?xml version="1.0" encoding="iso-8859-1" ?>
<newsitem itemid="505400" id="root" date="1997-04-13" xml:lang="en">
<title>ISRAEL: Bomb kills pro-Israeli militiaman in Lebanon.</title>
<headline>Bomb kills pro-Israeli militiaman in Lebanon.</headline>
<dateline>JERUSALEM 1997-04-13</dateline>
<text>
<p>A roadside bomb killed a member of the pro-Israeli South Lebanon Army militia and wounded two others on Sunday in Israel's south Lebanon occupation zone, Israel Radio said.</p>
<p>The army said it was checking the report.  </p>
<p>The radio said the bomb went off beside an SLA convoy.</p>
<p>Israel set up its 15 km (9 mile)-wide occupation zone in south Lebanon in 1985 when it withdrew the bulk of its 1982 invasion force.</p>
<p>SLA soldiers patrol the zone in coordination with Israel.</p>
<p>Guerrilla groups, principally Hizbollah (Party of God), are fighting to oust Israel from the zone.</p>
</text>
<copyright>(c) Reuters Limited 1997</copyright>
<metadata>
<codes class="bip:countries:1.0">
  <code code="ISRAEL">
    <editdetail attribution="Reuters BIP Coding Group" action="confirmed" date="1997-04-13"/>
  </code>
  <code code="LEBAN">
    <editdetail attribution="Reuters BIP Coding Group" action="confirmed" date="1997-04-13"/>
  </code>
</codes>
<codes class="bip:topics:1.0">
  <code code="GCAT">
    <editdetail attribution="Reuters BIP Coding Group" action="confirmed" date="1997-04-13"/>
  </code>
  <code code="GVIO">
    <editdetail attribution="Reuters BIP Coding Group" action="confirmed" date="1997-04-13"/>
  </code>
</codes>
<dc element="dc.date.created" value="1997-04-13"/>
<dc element="dc.publisher" value="Reuters Holdings Plc"/>
<dc element="dc.date.published" value="1997-04-13"/>
<dc element="dc.source" value="Reuters"/>
<dc element="dc.creator.location" value="JERUSALEM"/>
<dc element="dc.creator.location.country.name" value="ISRAEL"/>
<dc element="dc.source" value="Reuters"/>
</metadata>
</newsitem>
