<?xml version="1.0" encoding="iso-8859-1" ?>
<newsitem itemid="505437" id="root" date="1997-04-13" xml:lang="en">
<title>BAHRAIN: PRESS DIGEST - Bahrain - April 13.</title>
<headline>PRESS DIGEST - Bahrain - April 13.</headline>
<dateline>MANAMA 1997-04-13</dateline>
<text>
<p>These are some of the leading stories in the Bahraini press on Sunday. Reuters has not verified these stories and does not vouch for their accuracy.</p>
<p>BAHRAIN TRIBUNE</p>
<p>- Bahrain aims to be a major industrial force in the region and the government is taking serious measures to achieve this goal, oil and industry minister says.</p>
<p>- Bahrain-based Investcorp signs an agreement to buy Norwegian outdoor and sportswear company Helly Hansen.</p>
<p>GULF DAILY NEWS</p>
<p>- Flights between Bahrain and India returned to normal on Saturday after Indian air traffic controllers called off a two-day strike.</p>
<p>- A major kidney and liver transplant centre may soon be set up in Bahrain.</p>
<p>- Morocco plans two products and services exhibitions in Bahrain this year to boost exports. Moroccan exports to Bahrain in 1996 climbed to $644,317 from $389,529 a year earlier.</p>
<p>AKHBAR AL-KHALEEJ</p>
<p>- Bahrain University allocates 500,000 dinars to cover its employees salary rise of 15 percent.</p>
<p>- A Bahraini trade team leaves for Germany to participate in Hanover International Exhibition.</p>
<p>- Bahrain Kuwait Insurance Company to pay 17 percent dividend to shareholders.</p>
<p>AL-AYAM</p>
<p>- Bahrain allocates $50 million to develop its oil refinery, oil and industry minister says.</p>
</text>
<copyright>(c) Reuters Limited 1997</copyright>
<metadata>
<codes class="bip:countries:1.0">
  <code code="BAHRN">
    <editdetail attribution="Reuters BIP Coding Group" action="confirmed" date="1997-04-13"/>
  </code>
</codes>
<codes class="bip:topics:1.0">
  <code code="GCAT">
    <editdetail attribution="Reuters BIP Coding Group" action="confirmed" date="1997-04-13"/>
  </code>
</codes>
<dc element="dc.date.created" value="1997-04-13"/>
<dc element="dc.publisher" value="Reuters Holdings Plc"/>
<dc element="dc.date.published" value="1997-04-13"/>
<dc element="dc.source" value="Reuters"/>
<dc element="dc.creator.location" value="MANAMA"/>
<dc element="dc.creator.location.country.name" value="BAHRAIN"/>
<dc element="dc.source" value="Reuters"/>
</metadata>
</newsitem>
