<?xml version="1.0" encoding="iso-8859-1" ?>
<newsitem itemid="505453" id="root" date="1997-04-13" xml:lang="en">
<title>USA: Hollywood women's group closes in protest.</title>
<headline>Hollywood women's group closes in protest.</headline>
<dateline>LOS ANGELES 1997-04-13</dateline>
<text>
<p>The influential Hollywood Women's Political Committee, made up of executives, writers and stars like Barbra Streisand, has ceased operation to protest the role of money in politics, said a founding member on Sunday.</p>
<p>&quot;Money had become the driving force, rather than politics. The richest people are getting to office and we didn't want to be part of it,&quot; said Barbara Corday, a television producer and one of the committee's founders.</p>
<p>Corday said the decision to cease operation was reached Saturday at a board meeting of the committe, which had disbursed nearly $6 million directly to liberal causes and funds nationwide since it was launched in 1984.</p>
<p>The committee, which fused money, liberal politics and Hollywood celebrities, had grown increasingly disappointed with President Bill Clinton's rightward swing, she said.</p>
<p>&quot;It goes back to the sense that if you can't be part of the solution, you're part of the problem,&quot; said Corday.</p>
<p>She said the organisation was particularly disappointed by Clinton's and other congressional Democrats' support of last year's welfare reform bill.</p>
<p>&quot;The welfare bill was the turning point,&quot; said Corday.</p>
<p>General frustration with the fact the committee was raising larger and larger amounts of money for candidates it was less enthusiastic also led to the decision.</p>
<p>&quot;This was the biggest statement we could make about contributions,&quot; she said.</p>
<p>Corday was among a group of nine women, including sogwriter Marilyn Bergman and producer Paula Weinsten who launched the committee shortly after the 1984 Democratic convention that nominated Geraldine Ferraro as the first female vice presidential candidate.</p>
<p>It raised $1.5 million for Democratic candidates two years later at a high-profile concert at Streisand's Malibu home.</p>
<p>Republicans attacked the group in the 1980's because its members included Jane Fonda, whose high-profile opposition to the Viet Nam War often stirred controversy.</p>
<p>Through the 1990's, it has raised millions for Clinton at events, where Streisand and other prominent entertainers have performed.</p>
</text>
<copyright>(c) Reuters Limited 1997</copyright>
<metadata>
<codes class="bip:countries:1.0">
  <code code="USA">
    <editdetail attribution="Reuters BIP Coding Group" action="confirmed" date="1997-04-13"/>
  </code>
</codes>
<codes class="bip:topics:1.0">
  <code code="GCAT">
    <editdetail attribution="Reuters BIP Coding Group" action="confirmed" date="1997-04-13"/>
  </code>
  <code code="GPOL">
    <editdetail attribution="Reuters BIP Coding Group" action="confirmed" date="1997-04-13"/>
  </code>
  <code code="GPRO">
    <editdetail attribution="Reuters BIP Coding Group" action="confirmed" date="1997-04-13"/>
  </code>
</codes>
<dc element="dc.date.created" value="1997-04-13"/>
<dc element="dc.publisher" value="Reuters Holdings Plc"/>
<dc element="dc.date.published" value="1997-04-13"/>
<dc element="dc.source" value="Reuters"/>
<dc element="dc.creator.location" value="LOS ANGELES"/>
<dc element="dc.creator.location.country.name" value="USA"/>
<dc element="dc.source" value="Reuters"/>
</metadata>
</newsitem>
