<?xml version="1.0" encoding="iso-8859-1" ?>
<newsitem itemid="724156" id="root" date="1997-07-12" xml:lang="en">
<title>CZECH REPUBLIC: TENNIS-NOVOTNA WIN LEAVES CZECHS LEVEL WITH DUTCH.</title>
<headline>TENNIS-NOVOTNA WIN LEAVES CZECHS LEVEL WITH DUTCH.</headline>
<dateline>PRAGUE 1997-07-12</dateline>
<text>
<p>Wimbledon finalist Jana Novotna shrugged off a muscle injury and overwhelmed Miriam Oremans of the Netherlands 6-3 6-0 to leave the Czech Republic level after the first day of their Fed Cup semifinal on Saturday.</p>
<p>&quot;My doctors recommended after Wimbledon I take three weeks off but I new how much our team needed me,&quot; said the world number two.</p>
<p>The Dutch had gone ahead in the opening singles when Brenda Schultz-McCarthy beat Czech debutante Sandra Kleinova 6-1 7-6.</p>
<p>Schultz-McCarthy, ranked 14th in the world, won six games in succession to take the first set.</p>
<p>Kleinova, aged 19 and playing for the national side for the first time, provided more resistance in the second but said the Dutch player's serve had proved decisive.</p>
<p>&quot;I apologise, I just couldn't make it,&quot; said the 50th-ranked Kleinova.</p>
</text>
<copyright>(c) Reuters Limited 1997</copyright>
<metadata>
<codes class="bip:countries:1.0">
  <code code="CZREP">
    <editdetail attribution="Reuters BIP Coding Group" action="confirmed" date="1997-07-12"/>
  </code>
  <code code="NETH">
    <editdetail attribution="Reuters BIP Coding Group" action="confirmed" date="1997-07-12"/>
  </code>
</codes>
<codes class="bip:topics:1.0">
  <code code="GCAT">
    <editdetail attribution="Reuters BIP Coding Group" action="confirmed" date="1997-07-12"/>
  </code>
  <code code="GSPO">
    <editdetail attribution="Reuters BIP Coding Group" action="confirmed" date="1997-07-12"/>
  </code>
</codes>
<dc element="dc.date.created" value="1997-07-12"/>
<dc element="dc.publisher" value="Reuters Holdings Plc"/>
<dc element="dc.date.published" value="1997-07-12"/>
<dc element="dc.source" value="Reuters"/>
<dc element="dc.creator.location" value="PRAGUE"/>
<dc element="dc.creator.location.country.name" value="CZECH REPUBLIC"/>
<dc element="dc.source" value="Reuters"/>
</metadata>
</newsitem>
