<?xml version="1.0" encoding="iso-8859-1" ?>
<newsitem itemid="724192" id="root" date="1997-07-12" xml:lang="en">
<title>UK: TENNIS-DAVIS CUP COLLATED SCORES.</title>
<headline>TENNIS-DAVIS CUP COLLATED SCORES.</headline>
<dateline>LONDON 1997-07-12</dateline>
<text>
<p>Latest collated scores in Davis</p>
<p>Cup tennis matches on Saturday:</p>
<p>Euro/African zone group one play-off</p>
<p>In Kiev: Britain lead Ukraine 2-1</p>
<p>American zone group one play-offs</p>
<p>In Nassau: Bahamas and Venezuela level 1-1</p>
<p>In Buenos Aires: Ecuador lead Argentina 2-1</p>
<p>Asia/Oceanina group one play-off</p>
<p>In Tashkent: Japan lead Uzbekistan 2-1</p>
<p>Euro/African zone group two, second round</p>
<p>In Nova Gorica: Norway lead Slovenia 2-1</p>
<p>In Porto: Portugal lead Yugoslavia 2-1</p>
<p>In Bytom: Poland lead Ivory Coast 2-1</p>
<p>In Tampere: Finland lead Belarus 2-1</p>
<p>Euro/African zone group one play-offs</p>
<p>In Tbilisi: Georgia lead Nigeria 3-0</p>
<p>In Cairo: Egypt lead Lithuania 2-1</p>
<p>In Jurmala: Latvia lead Ghana 3-0</p>
<p>In Dublin: Ireland lead Greece 2-1</p>
</text>
<copyright>(c) Reuters Limited 1997</copyright>
<metadata>
<codes class="bip:countries:1.0">
  <code code="UK">
    <editdetail attribution="Reuters BIP Coding Group" action="confirmed" date="1997-07-12"/>
  </code>
</codes>
<codes class="bip:topics:1.0">
  <code code="GCAT">
    <editdetail attribution="Reuters BIP Coding Group" action="confirmed" date="1997-07-12"/>
  </code>
  <code code="GSPO">
    <editdetail attribution="Reuters BIP Coding Group" action="confirmed" date="1997-07-12"/>
  </code>
</codes>
<dc element="dc.date.created" value="1997-07-12"/>
<dc element="dc.publisher" value="Reuters Holdings Plc"/>
<dc element="dc.date.published" value="1997-07-12"/>
<dc element="dc.source" value="Reuters"/>
<dc element="dc.creator.location" value="LONDON"/>
<dc element="dc.creator.location.country.name" value="UK"/>
<dc element="dc.source" value="Reuters"/>
</metadata>
</newsitem>
