<?xml version="1.0" encoding="iso-8859-1" ?>
<newsitem itemid="724177" id="root" date="1997-07-12" xml:lang="en">
<title>FRANCE: CYCLING-CIPOLLINI WITHDRAWS FROM TOUR DE FRANCE.</title>
<headline>CYCLING-CIPOLLINI WITHDRAWS FROM TOUR DE FRANCE.</headline>
<dateline>MARENNES, France 1997-07-12</dateline>
<text>
<p>Italian sprinter Mario Cipollini withdrew from the 194-km seventh stage of the Tour de France cycle race on Saturday.</p>
<p>Cipollini, who won the first two stages and wore the yellow jersey for four days, stopped after 25 kms because of a knee injury sustained in a mass fall on Friday.</p>
</text>
<copyright>(c) Reuters Limited 1997</copyright>
<metadata>
<codes class="bip:countries:1.0">
  <code code="FRA">
    <editdetail attribution="Reuters BIP Coding Group" action="confirmed" date="1997-07-12"/>
  </code>
  <code code="ITALY">
    <editdetail attribution="Reuters BIP Coding Group" action="confirmed" date="1997-07-12"/>
  </code>
</codes>
<codes class="bip:topics:1.0">
  <code code="GCAT">
    <editdetail attribution="Reuters BIP Coding Group" action="confirmed" date="1997-07-12"/>
  </code>
  <code code="GSPO">
    <editdetail attribution="Reuters BIP Coding Group" action="confirmed" date="1997-07-12"/>
  </code>
</codes>
<dc element="dc.date.created" value="1997-07-12"/>
<dc element="dc.publisher" value="Reuters Holdings Plc"/>
<dc element="dc.date.published" value="1997-07-12"/>
<dc element="dc.source" value="Reuters"/>
<dc element="dc.creator.location" value="MARENNES, France"/>
<dc element="dc.creator.location.country.name" value="FRANCE"/>
<dc element="dc.source" value="Reuters"/>
</metadata>
</newsitem>
