<?xml version="1.0" encoding="iso-8859-1" ?>
<newsitem itemid="724161" id="root" date="1997-07-12" xml:lang="en">
<title>UK: GOLF-WORLD INVITATIONAL FINAL ROUND SCORES.</title>
<headline>GOLF-WORLD INVITATIONAL FINAL ROUND SCORES.</headline>
<text>
<p>LUSS, Scotland July 12 - Leading final round scores at the</p>
<p>Loch Lomond World Invitational golf tournament on Saturday:</p>
<p>(British unless stated):</p>
<p>265 Tom Lehman (U.S.) 65 66 67 67</p>
<p>270 Ernie Els (South Africa) 70 69 65 66</p>
<p>272 Retief Goosen (South Africa) 71 70 69 62</p>
<p>273 Greg Norman (Australia) 68 68 69 68, Pierre Fulke (Sweden)</p>
<p>70 64 66 73</p>
<p>274 Mats Hallberg (Sweden) 67 71 71 65, Paul Broadhurst 68 70</p>
<p>68 68,</p>
<p>Payne Stewart (U.S.) 73 67 66 68</p>
<p>275 Steve Jones (U.S.) 69 65 68 73</p>
<p>276 Colin Montgomerie 69 70 70 67, Peter O'Malley (Australia)</p>
<p>71 68 68 69</p>
<p>277 Joakim Haeggman (Sweden) 63 72 71 71</p>
<p>278 Robert Allenby (Australia) 68 72 70 68, Thomas Bjorn</p>
<p>(Denmark)</p>
<p>72 67 70 69, Tom Purtzer (U.S.) 68 69 70 71</p>
<p>279 Jesper Parnevik (Sweden) 70 71 68 70, Mark James 72 71 65</p>
<p>71,</p>
<p>Joakim Rask (Sweden) 70 70 68 71, Angel Cabrera (Argentina)</p>
<p>67 72 67 73, Glen Day (U.S.) 66 72 68 73</p>
<p>280 Nick Faldo 67 73 72 68</p>
<p>281 Stephen McAllister 69 68 77 67, Lee Westwood 70 73 66 72,</p>
<p>Larry Mize (U.S.) 70 69 70 72</p>
<p>282 Robert Lee 70 71 73 68, Patrik Sjoland (Sweden) 75 67 72</p>
<p>68,</p>
<p>Darren Clarke 72 68 72 70, Costantino Rocca (Italy) 70 71</p>
<p>66 75,</p>
<p>Mathias Gronberg (Sweden) 68 69 69 76, Paul Curry 63 72 70</p>
<p>77</p>
<p>283 Rolf Muntz (Netherlands) 69 74 73 67, Paul Eales 68 74 71</p>
<p>70,</p>
<p>Raymond Russell 70 70  72 71, Miguel Angel Jimenez (Spain)</p>
<p>69 73</p>
<p>70 71, Per-Ulrik Johansson (Sweden) 72 71 68 72, David</p>
<p>Tapping 71 67 72 73, Derrick Cooper 71 70 69 73, Andrew</p>
<p>Coltart</p>
<p>73 69 68 73 284 Ian Woosnam 72 71 74 67, Ronan Rafferty 69 68 74 73, Dean</p>
<p>Robertson 71 72  67 74, Peter Hedblom (Sweden) 73 70 66 75</p>
<p>285 Robert Karlsson (Sweden) 70 71 73 71, David Howell 67 75 72</p>
<p>71,</p>
<p>Richard Boxall 71  72 70 72, Carl Suneson (Spain) 70 70 72</p>
<p>73,</p>
<p>Peter Mitchell 69 72 70 74, Paul McGinley (Ireland) 72 69</p>
<p>70 74</p>
</text>
<copyright>(c) Reuters Limited 1997</copyright>
<metadata>
<codes class="bip:countries:1.0">
  <code code="UK">
    <editdetail attribution="Reuters BIP Coding Group" action="confirmed" date="1997-07-12"/>
  </code>
</codes>
<codes class="bip:topics:1.0">
  <code code="GCAT">
    <editdetail attribution="Reuters BIP Coding Group" action="confirmed" date="1997-07-12"/>
  </code>
  <code code="GSPO">
    <editdetail attribution="Reuters BIP Coding Group" action="confirmed" date="1997-07-12"/>
  </code>
</codes>
<dc element="dc.publisher" value="Reuters Holdings Plc"/>
<dc element="dc.date.published" value="1997-07-12"/>
<dc element="dc.source" value="Reuters"/>
<dc element="dc.creator.location.country.name" value="UK"/>
<dc element="dc.source" value="Reuters"/>
</metadata>
</newsitem>
