<?xml version="1.0" encoding="iso-8859-1" ?>
<newsitem itemid="724179" id="root" date="1997-07-12" xml:lang="en">
<title>AUSTRALIA: TENNIS-ELLWOOD UPSETS SERNA TO LEVEL TIE.</title>
<headline>TENNIS-ELLWOOD UPSETS SERNA TO LEVEL TIE.</headline>
<dateline>GOLD COAST 1997-07-12</dateline>
<text>
<p>Australia, without a player in the world's top 60, held 1995 winners Spain 1-1 after the first day of their Fed Cup World Group play-off on Saturday.</p>
<p>Australia number one Annabel Ellwood, ranked 66, beat Spain's Maria Luisa Serna 6-4 6-2 to level the tie on the hardcourts at the Hope Island resort in Queensland.</p>
<p>World number eight Arantxa Sanchez Vicario earlier thrashed Rachel McQuillan, ranked 106, 6-2 6-1 to put the visitors ahead after the opening rubber.</p>
<p>The winner of the tie, to be completed on Sunday with the doubles and the reverse singles, will play in the eight-nation elite World Group next season.</p>
<p>Serna, who is ranked 22 places above Ellwood, appeared to lose her composure after questioning a line call late in the first set.</p>
<p>After the match, Serna said the decision may have affected her concentration in the second set.</p>
<p>&quot;It hurts a little bit,&quot; Serna said later about her defeat.</p>
<p>Ellwood, whose performance was described as a &quot;terrific job&quot; by team captain Liz Smylie, said her opponent's apparent distress was an increasingly important factor in the match.</p>
<p>&quot;I thought in the second set she gave me a few extra free points maybe because she was a little bit on edge,&quot; Ellwood said.</p>
<p>Smylie said of Ellwood: &quot;With Australia one-nil down in the tie, all the pressure was there and she just handled it perfectly.&quot;</p>
<p>Spain, winners of the Cup four times in the past six years, were weakened by the absence of former Wimbledon champion Conchita Martinez, who opted to miss the tie.</p>
<p>Sanchez Vicario will team up with Serna in the doubles on Sunday against Australia's McQuillan and Kristine Kunce.</p>
</text>
<copyright>(c) Reuters Limited 1997</copyright>
<metadata>
<codes class="bip:countries:1.0">
  <code code="AUSTR">
    <editdetail attribution="Reuters BIP Coding Group" action="confirmed" date="1997-07-12"/>
  </code>
  <code code="SPAIN">
    <editdetail attribution="Reuters BIP Coding Group" action="confirmed" date="1997-07-12"/>
  </code>
</codes>
<codes class="bip:topics:1.0">
  <code code="GCAT">
    <editdetail attribution="Reuters BIP Coding Group" action="confirmed" date="1997-07-12"/>
  </code>
  <code code="GSPO">
    <editdetail attribution="Reuters BIP Coding Group" action="confirmed" date="1997-07-12"/>
  </code>
</codes>
<dc element="dc.date.created" value="1997-07-12"/>
<dc element="dc.publisher" value="Reuters Holdings Plc"/>
<dc element="dc.date.published" value="1997-07-12"/>
<dc element="dc.source" value="Reuters"/>
<dc element="dc.creator.location" value="GOLD COAST"/>
<dc element="dc.creator.location.country.name" value="AUSTRALIA"/>
<dc element="dc.source" value="Reuters"/>
</metadata>
</newsitem>
