<?xml version="1.0" encoding="iso-8859-1" ?>
<newsitem itemid="724160" id="root" date="1997-07-12" xml:lang="en">
<title>MALAYSIA: BADMINTON-CHRISTENSEN AIMS FOR REPEAT DANISH WIN.</title>
<headline>BADMINTON-CHRISTENSEN AIMS FOR REPEAT DANISH WIN.</headline>
<dateline>KOTA KINABALU, Malaysia 1997-07-12</dateline>
<text>
<p>Malaysian Open finalist Peter Gade Christensen said on Saturday he intended to emulate his mentor, fellow Dane Morton Frost Hansen -- the only European to have won the title.</p>
<p>&quot;This title means a lot to me and I rate it equivalent to the world title,&quot; said a jubilant Christensen, who won the Taiwan Open this year.</p>
<p>The sole European in the last four of the singles, Christensen outclassed Indonesian Budi Santoso 15-1 15-7 in the semifinals. He will face another Indonesian, Hermawan Susanto, who beat the world champion and top-seeded compatriot Joko Suprianto 15-11 15-2.</p>
<p>The women's final features the world's two top players, top-seeded Ye Zhaoying of China and second-seeded Susi Susanti of Indonesia.</p>
<p>Susanti beat third-seeded Dai Yun of China in three games, while Ye overcame compatriot Zhou Mi 11-3 11-5 in the semifinals.</p>
</text>
<copyright>(c) Reuters Limited 1997</copyright>
<metadata>
<codes class="bip:countries:1.0">
  <code code="DEN">
    <editdetail attribution="Reuters BIP Coding Group" action="confirmed" date="1997-07-12"/>
  </code>
  <code code="MALAY">
    <editdetail attribution="Reuters BIP Coding Group" action="confirmed" date="1997-07-12"/>
  </code>
</codes>
<codes class="bip:topics:1.0">
  <code code="GCAT">
    <editdetail attribution="Reuters BIP Coding Group" action="confirmed" date="1997-07-12"/>
  </code>
  <code code="GSPO">
    <editdetail attribution="Reuters BIP Coding Group" action="confirmed" date="1997-07-12"/>
  </code>
</codes>
<dc element="dc.date.created" value="1997-07-12"/>
<dc element="dc.publisher" value="Reuters Holdings Plc"/>
<dc element="dc.date.published" value="1997-07-12"/>
<dc element="dc.source" value="Reuters"/>
<dc element="dc.creator.location" value="KOTA KINABALU, Malaysia"/>
<dc element="dc.creator.location.country.name" value="MALAYSIA"/>
<dc element="dc.source" value="Reuters"/>
</metadata>
</newsitem>
