<?xml version="1.0" encoding="iso-8859-1" ?>
<newsitem itemid="724186" id="root" date="1997-07-12" xml:lang="en">
<title>USA: TENNIS-STEVEN SHOCKS WOODFORDE IN HALL OF FAME QUARTERS.</title>
<headline>TENNIS-STEVEN SHOCKS WOODFORDE IN HALL OF FAME QUARTERS.</headline>
<dateline>NEWPORT, Rhode Island 1997-07-11</dateline>
<text>
<p>Eighth seed Brett Steven of New Zealand recorded the first &quot;double bagel&quot; on the ATP Tour this year, crushing second seed Mark Woodforde of Australia 6-0 6-0 Friday to reach the semifinals of the $255,000 Hall of Fame Tennis Championships.</p>
<p>The 28-year-old Steven, ranked 90th in the world, needed just 54 minutes to dispose of Woodforde and earn the first whitewashing since Greg Rusedski swept past Carston Arriens last year in Sydney.</p>
<p>Steven will take on third seed Grant Stafford of South Africa, who rallied past unseeded American David Wheaton 4-6 6-3 6-2.</p>
<p>In the other semifinal matchup, which was set on Thursday, fifth seed Sargis Sargsian of Armenia will battle seventh seed Leander Paes of India.</p>
<p>First prize is $36,200.</p>
</text>
<copyright>(c) Reuters Limited 1997</copyright>
<metadata>
<codes class="bip:countries:1.0">
  <code code="USA">
    <editdetail attribution="Reuters BIP Coding Group" action="confirmed" date="1997-07-12"/>
  </code>
</codes>
<codes class="bip:topics:1.0">
  <code code="GCAT">
    <editdetail attribution="Reuters BIP Coding Group" action="confirmed" date="1997-07-12"/>
  </code>
  <code code="GSPO">
    <editdetail attribution="Reuters BIP Coding Group" action="confirmed" date="1997-07-12"/>
  </code>
</codes>
<dc element="dc.date.created" value="1997-07-11"/>
<dc element="dc.publisher" value="Reuters Holdings Plc"/>
<dc element="dc.date.published" value="1997-07-12"/>
<dc element="dc.source" value="Reuters"/>
<dc element="dc.creator.location" value="NEWPORT, Rhode Island"/>
<dc element="dc.creator.location.country.name" value="USA"/>
<dc element="dc.source" value="Reuters"/>
</metadata>
</newsitem>
