<?xml version="1.0" encoding="iso-8859-1" ?>
<newsitem itemid="724150" id="root" date="1997-07-12" xml:lang="en">
<title>UK: ATHLETICS-JARRETT INFLICTS ANOTHER DEFEAT ON JACKSON.</title>
<headline>ATHLETICS-JARRETT INFLICTS ANOTHER DEFEAT ON JACKSON.</headline>
<dateline>BIRMINGHAM, England 1997-07-12</dateline>
<text>
<p>Tony Jarrett scored what could prove to be a significant victory over his old rival Colin Jackson when he won the British 110 metres hurdles title at the world championship trials on Saturday.</p>
<p>Jarrett, 28, who has so often trailed home in 30-year-old Jackson's footsteps, led him across the line in 13.33 seconds with the world record holder second in 13.39.</p>
<p>The two guaranteed themselves their places in Britain's team for the world championships in Athens next month, but Jarrett, who has noe beaten Jarrett three times this season, clearly had more to be pleased about than Jackson, currently ranked only 20th in the world.</p>
<p>&quot;He got a good start as he usually does,&quot; said Jarrett, &quot;But I just kept him in my sights and reeled him in. I couldn't have done that a few years ago.&quot;</p>
<p>While Jarrett was pleased with his performance, sprinter Ian Mackie was delighted with his.</p>
<p>Mackie took over Linford Christie's 100 metres title in the absence of the 37-year-old grandfather who was not running in this meeting for the first time since the early 1980s.</p>
<p>Mackie, from Scotland, won in convincing style, clocking 10.28 seconds with Darren Campbell second in 10.29.</p>
<p>&quot;I'm looking forward to Athens and my goal is to get to the final there,&quot; he said, &quot;then to finish as high up in the final as I can.&quot;</p>
<p>Owain Chambers was third in 10.42 while Jason Livingston, hoping for a a place in Athens following his return from a drugs ban imposed at the 1992 Olympics, looks set to miss out after finishing fourth in 10.43.</p>
<p>The seemingly-ageless Tessa Sanderson, now 41, looks set to go to Athens 23 years after first appearing in a major competition -- the 1974 European Championships.</p>
<p>Sanderson, who competed at her sixth Olympics last summer, won the javelin with a throw of 58.30m having achieved the qualifying standard last year.</p>
<p>Earlier Kelly Holmes won the 800 metres and said she would double up at 800 and 1500 metres at the worlds.</p>
<p>&quot;The focus will be the 1500, but I most probably will enter the 800 if I am selected,&quot; said Holmes.</p>
<p>&quot;But until I've finished the 1500m final I won't even consider the 800.&quot;</p>
<p>Holmes, 27, an army sergeant until she quits the military life in October, hit the front 250 metres from the line after tucking in behind Hayley Parry for the first lap. She eventually sprinted clear to win in one minute 58.69 seconds, her eighth win of the season.</p>
<p>Sally Gunnell, the former Olympic and World 400 metres hurdles champion, cruised into Sunday's 400 hurdles final with an effortless and undemanding victory in 55.71 seconds.</p>
<p>She showed a vast improvement over last week's run in Oslo when she trailed in fifth in 55.53 seconds, more than two seconds behind winner Deon Hemmings.</p>
</text>
<copyright>(c) Reuters Limited 1997</copyright>
<metadata>
<codes class="bip:countries:1.0">
  <code code="UK">
    <editdetail attribution="Reuters BIP Coding Group" action="confirmed" date="1997-07-12"/>
  </code>
</codes>
<codes class="bip:topics:1.0">
  <code code="GCAT">
    <editdetail attribution="Reuters BIP Coding Group" action="confirmed" date="1997-07-12"/>
  </code>
  <code code="GSPO">
    <editdetail attribution="Reuters BIP Coding Group" action="confirmed" date="1997-07-12"/>
  </code>
</codes>
<dc element="dc.date.created" value="1997-07-12"/>
<dc element="dc.publisher" value="Reuters Holdings Plc"/>
<dc element="dc.date.published" value="1997-07-12"/>
<dc element="dc.source" value="Reuters"/>
<dc element="dc.creator.location" value="BIRMINGHAM, England"/>
<dc element="dc.creator.location.country.name" value="UK"/>
<dc element="dc.source" value="Reuters"/>
</metadata>
</newsitem>
