<?xml version="1.0" encoding="iso-8859-1" ?>
<newsitem itemid="724295" id="root" date="1997-07-12" xml:lang="en">
<title>CZECH REPUBLIC: Albright set for emotional visit to Prague.</title>
<headline>Albright set for emotional visit to Prague.</headline>
<byline>Nigel Stephenson</byline>
<dateline>PRAGUE 1997-07-12</dateline>
<text>
<p>U.S. Secretary of State Madeleine Albright, on a whirlwind tour of Eastern Europe, arrives in the Czech Republic on Sunday for what is bound to be an emotional visit to the land of her birth.</p>
<p>Albright, after stops in Poland, Slovenia, Russia and Lithuania, visits her birthplace Prague for the first time since becoming the highest ranking woman ever in the U.S. government.</p>
<p>Albright, who speaks Czech, is due to meet Czech Foreign Minister Josef Zieleniec to discuss NATO's invitation this week to the Czech Republic to join the alliance. She will also have a private dinner with President Vaclav Havel.</p>
<p>After this week's NATO summit in Madrid, Albright said she was pleased with the invitations to Poland and Hungary but the call to the Czech Republic had warmed her heart.</p>
<p>&quot;It makes me feel that I've been part of history,&quot; she said.</p>
<p>Zieleniec told a news conference on Friday Albright's visit would be an important stage in the process of negotiations towards NATO membership.</p>
<p>&quot;The Madrid summit...is the beginning of something new, a qualitatively different stage and I am glad that that period starts with the visit of the Secretary of State.</p>
<p>&quot;It will be very important in which way we formulate, in the course of her visit, the starting point for the political process of negotiations,&quot; Zieleniec said.</p>
<p>But beyond affairs of state, Albright's visit is a homecoming.</p>
<p>She still has a cousin in the Czech Republic but it was not clear whether they would meet.</p>
<p>However, she is scheduled to walk on Monday from the palatial Foreign Ministry, where her father, a Czechoslovak diplomat, used to work, to Prague Castle and will pass the house where she lived as a small girl.</p>
<p>Prague has long seen Albright as a strong supporter of Czech membership of NATO and as a powerful friend.</p>
<p>On Monday, she is to receive the Order of the White Lion, the highest Czech civilian honour.</p>
<p>Albright's family fled the former Czechoslovakia twice, once to escape the Nazis and then, in 1948, the communists.</p>
<p>Her father, Josef Korbel, was a diplomat who served with the World War Two government-in-exile in London and who later was given political asylum in the United States, where he settled with his family.</p>
<p>Revelations about Albright's origins caused a flurry in February when the Washington Post, researching her background, found she appeared to be of Jewish ancestry and that three of her grandparents had died in the Holocaust.</p>
<p>A White House spokesman said at the time that Albright had believed from an early age she was Roman Catholic and was only now coming to understand her heritage was Jewish.</p>
<p>She will also deliver a speech at Prague's art deco Municipal House, recently restored to its original splendour.</p>
<p>As an academic, Albright advised Havel, a former dissident playwright, after the 1989 &quot;Velvet Revolution&quot; which ended 40 years of communism in Czechoslovakia.</p>
<p>Later, as U.S. ambassador to the United Nations, she joined Havel in a smoky Prague jazz club to hear U.S. President Bill Clinton play the saxophone during a 1995 state visit.</p>
</text>
<copyright>(c) Reuters Limited 1997</copyright>
<metadata>
<codes class="bip:countries:1.0">
  <code code="CZREP">
    <editdetail attribution="Reuters BIP Coding Group" action="confirmed" date="1997-07-12"/>
  </code>
  <code code="LITH">
    <editdetail attribution="Reuters BIP Coding Group" action="confirmed" date="1997-07-12"/>
  </code>
  <code code="POL">
    <editdetail attribution="Reuters BIP Coding Group" action="confirmed" date="1997-07-12"/>
  </code>
  <code code="RUSS">
    <editdetail attribution="Reuters BIP Coding Group" action="confirmed" date="1997-07-12"/>
  </code>
  <code code="SLVNIA">
    <editdetail attribution="Reuters BIP Coding Group" action="confirmed" date="1997-07-12"/>
  </code>
  <code code="USA">
    <editdetail attribution="Reuters BIP Coding Group" action="confirmed" date="1997-07-12"/>
  </code>
</codes>
<codes class="bip:topics:1.0">
  <code code="GCAT">
    <editdetail attribution="Reuters BIP Coding Group" action="confirmed" date="1997-07-12"/>
  </code>
  <code code="GDIP">
    <editdetail attribution="Reuters BIP Coding Group" action="confirmed" date="1997-07-12"/>
  </code>
  <code code="GPOL">
    <editdetail attribution="Reuters BIP Coding Group" action="confirmed" date="1997-07-12"/>
  </code>
  <code code="GPRO">
    <editdetail attribution="Reuters BIP Coding Group" action="confirmed" date="1997-07-12"/>
  </code>
</codes>
<dc element="dc.date.created" value="1997-07-12"/>
<dc element="dc.publisher" value="Reuters Holdings Plc"/>
<dc element="dc.date.published" value="1997-07-12"/>
<dc element="dc.source" value="Reuters"/>
<dc element="dc.creator.location" value="PRAGUE"/>
<dc element="dc.creator.location.country.name" value="CZECH REPUBLIC"/>
<dc element="dc.source" value="Reuters"/>
</metadata>
</newsitem>
