<?xml version="1.0" encoding="iso-8859-1" ?>
<newsitem itemid="724285" id="root" date="1997-07-12" xml:lang="en">
<title>POLAND: Polish devaluation seen unchanged to Q4 - paper.</title>
<headline>Polish devaluation seen unchanged to Q4 - paper.</headline>
<dateline>WARSAW 1997-07-12</dateline>
<text>
<p>Poland's Finance Ministry sees the zloty's monthly devaluation rate staying unchanged until at least the end of the third quarter this year, Rzeczpospolita daily on Saturday quoted a ministry official as saying.</p>
<p>Witold Skrok told the newspaper the ministry's assumptions for next year's budget contained a forecast for exchange rate policy.</p>
<p>&quot;There we foresee that until the third quarter of this year inclusively the present currency policy will be implemented,&quot; said Skrok, deputy director of the ministry's Finance Policy and Analysis department.</p>
<p>&quot;In the fourth quarter of the year and the first half of 1998 the pace of the crawling peg devaluation would be lower,&quot; Skrok said.</p>
<p>The zloty is now devalued by one percent a month against a basket of five Western currencies to compensate for the still high inflation, at 14.6 percent in year-on-year terms in May.</p>
<p>On Thursday, Finance Minister Marek Belka told Reuters Poland was considering a slower pace of monthly zloty devaluations to help curb inflation, saying, &quot;We are starting to think about the decelerating of the crawl.&quot;</p>
<p>But he declined to state when this might happen.</p>
<p>The crawling devaluation, the rate of which is set by the independent National Bank of Poland, was last cut on January 8, 1996, by 0.2 point.</p>
<p>Rzeczpospolita quoted Witold Kozinski, the bank's deputy president, as saying that although the devaluation contributed to inflation, any change would have to be carefully considered.</p>
<p>&quot;We must weigh on the one hand the desire to counteract inflation, and on the other the need to restrain speculative capital and the growth of the trade deficit,&quot; Kozinski said.</p>
<p>&quot;This means there is a need to keep the rate of the devaluation at the monthly level of one percent,&quot; the paper quoted him as saying.</p>
<p>Poland's trade deficit is expected to grow to $12 billion this year or about 5-6 percent of GDP. The central bank has warned it could reach about 7-8 percent of GDP next year if Poland failed to tighten reins on booming investment and consumer demand to stem imports growth. -- Warsaw Newsroom +48 22 653 9700</p>
</text>
<copyright>(c) Reuters Limited 1997</copyright>
<metadata>
<codes class="bip:countries:1.0">
  <code code="POL">
    <editdetail attribution="Reuters BIP Coding Group" action="confirmed" date="1997-07-12"/>
  </code>
</codes>
<codes class="bip:topics:1.0">
  <code code="E12">
    <editdetail attribution="Reuters BIP Coding Group" action="confirmed" date="1997-07-12"/>
  </code>
  <code code="ECAT">
    <editdetail attribution="Reuters BIP Coding Group" action="confirmed" date="1997-07-12"/>
  </code>
  <code code="M13">
    <editdetail attribution="Reuters BIP Coding Group" action="confirmed" date="1997-07-12"/>
  </code>
  <code code="M132">
    <editdetail attribution="Reuters BIP Coding Group" action="confirmed" date="1997-07-12"/>
  </code>
  <code code="MCAT">
    <editdetail attribution="Reuters BIP Coding Group" action="confirmed" date="1997-07-12"/>
  </code>
</codes>
<dc element="dc.date.created" value="1997-07-12"/>
<dc element="dc.publisher" value="Reuters Holdings Plc"/>
<dc element="dc.date.published" value="1997-07-12"/>
<dc element="dc.source" value="Reuters"/>
<dc element="dc.creator.location" value="WARSAW"/>
<dc element="dc.creator.location.country.name" value="POLAND"/>
<dc element="dc.source" value="Reuters"/>
</metadata>
</newsitem>
