<?xml version="1.0" encoding="iso-8859-1" ?>
<newsitem itemid="724282" id="root" date="1997-07-12" xml:lang="en">
<title>HUNGARY: New NATO entrants to cooperate on fighter deals.</title>
<headline>New NATO entrants to cooperate on fighter deals.</headline>
<byline>Emese Bartha</byline>
<dateline>BUDAPEST 1997-07-12</dateline>
<text>
<p>Defence ministers of Hungary, Poland and the Czech Republic, the three states invited earlier this week to join NATO, agreed on Saturday to harmonise their future fighter procurement policies.</p>
<p>&quot;We have come to an agreement that we shall have  closer cooperation in terms of the development of armed forces, with special attention to procurement of fighter aircrafts,&quot; Hungarian Defence Minister Gyorgy Keleti told a news conference, held with his Czech and Polish counterparts.</p>
<p>Hungary wishes to replace its ageing fleet of 30 Soviet MiG-21s which fly alongside the country's 28 more modern MiG-29s, with the world's biggest planemakers lining up for an anticipated deal worth $1 billion.</p>
<p>The Czech Republic intends to buy a similar number of planes, while Poland needs up to 100 multi-purpose fighters.</p>
<p>However, Czech Defence Minister Miloslav Vyborny added that the three have not decided the types of aircraft they would purchase, saying this issue belonged to the competence of governments and parliaments as well.</p>
<p>&quot;It's a very complicated decision for the ministers of defence. It's also the problem of governments, parliaments,&quot; Vyborny said, adding that they have not fixed any time schedule either.</p>
<p>Keleti told U.S. Defence Secretary William Cohen, who visited Hungary this week, that it could take Hungary 10 years to upgrade its Soviet-style military to full NATO standards.</p>
<p>Keleti, Vyborny and their Polish counterpart, Stanislaw Dobrzanski, discussed the opportunities to further develop their cooperation in light of their invitation to join NATO.</p>
<p>Prime Ministers of Poland, Hungary and the Czech Republic will meet in the southern Polish city of Krakow on August 22 to discuss joint steps on both NATO and European Union integration ahead of accession talks.</p>
<p>Keleti said the three defence ministers, who signed a joint communique, also agreed to maintain cooperation with other eastern European states who do not figure in the first wave of NATO enlargement.</p>
<p>A NATO summit in Madrid this week reassured Slovenia, Romania and the Baltic States that they would be considered seriously in future expansions and pledged that all new democracies had the right to join the defence alliance.</p>
<p>The three defence ministers also agreed to meet in Prague three months from now and in Warsaw three months after that, Keleti said.</p>
</text>
<copyright>(c) Reuters Limited 1997</copyright>
<metadata>
<codes class="bip:countries:1.0">
  <code code="CZREP">
    <editdetail attribution="Reuters BIP Coding Group" action="confirmed" date="1997-07-12"/>
  </code>
  <code code="HUNG">
    <editdetail attribution="Reuters BIP Coding Group" action="confirmed" date="1997-07-12"/>
  </code>
  <code code="NATO">
    <editdetail attribution="Reuters BIP Coding Group" action="confirmed" date="1997-07-12"/>
  </code>
  <code code="POL">
    <editdetail attribution="Reuters BIP Coding Group" action="confirmed" date="1997-07-12"/>
  </code>
</codes>
<codes class="bip:industries:1.0">
  <code code="I36400">
    <editdetail attribution="Reuters BIP Coding Group" action="confirmed" date="1997-07-12"/>
  </code>
  <code code="I3640047">
    <editdetail attribution="Reuters BIP Coding Group" action="confirmed" date="1997-07-12"/>
  </code>
</codes>
<codes class="bip:topics:1.0">
  <code code="C33">
    <editdetail attribution="Reuters BIP Coding Group" action="confirmed" date="1997-07-12"/>
  </code>
  <code code="C331">
    <editdetail attribution="Reuters BIP Coding Group" action="confirmed" date="1997-07-12"/>
  </code>
  <code code="CCAT">
    <editdetail attribution="Reuters BIP Coding Group" action="confirmed" date="1997-07-12"/>
  </code>
  <code code="GCAT">
    <editdetail attribution="Reuters BIP Coding Group" action="confirmed" date="1997-07-12"/>
  </code>
  <code code="GDEF">
    <editdetail attribution="Reuters BIP Coding Group" action="confirmed" date="1997-07-12"/>
  </code>
  <code code="GDIP">
    <editdetail attribution="Reuters BIP Coding Group" action="confirmed" date="1997-07-12"/>
  </code>
</codes>
<dc element="dc.date.created" value="1997-07-12"/>
<dc element="dc.publisher" value="Reuters Holdings Plc"/>
<dc element="dc.date.published" value="1997-07-12"/>
<dc element="dc.source" value="Reuters"/>
<dc element="dc.creator.location" value="BUDAPEST"/>
<dc element="dc.creator.location.country.name" value="HUNGARY"/>
<dc element="dc.source" value="Reuters"/>
</metadata>
</newsitem>
