<?xml version="1.0" encoding="iso-8859-1" ?>
<newsitem itemid="724266" id="root" date="1997-07-12" xml:lang="en">
<title>POLAND: Historic Polish city threatened by C.Europe floods.</title>
<headline>Historic Polish city threatened by C.Europe floods.</headline>
<byline>Anthony Barker</byline>
<dateline>WARSAW 1997-07-12</dateline>
<text>
<p>Poles fought to save the historic centre of the city of Wroclaw on Saturday as raging river floodwaters drove tens of thousands more people from their homes in Poland and the neighbouring Czech Republic.</p>
<p>Volunteers built sandbag walls round Wroclaw's inner city as water poured over outer defences and rose in suburban streets, sending residents fleeing to upper floors to await rescue.</p>
<p>Priceless books and archives in the university library were being moved to safety in the city centre, which has a number of historic buildings.</p>
<p>PAP news agency reported provincial governor Bogdan Zdrojewski saying he plans to blast a gap in flood walls south of Wroclaw, a city of 650,000 people, to allow water to flood into the countryside and save the centre.</p>
<p>But it said he refused to tell reporters where or when this would happen. On Friday, anguished villagers in another location drove engineers away and dug out explosives from barriers to prevent their homes and farms being sacrificed.</p>
<p>The flood waters raged north along the Odra River from flooded southern Poland to threaten Wroclaw with flooding that has hit some 50 Polish towns and 300 villages.</p>
<p>The region's worst flooding this century has taken more than 50 lives in Poland and the Czech Republic and 3,500 sq km (2,170 sq miles) of Poland now lie under flood water.</p>
<p>The floods, caused by downpours earlier this week, have taken at least 26 lives in Poland, police said.</p>
<p>Thousands have been evacuated from scores of towns and hundreds of villages, leaving deserted, flooded streets.</p>
<p>Surging floodwaters drove thousands more villagers in the eastern Czech Republic from their homes on Saturday as officials put the confirmed death toll there at 26.</p>
<p>Some 10,000 people were evacuated from nine villages in the Uherske Hradiste region, close to the Slovak border.</p>
<p>About 600 patients, including mothers with newborn babies, were moved from the Uherske Hradiste hospital in an operation involving 1,000 rescue workers, local flood committee spokesman Jaroslav Hrabec said.</p>
<p>The flood commission said 26 people had lost their lives so far, the Czech CTK news agency reported. Three others are missing, it quoted a crisis centre spokeswoman as saying.</p>
<p>In Wroclaw, Poland, Ludwik Ryng, a spokesman for the governor, told Reuters: &quot;The situation is getting worse.</p>
<p>&quot;We are waiting for the crisis to break one way or the other during the night....we are optimistic -- the way Wroclaw people mobilised themselves is most impressive,&quot; he said.</p>
<p>Polish Prime Minister Wlodzimierz Cimoszewicz has called the flooding the region's worst natural disaster in centuries.</p>
<p>Reuter photographer Pawel Kopczynski said teams of emergency services and volunteers were frantically laying sandbags to protect the low-lying island where some of Wroclaw's most valuable old buildings stand.</p>
<p>By evening Kopczynski reported similar scenes in some inner city streets of Wroclaw, which until borders changed in 1945 was the German city Breslau.</p>
<p>PAP quoted Interior Minister Leszek Miller as saying that a government reconstruction plan for the affected regions, now being drafted, would cost at least $1 billion.</p>
<p>Miller said Poland would have to amend this year's budget, make provisions in the 1998 one and borrow from the World Bank or other international institutions.</p>
<p>Prime Minister Cimoszewicz had said on Friday that changing the current budget, which would mean recalling parliament from recess, was not necessary for now as the government was able to raise $200 million for relief and reconstruction.</p>
<p>Even as waters receded in southern areas and evacuees returned to devastation, dead animals and the risk of disease, the surge advanced mercilessly along the Odra and the Wisla.</p>
<p>Warsaw declared a flood alert although the Wisla tide was not expected to spill over when it hit the capital on Monday.</p>
<p>German Foreign Minister Klaus Kinkel said Bonn had made 400,000 marks ($224,000) available to help Poland and a convoy was setting out to take emergency equipment. -- Warsaw Newsroom +48 22 653 9700</p>
</text>
<copyright>(c) Reuters Limited 1997</copyright>
<metadata>
<codes class="bip:countries:1.0">
  <code code="CZREP">
    <editdetail attribution="Reuters BIP Coding Group" action="confirmed" date="1997-07-12"/>
  </code>
  <code code="POL">
    <editdetail attribution="Reuters BIP Coding Group" action="confirmed" date="1997-07-12"/>
  </code>
</codes>
<codes class="bip:topics:1.0">
  <code code="GCAT">
    <editdetail attribution="Reuters BIP Coding Group" action="confirmed" date="1997-07-12"/>
  </code>
  <code code="GDIS">
    <editdetail attribution="Reuters BIP Coding Group" action="confirmed" date="1997-07-12"/>
  </code>
  <code code="GENV">
    <editdetail attribution="Reuters BIP Coding Group" action="confirmed" date="1997-07-12"/>
  </code>
</codes>
<dc element="dc.date.created" value="1997-07-12"/>
<dc element="dc.publisher" value="Reuters Holdings Plc"/>
<dc element="dc.date.published" value="1997-07-12"/>
<dc element="dc.source" value="Reuters"/>
<dc element="dc.creator.location" value="WARSAW"/>
<dc element="dc.creator.location.country.name" value="POLAND"/>
<dc element="dc.source" value="Reuters"/>
</metadata>
</newsitem>
