<?xml version="1.0" encoding="iso-8859-1" ?>
<newsitem itemid="724217" id="root" date="1997-07-12" xml:lang="en">
<title>USA: NHL ICE HOCKEY-AVALANCHE SIGN JARI KURRI.</title>
<headline>NHL ICE HOCKEY-AVALANCHE SIGN JARI KURRI.</headline>
<dateline>DENVER, Colorado 1997-07-11</dateline>
<text>
<p>Finnish right wing Jari Kurri, the highest-scoring European player in National Hockey League history, signed with the Colorado Avalanche Friday. Terms were not disclosed.</p>
<p>The 37-year-old Kurri, who was a free agent, is eighth all-time with 596 career goals and has 1,376 points over 1,181 games in his 16-year NHL career.</p>
<p>The six-time All-Star was a member of all five of the Edmonton Oilers' Stanley Cup championship teams and is the third leading all-time playoff scorer with 233 points on 106 goals and 127 assists.</p>
<p>Kurri is no longer among the league's top scorers but remains one of the best penalty killers and will be used by Colorado to replace departed right wing Mike Keane, who signed a free agent deal with the New York Rangers earlier in the week.</p>
<p>Kurri played all 82 games for the Mighty Ducks of Anaheim last season and had 13 goals and 22 assists. He had one goal and two assists in 11 playoff games.</p>
<p>Playing with superstar centre Wayne Gretzky for most of his 10 seasons in Edmonton, Kurri scored 474 goals for the Oilers. He played one year with Milan in the Italian League before joining the Los Angeles Kings in 1991-92.</p>
<p>Kurri played parts of five seasons with the Kings before being traded to the New York Rangers in 1996. He was signed as a free agent by Anaheim last August.</p>
</text>
<copyright>(c) Reuters Limited 1997</copyright>
<metadata>
<codes class="bip:countries:1.0">
  <code code="USA">
    <editdetail attribution="Reuters BIP Coding Group" action="confirmed" date="1997-07-12"/>
  </code>
</codes>
<codes class="bip:topics:1.0">
  <code code="GCAT">
    <editdetail attribution="Reuters BIP Coding Group" action="confirmed" date="1997-07-12"/>
  </code>
  <code code="GSPO">
    <editdetail attribution="Reuters BIP Coding Group" action="confirmed" date="1997-07-12"/>
  </code>
</codes>
<dc element="dc.date.created" value="1997-07-11"/>
<dc element="dc.publisher" value="Reuters Holdings Plc"/>
<dc element="dc.date.published" value="1997-07-12"/>
<dc element="dc.source" value="Reuters"/>
<dc element="dc.creator.location" value="DENVER, Colorado"/>
<dc element="dc.creator.location.country.name" value="USA"/>
<dc element="dc.source" value="Reuters"/>
</metadata>
</newsitem>
