<?xml version="1.0" encoding="iso-8859-1" ?>
<newsitem itemid="724229" id="root" date="1997-07-12" xml:lang="en">
<title>SPAIN: SOCCER-HESP BECOMES BARCELONA'S FOURTH GOALKEEPER.</title>
<headline>SOCCER-HESP BECOMES BARCELONA'S FOURTH GOALKEEPER.</headline>
<dateline>MADRID 1997-07-12</dateline>
<text>
<p>Barcelona have signed Dutch goalkeeper Ruud Hesp, Spanish newspapers reported on Saturday.</p>
<p>Hesp, 31, was the Netherlands' third choice 'keeper at last year's European championship.</p>
<p>Barcelona are reported to have signed Hesp from Dutch Cup-winners Roda JC on a three-year contract but no details were given about the transfer fee.</p>
<p>He is the first signing directly initiated by new coach Louis Van Gaal and will become the Catalan club's fourth goalkeeper.</p>
<p>Hesp is looking to oust Portuguese international Vitor Baia as the first-choice man between the posts.</p>
<p>Barcelona also have former Spanish international Julen Lopetegi and Carlos Busquets in their senior squad but Lopetegi, 31, has already indicated that he wants to leave and a move to Celta Vigo has been rumoured.</p>
</text>
<copyright>(c) Reuters Limited 1997</copyright>
<metadata>
<codes class="bip:countries:1.0">
  <code code="NETH">
    <editdetail attribution="Reuters BIP Coding Group" action="confirmed" date="1997-07-12"/>
  </code>
  <code code="SPAIN">
    <editdetail attribution="Reuters BIP Coding Group" action="confirmed" date="1997-07-12"/>
  </code>
</codes>
<codes class="bip:topics:1.0">
  <code code="GCAT">
    <editdetail attribution="Reuters BIP Coding Group" action="confirmed" date="1997-07-12"/>
  </code>
  <code code="GSPO">
    <editdetail attribution="Reuters BIP Coding Group" action="confirmed" date="1997-07-12"/>
  </code>
</codes>
<dc element="dc.date.created" value="1997-07-12"/>
<dc element="dc.publisher" value="Reuters Holdings Plc"/>
<dc element="dc.date.published" value="1997-07-12"/>
<dc element="dc.source" value="Reuters"/>
<dc element="dc.creator.location" value="MADRID"/>
<dc element="dc.creator.location.country.name" value="SPAIN"/>
<dc element="dc.source" value="Reuters"/>
</metadata>
</newsitem>
