<?xml version="1.0" encoding="iso-8859-1" ?>
<newsitem itemid="724205" id="root" date="1997-07-12" xml:lang="en">
<title>NAMIBIA: SOCCER-CAMEROON BEAT NAMIBIA 1-0 IN AFRICAN NATIONS CUP.</title>
<headline>SOCCER-CAMEROON BEAT NAMIBIA 1-0 IN AFRICAN NATIONS CUP.</headline>
<dateline>WINDHOEK 1997-07-12</dateline>
<text>
<p>Result of an African Nations</p>
<p>Cup group five qualifier on Saturday:</p>
<p>Namibia 0 Cameroon 1 (halftime 0-1)</p>
<p>Scorer: Joseph Tchango 69</p>
<p>Attendance: 10,000</p>
<p>Standings  P  W  D  L  F  A PTS</p>
<p> Cameroon    5  2  3  0  7  2  9</p>
<p> Namibia     5  2  1  2  3  6  7</p>
<p> Kenya	 4  1  1  2  1  2  4</p>
<p> Gabon	 4  0  3  1  3  4  3</p>
</text>
<copyright>(c) Reuters Limited 1997</copyright>
<metadata>
<codes class="bip:countries:1.0">
  <code code="CAMER">
    <editdetail attribution="Reuters BIP Coding Group" action="confirmed" date="1997-07-12"/>
  </code>
  <code code="GABON">
    <editdetail attribution="Reuters BIP Coding Group" action="confirmed" date="1997-07-12"/>
  </code>
  <code code="KENYA">
    <editdetail attribution="Reuters BIP Coding Group" action="confirmed" date="1997-07-12"/>
  </code>
  <code code="NAMIB">
    <editdetail attribution="Reuters BIP Coding Group" action="confirmed" date="1997-07-12"/>
  </code>
</codes>
<codes class="bip:topics:1.0">
  <code code="GCAT">
    <editdetail attribution="Reuters BIP Coding Group" action="confirmed" date="1997-07-12"/>
  </code>
  <code code="GSPO">
    <editdetail attribution="Reuters BIP Coding Group" action="confirmed" date="1997-07-12"/>
  </code>
</codes>
<dc element="dc.date.created" value="1997-07-12"/>
<dc element="dc.publisher" value="Reuters Holdings Plc"/>
<dc element="dc.date.published" value="1997-07-12"/>
<dc element="dc.source" value="Reuters"/>
<dc element="dc.creator.location" value="WINDHOEK"/>
<dc element="dc.creator.location.country.name" value="NAMIBIA"/>
<dc element="dc.source" value="Reuters"/>
</metadata>
</newsitem>
