<?xml version="1.0" encoding="iso-8859-1" ?>
<newsitem itemid="724233" id="root" date="1997-07-12" xml:lang="en">
<title>POLAND: POLISH FLOODS HIT MAJOR HISTORIC CITY WROCLAW.</title>
<headline>POLISH FLOODS HIT MAJOR HISTORIC CITY WROCLAW.</headline>
<byline>Anthony Barker</byline>
<dateline>WARSAW 1997-07-12</dateline>
<text>
<p>A surge of high water raging north along the Odra River from flooded southern Poland swamped suburbs of Wroclaw on Saturday and menaced the historic city centre.</p>
<p>A local government spokesman said authorities were deciding to blow breaches in flood walls south of the city to free some water into the countryside and save the centre from the horror endured by some 50 Polish towns and 300 villages.</p>
<p>The floods caused by heavy rains throughout much of this week have taken at least 26 lives, police said.</p>
<p>Tens of thousands of people have been evacuated, leaving eerily deserted villages to resemble tragic parodies of Venice.</p>
<p>&quot;A decision is being taken to breach barriers to divert water eastward into the Widawa valley...to prevent a thorough flooding of the city,&quot; spokesman Ludwik Ryng told Reuters.</p>
<p>The choice was tough after anguished local villagers on Friday drove engineers away and dug out explosives from flood barriers to prevent their homes and farms being sacrificed.</p>
<p>In communities just upstream of Wroclaw, water poured over defences and quickly reached the first storey of buildings, sending residents to upper floors or rooftops to await rescue.</p>
<p>Reuter photographer Pawel Kopczynski, on the scene, said waters in central Wroclaw almost touched the bridges and teams of workers were frantically laying sandbags to protect the low-lying Tumski island with its valuable old buildings.</p>
<p>Precious books and archives were being hastily removed from a university library there, amid intermittent rain.</p>
<p>In the suburban community of Korzanow the fast, filthy waters were lapping at the base of 10 storey apartment blocs.</p>
<p>&quot;The water took only half an hour to sweep in and now in places it is one or even two metres deep,&quot; Kopczynski said.</p>
<p>The city of Opole, further south, on Friday gave a terrifying foretaste of the fate that could await the 650,000 people of Wroclaw, when the waters coursed right into the centre and people took refuge in high-rise buildings.</p>
<p>Many citizens and nearby villagers had disregarded warnings to leave their homes in advance, for fear of looters or from a desire to stay with everything they held dear, and some had to be coaxed by rescuers into boats after the floods arrived.</p>
<p>&quot;Above all, the old people are terrified climbing into the precarious little boats...many people didn't want to leave their houses until the last moment,&quot; Kopczynski reported from Wroclaw, known in German as Breslau.</p>
<p>By Friday 3,500 sq km (2,170 sq miles) of Poland lay under water owing to the floods, which have also ravaged swathes of the Czech Republic, taking more than 30 lives there.</p>
<p>But even as waters began receded in southern areas the surge advanced mercilessly along the Odra and the Wisla -- causing the capital Warsaw to declare a flood alert.</p>
<p>Although official forecasts said the tide was unlikely to spill over when it hit Warsaw early on Monday, riverside districts were taking no chances and the zoo by the Wisla was making emergency preparations to safeguard its animals.</p>
<p>Prime Minister Wlodzimierz Cimoszewicz said on Friday that helping victims rebuild their lives was his cabinet's priority, adding that their needs would be reflected in the 1998 budget.</p>
<p>He said the government was considering borrowing abroad to help victims and was in talks with the World Bank on a loan.</p>
<p>The floods could hurt his ruling Democratic Left Alliance (SLD) of ex-communists, facing a close fight against rightists led by the Solidarity union in September 21 general elections.</p>
<p>Opposition critics accuse the government of doing too little, too late -- charges the prime minister rejects.</p>
<p>Zbigniew Sobotka, head of the cabinet crisis committee, told a news conference it had accepted offers of aid from German, France and Japan, PAP news agency reported. -- Warsaw Newsroom +48 22 653 9700</p>
</text>
<copyright>(c) Reuters Limited 1997</copyright>
<metadata>
<codes class="bip:countries:1.0">
  <code code="POL">
    <editdetail attribution="Reuters BIP Coding Group" action="confirmed" date="1997-07-12"/>
  </code>
</codes>
<codes class="bip:topics:1.0">
  <code code="GCAT">
    <editdetail attribution="Reuters BIP Coding Group" action="confirmed" date="1997-07-12"/>
  </code>
  <code code="GDIS">
    <editdetail attribution="Reuters BIP Coding Group" action="confirmed" date="1997-07-12"/>
  </code>
  <code code="GENV">
    <editdetail attribution="Reuters BIP Coding Group" action="confirmed" date="1997-07-12"/>
  </code>
</codes>
<dc element="dc.date.created" value="1997-07-12"/>
<dc element="dc.publisher" value="Reuters Holdings Plc"/>
<dc element="dc.date.published" value="1997-07-12"/>
<dc element="dc.source" value="Reuters"/>
<dc element="dc.creator.location" value="WARSAW"/>
<dc element="dc.creator.location.country.name" value="POLAND"/>
<dc element="dc.source" value="Reuters"/>
</metadata>
</newsitem>
