<?xml version="1.0" encoding="iso-8859-1" ?>
<newsitem itemid="724242" id="root" date="1997-07-12" xml:lang="en">
<title>UK: UK to have twice yearly car plate change - paper.</title>
<headline>UK to have twice yearly car plate change - paper.</headline>
<dateline>LONDON 1996-07-13</dateline>
<text>
<p>Britain is to scrap its annual change in car number plates and will replace the system with a twice-yearly launch of new registrations, the Sunday Times newspaper said.</p>
<p>The paper said the change will be announced later this month by the new Labour government. It would end the traditional rush in August for new registration plates which critics claim distorts the market and increases costs.</p>
<p>At present British number plates begin with a letter of the alphabet which changes every August.</p>
</text>
<copyright>(c) Reuters Limited 1997</copyright>
<metadata>
<codes class="bip:countries:1.0">
  <code code="UK">
    <editdetail attribution="Reuters BIP Coding Group" action="confirmed" date="1997-07-12"/>
  </code>
</codes>
<codes class="bip:industries:1.0">
  <code code="I35101">
    <editdetail attribution="Reuters BIP Coding Group" action="confirmed" date="1997-07-12"/>
  </code>
</codes>
<codes class="bip:topics:1.0">
  <code code="C13">
    <editdetail attribution="Reuters BIP Coding Group" action="confirmed" date="1997-07-12"/>
  </code>
  <code code="CCAT">
    <editdetail attribution="Reuters BIP Coding Group" action="confirmed" date="1997-07-12"/>
  </code>
</codes>
<dc element="dc.date.created" value="1996-07-13"/>
<dc element="dc.publisher" value="Reuters Holdings Plc"/>
<dc element="dc.date.published" value="1997-07-12"/>
<dc element="dc.source" value="Reuters"/>
<dc element="dc.creator.location" value="LONDON"/>
<dc element="dc.creator.location.country.name" value="UK"/>
<dc element="dc.source" value="Reuters"/>
</metadata>
</newsitem>
