<?xml version="1.0" encoding="iso-8859-1" ?>
<newsitem itemid="724278" id="root" date="1997-07-12" xml:lang="en">
<title>BULGARIA: US Defence Secretary Cohen in Bulgaria for talks.</title>
<headline>US Defence Secretary Cohen in Bulgaria for talks.</headline>
<dateline>SOFIA 1997-07-12</dateline>
<text>
<p>U.S. Defence Secretary William Cohen arrived in Bulgaria on Saturday night for talks on European security and NATO with President Petar Stoyanov and other officials at the conclusion of a week-long trip.</p>
<p>Cohen, who flew to the Bulgarian capital Sofia from Ukraine, was greeted at the airport by Defence Minister Georgi Aniniev, who was named earlier this year as the first civilian to head what is still a Soviet-style and equipped military force.</p>
<p>Cohen will hold talks with Stoyanov and other officials on Sunday before flying home to Washington on Monday.</p>
<p>He earlier visited the Czech Republic and Spain.</p>
<p>U.S. officials told reporters travelling with the defence secretary that he would discuss Bulgaria's expressed hope to join NATO and urge the reformist government to pursue recent effective efforts at economic reform, which have dramatically slashed inflation in the small nation from nearly 500 percent to less than 15 percent.</p>
<p>Bulgaria, which during the Cold War was one of Moscow's closest allies, is an active member of NATO'S &quot;Partnership for Peace&quot; military cooperation programme.</p>
<p>The U.S. officials, who asked not to be identified, said Bulgaria still needs to sharply reduce its military and continue economic reforms. They said it was a key country in the Mediterranean region, sharing borders with Greece, Turkey, Macedonia, Romania and Serbia.</p>
</text>
<copyright>(c) Reuters Limited 1997</copyright>
<metadata>
<codes class="bip:countries:1.0">
  <code code="BUL">
    <editdetail attribution="Reuters BIP Coding Group" action="confirmed" date="1997-07-12"/>
  </code>
  <code code="NATO">
    <editdetail attribution="Reuters BIP Coding Group" action="confirmed" date="1997-07-12"/>
  </code>
  <code code="USA">
    <editdetail attribution="Reuters BIP Coding Group" action="confirmed" date="1997-07-12"/>
  </code>
</codes>
<codes class="bip:topics:1.0">
  <code code="GCAT">
    <editdetail attribution="Reuters BIP Coding Group" action="confirmed" date="1997-07-12"/>
  </code>
  <code code="GDEF">
    <editdetail attribution="Reuters BIP Coding Group" action="confirmed" date="1997-07-12"/>
  </code>
  <code code="GDIP">
    <editdetail attribution="Reuters BIP Coding Group" action="confirmed" date="1997-07-12"/>
  </code>
</codes>
<dc element="dc.date.created" value="1997-07-12"/>
<dc element="dc.publisher" value="Reuters Holdings Plc"/>
<dc element="dc.date.published" value="1997-07-12"/>
<dc element="dc.source" value="Reuters"/>
<dc element="dc.creator.location" value="SOFIA"/>
<dc element="dc.creator.location.country.name" value="BULGARIA"/>
<dc element="dc.source" value="Reuters"/>
</metadata>
</newsitem>
