<?xml version="1.0" encoding="iso-8859-1" ?>
<newsitem itemid="724203" id="root" date="1997-07-12" xml:lang="en">
<title>SOUTH AFRICA: RUGBY UNION-WINGER SMALL RECALLED BY SOUTH AFRICA.</title>
<headline>RUGBY UNION-WINGER SMALL RECALLED BY SOUTH AFRICA.</headline>
<dateline>JOHANNESBURG 1997-07-12</dateline>
<text>
<p>Winger James Small, who missed the final two tests against the British Lions because of injury, was named on Saturday in South Africa's squad for next weekend's Tri-Nations match against New Zealand.</p>
<p>Small was one of 10 backline players named by Springbok coach Carel du Plessis in a provisional 21-man squad to prepare for the match against the All Blacks at Ellis Park next Saturday.</p>
<p>Small suffered a groin strain in the first test against the Lions in Cape Town and has only recently recovered from the injury. He celebrated his return to match fitness with two tries in Western Province's 43-24 win over Northern Free State in the Currie Cup on Saturday.</p>
<p>Du Plessis said five more names would be added to his squad on Sunday night after he had watched the Currie Cup match between the Gauteng Lions and Mpumalanga.</p>
<p>Centre Japie Mulder (shoulder) and full-back Andre Joubert (groin) are still struggling with injury and are doubtful starters for the match against the All Blacks.</p>
<p>But lock Mark Andrew and flanker Ruben Kruger are expected to be among the five names announced on Sunday evening while the recall of World Cup centre Hennie le Roux has also been widely predicted.</p>
<p>Provisional South African squad:</p>
<p>Backs: Russell Bennett, Jannie de Beer, Henry Honiball, Percy Montgomery, Pieter Rossouw, Andre Snyman, James Small, Werner Swanepoel, Joost van der Westhuizen, Danie van Schalkwyk.</p>
<p>Forwards: James Dalton, Naka Drotske, Os du Randt, Johan Erasmus, Adrian Garvey, Krynauw Otto, Hannes Strydom, Gary Teichmann (captain), Dawie Theron, Fritz van Heerden, Andre Venter.</p>
</text>
<copyright>(c) Reuters Limited 1997</copyright>
<metadata>
<codes class="bip:countries:1.0">
  <code code="NZ">
    <editdetail attribution="Reuters BIP Coding Group" action="confirmed" date="1997-07-12"/>
  </code>
  <code code="SAFR">
    <editdetail attribution="Reuters BIP Coding Group" action="confirmed" date="1997-07-12"/>
  </code>
</codes>
<codes class="bip:topics:1.0">
  <code code="GCAT">
    <editdetail attribution="Reuters BIP Coding Group" action="confirmed" date="1997-07-12"/>
  </code>
  <code code="GSPO">
    <editdetail attribution="Reuters BIP Coding Group" action="confirmed" date="1997-07-12"/>
  </code>
</codes>
<dc element="dc.date.created" value="1997-07-12"/>
<dc element="dc.publisher" value="Reuters Holdings Plc"/>
<dc element="dc.date.published" value="1997-07-12"/>
<dc element="dc.source" value="Reuters"/>
<dc element="dc.creator.location" value="JOHANNESBURG"/>
<dc element="dc.creator.location.country.name" value="SOUTH AFRICA"/>
<dc element="dc.source" value="Reuters"/>
</metadata>
</newsitem>
