<?xml version="1.0" encoding="iso-8859-1" ?>
<newsitem itemid="724313" id="root" date="1997-07-12" xml:lang="en">
<title>CUBA: Cuba says Che Guevara's bones identified.</title>
<headline>Cuba says Che Guevara's bones identified.</headline>
<byline>Frances Kerry</byline>
<dateline>HAVANA 1997-07-12</dateline>
<text>
<p>The Cuban government said early on Saturday that a skeleton unearthed from a Bolivian mass grave a week ago has been identified as the last remains of the legendary leftist guerrilla Ernesto &quot;Che&quot; Guevara.</p>
<p>A government statement published by the ruling Communist Party newspaper Granma said Guevara's remains, along with those of three Cuban guerrilla comrades unearthed from the same spot by a team of Latin American experts, would be returned &quot;shortly&quot; to Cuba.</p>
<p>It did not indicate exactly when this might be.</p>
<p>The Argentine-born Guevara, one of Cuba's most revered heroes, was captured and shot in October 1967 while leading a small guerrilla uprising in the jungles of Bolivia.</p>
<p>Guevara, who served as President Fidel Castro's right-hand man during the rebel struggle that brought Castro to power in 1959, became an icon for a generation of leftists around the world.</p>
<p>The Granma statement, brief and solemn in tone, said the remains of Guevara and the three Cuban guerrillas would be received at a simple military ceremony at San Antonio de los Banos airforce base south of Havana.</p>
<p>It said the families of the dead guerrillas would attend the ceremony, along with representatives of the Communist Party, government and grass-roots organisations.</p>
<p>Guevara's closest surviving family are his Cuban widow Aleida March and four children, Aleyda, Camilo, Celia and Ernesto.</p>
<p>The statement said the guerrillas' remains would then be housed temporarily at the Armed Forces (Defense) Ministry in Havana.</p>
<p>They would be taken to a final resting place in a mausoleum to be built specially for the purpose in the square named after Guevara in the central town of Santa Clara, the statement said.</p>
<p>In October, Cubans would gather in Santa Clara to pay tribute to Guevara, to &quot;his worthy life and his example&quot;, said the statement.</p>
<p>Santa Clara was the scene of a decisive battle led by Guevara during the rebel struggle to topple former dictator Fulgencio Batista.</p>
<p>The Granma statement said that all seven sets of remains unearthed last week from the common grave near Vallegrande, a village 480 miles (775 km) southeast of La Paz, had been identified.</p>
<p>It named the guerrillas as Guevara, Cubans Alberto Fernandez Montes de Oca, Rene Martinez Tamayo and Orlando Pantoja Tamayo, Bolivians Anicelo Reinaga and Simon Cuba and Peruvian Juan Pablo Chang.</p>
<p>A Cuban forensic expert, Jorge Gonzalez, said late on Friday he was &quot;1,000 percent certain&quot; that Guevara's remains had been found.</p>
<p>Gonzalez and his colleagues had suspected from the outset they had Che's bones after finding a handless skeleton among seven unearthed in the mass grave. The Bolivian troops who executed Guevara cut off his hands.</p>
<p>The return of the remains will come in a year that Cuba has officially tagged the &quot;year of the 30th anniversary of the fall in battle of the Heroic Guerrilla and his comrades&quot;.</p>
<p>To this day, Cuban child &quot;pioneers&quot; vow that they will &quot;be like Che&quot;. A giant image of his face adorns the walls of a building overlooking Havana's Revolution Square, whose centrepiece is a memorial to independence hero Jose Marti.</p>
<p>Bolivia began the quest for Guevara's bones in December 1995, after retired Gen. Mario Vargas Salinas broke two decades of military silence to say he could identify the spot where he ordered the burial of the guerrillas. The search was repeatedly halted and resumed.</p>
</text>
<copyright>(c) Reuters Limited 1997</copyright>
<metadata>
<codes class="bip:countries:1.0">
  <code code="BOL">
    <editdetail attribution="Reuters BIP Coding Group" action="confirmed" date="1997-07-12"/>
  </code>
  <code code="CUBA">
    <editdetail attribution="Reuters BIP Coding Group" action="confirmed" date="1997-07-12"/>
  </code>
</codes>
<codes class="bip:topics:1.0">
  <code code="GCAT">
    <editdetail attribution="Reuters BIP Coding Group" action="confirmed" date="1997-07-12"/>
  </code>
  <code code="GPRO">
    <editdetail attribution="Reuters BIP Coding Group" action="confirmed" date="1997-07-12"/>
  </code>
</codes>
<dc element="dc.date.created" value="1997-07-12"/>
<dc element="dc.publisher" value="Reuters Holdings Plc"/>
<dc element="dc.date.published" value="1997-07-12"/>
<dc element="dc.source" value="Reuters"/>
<dc element="dc.creator.location" value="HAVANA"/>
<dc element="dc.creator.location.country.name" value="CUBA"/>
<dc element="dc.source" value="Reuters"/>
</metadata>
</newsitem>
