<?xml version="1.0" encoding="iso-8859-1" ?>
<newsitem itemid="724367" id="root" date="1997-07-12" xml:lang="en">
<title>ISRAEL: Israel wounds seven Palestinians in Hebron.</title>
<headline>Israel wounds seven Palestinians in Hebron.</headline>
<dateline>HEBRON, West Bank 1997-07-12</dateline>
<text>
<p>Israeli soldiers shot and wounded seven Palestinians during clashes on Saturday in the volatile West Bank town of Hebron, witnesses said.</p>
<p>They said masked youths attacked troops stationed inside an Arab school where copies of the Koran were found torn up earlier this week.</p>
<p>Witnesses said protesters hurled stones and dozens of fire bombs. Soldiers responded by firing rubber-coated metal bullets, wounding seven Palestinians, none seriously.</p>
<p>Witnesses said soldiers held back Jewish settlers who threw stones at the protesters.</p>
<p>In the West Bank city of Ramallah on Saturday about 1,000 Palestinians led by the speaker of the Palestinian Legislative Council Ahmed Korei demonstrated over the expansion of Jewish settlements.</p>
<p>Witnesses said protesters holding signs calling on the United States to &quot;stop supporting the Israeli occupation&quot; burned two Israeli flags.</p>
<p>&quot;This is a message to the Israelis to let them know there can be no peace with settlements and that the Palestinian people have other choices,&quot; Korei told Reuters.</p>
<p>Hebron has been a scene of almost daily unrest since right-wing Jews plastered storefronts with anti-Moslem posters depicting the Moslem Prophet Mohammad as a pig two weeks ago.</p>
<p>Religious feelings were further inflamed when Palestinians found that Yaacoubia school was ransacked and four copies of the Koran torn up. Palestinians charged Israeli soldiers desecrated the holy books but the Israeli army denied the charge.</p>
<p>Israel handed over most of Hebron, home to more than 100,000 Palestinians, to the PLO in January under a self-rule deal but kept troops behind to guard some 400 Jewish settlers living in the heart of the old city.</p>
</text>
<copyright>(c) Reuters Limited 1997</copyright>
<metadata>
<codes class="bip:countries:1.0">
  <code code="ISRAEL">
    <editdetail attribution="Reuters BIP Coding Group" action="confirmed" date="1997-07-12"/>
  </code>
</codes>
<codes class="bip:topics:1.0">
  <code code="GCAT">
    <editdetail attribution="Reuters BIP Coding Group" action="confirmed" date="1997-07-12"/>
  </code>
  <code code="GVIO">
    <editdetail attribution="Reuters BIP Coding Group" action="confirmed" date="1997-07-12"/>
  </code>
</codes>
<dc element="dc.date.created" value="1997-07-12"/>
<dc element="dc.publisher" value="Reuters Holdings Plc"/>
<dc element="dc.date.published" value="1997-07-12"/>
<dc element="dc.source" value="Reuters"/>
<dc element="dc.creator.location" value="HEBRON, West Bank"/>
<dc element="dc.creator.location.country.name" value="ISRAEL"/>
<dc element="dc.source" value="Reuters"/>
</metadata>
</newsitem>
