<?xml version="1.0" encoding="iso-8859-1" ?>
<newsitem itemid="724366" id="root" date="1997-07-12" xml:lang="en">
<title>TURKEY: Turkey's anti-Islamists clinch confidence vote.</title>
<headline>Turkey's anti-Islamists clinch confidence vote.</headline>
<dateline>ANKARA 1997-07-12</dateline>
<text>
<p>Turkish Prime Minister Mesut Yilmaz's anti-Islamist government won a confidence vote in parliament on Saturday by a vote of 280 to 256, according to unofficial results.</p>
<p>Two deputies abstained and about a dozen skipped the vote in the 550-seat legislature, in which Yilmaz and his allies needed a simple majority.</p>
<p>The vote confirmed a return to power for Turkey's secularists, after one year and one day under the modern republic's first Islamist government.</p>
</text>
<copyright>(c) Reuters Limited 1997</copyright>
<metadata>
<codes class="bip:countries:1.0">
  <code code="TURK">
    <editdetail attribution="Reuters BIP Coding Group" action="confirmed" date="1997-07-12"/>
  </code>
</codes>
<codes class="bip:topics:1.0">
  <code code="GCAT">
    <editdetail attribution="Reuters BIP Coding Group" action="confirmed" date="1997-07-12"/>
  </code>
  <code code="GPOL">
    <editdetail attribution="Reuters BIP Coding Group" action="confirmed" date="1997-07-12"/>
  </code>
</codes>
<dc element="dc.date.created" value="1997-07-12"/>
<dc element="dc.publisher" value="Reuters Holdings Plc"/>
<dc element="dc.date.published" value="1997-07-12"/>
<dc element="dc.source" value="Reuters"/>
<dc element="dc.creator.location" value="ANKARA"/>
<dc element="dc.creator.location.country.name" value="TURKEY"/>
<dc element="dc.source" value="Reuters"/>
</metadata>
</newsitem>
