<?xml version="1.0" encoding="iso-8859-1" ?>
<newsitem itemid="724324" id="root" date="1997-07-12" xml:lang="en">
<title>PHILIPPINES: Philippines devalues currency, IMF offers help.</title>
<headline>Philippines devalues currency, IMF offers help.</headline>
<byline>Jonathan Thatcher</byline>
<dateline>MANILA 1997-07-11</dateline>
<text>
<p>The Philippines on Friday unnerved currency markets in Asia after it caved in to unbearable pressure and effectively devalued the peso.</p>
<p>It became the second Asian country in two weeks to succumb to currency speculators. Thailand was forced into a de facto devaluation of the baht last week.</p>
<p>The Philippines peso tumbled 11.5 percent after the central bank announced it would allow the currency to move in a wider range to the dollar. Share prices saw their biggest one-day rise in some seven years.</p>
<p>The International Monetary Fund promised financing of over $600 million to support Manila's economic programme.</p>
<p>The peso slumped to 29.45 per dollar after the morning announcement, before the Bankers Association of the Philippines suspended trading for the day. The level was the weakest for the local unit in nearly four years.</p>
<p>The central bank's decision to loosen controls on the peso came after heavy speculative selling of the currency in the past two weeks and repeated denials by Philippine authorities that they were considering a devaluation.</p>
<p>Central bank intervention to fend off speculators rapidly ate up currency reserves and forced up interest rates to levels analysts said would hurt the economy.</p>
<p>However, Philippine shares responded to the peso's losses by soaring nearly seven percent after a four-day slide.</p>
<p>&quot;The whole pattern has been reversed and the public is back into equities. Unexpectedly, the market went boom. This just goes to show you that the market is not dead,&quot; said Irving Ackerman, president at I. Ackerman &amp; Co Inc.</p>
<p>President Fidel Ramos issued a statement backing the central bank's action, insisting it was not a devaluation.</p>
<p>He made no reference to his comments earlier in the week that &quot;outsiders&quot; were deliberately trying to undermine the peso.</p>
<p>&quot;This exchange rate action reaffirms the goverment's commitment to do whatever is necessary to sustain our economic growth, control inflation and generate employment through, among others, the protection of our international reserves,&quot; he said.</p>
<p>The move immediately won the praise of IMF Managing Director Michel Camdessus who said he would recommend the IMF board agree to make extra financial resources available.</p>
<p>A spokesperson said a package would be discussed soon. It would comprise $600 million not yet disbursed under an existing loan and &quot;additional financial resources&quot;.</p>
<p>The central bank, which hopes it has now put an end to speculation against its currency, said the lower peso should not damage the economy. It expected interest rates to ease.</p>
<p>It said the economy would not suffer, but admitted it could not afford to defend the peso much longer.</p>
<p>Some bankers estimate the bank has spent up to $2 billion, or about 17 percent of the reserves it had, to defend its currency from the spillover effect of Thailand's financial crisis.</p>
<p>The Philippine move shook the currency markets of its neighbours, helping send the Thai baht to a new low and rattling currency traders in Indonesia and Malaysia.</p>
<p>The IMF said it was not presently discussing a Thai support package although it was in close touch with the authorities in Bangkok.</p>
<p>The Philippine Bankers' Association invoked a rule not used in two years by which it does not recognise the effective devaluation.</p>
<p>Under its rules which govern peso trading among local banks, the rate cannot move more than 1-1/2 percent in either direction of a weighted average, calculated from the closing rate of the previous day.</p>
<p>Any trades outside that will not be officially recognised.</p>
<p>Reaction to the central bank move was mixed. Businesses welcomed the end to punitive interest rates, but some bankers said the central bank had lost all credibility.</p>
<p>&quot;They (the authorities) were very consistent in that they agreed to allow the peso to weaken on a gradual but orderly basis,&quot; said Jaime Panganiban, Bank of America head of treasury in Manila.</p>
<p>&quot;Today they destroyed that credibility. This will really be a big setback for this market in the eyes of the world.&quot;</p>
</text>
<copyright>(c) Reuters Limited 1997</copyright>
<metadata>
<codes class="bip:countries:1.0">
  <code code="PHLNS">
    <editdetail attribution="Reuters BIP Coding Group" action="confirmed" date="1997-07-12"/>
  </code>
</codes>
<codes class="bip:topics:1.0">
  <code code="E12">
    <editdetail attribution="Reuters BIP Coding Group" action="confirmed" date="1997-07-12"/>
  </code>
  <code code="E21">
    <editdetail attribution="Reuters BIP Coding Group" action="confirmed" date="1997-07-12"/>
  </code>
  <code code="E212">
    <editdetail attribution="Reuters BIP Coding Group" action="confirmed" date="1997-07-12"/>
  </code>
  <code code="ECAT">
    <editdetail attribution="Reuters BIP Coding Group" action="confirmed" date="1997-07-12"/>
  </code>
  <code code="M13">
    <editdetail attribution="Reuters BIP Coding Group" action="confirmed" date="1997-07-12"/>
  </code>
  <code code="M132">
    <editdetail attribution="Reuters BIP Coding Group" action="confirmed" date="1997-07-12"/>
  </code>
  <code code="MCAT">
    <editdetail attribution="Reuters BIP Coding Group" action="confirmed" date="1997-07-12"/>
  </code>
</codes>
<dc element="dc.date.created" value="1997-07-11"/>
<dc element="dc.publisher" value="Reuters Holdings Plc"/>
<dc element="dc.date.published" value="1997-07-12"/>
<dc element="dc.source" value="Reuters"/>
<dc element="dc.creator.location" value="MANILA"/>
<dc element="dc.creator.location.country.name" value="PHILIPPINES"/>
<dc element="dc.source" value="Reuters"/>
</metadata>
</newsitem>
