<?xml version="1.0" encoding="iso-8859-1" ?>
<newsitem itemid="724316" id="root" date="1997-07-12" xml:lang="en">
<title>MEXICO: Police, officials sentenced for Mexico massacre.</title>
<headline>Police, officials sentenced for Mexico massacre.</headline>
<dateline>COYUCA DE BENITEZ, Mexico 1997-07-11</dateline>
<text>
<p>A judge in the southwestern state of Guerrero on Friday sentenced 28 police officers to prison terms for their part in a massacre of 17 peasants more than two years ago.</p>
<p>The state Superior Court also fined and sentenced nine high-level government officials, including an ex-director of the state police, for their part in the incident.</p>
<p>The 17 peasants were killed in a massacre at Aguas Blancas in June 1995 by police officers who opened fire on dozens of peasants riding in the back of trucks.</p>
<p>The sentences for the condemned police officers ran from two years to 24 years in prison for murder, abuse of authority and bodily harm. The police officers also were fined a little more than $1,000.</p>
<p>Two of the former government officials also were charged with actions that did not conform with their public positions and had their prison terms extended to 26 1/2 years.</p>
<p>The attack outraged Mexicans as video footage showed police officers placing guns in the hands of their victims in an attempt to show the police had fired in self-defence.</p>
<p>Ruben Figeroa, then governor of the poor state, was later forced to resign over the incident.</p>
</text>
<copyright>(c) Reuters Limited 1997</copyright>
<metadata>
<codes class="bip:countries:1.0">
  <code code="MEX">
    <editdetail attribution="Reuters BIP Coding Group" action="confirmed" date="1997-07-12"/>
  </code>
</codes>
<codes class="bip:topics:1.0">
  <code code="GCAT">
    <editdetail attribution="Reuters BIP Coding Group" action="confirmed" date="1997-07-12"/>
  </code>
  <code code="GCRIM">
    <editdetail attribution="Reuters BIP Coding Group" action="confirmed" date="1997-07-12"/>
  </code>
  <code code="GVIO">
    <editdetail attribution="Reuters BIP Coding Group" action="confirmed" date="1997-07-12"/>
  </code>
</codes>
<dc element="dc.date.created" value="1997-07-11"/>
<dc element="dc.publisher" value="Reuters Holdings Plc"/>
<dc element="dc.date.published" value="1997-07-12"/>
<dc element="dc.source" value="Reuters"/>
<dc element="dc.creator.location" value="COYUCA DE BENITEZ, Mexico"/>
<dc element="dc.creator.location.country.name" value="MEXICO"/>
<dc element="dc.source" value="Reuters"/>
</metadata>
</newsitem>
