<?xml version="1.0" encoding="iso-8859-1" ?>
<newsitem itemid="724328" id="root" date="1997-07-12" xml:lang="en">
<title>PHILIPPINES: Philippines arrests another communist leader.</title>
<headline>Philippines arrests another communist leader.</headline>
<dateline>MANILA 1997-07-12</dateline>
<text>
<p>The Philippines has captured a top communist leader linked to the bombing of U.S. facilities in Manila, the second senior guerrilla arrested in the capital within a week, the military said on Saturday.</p>
<p>A military statement said the army had arrested Noel Gamalinda, suspected of having led the assassination of Colonel Saturnino Dumlao, a military intelligence officer, and of bombing attacks on the U.S. embassy compound and the U.S. library and culture centre in the 1980s.</p>
<p>Gamalinda was held on Friday afternoon at a railway terminal in suburban Pasay city in Manila, and is being held in military custody. No charges have been filed against him.</p>
<p>On Friday, the Philippine police announced the arrest of Joel Castillo, suspected head of the urban hit squad Alex Boncayao Brigade.</p>
<p>Castillo, who was arrested last weekend, is linked to the killing of several businessmen and a Singaporean boy in Manila.</p>
</text>
<copyright>(c) Reuters Limited 1997</copyright>
<metadata>
<codes class="bip:countries:1.0">
  <code code="PHLNS">
    <editdetail attribution="Reuters BIP Coding Group" action="confirmed" date="1997-07-12"/>
  </code>
  <code code="USA">
    <editdetail attribution="Reuters BIP Coding Group" action="confirmed" date="1997-07-12"/>
  </code>
</codes>
<codes class="bip:topics:1.0">
  <code code="GCAT">
    <editdetail attribution="Reuters BIP Coding Group" action="confirmed" date="1997-07-12"/>
  </code>
  <code code="GCRIM">
    <editdetail attribution="Reuters BIP Coding Group" action="confirmed" date="1997-07-12"/>
  </code>
  <code code="GVIO">
    <editdetail attribution="Reuters BIP Coding Group" action="confirmed" date="1997-07-12"/>
  </code>
</codes>
<dc element="dc.date.created" value="1997-07-12"/>
<dc element="dc.publisher" value="Reuters Holdings Plc"/>
<dc element="dc.date.published" value="1997-07-12"/>
<dc element="dc.source" value="Reuters"/>
<dc element="dc.creator.location" value="MANILA"/>
<dc element="dc.creator.location.country.name" value="PHILIPPINES"/>
<dc element="dc.source" value="Reuters"/>
</metadata>
</newsitem>
