<?xml version="1.0" encoding="iso-8859-1" ?>
<newsitem itemid="724327" id="root" date="1997-07-12" xml:lang="en">
<title>SINGAPORE: Business groups knock Singapore budget.</title>
<headline>Business groups knock Singapore budget.</headline>
<byline>Marguerita Choy</byline>
<dateline>SINGAPORE 1997-07-12</dateline>
<text>
<p>Business groups in Singapore said on Saturday they were critical of Singapore's budget for 1997/98.</p>
<p>&quot;The Singapore Confederation of Industries (SCI) is very disappointed that the budget did not address business call for a pro-business budget to improve our competitiveness in the current difficult environment,&quot; the group's president Robert Chua told Singapore newspapers.</p>
<p>Analysts had not expected any surprises in Friday's budget and viewed it more as an interim budget after it had been deferred from its usual February date due to the general elections in January.</p>
<p>But they did favour pro-business measures, such as a cut in corporate tax rates, to inject vigour into the slowing Singapore economy.</p>
<p>The growth rate of the state economy has slowed down to five to seven percent after years of double digit expansion.</p>
<p>In a &quot;Shenton Way budget&quot; favouring the financial sector, Finance Minister Richard Hu handed out several incentives for big league fund managers to use Singapore as their regional base, but left corporate tax rates unchanged at 26 percent.</p>
<p>&quot;The Chamber is disappointed the medium term target of 25 percent corporate tax rate has not yet been implemented even though budget surpluses continue to be substantial,&quot; the Singapore Chinese Chamber of Commerce and Industry said in a statement.</p>
<p>Singapore's budget surplus in fiscal 1997 is estimated at S$4.8 billion, Hu said.</p>
<p>&quot;Nothing was done to look at the competitiveness of manufacturing in Singapore,&quot; an research analyst at a European broking house said.</p>
<p>&quot;But reducing taxes won't really do anything except increase earnings and margins. But is not the real problem which is the high costs of rentals and labour,&quot; he said.</p>
<p>Late on Friday, the Singapore International Chamber of Commerce criticised the removal of a tax exemption on provident fund payments for foreigners.</p>
<p>&quot;The removal of the (Central Provident Fund) tax exemption for foreigners will make it increasingly difficult to attract the high quality foreign talent that is essential for regional HQ operations,&quot; the chamber said in a statement.</p>
<p>The net result would be companies increasing salary packages for that pool of talent, adding to operating costs and making the affected companies less competitive.</p>
<p>The chamber also said that while it was pleased Hu recognised business costs needed to be contained, it was somewhat disappointed no new incentives were announced to address the problem areas.</p>
<p>One analyst said, &quot;Singapore is pretty much a developed economy and it can't really do much but look ahead and at the higher value added financial services, and hope to pull away the funds from Hong Kong.&quot;</p>
<p>-- Singapore newsroom 65-8703080</p>
</text>
<copyright>(c) Reuters Limited 1997</copyright>
<metadata>
<codes class="bip:countries:1.0">
  <code code="SINGP">
    <editdetail attribution="Reuters BIP Coding Group" action="confirmed" date="1997-07-12"/>
  </code>
</codes>
<codes class="bip:topics:1.0">
  <code code="E21">
    <editdetail attribution="Reuters BIP Coding Group" action="confirmed" date="1997-07-12"/>
  </code>
  <code code="E211">
    <editdetail attribution="Reuters BIP Coding Group" action="confirmed" date="1997-07-12"/>
  </code>
  <code code="ECAT">
    <editdetail attribution="Reuters BIP Coding Group" action="confirmed" date="1997-07-12"/>
  </code>
</codes>
<dc element="dc.date.created" value="1997-07-12"/>
<dc element="dc.publisher" value="Reuters Holdings Plc"/>
<dc element="dc.date.published" value="1997-07-12"/>
<dc element="dc.source" value="Reuters"/>
<dc element="dc.creator.location" value="SINGAPORE"/>
<dc element="dc.creator.location.country.name" value="SINGAPORE"/>
<dc element="dc.source" value="Reuters"/>
</metadata>
</newsitem>
