<?xml version="1.0" encoding="iso-8859-1" ?>
<newsitem itemid="724377" id="root" date="1997-07-12" xml:lang="en">
<title>ABU DHABI: Abu Dhabi to offer free zone shares in two months.</title>
<headline>Abu Dhabi to offer free zone shares in two months.</headline>
<dateline>ABU DHABI 1997-07-12</dateline>
<text>
<p>Share ownership in Abu Dhabi's $3 billion trade zone to be built on the Gulf island of Saadiyat will be open to local and foreign investors within two months, the project's general manager said on Saturday.</p>
<p>&quot;Subscription to the al-Saadiyat Free Zone Management and Operating Co will open within two months,&quot; Mohammad al-Hosani told reporters on the sidelines of the United Arab Emirates (UAE) Forex Association quarterly meeting.</p>
<p>&quot;Subscription will be open to UAE citizens and foreigners, but trading will be restricted to centres and bourses designated by the free zone authority,&quot; he added without specifying the value of the issue or the level of foreign participation in the company's capital.</p>
<p>UAE media said earlier that Abu Dhabi will offer foreign investors up to 30 percent ownership in the free trade zone.</p>
<p>Abu Dhabi officials have said the new trade zone, east of Abu Dhabi city, will specialise in storage, transport and trading of commodities. The plan includes setting up trading floors and exchanges to deal in various stored goods.</p>
<p>&quot;Al-Saadiyat Free Zone will be one of the most sophisticated financial centres in the area,&quot; Hosani said.</p>
</text>
<copyright>(c) Reuters Limited 1997</copyright>
<metadata>
<codes class="bip:countries:1.0">
  <code code="UAE">
    <editdetail attribution="Reuters BIP Coding Group" action="confirmed" date="1997-07-12"/>
  </code>
</codes>
<codes class="bip:industries:1.0">
  <code code="I85000">
    <editdetail attribution="Reuters BIP Coding Group" action="confirmed" date="1997-07-12"/>
  </code>
</codes>
<codes class="bip:topics:1.0">
  <code code="C17">
    <editdetail attribution="Reuters BIP Coding Group" action="confirmed" date="1997-07-12"/>
  </code>
  <code code="C171">
    <editdetail attribution="Reuters BIP Coding Group" action="confirmed" date="1997-07-12"/>
  </code>
  <code code="CCAT">
    <editdetail attribution="Reuters BIP Coding Group" action="confirmed" date="1997-07-12"/>
  </code>
</codes>
<dc element="dc.date.created" value="1997-07-12"/>
<dc element="dc.publisher" value="Reuters Holdings Plc"/>
<dc element="dc.date.published" value="1997-07-12"/>
<dc element="dc.source" value="Reuters"/>
<dc element="dc.creator.location" value="ABU DHABI"/>
<dc element="dc.creator.location.country.name" value="ABU DHABI"/>
<dc element="dc.source" value="Reuters"/>
</metadata>
</newsitem>
