<?xml version="1.0" encoding="iso-8859-1" ?>
<newsitem itemid="724395" id="root" date="1997-07-12" xml:lang="en">
<title>EGYPT: Egypt police arrest blind car stereo thief.</title>
<headline>Egypt police arrest blind car stereo thief.</headline>
<dateline>CAIRO 1997-07-12</dateline>
<text>
<p>Egyptian police arrested a blind man who confessed to breaking into cars and stealing their stereos, the Akhbar al-Youm newspaper said on Saturday.</p>
<p>The newspaper said police nabbed the unnamed man after a car owner saw him drive his vehicle for a few kilometres, quickly pull out the stereo and then walk away.</p>
<p>Investigations showed the man had turned into a professional car stereo thief when he was blinded two years ago as a result of drinking cheap liquor.</p>
</text>
<copyright>(c) Reuters Limited 1997</copyright>
<metadata>
<codes class="bip:countries:1.0">
  <code code="EGYPT">
    <editdetail attribution="Reuters BIP Coding Group" action="confirmed" date="1997-07-12"/>
  </code>
</codes>
<codes class="bip:topics:1.0">
  <code code="GCAT">
    <editdetail attribution="Reuters BIP Coding Group" action="confirmed" date="1997-07-12"/>
  </code>
  <code code="GCRIM">
    <editdetail attribution="Reuters BIP Coding Group" action="confirmed" date="1997-07-12"/>
  </code>
</codes>
<dc element="dc.date.created" value="1997-07-12"/>
<dc element="dc.publisher" value="Reuters Holdings Plc"/>
<dc element="dc.date.published" value="1997-07-12"/>
<dc element="dc.source" value="Reuters"/>
<dc element="dc.creator.location" value="CAIRO"/>
<dc element="dc.creator.location.country.name" value="EGYPT"/>
<dc element="dc.source" value="Reuters"/>
</metadata>
</newsitem>
