<?xml version="1.0" encoding="iso-8859-1" ?>
<newsitem itemid="724312" id="root" date="1997-07-12" xml:lang="en">
<title>MEXICO: Results show opposition grabs Mexico capital.</title>
<headline>Results show opposition grabs Mexico capital.</headline>
<dateline>MEXICO CITY 1997-07-12</dateline>
<text>
<p>Opposition leader Cuauhtemoc Cardenas took almost twice as many votes as his nearest rival in last Sunday's race for mayor of Mexico City, official results released late on Friday said.</p>
<p>Cardenas, running for the leftist Party of the Democratic Revolution (PRD), won 1,859,866 votes, or 47.11 percent of the vote, official results from the local wing of the Federal Electoral Institute show.</p>
<p>His nearest rival, Alfredo del Mazo, of the long-ruling Institutional Revolutionary Party (PRI) gained 990,306 votes, or 25.08 percent of the total.</p>
<p>Carlos Castillo Peraza of the right-wing National Action Party (PAN) took 602,466 votes, or 15.26 percent.</p>
<p>Other smaller parties also took a portion of the vote.</p>
<p>The vote on Sunday was the first for a mayor in Mexico City in decades. The cabinet level post had been filled by the president of the republic, assuring the post would remain with the PRI, which has ruled Mexico for the last 68 years.</p>
<p>As well as delivering the mayor's job of one of the world's largest cities to the opposition, voters also stripped the PRI of its majority in the lower house of Congress in the July 6 vote.</p>
<p>The son of one of Mexico's former presidents, Lazaro Cardenas, Cuauhtemoc Cardenas had suffered defeats in the last two elections when he ran for president of the nation.</p>
<p>Many Mexicans believe he was cheated of victory in 1988 by fraud, but in 1994, after a lackluster campaign, he lost in an election generally regarded as clean.</p>
<p>The PRD also won a lion's share of the seats in the assembly in the federal district, the nation's capital, in last Sunday's vote, results showed.</p>
</text>
<copyright>(c) Reuters Limited 1997</copyright>
<metadata>
<codes class="bip:countries:1.0">
  <code code="MEX">
    <editdetail attribution="Reuters BIP Coding Group" action="confirmed" date="1997-07-12"/>
  </code>
</codes>
<codes class="bip:topics:1.0">
  <code code="GCAT">
    <editdetail attribution="Reuters BIP Coding Group" action="confirmed" date="1997-07-12"/>
  </code>
  <code code="GPOL">
    <editdetail attribution="Reuters BIP Coding Group" action="confirmed" date="1997-07-12"/>
  </code>
  <code code="GVOTE">
    <editdetail attribution="Reuters BIP Coding Group" action="confirmed" date="1997-07-12"/>
  </code>
</codes>
<dc element="dc.date.created" value="1997-07-12"/>
<dc element="dc.publisher" value="Reuters Holdings Plc"/>
<dc element="dc.date.published" value="1997-07-12"/>
<dc element="dc.source" value="Reuters"/>
<dc element="dc.creator.location" value="MEXICO CITY"/>
<dc element="dc.creator.location.country.name" value="MEXICO"/>
<dc element="dc.source" value="Reuters"/>
</metadata>
</newsitem>
