<?xml version="1.0" encoding="iso-8859-1" ?>
<newsitem itemid="724426" id="root" date="1997-07-12" xml:lang="en">
<title>SPAIN: ETA kidnap victim shot, gravely wounded in Spain.</title>
<headline>ETA kidnap victim shot, gravely wounded in Spain.</headline>
<dateline>SAN SEBASTIAN, Spain 1997-07-12</dateline>
<text>
<p>A Spanish politician kidnapped by Basque ETA guerrillas was found shot in the head on Saturday and is in &quot;extremely serious&quot; condition, hospital officials said.</p>
<p>They said he was in a coma with a bullet lodged in his brain and surgeons were operating.</p>
<p>Basque guerrillas ETA kidnapped Miguel Angel Blanco on Thursday and threatened to kill him at 4 p.m. (1400 GMT) on Saturday if the government did not change its prison policy.</p>
<p>Blanco had been found, with his hands tied, by a hunter who heard a shot in a wooded area near the northern Basque coastal city of San Sebastian. He was rushed to hospital.</p>
<p>Officials said at first that he was dead.</p>
<p>The attempted killing took place despite a rally of half a million Spaniards led by Prime Minister Jose Maria Aznar in the Basque capital Bilbao on Saturday to protest against the kidnapping.</p>
<p>Residents in Ermua, Blanco's hometown, and thousands of supporters at a vigil that started as ETA's deadline passed, began screaming and crying when the erroneous news that he had been killed was announced.</p>
<p>Hundreds then headed toward the offices of ETA's political wing Herri Batasuna yelling &quot;assassins&quot; and &quot;sons of bitches&quot;.</p>
<p>The crowd relaxed with the news that Blanco was alive. The village resumed the vigil, awaiting news of his condition.</p>
<p>The government called for calm in the region.</p>
<p>&quot;I want to make a first call for calm in these very bad times for Basque society, for Spain and for the family of Miguel Angel Blanco,&quot; government spokesman Miguel Angel Rodriguez told state radio.</p>
<p>ETA has killed some 800 people since starting a drive for Basque independence in 1968. The rebels have set deadlines to execute kidnap victims twice before, in 1981 and 1983, and in both cases the hostages were killed.</p>
</text>
<copyright>(c) Reuters Limited 1997</copyright>
<metadata>
<codes class="bip:countries:1.0">
  <code code="SPAIN">
    <editdetail attribution="Reuters BIP Coding Group" action="confirmed" date="1997-07-12"/>
  </code>
</codes>
<codes class="bip:topics:1.0">
  <code code="GCAT">
    <editdetail attribution="Reuters BIP Coding Group" action="confirmed" date="1997-07-12"/>
  </code>
  <code code="GVIO">
    <editdetail attribution="Reuters BIP Coding Group" action="confirmed" date="1997-07-12"/>
  </code>
</codes>
<dc element="dc.date.created" value="1997-07-12"/>
<dc element="dc.publisher" value="Reuters Holdings Plc"/>
<dc element="dc.date.published" value="1997-07-12"/>
<dc element="dc.source" value="Reuters"/>
<dc element="dc.creator.location" value="SAN SEBASTIAN, Spain"/>
<dc element="dc.creator.location.country.name" value="SPAIN"/>
<dc element="dc.source" value="Reuters"/>
</metadata>
</newsitem>
