<?xml version="1.0" encoding="iso-8859-1" ?>
<newsitem itemid="724457" id="root" date="1997-07-12" xml:lang="en">
<title>GERMANY: RWE won't comment on report of writedown.</title>
<headline>RWE won't comment on report of writedown.</headline>
<dateline>FRANKFURT 1997-07-12</dateline>
<text>
<p>RWE AG on Saturday declined to comment on a magazine report that it planned to take a charge of 700 million marks to reflect that some of its units were overvalued.</p>
<p>But the diversified German energy and telecommunications group said two of its subsidiaries may write down the value of firms in their books.</p>
<p>RWE also gave no comment on a claim by Spiegel magazine that it wanted Westdeutsche Landesbank (WestLB) to take a stake in RWE to replace local authorities which own about 40 percent.</p>
<p>An RWE spokesman told Reuters that two RWE units, waste management firm RWE Entsorgung AG and mining company Rheinbraun AG, were mulling writing down the value of several companies they had acquired, some of which were in east Germany.</p>
<p>He declined to specify the extent of the writedowns.</p>
<p>&quot;We are thinking about taking measures in the individual accounts of RWE Entsorgung and Rheinbraun but these will have no impact on the group accounts,&quot; RWE spokesman Dieter Schweer said.</p>
<p>Spiegel reported that RWE Entsorgung had found it paid too much for several of the recycling firms it bought in Germany and eastern Europe over the last seven years.</p>
<p>The market for recycling had been overestimated, Spiegel said in an article released ahead of publication in Monday's editions.</p>
<p>Spiegel also reported that RWE chief executive Dietmar Kuhnt wanted WestLB to step in as a shareholder to facilitate a restructuring which will see the sale of loss-making units, the replacement of top executives and changes to RWE's accounts.</p>
<p>Some cash-strapped local authorities appeared to be ready to sell their shares, the report said.</p>
<p>Schweer said: &quot;As a rule we don't comment on the activities of our shareholders.&quot;</p>
<p>He also described as &quot;speculation&quot; Spiegel's claim that the chief executive of RWE's Otelo telecommunications joint venture with Veba AG, Ulf Bohla, would be replaced in the autumn.</p>
<p>--David Crossland, Frankfurt Newsroom, +49 69 756525</p>
</text>
<copyright>(c) Reuters Limited 1997</copyright>
<metadata>
<codes class="bip:countries:1.0">
  <code code="GFR">
    <editdetail attribution="Reuters BIP Coding Group" action="confirmed" date="1997-07-12"/>
  </code>
</codes>
<codes class="bip:industries:1.0">
  <code code="I11000">
    <editdetail attribution="Reuters BIP Coding Group" action="confirmed" date="1997-07-12"/>
  </code>
  <code code="I13000">
    <editdetail attribution="Reuters BIP Coding Group" action="confirmed" date="1997-07-12"/>
  </code>
  <code code="I16100">
    <editdetail attribution="Reuters BIP Coding Group" action="confirmed" date="1997-07-12"/>
  </code>
  <code code="I81402">
    <editdetail attribution="Reuters BIP Coding Group" action="confirmed" date="1997-07-12"/>
  </code>
</codes>
<codes class="bip:topics:1.0">
  <code code="C15">
    <editdetail attribution="Reuters BIP Coding Group" action="confirmed" date="1997-07-12"/>
  </code>
  <code code="C151">
    <editdetail attribution="Reuters BIP Coding Group" action="confirmed" date="1997-07-12"/>
  </code>
  <code code="C18">
    <editdetail attribution="Reuters BIP Coding Group" action="confirmed" date="1997-07-12"/>
  </code>
  <code code="C181">
    <editdetail attribution="Reuters BIP Coding Group" action="confirmed" date="1997-07-12"/>
  </code>
  <code code="CCAT">
    <editdetail attribution="Reuters BIP Coding Group" action="confirmed" date="1997-07-12"/>
  </code>
</codes>
<dc element="dc.date.created" value="1997-07-12"/>
<dc element="dc.publisher" value="Reuters Holdings Plc"/>
<dc element="dc.date.published" value="1997-07-12"/>
<dc element="dc.source" value="Reuters"/>
<dc element="dc.creator.location" value="FRANKFURT"/>
<dc element="dc.creator.location.country.name" value="GERMANY"/>
<dc element="dc.source" value="Reuters"/>
</metadata>
</newsitem>
