<?xml version="1.0" encoding="iso-8859-1" ?>
<newsitem itemid="724475" id="root" date="1997-07-12" xml:lang="en">
<title>UNITED NATIONS: UN Council issues mild rebuke for Cambodia events.</title>
<headline>UN Council issues mild rebuke for Cambodia events.</headline>
<byline>Evelyn Leopold</byline>
<dateline>UNITED NATIONS 1997-07-11</dateline>
<text>
<p>The U.N. Security Council late on Friday broke five days of silence on Cambodia, condemning the violence and urging all parties to settle their differences peacefully.</p>
<p>In a statement read at a public meeting, the 15-member body, however, did not mention the takeover of Second Prime Minister Hun Sen of the coalition government in Phnom Penh or issue any threat of further action.</p>
<p>Most Western diplomats considered the statement unusually mild. Envoys said both China and Japan, for varying reasons, did not want stronger wording in the document, which took several days to negotiate.</p>
<p>Cambodia's unwieldy coalition government collapsed in violence on Saturday when Hun Sen's forces moved against First Prime Minister Norodom Ranariddh's men in the capital. Ranariddh left the country the previous day and came to the United Nations on Thursday to plead his case.</p>
<p>The council called on all parties to respect their commitments under the 1991 Paris peace accords on Cambodia and to hold &quot;free and fair&quot; legislative elections by next year.</p>
<p>&quot;The Security Council is gravely concerned at recent developments in Cambodia, including violence, which have the effect of jeopardising continue progress of the Cambodian peace process, and calls for an immediate end to the fighting,&quot; the statement said.</p>
<p>U.N. sources said they did not expect any collective action by the council, whose five permanent members -- the United States, Britain, France, Russia and China -- drew up the Paris accords aimed at ending decades of mass murder, foreign occupation and starvation that devastated Cambodia.</p>
<p>The United Nations then sent 25,000 peacekeepers to Cambodia at a cost of $2 billion to help disarm combatants, enforce human rights and prepare for elections. Many of the provisions in the Paris accords were violated from the start.</p>
<p>The sources also said the council had been cautious in endorsing U.N. political missions, even before the coup, or asking U.N. agencies to cut off aid programmes.</p>
<p>Individually some countries have taken action. The United States said it was suspending its aid for at least 30 days in response to Hun Sen's ouster of Ranariddh.</p>
<p>And the Association of Southeast Asian Nations (ASEAN) said it recognised Ranariddh as co-premier and was delaying Cambodia's entry into its grouping indefinitely.</p>
<p>Japan said it was not cutting off aid but found it difficult to maintain its assistance programme amid fighting.</p>
</text>
<copyright>(c) Reuters Limited 1997</copyright>
<metadata>
<codes class="bip:countries:1.0">
  <code code="KAMPA">
    <editdetail attribution="Reuters BIP Coding Group" action="confirmed" date="1997-07-12"/>
  </code>
  <code code="UN">
    <editdetail attribution="Reuters BIP Coding Group" action="confirmed" date="1997-07-12"/>
  </code>
</codes>
<codes class="bip:topics:1.0">
  <code code="GCAT">
    <editdetail attribution="Reuters BIP Coding Group" action="confirmed" date="1997-07-12"/>
  </code>
  <code code="GDIP">
    <editdetail attribution="Reuters BIP Coding Group" action="confirmed" date="1997-07-12"/>
  </code>
  <code code="GPOL">
    <editdetail attribution="Reuters BIP Coding Group" action="confirmed" date="1997-07-12"/>
  </code>
  <code code="GVIO">
    <editdetail attribution="Reuters BIP Coding Group" action="confirmed" date="1997-07-12"/>
  </code>
</codes>
<dc element="dc.date.created" value="1997-07-11"/>
<dc element="dc.publisher" value="Reuters Holdings Plc"/>
<dc element="dc.date.published" value="1997-07-12"/>
<dc element="dc.source" value="Reuters"/>
<dc element="dc.creator.location" value="UNITED NATIONS"/>
<dc element="dc.creator.location.country.name" value="UNITED NATIONS"/>
<dc element="dc.source" value="Reuters"/>
</metadata>
</newsitem>
