<?xml version="1.0" encoding="iso-8859-1" ?>
<newsitem itemid="724441" id="root" date="1997-07-12" xml:lang="en">
<title>GERMANY: Glenn Miller died in brothel, not crash - paper.</title>
<headline>Glenn Miller died in brothel, not crash - paper.</headline>
<dateline>BONN 1997-07-12</dateline>
<text>
<p>A German newspaper said on Saturday that U.S. wartime bandleader Glenn Miller died of a heart attack in a Paris brothel in 1944 and not, as officially reported, in a plane crash.</p>
<p>The mass-circulation Bild newspaper alleged that the famed trombonist and exponent of the big band swing sound met his death in the arms of a prostitute.</p>
<p>It said the secret of how he died was discovered by a German journalist, Udo Ulfkotte, in U.S. secret service files while researching a new book on Germany's BND intelligence agency.</p>
<p>Bild quoted Ulfkotte as saying the secret was a typical example of wartime misinformation, and the true cause of Miller's death was concealed to keep his legend alive and protect the morale of U.S. troops.</p>
<p>U.S. military and intelligence officials were not immediately available to comment on the cover-up allegation.</p>
<p>Miller, born in 1904, was sent to Europe with U.S. troops in World War Two and became leader of the army air force band which made broadcasts to troops throughout the world.</p>
<p>Official reports said his plane vanished over the English Channel in December 1944. But Bild said British diver Clive Ward discovered the wreck of his single-motor plane off the French coast in 1985 and found no signs the plane had crashed, or any human remains.</p>
<p>Miller's music is still hugely popular today and an album of rediscovered recordings released in 1995 sold over 400,000 copies worldwide.</p>
<p>U.S. actor Jimmy Stewart, who died last week, played Miller in the popular film of the bandleader's life, &quot;The Glenn Miller Story&quot;.</p>
</text>
<copyright>(c) Reuters Limited 1997</copyright>
<metadata>
<codes class="bip:countries:1.0">
  <code code="GFR">
    <editdetail attribution="Reuters BIP Coding Group" action="confirmed" date="1997-07-12"/>
  </code>
  <code code="USA">
    <editdetail attribution="Reuters BIP Coding Group" action="confirmed" date="1997-07-12"/>
  </code>
</codes>
<codes class="bip:topics:1.0">
  <code code="GCAT">
    <editdetail attribution="Reuters BIP Coding Group" action="confirmed" date="1997-07-12"/>
  </code>
  <code code="GENT">
    <editdetail attribution="Reuters BIP Coding Group" action="confirmed" date="1997-07-12"/>
  </code>
  <code code="GPRO">
    <editdetail attribution="Reuters BIP Coding Group" action="confirmed" date="1997-07-12"/>
  </code>
</codes>
<dc element="dc.date.created" value="1997-07-12"/>
<dc element="dc.publisher" value="Reuters Holdings Plc"/>
<dc element="dc.date.published" value="1997-07-12"/>
<dc element="dc.source" value="Reuters"/>
<dc element="dc.creator.location" value="BONN"/>
<dc element="dc.creator.location.country.name" value="GERMANY"/>
<dc element="dc.source" value="Reuters"/>
</metadata>
</newsitem>
