<?xml version="1.0" encoding="iso-8859-1" ?>
<newsitem itemid="724427" id="root" date="1997-07-12" xml:lang="en">
<title>Spain: ETA kidnap victim shot but alive, in coma in Spain.</title>
<headline>ETA kidnap victim shot but alive, in coma in Spain.</headline>
<dateline>SAN SEBASTIAN 1997-07-12</dateline>
<text>
<p>A Spanish politician kidnapped by Basque ETA guerrillas has been found shot in the head but is alive and in a coma, hospital sources said on Saturday. Earlier official sources said he had been killed.</p>
<p>Basque guerrillas ETA kidnapped Miguel Angel Blanco on Thursday and threatened to kill him at 4 p.m. (1400 GMT) on Saturday if the government did not change its prison policy.  </p>
<p>Blanco had been found, with his hands tied, by a hunter who heard a shot in a wooded area near the northern Basque coastal city of San Sebastian. He was rushed to hospital where officials said he was dead.</p>
<p>The attempted killing took place despite a rally of half a million Spaniards led by Prime Minister Jose Maria Aznar in the northern Basque capital Bilbao to protest against the kidnapping.</p>
<p>ETA has killed some 800 people since starting a drive for Basque independence in 1968.</p>
<p>The rebels have set deadlines to execute kidnap victims twice before, in 1981 and 1983, and in both cases the hostages were killed.</p>
</text>
<copyright>(c) Reuters Limited 1997</copyright>
<metadata>
<codes class="bip:countries:1.0">
  <code code="SPAIN">
    <editdetail attribution="Reuters BIP Coding Group" action="confirmed" date="1997-07-12"/>
  </code>
</codes>
<codes class="bip:topics:1.0">
  <code code="GCAT">
    <editdetail attribution="Reuters BIP Coding Group" action="confirmed" date="1997-07-12"/>
  </code>
  <code code="GVIO">
    <editdetail attribution="Reuters BIP Coding Group" action="confirmed" date="1997-07-12"/>
  </code>
</codes>
<dc element="dc.date.created" value="1997-07-12"/>
<dc element="dc.publisher" value="Reuters Holdings Plc"/>
<dc element="dc.date.published" value="1997-07-12"/>
<dc element="dc.source" value="Reuters"/>
<dc element="dc.creator.location" value="SAN SEBASTIAN"/>
<dc element="dc.creator.location.country.name" value="SPAIN"/>
<dc element="dc.source" value="Reuters"/>
</metadata>
</newsitem>
