<?xml version="1.0" encoding="iso-8859-1" ?>
<newsitem itemid="724428" id="root" date="1997-07-12" xml:lang="en">
<title>DENMARK: Clinton says Republican tax plan a &quot;time bomb&quot;.</title>
<headline>Clinton says Republican tax plan a &quot;time bomb&quot;.</headline>
<byline>Laurence McQuillan</byline>
<dateline>COPPENHAGEN 1997-07-12</dateline>
<text>
<p>U.S. President Bill Clinton on Saturday said Republican congressional tax legislation contains some &quot;time bomb tax cuts&quot; that risk exploding the size of the U.S. deficit in the years ahead.</p>
<p>Clinton, who plans on Tuesday to meet at the White House with Republican and Democratic congressional leaders to discuss the status of the tax and spending cut legislation, used his weekly radio address to warn there was &quot;a right way and a wrong way to cut taxes.&quot;</p>
<p>Speaking from Denmark on the last day of an eight-day trip to Europe, Clinton said he hoped to be able to work with congressional Republicans to overcome their differences and craft legislation that honours an agreement with them to balance the federal budget by the year 2002.</p>
<p>The lawmakers will try to carve one final tax bill from the different versions passed by the House and Senate, with an eye to objections raised by the White House over provisions in both. They aimed to present the legislation to the full House and Senate for a vote before the August recess.</p>
<p>The tax bill would turn into law part of a five-year balanced budget agreement between congressional leaders and the White House that called for $85 billion in net tax cuts.</p>
<p>&quot;Unfortunately, the tax plan recommended by the Congress offers too little relief to the middle class and fails to live up to the budget agreement,&quot; Clinton said.</p>
<p>&quot;The congressional plan would deny seven million students tuition tax credits,&quot; Clinton said and failed to adequately encourage provisions to encourage college or graduate school or career training.</p>
<p>&quot;My tax cut will keep the budget balanced,&quot; he said, but tucked away in the congressional plan are time bomb tax cuts that risk exploding the deficit in years to come.&quot;</p>
<p>He said a final tax bill &quot;must be fair, giving middle class families the help they need to raise their children, send them to college, buy and sell a home.&quot;</p>
<p>&quot;It must not contain provisions which will lead to big budget deficits in years to come,&quot; he declared. &quot;This is the kind of tax cut I'm coming home to work with Congress to pass.&quot;</p>
<p>&quot;If we stand firm for the right principles, if we stick to a strategy that has secured our prosperity -- invest and grow - - we can prepare our people for the bright new century ahead,&quot; Clinton said.</p>
<p>The task of trying to find spending cuts and give tax breaks may have become easier for Clinton and the lawmkers.</p>
<p>Sen. Daniel Moynihan said in Washington on Friday that the Congressional Budget office has slashed its estimate of the federal budget deficit for the current fiscal year ending on September 30 to below $50 billion, down from $67 billion forecast by CBO just two months ago.</p>
<p>The CBO earlier this year had predicted the deficit would be as much as $124 billion.</p>
</text>
<copyright>(c) Reuters Limited 1997</copyright>
<metadata>
<codes class="bip:countries:1.0">
  <code code="DEN">
    <editdetail attribution="Reuters BIP Coding Group" action="confirmed" date="1997-07-12"/>
  </code>
  <code code="USA">
    <editdetail attribution="Reuters BIP Coding Group" action="confirmed" date="1997-07-12"/>
  </code>
</codes>
<codes class="bip:topics:1.0">
  <code code="E21">
    <editdetail attribution="Reuters BIP Coding Group" action="confirmed" date="1997-07-12"/>
  </code>
  <code code="E211">
    <editdetail attribution="Reuters BIP Coding Group" action="confirmed" date="1997-07-12"/>
  </code>
  <code code="ECAT">
    <editdetail attribution="Reuters BIP Coding Group" action="confirmed" date="1997-07-12"/>
  </code>
  <code code="GCAT">
    <editdetail attribution="Reuters BIP Coding Group" action="confirmed" date="1997-07-12"/>
  </code>
  <code code="GPOL">
    <editdetail attribution="Reuters BIP Coding Group" action="confirmed" date="1997-07-12"/>
  </code>
</codes>
<dc element="dc.date.created" value="1997-07-12"/>
<dc element="dc.publisher" value="Reuters Holdings Plc"/>
<dc element="dc.date.published" value="1997-07-12"/>
<dc element="dc.source" value="Reuters"/>
<dc element="dc.creator.location" value="COPPENHAGEN"/>
<dc element="dc.creator.location.country.name" value="DENMARK"/>
<dc element="dc.source" value="Reuters"/>
</metadata>
</newsitem>
