<?xml version="1.0" encoding="iso-8859-1" ?>
<newsitem itemid="724409" id="root" date="1997-07-12" xml:lang="en">
<title>USA: FBI believes Chinese money spent legally - Report.</title>
<headline>FBI believes Chinese money spent legally - Report.</headline>
<dateline>WASHINGTON 1997-07-12</dateline>
<text>
<p>FBI investigators believe that most of $2 million China allegedly spent or budgeted to increase its political influence in the United States went toward legal activities, a news magazine reported on Saturday.</p>
<p>The FBI also had no evidence linking the Chinese government to money illegally funneled to presidential campaigns in the 1996 election, according to U.S. News and World Report.</p>
<p>A Senate probe into political fund-raising scandals opened this week with an allegation by its Republican chairman that China planned to buy its way into American politics.</p>
<p>Sen. Fred Thompson of Tennessee began the long-awaited televised hearings by stating that Beijing's communist leaders had a plan to build political influence in the United States, a charge China has denied.</p>
<p>At a news conference later, Thompson said he had seen evidence gathered by the FBI of China's continuing efforts to influence U.S. officials, but declined to make details public.</p>
<p>However, U.S. News said it learned that the FBI believed most of the Chinese money was used for legal purposes such as lobbying and bringing senators to Beijing on expensive visits. The agency had no immediate comment on the report.</p>
<p>According to one unidentified senior FBI official quoted by the magazine, the Chinese plan added only $200,000 to its existing activities in the United States and, of that, less than half went to campaign donations.</p>
<p>FBI sources told U.S. News that Beijing had hoped to encourage Chinese-Americans friendly to China to become congressional aides or run for political office.</p>
<p>Rep. Dan Burton, who heads a House panel planning its own hearings on campaign financing, supported Thompson's assertions.</p>
<p>&quot;I don't want to go into details about what we have, but I will say that I don't think that Senator Thompson was in error. I think he's probably accurate,&quot; the Indiana Republican said Saturday on the CNN program &quot;Evans &amp; Novak.&quot;</p>
<p>Asked if his committee would be able to show that Chinese money did corrupt U.S. political processes, Burton replied: &quot;I think that we'll be able to give some evidence that that may have happened.&quot;</p>
<p>The House Committee on Government Reform and Oversight has been beset with problems ranging from complaints of partisanship to senior staff resignations, but Burton said he expected its campaign fund-raising probe to begin in September.</p>
</text>
<copyright>(c) Reuters Limited 1997</copyright>
<metadata>
<codes class="bip:countries:1.0">
  <code code="CHINA">
    <editdetail attribution="Reuters BIP Coding Group" action="confirmed" date="1997-07-12"/>
  </code>
  <code code="USA">
    <editdetail attribution="Reuters BIP Coding Group" action="confirmed" date="1997-07-12"/>
  </code>
</codes>
<codes class="bip:topics:1.0">
  <code code="GCAT">
    <editdetail attribution="Reuters BIP Coding Group" action="confirmed" date="1997-07-12"/>
  </code>
  <code code="GCRIM">
    <editdetail attribution="Reuters BIP Coding Group" action="confirmed" date="1997-07-12"/>
  </code>
  <code code="GDIP">
    <editdetail attribution="Reuters BIP Coding Group" action="confirmed" date="1997-07-12"/>
  </code>
  <code code="GPOL">
    <editdetail attribution="Reuters BIP Coding Group" action="confirmed" date="1997-07-12"/>
  </code>
  <code code="GVOTE">
    <editdetail attribution="Reuters BIP Coding Group" action="confirmed" date="1997-07-12"/>
  </code>
</codes>
<dc element="dc.date.created" value="1997-07-12"/>
<dc element="dc.publisher" value="Reuters Holdings Plc"/>
<dc element="dc.date.published" value="1997-07-12"/>
<dc element="dc.source" value="Reuters"/>
<dc element="dc.creator.location" value="WASHINGTON"/>
<dc element="dc.creator.location.country.name" value="USA"/>
<dc element="dc.source" value="Reuters"/>
</metadata>
</newsitem>
