<?xml version="1.0" encoding="iso-8859-1" ?>
<newsitem itemid="724465" id="root" date="1997-07-12" xml:lang="en">
<title>FRANCE: French right slams &quot;historic error&quot; on Thomson-CSF.</title>
<headline>French right slams &quot;historic error&quot; on Thomson-CSF.</headline>
<byline>Tim Hepher</byline>
<dateline>PARIS 1997-07-12</dateline>
<text>
<p>The right-wing opposition on Saturday blasted the Socialist-led government's decision to halt the sale of electronics firm Thomson-CSF as a &quot;historic error&quot; that would relegate France to the minor league of Europe's defence industry.</p>
<p>Francois Fillon, technology minister in the previous centre-right government that launched the privatisation last year, said the sale of the government's 58 percent stake was strategically important.</p>
<p>He hinted that its cancellation might draw a direct response from conservative President Jacques Chirac.</p>
<p>&quot;(Prime Minister) Lionel Jospin is committing an error, a historic error, for which he will be accountable to the French people,&quot; Fillon told Europe 1 radio.</p>
<p>The trend was towards defence industry alliances in Europe to head off competition from a heavily restructured U.S. defence industry which is undergoing a series of massive mergers, he said.</p>
<p>&quot;As for us, we choose to turn in on ourselves and force Thomson to play in the second division.&quot;</p>
<p>Jospin's government announced on Friday, six weeks after being elected, that it had halted the privatisation process and would propose an alternative solution to build a French defence electronics conglomerate based on the company.</p>
<p>The state would retain a stake giving it ultimate decisionmaking power, Jospin's office said in a statement issued on the eve of a long Bastille Day holiday weekend.</p>
<p>Former conservative budget minister Alain Lamassoure said cancelling the selloff would deprive the government of billions of francs needed to recapitalise other state industries.</p>
<p>But the Communist party daily l'Humanite warmly praised the decision as &quot;a breath of fresh air&quot; proving the government was ready to carry out its electoral pledges. The Communists are junior partners in Jospin's &quot;pink-red-green&quot; coalition.</p>
<p>Fillon said the state, now battling to reduce its deficits to qualify for a European single currency, lacked the resources to invest in Thomson-CSF's growth.</p>
<p>Thomson-CSF, which makes radars, missiles and avionics, is one of Europe's largest defence electronics firms and seen as vital to France's ambitions to create a strong European defence industry able to meet tough U.S. competition.</p>
<p>Fillon said Chirac, who has made Thomson-CSF central to his ambitions for a restructured French defence industry, could intervene in the debate when he gives a traditional Bastille Day television interview on Monday.</p>
<p>&quot;You have to distinguish between the question of economic management and the strategic aspects,&quot; he said. &quot;This affair could have strategic consequences which I imagine the president will talk about.&quot;</p>
<p>Chirac, a Gaullist, was forced into uncomfortable power-sharing after Jospin's Socialist-led government won a stunning election victory on June 1.</p>
<p>But France's constitution still gives him considerable sway over foreign affairs and defence.</p>
<p>Le Figaro newspaper quoted unnamed sources close to Jospin on Saturday as saying he still envisaged a role for engineering giant Alcatel-Alsthom in Thomson-CSF, with the state retaining 40 percent and 20 percent remaining publicly quoted.</p>
<p>No one was available to comment at Jospin's office.</p>
</text>
<copyright>(c) Reuters Limited 1997</copyright>
<metadata>
<codes class="bip:countries:1.0">
  <code code="FRA">
    <editdetail attribution="Reuters BIP Coding Group" action="confirmed" date="1997-07-12"/>
  </code>
</codes>
<codes class="bip:industries:1.0">
  <code code="I34000">
    <editdetail attribution="Reuters BIP Coding Group" action="confirmed" date="1997-07-12"/>
  </code>
  <code code="I34400">
    <editdetail attribution="Reuters BIP Coding Group" action="confirmed" date="1997-07-12"/>
  </code>
</codes>
<codes class="bip:topics:1.0">
  <code code="C18">
    <editdetail attribution="Reuters BIP Coding Group" action="confirmed" date="1997-07-12"/>
  </code>
  <code code="C181">
    <editdetail attribution="Reuters BIP Coding Group" action="confirmed" date="1997-07-12"/>
  </code>
  <code code="C183">
    <editdetail attribution="Reuters BIP Coding Group" action="confirmed" date="1997-07-12"/>
  </code>
  <code code="CCAT">
    <editdetail attribution="Reuters BIP Coding Group" action="confirmed" date="1997-07-12"/>
  </code>
  <code code="E12">
    <editdetail attribution="Reuters BIP Coding Group" action="confirmed" date="1997-07-12"/>
  </code>
  <code code="ECAT">
    <editdetail attribution="Reuters BIP Coding Group" action="confirmed" date="1997-07-12"/>
  </code>
  <code code="GCAT">
    <editdetail attribution="Reuters BIP Coding Group" action="confirmed" date="1997-07-12"/>
  </code>
  <code code="GPOL">
    <editdetail attribution="Reuters BIP Coding Group" action="confirmed" date="1997-07-12"/>
  </code>
</codes>
<dc element="dc.date.created" value="1997-07-12"/>
<dc element="dc.publisher" value="Reuters Holdings Plc"/>
<dc element="dc.date.published" value="1997-07-12"/>
<dc element="dc.source" value="Reuters"/>
<dc element="dc.creator.location" value="PARIS"/>
<dc element="dc.creator.location.country.name" value="FRANCE"/>
<dc element="dc.source" value="Reuters"/>
</metadata>
</newsitem>
