<?xml version="1.0" encoding="iso-8859-1" ?>
<newsitem itemid="724492" id="root" date="1997-07-12" xml:lang="en">
<title>PAKISTAN: Pakistani cotton rates close up, seen rising.</title>
<headline>Pakistani cotton rates close up, seen rising.</headline>
<dateline>KARACHI, Pakistan 1997-07-12</dateline>
<text>
<p>Pakistani cotton rates closed up on Saturday and are likely to open higher after Sunday's weekend holiday owing to a shortage of good-quality supplies from the old 1996/97 (July-June) crop, dealers said.</p>
<p>Spinners' preference for the old crop pushed the rates up, dealer Nasim Usman at the Karachi Cotton Association (KCA) said.</p>
<p>The 1997/98 crop from southern Pakistan has reached the market but spinners are taking interest in the old crop, he said. In the kerb market, the NIAB-78 variety was quoted for 2,375/2,385 rupees per maund (37.32 kg), the K-68 for 2,575/2,590 and the MNH-93 for 2,580/2,590.  </p>
<p>KCA said exporters had shipped 125,515 bales (375 lbs each) of cotton by June 28 compared to 1.82 million in the same time a year ago. Exporters had registered contracts for the export of 164,756 bales by July 8 compared to 2.32 million in the same time a year ago.</p>
<p>KCA's official spot rates in rupees per maund:</p>
<p>				     Saturday	   July 11</p>
<p>    NIAB-78			2,363.13	   2,351.88</p>
<p>    K-68			   2,571.25	   2,560</p>
<p>    MNH-93			 2,575.63	   2,564.38</p>
<p>($1 = 40.62 rupees) -- Ibrahim Khan 9221-5685192</p>
</text>
<copyright>(c) Reuters Limited 1997</copyright>
<metadata>
<codes class="bip:countries:1.0">
  <code code="PAKIS">
    <editdetail attribution="Reuters BIP Coding Group" action="confirmed" date="1997-07-12"/>
  </code>
</codes>
<codes class="bip:topics:1.0">
  <code code="M14">
    <editdetail attribution="Reuters BIP Coding Group" action="confirmed" date="1997-07-12"/>
  </code>
  <code code="M141">
    <editdetail attribution="Reuters BIP Coding Group" action="confirmed" date="1997-07-12"/>
  </code>
  <code code="MCAT">
    <editdetail attribution="Reuters BIP Coding Group" action="confirmed" date="1997-07-12"/>
  </code>
</codes>
<dc element="dc.date.created" value="1997-07-12"/>
<dc element="dc.publisher" value="Reuters Holdings Plc"/>
<dc element="dc.date.published" value="1997-07-12"/>
<dc element="dc.source" value="Reuters"/>
<dc element="dc.creator.location" value="KARACHI, Pakistan"/>
<dc element="dc.creator.location.country.name" value="PAKISTAN"/>
<dc element="dc.source" value="Reuters"/>
</metadata>
</newsitem>
