<?xml version="1.0" encoding="iso-8859-1" ?>
<newsitem itemid="724468" id="root" date="1997-07-12" xml:lang="en">
<title>FRANCE: France returns artwork looted by Nazis to owner.</title>
<headline>France returns artwork looted by Nazis to owner.</headline>
<byline>Lee Yanowitch</byline>
<dateline>PARIS 1997-07-11</dateline>
<text>
<p>A French museum has returned to its owner a valuable oil painting by Cubist Albert Gleizes that was stolen by Nazi occupiers during World War Two, museum officials said on Saturday.</p>
<p>Didier Schulman, a curator at the Pompidou Centre, said Francois Warin, grand-nephew of art collector Alphonse Kann whose collection of 2,000 works was looted in 1942, recovered the 1911 &quot;Landscape&quot; last week.</p>
<p>The work, worth more than $1 million, was one of 2,000 returned to France from Germany after the war.</p>
<p>When no one stepped forward to claim them, they were temporarily entrusted to state-run museums. These artworks are known as MNR (National Museum Recovery).</p>
<p>Warin first learned of the Gleizes work in a book by journalist Hector Feliciano, &quot;The Lost Museum&quot;, which traces the fate of many works confiscated by the Nazis.</p>
<p>While researching his book, Feliciano found &quot;Landscape&quot; listed in documents of the Einsatzstab Reichsleiter Rosenberg (ERR), a Nazi government branch that supervised the confiscation of artworks in France.</p>
<p>Feliciano said that after snatching the painting, the Nazis brought it to Paris' Jeu de Paume museum where they stocked confiscated artworks.</p>
<p>&quot;For the Germans it was degenerate art so they bartered it or sold it for the type of paintings they liked,&quot; he said.</p>
<p>Because the Nazis considered Cubist and Impressionist art &quot;degenerate&quot;, German art dealers were able to acquire them inexpensively or in exchange for less valuable works that the Nazis coveted.</p>
<p>The nearly 2,000 MNRs are the remnants of some 61,000 works repatriated to France, 45,000 of which were recovered by their owners in the years immediately following the war.</p>
<p>Others of little value were sold at auctions.</p>
<p>Last January, France's state spending watchdog, the Cour des Comptes, accused the museums of failing in their legal duty to seek out the owners or heirs of the works, including paintings by Picasso, Renoir, Monet, and Cezanne and sculptures by Rodin.</p>
<p>Seeking to rebut the charges, French authorities put 900 of the MNRs on exhibit in April and May in five national museums, including the Louvre and the Pompidou Centre. The Gleizes was among them.</p>
<p>The state-museum network says few or none of the works in its possession were looted from Jews, but were sold to the Nazis by collaborationist dealers in the wartime Paris market.</p>
<p>While that may be the case for some of the works, others, like the Gleizes, were seized from Jews deported to death camps or fleeing persecution, or sold under duress at rock-bottom prices.</p>
<p>Feliciano accused state museums of doing nothing to try and return the MNRs to their owners.</p>
<p>Warin had to wait a year to recover the work after his original claim, even though documents listing the Gleizes were in France's Foreign Ministry archives.</p>
<p>&quot;This is proof the museums haven't done their job for 50 years,&quot; Feliciano said. &quot;They had these documents in their hands.&quot;</p>
</text>
<copyright>(c) Reuters Limited 1997</copyright>
<metadata>
<codes class="bip:countries:1.0">
  <code code="FRA">
    <editdetail attribution="Reuters BIP Coding Group" action="confirmed" date="1997-07-12"/>
  </code>
</codes>
<codes class="bip:topics:1.0">
  <code code="GCAT">
    <editdetail attribution="Reuters BIP Coding Group" action="confirmed" date="1997-07-12"/>
  </code>
  <code code="GENT">
    <editdetail attribution="Reuters BIP Coding Group" action="confirmed" date="1997-07-12"/>
  </code>
</codes>
<dc element="dc.date.created" value="1997-07-11"/>
<dc element="dc.publisher" value="Reuters Holdings Plc"/>
<dc element="dc.date.published" value="1997-07-12"/>
<dc element="dc.source" value="Reuters"/>
<dc element="dc.creator.location" value="PARIS"/>
<dc element="dc.creator.location.country.name" value="FRANCE"/>
<dc element="dc.source" value="Reuters"/>
</metadata>
</newsitem>
