<?xml version="1.0" encoding="iso-8859-1" ?>
<newsitem itemid="724508" id="root" date="1997-07-12" xml:lang="en">
<title>SRI LANKA: S.Lanka to sell stake in state mortgage bank - paper.</title>
<headline>S.Lanka to sell stake in state mortgage bank - paper.</headline>
<dateline>COLOMBO 1997-07-12</dateline>
<text>
<p>Sri Lanka plans to sell a 40 percent stake and management of the State Mortgage and Investment Bank (SMIB) to a strategic investor, the state-run Daily News on Saturday quoted the deputy finance minister as saying.</p>
<p>The newspaper quoted Gamini Peiris as saying the government wanted to sell a strategic stake in the bank so that the new management could expand its activities and improve customer service.</p>
<p>Five percent of the shares of the government-funded bank will be given to its 264 employees, he said.</p>
<p>Peiris said one local private bank and a finance company -- Commercial Bank and Vanik Incorporation Ltd -- had expressed interest in buying the SMIB stake.</p>
<p>-- Colombo newsroom (94) 434319</p>
</text>
<copyright>(c) Reuters Limited 1997</copyright>
<metadata>
<codes class="bip:countries:1.0">
  <code code="SRILAN">
    <editdetail attribution="Reuters BIP Coding Group" action="confirmed" date="1997-07-12"/>
  </code>
</codes>
<codes class="bip:industries:1.0">
  <code code="I81402">
    <editdetail attribution="Reuters BIP Coding Group" action="confirmed" date="1997-07-12"/>
  </code>
</codes>
<codes class="bip:topics:1.0">
  <code code="C18">
    <editdetail attribution="Reuters BIP Coding Group" action="confirmed" date="1997-07-12"/>
  </code>
  <code code="C181">
    <editdetail attribution="Reuters BIP Coding Group" action="confirmed" date="1997-07-12"/>
  </code>
  <code code="C183">
    <editdetail attribution="Reuters BIP Coding Group" action="confirmed" date="1997-07-12"/>
  </code>
  <code code="CCAT">
    <editdetail attribution="Reuters BIP Coding Group" action="confirmed" date="1997-07-12"/>
  </code>
</codes>
<dc element="dc.date.created" value="1997-07-12"/>
<dc element="dc.publisher" value="Reuters Holdings Plc"/>
<dc element="dc.date.published" value="1997-07-12"/>
<dc element="dc.source" value="Reuters"/>
<dc element="dc.creator.location" value="COLOMBO"/>
<dc element="dc.creator.location.country.name" value="SRI LANKA"/>
<dc element="dc.source" value="Reuters"/>
</metadata>
</newsitem>
