<?xml version="1.0" encoding="iso-8859-1" ?>
<newsitem itemid="758772" id="root" date="1997-07-28" xml:lang="en">
<title>USA: Jake's Pizza directors resign.</title>
<headline>Jake's Pizza directors resign.</headline>
<dateline>ROLLING MEADOWS, Ill. 1997-07-28</dateline>
<text>
<p>Jake's Pizza International Inc said Monday its board of directors resigned effective July 22, 1997 because the company could not obtain adequate directors and officers liability insurance coverage due to its financial difficulties.</p>
<p>Directors resigned when John Flowers, the company's president, chief executive officer and chairman, informed them of the company's inability to retain adequate directors and officers insurance, Jake's Pizza said in a news release.</p>
<p>The board, however, was not in disagreement with the direction of the company under Flowers' leadership or his performance when they tendered their resignations, it said.</p>
<p>&quot;This is a difficult time for the company and all of our franchises. We continue to reduce our costs at the company level and support the franchisees,&quot; Flowers said.</p>
<p>Jake's Pizza operates restaurants in Illinois, Arizona, Florida, Indiana, North Carolina and Missouri.</p>
<p>The company reported a net loss for its fiscal 1997 first quarter ended December 31, 1996 of $186,266 or $0.16 a share on revenues of $226,781 reflecting costs of reorganizing the company.</p>
<p>Company officials were not immediately available to provide more details. ((Chicago newsdesk 312 408 8787))</p>
</text>
<copyright>(c) Reuters Limited 1997</copyright>
<metadata>
<codes class="bip:countries:1.0">
  <code code="USA">
    <editdetail attribution="Reuters BIP Coding Group" action="confirmed" date="1997-07-28"/>
  </code>
</codes>
<codes class="bip:industries:1.0">
  <code code="I66100">
    <editdetail attribution="Reuters BIP Coding Group" action="confirmed" date="1997-07-28"/>
  </code>
</codes>
<codes class="bip:topics:1.0">
  <code code="C15">
    <editdetail attribution="Reuters BIP Coding Group" action="confirmed" date="1997-07-28"/>
  </code>
  <code code="C152">
    <editdetail attribution="Reuters BIP Coding Group" action="confirmed" date="1997-07-28"/>
  </code>
  <code code="C41">
    <editdetail attribution="Reuters BIP Coding Group" action="confirmed" date="1997-07-28"/>
  </code>
  <code code="C411">
    <editdetail attribution="Reuters BIP Coding Group" action="confirmed" date="1997-07-28"/>
  </code>
  <code code="CCAT">
    <editdetail attribution="Reuters BIP Coding Group" action="confirmed" date="1997-07-28"/>
  </code>
</codes>
<dc element="dc.date.created" value="1997-07-28"/>
<dc element="dc.publisher" value="Reuters Holdings Plc"/>
<dc element="dc.date.published" value="1997-07-28"/>
<dc element="dc.source" value="Reuters"/>
<dc element="dc.creator.location" value="ROLLING MEADOWS, Ill."/>
<dc element="dc.creator.location.country.name" value="USA"/>
<dc element="dc.source" value="Reuters"/>
</metadata>
</newsitem>
