<?xml version="1.0" encoding="iso-8859-1" ?>
<newsitem itemid="758769" id="root" date="1997-07-28" xml:lang="en">
<title>USA: Bank West Q4 June 30 net income drops.</title>
<headline>Bank West Q4 June 30 net income drops.</headline>
<dateline>GRAND RAPIDS, Mich. 1997-07-28</dateline>
<text>
<p>(In thousands, except per share data, unaudited)</p>
<p>			    Three Months Ended  Twelve Months Ended</p>
<p>					    June 30,	 June 30,</p>
<p>			     1997	   1996	1997	 1996</p>
<p> Net interest income  $1,123	$1,071    $4,280     $4,158</p>
<p>Provision for loan losses</p>
<p>				  15	    33	  60	   60</p>
<p> Other income		351	   562     1,554	1,202</p>
<p> FDIC special assessment  --	    --	 551	   --</p>
<p> Other expenses	    947	   895     3,821	3,469</p>
<p>Income before income taxes</p>
<p>				 512	   705     1,402	1,831</p>
<p>Federal income tax expense</p>
<p>				 176	   240	 479	  623</p>
<p> Net income		  336	   465	 923	1,208</p>
<p> Earnings per share	.21	   .23	 .52	  .57</p>
<p>Number of shares</p>
<p>  outstanding	1,753,475  2,199,575  1,753,475  2,199,575</p>
<p>NOTE: Full co name is Bank West Financial Corp.</p>
<p>((--Chicago Newsdesk 312-408-8787))</p>
</text>
<copyright>(c) Reuters Limited 1997</copyright>
<metadata>
<codes class="bip:countries:1.0">
  <code code="USA">
    <editdetail attribution="Reuters BIP Coding Group" action="confirmed" date="1997-07-28"/>
  </code>
</codes>
<codes class="bip:industries:1.0">
  <code code="I81402">
    <editdetail attribution="Reuters BIP Coding Group" action="confirmed" date="1997-07-28"/>
  </code>
</codes>
<codes class="bip:topics:1.0">
  <code code="C15">
    <editdetail attribution="Reuters BIP Coding Group" action="confirmed" date="1997-07-28"/>
  </code>
  <code code="C151">
    <editdetail attribution="Reuters BIP Coding Group" action="confirmed" date="1997-07-28"/>
  </code>
  <code code="C1511">
    <editdetail attribution="Reuters BIP Coding Group" action="confirmed" date="1997-07-28"/>
  </code>
  <code code="CCAT">
    <editdetail attribution="Reuters BIP Coding Group" action="confirmed" date="1997-07-28"/>
  </code>
</codes>
<dc element="dc.date.created" value="1997-07-28"/>
<dc element="dc.publisher" value="Reuters Holdings Plc"/>
<dc element="dc.date.published" value="1997-07-28"/>
<dc element="dc.source" value="Reuters"/>
<dc element="dc.creator.location" value="GRAND RAPIDS, Mich."/>
<dc element="dc.creator.location.country.name" value="USA"/>
<dc element="dc.source" value="Reuters"/>
</metadata>
</newsitem>
