<?xml version="1.0" encoding="iso-8859-1" ?>
<newsitem itemid="758787" id="root" date="1997-07-28" xml:lang="en">
<title>USA: TABLE - Rural Cellular Corp Q2 loss.</title>
<headline>TABLE - Rural Cellular Corp Q2 loss.</headline>
<dateline>ALEXANDRIA, Minn. 1997-07-28</dateline>
<text>
<p>Three Months Ended  Six Months Ended</p>
<p>						   June 30     June 30</p>
<p>					  1997     1996    1997    1996</p>
<p> REVENUES			   $13,326  $7,446 $21,649 $13,128</p>
<p> OPERATING EXPENSES		12,815   6,550  21,492  12,484</p>
<p> OPERATING INCOME		     511     896     157     644</p>
<p> OTHER INCOME (EXPENSE)	 (1,386)	34  (1,520)    146</p>
<p> MINORITY INTEREST		    677	 0   1,125	 0</p>
<p>INCOME (LOSS) BEFORE INCOME TAXES</p>
<p>					  (198)     930   (238)     790</p>
<p> INCOME TAX PROVISION		   0	25	 0	26</p>
<p> NET INCOME (LOSS)		  (198)     905   (238)     764</p>
<p> INCOME (LOSS) PER SHARE	 (0.02)    0.10  (0.03)    0.09</p>
<p> EBITDA				 3,438   2,206   5,046   2,924</p>
<p> CUSTOMERS (END OF PERIOD)(a)  84,900  35,500  84,900  35,500</p>
<p>(a) Excludes Wireless Alliance Customers</p>
<p>BALANCED GROWTH INDICATORS(b)</p>
<p> Penetration			   6.9%    6.0%    6.9%    6.0%</p>
<p> Retention			    98.3%   98.9%   98.6%   98.9%</p>
<p>Average Monthly Revenue per Customer</p>
<p>					     58	68	56	64</p>
<p>Acquisition Cost per Gross Customer</p>
<p>					    442     324     419     322</p>
<p>(in thousands, except per share and customer data)</p>
<p>(b) Excludes Wireless Alliance, LLC and RCC Paging Inc.</p>
<p>		   ((Chicago newsdesk 312 408 8787))</p>
</text>
<copyright>(c) Reuters Limited 1997</copyright>
<metadata>
<codes class="bip:countries:1.0">
  <code code="USA">
    <editdetail attribution="Reuters BIP Coding Group" action="confirmed" date="1997-07-28"/>
  </code>
</codes>
<codes class="bip:industries:1.0">
  <code code="I79020">
    <editdetail attribution="Reuters BIP Coding Group" action="confirmed" date="1997-07-28"/>
  </code>
</codes>
<codes class="bip:topics:1.0">
  <code code="C15">
    <editdetail attribution="Reuters BIP Coding Group" action="confirmed" date="1997-07-28"/>
  </code>
  <code code="C151">
    <editdetail attribution="Reuters BIP Coding Group" action="confirmed" date="1997-07-28"/>
  </code>
  <code code="CCAT">
    <editdetail attribution="Reuters BIP Coding Group" action="confirmed" date="1997-07-28"/>
  </code>
</codes>
<dc element="dc.date.created" value="1997-07-28"/>
<dc element="dc.publisher" value="Reuters Holdings Plc"/>
<dc element="dc.date.published" value="1997-07-28"/>
<dc element="dc.source" value="Reuters"/>
<dc element="dc.creator.location" value="ALEXANDRIA, Minn."/>
<dc element="dc.creator.location.country.name" value="USA"/>
<dc element="dc.source" value="Reuters"/>
</metadata>
</newsitem>
