<?xml version="1.0" encoding="iso-8859-1" ?>
<newsitem itemid="758766" id="root" date="1997-07-28" xml:lang="en">
<title>USA: Former H-P employee files whistle-blower suit.</title>
<headline>Former H-P employee files whistle-blower suit.</headline>
<dateline>PORTLAND, Ore. 1997-07-28</dateline>
<text>
<p>A former Hewlett-Packard Co. employeee has sued the computer company, contending he was demoted and then fired after discovering environmental and safety violations.</p>
<p>Norman Pawlowski, who said he was hired as the company's &quot;worldwide compliance officer,&quot; is seeking $107.5 million in damages in U.S. District Court in Portland.</p>
<p>In the lawsuit filed July 24, Pawlowski said he became aware of so-called violations of the U.S. Toxic Substance Control Act and informed his superiors, but was told to proceed with his work as if no violations had taken place.</p>
<p>Hewlett-Packard officials confirmed that Pawlowski had worked for the company as a chemist at its Corvallis, Ore., site from 1985 to 1996. But at spokeswoman at the company's Palo Alto, Calif., headquarters said executives have not seen the lawsuit and have no comment.</p>
<p>In his lawsuit, Pawlowski said the company wrongly alleged he had committed a crime and attempted to hide it by filing a false document with the U.S. Environmental Protection Agency.</p>
<p>He said he told Hewlett-Packard about other violations of safety and environmental laws, both before and after he was regulatory compliance officer, and was warned against telling his concerns to outsiders.</p>
<p>He said his performance ratings were lowered afterward, and those ratings were used as a basis for his termination.</p>
<p>Pawlowski also named Stanley Landfair, an environmental lawyer, and McKenna &amp; Cuneo LLP, the firm in which Landfair is a partner, as defendants.</p>
</text>
<copyright>(c) Reuters Limited 1997</copyright>
<metadata>
<codes class="bip:countries:1.0">
  <code code="USA">
    <editdetail attribution="Reuters BIP Coding Group" action="confirmed" date="1997-07-28"/>
  </code>
</codes>
<codes class="bip:industries:1.0">
  <code code="I33020">
    <editdetail attribution="Reuters BIP Coding Group" action="confirmed" date="1997-07-28"/>
  </code>
  <code code="I3302003">
    <editdetail attribution="Reuters BIP Coding Group" action="confirmed" date="1997-07-28"/>
  </code>
</codes>
<codes class="bip:topics:1.0">
  <code code="C12">
    <editdetail attribution="Reuters BIP Coding Group" action="confirmed" date="1997-07-28"/>
  </code>
  <code code="C13">
    <editdetail attribution="Reuters BIP Coding Group" action="confirmed" date="1997-07-28"/>
  </code>
  <code code="CCAT">
    <editdetail attribution="Reuters BIP Coding Group" action="confirmed" date="1997-07-28"/>
  </code>
  <code code="E41">
    <editdetail attribution="Reuters BIP Coding Group" action="confirmed" date="1997-07-28"/>
  </code>
  <code code="ECAT">
    <editdetail attribution="Reuters BIP Coding Group" action="confirmed" date="1997-07-28"/>
  </code>
  <code code="GCAT">
    <editdetail attribution="Reuters BIP Coding Group" action="confirmed" date="1997-07-28"/>
  </code>
  <code code="GCRIM">
    <editdetail attribution="Reuters BIP Coding Group" action="confirmed" date="1997-07-28"/>
  </code>
  <code code="GJOB">
    <editdetail attribution="Reuters BIP Coding Group" action="confirmed" date="1997-07-28"/>
  </code>
</codes>
<dc element="dc.date.created" value="1997-07-28"/>
<dc element="dc.publisher" value="Reuters Holdings Plc"/>
<dc element="dc.date.published" value="1997-07-28"/>
<dc element="dc.source" value="Reuters"/>
<dc element="dc.creator.location" value="PORTLAND, Ore."/>
<dc element="dc.creator.location.country.name" value="USA"/>
<dc element="dc.source" value="Reuters"/>
</metadata>
</newsitem>
