<?xml version="1.0" encoding="iso-8859-1" ?>
<newsitem itemid="758768" id="root" date="1997-07-28" xml:lang="en">
<title>USA: TABLE-FAC Realty Inc Q2 shr profit vs loss.</title>
<headline>TABLE-FAC Realty Inc Q2 shr profit vs loss.</headline>
<dateline>CARY, N.C. 1997-07-28</dateline>
<text>
<p>(In thousands, except per share data)</p>
<p>			     Three Months Ended    Six Months Ended</p>
<p>				    June 30,		 June 30,</p>
<p>				  1997	  1996     1997	1996</p>
<p>Rental operations:</p>
<p>Revenues:</p>
<p>     Base rents	$   9,814   $    8,466 $18,537    16,915</p>
<p>     Percentage rents	126	    183     253	 190</p>
<p>Property operating</p>
<p>	cost recoveries    3,179	  3,223   6,120     6,251</p>
<p>     Other income	    356	    171     487	 270</p>
<p>				13,475	 12,043  25,397    23,626</p>
<p>Property operating costs:</p>
<p>Common area</p>
<p>	maintenance	  1,609	  1,254   2,889     2,455</p>
<p>     Utilities		 218	    230     522	 459</p>
<p>     Real estate taxes   1,411	  1,297   2,731     2,594</p>
<p>     Insurance		  85	    213     276	 429</p>
<p>     Marketing		 323	    283     553	 389</p>
<p>     Other		     108	    127     256	 259</p>
<p>				 3,754	  3,404   7,227     6,585</p>
<p>Depreciation and</p>
<p>	amortization	 3,637	  3,272   7,700     6,492</p>
<p>				 7,391	  6,676  14,927    13,077</p>
<p>				 6,084	  5,367  10,470    10,549</p>
<p>Other expenses:</p>
<p>General and</p>
<p>     administrative	1,740	  1,470   4,028     3,092</p>
<p>    Interest		 4,225	  3,888   7,759     7,036</p>
<p>				 5,965	  5,358  11,787    10,128</p>
<p>Income (loss) before</p>
<p>    extraordinary item     119		9  (1,317)	421</p>
<p>Extraordinary item:</p>
<p>loss on debt</p>
<p>     extinguishment	    -	  (103)   (986)     (103)</p>
<p> Net income  (loss)	  119	   (94) (2,303)	 318</p>
<p>Earnings Per Common Share:</p>
<p>Income (loss) before</p>
<p>extraordinary item</p>
<p>			     0.01	$	  -  (0.11)	0.04</p>
<p>    Extraordinary item	 -	 (0.01)  (0.08)    (0.01)</p>
<p> Net income (loss)	  0.01	 (0.01)  (0.19)	0.03</p>
<p>Weighted Average Number</p>
<p>of Common Shares</p>
<p>    Outstanding	   11,837	 11,817  11,834    11,816</p>
<p>((-- New York Newsdesk 212-859-1610))</p>
</text>
<copyright>(c) Reuters Limited 1997</copyright>
<metadata>
<codes class="bip:countries:1.0">
  <code code="USA">
    <editdetail attribution="Reuters BIP Coding Group" action="confirmed" date="1997-07-28"/>
  </code>
</codes>
<codes class="bip:industries:1.0">
  <code code="I85000">
    <editdetail attribution="Reuters BIP Coding Group" action="confirmed" date="1997-07-28"/>
  </code>
</codes>
<codes class="bip:topics:1.0">
  <code code="C15">
    <editdetail attribution="Reuters BIP Coding Group" action="confirmed" date="1997-07-28"/>
  </code>
  <code code="C151">
    <editdetail attribution="Reuters BIP Coding Group" action="confirmed" date="1997-07-28"/>
  </code>
  <code code="CCAT">
    <editdetail attribution="Reuters BIP Coding Group" action="confirmed" date="1997-07-28"/>
  </code>
</codes>
<dc element="dc.date.created" value="1997-07-28"/>
<dc element="dc.publisher" value="Reuters Holdings Plc"/>
<dc element="dc.date.published" value="1997-07-28"/>
<dc element="dc.source" value="Reuters"/>
<dc element="dc.creator.location" value="CARY, N.C."/>
<dc element="dc.creator.location.country.name" value="USA"/>
<dc element="dc.source" value="Reuters"/>
</metadata>
</newsitem>
