<?xml version="1.0" encoding="iso-8859-1" ?>
<newsitem itemid="758762" id="root" date="1997-07-28" xml:lang="en">
<title>USA: TABLE - MCB Financial Corp Q2 results.</title>
<headline>TABLE - MCB Financial Corp Q2 results.</headline>
<dateline>SAN RAFAEL 1997-07-28</dateline>
<text>
<p>1997	  Q2	  1996</p>
<p> Shr			  $0.36		    $0.33</p>
<p> Net			    356			307</p>
<p>					 6  MONTHS</p>
<p> Shr			  $0.61		    $1.40</p>
<p> Net			    602		    1,323</p>
<p>NOTE: Q2 1996 includes a pre-tax recovery of about $1.8 million for litigation expenses. Excluding the litigation recovery, net income for six months 1996 would have been approximately $450,000, or $0.48 per share.</p>
</text>
<copyright>(c) Reuters Limited 1997</copyright>
<metadata>
<codes class="bip:countries:1.0">
  <code code="USA">
    <editdetail attribution="Reuters BIP Coding Group" action="confirmed" date="1997-07-28"/>
  </code>
</codes>
<codes class="bip:industries:1.0">
  <code code="I81402">
    <editdetail attribution="Reuters BIP Coding Group" action="confirmed" date="1997-07-28"/>
  </code>
</codes>
<codes class="bip:topics:1.0">
  <code code="C15">
    <editdetail attribution="Reuters BIP Coding Group" action="confirmed" date="1997-07-28"/>
  </code>
  <code code="C151">
    <editdetail attribution="Reuters BIP Coding Group" action="confirmed" date="1997-07-28"/>
  </code>
  <code code="CCAT">
    <editdetail attribution="Reuters BIP Coding Group" action="confirmed" date="1997-07-28"/>
  </code>
</codes>
<dc element="dc.date.created" value="1997-07-28"/>
<dc element="dc.publisher" value="Reuters Holdings Plc"/>
<dc element="dc.date.published" value="1997-07-28"/>
<dc element="dc.source" value="Reuters"/>
<dc element="dc.creator.location" value="SAN RAFAEL"/>
<dc element="dc.creator.location.country.name" value="USA"/>
<dc element="dc.source" value="Reuters"/>
</metadata>
</newsitem>
