<?xml version="1.0" encoding="iso-8859-1" ?>
<newsitem itemid="758758" id="root" date="1997-07-28" xml:lang="en">
<title>CANADA: Canada daily lumber export figures to U.S.</title>
<headline>Canada daily lumber export figures to U.S.</headline>
<dateline>OTTAWA 1997-07-28</dateline>
<text>
<p>Canada softwood lumber exports to the United States as of 0001 EDT on July 26 in board feet, according to data from the Canadian Department of Foreign Affairs and International Trade:</p>
<p>		  For the April 1 - June 30 quarter:</p>
<p>Province    BC	 Alberta    Ontario    Quebec    Total</p>
<p>bonus     9.26 mln   8.45 mln   7.26 mln  44.67 mln  69.64 mln</p>
<p>EB	 2.302 bln 300.95 mln 410.08 mln 940.85 mln  3.954 bln</p>
<p>LFB	74.20 mln  24.50 mln  20.22 mln  12.93 mln 131.86 mln</p>
<p>UFB	 3.17 mln   7.07 mln   8.45 mln   2.95 mln  21.64 mln</p>
<p>Total    2.388 bln 340.97 mln 446.02 mln  1.001 bln  4.177 bln</p>
<p>Pct exported: EB - 26.89  LFB - 20.28</p>
<p>		  For the July 1 - September 30 quarter</p>
<p>Province    BC	 Alberta    Ontario    Quebec    Total</p>
<p>bonus     0.80 mln   0.00 mln  0.002 mln   1.65 mln   2.45 mln</p>
<p>EB	541.61 mln  77.29 mln 103.41 mln 234.73 mln 957.05 mLn</p>
<p>LFB	 0.64 mln   0.07 mln   0.01 mln   0.30 mln  1.03 mln</p>
<p>UFB	 0.27 mln   0.04 mln   0.08 mln   0.07 mln  0.45 mln</p>
<p>Total   514.50 mln  74.56 mln  95.96 mln 229.16 mln 914.19 mln</p>
<p>Pct exported: EB - 6.51  LFB - 0.15</p>
<p>		 Total year to date (April 1 1997 to present)</p>
<p>Province    BC	 Alberta    Ontario    Quebec    Total</p>
<p>bonus    10.05 mln   8.45 mln   7.26 mln  46.32 mln  72.09 mln</p>
<p>EB	 2.843 bln 378.24 mln 513.49 mln  1.176 bln  4.911 bln</p>
<p>LFB	74.84 mln  24.57 mln  20.23 mln  13.24 mln 132.89 mln</p>
<p>UFB	 3.44 mln   7.11 mln   8.53 mln   3.02 mln  22.09 mln</p>
<p>Total    2.932 bln 418.38 mln 549.52 mln  1.238 bln  5.138 bln</p>
<p>Pct exported: EB - 33.40  LFB - 20.44</p>
<p>Source: Export and Import Controls Bureau, Department of Foreign Affairs and International Trade.</p>
<p>NOTE: EB = established base shipments, LFB = lower fee base, UFB = upper base fee.</p>
<p>From April 1, 1997, Canadian lumber exports which exceed quarterly or annual quotas are subject to export fees. Exports above 14.7 billion board feet annually or 4.226 billion board feet quarterly are subject to US$50 fee for every 1,000 board feet. If such excess exports exceed 650 million board feet, they are subject to a US$100 fee for every 1,000 board feet.</p>
<p>Export quotas are allocated for each province on a company-by-company basis. Shippers who have not been given an allocation are subject to the US$100 fee for any lumber they export.</p>
<p>This export data is based on Canadian export permits. There is about a one-week lag between the entry of lumber into the United States and the application for a Canadian permit.</p>
<p>((Reuters Ottawa Bureau (613) 235-6745))</p>
</text>
<copyright>(c) Reuters Limited 1997</copyright>
<metadata>
<codes class="bip:countries:1.0">
  <code code="CANA">
    <editdetail attribution="Reuters BIP Coding Group" action="confirmed" date="1997-07-28"/>
  </code>
  <code code="USA">
    <editdetail attribution="Reuters BIP Coding Group" action="confirmed" date="1997-07-28"/>
  </code>
</codes>
<codes class="bip:industries:1.0">
  <code code="I02000">
    <editdetail attribution="Reuters BIP Coding Group" action="confirmed" date="1997-07-28"/>
  </code>
  <code code="I46000">
    <editdetail attribution="Reuters BIP Coding Group" action="confirmed" date="1997-07-28"/>
  </code>
</codes>
<codes class="bip:topics:1.0">
  <code code="C31">
    <editdetail attribution="Reuters BIP Coding Group" action="confirmed" date="1997-07-28"/>
  </code>
  <code code="C312">
    <editdetail attribution="Reuters BIP Coding Group" action="confirmed" date="1997-07-28"/>
  </code>
  <code code="CCAT">
    <editdetail attribution="Reuters BIP Coding Group" action="confirmed" date="1997-07-28"/>
  </code>
  <code code="E51">
    <editdetail attribution="Reuters BIP Coding Group" action="confirmed" date="1997-07-28"/>
  </code>
  <code code="E512">
    <editdetail attribution="Reuters BIP Coding Group" action="confirmed" date="1997-07-28"/>
  </code>
  <code code="ECAT">
    <editdetail attribution="Reuters BIP Coding Group" action="confirmed" date="1997-07-28"/>
  </code>
</codes>
<dc element="dc.date.created" value="1997-07-28"/>
<dc element="dc.publisher" value="Reuters Holdings Plc"/>
<dc element="dc.date.published" value="1997-07-28"/>
<dc element="dc.source" value="Reuters"/>
<dc element="dc.creator.location" value="OTTAWA"/>
<dc element="dc.creator.location.country.name" value="CANADA"/>
<dc element="dc.source" value="Reuters"/>
</metadata>
</newsitem>
