<?xml version="1.0" encoding="iso-8859-1" ?>
<newsitem itemid="758788" id="root" date="1997-07-28" xml:lang="en">
<title>USA: USTR Barshefsky -- Japan &quot;stalled&quot; on auto accord.</title>
<headline>USTR Barshefsky -- Japan &quot;stalled&quot; on auto accord.</headline>
<byline>Donna Smith</byline>
<dateline>WASHINGTON 1997-07-28</dateline>
<text>
<p>U.S. Trade Represenative Charlene Barshefsky said Monday that the U.S. automotive trade deficit with Japan is getting worse and that Tokyo has fallen short in fulfilling an agreement to open its market.</p>
<p>&quot;There is no question that Japan has stalled on deregulation in this sector. That is of significant concern and inexcusable,&quot; Barshefsky said in an interview with Reuters. &quot;There is no question that the number of vehicle dealerships is also not adequate.&quot;  </p>
<p>A 1995 U.S.- Japan trade agreement, reached after contentious negotiations in which the two countries neared the brink of a trade war, calls on Tokyo to deregulate automotive parts markets in order to give foreign suppliers more access and to encourage more dealers to sell American brand cars.</p>
<p>Since the agreement, the trade deficit in the automotive sector has deteriorated, not improved, according to Barshefsky. She said the automotive sector now accounts for 66 percent of the U.S. deficit with Japan, compared to 60 percent two years ago.  </p>
<p>&quot;The numbers are disturbing,&quot; said Barshefsky, who along with U.S. Treasury Secretary Robert Rubin has told Tokyo that Washington does not want Japan to run up significant surpluses or export its way out of financial difficulties.</p>
<p>The number of Japanese automobile dealers that have signed up to sell cars made by Chrysler Corp, Ford Motor Co. and General Motors Co has fallen far short of expectations.</p>
<p>The American Automobile Manufacturers Association said that since the 1995 agreement was signed, 126 new dealerships have agreed to sell American cars.  </p>
<p>That is far short of the 200 expected by the end of the first year of the agreement and the 400 that were expected by the end of 1997.</p>
<p>Barshefsky said the United States will raise those issues during a review of the auto trade accord in September.</p>
<p>That is one of a number of issues that could heighten U.S. trade tensions with Japan over the next few months.</p>
<p>An agreement with Japan on procurement of telecommunications equipment by Japan's Nippon Telegraph and Telephone Corp. is set to expire in September and the two sides will sit down for talks next week.  </p>
<p>The United States has said it expected American companies to gain a bigger share of equipment sales to NTT and its subsidiaries give the competitiveness of U.S. firms in other markets and in sales to the private sector in Japan.</p>
<p>At the same time, U.S. officials are gearing up for more talks with Japan on civil aviation. Washington has been pushing for an &quot;open skies&quot; agreement that would remove limits on service, but Tokyo is resisting that idea.  </p>
<p>The United States and Japan will also be trying to resolve a dispute over Japanese port practices. The U.S. Federal Maritime Commission has suspended proposed sanctions against Japanese shipping companies until September 4 to give Japan time to resolve some of the port issues that Washington says are unfair to foreign liners.</p>
<p>On China, Barshefsky said talks were being held in Geneva this week on Beijing's bid to join the World Trade Organization. Bilateral talks between the United States and China will take place later this week. But Barshefsky said that based on what U.S. officials heard of talks that have been with other WTO partners this week, Beijing's latest offer is &quot;tepid.&quot;</p>
<p>She said Beijing has been &quot;unresponsive&quot; to concerns of some countries particularly the European Union.</p>
<p>&quot;We will see what they do in our bilateral,&quot; she added.</p>
<p>	  -- Washington newsroom, ((202-898-8300))</p>
</text>
<copyright>(c) Reuters Limited 1997</copyright>
<metadata>
<codes class="bip:countries:1.0">
  <code code="JAP">
    <editdetail attribution="Reuters BIP Coding Group" action="confirmed" date="1997-07-28"/>
  </code>
  <code code="USA">
    <editdetail attribution="Reuters BIP Coding Group" action="confirmed" date="1997-07-28"/>
  </code>
</codes>
<codes class="bip:industries:1.0">
  <code code="I35101">
    <editdetail attribution="Reuters BIP Coding Group" action="confirmed" date="1997-07-28"/>
  </code>
  <code code="I79020">
    <editdetail attribution="Reuters BIP Coding Group" action="confirmed" date="1997-07-28"/>
  </code>
</codes>
<codes class="bip:topics:1.0">
  <code code="C13">
    <editdetail attribution="Reuters BIP Coding Group" action="confirmed" date="1997-07-28"/>
  </code>
  <code code="CCAT">
    <editdetail attribution="Reuters BIP Coding Group" action="confirmed" date="1997-07-28"/>
  </code>
  <code code="E51">
    <editdetail attribution="Reuters BIP Coding Group" action="confirmed" date="1997-07-28"/>
  </code>
  <code code="E512">
    <editdetail attribution="Reuters BIP Coding Group" action="confirmed" date="1997-07-28"/>
  </code>
  <code code="ECAT">
    <editdetail attribution="Reuters BIP Coding Group" action="confirmed" date="1997-07-28"/>
  </code>
</codes>
<dc element="dc.date.created" value="1997-07-28"/>
<dc element="dc.publisher" value="Reuters Holdings Plc"/>
<dc element="dc.date.published" value="1997-07-28"/>
<dc element="dc.source" value="Reuters"/>
<dc element="dc.creator.location" value="WASHINGTON"/>
<dc element="dc.creator.location.country.name" value="USA"/>
<dc element="dc.source" value="Reuters"/>
</metadata>
</newsitem>
