<?xml version="1.0" encoding="iso-8859-1" ?>
<newsitem itemid="758811" id="root" date="1997-07-28" xml:lang="en">
<title>USA: TABLE - Questar Corp Q2 net, share fall.</title>
<headline>TABLE - Questar Corp Q2 net, share fall.</headline>
<dateline>SALT LAKE CITY 1997-07-28</dateline>
<text>
<p>1997	   1996</p>
<p>Three months ended June 30</p>
<p> Revenues				  $151,453,000  $148,968,000</p>
<p> Operating income			  23,448,000    25,169,000</p>
<p> Net income				  13,607,000    16,068,000</p>
<p> Earnings per common share			.32	     .39</p>
<p> Average common shares outstanding   41,088,000    40,789,000</p>
<p>Six months ended June 30</p>
<p> Revenues				   509,831,000   374,691,000</p>
<p> Operating income			  95,370,000    86,230,000</p>
<p> Net income				  54,581,000    50,664,000</p>
<p> Earnings per common share		     1.32	    1.24</p>
<p> Average common shares outstanding   41,067,000    40,753,000</p>
</text>
<copyright>(c) Reuters Limited 1997</copyright>
<metadata>
<codes class="bip:countries:1.0">
  <code code="USA">
    <editdetail attribution="Reuters BIP Coding Group" action="confirmed" date="1997-07-28"/>
  </code>
</codes>
<codes class="bip:industries:1.0">
  <code code="I16200">
    <editdetail attribution="Reuters BIP Coding Group" action="confirmed" date="1997-07-28"/>
  </code>
</codes>
<codes class="bip:topics:1.0">
  <code code="C15">
    <editdetail attribution="Reuters BIP Coding Group" action="confirmed" date="1997-07-28"/>
  </code>
  <code code="C151">
    <editdetail attribution="Reuters BIP Coding Group" action="confirmed" date="1997-07-28"/>
  </code>
  <code code="CCAT">
    <editdetail attribution="Reuters BIP Coding Group" action="confirmed" date="1997-07-28"/>
  </code>
</codes>
<dc element="dc.date.created" value="1997-07-28"/>
<dc element="dc.publisher" value="Reuters Holdings Plc"/>
<dc element="dc.date.published" value="1997-07-28"/>
<dc element="dc.source" value="Reuters"/>
<dc element="dc.creator.location" value="SALT LAKE CITY"/>
<dc element="dc.creator.location.country.name" value="USA"/>
<dc element="dc.source" value="Reuters"/>
</metadata>
</newsitem>
