<?xml version="1.0" encoding="iso-8859-1" ?>
<newsitem itemid="758855" id="root" date="1997-07-28" xml:lang="en">
<title>USA: Harte-Hanks to buy Disney unit.</title>
<headline>Harte-Hanks to buy Disney unit.</headline>
<dateline>SAN ANTONIO 1997-07-28</dateline>
<text>
<p>Harte-Hanks Communications Inc said Monday it had signed a definitive agreement with ABC Inc to buy its ABC Shoppers Group in a deal worth about $104 million in cash.</p>
<p>The company said in a statement that the deal, which it expects to close by the end of September, will help it expand its shopper group.</p>
<p>It also said it expected the deal to be accretive to earnings in 1998.</p>
<p>&quot;The ABC shoppers are expected to generate 1997 revenues of approximately $67 million,&quot; it said.</p>
<p>The group publishes free circulation advertising publications reaching an estimated 2.4 million households in California and the U.S. Midwest, it said.</p>
<p>ABC Inc is an indirect subsidiary of The Walt Disney Co.</p>
<p>Based in San Antonio, Texas, Harte-Hanks Communications owns and operates an international direct marketing company.</p>
</text>
<copyright>(c) Reuters Limited 1997</copyright>
<metadata>
<codes class="bip:countries:1.0">
  <code code="USA">
    <editdetail attribution="Reuters BIP Coding Group" action="confirmed" date="1997-07-28"/>
  </code>
</codes>
<codes class="bip:industries:1.0">
  <code code="I83954">
    <editdetail attribution="Reuters BIP Coding Group" action="confirmed" date="1997-07-28"/>
  </code>
  <code code="I97100">
    <editdetail attribution="Reuters BIP Coding Group" action="confirmed" date="1997-07-28"/>
  </code>
</codes>
<codes class="bip:topics:1.0">
  <code code="C18">
    <editdetail attribution="Reuters BIP Coding Group" action="confirmed" date="1997-07-28"/>
  </code>
  <code code="C181">
    <editdetail attribution="Reuters BIP Coding Group" action="confirmed" date="1997-07-28"/>
  </code>
  <code code="CCAT">
    <editdetail attribution="Reuters BIP Coding Group" action="confirmed" date="1997-07-28"/>
  </code>
</codes>
<dc element="dc.date.created" value="1997-07-28"/>
<dc element="dc.publisher" value="Reuters Holdings Plc"/>
<dc element="dc.date.published" value="1997-07-28"/>
<dc element="dc.source" value="Reuters"/>
<dc element="dc.creator.location" value="SAN ANTONIO"/>
<dc element="dc.creator.location.country.name" value="USA"/>
<dc element="dc.source" value="Reuters"/>
</metadata>
</newsitem>
