<?xml version="1.0" encoding="iso-8859-1" ?>
<newsitem itemid="758804" id="root" date="1997-07-28" xml:lang="en">
<title>USA: TABLE - YieldUP International Q2 results.</title>
<headline>TABLE - YieldUP International Q2 results.</headline>
<dateline>MOUNTAIN VIEW, Calif. 1997-07-28</dateline>
<text>
<p>Quarters Ended	    Six Months Ended</p>
<p>				  June 30,		     June 30,</p>
<p>			   1997	  1996	   1997	  1996</p>
<p>Revenues:</p>
<p>Equipment sales</p>
<p>		  $ 1,206,886   $ 429,800  $ 2,119,886  $  940,050</p>
<p>Cost of sales     922,474     596,601    1,881,249   1,091,569</p>
<p>Gross margin     284,412    (166,801)     238,637    (151,519)</p>
<p>Operating expenses:</p>
<p>Research and</p>
<p> development	455,614     292,608	784,915     595,096</p>
<p>Selling, general, and</p>
<p> administrative   654,669     414,549    1,274,714     862,747</p>
<p>Total operating</p>
<p>  expenses	1,110,283     707,157    2,059,629   1,457,843</p>
<p>Operating loss</p>
<p>		    (825,871)   (873,958)  (1,820,992) (1,609,362)</p>
<p>Interest expense</p>
<p> (income), net   (87,479)    (31,083)     (81,471)    (80,870)</p>
<p>  Net loss     $(738,392)  $(842,875) $(1,739,521)$(1,528,492)</p>
<p>Net loss per share</p>
<p>		   $   (0.15)  $   (0.25) $     (0.42) $    (0.45)</p>
<p>Shares used in per</p>
<p>share computations</p>
<p>		    4,879,040   3,406,057    4,146,586   3,405,679</p>
</text>
<copyright>(c) Reuters Limited 1997</copyright>
<metadata>
<codes class="bip:countries:1.0">
  <code code="USA">
    <editdetail attribution="Reuters BIP Coding Group" action="confirmed" date="1997-07-28"/>
  </code>
</codes>
<codes class="bip:topics:1.0">
  <code code="C15">
    <editdetail attribution="Reuters BIP Coding Group" action="confirmed" date="1997-07-28"/>
  </code>
  <code code="C151">
    <editdetail attribution="Reuters BIP Coding Group" action="confirmed" date="1997-07-28"/>
  </code>
  <code code="CCAT">
    <editdetail attribution="Reuters BIP Coding Group" action="confirmed" date="1997-07-28"/>
  </code>
</codes>
<dc element="dc.date.created" value="1997-07-28"/>
<dc element="dc.publisher" value="Reuters Holdings Plc"/>
<dc element="dc.date.published" value="1997-07-28"/>
<dc element="dc.source" value="Reuters"/>
<dc element="dc.creator.location" value="MOUNTAIN VIEW, Calif."/>
<dc element="dc.creator.location.country.name" value="USA"/>
<dc element="dc.source" value="Reuters"/>
</metadata>
</newsitem>
