<?xml version="1.0" encoding="iso-8859-1" ?>
<newsitem itemid="758806" id="root" date="1997-07-28" xml:lang="en">
<title>USA: Detroit Purchasing Managers July index rises.</title>
<headline>Detroit Purchasing Managers July index rises.</headline>
<dateline>DETROIT 1997-07-28</dateline>
<text>
<p>The National Association of Purchasing Management-Metro Detroit's composite July index rose to 52.2 from 48.3 in June, according to a Comerica Inc survey released Monday.</p>
<p>An index below 50 signals a slowing manufacturing economy, while a reading above 50 suggests expansion, according to the survey of southeastern Michigan's industrial economy.</p>
<p>A year ago, in July 1996, the index was 52.8, or 0.6 points above current levels.</p>
<p>&quot;During July, the non-automotive sector of the local economy carried the ball,&quot; said David Littmann, senior economist with Detroit-based Comerica Bank, a unit of Comerica Inc.</p>
<p>&quot;Production and new order activity showed modest expansion, while employment shrunk in both automotive and non-automotive segments of the marketplace,&quot; he said.</p>
</text>
<copyright>(c) Reuters Limited 1997</copyright>
<metadata>
<codes class="bip:countries:1.0">
  <code code="USA">
    <editdetail attribution="Reuters BIP Coding Group" action="confirmed" date="1997-07-28"/>
  </code>
</codes>
<codes class="bip:topics:1.0">
  <code code="E31">
    <editdetail attribution="Reuters BIP Coding Group" action="confirmed" date="1997-07-28"/>
  </code>
  <code code="ECAT">
    <editdetail attribution="Reuters BIP Coding Group" action="confirmed" date="1997-07-28"/>
  </code>
</codes>
<dc element="dc.date.created" value="1997-07-28"/>
<dc element="dc.publisher" value="Reuters Holdings Plc"/>
<dc element="dc.date.published" value="1997-07-28"/>
<dc element="dc.source" value="Reuters"/>
<dc element="dc.creator.location" value="DETROIT"/>
<dc element="dc.creator.location.country.name" value="USA"/>
<dc element="dc.source" value="Reuters"/>
</metadata>
</newsitem>
