<?xml version="1.0" encoding="iso-8859-1" ?>
<newsitem itemid="758856" id="root" date="1997-07-28" xml:lang="en">
<title>USA: Excite CEO sees breakeven in H1 1998.</title>
<headline>Excite CEO sees breakeven in H1 1998.</headline>
<dateline>SAN FRANCISCO, Calif. 1997-07-28</dateline>
<text>
<p>Excite Inc Chief Executive Officer George Bell said the company is comfortable with Wall Street consensus estimates for Excite to reach break-even in first half 1998.</p>
<p>Bell said a blending of consensus estimates -- with some analysts predicting first quarter break-even and others projecting the Internet search and navigation company won't hit break even until the second quarter next year -- was for it to cross breakeven sometime in April.  </p>
<p>Bell also said Excite, which is developing into a media company on the Internet, expects the overall market for advertising on the Internet this year to be around $600 million -- more than double 1996 levels, but only slightly more than half one estimate of $1.1 billion.</p>
<p>Bell told reporters after a presentation to a Robertson Stephens investment conference here that he expects two distinct advertising trends to continue: downward pressure on bulk banner advertising for general rotation and growth of higher-rate differentiated space.</p>
<p>Noting that Excite's average cost per thousand (CPM) was hovering just under $20 in the second quarter, roughly typical for the leading search engines, he said there was &quot;a lot of pressure on tonnage&quot; general rotation space.</p>
<p>Internet media companies sell advertising by posting banners on which visitors may click to be transferred to an advertiser-designated Web page.</p>
<p>In addition to general rotation, for which there is a lot of excess capacity, most companies like Excite now also offer the capability to sell advertisements linked to certain keywords typed in by customers, or by subjects.</p>
<p>Bell said that, while he had heard of deals being struck at $3 to $4 per CPM for general rotation ads, Excite has been able to develop a $35 to $38 price point for its newly created &quot;channels&quot;, which offer information by subject.</p>
<p>Such channels accounted for nearly half of Excite's capacity in the second quarter, he said. Excite has recently been averaging around 16 million page views a day, up from around 15 million in the first quarter.</p>
<p>&quot;Most of us (the search engine companies) were sold out on the important key words,&quot; he said, referring to the first quarter's results.</p>
<p>The traffic rates exclude the Netfinder search capability that Excite provides America Online Inc, which would have brought the average to 21-22 million page views a day.</p>
<p>Bell noted that Excite has used acquisitions and investments to climb to the number two Internet search and navigation company, behind Yahoo! Inc., from the seventh-ranked position 16 months ago. Yahoo! reported that its number of page views per day averaged 38 million in June, up by around eight million from the month of March.</p>
<p>(sam.perry@reuters.com, Palo Alto Bureau 415 846 5400)</p>
</text>
<copyright>(c) Reuters Limited 1997</copyright>
<metadata>
<codes class="bip:countries:1.0">
  <code code="USA">
    <editdetail attribution="Reuters BIP Coding Group" action="confirmed" date="1997-07-28"/>
  </code>
</codes>
<codes class="bip:topics:1.0">
  <code code="C11">
    <editdetail attribution="Reuters BIP Coding Group" action="confirmed" date="1997-07-28"/>
  </code>
  <code code="C15">
    <editdetail attribution="Reuters BIP Coding Group" action="confirmed" date="1997-07-28"/>
  </code>
  <code code="C152">
    <editdetail attribution="Reuters BIP Coding Group" action="confirmed" date="1997-07-28"/>
  </code>
  <code code="CCAT">
    <editdetail attribution="Reuters BIP Coding Group" action="confirmed" date="1997-07-28"/>
  </code>
</codes>
<dc element="dc.date.created" value="1997-07-28"/>
<dc element="dc.publisher" value="Reuters Holdings Plc"/>
<dc element="dc.date.published" value="1997-07-28"/>
<dc element="dc.source" value="Reuters"/>
<dc element="dc.creator.location" value="SAN FRANCISCO, Calif."/>
<dc element="dc.creator.location.country.name" value="USA"/>
<dc element="dc.source" value="Reuters"/>
</metadata>
</newsitem>
