<?xml version="1.0" encoding="iso-8859-1" ?>
<newsitem itemid="758802" id="root" date="1997-07-28" xml:lang="en">
<title>USA: TABLE - Hayes Microcomputer Q2 loss widens.</title>
<headline>TABLE - Hayes Microcomputer Q2 loss widens.</headline>
<dateline>ATLANTA 1997-07-28</dateline>
<text>
<p>Financial Information Summary</p>
<p>		   Quarter Ending		   Six Months Ending</p>
<p>(000's)   June 30,   June 30,	    June 30,     June 30,</p>
<p>	    1997	  1996		    1997	   1996</p>
<p> Revenue   $55,721   $68,617		 $94,897     $145,584</p>
<p> Net Income (2,465)     (288)		 (7,834)	 5,226</p>
<p>(loss)</p>
<p>-- New York Newsdesk 212 859-1610</p>
</text>
<copyright>(c) Reuters Limited 1997</copyright>
<metadata>
<codes class="bip:countries:1.0">
  <code code="USA">
    <editdetail attribution="Reuters BIP Coding Group" action="confirmed" date="1997-07-28"/>
  </code>
</codes>
<codes class="bip:industries:1.0">
  <code code="I33020">
    <editdetail attribution="Reuters BIP Coding Group" action="confirmed" date="1997-07-28"/>
  </code>
  <code code="I3302004">
    <editdetail attribution="Reuters BIP Coding Group" action="confirmed" date="1997-07-28"/>
  </code>
</codes>
<codes class="bip:topics:1.0">
  <code code="C15">
    <editdetail attribution="Reuters BIP Coding Group" action="confirmed" date="1997-07-28"/>
  </code>
  <code code="C151">
    <editdetail attribution="Reuters BIP Coding Group" action="confirmed" date="1997-07-28"/>
  </code>
  <code code="CCAT">
    <editdetail attribution="Reuters BIP Coding Group" action="confirmed" date="1997-07-28"/>
  </code>
</codes>
<dc element="dc.date.created" value="1997-07-28"/>
<dc element="dc.publisher" value="Reuters Holdings Plc"/>
<dc element="dc.date.published" value="1997-07-28"/>
<dc element="dc.source" value="Reuters"/>
<dc element="dc.creator.location" value="ATLANTA"/>
<dc element="dc.creator.location.country.name" value="USA"/>
<dc element="dc.source" value="Reuters"/>
</metadata>
</newsitem>
