<?xml version="1.0" encoding="iso-8859-1" ?>
<newsitem itemid="758957" id="root" date="1997-07-28" xml:lang="en">
<title>USA: Coach USA acquires two motorcoach cos.</title>
<headline>Coach USA acquires two motorcoach cos.</headline>
<dateline>HOUSTON 1997-07-28</dateline>
<text>
<p>Coach USA Inc said Monday that it has executed definitive agreements to acquire two motorcoach businesses.</p>
<p>Terms were not disclosed.</p>
<p>The company acquired Gray Line Tours of Southern Nevada, which is based in Las Vegas, and MTC Inc of Phoenix, Ariz. The businesses have annual revenues of $20 million, Coach said.</p>
<p>((-- New York Newsdesk 212-859-1610))</p>
</text>
<copyright>(c) Reuters Limited 1997</copyright>
<metadata>
<codes class="bip:countries:1.0">
  <code code="USA">
    <editdetail attribution="Reuters BIP Coding Group" action="confirmed" date="1997-07-28"/>
  </code>
</codes>
<codes class="bip:industries:1.0">
  <code code="I72102">
    <editdetail attribution="Reuters BIP Coding Group" action="confirmed" date="1997-07-28"/>
  </code>
</codes>
<codes class="bip:topics:1.0">
  <code code="C18">
    <editdetail attribution="Reuters BIP Coding Group" action="confirmed" date="1997-07-28"/>
  </code>
  <code code="C181">
    <editdetail attribution="Reuters BIP Coding Group" action="confirmed" date="1997-07-28"/>
  </code>
  <code code="CCAT">
    <editdetail attribution="Reuters BIP Coding Group" action="confirmed" date="1997-07-28"/>
  </code>
</codes>
<dc element="dc.date.created" value="1997-07-28"/>
<dc element="dc.publisher" value="Reuters Holdings Plc"/>
<dc element="dc.date.published" value="1997-07-28"/>
<dc element="dc.source" value="Reuters"/>
<dc element="dc.creator.location" value="HOUSTON"/>
<dc element="dc.creator.location.country.name" value="USA"/>
<dc element="dc.source" value="Reuters"/>
</metadata>
</newsitem>
