<?xml version="1.0" encoding="iso-8859-1" ?>
<newsitem itemid="758937" id="root" date="1997-07-28" xml:lang="en">
<title>USA: PICO unit sells Resource stake.</title>
<headline>PICO unit sells Resource stake.</headline>
<dateline>PHILADELPHIA 1997-07-28</dateline>
<text>
<p>Resource America Inc said on Monday that Physicians Insurance Co of Ohio exercised its warrants on unregistered 983,150 Resource shares, which were sold in a private placement to institutional investors.</p>
<p>Physicians Insurance is a wholly owned subsidiary of PICO Holdings Inc. No further financial details of the transaction were provided.</p>
<p>Resource said in a news release that John Hart, president of PICO Holdings, resigned from Resource's board due to the sale of PICO's Resource shares.</p>
<p>In a separate private placement, Resource said it sold $115 million in senior notes due 2007 to a group of institutional investors, and also paid off an $8 million promissory note held by PICO.</p>
<p>The promissory note was due in 2004.</p>
<p>Resource America is a finance company specializing in real estate mortgages and equipment lease finance. The company also owns and operates some energy assets in the Appalachian Basin.</p>
</text>
<copyright>(c) Reuters Limited 1997</copyright>
<metadata>
<codes class="bip:countries:1.0">
  <code code="USA">
    <editdetail attribution="Reuters BIP Coding Group" action="confirmed" date="1997-07-28"/>
  </code>
</codes>
<codes class="bip:industries:1.0">
  <code code="I13000">
    <editdetail attribution="Reuters BIP Coding Group" action="confirmed" date="1997-07-28"/>
  </code>
  <code code="I82003">
    <editdetail attribution="Reuters BIP Coding Group" action="confirmed" date="1997-07-28"/>
  </code>
</codes>
<codes class="bip:topics:1.0">
  <code code="C17">
    <editdetail attribution="Reuters BIP Coding Group" action="confirmed" date="1997-07-28"/>
  </code>
  <code code="C171">
    <editdetail attribution="Reuters BIP Coding Group" action="confirmed" date="1997-07-28"/>
  </code>
  <code code="C18">
    <editdetail attribution="Reuters BIP Coding Group" action="confirmed" date="1997-07-28"/>
  </code>
  <code code="C181">
    <editdetail attribution="Reuters BIP Coding Group" action="confirmed" date="1997-07-28"/>
  </code>
  <code code="CCAT">
    <editdetail attribution="Reuters BIP Coding Group" action="confirmed" date="1997-07-28"/>
  </code>
</codes>
<dc element="dc.date.created" value="1997-07-28"/>
<dc element="dc.publisher" value="Reuters Holdings Plc"/>
<dc element="dc.date.published" value="1997-07-28"/>
<dc element="dc.source" value="Reuters"/>
<dc element="dc.creator.location" value="PHILADELPHIA"/>
<dc element="dc.creator.location.country.name" value="USA"/>
<dc element="dc.source" value="Reuters"/>
</metadata>
</newsitem>
