<?xml version="1.0" encoding="iso-8859-1" ?>
<newsitem itemid="758930" id="root" date="1997-07-28" xml:lang="en">
<title>USA: Dow pares gains, NYSE lifts curbs.</title>
<headline>Dow pares gains, NYSE lifts curbs.</headline>
<dateline>NEW YORK 1997-07-28</dateline>
<text>
<p>U.S. blue chips retreated from their session highs in late afternoon, prompting the New York Stock Exchange to lift program trading curbs.</p>
<p>The Dow edged back to 8136, up 22 points for the session, as late profit-taking wiped out the majority of the blue chip average's gains. Tech stocks extended to modest losses, dragging the Nasdaq Composite to a six point decline at 1563.</p>
<p>The NYSE lifted index-arbitrage trading curbs at 1531 EDT/1931 GMT.</p>
<p>((-- Wall Street desk, 212-859-1730))</p>
</text>
<copyright>(c) Reuters Limited 1997</copyright>
<metadata>
<codes class="bip:countries:1.0">
  <code code="USA">
    <editdetail attribution="Reuters BIP Coding Group" action="confirmed" date="1997-07-28"/>
  </code>
</codes>
<codes class="bip:topics:1.0">
  <code code="M11">
    <editdetail attribution="Reuters BIP Coding Group" action="confirmed" date="1997-07-28"/>
  </code>
  <code code="MCAT">
    <editdetail attribution="Reuters BIP Coding Group" action="confirmed" date="1997-07-28"/>
  </code>
</codes>
<dc element="dc.date.created" value="1997-07-28"/>
<dc element="dc.publisher" value="Reuters Holdings Plc"/>
<dc element="dc.date.published" value="1997-07-28"/>
<dc element="dc.source" value="Reuters"/>
<dc element="dc.creator.location" value="NEW YORK"/>
<dc element="dc.creator.location.country.name" value="USA"/>
<dc element="dc.source" value="Reuters"/>
</metadata>
</newsitem>
