<?xml version="1.0" encoding="iso-8859-1" ?>
<newsitem itemid="758952" id="root" date="1997-07-28" xml:lang="en">
<title>USA: RESEARCH ALERT - Three-Five started.</title>
<headline>RESEARCH ALERT - Three-Five started.</headline>
<dateline>NEW YORK 1997-07-28</dateline>
<text>
<p>Furman Selz said it initiated coverage of Three-Five Systems Inc and added the stock to its recommended list.</p>
<p>-- set a price target of $30 a share.</p>
<p>-- said expects to see year-over-year sales growth of 39 percent in 1997 and 36 percent in 1998.</p>
<p>-- Three-Five Systems gained 1-1/2 to 21-3/8.</p>
</text>
<copyright>(c) Reuters Limited 1997</copyright>
<metadata>
<codes class="bip:countries:1.0">
  <code code="USA">
    <editdetail attribution="Reuters BIP Coding Group" action="confirmed" date="1997-07-28"/>
  </code>
</codes>
<codes class="bip:industries:1.0">
  <code code="I33020">
    <editdetail attribution="Reuters BIP Coding Group" action="confirmed" date="1997-07-28"/>
  </code>
</codes>
<codes class="bip:topics:1.0">
  <code code="C15">
    <editdetail attribution="Reuters BIP Coding Group" action="confirmed" date="1997-07-28"/>
  </code>
  <code code="C152">
    <editdetail attribution="Reuters BIP Coding Group" action="confirmed" date="1997-07-28"/>
  </code>
  <code code="CCAT">
    <editdetail attribution="Reuters BIP Coding Group" action="confirmed" date="1997-07-28"/>
  </code>
</codes>
<dc element="dc.date.created" value="1997-07-28"/>
<dc element="dc.publisher" value="Reuters Holdings Plc"/>
<dc element="dc.date.published" value="1997-07-28"/>
<dc element="dc.source" value="Reuters"/>
<dc element="dc.creator.location" value="NEW YORK"/>
<dc element="dc.creator.location.country.name" value="USA"/>
<dc element="dc.source" value="Reuters"/>
</metadata>
</newsitem>
