<?xml version="1.0" encoding="iso-8859-1" ?>
<newsitem itemid="758918" id="root" date="1997-07-28" xml:lang="en">
<title>USA: Southern Union settles overcharge claims.</title>
<headline>Southern Union settles overcharge claims.</headline>
<dateline>AUSTIN, Texas 1997-07-28</dateline>
<text>
<p>Southern Union Co said Monday that its Missouri Gas Energy division had reached a global settlement to resolve complaints of overbilling brought by the Office of Public Counsel and the Missouri Public Service Commission.</p>
<p>Southern Union said the settlement calls for Missouri Gas to credit about $1.5 million to customers who were allegedly overbilled for gas this past winter.</p>
<p>It also calls for Missouri Gas to contribute $550,000 to a social service group to help needy Missouri Gas customers pay their gas bills.  </p>
<p>Southern Union said the complaints arose primarily from billing errors made during the past winter's heating season. It said the errors resulted in overbillings of about $550,000 and underbillings of about $360,000.</p>
<p>Southern Union is a gas distribution company serving about 968,000 customers through two divisions, Southern Union Gas and Missouri Gas Energy.  Missouri Gas serves about 471,000 customers in western Missouri.</p>
</text>
<copyright>(c) Reuters Limited 1997</copyright>
<metadata>
<codes class="bip:countries:1.0">
  <code code="USA">
    <editdetail attribution="Reuters BIP Coding Group" action="confirmed" date="1997-07-28"/>
  </code>
</codes>
<codes class="bip:industries:1.0">
  <code code="I16200">
    <editdetail attribution="Reuters BIP Coding Group" action="confirmed" date="1997-07-28"/>
  </code>
</codes>
<codes class="bip:topics:1.0">
  <code code="C13">
    <editdetail attribution="Reuters BIP Coding Group" action="confirmed" date="1997-07-28"/>
  </code>
  <code code="C31">
    <editdetail attribution="Reuters BIP Coding Group" action="confirmed" date="1997-07-28"/>
  </code>
  <code code="CCAT">
    <editdetail attribution="Reuters BIP Coding Group" action="confirmed" date="1997-07-28"/>
  </code>
</codes>
<dc element="dc.date.created" value="1997-07-28"/>
<dc element="dc.publisher" value="Reuters Holdings Plc"/>
<dc element="dc.date.published" value="1997-07-28"/>
<dc element="dc.source" value="Reuters"/>
<dc element="dc.creator.location" value="AUSTIN, Texas"/>
<dc element="dc.creator.location.country.name" value="USA"/>
<dc element="dc.source" value="Reuters"/>
</metadata>
</newsitem>
