<?xml version="1.0" encoding="iso-8859-1" ?>
<newsitem itemid="758989" id="root" date="1997-07-28" xml:lang="en">
<title>USA: Timber Lodge to open 16th restaurant.</title>
<headline>Timber Lodge to open 16th restaurant.</headline>
<dateline>MINNEAPOLIS 1997-07-28</dateline>
<text>
<p>Timber Lodge Steakhouse Inc said Monday it has completed a lease agreement and will begin construction on a new Timber Lodge Steakhouse in Arlington Heights, Illinois.</p>
<p>The new steakhouse will be the company's 16th overall.</p>
<p>Timber Lodge shares were up 1/32 at 3-3/4 Monday.</p>
<p>((--Chicago newsdesk, 312-408-8787))</p>
</text>
<copyright>(c) Reuters Limited 1997</copyright>
<metadata>
<codes class="bip:countries:1.0">
  <code code="USA">
    <editdetail attribution="Reuters BIP Coding Group" action="confirmed" date="1997-07-28"/>
  </code>
</codes>
<codes class="bip:industries:1.0">
  <code code="I66100">
    <editdetail attribution="Reuters BIP Coding Group" action="confirmed" date="1997-07-28"/>
  </code>
</codes>
<codes class="bip:topics:1.0">
  <code code="C24">
    <editdetail attribution="Reuters BIP Coding Group" action="confirmed" date="1997-07-28"/>
  </code>
  <code code="CCAT">
    <editdetail attribution="Reuters BIP Coding Group" action="confirmed" date="1997-07-28"/>
  </code>
</codes>
<dc element="dc.date.created" value="1997-07-28"/>
<dc element="dc.publisher" value="Reuters Holdings Plc"/>
<dc element="dc.date.published" value="1997-07-28"/>
<dc element="dc.source" value="Reuters"/>
<dc element="dc.creator.location" value="MINNEAPOLIS"/>
<dc element="dc.creator.location.country.name" value="USA"/>
<dc element="dc.source" value="Reuters"/>
</metadata>
</newsitem>
