<?xml version="1.0" encoding="iso-8859-1" ?>
<newsitem itemid="758977" id="root" date="1997-07-28" xml:lang="en">
<title>USA: TABLE - Winn-Dixie Stores Inc Q4 shr down.</title>
<headline>TABLE - Winn-Dixie Stores Inc Q4 shr down.</headline>
<dateline>JACKSONVILLE, Fla. 1997-07-28</dateline>
<text>
<p>Dollars in thousands except per share data</p>
<p>				    12 Weeks Ended    12 Weeks Ended</p>
<p>				    June 25, 1997	June 26, 1996</p>
<p>				   Amount	 %     Amount	 %</p>
<p> Sales		     $ 3,061,810  100.00  3,012,644  100.00</p>
<p> Cost of sales	     2,266,257   74.02  2,286,091   75.88</p>
<p> Gross profit		  795,553   25.98   726,553    24.12</p>
<p>Operating &amp; admin. expenses</p>
<p>				   738,958   24.13   647,429    21.49</p>
<p> Operating income	     56,595    1.85    79,124     2.63</p>
<p>Cash discounts &amp; other income</p>
<p>				    29,957    0.98    30,473     1.01</p>
<p> Interest expense	    (4,707)  (0.15)   (1,640)   (0.05)</p>
<p>Earnings before income taxes</p>
<p>				    81,845    2.68   107,957     3.59</p>
<p> Income taxes		   29,465    0.96    33,912     1.13</p>
<p> Net earnings		   52,380    1.72    74,045     2.46</p>
<p> Earnings per share	     0.35		  0.49</p>
<p>			    Fiscal Year-to-Date</p>
<p>			 Dollars in thousands except per share data</p>
<p>				  52 Weeks Ended     52 Weeks Ended</p>
<p>				   June 25, 1997	 June 26, 1996</p>
<p>				  Amount	 %	Amount	 %</p>
<p> Sales		   $ 13,218,715  100.00  12,955,488  100.00</p>
<p> Cost of sales	    9,902,862   74.92   9,862,244   76.12</p>
<p> Gross profit	     3,315,853   25.08   3,093,244   23.88</p>
<p>Operating &amp; admin. expenses</p>
<p>				3,093,767   23.40   2,802,712   21.64</p>
<p> Operating income	   222,086    1.68     290,532    2.24</p>
<p>Cash discounts &amp; other income</p>
<p>				  119,435    0.90     118,038    0.91</p>
<p> Interest expense	  (22,079)  (0.16)    (21,245)  (0.16)</p>
<p>Earnings before income taxes</p>
<p>				  319,442    2.42     387,325    2.99</p>
<p> Income taxes		 114,999    0.87     131,691    1.02</p>
<p> Net earnings		 204,443    1.55     255,634    1.97</p>
<p> Earnings per share	    1.36		    1.69</p>
<p>((-- New York Newsdesk 212-859-1610))</p>
</text>
<copyright>(c) Reuters Limited 1997</copyright>
<metadata>
<codes class="bip:countries:1.0">
  <code code="USA">
    <editdetail attribution="Reuters BIP Coding Group" action="confirmed" date="1997-07-28"/>
  </code>
</codes>
<codes class="bip:industries:1.0">
  <code code="I64100">
    <editdetail attribution="Reuters BIP Coding Group" action="confirmed" date="1997-07-28"/>
  </code>
</codes>
<codes class="bip:topics:1.0">
  <code code="C15">
    <editdetail attribution="Reuters BIP Coding Group" action="confirmed" date="1997-07-28"/>
  </code>
  <code code="C151">
    <editdetail attribution="Reuters BIP Coding Group" action="confirmed" date="1997-07-28"/>
  </code>
  <code code="C1511">
    <editdetail attribution="Reuters BIP Coding Group" action="confirmed" date="1997-07-28"/>
  </code>
  <code code="CCAT">
    <editdetail attribution="Reuters BIP Coding Group" action="confirmed" date="1997-07-28"/>
  </code>
</codes>
<dc element="dc.date.created" value="1997-07-28"/>
<dc element="dc.publisher" value="Reuters Holdings Plc"/>
<dc element="dc.date.published" value="1997-07-28"/>
<dc element="dc.source" value="Reuters"/>
<dc element="dc.creator.location" value="JACKSONVILLE, Fla."/>
<dc element="dc.creator.location.country.name" value="USA"/>
<dc element="dc.source" value="Reuters"/>
</metadata>
</newsitem>
