<?xml version="1.0" encoding="iso-8859-1" ?>
<newsitem itemid="758988" id="root" date="1997-07-28" xml:lang="en">
<title>USA: K-III to sell New Woman magazine to Rodale.</title>
<headline>K-III to sell New Woman magazine to Rodale.</headline>
<dateline>EMMAUS, Pa. 1997-07-28</dateline>
<text>
<p>Rodale Press has agreed to acquire New Woman magazine from K-III Communications Corp, the companies said Monday. Terms were not disclosed.</p>
<p>Rodale will publish New Woman beginning with the November 1997 issue, the companies said in a joint statement.</p>
<p>New Woman's circulation of one million, and advertising base of 1,000 pages, create a perfect synergy with other Rodale publications such as Men's Health (1.3 million circulation) and Prevention (3.2 million), the companies said.  </p>
<p>The divestiture of New Woman will mark the third recent divestiture of one of K-III's non-core businesses, said Warren Bimblick, K-III vice president-investor relations. K-III has also sold its Katharine Gibbs secretarial and business schools and Krames, a publisher of medical information, he said.</p>
<p>K-III is focusing on specialty media, including technical and trade magazines, education, and consumer and business directories, Bimblick said.</p>
<p>K-III plans to divest the Daily Racing Form and Newbridge Book Clubs, he said.</p>
<p>Proceeds to K-III from the New Woman sale will be used for general corporate purposes and debt reduction, Bimblick said.</p>
<p>Rodale magazine division president John Griffin said in a statement that beginning with the November issue, New Woman will no longer be accepting cigarette or hard liquor advertising.</p>
<p>Last year, this element of advertising accounted for less than 10 percent of New Woman's advertising base, the company said.</p>
<p>Griffin said Rodale plans to maintain the magazine at its current location in New York.</p>
</text>
<copyright>(c) Reuters Limited 1997</copyright>
<metadata>
<codes class="bip:countries:1.0">
  <code code="USA">
    <editdetail attribution="Reuters BIP Coding Group" action="confirmed" date="1997-07-28"/>
  </code>
</codes>
<codes class="bip:industries:1.0">
  <code code="I47520">
    <editdetail attribution="Reuters BIP Coding Group" action="confirmed" date="1997-07-28"/>
  </code>
  <code code="I83954">
    <editdetail attribution="Reuters BIP Coding Group" action="confirmed" date="1997-07-28"/>
  </code>
</codes>
<codes class="bip:topics:1.0">
  <code code="C18">
    <editdetail attribution="Reuters BIP Coding Group" action="confirmed" date="1997-07-28"/>
  </code>
  <code code="C181">
    <editdetail attribution="Reuters BIP Coding Group" action="confirmed" date="1997-07-28"/>
  </code>
  <code code="CCAT">
    <editdetail attribution="Reuters BIP Coding Group" action="confirmed" date="1997-07-28"/>
  </code>
</codes>
<dc element="dc.date.created" value="1997-07-28"/>
<dc element="dc.publisher" value="Reuters Holdings Plc"/>
<dc element="dc.date.published" value="1997-07-28"/>
<dc element="dc.source" value="Reuters"/>
<dc element="dc.creator.location" value="EMMAUS, Pa."/>
<dc element="dc.creator.location.country.name" value="USA"/>
<dc element="dc.source" value="Reuters"/>
</metadata>
</newsitem>
