<?xml version="1.0" encoding="iso-8859-1" ?>
<newsitem itemid="758974" id="root" date="1997-07-28" xml:lang="en">
<title>USA: TABLE - P &amp; F Industries Q2 net increases.</title>
<headline>TABLE - P &amp; F Industries Q2 net increases.</headline>
<dateline>FARMINGDALE, N.Y. 1997-07-28</dateline>
<text>
<p>Q2			   Six Months</p>
<p>		   1997	    1996	   1997	    1996</p>
<p>Revs    $ 10,643,323  $ 9,691,210   $19,861,131    $19,067,635</p>
<p>Net     $    487,038  $   355,796   $   848,512    $   706,089</p>
<p>Weighted Average Shares Outstanding</p>
<p>	     3,472,197    3,215,884     3,473,183	3,188,124</p>
<p>Net Per Class A Share</p>
<p>		   $0.14	  $0.09	   $0.24	    $0.18</p>
<p>NOTE:  P &amp; F Industries Inc said it paid preferred dividends of $21,857 in the 1997 six months, $65,837 and $131,673, respectively, for the 1996 quarter and six months.</p>
</text>
<copyright>(c) Reuters Limited 1997</copyright>
<metadata>
<codes class="bip:countries:1.0">
  <code code="USA">
    <editdetail attribution="Reuters BIP Coding Group" action="confirmed" date="1997-07-28"/>
  </code>
</codes>
<codes class="bip:industries:1.0">
  <code code="I32840">
    <editdetail attribution="Reuters BIP Coding Group" action="confirmed" date="1997-07-28"/>
  </code>
</codes>
<codes class="bip:topics:1.0">
  <code code="C15">
    <editdetail attribution="Reuters BIP Coding Group" action="confirmed" date="1997-07-28"/>
  </code>
  <code code="C151">
    <editdetail attribution="Reuters BIP Coding Group" action="confirmed" date="1997-07-28"/>
  </code>
  <code code="CCAT">
    <editdetail attribution="Reuters BIP Coding Group" action="confirmed" date="1997-07-28"/>
  </code>
</codes>
<dc element="dc.date.created" value="1997-07-28"/>
<dc element="dc.publisher" value="Reuters Holdings Plc"/>
<dc element="dc.date.published" value="1997-07-28"/>
<dc element="dc.source" value="Reuters"/>
<dc element="dc.creator.location" value="FARMINGDALE, N.Y."/>
<dc element="dc.creator.location.country.name" value="USA"/>
<dc element="dc.source" value="Reuters"/>
</metadata>
</newsitem>
