<?xml version="1.0" encoding="iso-8859-1" ?>
<newsitem itemid="758929" id="root" date="1997-07-28" xml:lang="en">
<title>USA: U.S. Treasury welcomes news of IMF Thailand talks.</title>
<headline>U.S. Treasury welcomes news of IMF Thailand talks.</headline>
<dateline>WASHINGTON 1997-07-28</dateline>
<text>
<p>The United States will follow talks between Thailand and the International Monetary Fund closely, but sees the start of discussions as &quot;a constructive step,&quot; a senior Treasury official said Monday.</p>
<p>&quot;We welcome the dialogue between Thailand and the International Monetary Fund as a constructive step and will be following it closely,&quot; Deputy Treasury Secretary Lawrence Summers said in a statement.  </p>
<p>&quot;The United States has a strong stake in financial stability and growth throughout the developing world,&quot; Summers added.</p>
<p>Thai officials said earlier on Monday that Bangkok was discussing the possibility of borrowing money from the IMF to overcome a financial crisis and ease liquidity problems. Such a loan would mean Thailand meeting tough IMF conditions.</p>
<p>An IMF spokesman said a team from the fund had already arrived in Bangkok. &quot;An IMF team arrived in Thailand over the weekend and has initiated policy discussions with Thai officials,&quot; he said.</p>
<p>Thailand, bowing to strong speculative pressure, floated the baht currency earlier this month. But officials had said they had no intention of seeking IMF aid, which could open the door to bilateral funding from neighbors such as Japan.</p>
<p>((--Washington newsroom, +1 202 898 8309))</p>
</text>
<copyright>(c) Reuters Limited 1997</copyright>
<metadata>
<codes class="bip:countries:1.0">
  <code code="THAIL">
    <editdetail attribution="Reuters BIP Coding Group" action="confirmed" date="1997-07-28"/>
  </code>
  <code code="USA">
    <editdetail attribution="Reuters BIP Coding Group" action="confirmed" date="1997-07-28"/>
  </code>
</codes>
<codes class="bip:topics:1.0">
  <code code="E12">
    <editdetail attribution="Reuters BIP Coding Group" action="confirmed" date="1997-07-28"/>
  </code>
  <code code="ECAT">
    <editdetail attribution="Reuters BIP Coding Group" action="confirmed" date="1997-07-28"/>
  </code>
  <code code="GCAT">
    <editdetail attribution="Reuters BIP Coding Group" action="confirmed" date="1997-07-28"/>
  </code>
  <code code="GDIP">
    <editdetail attribution="Reuters BIP Coding Group" action="confirmed" date="1997-07-28"/>
  </code>
</codes>
<dc element="dc.date.created" value="1997-07-28"/>
<dc element="dc.publisher" value="Reuters Holdings Plc"/>
<dc element="dc.date.published" value="1997-07-28"/>
<dc element="dc.source" value="Reuters"/>
<dc element="dc.creator.location" value="WASHINGTON"/>
<dc element="dc.creator.location.country.name" value="USA"/>
<dc element="dc.source" value="Reuters"/>
</metadata>
</newsitem>
