<?xml version="1.0" encoding="iso-8859-1" ?>
<newsitem itemid="758951" id="root" date="1997-07-28" xml:lang="en">
<title>USA: ARCO sees $300 mln gain from Lyondell.</title>
<headline>ARCO sees $300 mln gain from Lyondell.</headline>
<dateline>LOS ANGELES 1997-07-28</dateline>
<text>
<p>Atlantic Richfield Co said Monday it expects to book an after-tax gain of about $300 million to settle all of ARCO's nine percent exchangeable notes due Sept 15 in Lyondell Petrochemical Co.</p>
<p>In a statement, ARCO reiterated that Lyondell was no longer central to its core business or part of its strategic growth objectives.</p>
<p>ARCO currently owns 39.9 million shares, or 49.9 percent of the total outstanding shares of Houston-based Lyondell.</p>
<p>The company did not say in what quarter the gain would be booked.    In a 1994 offering, ARCO sold $988 million of 3-year</p>
<p>Exchangeable Notes carrying a 9.0 percent annual coupon and payable, upon maturity, in shares of Lyondell Common Stock or, at ARCO's option, in cash with an equal value.  ARCO said it choose the option to exchange Notes for stock.</p>
<p>((David Brinkerhoff, Los Angeles bureau +1 213 380 2014))</p>
</text>
<copyright>(c) Reuters Limited 1997</copyright>
<metadata>
<codes class="bip:countries:1.0">
  <code code="USA">
    <editdetail attribution="Reuters BIP Coding Group" action="confirmed" date="1997-07-28"/>
  </code>
</codes>
<codes class="bip:industries:1.0">
  <code code="I14000">
    <editdetail attribution="Reuters BIP Coding Group" action="confirmed" date="1997-07-28"/>
  </code>
</codes>
<codes class="bip:topics:1.0">
  <code code="C17">
    <editdetail attribution="Reuters BIP Coding Group" action="confirmed" date="1997-07-28"/>
  </code>
  <code code="C172">
    <editdetail attribution="Reuters BIP Coding Group" action="confirmed" date="1997-07-28"/>
  </code>
  <code code="CCAT">
    <editdetail attribution="Reuters BIP Coding Group" action="confirmed" date="1997-07-28"/>
  </code>
</codes>
<dc element="dc.date.created" value="1997-07-28"/>
<dc element="dc.publisher" value="Reuters Holdings Plc"/>
<dc element="dc.date.published" value="1997-07-28"/>
<dc element="dc.source" value="Reuters"/>
<dc element="dc.creator.location" value="LOS ANGELES"/>
<dc element="dc.creator.location.country.name" value="USA"/>
<dc element="dc.source" value="Reuters"/>
</metadata>
</newsitem>
