<?xml version="1.0" encoding="iso-8859-1" ?>
<newsitem itemid="759064" id="root" date="1997-07-28" xml:lang="en">
<title>USA: GOLF-LEADING MONEY WINNERS ON U.S. PGA TOUR.</title>
<headline>GOLF-LEADING MONEY WINNERS ON U.S. PGA TOUR.</headline>
<dateline>PONTE VEDRA BEACH, Florida 1997-07-28</dateline>
<text>
<p>Leading</p>
<p>money winners on the U.S. PGA Tour earnings list as issued on</p>
<p>Monday:</p>
<p>  1. Tiger Woods			   $1,778,395</p>
<p>  2. Steve Elkington (Australia)	1,213,781</p>
<p>  3. Justin Leonard			 1,083,305</p>
<p>  4. Jesper Parnevik (Sweden)	   1,051,312</p>
<p>  5. Brad Faxon			     1,049,080</p>
<p>  6. Ernie Els (South Africa)	     999,770</p>
<p>  7. Jim Furyk				  999,698</p>
<p>  8. Mark O'Meara			     974,260</p>
<p>  9. Scott Hoch				 889,596</p>
<p> 10. Nick Price (Zimbabwe)		  847,045</p>
<p> 11. Paul Stankowski			  781,905</p>
<p> 12. Frank Nobilo (New Zealand)	   738,091</p>
<p> 13. Stuart Appleby (Australia)	   724,947</p>
<p> 14. Tom Lehman				 697,208</p>
<p> 15. Greg Norman (Australia)		644,361</p>
<p> 16. Tommy Tolles			     634,963</p>
<p> 17. Scott McCarron			   584,134</p>
<p> 18. Billy Andrade			    575,445</p>
<p> 19. Phil Mickelson			   564,765</p>
<p> 20. Vijay Singh (Fiji)		     555,478</p>
</text>
<copyright>(c) Reuters Limited 1997</copyright>
<metadata>
<codes class="bip:countries:1.0">
  <code code="USA">
    <editdetail attribution="Reuters BIP Coding Group" action="confirmed" date="1997-07-28"/>
  </code>
</codes>
<codes class="bip:topics:1.0">
  <code code="GCAT">
    <editdetail attribution="Reuters BIP Coding Group" action="confirmed" date="1997-07-28"/>
  </code>
  <code code="GSPO">
    <editdetail attribution="Reuters BIP Coding Group" action="confirmed" date="1997-07-28"/>
  </code>
</codes>
<dc element="dc.date.created" value="1997-07-28"/>
<dc element="dc.publisher" value="Reuters Holdings Plc"/>
<dc element="dc.date.published" value="1997-07-28"/>
<dc element="dc.source" value="Reuters"/>
<dc element="dc.creator.location" value="PONTE VEDRA BEACH, Florida"/>
<dc element="dc.creator.location.country.name" value="USA"/>
<dc element="dc.source" value="Reuters"/>
</metadata>
</newsitem>
