<?xml version="1.0" encoding="iso-8859-1" ?>
<newsitem itemid="759012" id="root" date="1997-07-28" xml:lang="en">
<title>USA: Uno share buyback is over-subscribed.</title>
<headline>Uno share buyback is over-subscribed.</headline>
<dateline>BOSTON 1997-07-28</dateline>
<text>
<p>Uno Restaurant Corp said Monday its one-million-share stock repurchase was over-subscribed when it expired Friday.</p>
<p>Under a preliminary count, more than 1.27 million shares were tendered, Uno said. The company had said it planned to repurchase one million shares at prices between $6 and $7.50 per share.</p>
<p>Uno said today it would pay $7.25 per share for the some one million shares tendered at or below that price.</p>
<p>The 1,029,659 shares tendered at or below $7.25 represent 7.5 percent of outstanding shares, it said.</p>
<p>All shares not purchased by the company, including those tendered at prices in excess of $7.25, will be returned to stockholders, it said.</p>
</text>
<copyright>(c) Reuters Limited 1997</copyright>
<metadata>
<codes class="bip:countries:1.0">
  <code code="USA">
    <editdetail attribution="Reuters BIP Coding Group" action="confirmed" date="1997-07-28"/>
  </code>
</codes>
<codes class="bip:industries:1.0">
  <code code="I66100">
    <editdetail attribution="Reuters BIP Coding Group" action="confirmed" date="1997-07-28"/>
  </code>
</codes>
<codes class="bip:topics:1.0">
  <code code="C17">
    <editdetail attribution="Reuters BIP Coding Group" action="confirmed" date="1997-07-28"/>
  </code>
  <code code="C171">
    <editdetail attribution="Reuters BIP Coding Group" action="confirmed" date="1997-07-28"/>
  </code>
  <code code="C18">
    <editdetail attribution="Reuters BIP Coding Group" action="confirmed" date="1997-07-28"/>
  </code>
  <code code="C181">
    <editdetail attribution="Reuters BIP Coding Group" action="confirmed" date="1997-07-28"/>
  </code>
  <code code="CCAT">
    <editdetail attribution="Reuters BIP Coding Group" action="confirmed" date="1997-07-28"/>
  </code>
</codes>
<dc element="dc.date.created" value="1997-07-28"/>
<dc element="dc.publisher" value="Reuters Holdings Plc"/>
<dc element="dc.date.published" value="1997-07-28"/>
<dc element="dc.source" value="Reuters"/>
<dc element="dc.creator.location" value="BOSTON"/>
<dc element="dc.creator.location.country.name" value="USA"/>
<dc element="dc.source" value="Reuters"/>
</metadata>
</newsitem>
