<?xml version="1.0" encoding="iso-8859-1" ?>
<newsitem itemid="759034" id="root" date="1997-07-28" xml:lang="en">
<title>USA: RESEARCH ALERT - TSI International started.</title>
<headline>RESEARCH ALERT - TSI International started.</headline>
<dateline>SAN FRANCISCO 1997-07-28</dateline>
<text>
<p>Robertson, Stephens &amp; Co said research analyst Marshall Senk initiated coverage of TSI International Software Ltd with a buy rating.</p>
<p>-- said he believes TSI has strong potential with 47 percent revenue growth forecast for 1998, driven primarily by the 80 percent growth in the company's SAP R/3 product line.</p>
<p>-- expects TSI to earn post 1997 revenues of $24.5 million in revenues and earnings per share from continuing operations of $0.16.</p>
<p>-- expects TSI to generate 1998 revenues of $36.1 million and earnings per share from continuing operations of $0.31.</p>
<p>-- said believes demand for TSI's products will be driven primarily by continued strong demand for SAP R/3, continuing deployment of new client/server and Web corporate systems, which need to be linked to existing systems, and increased development in Internet-based applications.</p>
</text>
<copyright>(c) Reuters Limited 1997</copyright>
<metadata>
<codes class="bip:countries:1.0">
  <code code="USA">
    <editdetail attribution="Reuters BIP Coding Group" action="confirmed" date="1997-07-28"/>
  </code>
</codes>
<codes class="bip:industries:1.0">
  <code code="I33020">
    <editdetail attribution="Reuters BIP Coding Group" action="confirmed" date="1997-07-28"/>
  </code>
  <code code="I3302021">
    <editdetail attribution="Reuters BIP Coding Group" action="confirmed" date="1997-07-28"/>
  </code>
</codes>
<codes class="bip:topics:1.0">
  <code code="C15">
    <editdetail attribution="Reuters BIP Coding Group" action="confirmed" date="1997-07-28"/>
  </code>
  <code code="C152">
    <editdetail attribution="Reuters BIP Coding Group" action="confirmed" date="1997-07-28"/>
  </code>
  <code code="CCAT">
    <editdetail attribution="Reuters BIP Coding Group" action="confirmed" date="1997-07-28"/>
  </code>
</codes>
<dc element="dc.date.created" value="1997-07-28"/>
<dc element="dc.publisher" value="Reuters Holdings Plc"/>
<dc element="dc.date.published" value="1997-07-28"/>
<dc element="dc.source" value="Reuters"/>
<dc element="dc.creator.location" value="SAN FRANCISCO"/>
<dc element="dc.creator.location.country.name" value="USA"/>
<dc element="dc.source" value="Reuters"/>
</metadata>
</newsitem>
