<?xml version="1.0" encoding="iso-8859-1" ?>
<newsitem itemid="759035" id="root" date="1997-07-28" xml:lang="en">
<title>USA: TABLE - Blessings Corp Q2 net rises.</title>
<headline>TABLE - Blessings Corp Q2 net rises.</headline>
<dateline>NEWPORT NEWS, Va. 1997-07-28</dateline>
<text>
<p>FINANCIAL HIGHLIGHTS</p>
<p>			  3 Mos	 3 Mos	 6 Mos	 6 Mos</p>
<p>			  Ended	Ended	 Ended	 Ended</p>
<p>June 30, 1997  June 30, 1996  June 30, 1997 June 30, 1996</p>
<p> Net sales    $43,185,000 $36,253,400 $88,261,700 $75,786,700</p>
<p>Earnings from operations</p>
<p>before provision</p>
<p>for taxes on income</p>
<p>and minority</p>
<p>   interest     3,923,600   2,234,900   9,037,900   8,065,900</p>
<p>Taxes on income</p>
<p>		    1,530,400     853,000   3,549,100   3,572,100</p>
<p>Minority interest</p>
<p>in net income of</p>
<p>   subsidiary     773,400     366,300   1,572,100   1,241,500</p>
<p> Net earnings   1,619,800   1,015,600   3,916,700   3,252,300</p>
<p> Net earnings	  0.16	  0.10	  0.39	  0.32</p>
<p>per share</p>
<p>Average number of shares</p>
<p>of common stock</p>
<p>outstanding</p>
<p>		   10,114,869  10,164,637  10,120,128  10,152,196</p>
<p>((-- New York Newsdesk 212 859-1610))</p>
</text>
<copyright>(c) Reuters Limited 1997</copyright>
<metadata>
<codes class="bip:countries:1.0">
  <code code="USA">
    <editdetail attribution="Reuters BIP Coding Group" action="confirmed" date="1997-07-28"/>
  </code>
</codes>
<codes class="bip:industries:1.0">
  <code code="I48300">
    <editdetail attribution="Reuters BIP Coding Group" action="confirmed" date="1997-07-28"/>
  </code>
</codes>
<codes class="bip:topics:1.0">
  <code code="C15">
    <editdetail attribution="Reuters BIP Coding Group" action="confirmed" date="1997-07-28"/>
  </code>
  <code code="C151">
    <editdetail attribution="Reuters BIP Coding Group" action="confirmed" date="1997-07-28"/>
  </code>
  <code code="CCAT">
    <editdetail attribution="Reuters BIP Coding Group" action="confirmed" date="1997-07-28"/>
  </code>
</codes>
<dc element="dc.date.created" value="1997-07-28"/>
<dc element="dc.publisher" value="Reuters Holdings Plc"/>
<dc element="dc.date.published" value="1997-07-28"/>
<dc element="dc.source" value="Reuters"/>
<dc element="dc.creator.location" value="NEWPORT NEWS, Va."/>
<dc element="dc.creator.location.country.name" value="USA"/>
<dc element="dc.source" value="Reuters"/>
</metadata>
</newsitem>
