<?xml version="1.0" encoding="iso-8859-1" ?>
<newsitem itemid="759019" id="root" date="1997-07-28" xml:lang="en">
<title>USA: NBTY says in talks with Holland &amp; Barrett.</title>
<headline>NBTY says in talks with Holland &amp; Barrett.</headline>
<dateline>BOHEMIA, N.Y. 1997-07-28</dateline>
<text>
<p>NBTY said Monday that it is in talks with British vitamin maker, Holland &amp; Barrett, about a possible purchase of the company.  NBTY, a U.S. based vitamin maker, said in a statement that while negotiations are ongoing, no definitive purchase agreement has been reached.</p>
<p>NBTY said that in the case of a successful agreement, it would finance the purchase through the issuance of long-term debt.</p>
<p>Scott Rudolph, the chairman and chief executive officer of NBTY said, &quot;Presently we operate 100 stores in the U.S. and this acquisition would be part of our strategic plan to expand our retail division.  The acquisition would make us the largest vitamin retailer in the U.K.&quot;</p>
</text>
<copyright>(c) Reuters Limited 1997</copyright>
<metadata>
<codes class="bip:countries:1.0">
  <code code="UK">
    <editdetail attribution="Reuters BIP Coding Group" action="confirmed" date="1997-07-28"/>
  </code>
  <code code="USA">
    <editdetail attribution="Reuters BIP Coding Group" action="confirmed" date="1997-07-28"/>
  </code>
</codes>
<codes class="bip:industries:1.0">
  <code code="I25700">
    <editdetail attribution="Reuters BIP Coding Group" action="confirmed" date="1997-07-28"/>
  </code>
  <code code="I61000">
    <editdetail attribution="Reuters BIP Coding Group" action="confirmed" date="1997-07-28"/>
  </code>
</codes>
<codes class="bip:topics:1.0">
  <code code="C18">
    <editdetail attribution="Reuters BIP Coding Group" action="confirmed" date="1997-07-28"/>
  </code>
  <code code="C181">
    <editdetail attribution="Reuters BIP Coding Group" action="confirmed" date="1997-07-28"/>
  </code>
  <code code="CCAT">
    <editdetail attribution="Reuters BIP Coding Group" action="confirmed" date="1997-07-28"/>
  </code>
</codes>
<dc element="dc.date.created" value="1997-07-28"/>
<dc element="dc.publisher" value="Reuters Holdings Plc"/>
<dc element="dc.date.published" value="1997-07-28"/>
<dc element="dc.source" value="Reuters"/>
<dc element="dc.creator.location" value="BOHEMIA, N.Y."/>
<dc element="dc.creator.location.country.name" value="USA"/>
<dc element="dc.source" value="Reuters"/>
</metadata>
</newsitem>
