<?xml version="1.0" encoding="iso-8859-1" ?>
<newsitem itemid="759096" id="root" date="1997-07-28" xml:lang="en">
<title>AUSTRALIA: RUGBY LEAGUE-WORLD CLUB CHALLENGE RESULT.</title>
<headline>RUGBY LEAGUE-WORLD CLUB CHALLENGE RESULT.</headline>
<dateline>SYDNEY 1997-07-28</dateline>
<text>
<p>Result of a Super League World</p>
<p>Club Challenge rugby league match played on Monday.</p>
<p>Penrith Panthers (Australia) 54 Bradford (England) 14</p>
</text>
<copyright>(c) Reuters Limited 1997</copyright>
<metadata>
<codes class="bip:countries:1.0">
  <code code="AUSTR">
    <editdetail attribution="Reuters BIP Coding Group" action="confirmed" date="1997-07-28"/>
  </code>
  <code code="UK">
    <editdetail attribution="Reuters BIP Coding Group" action="confirmed" date="1997-07-28"/>
  </code>
</codes>
<codes class="bip:topics:1.0">
  <code code="GCAT">
    <editdetail attribution="Reuters BIP Coding Group" action="confirmed" date="1997-07-28"/>
  </code>
  <code code="GSPO">
    <editdetail attribution="Reuters BIP Coding Group" action="confirmed" date="1997-07-28"/>
  </code>
</codes>
<dc element="dc.date.created" value="1997-07-28"/>
<dc element="dc.publisher" value="Reuters Holdings Plc"/>
<dc element="dc.date.published" value="1997-07-28"/>
<dc element="dc.source" value="Reuters"/>
<dc element="dc.creator.location" value="SYDNEY"/>
<dc element="dc.creator.location.country.name" value="AUSTRALIA"/>
<dc element="dc.source" value="Reuters"/>
</metadata>
</newsitem>
