<?xml version="1.0" encoding="iso-8859-1" ?>
<newsitem itemid="759065" id="root" date="1997-07-28" xml:lang="en">
<title>USA: TENNIS-TOP 20 RANKINGS IN WOMEN'S TENNIS.</title>
<headline>TENNIS-TOP 20 RANKINGS IN WOMEN'S TENNIS.</headline>
<dateline>ST PETERSBURG, Florida 1997-07-28</dateline>
<text>
<p>Top 20 players</p>
<p>in women's singles tennis as ranked by the WTA Tour:</p>
<p>  1. Martina Hingis (Switzerland)	     6074 points</p>
<p>  2. Jana Novotna (Czech Republic)	    3559</p>
<p>  3. Monica Seles (U.S.)			  3235</p>
<p>  4. Iva Majoli (Croatia)			 3165</p>
<p>  5. Steffi Graf (Germany)			2680</p>
<p>  6. Amanda Coetzer (South Africa)	    2674</p>
<p>  7. Lindsay Davenport (U.S.)		   2546</p>
<p>  8. Arantxa Sanchez Vicario (Spain)	  2436</p>
<p>  9. Anke Huber (Germany)			 2256</p>
<p> 10. Conchita Martinez (Spain)		  2239</p>
<p> 11. Mary Pierce (France)			 2202</p>
<p> 12. Irina Spirlea (Romania)		    1857</p>
<p> 13. Mary Joe Fernandez (U.S.)		  1708</p>
<p> 14. Barbara Paulus (Austia)		    1654</p>
<p> 15. Kimberly Po (U.S.)			   1630</p>
<p> 16. Brenda Schultz-McCarthy (Netherlands)  1593</p>
<p> 17. Ruxandra Dragomir (Romania)		1518</p>
<p> 18. Karina Habsudova (Slovakia)		1434</p>
<p> 19. Sabine Appelmans (Belgium)		 1325</p>
<p> 20. Sandrine Testud (France)		   1254</p>
</text>
<copyright>(c) Reuters Limited 1997</copyright>
<metadata>
<codes class="bip:countries:1.0">
  <code code="SWITZ">
    <editdetail attribution="Reuters BIP Coding Group" action="confirmed" date="1997-07-28"/>
  </code>
  <code code="USA">
    <editdetail attribution="Reuters BIP Coding Group" action="confirmed" date="1997-07-28"/>
  </code>
</codes>
<codes class="bip:topics:1.0">
  <code code="GCAT">
    <editdetail attribution="Reuters BIP Coding Group" action="confirmed" date="1997-07-28"/>
  </code>
  <code code="GSPO">
    <editdetail attribution="Reuters BIP Coding Group" action="confirmed" date="1997-07-28"/>
  </code>
</codes>
<dc element="dc.date.created" value="1997-07-28"/>
<dc element="dc.publisher" value="Reuters Holdings Plc"/>
<dc element="dc.date.published" value="1997-07-28"/>
<dc element="dc.source" value="Reuters"/>
<dc element="dc.creator.location" value="ST PETERSBURG, Florida"/>
<dc element="dc.creator.location.country.name" value="USA"/>
<dc element="dc.source" value="Reuters"/>
</metadata>
</newsitem>
