<?xml version="1.0" encoding="iso-8859-1" ?>
<newsitem itemid="759103" id="root" date="1997-07-28" xml:lang="en">
<title>JORDAN: KING HUSSEIN FETES JORDAN'S SPORTING HEROES.</title>
<headline>KING HUSSEIN FETES JORDAN'S SPORTING HEROES.</headline>
<dateline>AMMAN 1997-07-28</dateline>
<text>
<p>Jordan welcomed home as conquering heroes on Monday its athletes from the pan-Arab games in Lebanon after they won more medals in a week than in four decades of previous competition.</p>
<p>King Hussein, who sent a military transport plane to pick up the athletes up from Beirut, greeted them one by one when they stepped off the aircraft to a red carpet reception.</p>
<p>Crown Prince Hassan, Queen Noor and a bevy of princes and cabinet ministers welcomed the competitors as bagpipes wailed and cheering supporters waved posters of Jordan's soccer team, who won the gold medal of the games on Sunday night.</p>
<p>The 1-0 victory over Syria triggered wild celebrations on the normally placid streets of the Jordanian capital.</p>
<p>Celebratory gunfire sounded across Amman, convoys of cars hooted their horns and youths in an affluent suburb of the city crowded into a public square singing late into the night.</p>
<p>The soccer gold, on top of two extra gold medals awarded to Jordan when two Egyptians were disqualified for drug-taking, lifted Jordan's tally to 10 gold medals, three more than its total haul in previous Arab Games since they began in 1953.</p>
<p>Its final ranking of fifth in the medal table was by far its strongest performance at the games and few cared that the kingdom was easily eclipsed by runaway winners Egypt, who won 97 gold medals.</p>
<p>Prime Minister Abdul-Salam al-Majali sent a message half way across the world from Malaysia to congratulate Jordan's soccer federation, whose win knocked the stumbling Middle East peace process off the front page of many newspapers.</p>
<p>&quot;Jordan, Champion of the Arabs,&quot; said the banner headline of Ad-Dustour daily.</p>
</text>
<copyright>(c) Reuters Limited 1997</copyright>
<metadata>
<codes class="bip:countries:1.0">
  <code code="JORDAN">
    <editdetail attribution="Reuters BIP Coding Group" action="confirmed" date="1997-07-28"/>
  </code>
  <code code="LEBAN">
    <editdetail attribution="Reuters BIP Coding Group" action="confirmed" date="1997-07-28"/>
  </code>
</codes>
<codes class="bip:topics:1.0">
  <code code="GCAT">
    <editdetail attribution="Reuters BIP Coding Group" action="confirmed" date="1997-07-28"/>
  </code>
  <code code="GSPO">
    <editdetail attribution="Reuters BIP Coding Group" action="confirmed" date="1997-07-28"/>
  </code>
</codes>
<dc element="dc.date.created" value="1997-07-28"/>
<dc element="dc.publisher" value="Reuters Holdings Plc"/>
<dc element="dc.date.published" value="1997-07-28"/>
<dc element="dc.source" value="Reuters"/>
<dc element="dc.creator.location" value="AMMAN"/>
<dc element="dc.creator.location.country.name" value="JORDAN"/>
<dc element="dc.source" value="Reuters"/>
</metadata>
</newsitem>
