<?xml version="1.0" encoding="iso-8859-1" ?>
<newsitem itemid="759122" id="root" date="1997-07-28" xml:lang="en">
<title>BELGIUM: CYCLING-ULLRICH TO PACE HIMSELF AFTER TOUR VICTORY.</title>
<headline>CYCLING-ULLRICH TO PACE HIMSELF AFTER TOUR VICTORY.</headline>
<byline>Bert Lauwers</byline>
<dateline>BRUSSELS 1997-07-28</dateline>
<text>
<p>Tour de France winner Jan Ullrich will have to pace himself to prevent burning out prematurely, his Belgian team director said on Monday.</p>
<p>&quot;In coming seasons, we'll focus entirely on the Tour with Ullrich. No classics (one-day races), no growing too fast,&quot; Telekom team director Walter Godefroot told Belgian daily Het Nieuwsblad.</p>
<p>He said he would allow the 23-year-old German to ride just one or two lucrative six-day races this winter.</p>
<p>Ullrich will also skip the world championships in San Sebastian, Spain, in early October.</p>
<p>&quot;Much too late,&quot; Godefroot said. &quot;Jan rode the spring season...then he was under pressure for four weeks in Switzerland and the Tour. I don't want to endanger his future by keeping him going for another two months or more,&quot; he said.</p>
<p>Godefroot, a former winner of the Paris-Roubaix, Tour of Flanders and Liege-Bastogne-Liege classic races, warned against exaggerated expectations for Ullrich, who is widely believed to be capable of emulating or even surpassing Miguel Indurain's five successive victories.</p>
<p>He noted on BRTN radio on Monday that Russian Evgeny Berzin had never reached the same level again after the Tour of Italy in 1994.</p>
<p>&quot;And the best example is (Italian Felice) Gimondi, Tour de France winner aged 22. Then there were (Belgian Eddy) Merckx, and (Spaniard Luis) Ocana, and he never won the Tour again,&quot; Godefroot said.</p>
<p>He said the Festina outfit of Frenchman Richard Virenque, who finished runner-up to Ullrich, had signed another potential winner, Swiss Alex Zuelle, and would provide even stronger opposition next year.</p>
<p>Godefroot said Ullrich also needed to develop his team leadership abilities.</p>
<p>&quot;He's still modest. I don't know whether he already realises what he's accomplished,&quot; he told De Morgen newspaper. &quot;The difficult months will start now. How will he handle the pressure?...It is our task to protect him,&quot; he said.</p>
<p>He said Ullrich could have lost the Tour if the team had not intervened to cut back on the media fanfare.</p>
<p>&quot;There were camera crews and reporters waiting at his door at dawn, and it was the same song after each stage and in the evening. He was not even able to go to the toilet. Even there he was being bothered by pushy camera crews,&quot; he said.</p>
<p>&quot;Do you know that one day during the race he had to get off his bike for the call of nature because he didn't get the time before the start?&quot; Godefroot told Het Nieuwsblad.</p>
<p>But he warned the team would be braced for media pressure next time round.</p>
<p>&quot;Next year (Ullrich) will have matured further, and we'll be better organised to keep away the vultures,&quot; he said in a reference to an incident earlier in the Tour when camera crews trampled Bjarne Riis' bike when trying to interview Ullrich.</p>
<p>&quot;They are vultures who have no respect,&quot; Godefroot said.</p>
</text>
<copyright>(c) Reuters Limited 1997</copyright>
<metadata>
<codes class="bip:countries:1.0">
  <code code="BELG">
    <editdetail attribution="Reuters BIP Coding Group" action="confirmed" date="1997-07-28"/>
  </code>
  <code code="FRA">
    <editdetail attribution="Reuters BIP Coding Group" action="confirmed" date="1997-07-28"/>
  </code>
  <code code="GFR">
    <editdetail attribution="Reuters BIP Coding Group" action="confirmed" date="1997-07-28"/>
  </code>
</codes>
<codes class="bip:topics:1.0">
  <code code="GCAT">
    <editdetail attribution="Reuters BIP Coding Group" action="confirmed" date="1997-07-28"/>
  </code>
  <code code="GSPO">
    <editdetail attribution="Reuters BIP Coding Group" action="confirmed" date="1997-07-28"/>
  </code>
</codes>
<dc element="dc.date.created" value="1997-07-28"/>
<dc element="dc.publisher" value="Reuters Holdings Plc"/>
<dc element="dc.date.published" value="1997-07-28"/>
<dc element="dc.source" value="Reuters"/>
<dc element="dc.creator.location" value="BRUSSELS"/>
<dc element="dc.creator.location.country.name" value="BELGIUM"/>
<dc element="dc.source" value="Reuters"/>
</metadata>
</newsitem>
