<?xml version="1.0" encoding="iso-8859-1" ?>
<newsitem itemid="759100" id="root" date="1997-07-28" xml:lang="en">
<title>CHINA: SOCCER-CHINA'S DALIAN MAINTAINS WINNING STREAK.</title>
<headline>SOCCER-CHINA'S DALIAN MAINTAINS WINNING STREAK.</headline>
<dateline>BEIJING 1997-07-28</dateline>
<text>
<p>Dalian Wanda hammered Vanguard Huandao 3-1 in the 12th round of the China soccer league on Sunday to extend its unbeaten record to 46 matches, the Xinhua news agency said.</p>
<p>Playing in front of a home crowd, Dalian was on the attack throughout the match, with Li Min opening the score in the 31st minute. Four minutes later, Wang Tao added a second goal to take Dalian to 2-1 at halftime.</p>
<p>The home team kept its momentum in the second half with Li scoring his second goal in the 56th minute, his sixth this season.</p>
<p>Taking advantage of a loose defence, Wu Wenbin managed to slip in one goal for the Vanguard team just before the final whistle.</p>
<p>The 1995 league champion, Shanghai Shenhua, looking for a victory to end its recent run of defeat, went down to 0-1 to Yanbian Aodong.</p>
<p>Beijing Guo'an beat Sichuan Quanxing in their away-match 2-0.</p>
<p>In other matches of the day, Qingdao Hainiu defeated Jinan Taishan 1-0, Tianjin Samsung played to a 1-1 tie with August First while Guangdong Hongyuan edged Guangzhou Apollo 1-0.</p>
</text>
<copyright>(c) Reuters Limited 1997</copyright>
<metadata>
<codes class="bip:countries:1.0">
  <code code="CHINA">
    <editdetail attribution="Reuters BIP Coding Group" action="confirmed" date="1997-07-28"/>
  </code>
</codes>
<codes class="bip:topics:1.0">
  <code code="GCAT">
    <editdetail attribution="Reuters BIP Coding Group" action="confirmed" date="1997-07-28"/>
  </code>
  <code code="GSPO">
    <editdetail attribution="Reuters BIP Coding Group" action="confirmed" date="1997-07-28"/>
  </code>
</codes>
<dc element="dc.date.created" value="1997-07-28"/>
<dc element="dc.publisher" value="Reuters Holdings Plc"/>
<dc element="dc.date.published" value="1997-07-28"/>
<dc element="dc.source" value="Reuters"/>
<dc element="dc.creator.location" value="BEIJING"/>
<dc element="dc.creator.location.country.name" value="CHINA"/>
<dc element="dc.source" value="Reuters"/>
</metadata>
</newsitem>
