<?xml version="1.0" encoding="iso-8859-1" ?>
<newsitem itemid="759172" id="root" date="1997-07-28" xml:lang="en">
<title>POLAND: POLISH GDYNIA PORT CARGO TRANSFER UP 18 PCT IN H1.</title>
<headline>POLISH GDYNIA PORT CARGO TRANSFER UP 18 PCT IN H1.</headline>
<dateline>GDANSK, Poland 1997-07-28</dateline>
<text>
<p>Cargo transfer in the</p>
<p>Polish port of Gdynia rose 18.3 percent in the first half of</p>
<p>this year against the same period of last year to 4.68 million</p>
<p>tonnes, the port's management said in a statement on Monday.</p>
<p> (IN MLN T)		 H1 1997   H1 1996  pct difference</p>
<p> TOTAL			  4.68     3.95	18.3</p>
<p> COAL			   1.03     0.81	27.5</p>
<p> IRON ORE		     0.03     0.05     -38.9</p>
<p> MASS PRODUCTS		0.39     0.39	-2.3</p>
<p> GRAIN			  0.64     0.70	-9.7</p>
<p> WOOD			   0.001    0.002    -50.0</p>
<p> FUEL			   0.31     0.12     162.9</p>
<p> SMALL BULK		   2.28     1.87	21.9</p>
<p>-- Warsaw Newsroom +48 22 653 9700</p>
</text>
<copyright>(c) Reuters Limited 1997</copyright>
<metadata>
<codes class="bip:countries:1.0">
  <code code="POL">
    <editdetail attribution="Reuters BIP Coding Group" action="confirmed" date="1997-07-28"/>
  </code>
</codes>
<codes class="bip:industries:1.0">
  <code code="I76300">
    <editdetail attribution="Reuters BIP Coding Group" action="confirmed" date="1997-07-28"/>
  </code>
  <code code="I77002">
    <editdetail attribution="Reuters BIP Coding Group" action="confirmed" date="1997-07-28"/>
  </code>
</codes>
<codes class="bip:topics:1.0">
  <code code="C31">
    <editdetail attribution="Reuters BIP Coding Group" action="confirmed" date="1997-07-28"/>
  </code>
  <code code="CCAT">
    <editdetail attribution="Reuters BIP Coding Group" action="confirmed" date="1997-07-28"/>
  </code>
</codes>
<dc element="dc.date.created" value="1997-07-28"/>
<dc element="dc.publisher" value="Reuters Holdings Plc"/>
<dc element="dc.date.published" value="1997-07-28"/>
<dc element="dc.source" value="Reuters"/>
<dc element="dc.creator.location" value="GDANSK, Poland"/>
<dc element="dc.creator.location.country.name" value="POLAND"/>
<dc element="dc.source" value="Reuters"/>
</metadata>
</newsitem>
