<?xml version="1.0" encoding="iso-8859-1" ?>
<newsitem itemid="759115" id="root" date="1997-07-28" xml:lang="en">
<title>USA: SWIMMING-RESULTS AT U.S. NATIONAL CHAMPIONSHIPS.</title>
<headline>SWIMMING-RESULTS AT U.S. NATIONAL CHAMPIONSHIPS.</headline>
<dateline>NASHVILLE, Tennessee 1997-07-27</dateline>
<text>
<p>Results at the</p>
<p>U.S. swimming national championships on Sunday:</p>
<p>Women</p>
<p>200-metre freestyle</p>
<p>1. Cristina Teuscher 2:01.00</p>
<p>2. Lindsay Benko 2:01.03</p>
<p>3. Brooke Bennett 2:01.18</p>
<p>4. Jenny Thompson 2:01.42</p>
<p>5. Trina Jackson 2:02.30</p>
<p>6. Ashley Whitney 2:02.70</p>
<p>100-metre breaststroke</p>
<p>1. Kristy Kowal 1:08.80</p>
<p>2. Kristine Quance 1:09.63</p>
<p>3. Kristin MacGregor 1:09.73</p>
<p>4. Carly Geehre 1:09.87</p>
<p>5. Jenna Street 1:10.06</p>
<p>6. Lindsey Ertter 1:10.73</p>
<p>Men</p>
<p>400-metre individual medley</p>
<p>1. Tom Dolan 4:17.13</p>
<p>2. Steven Brown 4:19.69</p>
<p>3. Chad Carvin 4:19.88</p>
<p>4. Tom Wilkens 4:21.06</p>
<p>5. Ron Karnaugh 4:23.40</p>
<p>6. Joey Montague 4:23.44</p>
<p>800-metre freestyle</p>
<p>1. Timothy Siciliano 8:02.83</p>
<p>2. Tyler Painter 8:04.46</p>
<p>3. Sean Justice 8:08.34</p>
<p>4. Austin Ramirez 8:08.46</p>
<p>5. Nat Lewis 8:09.17</p>
<p>6. James Davison 8:11.79</p>
</text>
<copyright>(c) Reuters Limited 1997</copyright>
<metadata>
<codes class="bip:countries:1.0">
  <code code="USA">
    <editdetail attribution="Reuters BIP Coding Group" action="confirmed" date="1997-07-28"/>
  </code>
</codes>
<codes class="bip:topics:1.0">
  <code code="GCAT">
    <editdetail attribution="Reuters BIP Coding Group" action="confirmed" date="1997-07-28"/>
  </code>
  <code code="GSPO">
    <editdetail attribution="Reuters BIP Coding Group" action="confirmed" date="1997-07-28"/>
  </code>
</codes>
<dc element="dc.date.created" value="1997-07-27"/>
<dc element="dc.publisher" value="Reuters Holdings Plc"/>
<dc element="dc.date.published" value="1997-07-28"/>
<dc element="dc.source" value="Reuters"/>
<dc element="dc.creator.location" value="NASHVILLE, Tennessee"/>
<dc element="dc.creator.location.country.name" value="USA"/>
<dc element="dc.source" value="Reuters"/>
</metadata>
</newsitem>
