<?xml version="1.0" encoding="iso-8859-1" ?>
<newsitem itemid="759173" id="root" date="1997-07-28" xml:lang="en">
<title>LATVIA: UNIBANKA AUCTION PRICE BEATS EXPECTATIONS.</title>
<headline>UNIBANKA AUCTION PRICE BEATS EXPECTATIONS.</headline>
<dateline>RIGA 1997-07-28</dateline>
<text>
<p>The auction price for the one million shares in Unibanka was higher than most people expected and the share package was shared between a couple of big investors, dealers said on Monday.</p>
<p>The shares were sold at 3.22 lats and dealers said they expected the price to return to the level of 3.30 lats, where it was at before the auction was announced.</p>
<p>Immediately after the auction was announced, Unibanka's shares slid as low as 3.10 lats.</p>
<p>&quot;Most of the market had expected a lower (auction) price of 3.10 to 3.15 lats per share,&quot; Edgars Stalbovs, a dealer with Baltic Transit Bank, told Reuters.</p>
<p>Others saw interest for bigger packages of Unibanka behind the higher price.</p>
<p>&quot;If one wants bigger chunks (of the shares) one has to pay above the bourse price, which today was 3.21 lats,&quot; said Roberts Idelsons, head of the Trasta Bank Securities department.</p>
<p>&quot;Unibanka's results are good enough to generate interest from big investors and today's auction had a couple of them taking part,&quot; he added.</p>
<p>The auction results are not going to influence Unibanka bourse showing significantly.</p>
<p>&quot;Once unclearness connected to the auction is gone Unibanka could return tol its pre-auction pricve level of 3.30 lats to 3.40 lats,&quot; Idelsons said.</p>
<p>-- Riga newsroom, +371 721 5240</p>
</text>
<copyright>(c) Reuters Limited 1997</copyright>
<metadata>
<codes class="bip:countries:1.0">
  <code code="LATV">
    <editdetail attribution="Reuters BIP Coding Group" action="confirmed" date="1997-07-28"/>
  </code>
</codes>
<codes class="bip:industries:1.0">
  <code code="I81402">
    <editdetail attribution="Reuters BIP Coding Group" action="confirmed" date="1997-07-28"/>
  </code>
</codes>
<codes class="bip:topics:1.0">
  <code code="C17">
    <editdetail attribution="Reuters BIP Coding Group" action="confirmed" date="1997-07-28"/>
  </code>
  <code code="C171">
    <editdetail attribution="Reuters BIP Coding Group" action="confirmed" date="1997-07-28"/>
  </code>
  <code code="CCAT">
    <editdetail attribution="Reuters BIP Coding Group" action="confirmed" date="1997-07-28"/>
  </code>
</codes>
<dc element="dc.date.created" value="1997-07-28"/>
<dc element="dc.publisher" value="Reuters Holdings Plc"/>
<dc element="dc.date.published" value="1997-07-28"/>
<dc element="dc.source" value="Reuters"/>
<dc element="dc.creator.location" value="RIGA"/>
<dc element="dc.creator.location.country.name" value="LATVIA"/>
<dc element="dc.source" value="Reuters"/>
</metadata>
</newsitem>
