<?xml version="1.0" encoding="iso-8859-1" ?>
<newsitem itemid="759188" id="root" date="1997-07-28" xml:lang="en">
<title>LATVIA: VISA-FREE TRAVEL AGREEMENT SIGNED WITH FINLAND.</title>
<headline>VISA-FREE TRAVEL AGREEMENT SIGNED WITH FINLAND.</headline>
<dateline>RIGA 1997-07-28</dateline>
<text>
<p>Latvian Foreign Minister Valdis Birkavs and his Finnish counterpart Tarja Halonena signed an agreement on visa-free travel between the two states on Monday.</p>
<p>Halonena told reporters after the signing that the agreement would benefit both countries and would lead to increased trade and commerce between the two states.</p>
<p>She added that Finland staunchly supported Latvia's bid for European Union membership and was certain that both Latvia and Lithuania would soon be added to the list of states selected for EU entry talks.</p>
<p>The European Commission earlier this month announced that five Eastern European states, including Estonia, were ready to begin membership negotiations with the EU. Latvia and Lithuania were exlcuded.</p>
<p>&quot;We are optimistic that Latvia and Lithuania will also be included on the list soon,&quot; Halonena said.</p>
<p>-- Ed Stoddard, Riga newsroom +371 722 66 93</p>
</text>
<copyright>(c) Reuters Limited 1997</copyright>
<metadata>
<codes class="bip:countries:1.0">
  <code code="EEC">
    <editdetail attribution="Reuters BIP Coding Group" action="confirmed" date="1997-07-28"/>
  </code>
  <code code="ESTNIA">
    <editdetail attribution="Reuters BIP Coding Group" action="confirmed" date="1997-07-28"/>
  </code>
  <code code="FIN">
    <editdetail attribution="Reuters BIP Coding Group" action="confirmed" date="1997-07-28"/>
  </code>
  <code code="LATV">
    <editdetail attribution="Reuters BIP Coding Group" action="confirmed" date="1997-07-28"/>
  </code>
  <code code="LITH">
    <editdetail attribution="Reuters BIP Coding Group" action="confirmed" date="1997-07-28"/>
  </code>
</codes>
<codes class="bip:topics:1.0">
  <code code="E51">
    <editdetail attribution="Reuters BIP Coding Group" action="confirmed" date="1997-07-28"/>
  </code>
  <code code="E512">
    <editdetail attribution="Reuters BIP Coding Group" action="confirmed" date="1997-07-28"/>
  </code>
  <code code="ECAT">
    <editdetail attribution="Reuters BIP Coding Group" action="confirmed" date="1997-07-28"/>
  </code>
  <code code="G15">
    <editdetail attribution="Reuters BIP Coding Group" action="confirmed" date="1997-07-28"/>
  </code>
  <code code="G158">
    <editdetail attribution="Reuters BIP Coding Group" action="confirmed" date="1997-07-28"/>
  </code>
  <code code="GCAT">
    <editdetail attribution="Reuters BIP Coding Group" action="confirmed" date="1997-07-28"/>
  </code>
  <code code="GDIP">
    <editdetail attribution="Reuters BIP Coding Group" action="confirmed" date="1997-07-28"/>
  </code>
</codes>
<dc element="dc.date.created" value="1997-07-28"/>
<dc element="dc.publisher" value="Reuters Holdings Plc"/>
<dc element="dc.date.published" value="1997-07-28"/>
<dc element="dc.source" value="Reuters"/>
<dc element="dc.creator.location" value="RIGA"/>
<dc element="dc.creator.location.country.name" value="LATVIA"/>
<dc element="dc.source" value="Reuters"/>
</metadata>
</newsitem>
