<?xml version="1.0" encoding="iso-8859-1" ?>
<newsitem itemid="759198" id="root" date="1997-07-28" xml:lang="en">
<title>LATVIA: LATVIA-PARTIES PICK KRASTS AS NEW PRIME MINISTER.</title>
<headline>LATVIA-PARTIES PICK KRASTS AS NEW PRIME MINISTER.</headline>
<dateline>RIGA 1997-07-28</dateline>
<text>
<p>Latvia's three largest political parties on Monday decided to nominate Economy Minister Guntar Krasts as new prime minister, officials said.</p>
<p>&quot;Of all candidates he (Krasts) was the best,&quot; said Indulis Berzinsh, leading member of second-largest party, Latvia's Way. Krasts will replace outgoing premier Andris Shkele, forced to resign last week after a string of ministerial resignations amid corruption scandals.  </p>
<p>Shkele was also involved in increasingly bitter rows with the seven parties that formed his government, making his position untenable.</p>
<p>Krasts, 39, is a member of third-largest party in parliament, nationalist group For Fatherland and Freedom.</p>
<p>He is seen as something of a technocrat and is untested as a political leader. He has been economy minister since late 1995, when Shkele first came to power.</p>
<p>Shkele, a no-nonsense businessman, was credited with giving a big push to the reforms Latvia launched after quitting the former Soviet Union in 1991.</p>
<p>His main achievements were seen as speeding privatisation and getting state finances in order by forcing through balanced budgets.</p>
<p>-- Patrick Lannin, Riga newsroom, +371 721 5240</p>
</text>
<copyright>(c) Reuters Limited 1997</copyright>
<metadata>
<codes class="bip:countries:1.0">
  <code code="LATV">
    <editdetail attribution="Reuters BIP Coding Group" action="confirmed" date="1997-07-28"/>
  </code>
</codes>
<codes class="bip:topics:1.0">
  <code code="GCAT">
    <editdetail attribution="Reuters BIP Coding Group" action="confirmed" date="1997-07-28"/>
  </code>
  <code code="GPOL">
    <editdetail attribution="Reuters BIP Coding Group" action="confirmed" date="1997-07-28"/>
  </code>
</codes>
<dc element="dc.date.created" value="1997-07-28"/>
<dc element="dc.publisher" value="Reuters Holdings Plc"/>
<dc element="dc.date.published" value="1997-07-28"/>
<dc element="dc.source" value="Reuters"/>
<dc element="dc.creator.location" value="RIGA"/>
<dc element="dc.creator.location.country.name" value="LATVIA"/>
<dc element="dc.source" value="Reuters"/>
</metadata>
</newsitem>
