<?xml version="1.0" encoding="iso-8859-1" ?>
<newsitem itemid="759165" id="root" date="1997-07-28" xml:lang="en">
<title>LATVIA: LATVIA-STRUZHANI H1 LOSS 12,835 LATS.</title>
<headline>LATVIA-STRUZHANI H1 LOSS 12,835 LATS.</headline>
<dateline>RIGA 1997-07-28</dateline>
<text>
<p>Struzhani Peat made a first-half net loss of 12,835 lats on net turnover of 65,751 lats, the stock exchange said on Monday.</p>
<p>The company had gross profit of 4,237 lats but was pushed into a loss by administrative expenses of 11,756 lats.</p>
<p>The company's assets at the end of the first half were 610,740 lats.</p>
<p>-- Riga newsroom, +371 721 5240</p>
</text>
<copyright>(c) Reuters Limited 1997</copyright>
<metadata>
<codes class="bip:countries:1.0">
  <code code="LATV">
    <editdetail attribution="Reuters BIP Coding Group" action="confirmed" date="1997-07-28"/>
  </code>
</codes>
<codes class="bip:industries:1.0">
  <code code="I24500">
    <editdetail attribution="Reuters BIP Coding Group" action="confirmed" date="1997-07-28"/>
  </code>
</codes>
<codes class="bip:topics:1.0">
  <code code="C15">
    <editdetail attribution="Reuters BIP Coding Group" action="confirmed" date="1997-07-28"/>
  </code>
  <code code="C151">
    <editdetail attribution="Reuters BIP Coding Group" action="confirmed" date="1997-07-28"/>
  </code>
  <code code="CCAT">
    <editdetail attribution="Reuters BIP Coding Group" action="confirmed" date="1997-07-28"/>
  </code>
</codes>
<dc element="dc.date.created" value="1997-07-28"/>
<dc element="dc.publisher" value="Reuters Holdings Plc"/>
<dc element="dc.date.published" value="1997-07-28"/>
<dc element="dc.source" value="Reuters"/>
<dc element="dc.creator.location" value="RIGA"/>
<dc element="dc.creator.location.country.name" value="LATVIA"/>
<dc element="dc.source" value="Reuters"/>
</metadata>
</newsitem>
