<?xml version="1.0" encoding="iso-8859-1" ?>
<newsitem itemid="759133" id="root" date="1997-07-28" xml:lang="en">
<title>ZIMBABWE: ZIMBABWE DOLLAR ENDS MONDAY WEAKER ON U.S. UNIT.</title>
<headline>ZIMBABWE DOLLAR ENDS MONDAY WEAKER ON U.S. UNIT.</headline>
<dateline>HARARE 1997-07-28</dateline>
<text>
<p>The Zimbabwe dollar ended Monday's interbank session weaker against the key U.S. dollar on the back of continued import pressure coupled with a panic wave evoked by a Reserve Bank statement last Friday that the local unit was overvalued.</p>
<p>&quot;We've seen a bit of volatility on the market especially after the governor's statement,&quot; one dealer commented.</p>
<p>&quot;It (also) looks like the market is still very short. We saw orders (bids) as high as 11.65 (for U.S. dollars) and all banks are quoting wide spreads ranging from 10 to 20 points,&quot; another dealer said.</p>
<p>&quot;No one can afford to lose U.S. dollars right now so they are all quoting high to protect their offer side,&quot; he added.</p>
<p>In an interview with the private-owned Financial Gazette newspaper published on Friday, Reserve Bank governor Leonard Tsumba said the Zimbabwe dollar was overvalued by five percent and hinted the bank would allow it to depreciate further in order to maintain export competivemess. </p>
<p>Dealers said this created havoc in a market already left short by a large import payment which went out last Wednesday.</p>
<p>On Monday, the local unit closed at 11.5200/6500 on the U.S. dollar from Friday's 11.4900/6000 but was firmer on sterling at 18.9320/9690 compared to 19.1990/20.3500 because of a stronger U.S. dollar overseas.</p>
<p>It was at 6.2440/2565 from 6.3125/3165 against the mark and at 2.5200/5275 versus the rand, slightly up from 2.5360/5395.</p>
<p>--Stella Mapenzauswa, Harare Newsroom: +263-4 72 52 27/8/9--</p>
</text>
<copyright>(c) Reuters Limited 1997</copyright>
<metadata>
<codes class="bip:countries:1.0">
  <code code="ZIMBAB">
    <editdetail attribution="Reuters BIP Coding Group" action="confirmed" date="1997-07-28"/>
  </code>
</codes>
<codes class="bip:topics:1.0">
  <code code="M13">
    <editdetail attribution="Reuters BIP Coding Group" action="confirmed" date="1997-07-28"/>
  </code>
  <code code="M132">
    <editdetail attribution="Reuters BIP Coding Group" action="confirmed" date="1997-07-28"/>
  </code>
  <code code="MCAT">
    <editdetail attribution="Reuters BIP Coding Group" action="confirmed" date="1997-07-28"/>
  </code>
</codes>
<dc element="dc.date.created" value="1997-07-28"/>
<dc element="dc.publisher" value="Reuters Holdings Plc"/>
<dc element="dc.date.published" value="1997-07-28"/>
<dc element="dc.source" value="Reuters"/>
<dc element="dc.creator.location" value="HARARE"/>
<dc element="dc.creator.location.country.name" value="ZIMBABWE"/>
<dc element="dc.source" value="Reuters"/>
</metadata>
</newsitem>
