<?xml version="1.0" encoding="iso-8859-1" ?>
<newsitem itemid="759153" id="root" date="1997-07-28" xml:lang="en">
<title>LATVIA: LATVIA NOON RADIO HEADLINES - JULY 28.</title>
<headline>LATVIA NOON RADIO HEADLINES - JULY 28.</headline>
<dateline>RIGA 1997-07-28</dateline>
<text>
<p>These are the main headlines reported by Radio Latvia on Monday at noon. Reuters has not verified these reports and cannot vouch for their accuracy.</p>
<p>- President Guntis Ulmanis accepted the resignation of Prime Minister Andris Shkele and his government.</p>
<p>- Three leading parties, Latvia's Way, Democratic Party Saimnieks and Fatherland &amp; Freedom/LNNK named Economy Minister Guntar Krasts as new premier.</p>
<p>- Krasts said the new government may be nominated next week, with a largely unchanged line-up.</p>
<p>- Latvia and Finland signed a visa-free travel agreement and expects to sign a similar document with Sweden in August.</p>
<p>-- Riga newsroom, +371 721 5240</p>
</text>
<copyright>(c) Reuters Limited 1997</copyright>
<metadata>
<codes class="bip:countries:1.0">
  <code code="LATV">
    <editdetail attribution="Reuters BIP Coding Group" action="confirmed" date="1997-07-28"/>
  </code>
</codes>
<codes class="bip:topics:1.0">
  <code code="GCAT">
    <editdetail attribution="Reuters BIP Coding Group" action="confirmed" date="1997-07-28"/>
  </code>
</codes>
<dc element="dc.date.created" value="1997-07-28"/>
<dc element="dc.publisher" value="Reuters Holdings Plc"/>
<dc element="dc.date.published" value="1997-07-28"/>
<dc element="dc.source" value="Reuters"/>
<dc element="dc.creator.location" value="RIGA"/>
<dc element="dc.creator.location.country.name" value="LATVIA"/>
<dc element="dc.source" value="Reuters"/>
</metadata>
</newsitem>
