<?xml version="1.0" encoding="iso-8859-1" ?>
<newsitem itemid="759244" id="root" date="1997-07-28" xml:lang="en">
<title>UK: Greenpeace abandons Rockall as UK cedes claim.</title>
<headline>Greenpeace abandons Rockall as UK cedes claim.</headline>
<dateline>LONDON 1997-07-28</dateline>
<text>
<p>Greenpeace called off its occupation of the tiny, barren Atlantic island of Rockall on Monday after Britain gave up its territorial claim to the outcrop.</p>
<p>The environmental pressure group successfully lifted off two activists who had spent 48 days in a &quot;solar survival capsule&quot; lashed to the storm-tossed rock.</p>
<p>Greenpeace claimed a partial victory in its bid to halt oil and gas exploration in the surrounding region of the Atlantic Ocean which it says will add to global warming.</p>
<p>Britain ceded its territorial claim to a vast area of sea covering 60,000 square miles lying beyond Rockall last week when the government signed a new U.N. treaty which forbids the use of uninhabited rocks as the basis for sovereignty claims.</p>
<p>James Hunt of the U.K. Oil Operators Association, which represents 40 oil companies operating off Britain's coasts, said oil and gas concessions could still be awarded in the area.</p>
<p>&quot;We still have high hopes that this area can still be licensed even though Britain has given up its claim to ownership of the seabed there,&quot; he said.</p>
<p>&quot;The key point is that undersea exploration for minerals, including oil and gas, does not depend on territory,&quot; he told reporters.</p>
<p>&quot;Rather it depends on a judgement as to whether the geology of the sub sea rock is the same as that under the nearest territorial sea,&quot; he added. &quot;We believe we have a good case for saying that it does.&quot;</p>
<p>Possession of Rockall, situated about 300 miles from the Scottish mainland, has been disputed by Britain, Ireland, Iceland and Denmark.</p>
</text>
<copyright>(c) Reuters Limited 1997</copyright>
<metadata>
<codes class="bip:countries:1.0">
  <code code="UK">
    <editdetail attribution="Reuters BIP Coding Group" action="confirmed" date="1997-07-28"/>
  </code>
</codes>
<codes class="bip:industries:1.0">
  <code code="I13000">
    <editdetail attribution="Reuters BIP Coding Group" action="confirmed" date="1997-07-28"/>
  </code>
</codes>
<codes class="bip:topics:1.0">
  <code code="C13">
    <editdetail attribution="Reuters BIP Coding Group" action="confirmed" date="1997-07-28"/>
  </code>
  <code code="C24">
    <editdetail attribution="Reuters BIP Coding Group" action="confirmed" date="1997-07-28"/>
  </code>
  <code code="CCAT">
    <editdetail attribution="Reuters BIP Coding Group" action="confirmed" date="1997-07-28"/>
  </code>
  <code code="GCAT">
    <editdetail attribution="Reuters BIP Coding Group" action="confirmed" date="1997-07-28"/>
  </code>
  <code code="GENV">
    <editdetail attribution="Reuters BIP Coding Group" action="confirmed" date="1997-07-28"/>
  </code>
</codes>
<dc element="dc.date.created" value="1997-07-28"/>
<dc element="dc.publisher" value="Reuters Holdings Plc"/>
<dc element="dc.date.published" value="1997-07-28"/>
<dc element="dc.source" value="Reuters"/>
<dc element="dc.creator.location" value="LONDON"/>
<dc element="dc.creator.location.country.name" value="UK"/>
<dc element="dc.source" value="Reuters"/>
</metadata>
</newsitem>
